series,x,y,x_uncertainty,y_uncertainty,pixel_x,pixel_y,pixel_half_width,pixel_half_height,center_localization_half_width_px,support_pixels,marker_shape,evidence_status,segment_break,status,candidate_id,guide_residual_px,reviewed_by,review_decision,review_reason,evidence_segment_break,curve_topology,curve_segment,curve_order,data_id,data_provenance,topology_provenance,source_candidate_count,retained_residual_candidate_count,derived_coordinate_count
test-0deg,0.00034782608695651737,4.782783093540104,8.695652173913021e-05,0.14095799206918969,129.0,529.5,2.0,6.5,0.5,54,square,visible_marker_support,True,visible_candidate,line-test-0deg-000001,,"example-reviewer",accepted,,True,continuous,0,0,curve-test-0deg-000001,reviewed_visible_observation,confirmed_continuous_curve,,,
test-0deg,0.0033043478260869515,16.482296435281768,8.695652173913021e-05,0.14095799206918969,146.0,488.0,6.5,8.5,0.5,91,square,visible_marker_support,False,visible_candidate,line-test-0deg-000002,,"example-reviewer",accepted,,False,continuous,0,1,curve-test-0deg-000002,reviewed_visible_observation,confirmed_continuous_curve,,,
test-0deg,0.010086956521739118,55.668618230512905,8.695652173913021e-05,0.14095799206917548,185.0,349.0,3.5,8.0,0.5,100,square,visible_marker_support,False,visible_candidate,line-test-0deg-000003,,"example-reviewer",accepted,,False,continuous,0,2,curve-test-0deg-000003,reviewed_visible_observation,confirmed_continuous_curve,,,
test-0deg,0.013391304347826073,74.27507318364424,8.695652173913021e-05,0.14095799206917548,204.0,283.0,3.5,7.5,0.5,65,square,visible_marker_support,False,visible_candidate,line-test-0deg-000004,,"example-reviewer",accepted,,False,continuous,0,3,curve-test-0deg-000004,reviewed_visible_observation,confirmed_continuous_curve,,,
test-0deg,0.015130434782608684,82.73255270779485,8.695652173913021e-05,0.14095799206918969,214.0,253.0,3.5,6.0,0.5,51,square,visible_marker_support,False,visible_candidate,line-test-0deg-000005,,"example-reviewer",accepted,,False,continuous,0,4,curve-test-0deg-000005,reviewed_visible_observation,confirmed_continuous_curve,,,
test-0deg,0.0234782608695652,99.64751175609607,8.695652173913021e-05,0.14095799206918969,262.0,193.0,6.5,8.5,0.5,69,square,visible_marker_support,False,visible_candidate,line-test-0deg-000006,,"example-reviewer",accepted,,False,continuous,0,5,curve-test-0deg-000006,reviewed_visible_observation,confirmed_continuous_curve,,,
test-0deg,0.02565217391304346,105.00391545472476,8.695652173913021e-05,0.14095799206918969,274.5,174.0,3.5,7.0,0.5,48,square,visible_marker_support,False,visible_candidate,line-test-0deg-000007,,"example-reviewer",accepted,,False,continuous,0,6,curve-test-0deg-000007,reviewed_visible_observation,confirmed_continuous_curve,,,
test-0deg,0.028608695652173895,111.4879830899069,8.695652173913021e-05,0.14095799206917548,291.5,151.0,1.5,3.5,0.5,22,square,visible_marker_support,False,visible_candidate,line-test-0deg-000008,,"example-reviewer",accepted,,False,continuous,0,7,curve-test-0deg-000008,reviewed_visible_observation,confirmed_continuous_curve,,,
test-0deg,0.03199999999999998,117.12630277267397,8.695652173913021e-05,0.14095799206918969,311.0,131.0,1.5,3.0,0.5,21,square,visible_marker_support,False,visible_candidate,line-test-0deg-000009,,"example-reviewer",accepted,,False,continuous,0,8,curve-test-0deg-000009,reviewed_visible_observation,confirmed_continuous_curve,,,
test-0deg,0.047652173913043445,124.45611836027116,8.695652173913715e-05,0.14095799206917548,401.0,105.0,6.0,8.0,0.5,163,square,visible_marker_support,False,visible_candidate,line-test-0deg-000010,,"example-reviewer",accepted,,False,continuous,0,9,curve-test-0deg-000010,reviewed_visible_observation,confirmed_continuous_curve,,,
mfh-0deg,0.00034782608695651737,3.8082717538722477,8.695652173913021e-05,0.14095799206918969,129.0,532.9567438332606,,,,,,,True,,,,"example-reviewer",derived_from_reviewed_observations,,,continuous,0,0,curve-mfh-0deg-000001,derived_guide_constrained_curve_data,confirmed_continuous_curve,164,138,290
mfh-0deg,0.0005217391304347778,4.613573477926764,8.695652173913021e-05,0.14095799206918969,130.0,530.1002129185066,,,,,,,False,,,,"example-reviewer",derived_from_reviewed_observations,,,continuous,0,1,curve-mfh-0deg-000002,derived_guide_constrained_curve_data,confirmed_continuous_curve,164,138,290
mfh-0deg,0.0006956521739130382,5.399948372164772,8.695652173913021e-05,0.14095799206918969,131.0,527.3108184234003,,,,,,,False,,,,"example-reviewer",derived_from_reviewed_observations,,,continuous,0,2,curve-mfh-0deg-000003,derived_guide_constrained_curve_data,confirmed_continuous_curve,164,138,290
mfh-0deg,0.0008695652173912986,6.194692052861853,8.695652173913021e-05,0.14095799206918969,132.0,524.4917385364398,,,,,,,False,,,,"example-reviewer",derived_from_reviewed_observations,,,continuous,0,3,curve-mfh-0deg-000004,derived_guide_constrained_curve_data,confirmed_continuous_curve,164,138,290
mfh-0deg,0.0010434782608695625,6.984795274860176,8.695652173913368e-05,0.14095799206918969,133.0,521.689119080813,,,,,,,False,,,,"example-reviewer",derived_from_reviewed_observations,,,continuous,0,4,curve-mfh-0deg-000005,derived_guide_constrained_curve_data,confirmed_continuous_curve,164,138,290
mfh-0deg,0.001217391304347823,7.770642214261528,8.695652173913021e-05,0.14095799206918969,134.0,518.9015973239208,,,,,,,False,,,,"example-reviewer",derived_from_reviewed_observations,,,continuous,0,5,curve-mfh-0deg-000006,derived_guide_constrained_curve_data,confirmed_continuous_curve,164,138,290
mfh-0deg,0.0013913043478260834,8.579435039100417,8.695652173913021e-05,0.14095799206918969,135.0,516.0326829297587,,,,,,,False,,,,"example-reviewer",derived_from_reviewed_observations,,,continuous,0,6,curve-mfh-0deg-000007,derived_guide_constrained_curve_data,confirmed_continuous_curve,164,138,290
mfh-0deg,0.0015652173913043438,9.398427328858503,8.695652173913021e-05,0.14095799206918969,136.0,513.1275894414939,,,,,,,False,,,,"example-reviewer",derived_from_reviewed_observations,,,continuous,0,7,curve-mfh-0deg-000008,derived_guide_constrained_curve_data,confirmed_continuous_curve,164,138,290
mfh-0deg,0.0017391304347826042,10.228547700044999,8.695652173913021e-05,0.14095799206918969,137.0,510.18302291142055,,,,,,,False,,,,"example-reviewer",derived_from_reviewed_observations,,,continuous,0,8,curve-mfh-0deg-000009,derived_guide_constrained_curve_data,confirmed_continuous_curve,164,138,290
mfh-0deg,0.0019130434782608646,11.057157063413968,8.695652173913021e-05,0.14095799206918969,138.0,507.24381616192915,,,,,,,False,,,,"example-reviewer",derived_from_reviewed_observations,,,continuous,0,9,curve-mfh-0deg-000010,derived_guide_constrained_curve_data,confirmed_continuous_curve,164,138,290
mfh-0deg,0.002086956521739125,11.884897765310882,8.695652173913021e-05,0.14095799206918969,139.0,504.30769069026843,,,,,,,False,,,,"example-reviewer",derived_from_reviewed_observations,,,continuous,0,10,curve-mfh-0deg-000011,derived_guide_constrained_curve_data,confirmed_continuous_curve,164,138,290
mfh-0deg,0.0022608695652173855,12.725693587672481,8.695652173913021e-05,0.14095799206918969,140.0,501.32525666854593,,,,,,,False,,,,"example-reviewer",derived_from_reviewed_observations,,,continuous,0,11,curve-mfh-0deg-000012,derived_guide_constrained_curve_data,confirmed_continuous_curve,164,138,290
mfh-0deg,0.002434782608695646,13.609188981493872,8.695652173913021e-05,0.14095799206918969,141.0,498.1913606018802,,,,,,,False,,,,"example-reviewer",derived_from_reviewed_observations,,,continuous,0,12,curve-mfh-0deg-000013,derived_guide_constrained_curve_data,confirmed_continuous_curve,164,138,290
mfh-0deg,0.0026086956521739063,14.575735619101948,8.695652173913021e-05,0.14095799206918969,142.0,494.7628688100358,,,,,,,False,,,,"example-reviewer",derived_from_reviewed_observations,,,continuous,0,13,curve-mfh-0deg-000014,derived_guide_constrained_curve_data,confirmed_continuous_curve,164,138,290
mfh-0deg,0.00278260869565217,15.495466326466698,8.695652173913368e-05,0.14095799206918969,143.0,491.5004404302623,,,,,,,False,,,,"example-reviewer",derived_from_reviewed_observations,,,continuous,0,14,curve-mfh-0deg-000015,derived_guide_constrained_curve_data,confirmed_continuous_curve,164,138,290
mfh-0deg,0.0029565217391304306,16.40858148654371,8.695652173913021e-05,0.14095799206918969,144.0,488.26147842933904,,,,,,,False,,,,"example-reviewer",derived_from_reviewed_observations,,,continuous,0,15,curve-mfh-0deg-000016,derived_guide_constrained_curve_data,confirmed_continuous_curve,164,138,290
mfh-0deg,0.003130434782608691,17.288015493840163,8.695652173913021e-05,0.14095799206918969,145.0,485.14198873461896,,,,,,,False,,,,"example-reviewer",derived_from_reviewed_observations,,,continuous,0,16,curve-mfh-0deg-000017,derived_guide_constrained_curve_data,confirmed_continuous_curve,164,138,290
mfh-0deg,0.0033043478260869515,18.188512716288642,8.695652173913021e-05,0.14095799206918969,146.0,481.9477845279978,,,,,,,False,,,,"example-reviewer",derived_from_reviewed_observations,,,continuous,0,17,curve-mfh-0deg-000018,derived_guide_constrained_curve_data,confirmed_continuous_curve,164,138,290
mfh-0deg,0.003478260869565212,19.0902526840502,8.695652173913021e-05,0.14095799206918969,147.0,478.74917210977105,,,,,,,False,,,,"example-reviewer",derived_from_reviewed_observations,,,continuous,0,18,curve-mfh-0deg-000019,derived_guide_constrained_curve_data,confirmed_continuous_curve,164,138,290
mfh-0deg,0.0036521739130434723,19.981568571782958,8.695652173913021e-05,0.14095799206918969,148.0,475.5875355305009,,,,,,,False,,,,"example-reviewer",derived_from_reviewed_observations,,,continuous,0,19,curve-mfh-0deg-000020,derived_guide_constrained_curve_data,confirmed_continuous_curve,164,138,290
mfh-0deg,0.0038260869565217327,20.877255658673818,8.695652173913021e-05,0.14095799206918969,149.0,472.4103936255166,,,,,,,False,,,,"example-reviewer",derived_from_reviewed_observations,,,continuous,0,20,curve-mfh-0deg-000021,derived_guide_constrained_curve_data,confirmed_continuous_curve,164,138,290
mfh-0deg,0.003999999999999993,21.79192401471866,8.695652173913021e-05,0.14095799206918969,150.0,469.16592219605707,,,,,,,False,,,,"example-reviewer",derived_from_reviewed_observations,,,continuous,0,21,curve-mfh-0deg-000022,derived_guide_constrained_curve_data,confirmed_continuous_curve,164,138,290
mfh-0deg,0.0041739130434782536,22.71352532433812,8.695652173913021e-05,0.14095799206918969,151.0,465.8968584981038,,,,,,,False,,,,"example-reviewer",derived_from_reviewed_observations,,,continuous,0,22,curve-mfh-0deg-000023,derived_guide_constrained_curve_data,confirmed_continuous_curve,164,138,290
mfh-0deg,0.004347826086956514,23.670475739744177,8.695652173913021e-05,0.14095799206918969,152.0,462.5024060042842,,,,,,,False,,,,"example-reviewer",derived_from_reviewed_observations,,,continuous,0,23,curve-mfh-0deg-000024,derived_guide_constrained_curve_data,confirmed_continuous_curve,164,138,290
mfh-0deg,0.004521739130434778,24.63768388622708,8.695652173913368e-05,0.14095799206918969,153.0,459.07156773720584,,,,,,,False,,,,"example-reviewer",derived_from_reviewed_observations,,,continuous,0,24,curve-mfh-0deg-000025,derived_guide_constrained_curve_data,confirmed_continuous_curve,164,138,290
mfh-0deg,0.004695652173913038,25.630522856868367,8.695652173913021e-05,0.14095799206918969,154.0,455.54981293612286,,,,,,,False,,,,"example-reviewer",derived_from_reviewed_observations,,,continuous,0,25,curve-mfh-0deg-000026,derived_guide_constrained_curve_data,confirmed_continuous_curve,164,138,290
mfh-0deg,0.004869565217391299,26.624282788501176,8.695652173913021e-05,0.14095799206917548,155.0,452.02479134265013,,,,,,,False,,,,"example-reviewer",derived_from_reviewed_observations,,,continuous,0,26,curve-mfh-0deg-000027,derived_guide_constrained_curve_data,confirmed_continuous_curve,164,138,290
mfh-0deg,0.005043478260869559,27.594444573730087,8.695652173913021e-05,0.14095799206917548,156.0,448.5834760579063,,,,,,,False,,,,"example-reviewer",derived_from_reviewed_observations,,,continuous,0,27,curve-mfh-0deg-000028,derived_guide_constrained_curve_data,confirmed_continuous_curve,164,138,290
mfh-0deg,0.0052173913043478196,28.556597300070536,8.695652173913021e-05,0.14095799206918969,157.0,445.1705701551737,,,,,,,False,,,,"example-reviewer",derived_from_reviewed_observations,,,continuous,0,28,curve-mfh-0deg-000029,derived_guide_constrained_curve_data,confirmed_continuous_curve,164,138,290
mfh-0deg,0.00539130434782608,29.530932046636096,8.695652173913021e-05,0.14095799206918969,158.0,441.71445272521134,,,,,,,False,,,,"example-reviewer",derived_from_reviewed_observations,,,continuous,0,29,curve-mfh-0deg-000030,derived_guide_constrained_curve_data,confirmed_continuous_curve,164,138,290
mfh-0deg,0.00556521739130434,30.53952395121611,8.695652173913021e-05,0.14095799206917548,159.0,438.1368198085725,,,,,,,False,,,,"example-reviewer",derived_from_reviewed_observations,,,continuous,0,30,curve-mfh-0deg-000031,derived_guide_constrained_curve_data,confirmed_continuous_curve,164,138,290
mfh-0deg,0.005739130434782601,31.586928335852747,8.695652173913021e-05,0.14095799206918969,160.0,434.42151296693345,,,,,,,False,,,,"example-reviewer",derived_from_reviewed_observations,,,continuous,0,31,curve-mfh-0deg-000032,derived_guide_constrained_curve_data,confirmed_continuous_curve,164,138,290
mfh-0deg,0.005913043478260861,32.65652382278297,8.695652173913021e-05,0.14095799206917548,161.0,430.6274908216502,,,,,,,False,,,,"example-reviewer",derived_from_reviewed_observations,,,continuous,0,32,curve-mfh-0deg-000033,derived_guide_constrained_curve_data,confirmed_continuous_curve,164,138,290
mfh-0deg,0.006086956521739122,33.7721058813454,8.695652173913368e-05,0.14095799206917548,162.0,426.67034712874437,,,,,,,False,,,,"example-reviewer",derived_from_reviewed_observations,,,continuous,0,33,curve-mfh-0deg-000034,derived_guide_constrained_curve_data,confirmed_continuous_curve,164,138,290
mfh-0deg,0.0062608695652173856,34.896453050352775,8.695652173913021e-05,0.14095799206917548,163.0,422.68211222094436,,,,,,,False,,,,"example-reviewer",derived_from_reviewed_observations,,,continuous,0,34,curve-mfh-0deg-000035,derived_guide_constrained_curve_data,confirmed_continuous_curve,164,138,290
mfh-0deg,0.006434782608695646,36.06707163998088,8.695652173913021e-05,0.14095799206917548,164.0,418.52974536169734,,,,,,,False,,,,"example-reviewer",derived_from_reviewed_observations,,,continuous,0,35,curve-mfh-0deg-000036,derived_guide_constrained_curve_data,confirmed_continuous_curve,164,138,290
mfh-0deg,0.006608695652173906,37.241063671447876,8.695652173913021e-05,0.14095799206917548,165.0,414.36541237768733,,,,,,,False,,,,"example-reviewer",derived_from_reviewed_observations,,,continuous,0,36,curve-mfh-0deg-000037,derived_guide_constrained_curve_data,confirmed_continuous_curve,164,138,290
mfh-0deg,0.006782608695652167,38.44279715442016,8.695652173913021e-05,0.14095799206917548,166.0,410.1026761350253,,,,,,,False,,,,"example-reviewer",derived_from_reviewed_observations,,,continuous,0,37,curve-mfh-0deg-000038,derived_guide_constrained_curve_data,confirmed_continuous_curve,164,138,290
mfh-0deg,0.006956521739130427,39.65650952162632,8.695652173913021e-05,0.14095799206917548,167.0,405.79744892020193,,,,,,,False,,,,"example-reviewer",derived_from_reviewed_observations,,,continuous,0,38,curve-mfh-0deg-000039,derived_guide_constrained_curve_data,confirmed_continuous_curve,164,138,290
mfh-0deg,0.007130434782608688,40.89343048222331,8.695652173913021e-05,0.14095799206917548,168.0,401.4098972019923,,,,,,,False,,,,"example-reviewer",derived_from_reviewed_observations,,,continuous,0,39,curve-mfh-0deg-000040,derived_guide_constrained_curve_data,confirmed_continuous_curve,164,138,290
mfh-0deg,0.007304347826086948,42.151508309776915,8.695652173913021e-05,0.14095799206917548,169.0,396.94729877431257,,,,,,,False,,,,"example-reviewer",derived_from_reviewed_observations,,,continuous,0,40,curve-mfh-0deg-000041,derived_guide_constrained_curve_data,confirmed_continuous_curve,164,138,290
mfh-0deg,0.0074782608695652085,43.42910946408401,8.695652173913021e-05,0.14095799206918969,170.0,392.41544805924246,,,,,,,False,,,,"example-reviewer",derived_from_reviewed_observations,,,continuous,0,41,curve-mfh-0deg-000042,derived_guide_constrained_curve_data,confirmed_continuous_curve,164,138,290
mfh-0deg,0.007652173913043469,44.71139219287312,8.695652173913021e-05,0.14095799206917548,171.0,387.8669910687377,,,,,,,False,,,,"example-reviewer",derived_from_reviewed_observations,,,continuous,0,42,curve-mfh-0deg-000043,derived_guide_constrained_curve_data,confirmed_continuous_curve,164,138,290
mfh-0deg,0.00782608695652173,46.01020427886152,8.695652173913368e-05,0.14095799206917548,172.0,383.25990186818,,,,,,,False,,,,"example-reviewer",derived_from_reviewed_observations,,,continuous,0,43,curve-mfh-0deg-000044,derived_guide_constrained_curve_data,confirmed_continuous_curve,164,138,290
mfh-0deg,0.007999999999999993,47.29696018638893,8.695652173913021e-05,0.14095799206917548,173.0,378.6955778144722,,,,,,,False,,,,"example-reviewer",derived_from_reviewed_observations,,,continuous,0,44,curve-mfh-0deg-000045,derived_guide_constrained_curve_data,confirmed_continuous_curve,164,138,290
mfh-0deg,0.008173913043478254,48.56976391478379,8.695652173913021e-05,0.14095799206917548,174.0,374.18074431794287,,,,,,,False,,,,"example-reviewer",derived_from_reviewed_observations,,,continuous,0,45,curve-mfh-0deg-000046,derived_guide_constrained_curve_data,confirmed_continuous_curve,164,138,290
mfh-0deg,0.008347826086956514,49.82655985701682,8.695652173913021e-05,0.14095799206917548,175.0,369.72269293758467,,,,,,,False,,,,"example-reviewer",derived_from_reviewed_observations,,,continuous,0,46,curve-mfh-0deg-000047,derived_guide_constrained_curve_data,confirmed_continuous_curve,164,138,290
mfh-0deg,0.008521739130434774,51.091981941047436,8.695652173913021e-05,0.14095799206917548,176.0,365.2340432858161,,,,,,,False,,,,"example-reviewer",derived_from_reviewed_observations,,,continuous,0,47,curve-mfh-0deg-000048,derived_guide_constrained_curve_data,confirmed_continuous_curve,164,138,290
mfh-0deg,0.008695652173913035,52.363655347130845,8.695652173913021e-05,0.14095799206917548,177.0,360.7232192189575,,,,,,,False,,,,"example-reviewer",derived_from_reviewed_observations,,,continuous,0,48,curve-mfh-0deg-000049,derived_guide_constrained_curve_data,confirmed_continuous_curve,164,138,290
mfh-0deg,0.008869565217391295,53.63904564916439,8.695652173913021e-05,0.14095799206917548,178.0,356.19921074199357,,,,,,,False,,,,"example-reviewer",derived_from_reviewed_observations,,,continuous,0,49,curve-mfh-0deg-000050,derived_guide_constrained_curve_data,confirmed_continuous_curve,164,138,290
mfh-0deg,0.009043478260869556,54.897341392419534,8.695652173913021e-05,0.14095799206917548,179.0,351.735839333306,,,,,,,False,,,,"example-reviewer",derived_from_reviewed_observations,,,continuous,0,50,curve-mfh-0deg-000051,derived_guide_constrained_curve_data,confirmed_continuous_curve,164,138,290
mfh-0deg,0.009217391304347816,56.135190843383256,8.695652173913021e-05,0.14095799206917548,180.0,347.3449941148375,,,,,,,False,,,,"example-reviewer",derived_from_reviewed_observations,,,continuous,0,51,curve-mfh-0deg-000052,derived_guide_constrained_curve_data,confirmed_continuous_curve,164,138,290
mfh-0deg,0.009391304347826077,57.3492422685424,8.695652173913021e-05,0.14095799206917548,181.0,343.03856420853134,,,,,,,False,,,,"example-reviewer",derived_from_reviewed_observations,,,continuous,0,52,curve-mfh-0deg-000053,derived_guide_constrained_curve_data,confirmed_continuous_curve,164,138,290
mfh-0deg,0.009565217391304337,58.5361439343839,8.695652173913021e-05,0.14095799206917548,182.0,338.8284387363303,,,,,,,False,,,,"example-reviewer",derived_from_reviewed_observations,,,continuous,0,53,curve-mfh-0deg-000054,derived_guide_constrained_curve_data,confirmed_continuous_curve,164,138,290
mfh-0deg,0.009739130434782597,59.69254410739464,8.695652173913021e-05,0.14095799206917548,183.0,334.7265068201775,,,,,,,False,,,,"example-reviewer",derived_from_reviewed_observations,,,continuous,0,54,curve-mfh-0deg-000055,derived_guide_constrained_curve_data,confirmed_continuous_curve,164,138,290
mfh-0deg,0.009913043478260858,60.80912826630309,8.695652173913021e-05,0.14095799206917548,184.0,330.7658085209265,,,,,,,False,,,,"example-reviewer",derived_from_reviewed_observations,,,continuous,0,55,curve-mfh-0deg-000056,derived_guide_constrained_curve_data,confirmed_continuous_curve,164,138,290
mfh-0deg,0.010086956521739118,61.88254467759624,8.695652173913021e-05,0.14095799206917548,185.0,326.95823296052,,,,,,,False,,,,"example-reviewer",derived_from_reviewed_observations,,,continuous,0,56,curve-mfh-0deg-000057,derived_guide_constrained_curve_data,confirmed_continuous_curve,164,138,290
mfh-0deg,0.010260869565217379,62.930088198137824,8.695652173913021e-05,0.14095799206917548,186.0,323.24243258210834,,,,,,,False,,,,"example-reviewer",derived_from_reviewed_observations,,,continuous,0,57,curve-mfh-0deg-000058,derived_guide_constrained_curve_data,confirmed_continuous_curve,164,138,290
mfh-0deg,0.010434782608695639,63.970931455856686,8.695652173913715e-05,0.14095799206917548,187.0,319.5503990817728,,,,,,,False,,,,"example-reviewer",derived_from_reviewed_observations,,,continuous,0,58,curve-mfh-0deg-000059,derived_guide_constrained_curve_data,confirmed_continuous_curve,164,138,290
mfh-0deg,0.010608695652173906,65.00453937383709,8.695652173913021e-05,0.14095799206917548,188.0,315.88403046085364,,,,,,,False,,,,"example-reviewer",derived_from_reviewed_observations,,,continuous,0,59,curve-mfh-0deg-000060,derived_guide_constrained_curve_data,confirmed_continuous_curve,164,138,290
mfh-0deg,0.010782608695652167,66.03037687516341,8.695652173913021e-05,0.14095799206917548,189.0,312.2452247206907,,,,,,,False,,,,"example-reviewer",derived_from_reviewed_observations,,,continuous,0,60,curve-mfh-0deg-000061,derived_guide_constrained_curve_data,confirmed_continuous_curve,164,138,290
mfh-0deg,0.010956521739130427,67.04790888291994,8.695652173913021e-05,0.14095799206918969,190.0,308.6358798626242,,,,,,,False,,,,"example-reviewer",derived_from_reviewed_observations,,,continuous,0,61,curve-mfh-0deg-000062,derived_guide_constrained_curve_data,confirmed_continuous_curve,164,138,290
mfh-0deg,0.011130434782608688,68.05660032019104,8.695652173913021e-05,0.14095799206917548,191.0,305.057893887994,,,,,,,False,,,,"example-reviewer",derived_from_reviewed_observations,,,continuous,0,62,curve-mfh-0deg-000063,derived_guide_constrained_curve_data,confirmed_continuous_curve,164,138,290
mfh-0deg,0.011304347826086948,69.055916110061,8.695652173913021e-05,0.14095799206917548,192.0,301.5131647981403,,,,,,,False,,,,"example-reviewer",derived_from_reviewed_observations,,,continuous,0,63,curve-mfh-0deg-000064,derived_guide_constrained_curve_data,confirmed_continuous_curve,164,138,290
mfh-0deg,0.011478260869565209,70.04532117561419,8.695652173913021e-05,0.14095799206918969,193.0,298.00359059440297,,,,,,,False,,,,"example-reviewer",derived_from_reviewed_observations,,,continuous,0,64,curve-mfh-0deg-000065,derived_guide_constrained_curve_data,confirmed_continuous_curve,164,138,290
mfh-0deg,0.011652173913043469,71.0242804399349,8.695652173913021e-05,0.14095799206917548,194.0,294.5310692781222,,,,,,,False,,,,"example-reviewer",derived_from_reviewed_observations,,,continuous,0,65,curve-mfh-0deg-000066,derived_guide_constrained_curve_data,confirmed_continuous_curve,164,138,290
mfh-0deg,0.01182608695652173,71.99225882610745,8.695652173913021e-05,0.14095799206917548,195.0,291.097498850638,,,,,,,False,,,,"example-reviewer",derived_from_reviewed_observations,,,continuous,0,66,curve-mfh-0deg-000067,derived_guide_constrained_curve_data,confirmed_continuous_curve,164,138,290
mfh-0deg,0.01199999999999999,72.94872125721615,8.695652173913021e-05,0.14095799206917548,196.0,287.7047773132905,,,,,,,False,,,,"example-reviewer",derived_from_reviewed_observations,,,continuous,0,67,curve-mfh-0deg-000068,derived_guide_constrained_curve_data,confirmed_continuous_curve,164,138,290
mfh-0deg,0.01217391304347825,73.89313265634539,8.695652173913021e-05,0.14095799206917548,197.0,284.35480266741956,,,,,,,False,,,,"example-reviewer",derived_from_reviewed_observations,,,continuous,0,68,curve-mfh-0deg-000069,derived_guide_constrained_curve_data,confirmed_continuous_curve,164,138,290
mfh-0deg,0.01234782608695651,74.82495794657945,8.695652173913021e-05,0.14095799206917548,198.0,281.04947291436537,,,,,,,False,,,,"example-reviewer",derived_from_reviewed_observations,,,continuous,0,69,curve-mfh-0deg-000070,derived_guide_constrained_curve_data,confirmed_continuous_curve,164,138,290
mfh-0deg,0.012521739130434771,75.74366205100267,8.695652173913021e-05,0.14095799206917548,199.0,277.79068605546786,,,,,,,False,,,,"example-reviewer",derived_from_reviewed_observations,,,continuous,0,70,curve-mfh-0deg-000071,derived_guide_constrained_curve_data,confirmed_continuous_curve,164,138,290
mfh-0deg,0.012695652173913032,76.64870989269934,8.695652173913021e-05,0.14095799206917548,200.0,274.5803400920672,,,,,,,False,,,,"example-reviewer",derived_from_reviewed_observations,,,continuous,0,71,curve-mfh-0deg-000072,derived_guide_constrained_curve_data,confirmed_continuous_curve,164,138,290
mfh-0deg,0.012869565217391292,77.53956639475386,8.695652173913021e-05,0.14095799206917548,201.0,271.42033302550334,,,,,,,False,,,,"example-reviewer",derived_from_reviewed_observations,,,continuous,0,72,curve-mfh-0deg-000073,derived_guide_constrained_curve_data,confirmed_continuous_curve,164,138,290
mfh-0deg,0.013043478260869552,78.41569648025049,8.695652173913021e-05,0.14095799206917548,202.0,268.31256285711635,,,,,,,False,,,,"example-reviewer",derived_from_reviewed_observations,,,continuous,0,73,curve-mfh-0deg-000074,derived_guide_constrained_curve_data,confirmed_continuous_curve,164,138,290
mfh-0deg,0.013217391304347813,79.27656507227358,8.695652173913021e-05,0.14095799206918969,203.0,265.25892758824625,,,,,,,False,,,,"example-reviewer",derived_from_reviewed_observations,,,continuous,0,74,curve-mfh-0deg-000075,derived_guide_constrained_curve_data,confirmed_continuous_curve,164,138,290
mfh-0deg,0.013391304347826073,80.12163709390745,8.695652173913021e-05,0.14095799206917548,204.0,262.2613252202332,,,,,,,False,,,,"example-reviewer",derived_from_reviewed_observations,,,continuous,0,75,curve-mfh-0deg-000076,derived_guide_constrained_curve_data,confirmed_continuous_curve,164,138,290
mfh-0deg,0.013565217391304334,80.95037746823644,8.695652173913021e-05,0.14095799206917548,205.0,259.32165375441707,,,,,,,False,,,,"example-reviewer",derived_from_reviewed_observations,,,continuous,0,76,curve-mfh-0deg-000077,derived_guide_constrained_curve_data,confirmed_continuous_curve,164,138,290
mfh-0deg,0.013739130434782594,81.76225111834485,8.695652173913021e-05,0.14095799206917548,206.0,256.44181119213806,,,,,,,False,,,,"example-reviewer",derived_from_reviewed_observations,,,continuous,0,77,curve-mfh-0deg-000078,derived_guide_constrained_curve_data,confirmed_continuous_curve,164,138,290
mfh-0deg,0.013913043478260861,82.556722967317,8.695652173913715e-05,0.14095799206917548,207.0,253.62369553473619,,,,,,,False,,,,"example-reviewer",derived_from_reviewed_observations,,,continuous,0,78,curve-mfh-0deg-000079,derived_guide_constrained_curve_data,confirmed_continuous_curve,164,138,290
mfh-0deg,0.014086956521739122,83.33325793823727,8.695652173913021e-05,0.14095799206917548,208.0,250.86920478355134,,,,,,,False,,,,"example-reviewer",derived_from_reviewed_observations,,,continuous,0,79,curve-mfh-0deg-000080,derived_guide_constrained_curve_data,confirmed_continuous_curve,164,138,290
mfh-0deg,0.014260869565217382,84.09132095418994,8.695652173913021e-05,0.14095799206917548,209.0,248.1802369399237,,,,,,,False,,,,"example-reviewer",derived_from_reviewed_observations,,,continuous,0,80,curve-mfh-0deg-000081,derived_guide_constrained_curve_data,confirmed_continuous_curve,164,138,290
mfh-0deg,0.014434782608695643,84.83037693825933,8.695652173913021e-05,0.14095799206917548,210.0,245.55869000519334,,,,,,,False,,,,"example-reviewer",derived_from_reviewed_observations,,,continuous,0,81,curve-mfh-0deg-000082,derived_guide_constrained_curve_data,confirmed_continuous_curve,164,138,290
mfh-0deg,0.014608695652173903,85.54989081352979,8.695652173913021e-05,0.14095799206917548,211.0,243.00646198070027,,,,,,,False,,,,"example-reviewer",derived_from_reviewed_observations,,,continuous,0,82,curve-mfh-0deg-000083,derived_guide_constrained_curve_data,confirmed_continuous_curve,164,138,290
mfh-0deg,0.014782608695652164,86.24932750308564,8.695652173913021e-05,0.14095799206917548,212.0,240.52545086778443,,,,,,,False,,,,"example-reviewer",derived_from_reviewed_observations,,,continuous,0,83,curve-mfh-0deg-000084,derived_guide_constrained_curve_data,confirmed_continuous_curve,164,138,290
mfh-0deg,0.014956521739130424,86.9281519300112,8.695652173913021e-05,0.14095799206917548,213.0,238.117554667786,,,,,,,False,,,,"example-reviewer",derived_from_reviewed_observations,,,continuous,0,84,curve-mfh-0deg-000085,derived_guide_constrained_curve_data,confirmed_continuous_curve,164,138,290
mfh-0deg,0.015130434782608684,87.58935663993073,8.695652173913021e-05,0.14095799206917548,214.0,235.7721583542693,,,,,,,False,,,,"example-reviewer",derived_from_reviewed_observations,,,continuous,0,85,curve-mfh-0deg-000086,derived_guide_constrained_curve_data,confirmed_continuous_curve,164,138,290
mfh-0deg,0.015304347826086945,88.2366472517778,8.695652173913021e-05,0.14095799206917548,215.0,233.47611751846694,,,,,,,False,,,,"example-reviewer",derived_from_reviewed_observations,,,continuous,0,86,curve-mfh-0deg-000087,derived_guide_constrained_curve_data,confirmed_continuous_curve,164,138,290
mfh-0deg,0.015478260869565205,88.87055829860066,8.695652173913021e-05,0.14095799206917548,216.0,231.22753608822154,,,,,,,False,,,,"example-reviewer",derived_from_reviewed_observations,,,continuous,0,87,curve-mfh-0deg-000088,derived_guide_constrained_curve_data,confirmed_continuous_curve,164,138,290
mfh-0deg,0.015652173913043466,89.49162431344756,8.695652173913021e-05,0.14095799206917548,217.0,229.0245179913757,,,,,,,False,,,,"example-reviewer",derived_from_reviewed_observations,,,continuous,0,88,curve-mfh-0deg-000089,derived_guide_constrained_curve_data,confirmed_continuous_curve,164,138,290
mfh-0deg,0.015826086956521726,90.1003798293668,8.695652173913021e-05,0.14095799206917548,218.0,226.86516715577181,,,,,,,False,,,,"example-reviewer",derived_from_reviewed_observations,,,continuous,0,89,curve-mfh-0deg-000090,derived_guide_constrained_curve_data,confirmed_continuous_curve,164,138,290
mfh-0deg,0.015999999999999986,90.69735937940659,8.695652173913021e-05,0.14095799206917548,219.0,224.74758750925267,,,,,,,False,,,,"example-reviewer",derived_from_reviewed_observations,,,continuous,0,90,curve-mfh-0deg-000091,derived_guide_constrained_curve_data,confirmed_continuous_curve,164,138,290
mfh-0deg,0.016173913043478247,91.28309749661521,8.695652173913021e-05,0.14095799206917548,220.0,222.66988297966074,,,,,,,False,,,,"example-reviewer",derived_from_reviewed_observations,,,continuous,0,91,curve-mfh-0deg-000092,derived_guide_constrained_curve_data,confirmed_continuous_curve,164,138,290
mfh-0deg,0.016347826086956507,91.8581287140409,8.695652173913021e-05,0.14095799206917548,221.0,220.6301574948387,,,,,,,False,,,,"example-reviewer",derived_from_reviewed_observations,,,continuous,0,92,curve-mfh-0deg-000093,derived_guide_constrained_curve_data,confirmed_continuous_curve,164,138,290
mfh-0deg,0.016521739130434768,92.42298756473195,8.695652173913021e-05,0.14095799206917548,222.0,218.62651498262895,,,,,,,False,,,,"example-reviewer",derived_from_reviewed_observations,,,continuous,0,93,curve-mfh-0deg-000094,derived_guide_constrained_curve_data,confirmed_continuous_curve,164,138,290
mfh-0deg,0.016695652173913028,92.97820858173661,8.695652173913021e-05,0.14095799206917548,223.0,216.65705937087415,,,,,,,False,,,,"example-reviewer",derived_from_reviewed_observations,,,continuous,0,94,curve-mfh-0deg-000095,derived_guide_constrained_curve_data,confirmed_continuous_curve,164,138,290
mfh-0deg,0.01686956521739129,93.52432629810312,8.695652173913021e-05,0.14095799206917548,224.0,214.71989458741692,,,,,,,False,,,,"example-reviewer",derived_from_reviewed_observations,,,continuous,0,95,curve-mfh-0deg-000096,derived_guide_constrained_curve_data,confirmed_continuous_curve,164,138,290
mfh-0deg,0.01704347826086955,94.06187524687977,8.695652173913021e-05,0.14095799206917548,225.0,212.8131245600997,,,,,,,False,,,,"example-reviewer",derived_from_reviewed_observations,,,continuous,0,96,curve-mfh-0deg-000097,derived_guide_constrained_curve_data,confirmed_continuous_curve,164,138,290
mfh-0deg,0.01721739130434781,94.58202540386071,8.695652173913715e-05,0.14095799206917548,226.0,210.96807076305896,,,,,,,False,,,,"example-reviewer",derived_from_reviewed_observations,,,continuous,0,97,curve-mfh-0deg-000098,derived_guide_constrained_curve_data,confirmed_continuous_curve,164,138,290
mfh-0deg,0.017391304347826077,95.09883846186331,8.695652173913021e-05,0.14095799206917548,227.0,209.13485417698215,,,,,,,False,,,,"example-reviewer",derived_from_reviewed_observations,,,continuous,0,98,curve-mfh-0deg-000099,derived_guide_constrained_curve_data,confirmed_continuous_curve,164,138,290
mfh-0deg,0.017565217391304337,95.59950151840359,8.695652173913021e-05,0.14095799206917548,228.0,207.35892416694566,,,,,,,False,,,,"example-reviewer",derived_from_reviewed_observations,,,continuous,0,99,curve-mfh-0deg-000100,derived_guide_constrained_curve_data,confirmed_continuous_curve,164,138,290
mfh-0deg,0.017739130434782598,96.09802535838946,8.695652173913021e-05,0.14095799206918969,229.0,205.59058229193786,,,,,,,False,,,,"example-reviewer",derived_from_reviewed_observations,,,continuous,0,100,curve-mfh-0deg-000101,derived_guide_constrained_curve_data,confirmed_continuous_curve,164,138,290
mfh-0deg,0.017913043478260858,96.59497074210088,8.695652173913021e-05,0.14095799206918969,230.0,203.82783944771683,,,,,,,False,,,,"example-reviewer",derived_from_reviewed_observations,,,continuous,0,101,curve-mfh-0deg-000102,derived_guide_constrained_curve_data,confirmed_continuous_curve,164,138,290
mfh-0deg,0.01808695652173912,97.09087297586319,8.695652173913021e-05,0.14095799206917548,231.0,202.0687968191905,,,,,,,False,,,,"example-reviewer",derived_from_reviewed_observations,,,continuous,0,102,curve-mfh-0deg-000103,derived_guide_constrained_curve_data,confirmed_continuous_curve,164,138,290
mfh-0deg,0.01826086956521738,97.55939277070044,8.695652173913021e-05,0.14095799206917548,232.0,200.40688397565583,,,,,,,False,,,,"example-reviewer",derived_from_reviewed_observations,,,continuous,0,103,curve-mfh-0deg-000104,derived_guide_constrained_curve_data,confirmed_continuous_curve,164,138,290
mfh-0deg,0.01843478260869564,98.01448026603158,8.695652173913021e-05,0.14095799206917548,233.0,198.79261759511672,,,,,,,False,,,,"example-reviewer",derived_from_reviewed_observations,,,continuous,0,104,curve-mfh-0deg-000105,derived_guide_constrained_curve_data,confirmed_continuous_curve,164,138,290
mfh-0deg,0.0186086956521739,98.47801096139793,8.695652173913021e-05,0.14095799206917548,234.0,197.1484018661538,,,,,,,False,,,,"example-reviewer",derived_from_reviewed_observations,,,continuous,0,105,curve-mfh-0deg-000106,derived_guide_constrained_curve_data,confirmed_continuous_curve,164,138,290
mfh-0deg,0.01878260869565216,98.95051938984773,8.695652173913021e-05,0.14095799206917548,235.0,195.47234071660964,,,,,,,False,,,,"example-reviewer",derived_from_reviewed_observations,,,continuous,0,106,curve-mfh-0deg-000107,derived_guide_constrained_curve_data,confirmed_continuous_curve,164,138,290
mfh-0deg,0.01895652173913042,99.43254008442925,8.695652173913021e-05,0.14095799206917548,236.0,193.7625380743268,,,,,,,False,,,,"example-reviewer",derived_from_reviewed_observations,,,continuous,0,107,curve-mfh-0deg-000108,derived_guide_constrained_curve_data,confirmed_continuous_curve,164,138,290
mfh-0deg,0.01913043478260868,99.92460757819075,8.695652173913021e-05,0.14095799206917548,237.0,192.0170978671479,,,,,,,False,,,,"example-reviewer",derived_from_reviewed_observations,,,continuous,0,108,curve-mfh-0deg-000109,derived_guide_constrained_curve_data,confirmed_continuous_curve,164,138,290
mfh-0deg,0.01930434782608694,100.42725640418045,8.695652173913021e-05,0.14095799206917548,238.0,190.23412402291552,,,,,,,False,,,,"example-reviewer",derived_from_reviewed_observations,,,continuous,0,109,curve-mfh-0deg-000110,derived_guide_constrained_curve_data,confirmed_continuous_curve,164,138,290
mfh-0deg,0.019478260869565202,100.9410210954467,8.695652173913021e-05,0.14095799206917548,239.0,188.41172046947207,,,,,,,False,,,,"example-reviewer",derived_from_reviewed_observations,,,continuous,0,110,curve-mfh-0deg-000111,derived_guide_constrained_curve_data,confirmed_continuous_curve,164,138,290
mfh-0deg,0.019652173913043462,101.46643618503768,8.695652173913021e-05,0.14095799206917548,240.0,186.5479911346603,,,,,,,False,,,,"example-reviewer",derived_from_reviewed_observations,,,continuous,0,111,curve-mfh-0deg-000112,derived_guide_constrained_curve_data,confirmed_continuous_curve,164,138,290
mfh-0deg,0.019826086956521723,101.98335478262473,8.695652173913021e-05,0.14095799206917548,241.0,184.71440018320376,,,,,,,False,,,,"example-reviewer",derived_from_reviewed_observations,,,continuous,0,112,curve-mfh-0deg-000113,derived_guide_constrained_curve_data,confirmed_continuous_curve,164,138,290
mfh-0deg,0.019999999999999983,102.49245728338069,8.695652173913021e-05,0.14095799206917548,242.0,182.90853414722153,,,,,,,False,,,,"example-reviewer",derived_from_reviewed_observations,,,continuous,0,113,curve-mfh-0deg-000114,derived_guide_constrained_curve_data,confirmed_continuous_curve,164,138,290
mfh-0deg,0.020173913043478243,102.99357359871775,8.695652173913021e-05,0.14095799206918969,243.0,181.1309963574837,,,,,,,False,,,,"example-reviewer",derived_from_reviewed_observations,,,continuous,0,114,curve-mfh-0deg-000115,derived_guide_constrained_curve_data,confirmed_continuous_curve,164,138,290
mfh-0deg,0.020347826086956504,103.49941864423221,8.695652173913021e-05,0.14095799206917548,244.0,179.33668502369918,,,,,,,False,,,,"example-reviewer",derived_from_reviewed_observations,,,continuous,0,115,curve-mfh-0deg-000116,derived_guide_constrained_curve_data,confirmed_continuous_curve,164,138,290
mfh-0deg,0.020521739130434764,104.0098846051084,8.695652173913021e-05,0.14095799206917548,245.0,177.525982581848,,,,,,,False,,,,"example-reviewer",derived_from_reviewed_observations,,,continuous,0,116,curve-mfh-0deg-000117,derived_guide_constrained_curve_data,confirmed_continuous_curve,164,138,290
mfh-0deg,0.020695652173913025,104.51145318902064,8.695652173913715e-05,0.14095799206917548,246.0,175.7468405248794,,,,,,,False,,,,"example-reviewer",derived_from_reviewed_observations,,,continuous,0,117,curve-mfh-0deg-000118,derived_guide_constrained_curve_data,confirmed_continuous_curve,164,138,290
mfh-0deg,0.020869565217391292,105.01340932473394,8.695652173913021e-05,0.14095799206917548,247.0,173.96632376117947,,,,,,,False,,,,"example-reviewer",derived_from_reviewed_observations,,,continuous,0,118,curve-mfh-0deg-000119,derived_guide_constrained_curve_data,confirmed_continuous_curve,164,138,290
mfh-0deg,0.021043478260869553,105.51558488782686,8.695652173913021e-05,0.14095799206917548,248.0,172.1850286543136,,,,,,,False,,,,"example-reviewer",derived_from_reviewed_observations,,,continuous,0,119,curve-mfh-0deg-000120,derived_guide_constrained_curve_data,confirmed_continuous_curve,164,138,290
mfh-0deg,0.021217391304347813,106.00442673032279,8.695652173913021e-05,0.14095799206917548,249.0,170.4510303356655,,,,,,,False,,,,"example-reviewer",derived_from_reviewed_observations,,,continuous,0,120,curve-mfh-0deg-000121,derived_guide_constrained_curve_data,confirmed_continuous_curve,164,138,290
mfh-0deg,0.021391304347826073,106.49150949335254,8.695652173913021e-05,0.14095799206918969,250.0,168.72327174645864,,,,,,,False,,,,"example-reviewer",derived_from_reviewed_observations,,,continuous,0,121,curve-mfh-0deg-000122,derived_guide_constrained_curve_data,confirmed_continuous_curve,164,138,290
mfh-0deg,0.021565217391304334,106.97651099325398,8.695652173913021e-05,0.14095799206918969,251.0,167.0028957224322,,,,,,,False,,,,"example-reviewer",derived_from_reviewed_observations,,,continuous,0,122,curve-mfh-0deg-000123,derived_guide_constrained_curve_data,confirmed_continuous_curve,164,138,290
mfh-0deg,0.021739130434782594,107.45913450031975,8.695652173913021e-05,0.14095799206917548,252.0,165.29095481017475,,,,,,,False,,,,"example-reviewer",derived_from_reviewed_observations,,,continuous,0,123,curve-mfh-0deg-000124,derived_guide_constrained_curve_data,confirmed_continuous_curve,164,138,290
mfh-0deg,0.021913043478260855,107.96595788014358,8.695652173913021e-05,0.14095799206918969,253.0,163.49317317188675,,,,,,,False,,,,"example-reviewer",derived_from_reviewed_observations,,,continuous,0,124,curve-mfh-0deg-000125,derived_guide_constrained_curve_data,confirmed_continuous_curve,164,138,290
mfh-0deg,0.022086956521739115,108.48326956992443,8.695652173913021e-05,0.14095799206918969,254.0,161.65818786106104,,,,,,,False,,,,"example-reviewer",derived_from_reviewed_observations,,,continuous,0,125,curve-mfh-0deg-000126,derived_guide_constrained_curve_data,confirmed_continuous_curve,164,138,290
mfh-0deg,0.022260869565217375,108.98943264673888,8.695652173913021e-05,0.14095799206917548,255.0,159.86274842061397,,,,,,,False,,,,"example-reviewer",derived_from_reviewed_observations,,,continuous,0,126,curve-mfh-0deg-000127,derived_guide_constrained_curve_data,confirmed_continuous_curve,164,138,290
mfh-0deg,0.022434782608695636,109.48415115415654,8.695652173913021e-05,0.14095799206918969,256.0,158.10790465419996,,,,,,,False,,,,"example-reviewer",derived_from_reviewed_observations,,,continuous,0,127,curve-mfh-0deg-000128,derived_guide_constrained_curve_data,confirmed_continuous_curve,164,138,290
mfh-0deg,0.022608695652173896,109.967129135747,8.695652173913021e-05,0.14095799206917548,257.0,156.3947063654735,,,,,,,False,,,,"example-reviewer",derived_from_reviewed_observations,,,continuous,0,128,curve-mfh-0deg-000129,derived_guide_constrained_curve_data,confirmed_continuous_curve,164,138,290
mfh-0deg,0.022782608695652157,110.4380706350799,8.695652173913021e-05,0.14095799206917548,258.0,154.72420335808894,,,,,,,False,,,,"example-reviewer",derived_from_reviewed_observations,,,continuous,0,129,curve-mfh-0deg-000130,derived_guide_constrained_curve_data,confirmed_continuous_curve,164,138,290
mfh-0deg,0.022956521739130417,110.88797768364218,8.695652173913021e-05,0.14095799206917548,259.0,153.12831283085484,,,,,,,False,,,,"example-reviewer",derived_from_reviewed_observations,,,continuous,0,130,curve-mfh-0deg-000131,derived_guide_constrained_curve_data,confirmed_continuous_curve,164,138,290
mfh-0deg,0.023130434782608678,111.30352929339512,8.695652173913021e-05,0.14095799206918969,260.0,151.65428640761732,,,,,,,False,,,,"example-reviewer",derived_from_reviewed_observations,,,continuous,0,131,curve-mfh-0deg-000132,derived_guide_constrained_curve_data,confirmed_continuous_curve,164,138,290
mfh-0deg,0.023304347826086938,111.69826771080986,8.695652173913021e-05,0.14095799206918969,261.0,150.25408762633424,,,,,,,False,,,,"example-reviewer",derived_from_reviewed_observations,,,continuous,0,132,curve-mfh-0deg-000133,derived_guide_constrained_curve_data,confirmed_continuous_curve,164,138,290
mfh-0deg,0.0234782608695652,112.09290170293255,8.695652173913021e-05,0.14095799206918969,262.0,148.85425925786183,,,,,,,False,,,,"example-reviewer",derived_from_reviewed_observations,,,continuous,0,133,curve-mfh-0deg-000134,derived_guide_constrained_curve_data,confirmed_continuous_curve,164,138,290
mfh-0deg,0.02365217391304346,112.48721043908336,8.695652173913021e-05,0.14095799206917548,263.0,147.45558462309086,,,,,,,False,,,,"example-reviewer",derived_from_reviewed_observations,,,continuous,0,134,curve-mfh-0deg-000135,derived_guide_constrained_curve_data,confirmed_continuous_curve,164,138,290
mfh-0deg,0.02382608695652172,112.88095511843883,8.695652173913021e-05,0.14095799206917548,264.0,146.05891078581655,,,,,,,False,,,,"example-reviewer",derived_from_reviewed_observations,,,continuous,0,135,curve-mfh-0deg-000136,derived_guide_constrained_curve_data,confirmed_continuous_curve,164,138,290
mfh-0deg,0.02399999999999998,113.26045439935862,8.695652173913021e-05,0.14095799206917548,265.0,144.71276760035764,,,,,,,False,,,,"example-reviewer",derived_from_reviewed_observations,,,continuous,0,136,curve-mfh-0deg-000137,derived_guide_constrained_curve_data,confirmed_continuous_curve,164,138,290
mfh-0deg,0.024173913043478247,113.63885811140531,8.695652173913715e-05,0.14095799206917548,266.0,143.37051056869893,,,,,,,False,,,,"example-reviewer",derived_from_reviewed_observations,,,continuous,0,137,curve-mfh-0deg-000138,derived_guide_constrained_curve_data,confirmed_continuous_curve,164,138,290
mfh-0deg,0.024347826086956507,114.01587354332457,8.695652173913021e-05,0.14095799206917548,267.0,142.03317798334882,,,,,,,False,,,,"example-reviewer",derived_from_reviewed_observations,,,continuous,0,138,curve-mfh-0deg-000139,derived_guide_constrained_curve_data,confirmed_continuous_curve,164,138,290
mfh-0deg,0.024521739130434768,114.37776544304523,8.695652173913021e-05,0.14095799206917548,268.0,140.74949092733905,,,,,,,False,,,,"example-reviewer",derived_from_reviewed_observations,,,continuous,0,139,curve-mfh-0deg-000140,derived_guide_constrained_curve_data,confirmed_continuous_curve,164,138,290
mfh-0deg,0.02469565217391303,114.72420515902576,8.695652173913021e-05,0.14095799206918969,269.0,139.52061517898665,,,,,,,False,,,,"example-reviewer",derived_from_reviewed_observations,,,continuous,0,140,curve-mfh-0deg-000141,derived_guide_constrained_curve_data,confirmed_continuous_curve,164,138,290
mfh-0deg,0.02486956521739129,115.08169521092749,8.695652173913021e-05,0.14095799206917548,270.0,138.25254216427496,,,,,,,False,,,,"example-reviewer",derived_from_reviewed_observations,,,continuous,0,141,curve-mfh-0deg-000142,derived_guide_constrained_curve_data,confirmed_continuous_curve,164,138,290
mfh-0deg,0.02504347826086955,115.42685392397354,8.695652173913021e-05,0.14095799206918969,271.0,137.02821033328289,,,,,,,False,,,,"example-reviewer",derived_from_reviewed_observations,,,continuous,0,142,curve-mfh-0deg-000143,derived_guide_constrained_curve_data,confirmed_continuous_curve,164,138,290
mfh-0deg,0.02521739130434781,115.76157827286657,8.695652173913021e-05,0.14095799206917548,272.0,135.84089082064125,,,,,,,False,,,,"example-reviewer",derived_from_reviewed_observations,,,continuous,0,143,curve-mfh-0deg-000144,derived_guide_constrained_curve_data,confirmed_continuous_curve,164,138,290
mfh-0deg,0.02539130434782607,116.08801681431981,8.695652173913021e-05,0.14095799206917548,273.0,134.68296236032012,,,,,,,False,,,,"example-reviewer",derived_from_reviewed_observations,,,continuous,0,144,curve-mfh-0deg-000145,derived_guide_constrained_curve_data,confirmed_continuous_curve,164,138,290
mfh-0deg,0.02556521739130433,116.40625096491883,8.695652173913021e-05,0.14095799206917548,274.0,133.55413615498216,,,,,,,False,,,,"example-reviewer",derived_from_reviewed_observations,,,continuous,0,145,curve-mfh-0deg-000146,derived_guide_constrained_curve_data,confirmed_continuous_curve,164,138,290
mfh-0deg,0.02573913043478259,116.71636214124923,8.695652173913021e-05,0.14095799206917548,275.0,132.45412340728987,,,,,,,False,,,,"example-reviewer",derived_from_reviewed_observations,,,continuous,0,146,curve-mfh-0deg-000147,derived_guide_constrained_curve_data,confirmed_continuous_curve,164,138,290
mfh-0deg,0.02591304347826085,117.01843175989657,8.695652173913021e-05,0.14095799206917548,276.0,131.38263531990603,,,,,,,False,,,,"example-reviewer",derived_from_reviewed_observations,,,continuous,0,147,curve-mfh-0deg-000148,derived_guide_constrained_curve_data,confirmed_continuous_curve,164,138,290
mfh-0deg,0.02608695652173911,117.31254123744645,8.695652173913021e-05,0.14095799206917548,277.0,130.33938309549316,,,,,,,False,,,,"example-reviewer",derived_from_reviewed_observations,,,continuous,0,148,curve-mfh-0deg-000149,derived_guide_constrained_curve_data,confirmed_continuous_curve,164,138,290
mfh-0deg,0.026260869565217372,117.59877199048442,8.695652173913021e-05,0.14095799206917548,278.0,129.32407793671402,,,,,,,False,,,,"example-reviewer",derived_from_reviewed_observations,,,continuous,0,149,curve-mfh-0deg-000150,derived_guide_constrained_curve_data,confirmed_continuous_curve,164,138,290
mfh-0deg,0.026434782608695633,117.87720543559608,8.695652173913021e-05,0.14095799206917548,279.0,128.33643104623116,,,,,,,False,,,,"example-reviewer",derived_from_reviewed_observations,,,continuous,0,150,curve-mfh-0deg-000151,derived_guide_constrained_curve_data,confirmed_continuous_curve,164,138,290
mfh-0deg,0.026608695652173893,118.15662500144967,8.695652173913021e-05,0.14095799206917548,280.0,127.3452862315531,,,,,,,False,,,,"example-reviewer",derived_from_reviewed_observations,,,continuous,0,151,curve-mfh-0deg-000152,derived_guide_constrained_curve_data,confirmed_continuous_curve,164,138,290
mfh-0deg,0.026782608695652153,118.45013713623914,8.695652173913021e-05,0.14095799206917548,281.0,126.30415287515065,,,,,,,False,,,,"example-reviewer",derived_from_reviewed_observations,,,continuous,0,152,curve-mfh-0deg-000153,derived_guide_constrained_curve_data,confirmed_continuous_curve,164,138,290
mfh-0deg,0.026956521739130414,118.74398505364847,8.695652173913021e-05,0.14095799206917548,282.0,125.2618284453832,,,,,,,False,,,,"example-reviewer",derived_from_reviewed_observations,,,continuous,0,153,curve-mfh-0deg-000154,derived_guide_constrained_curve_data,confirmed_continuous_curve,164,138,290
mfh-0deg,0.027130434782608674,119.02440840038454,8.695652173913021e-05,0.14095799206917548,283.0,124.26712306323485,,,,,,,False,,,,"example-reviewer",derived_from_reviewed_observations,,,continuous,0,154,curve-mfh-0deg-000155,derived_guide_constrained_curve_data,confirmed_continuous_curve,164,138,290
mfh-0deg,0.027304347826086935,119.30483174712063,8.695652173913021e-05,0.14095799206917548,284.0,123.27241768108644,,,,,,,False,,,,"example-reviewer",derived_from_reviewed_observations,,,continuous,0,155,curve-mfh-0deg-000156,derived_guide_constrained_curve_data,confirmed_continuous_curve,164,138,290
mfh-0deg,0.027478260869565195,119.57183052318346,8.695652173913021e-05,0.14095799206917548,285.0,122.32533134655706,,,,,,,False,,,,"example-reviewer",derived_from_reviewed_observations,,,continuous,0,156,curve-mfh-0deg-000157,derived_guide_constrained_curve_data,confirmed_continuous_curve,164,138,290
mfh-0deg,0.027652173913043462,119.8388292992463,8.695652173913715e-05,0.14095799206917548,286.0,121.37824501202769,,,,,,,False,,,,"example-reviewer",derived_from_reviewed_observations,,,continuous,0,157,curve-mfh-0deg-000158,derived_guide_constrained_curve_data,confirmed_continuous_curve,164,138,290
mfh-0deg,0.027826086956521723,120.09240350463588,8.695652173913021e-05,0.14095799206917548,287.0,120.47877772511735,,,,,,,False,,,,"example-reviewer",derived_from_reviewed_observations,,,continuous,0,158,curve-mfh-0deg-000159,derived_guide_constrained_curve_data,confirmed_continuous_curve,164,138,290
mfh-0deg,0.027999999999999983,120.34597771002544,8.695652173913021e-05,0.14095799206917548,288.0,119.5793104382071,,,,,,,False,,,,"example-reviewer",derived_from_reviewed_observations,,,continuous,0,159,curve-mfh-0deg-000160,derived_guide_constrained_curve_data,confirmed_continuous_curve,164,138,290
mfh-0deg,0.028173913043478244,120.59955191541502,8.695652173913021e-05,0.14095799206917548,289.0,118.67984315129677,,,,,,,False,,,,"example-reviewer",derived_from_reviewed_observations,,,continuous,0,160,curve-mfh-0deg-000161,derived_guide_constrained_curve_data,confirmed_continuous_curve,164,138,290
mfh-0deg,0.028347826086956504,120.85312612080459,8.695652173913021e-05,0.14095799206917548,290.0,117.78037586438649,,,,,,,False,,,,"example-reviewer",derived_from_reviewed_observations,,,continuous,0,161,curve-mfh-0deg-000162,derived_guide_constrained_curve_data,confirmed_continuous_curve,164,138,290
mfh-0deg,0.028521739130434764,121.10670889489387,8.695652173913021e-05,0.14095799206917548,291.0,116.88087818296083,,,,,,,False,,,,"example-reviewer",derived_from_reviewed_observations,,,continuous,0,162,curve-mfh-0deg-000163,derived_guide_constrained_curve_data,confirmed_continuous_curve,164,138,290
mfh-0deg,0.028695652173913025,121.34482260249644,8.695652173913021e-05,0.14095799206917548,292.0,116.03625169492987,,,,,,,False,,,,"example-reviewer",derived_from_reviewed_observations,,,continuous,0,163,curve-mfh-0deg-000164,derived_guide_constrained_curve_data,confirmed_continuous_curve,164,138,290
mfh-0deg,0.028869565217391285,121.5810974395597,8.695652173913021e-05,0.14095799206917548,293.0,115.1981479677311,,,,,,,False,,,,"example-reviewer",derived_from_reviewed_observations,,,continuous,0,164,curve-mfh-0deg-000165,derived_guide_constrained_curve_data,confirmed_continuous_curve,164,138,290
mfh-0deg,0.029043478260869546,121.80231201939748,8.695652173913021e-05,0.14095799206917548,294.0,114.41346532366644,,,,,,,False,,,,"example-reviewer",derived_from_reviewed_observations,,,continuous,0,165,curve-mfh-0deg-000166,derived_guide_constrained_curve_data,confirmed_continuous_curve,164,138,290
mfh-0deg,0.029217391304347806,122.02209165538306,8.695652173913021e-05,0.14095799206917548,295.0,113.63387264942584,,,,,,,False,,,,"example-reviewer",derived_from_reviewed_observations,,,continuous,0,166,curve-mfh-0deg-000167,derived_guide_constrained_curve_data,confirmed_continuous_curve,164,138,290
mfh-0deg,0.029391304347826067,122.23778181582426,8.695652173913021e-05,0.14095799206917548,296.0,112.86878598326736,,,,,,,False,,,,"example-reviewer",derived_from_reviewed_observations,,,continuous,0,167,curve-mfh-0deg-000168,derived_guide_constrained_curve_data,confirmed_continuous_curve,164,138,290
mfh-0deg,0.029565217391304327,122.44946391730666,8.695652173913021e-05,0.14095799206917548,297.0,112.11791652785362,,,,,,,False,,,,"example-reviewer",derived_from_reviewed_observations,,,continuous,0,168,curve-mfh-0deg-000169,derived_guide_constrained_curve_data,confirmed_continuous_curve,164,138,290
mfh-0deg,0.029739130434782587,122.65721937641582,8.695652173913021e-05,0.14095799206917548,298.0,111.38097548584726,,,,,,,False,,,,"example-reviewer",derived_from_reviewed_observations,,,continuous,0,169,curve-mfh-0deg-000170,derived_guide_constrained_curve_data,confirmed_continuous_curve,164,138,290
mfh-0deg,0.029913043478260848,122.86112960973735,8.695652173913021e-05,0.14095799206917548,299.0,110.6576740599109,,,,,,,False,,,,"example-reviewer",derived_from_reviewed_observations,,,continuous,0,170,curve-mfh-0deg-000171,derived_guide_constrained_curve_data,confirmed_continuous_curve,164,138,290
mfh-0deg,0.03008695652173911,123.06127603385679,8.695652173913021e-05,0.14095799206917548,300.0,109.94772345270725,,,,,,,False,,,,"example-reviewer",derived_from_reviewed_observations,,,continuous,0,171,curve-mfh-0deg-000172,derived_guide_constrained_curve_data,confirmed_continuous_curve,164,138,290
mfh-0deg,0.03026086956521737,123.25756012266598,8.695652173913021e-05,0.14095799206917548,301.0,109.2514731517209,,,,,,,False,,,,"example-reviewer",derived_from_reviewed_observations,,,continuous,0,172,curve-mfh-0deg-000173,derived_guide_constrained_curve_data,confirmed_continuous_curve,164,138,290
mfh-0deg,0.03043478260869563,123.449863250352,8.695652173913021e-05,0.14095799206917548,302.0,108.5693439412266,,,,,,,False,,,,"example-reviewer",derived_from_reviewed_observations,,,continuous,0,173,curve-mfh-0deg-000174,derived_guide_constrained_curve_data,confirmed_continuous_curve,164,138,290
mfh-0deg,0.03060869565217389,123.63823668394322,8.695652173913021e-05,0.14095799206917548,303.0,107.90115396907242,,,,,,,False,,,,"example-reviewer",derived_from_reviewed_observations,,,continuous,0,174,curve-mfh-0deg-000175,derived_guide_constrained_curve_data,confirmed_continuous_curve,164,138,290
mfh-0deg,0.03078260869565215,123.83625016024725,8.695652173913021e-05,0.14095799206917548,304.0,107.19876926070184,,,,,,,False,,,,"example-reviewer",derived_from_reviewed_observations,,,continuous,0,175,curve-mfh-0deg-000176,derived_guide_constrained_curve_data,confirmed_continuous_curve,164,138,290
mfh-0deg,0.03095652173913041,124.03039080432967,8.695652173913715e-05,0.14095799206917548,305.0,106.51012209273158,,,,,,,False,,,,"example-reviewer",derived_from_reviewed_observations,,,continuous,0,176,curve-mfh-0deg-000177,derived_guide_constrained_curve_data,confirmed_continuous_curve,164,138,290
mfh-0deg,0.031130434782608678,124.23399875958286,8.695652173913021e-05,0.14095799206917548,306.0,105.78789289428617,,,,,,,False,,,,"example-reviewer",derived_from_reviewed_observations,,,continuous,0,177,curve-mfh-0deg-000178,derived_guide_constrained_curve_data,confirmed_continuous_curve,164,138,290
mfh-0deg,0.03130434782608694,124.43356890503296,8.695652173913021e-05,0.14095799206917548,307.0,105.07998643747402,,,,,,,False,,,,"example-reviewer",derived_from_reviewed_observations,,,continuous,0,178,curve-mfh-0deg-000179,derived_guide_constrained_curve_data,confirmed_continuous_curve,164,138,290
mfh-0deg,0.0314782608695652,124.62902456735962,8.695652173913021e-05,0.14095799206917548,308.0,104.38667469453026,,,,,,,False,,,,"example-reviewer",derived_from_reviewed_observations,,,continuous,0,179,curve-mfh-0deg-000180,derived_guide_constrained_curve_data,confirmed_continuous_curve,164,138,290
mfh-0deg,0.03165217391304346,124.82029295022276,8.695652173913021e-05,0.14095799206917548,309.0,103.708215885436,,,,,,,False,,,,"example-reviewer",derived_from_reviewed_observations,,,continuous,0,180,curve-mfh-0deg-000181,derived_guide_constrained_curve_data,confirmed_continuous_curve,164,138,290
mfh-0deg,0.03182608695652172,125.02072970493583,8.695652173913021e-05,0.14095799206917548,310.0,102.99723543029906,,,,,,,False,,,,"example-reviewer",derived_from_reviewed_observations,,,continuous,0,181,curve-mfh-0deg-000182,derived_guide_constrained_curve_data,confirmed_continuous_curve,164,138,290
mfh-0deg,0.03199999999999998,125.20773379884037,8.695652173913021e-05,0.14095799206917548,311.0,102.33390271975378,,,,,,,False,,,,"example-reviewer",derived_from_reviewed_observations,,,continuous,0,182,curve-mfh-0deg-000183,derived_guide_constrained_curve_data,confirmed_continuous_curve,164,138,290
mfh-0deg,0.03217391304347824,125.38131332207162,8.695652173913021e-05,0.14095799206917548,312.0,101.71818905682764,,,,,,,False,,,,"example-reviewer",derived_from_reviewed_observations,,,continuous,0,183,curve-mfh-0deg-000184,derived_guide_constrained_curve_data,confirmed_continuous_curve,164,138,290
mfh-0deg,0.0323478260869565,125.56831741597614,8.695652173913021e-05,0.14095799206917548,313.0,101.0548563462824,,,,,,,False,,,,"example-reviewer",derived_from_reviewed_observations,,,continuous,0,184,curve-mfh-0deg-000185,derived_guide_constrained_curve_data,confirmed_continuous_curve,164,138,290
mfh-0deg,0.03252173913043476,125.7418969392074,8.695652173913021e-05,0.14095799206917548,314.0,100.43914268335627,,,,,,,False,,,,"example-reviewer",derived_from_reviewed_observations,,,continuous,0,185,curve-mfh-0deg-000186,derived_guide_constrained_curve_data,confirmed_continuous_curve,164,138,290
mfh-0deg,0.03269565217391302,125.92890103311191,8.695652173913021e-05,0.14095799206917548,315.0,99.77580997281103,,,,,,,False,,,,"example-reviewer",derived_from_reviewed_observations,,,continuous,0,186,curve-mfh-0deg-000187,derived_guide_constrained_curve_data,confirmed_continuous_curve,164,138,290
mfh-0deg,0.03286956521739128,126.11590512701643,8.695652173913021e-05,0.14095799206917548,316.0,99.11247726226581,,,,,,,False,,,,"example-reviewer",derived_from_reviewed_observations,,,continuous,0,187,curve-mfh-0deg-000188,derived_guide_constrained_curve_data,confirmed_continuous_curve,164,138,290
mfh-0deg,0.03304347826086954,126.29233748335282,8.695652173913021e-05,0.14095799206917548,317.0,98.48664415501707,,,,,,,False,,,,"example-reviewer",derived_from_reviewed_observations,,,continuous,0,188,curve-mfh-0deg-000189,derived_guide_constrained_curve_data,confirmed_continuous_curve,164,138,290
mfh-0deg,0.0332173913043478,126.47173711633465,8.695652173913021e-05,0.14095799206917548,318.0,97.85028565434482,,,,,,,False,,,,"example-reviewer",derived_from_reviewed_observations,,,continuous,0,189,curve-mfh-0deg-000190,derived_guide_constrained_curve_data,confirmed_continuous_curve,164,138,290
mfh-0deg,0.03339130434782606,126.6407914575419,8.695652173913021e-05,0.14095799206917548,319.0,97.25062351839343,,,,,,,False,,,,"example-reviewer",derived_from_reviewed_observations,,,continuous,0,190,curve-mfh-0deg-000191,derived_guide_constrained_curve_data,confirmed_continuous_curve,164,138,290
mfh-0deg,0.033565217391304324,126.81306017120151,8.695652173913021e-05,0.14095799206917548,320.0,96.63955950162212,,,,,,,False,,,,"example-reviewer",derived_from_reviewed_observations,,,continuous,0,191,curve-mfh-0deg-000192,derived_guide_constrained_curve_data,confirmed_continuous_curve,164,138,290
mfh-0deg,0.033739130434782584,126.97527519763796,8.695652173913021e-05,0.14095799206917548,321.0,96.06415748271128,,,,,,,False,,,,"example-reviewer",derived_from_reviewed_observations,,,continuous,0,192,curve-mfh-0deg-000193,derived_guide_constrained_curve_data,confirmed_continuous_curve,164,138,290
mfh-0deg,0.033913043478260844,127.14101266645046,8.695652173913021e-05,0.14095799206917548,322.0,95.47626081087456,,,,,,,False,,,,"example-reviewer",derived_from_reviewed_observations,,,continuous,0,193,curve-mfh-0deg-000194,derived_guide_constrained_curve_data,confirmed_continuous_curve,164,138,290
mfh-0deg,0.034086956521739105,127.29699461382,8.695652173913021e-05,0.14095799206917548,323.0,94.92296849633524,,,,,,,False,,,,"example-reviewer",derived_from_reviewed_observations,,,continuous,0,194,curve-mfh-0deg-000195,derived_guide_constrained_curve_data,confirmed_continuous_curve,164,138,290
mfh-0deg,0.034260869565217365,127.44336269452913,8.695652173913021e-05,0.14095799206917548,324.0,94.4037780674687,,,,,,,False,,,,"example-reviewer",derived_from_reviewed_observations,,,continuous,0,195,curve-mfh-0deg-000196,derived_guide_constrained_curve_data,confirmed_continuous_curve,164,138,290
mfh-0deg,0.03443478260869563,127.58872152612412,8.695652173913715e-05,0.14095799206917548,325.0,93.88816760274368,,,,,,,False,,,,"example-reviewer",derived_from_reviewed_observations,,,continuous,0,196,curve-mfh-0deg-000197,derived_guide_constrained_curve_data,confirmed_continuous_curve,164,138,290
mfh-0deg,0.03460869565217389,127.73312237563343,8.695652173913021e-05,0.14095799206917548,326.0,93.37595525000798,,,,,,,False,,,,"example-reviewer",derived_from_reviewed_observations,,,continuous,0,197,curve-mfh-0deg-000198,derived_guide_constrained_curve_data,confirmed_continuous_curve,164,138,290
mfh-0deg,0.034782608695652154,127.87661651008547,8.695652173913021e-05,0.14095799206917548,327.0,92.86695915710953,,,,,,,False,,,,"example-reviewer",derived_from_reviewed_observations,,,continuous,0,198,curve-mfh-0deg-000199,derived_guide_constrained_curve_data,confirmed_continuous_curve,164,138,290
mfh-0deg,0.034956521739130414,128.01925519650865,8.695652173913021e-05,0.14095799206918969,328.0,92.36099747189631,,,,,,,False,,,,"example-reviewer",derived_from_reviewed_observations,,,continuous,0,199,curve-mfh-0deg-000200,derived_guide_constrained_curve_data,confirmed_continuous_curve,164,138,290
mfh-0deg,0.035130434782608674,128.1610897019314,8.695652173913021e-05,0.14095799206918969,329.0,91.85788834221628,,,,,,,False,,,,"example-reviewer",derived_from_reviewed_observations,,,continuous,0,200,curve-mfh-0deg-000201,derived_guide_constrained_curve_data,confirmed_continuous_curve,164,138,290
mfh-0deg,0.035304347826086935,128.30163510904399,8.695652173913021e-05,0.14095799206918969,330.0,91.35935184545765,,,,,,,False,,,,"example-reviewer",derived_from_reviewed_observations,,,continuous,0,201,curve-mfh-0deg-000202,derived_guide_constrained_curve_data,confirmed_continuous_curve,164,138,290
mfh-0deg,0.035478260869565195,128.44044165152206,8.695652173913021e-05,0.14095799206918969,331.0,90.866983372977,,,,,,,False,,,,"example-reviewer",derived_from_reviewed_observations,,,continuous,0,202,curve-mfh-0deg-000203,derived_guide_constrained_curve_data,confirmed_continuous_curve,164,138,290
mfh-0deg,0.035652173913043456,128.5867247424778,8.695652173913021e-05,0.14095799206918969,332.0,90.3480944160318,,,,,,,False,,,,"example-reviewer",derived_from_reviewed_observations,,,continuous,0,203,curve-mfh-0deg-000204,derived_guide_constrained_curve_data,confirmed_continuous_curve,164,138,290
mfh-0deg,0.035826086956521716,128.74051055118335,8.695652173913021e-05,0.14095799206918969,333.0,89.8025921481289,,,,,,,False,,,,"example-reviewer",derived_from_reviewed_observations,,,continuous,0,204,curve-mfh-0deg-000205,derived_guide_constrained_curve_data,confirmed_continuous_curve,164,138,290
mfh-0deg,0.035999999999999976,128.8884031175247,8.695652173913021e-05,0.14095799206918969,334.0,89.27799413076795,,,,,,,False,,,,"example-reviewer",derived_from_reviewed_observations,,,continuous,0,205,curve-mfh-0deg-000206,derived_guide_constrained_curve_data,confirmed_continuous_curve,164,138,290
mfh-0deg,0.03617391304347824,129.04385806402144,8.695652173913021e-05,0.14095799206916126,335.0,88.72657117058398,,,,,,,False,,,,"example-reviewer",derived_from_reviewed_observations,,,continuous,0,206,curve-mfh-0deg-000207,derived_guide_constrained_curve_data,confirmed_continuous_curve,164,138,290
mfh-0deg,0.0363478260869565,129.19348431313367,8.695652173913021e-05,0.14095799206918969,336.0,88.19582350982417,,,,,,,False,,,,"example-reviewer",derived_from_reviewed_observations,,,continuous,0,207,curve-mfh-0deg-000208,derived_guide_constrained_curve_data,confirmed_continuous_curve,164,138,290
mfh-0deg,0.03652173913043476,129.33731779928186,8.695652173913021e-05,0.14095799206918969,337.0,87.68562368349006,,,,,,,False,,,,"example-reviewer",derived_from_reviewed_observations,,,continuous,0,208,curve-mfh-0deg-000209,derived_guide_constrained_curve_data,confirmed_continuous_curve,164,138,290
mfh-0deg,0.03669565217391302,129.4888214688468,8.695652173913021e-05,0.14095799206918969,338.0,87.14821651933799,,,,,,,False,,,,"example-reviewer",derived_from_reviewed_observations,,,continuous,0,209,curve-mfh-0deg-000210,derived_guide_constrained_curve_data,confirmed_continuous_curve,164,138,290
mfh-0deg,0.03686956521739128,129.63461156814978,8.695652173913021e-05,0.14095799206918969,339.0,86.63107628073614,,,,,,,False,,,,"example-reviewer",derived_from_reviewed_observations,,,continuous,0,210,curve-mfh-0deg-000211,derived_guide_constrained_curve_data,confirmed_continuous_curve,164,138,290
mfh-0deg,0.03704347826086954,129.780375297937,8.695652173913021e-05,0.14095799206918969,340.0,86.11402957892267,,,,,,,False,,,,"example-reviewer",derived_from_reviewed_observations,,,continuous,0,211,curve-mfh-0deg-000212,derived_guide_constrained_curve_data,confirmed_continuous_curve,164,138,290
mfh-0deg,0.0372173913043478,129.91271445705098,8.695652173913021e-05,0.14095799206916126,341.0,85.64460192472829,,,,,,,False,,,,"example-reviewer",derived_from_reviewed_observations,,,continuous,0,212,curve-mfh-0deg-000213,derived_guide_constrained_curve_data,confirmed_continuous_curve,164,138,290
mfh-0deg,0.03739130434782606,130.05847818683822,8.695652173913021e-05,0.14095799206916126,342.0,85.12755522291482,,,,,,,False,,,,"example-reviewer",derived_from_reviewed_observations,,,continuous,0,213,curve-mfh-0deg-000214,derived_guide_constrained_curve_data,confirmed_continuous_curve,164,138,290
mfh-0deg,0.03756521739130432,130.1908173459522,8.695652173913021e-05,0.14095799206918969,343.0,84.65812756872033,,,,,,,False,,,,"example-reviewer",derived_from_reviewed_observations,,,continuous,0,214,curve-mfh-0deg-000215,derived_guide_constrained_curve_data,confirmed_continuous_curve,164,138,290
mfh-0deg,0.03773913043478258,130.33658107573942,8.695652173913021e-05,0.14095799206918969,344.0,84.14108086690698,,,,,,,False,,,,"example-reviewer",derived_from_reviewed_observations,,,continuous,0,215,curve-mfh-0deg-000216,derived_guide_constrained_curve_data,confirmed_continuous_curve,164,138,290
mfh-0deg,0.03791304347826085,130.49576937619992,8.695652173913715e-05,0.14095799206918969,345.0,83.57641511747441,,,,,,,False,,,,"example-reviewer",derived_from_reviewed_observations,,,continuous,0,216,curve-mfh-0deg-000217,derived_guide_constrained_curve_data,confirmed_continuous_curve,164,138,290
mfh-0deg,0.03808695652173911,130.64648976182485,8.695652173913021e-05,0.14095799206918969,346.0,83.0417863837203,,,,,,,False,,,,"example-reviewer",derived_from_reviewed_observations,,,continuous,0,217,curve-mfh-0deg-000218,derived_guide_constrained_curve_data,confirmed_continuous_curve,164,138,290
mfh-0deg,0.03826086956521737,130.80224728689808,8.695652173913021e-05,0.14095799206918969,347.0,82.48929013009607,,,,,,,False,,,,"example-reviewer",derived_from_reviewed_observations,,,continuous,0,218,curve-mfh-0deg-000219,derived_guide_constrained_curve_data,confirmed_continuous_curve,164,138,290
mfh-0deg,0.03843478260869563,130.94968003220546,8.695652173913021e-05,0.14095799206918969,348.0,81.96632316971602,,,,,,,False,,,,"example-reviewer",derived_from_reviewed_observations,,,continuous,0,219,curve-mfh-0deg-000220,derived_guide_constrained_curve_data,confirmed_continuous_curve,164,138,290
mfh-0deg,0.03860869565217389,131.1022660492426,8.695652173913021e-05,0.14095799206918969,349.0,81.42507675013648,,,,,,,False,,,,"example-reviewer",derived_from_reviewed_observations,,,continuous,0,220,curve-mfh-0deg-000221,derived_guide_constrained_curve_data,confirmed_continuous_curve,164,138,290
mfh-0deg,0.03878260869565215,131.24664228835877,8.695652173913021e-05,0.14095799206916126,350.0,80.91295169430663,,,,,,,False,,,,"example-reviewer",derived_from_reviewed_observations,,,continuous,0,221,curve-mfh-0deg-000222,derived_guide_constrained_curve_data,confirmed_continuous_curve,164,138,290
mfh-0deg,0.03895652173913041,131.38287831077696,8.695652173913021e-05,0.14095799206918969,351.0,80.42970125771085,,,,,,,False,,,,"example-reviewer",derived_from_reviewed_observations,,,continuous,0,222,curve-mfh-0deg-000223,derived_guide_constrained_curve_data,confirmed_continuous_curve,164,138,290
mfh-0deg,0.03913043478260867,131.5244762885937,8.695652173913021e-05,0.14095799206918969,352.0,79.92743112836891,,,,,,,False,,,,"example-reviewer",derived_from_reviewed_observations,,,continuous,0,223,curve-mfh-0deg-000224,derived_guide_constrained_curve_data,confirmed_continuous_curve,164,138,290
mfh-0deg,0.03930434782608693,131.65809729275924,8.695652173913021e-05,0.14095799206918969,353.0,79.4534565696934,,,,,,,False,,,,"example-reviewer",derived_from_reviewed_observations,,,continuous,0,224,curve-mfh-0deg-000225,derived_guide_constrained_curve_data,confirmed_continuous_curve,164,138,290
mfh-0deg,0.03947826086956519,131.79081166132826,8.695652173913021e-05,0.14095799206918969,354.0,78.9826979889955,,,,,,,False,,,,"example-reviewer",derived_from_reviewed_observations,,,continuous,0,225,curve-mfh-0deg-000226,derived_guide_constrained_curve_data,confirmed_continuous_curve,164,138,290
mfh-0deg,0.03965217391304345,131.92272338780722,8.695652173913021e-05,0.14095799206918969,355.0,78.51478650507543,,,,,,,False,,,,"example-reviewer",derived_from_reviewed_observations,,,continuous,0,226,curve-mfh-0deg-000227,derived_guide_constrained_curve_data,confirmed_continuous_curve,164,138,290
mfh-0deg,0.03982608695652171,132.05393646570258,8.695652173913021e-05,0.14095799206918969,356.0,78.04935323673348,,,,,,,False,,,,"example-reviewer",derived_from_reviewed_observations,,,continuous,0,227,curve-mfh-0deg-000228,derived_guide_constrained_curve_data,confirmed_continuous_curve,164,138,290
mfh-0deg,0.03999999999999997,132.18455488852084,8.695652173913021e-05,0.14095799206918969,357.0,77.58602930276967,,,,,,,False,,,,"example-reviewer",derived_from_reviewed_observations,,,continuous,0,228,curve-mfh-0deg-000229,derived_guide_constrained_curve_data,confirmed_continuous_curve,164,138,290
mfh-0deg,0.040173913043478233,132.31495313144356,8.695652173913021e-05,0.14095799206918969,358.0,77.12348638126322,,,,,,,False,,,,"example-reviewer",derived_from_reviewed_observations,,,continuous,0,229,curve-mfh-0deg-000230,derived_guide_constrained_curve_data,confirmed_continuous_curve,164,138,290
mfh-0deg,0.040347826086956494,132.4453237778437,8.695652173913715e-05,0.14095799206918969,359.0,76.6610413489299,,,,,,,False,,,,"example-reviewer",derived_from_reviewed_observations,,,continuous,0,230,curve-mfh-0deg-000231,derived_guide_constrained_curve_data,confirmed_continuous_curve,164,138,290
mfh-0deg,0.040521739130434754,132.57549798351457,8.695652173913715e-05,0.14095799206918969,360.0,76.19929312252575,,,,,,,False,,,,"example-reviewer",derived_from_reviewed_observations,,,continuous,0,231,curve-mfh-0deg-000232,derived_guide_constrained_curve_data,confirmed_continuous_curve,164,138,290
mfh-0deg,0.040695652173913015,132.71308753245822,8.695652173913715e-05,0.14095799206918969,361.0,75.7112415160722,,,,,,,False,,,,"example-reviewer",derived_from_reviewed_observations,,,continuous,0,232,curve-mfh-0deg-000233,derived_guide_constrained_curve_data,confirmed_continuous_curve,164,138,290
mfh-0deg,0.040869565217391275,132.85791737793346,8.695652173913715e-05,0.14095799206918969,362.0,75.19750744768336,,,,,,,False,,,,"example-reviewer",derived_from_reviewed_observations,,,continuous,0,233,curve-mfh-0deg-000234,derived_guide_constrained_curve_data,confirmed_continuous_curve,164,138,290
mfh-0deg,0.041043478260869536,132.9963928545975,8.695652173913715e-05,0.14095799206916126,363.0,74.70631331732116,,,,,,,False,,,,"example-reviewer",derived_from_reviewed_observations,,,continuous,0,234,curve-mfh-0deg-000235,derived_guide_constrained_curve_data,confirmed_continuous_curve,164,138,290
mfh-0deg,0.041217391304347796,133.1417733905259,8.695652173913715e-05,0.14095799206918969,364.0,74.19062586393767,,,,,,,False,,,,"example-reviewer",derived_from_reviewed_observations,,,continuous,0,235,curve-mfh-0deg-000236,derived_guide_constrained_curve_data,confirmed_continuous_curve,164,138,290
mfh-0deg,0.041391304347826056,133.28047422451937,8.695652173913715e-05,0.14095799206918969,365.0,73.69863235595201,,,,,,,False,,,,"example-reviewer",derived_from_reviewed_observations,,,continuous,0,236,curve-mfh-0deg-000237,derived_guide_constrained_curve_data,confirmed_continuous_curve,164,138,290
mfh-0deg,0.04156521739130432,133.41234011812364,8.695652173913715e-05,0.14095799206918969,366.0,73.23088344839253,,,,,,,False,,,,"example-reviewer",derived_from_reviewed_observations,,,continuous,0,237,curve-mfh-0deg-000238,derived_guide_constrained_curve_data,confirmed_continuous_curve,164,138,290
mfh-0deg,0.04173913043478258,133.5506453556294,8.695652173913715e-05,0.14095799206918969,367.0,72.74029318289739,,,,,,,False,,,,"example-reviewer",derived_from_reviewed_observations,,,continuous,0,238,curve-mfh-0deg-000239,derived_guide_constrained_curve_data,confirmed_continuous_curve,164,138,290
mfh-0deg,0.04191304347826084,133.68182003205263,8.695652173913715e-05,0.14095799206918969,368.0,72.27499613057114,,,,,,,False,,,,"example-reviewer",derived_from_reviewed_observations,,,continuous,0,239,curve-mfh-0deg-000240,derived_guide_constrained_curve_data,confirmed_continuous_curve,164,138,290
mfh-0deg,0.0420869565217391,133.81916121590723,8.695652173913715e-05,0.14095799206918969,369.0,71.78782551385578,,,,,,,False,,,,"example-reviewer",derived_from_reviewed_observations,,,continuous,0,240,curve-mfh-0deg-000241,derived_guide_constrained_curve_data,confirmed_continuous_curve,164,138,290
mfh-0deg,0.04226086956521736,133.94307782908862,8.695652173913715e-05,0.14095799206918969,370.0,71.34827394475928,,,,,,,False,,,,"example-reviewer",derived_from_reviewed_observations,,,continuous,0,241,curve-mfh-0deg-000242,derived_guide_constrained_curve_data,confirmed_continuous_curve,164,138,290
mfh-0deg,0.04243478260869562,134.06699444227,8.695652173913715e-05,0.14095799206918969,371.0,70.9087223756629,,,,,,,False,,,,"example-reviewer",derived_from_reviewed_observations,,,continuous,0,242,curve-mfh-0deg-000243,derived_guide_constrained_curve_data,confirmed_continuous_curve,164,138,290
mfh-0deg,0.04260869565217388,134.20433562612462,8.695652173913715e-05,0.14095799206918969,372.0,70.42155175894743,,,,,,,False,,,,"example-reviewer",derived_from_reviewed_observations,,,continuous,0,243,curve-mfh-0deg-000244,derived_guide_constrained_curve_data,confirmed_continuous_curve,164,138,290
mfh-0deg,0.04278260869565214,134.32825223930598,8.695652173913715e-05,0.14095799206918969,373.0,69.98200018985105,,,,,,,False,,,,"example-reviewer",derived_from_reviewed_observations,,,continuous,0,244,curve-mfh-0deg-000245,derived_guide_constrained_curve_data,confirmed_continuous_curve,164,138,290
mfh-0deg,0.0429565217391304,134.4655934231606,8.695652173913715e-05,0.14095799206918969,374.0,69.49482957313558,,,,,,,False,,,,"example-reviewer",derived_from_reviewed_observations,,,continuous,0,245,curve-mfh-0deg-000246,derived_guide_constrained_curve_data,confirmed_continuous_curve,164,138,290
mfh-0deg,0.043130434782608675,134.59595795078448,8.695652173913715e-05,0.14095799206918969,375.0,69.03240624505678,,,,,,,False,,,,"example-reviewer",derived_from_reviewed_observations,,,continuous,0,246,curve-mfh-0deg-000247,derived_guide_constrained_curve_data,confirmed_continuous_curve,164,138,290
mfh-0deg,0.043304347826086935,134.71931164966742,8.695652173913715e-05,0.14095799206918969,376.0,68.5948514208422,,,,,,,False,,,,"example-reviewer",derived_from_reviewed_observations,,,continuous,0,247,curve-mfh-0deg-000248,derived_guide_constrained_curve_data,confirmed_continuous_curve,164,138,290
mfh-0deg,0.043478260869565195,134.84901245237333,8.695652173913715e-05,0.14095799206918969,377.0,68.1347824286482,,,,,,,False,,,,"example-reviewer",derived_from_reviewed_observations,,,continuous,0,248,curve-mfh-0deg-000249,derived_guide_constrained_curve_data,confirmed_continuous_curve,164,138,290
mfh-0deg,0.043652173913043456,134.97156428316254,8.695652173913715e-05,0.14095799206916126,378.0,67.70007195572566,,,,,,,False,,,,"example-reviewer",derived_from_reviewed_observations,,,continuous,0,249,curve-mfh-0deg-000250,derived_guide_constrained_curve_data,confirmed_continuous_curve,164,138,290
mfh-0deg,0.043826086956521716,135.08689077001168,8.695652173913715e-05,0.14095799206918969,379.0,67.29099090556234,,,,,,,False,,,,"example-reviewer",derived_from_reviewed_observations,,,continuous,0,250,curve-mfh-0deg-000251,derived_guide_constrained_curve_data,confirmed_continuous_curve,164,138,290
mfh-0deg,0.04399999999999998,135.2083352446136,8.695652173913715e-05,0.14095799206918969,380.0,66.86020839788328,,,,,,,False,,,,"example-reviewer",derived_from_reviewed_observations,,,continuous,0,251,curve-mfh-0deg-000252,derived_guide_constrained_curve_data,confirmed_continuous_curve,164,138,290
mfh-0deg,0.04417391304347824,135.32238703035765,8.695652173913715e-05,0.14095799206918969,381.0,66.45564891150785,,,,,,,False,,,,"example-reviewer",derived_from_reviewed_observations,,,continuous,0,252,curve-mfh-0deg-000253,derived_guide_constrained_curve_data,confirmed_continuous_curve,164,138,290
mfh-0deg,0.0443478260869565,135.44237972502265,8.695652173913715e-05,0.14095799206918969,382.0,66.03001609387339,,,,,,,False,,,,"example-reviewer",derived_from_reviewed_observations,,,continuous,0,253,curve-mfh-0deg-000254,derived_guide_constrained_curve_data,confirmed_continuous_curve,164,138,290
mfh-0deg,0.04452173913043476,135.55479291808385,8.695652173913715e-05,0.14095799206918969,383.0,65.63126895151187,,,,,,,False,,,,"example-reviewer",derived_from_reviewed_observations,,,continuous,0,254,curve-mfh-0deg-000255,derived_guide_constrained_curve_data,confirmed_continuous_curve,164,138,290
mfh-0deg,0.04469565217391302,135.65952590273287,8.695652173913715e-05,0.14095799206916126,384.0,65.25976470719198,,,,,,,False,,,,"example-reviewer",derived_from_reviewed_observations,,,continuous,0,255,curve-mfh-0deg-000256,derived_guide_constrained_curve_data,confirmed_continuous_curve,164,138,290
mfh-0deg,0.04486956521739128,135.76261403750948,8.695652173913715e-05,0.14095799206918969,385.0,64.8940950021141,,,,,,,False,,,,"example-reviewer",derived_from_reviewed_observations,,,continuous,0,256,curve-mfh-0deg-000257,derived_guide_constrained_curve_data,confirmed_continuous_curve,164,138,290
mfh-0deg,0.04504347826086954,135.8645583997936,8.695652173913715e-05,0.14095799206918969,386.0,64.53248243659853,,,,,,,False,,,,"example-reviewer",derived_from_reviewed_observations,,,continuous,0,257,curve-mfh-0deg-000258,derived_guide_constrained_curve_data,confirmed_continuous_curve,164,138,290
mfh-0deg,0.0452173913043478,135.96604076716775,8.695652173913715e-05,0.14095799206918969,387.0,64.17250863914136,,,,,,,False,,,,"example-reviewer",derived_from_reviewed_observations,,,continuous,0,258,curve-mfh-0deg-000259,derived_guide_constrained_curve_data,confirmed_continuous_curve,164,138,290
mfh-0deg,0.04539130434782606,136.0671633457292,8.695652173913715e-05,0.14095799206918969,388.0,63.81381106876231,,,,,,,False,,,,"example-reviewer",derived_from_reviewed_observations,,,continuous,0,259,curve-mfh-0deg-000260,derived_guide_constrained_curve_data,confirmed_continuous_curve,164,138,290
mfh-0deg,0.04556521739130432,136.16802834157522,8.695652173913715e-05,0.14095799206916126,389.0,63.456027184480945,,,,,,,False,,,,"example-reviewer",derived_from_reviewed_observations,,,continuous,0,260,curve-mfh-0deg-000261,derived_guide_constrained_curve_data,confirmed_continuous_curve,164,138,290
mfh-0deg,0.04573913043478258,136.26873796080318,8.695652173913715e-05,0.14095799206918969,390.0,63.0987944453166,,,,,,,False,,,,"example-reviewer",derived_from_reviewed_observations,,,continuous,0,261,curve-mfh-0deg-000262,derived_guide_constrained_curve_data,confirmed_continuous_curve,164,138,290
mfh-0deg,0.04591304347826084,136.37544258541925,8.695652173913715e-05,0.14095799206916126,391.0,62.72029648628032,,,,,,,False,,,,"example-reviewer",derived_from_reviewed_observations,,,continuous,0,262,curve-mfh-0deg-000263,derived_guide_constrained_curve_data,confirmed_continuous_curve,164,138,290
mfh-0deg,0.0460869565217391,136.48811804979795,8.695652173913715e-05,0.14095799206916126,392.0,62.32061902661773,,,,,,,False,,,,"example-reviewer",derived_from_reviewed_observations,,,continuous,0,263,curve-mfh-0deg-000264,derived_guide_constrained_curve_data,confirmed_continuous_curve,164,138,290
mfh-0deg,0.04626086956521736,136.59330757744013,8.695652173913715e-05,0.14095799206918969,393.0,61.947495353039294,,,,,,,False,,,,"example-reviewer",derived_from_reviewed_observations,,,continuous,0,264,curve-mfh-0deg-000265,derived_guide_constrained_curve_data,confirmed_continuous_curve,164,138,290
mfh-0deg,0.04643478260869562,136.70439549299297,8.695652173913715e-05,0.14095799206918969,394.0,61.55344917686247,,,,,,,False,,,,"example-reviewer",derived_from_reviewed_observations,,,continuous,0,265,curve-mfh-0deg-000266,derived_guide_constrained_curve_data,confirmed_continuous_curve,164,138,290
mfh-0deg,0.04660869565217388,136.8079089395567,8.695652173913715e-05,0.14095799206918969,395.0,61.186270824488744,,,,,,,False,,,,"example-reviewer",derived_from_reviewed_observations,,,continuous,0,266,curve-mfh-0deg-000267,derived_guide_constrained_curve_data,confirmed_continuous_curve,164,138,290
mfh-0deg,0.04678260869565214,136.91721616137784,8.695652173913715e-05,0.14095799206918969,396.0,60.79854104692678,,,,,,,False,,,,"example-reviewer",derived_from_reviewed_observations,,,continuous,0,267,curve-mfh-0deg-000268,derived_guide_constrained_curve_data,confirmed_continuous_curve,164,138,290
mfh-0deg,0.046956521739130404,137.03228469285722,8.695652173913715e-05,0.14095799206918969,397.0,60.39037500472426,,,,,,,False,,,,"example-reviewer",derived_from_reviewed_observations,,,continuous,0,268,curve-mfh-0deg-000269,derived_guide_constrained_curve_data,confirmed_continuous_curve,164,138,290
mfh-0deg,0.047130434782608664,137.13968996332153,8.695652173913715e-05,0.14095799206918969,398.0,60.00939174550047,,,,,,,False,,,,"example-reviewer",derived_from_reviewed_observations,,,continuous,0,269,curve-mfh-0deg-000270,derived_guide_constrained_curve_data,confirmed_continuous_curve,164,138,290
mfh-0deg,0.047304347826086925,137.2528614104011,8.695652173913715e-05,0.14095799206918969,399.0,59.60795495777997,,,,,,,False,,,,"example-reviewer",derived_from_reviewed_observations,,,continuous,0,270,curve-mfh-0deg-000271,derived_guide_constrained_curve_data,confirmed_continuous_curve,164,138,290
mfh-0deg,0.047478260869565185,137.37180876800994,8.695652173913715e-05,0.14095799206916126,400.0,59.18603011385032,,,,,,,False,,,,"example-reviewer",derived_from_reviewed_observations,,,continuous,0,271,curve-mfh-0deg-000272,derived_guide_constrained_curve_data,confirmed_continuous_curve,164,138,290
mfh-0deg,0.047652173913043445,137.4773315549455,8.695652173913715e-05,0.14095799206918969,401.0,58.81172431753987,,,,,,,False,,,,"example-reviewer",derived_from_reviewed_observations,,,continuous,0,272,curve-mfh-0deg-000273,derived_guide_constrained_curve_data,confirmed_continuous_curve,164,138,290
mfh-0deg,0.047826086956521706,137.58285434188107,8.695652173913715e-05,0.14095799206918969,402.0,58.43741852122931,,,,,,,False,,,,"example-reviewer",derived_from_reviewed_observations,,,continuous,0,273,curve-mfh-0deg-000274,derived_guide_constrained_curve_data,confirmed_continuous_curve,164,138,290
mfh-0deg,0.047999999999999966,137.6749525581434,8.695652173913715e-05,0.14095799206918969,403.0,58.11073177253784,,,,,,,False,,,,"example-reviewer",derived_from_reviewed_observations,,,continuous,0,274,curve-mfh-0deg-000275,derived_guide_constrained_curve_data,confirmed_continuous_curve,164,138,290
mfh-0deg,0.04817391304347823,137.7670507744057,8.695652173913715e-05,0.14095799206918969,404.0,57.784045023846375,,,,,,,False,,,,"example-reviewer",derived_from_reviewed_observations,,,continuous,0,275,curve-mfh-0deg-000276,derived_guide_constrained_curve_data,confirmed_continuous_curve,164,138,290
mfh-0deg,0.04834782608695649,137.85914899066802,8.695652173913715e-05,0.14095799206916126,405.0,57.4573582751549,,,,,,,False,,,,"example-reviewer",derived_from_reviewed_observations,,,continuous,0,276,curve-mfh-0deg-000277,derived_guide_constrained_curve_data,confirmed_continuous_curve,164,138,290
mfh-0deg,0.04852173913043475,137.95853084529827,8.695652173913715e-05,0.14095799206918969,406.0,57.10483532426937,,,,,,,False,,,,"example-reviewer",derived_from_reviewed_observations,,,continuous,0,277,curve-mfh-0deg-000278,derived_guide_constrained_curve_data,confirmed_continuous_curve,164,138,290
mfh-0deg,0.04869565217391301,138.05183017110735,8.695652173913715e-05,0.14095799206918969,407.0,56.77388805253434,,,,,,,False,,,,"example-reviewer",derived_from_reviewed_observations,,,continuous,0,278,curve-mfh-0deg-000279,derived_guide_constrained_curve_data,confirmed_continuous_curve,164,138,290
mfh-0deg,0.04886956521739127,138.14314259923754,8.695652173913715e-05,0.14095799206918969,408.0,56.4499886170012,,,,,,,False,,,,"example-reviewer",derived_from_reviewed_observations,,,continuous,0,279,curve-mfh-0deg-000280,derived_guide_constrained_curve_data,confirmed_continuous_curve,164,138,290
mfh-0deg,0.04904347826086953,138.23257033578608,8.695652173913715e-05,0.14095799206918969,409.0,56.13277447668961,,,,,,,False,,,,"example-reviewer",derived_from_reviewed_observations,,,continuous,0,280,curve-mfh-0deg-000281,derived_guide_constrained_curve_data,confirmed_continuous_curve,164,138,290
mfh-0deg,0.04921739130434779,138.32021558685034,8.695652173913715e-05,0.14095799206918969,410.0,55.82188309061891,,,,,,,False,,,,"example-reviewer",derived_from_reviewed_observations,,,continuous,0,281,curve-mfh-0deg-000282,derived_guide_constrained_curve_data,confirmed_continuous_curve,164,138,290
mfh-0deg,0.04939130434782605,138.40618055852755,8.695652173913715e-05,0.14095799206918969,411.0,55.51695191780883,,,,,,,False,,,,"example-reviewer",derived_from_reviewed_observations,,,continuous,0,282,curve-mfh-0deg-000283,derived_guide_constrained_curve_data,confirmed_continuous_curve,164,138,290
mfh-0deg,0.04956521739130431,138.49056745691507,8.695652173913715e-05,0.14095799206918969,412.0,55.217618417278736,,,,,,,False,,,,"example-reviewer",derived_from_reviewed_observations,,,continuous,0,283,curve-mfh-0deg-000284,derived_guide_constrained_curve_data,confirmed_continuous_curve,164,138,290
mfh-0deg,0.04973913043478257,138.57347848811017,8.695652173913715e-05,0.14095799206918969,413.0,54.92352004804826,,,,,,,False,,,,"example-reviewer",derived_from_reviewed_observations,,,continuous,0,284,curve-mfh-0deg-000285,derived_guide_constrained_curve_data,confirmed_continuous_curve,164,138,290
mfh-0deg,0.049913043478260845,138.65501585821013,8.695652173913715e-05,0.14095799206918969,414.0,54.63429426913694,,,,,,,False,,,,"example-reviewer",derived_from_reviewed_observations,,,continuous,0,285,curve-mfh-0deg-000286,derived_guide_constrained_curve_data,confirmed_continuous_curve,164,138,290
mfh-0deg,0.050086956521739105,138.73528177331227,8.695652173913715e-05,0.14095799206918969,415.0,54.349578539564334,,,,,,,False,,,,"example-reviewer",derived_from_reviewed_observations,,,continuous,0,286,curve-mfh-0deg-000287,derived_guide_constrained_curve_data,confirmed_continuous_curve,164,138,290
mfh-0deg,0.050260869565217366,138.8143784395139,8.695652173913715e-05,0.14095799206918969,416.0,54.06901031834987,,,,,,,False,,,,"example-reviewer",derived_from_reviewed_observations,,,continuous,0,287,curve-mfh-0deg-000288,derived_guide_constrained_curve_data,confirmed_continuous_curve,164,138,290
mfh-0deg,0.050434782608695626,138.8924080629123,8.695652173913715e-05,0.14095799206918969,417.0,53.792227064513106,,,,,,,False,,,,"example-reviewer",derived_from_reviewed_observations,,,continuous,0,288,curve-mfh-0deg-000289,derived_guide_constrained_curve_data,confirmed_continuous_curve,164,138,290
mfh-0deg,0.050608695652173886,138.96947284960476,8.695652173913715e-05,0.14095799206918969,418.0,53.51886623707368,,,,,,,False,,,,"example-reviewer",derived_from_reviewed_observations,,,continuous,0,289,curve-mfh-0deg-000290,derived_guide_constrained_curve_data,confirmed_continuous_curve,164,138,290
test-45deg,0.014434782608695643,41.00898705531853,8.695652173913021e-05,0.14095799206917548,210.0,401.0,3.0,3.5,0.5,39,triangle,visible_marker_support,True,visible_candidate,line-test-45deg-000001,,"example-reviewer",accepted,,True,continuous,0,0,curve-test-45deg-000001,reviewed_visible_observation,confirmed_continuous_curve,,,
test-45deg,0.01721739130434781,46.647306738085604,8.695652173913715e-05,0.14095799206918969,226.0,381.0,5.5,7.5,0.5,67,triangle,visible_marker_support,False,visible_candidate,line-test-45deg-000002,,"example-reviewer",accepted,,False,continuous,0,1,curve-test-45deg-000002,reviewed_visible_observation,confirmed_continuous_curve,,,
test-45deg,0.019826086956521723,51.43987846843761,8.695652173913021e-05,0.14095799206917548,241.0,364.0,7.0,8.5,0.5,97,triangle,visible_marker_support,False,visible_candidate,line-test-45deg-000003,,"example-reviewer",accepted,,False,continuous,0,2,curve-test-45deg-000003,reviewed_visible_observation,confirmed_continuous_curve,,,
test-45deg,0.02365217391304346,57.64203011948139,8.695652173913021e-05,0.14095799206918969,263.0,342.0,3.0,5.0,0.5,40,triangle,visible_marker_support,False,visible_candidate,line-test-45deg-000004,,"example-reviewer",accepted,,False,continuous,0,3,curve-test-45deg-000004,reviewed_visible_observation,confirmed_continuous_curve,,,
test-45deg,0.027304347826086935,62.152685865695034,8.695652173913021e-05,0.14095799206918969,284.0,326.0,5.0,6.0,0.5,74,triangle,visible_marker_support,False,visible_candidate,line-test-45deg-000005,,"example-reviewer",accepted,,False,continuous,0,4,curve-test-45deg-000005,reviewed_visible_observation,confirmed_continuous_curve,,,
test-45deg,0.03060869565217389,66.38142562777034,8.695652173913021e-05,0.14095799206917548,303.0,311.0,3.5,4.5,0.5,51,triangle,visible_marker_support,False,visible_candidate,line-test-45deg-000006,,"example-reviewer",accepted,,False,continuous,0,5,curve-test-45deg-000006,reviewed_visible_observation,confirmed_continuous_curve,,,
test-45deg,0.03443478260869563,69.48250145329223,8.695652173913715e-05,0.14095799206917548,325.0,300.0,9.0,7.5,0.5,136,triangle,visible_marker_support,False,visible_candidate,line-test-45deg-000007,,"example-reviewer",accepted,,False,continuous,0,6,curve-test-45deg-000007,reviewed_visible_observation,confirmed_continuous_curve,,,
test-45deg,0.03878260869565215,73.71124121536754,8.695652173913021e-05,0.14095799206917548,350.0,285.0,2.5,5.0,0.5,27,triangle,visible_marker_support,False,visible_candidate,line-test-45deg-000008,,"example-reviewer",accepted,,False,continuous,0,7,curve-test-45deg-000008,reviewed_visible_observation,confirmed_continuous_curve,,,
test-45deg,0.043130434782608675,75.96656908847436,8.695652173913715e-05,0.14095799206917548,375.0,277.0,8.5,6.0,0.5,120,triangle,visible_marker_support,False,visible_candidate,line-test-45deg-000009,,"example-reviewer",accepted,,False,continuous,0,8,curve-test-45deg-000009,reviewed_visible_observation,confirmed_continuous_curve,,,
test-45deg,0.047130434782608664,78.2218969615812,8.695652173913715e-05,0.14095799206917548,398.0,269.0,2.0,4.5,0.5,31,triangle,visible_marker_support,False,visible_candidate,line-test-45deg-000010,,"example-reviewer",accepted,,False,continuous,0,9,curve-test-45deg-000010,reviewed_visible_observation,confirmed_continuous_curve,,,
test-45deg,0.05147826086956519,80.19530885054967,8.695652173913715e-05,0.14095799206917548,423.0,262.0,11.5,7.0,0.5,168,triangle,visible_marker_support,False,visible_candidate,line-test-45deg-000011,,"example-reviewer",accepted,,False,continuous,0,10,curve-test-45deg-000011,reviewed_visible_observation,confirmed_continuous_curve,,,
test-45deg,0.05599999999999996,82.45063672365649,8.695652173913715e-05,0.14095799206917548,449.0,254.0,2.5,4.0,0.5,27,triangle,visible_marker_support,False,visible_candidate,line-test-45deg-000012,,"example-reviewer",accepted,,False,continuous,0,11,curve-test-45deg-000012,reviewed_visible_observation,confirmed_continuous_curve,,,
test-45deg,0.060521739130434744,83.29638467607155,8.695652173913715e-05,0.14095799206917548,475.0,251.0,10.0,6.0,0.5,146,triangle,visible_marker_support,False,visible_candidate,line-test-45deg-000013,,"example-reviewer",accepted,,False,continuous,0,12,curve-test-45deg-000013,reviewed_visible_observation,confirmed_continuous_curve,,,
test-45deg,0.06504347826086954,84.98788058090167,8.695652173915103e-05,0.14095799206917548,501.0,245.0,3.0,6.5,0.5,39,triangle,visible_marker_support,False,visible_candidate,line-test-45deg-000014,,"example-reviewer",accepted,,False,continuous,0,13,curve-test-45deg-000014,reviewed_visible_observation,confirmed_continuous_curve,,,
test-45deg,0.06921739130434779,84.42404861262497,8.695652173912327e-05,0.14095799206917548,525.0,247.0,11.0,7.0,0.5,159,triangle,visible_marker_support,False,visible_candidate,line-test-45deg-000015,,"example-reviewer",accepted,,False,continuous,0,14,curve-test-45deg-000015,reviewed_visible_observation,confirmed_continuous_curve,,,
test-45deg,0.07408695652173908,86.82033447780097,8.695652173915103e-05,0.14095799206917548,553.0,238.5,2.0,7.5,0.5,26,triangle,visible_marker_support,False,visible_candidate,line-test-45deg-000016,,"example-reviewer",accepted,,False,continuous,0,15,curve-test-45deg-000016,reviewed_visible_observation,confirmed_continuous_curve,,,
test-45deg,0.0784347826086956,87.2432084540085,8.695652173912327e-05,0.14095799206918969,578.0,237.0,10.0,8.5,0.5,117,triangle,visible_marker_support,False,visible_candidate,line-test-45deg-000017,,"example-reviewer",accepted,,False,continuous,0,16,curve-test-45deg-000017,reviewed_visible_observation,confirmed_continuous_curve,,,
test-45deg,0.0833043478260869,87.80704042228521,8.695652173915103e-05,0.14095799206917548,606.0,235.0,2.5,4.5,0.5,19,triangle,visible_marker_support,False,visible_candidate,line-test-45deg-000018,,"example-reviewer",accepted,,False,continuous,0,17,curve-test-45deg-000018,reviewed_visible_observation,confirmed_continuous_curve,,,
test-45deg,0.0873043478260869,88.08895640642356,8.695652173912327e-05,0.14095799206917548,629.0,234.0,9.5,3.5,0.5,60,triangle,visible_marker_support,False,visible_candidate,line-test-45deg-000019,,"example-reviewer",accepted,,False,continuous,0,18,curve-test-45deg-000019,reviewed_visible_observation,confirmed_continuous_curve,,,
test-45deg,0.09060869565217386,87.52512443814686,8.695652173912327e-05,0.14095799206917548,648.0,236.0,1.0,3.5,0.5,11,triangle,visible_marker_support,False,visible_candidate,line-test-45deg-000020,,"example-reviewer",accepted,,False,continuous,0,19,curve-test-45deg-000020,reviewed_visible_observation,confirmed_continuous_curve,,,
test-45deg,0.09321739130434778,85.83362853331674,8.695652173915103e-05,0.14095799206918969,663.0,242.0,5.5,8.5,0.5,156,triangle,visible_marker_support,False,visible_candidate,line-test-45deg-000021,,"example-reviewer",accepted,,False,continuous,0,20,curve-test-45deg-000021,reviewed_visible_observation,confirmed_continuous_curve,,,
mfh-45deg,0.00017391304347825695,-0.9152440645577542,8.695652173913021e-05,0.14095799206918969,128.0,549.7117917347372,,,,,,,True,,,,"example-reviewer",derived_from_reviewed_observations,,,continuous,0,0,curve-mfh-45deg-000001,derived_guide_constrained_curve_data,confirmed_continuous_curve,449,414,460
mfh-45deg,0.00034782608695651737,-0.6724142486555138,8.695652173913021e-05,0.14095799206918969,129.0,548.85043647443,,,,,,,False,,,,"example-reviewer",derived_from_reviewed_observations,,,continuous,0,1,curve-mfh-45deg-000002,derived_guide_constrained_curve_data,confirmed_continuous_curve,449,414,460
mfh-45deg,0.0005217391304347778,-0.42662994433180756,8.695652173913021e-05,0.14095799206918969,130.0,547.9786011825258,,,,,,,False,,,,"example-reviewer",derived_from_reviewed_observations,,,continuous,0,2,curve-mfh-45deg-000003,derived_guide_constrained_curve_data,confirmed_continuous_curve,449,414,460
mfh-45deg,0.0006956521739130382,-0.1892966400729108,8.695652173913021e-05,0.14095799206918969,131.0,547.136742906968,,,,,,,False,,,,"example-reviewer",derived_from_reviewed_observations,,,continuous,0,3,curve-mfh-45deg-000004,derived_guide_constrained_curve_data,confirmed_continuous_curve,449,414,460
mfh-45deg,0.0008695652173912986,0.05489165228706838,8.695652173913021e-05,0.14095799206918969,132.0,546.2705689186207,,,,,,,False,,,,"example-reviewer",derived_from_reviewed_observations,,,continuous,0,4,curve-mfh-45deg-000005,derived_guide_constrained_curve_data,confirmed_continuous_curve,449,414,460
mfh-45deg,0.0010434782608695625,0.2942541148728992,8.695652173913368e-05,0.14095799206918969,133.0,545.4215129017459,,,,,,,False,,,,"example-reviewer",derived_from_reviewed_observations,,,continuous,0,5,curve-mfh-45deg-000006,derived_guide_constrained_curve_data,confirmed_continuous_curve,449,414,460
mfh-45deg,0.001217391304347823,0.5572459771344427,8.695652173913021e-05,0.14095799206918969,134.0,544.4886397159089,,,,,,,False,,,,"example-reviewer",derived_from_reviewed_observations,,,continuous,0,6,curve-mfh-45deg-000007,derived_guide_constrained_curve_data,confirmed_continuous_curve,449,414,460
mfh-45deg,0.0013913043478260834,0.831911091807342,8.695652173913021e-05,0.14095799206918969,135.0,543.514359681691,,,,,,,False,,,,"example-reviewer",derived_from_reviewed_observations,,,continuous,0,7,curve-mfh-45deg-000008,derived_guide_constrained_curve_data,confirmed_continuous_curve,449,414,460
mfh-45deg,0.0015652173913043438,1.102658595947247,8.695652173913021e-05,0.14095799206918969,136.0,542.5539760235333,,,,,,,False,,,,"example-reviewer",derived_from_reviewed_observations,,,continuous,0,8,curve-mfh-45deg-000009,derived_guide_constrained_curve_data,confirmed_continuous_curve,449,414,460
mfh-45deg,0.0017391304347826042,1.3914358753562226,8.695652173913021e-05,0.14095799206918969,137.0,541.5296379382289,,,,,,,False,,,,"example-reviewer",derived_from_reviewed_observations,,,continuous,0,9,curve-mfh-45deg-000010,derived_guide_constrained_curve_data,confirmed_continuous_curve,449,414,460
mfh-45deg,0.0019130434782608646,1.6677032470586255,8.695652173913021e-05,0.14095799206918969,138.0,540.549674448231,,,,,,,False,,,,"example-reviewer",derived_from_reviewed_observations,,,continuous,0,10,curve-mfh-45deg-000011,derived_guide_constrained_curve_data,confirmed_continuous_curve,449,414,460
mfh-45deg,0.002086956521739125,1.9767839490945107,8.695652173913021e-05,0.14095799206918969,139.0,539.4533169537082,,,,,,,False,,,,"example-reviewer",derived_from_reviewed_observations,,,continuous,0,11,curve-mfh-45deg-000012,derived_guide_constrained_curve_data,confirmed_continuous_curve,449,414,460
mfh-45deg,0.0022608695652173855,2.321568940049872,8.695652173913021e-05,0.14095799206918969,140.0,538.230310773306,,,,,,,False,,,,"example-reviewer",derived_from_reviewed_observations,,,continuous,0,12,curve-mfh-45deg-000013,derived_guide_constrained_curve_data,confirmed_continuous_curve,449,414,460
mfh-45deg,0.002434782608695646,2.704949178510873,8.695652173913021e-05,0.14095799206918969,141.0,536.8704012256698,,,,,,,False,,,,"example-reviewer",derived_from_reviewed_observations,,,continuous,0,13,curve-mfh-45deg-000014,derived_guide_constrained_curve_data,confirmed_continuous_curve,449,414,460
mfh-45deg,0.0026086956521739063,3.129815623063763,8.695652173913021e-05,0.14095799206918969,142.0,535.3633336294445,,,,,,,False,,,,"example-reviewer",derived_from_reviewed_observations,,,continuous,0,14,curve-mfh-45deg-000015,derived_guide_constrained_curve_data,confirmed_continuous_curve,449,414,460
mfh-45deg,0.00278260869565217,3.5990592322946213,8.695652173913368e-05,0.14095799206918969,143.0,533.6988533032754,,,,,,,False,,,,"example-reviewer",derived_from_reviewed_observations,,,continuous,0,15,curve-mfh-45deg-000016,derived_guide_constrained_curve_data,confirmed_continuous_curve,449,414,460
mfh-45deg,0.0029565217391304306,4.072509746937385,8.695652173913021e-05,0.14095799206918969,144.0,532.0194504269547,,,,,,,False,,,,"example-reviewer",derived_from_reviewed_observations,,,continuous,0,16,curve-mfh-45deg-000017,derived_guide_constrained_curve_data,confirmed_continuous_curve,449,414,460
mfh-45deg,0.003130434782608691,4.55495512276957,8.695652173913021e-05,0.14095799206918969,145.0,530.3081413739873,,,,,,,False,,,,"example-reviewer",derived_from_reviewed_observations,,,continuous,0,17,curve-mfh-45deg-000018,derived_guide_constrained_curve_data,confirmed_continuous_curve,449,414,460
mfh-45deg,0.0033043478260869515,5.125832600175698,8.695652173913021e-05,0.14095799206918969,146.0,528.2831498533718,,,,,,,False,,,,"example-reviewer",derived_from_reviewed_observations,,,continuous,0,18,curve-mfh-45deg-000019,derived_guide_constrained_curve_data,confirmed_continuous_curve,449,414,460
mfh-45deg,0.003478260869565212,5.846906332917911,8.695652173913021e-05,0.14095799206918969,147.0,525.7253887709483,,,,,,,False,,,,"example-reviewer",derived_from_reviewed_observations,,,continuous,0,19,curve-mfh-45deg-000020,derived_guide_constrained_curve_data,confirmed_continuous_curve,449,414,460
mfh-45deg,0.0036521739130434723,6.698271467713283,8.695652173913021e-05,0.14095799206918969,148.0,522.7054637482594,,,,,,,False,,,,"example-reviewer",derived_from_reviewed_observations,,,continuous,0,20,curve-mfh-45deg-000021,derived_guide_constrained_curve_data,confirmed_continuous_curve,449,414,460
mfh-45deg,0.0038260869565217327,7.64032926493519,8.695652173913021e-05,0.14095799206918969,149.0,519.3638376957274,,,,,,,False,,,,"example-reviewer",derived_from_reviewed_observations,,,continuous,0,21,curve-mfh-45deg-000022,derived_guide_constrained_curve_data,confirmed_continuous_curve,449,414,460
mfh-45deg,0.003999999999999993,8.63567728995639,8.695652173913021e-05,0.14095799206918969,150.0,515.8331828871206,,,,,,,False,,,,"example-reviewer",derived_from_reviewed_observations,,,continuous,0,22,curve-mfh-45deg-000023,derived_guide_constrained_curve_data,confirmed_continuous_curve,449,414,460
mfh-45deg,0.0041739130434782536,9.740982142368892,8.695652173913021e-05,0.14095799206918969,151.0,511.91249404859747,,,,,,,False,,,,"example-reviewer",derived_from_reviewed_observations,,,continuous,0,23,curve-mfh-45deg-000024,derived_guide_constrained_curve_data,confirmed_continuous_curve,449,414,460
mfh-45deg,0.004347826086956514,10.865337183865108,8.695652173913021e-05,0.14095799206918969,152.0,507.92423121585074,,,,,,,False,,,,"example-reviewer",derived_from_reviewed_observations,,,continuous,0,24,curve-mfh-45deg-000025,derived_guide_constrained_curve_data,confirmed_continuous_curve,449,414,460
mfh-45deg,0.004521739130434778,11.971631098336957,8.695652173913368e-05,0.14095799206918969,153.0,504.0000340198204,,,,,,,False,,,,"example-reviewer",derived_from_reviewed_observations,,,continuous,0,25,curve-mfh-45deg-000026,derived_guide_constrained_curve_data,confirmed_continuous_curve,449,414,460
mfh-45deg,0.004695652173913038,13.063123321202369,8.695652173913021e-05,0.14095799206918969,154.0,500.12834073431395,,,,,,,False,,,,"example-reviewer",derived_from_reviewed_observations,,,continuous,0,26,curve-mfh-45deg-000027,derived_guide_constrained_curve_data,confirmed_continuous_curve,449,414,460
mfh-45deg,0.004869565217391299,14.08947204469277,8.695652173913021e-05,0.14095799206918969,155.0,496.4877216093384,,,,,,,False,,,,"example-reviewer",derived_from_reviewed_observations,,,continuous,0,27,curve-mfh-45deg-000028,derived_guide_constrained_curve_data,confirmed_continuous_curve,449,414,460
mfh-45deg,0.005043478260869559,15.027281641892358,8.695652173913021e-05,0.14095799206918969,156.0,493.1611645853871,,,,,,,False,,,,"example-reviewer",derived_from_reviewed_observations,,,continuous,0,28,curve-mfh-45deg-000029,derived_guide_constrained_curve_data,confirmed_continuous_curve,449,414,460
mfh-45deg,0.0052173913043478196,15.88359971772357,8.695652173913021e-05,0.14095799206918969,157.0,490.1236707077396,,,,,,,False,,,,"example-reviewer",derived_from_reviewed_observations,,,continuous,0,29,curve-mfh-45deg-000030,derived_guide_constrained_curve_data,confirmed_continuous_curve,449,414,460
mfh-45deg,0.00539130434782608,16.601045861827686,8.695652173913021e-05,0.14095799206918969,158.0,487.57877724844565,,,,,,,False,,,,"example-reviewer",derived_from_reviewed_observations,,,continuous,0,30,curve-mfh-45deg-000031,derived_guide_constrained_curve_data,confirmed_continuous_curve,449,414,460
mfh-45deg,0.00556521739130434,17.267238222926437,8.695652173913021e-05,0.14095799206918969,159.0,485.2156889576738,,,,,,,False,,,,"example-reviewer",derived_from_reviewed_observations,,,continuous,0,31,curve-mfh-45deg-000032,derived_guide_constrained_curve_data,confirmed_continuous_curve,449,414,460
mfh-45deg,0.005739130434782601,17.88456800963965,8.695652173913021e-05,0.14095799206918969,160.0,483.02592384520597,,,,,,,False,,,,"example-reviewer",derived_from_reviewed_observations,,,continuous,0,32,curve-mfh-45deg-000033,derived_guide_constrained_curve_data,confirmed_continuous_curve,449,414,460
mfh-45deg,0.005913043478260861,18.46772712577905,8.695652173913021e-05,0.14095799206918969,161.0,480.9573674349628,,,,,,,False,,,,"example-reviewer",derived_from_reviewed_observations,,,continuous,0,33,curve-mfh-45deg-000034,derived_guide_constrained_curve_data,confirmed_continuous_curve,449,414,460
mfh-45deg,0.006086956521739122,19.05167018288276,8.695652173913368e-05,0.14095799206918969,162.0,478.8860302637539,,,,,,,False,,,,"example-reviewer",derived_from_reviewed_observations,,,continuous,0,34,curve-mfh-45deg-000035,derived_guide_constrained_curve_data,confirmed_continuous_curve,449,414,460
mfh-45deg,0.0062608695652173856,19.637250309903266,8.695652173913021e-05,0.14095799206918969,163.0,476.80888615001993,,,,,,,False,,,,"example-reviewer",derived_from_reviewed_observations,,,continuous,0,35,curve-mfh-45deg-000036,derived_guide_constrained_curve_data,confirmed_continuous_curve,449,414,460
mfh-45deg,0.006434782608695646,20.165368873289566,8.695652173913021e-05,0.14095799206918969,164.0,474.935567171671,,,,,,,False,,,,"example-reviewer",derived_from_reviewed_observations,,,continuous,0,36,curve-mfh-45deg-000037,derived_guide_constrained_curve_data,confirmed_continuous_curve,449,414,460
mfh-45deg,0.006608695652173906,20.70704106462594,8.695652173913021e-05,0.14095799206918969,165.0,473.01417135939755,,,,,,,False,,,,"example-reviewer",derived_from_reviewed_observations,,,continuous,0,37,curve-mfh-45deg-000038,derived_guide_constrained_curve_data,confirmed_continuous_curve,449,414,460
mfh-45deg,0.006782608695652167,21.234584952571964,8.695652173913021e-05,0.14095799206918969,166.0,471.14289084453634,,,,,,,False,,,,"example-reviewer",derived_from_reviewed_observations,,,continuous,0,38,curve-mfh-45deg-000039,derived_guide_constrained_curve_data,confirmed_continuous_curve,449,414,460
mfh-45deg,0.006956521739130427,21.759340478703393,8.695652173913021e-05,0.14095799206918969,167.0,469.28150108426684,,,,,,,False,,,,"example-reviewer",derived_from_reviewed_observations,,,continuous,0,39,curve-mfh-45deg-000040,derived_guide_constrained_curve_data,confirmed_continuous_curve,449,414,460
mfh-45deg,0.007130434782608688,22.27797117481927,8.695652173913021e-05,0.14095799206918969,168.0,467.4418370520871,,,,,,,False,,,,"example-reviewer",derived_from_reviewed_observations,,,continuous,0,40,curve-mfh-45deg-000041,derived_guide_constrained_curve_data,confirmed_continuous_curve,449,414,460
mfh-45deg,0.007304347826086948,22.785888733615252,8.695652173913021e-05,0.14095799206918969,169.0,465.6401741901945,,,,,,,False,,,,"example-reviewer",derived_from_reviewed_observations,,,continuous,0,41,curve-mfh-45deg-000042,derived_guide_constrained_curve_data,confirmed_continuous_curve,449,414,460
mfh-45deg,0.0074782608695652085,23.28038172173794,8.695652173913021e-05,0.14095799206918969,170.0,463.886130375921,,,,,,,False,,,,"example-reviewer",derived_from_reviewed_observations,,,continuous,0,42,curve-mfh-45deg-000043,derived_guide_constrained_curve_data,confirmed_continuous_curve,449,414,460
mfh-45deg,0.007652173913043469,23.78829928053392,8.695652173913021e-05,0.14095799206918969,171.0,462.0844675140284,,,,,,,False,,,,"example-reviewer",derived_from_reviewed_observations,,,continuous,0,43,curve-mfh-45deg-000044,derived_guide_constrained_curve_data,confirmed_continuous_curve,449,414,460
mfh-45deg,0.00782608695652173,24.2290939859636,8.695652173913368e-05,0.14095799206918969,172.0,460.52089989023114,,,,,,,False,,,,"example-reviewer",derived_from_reviewed_observations,,,continuous,0,44,curve-mfh-45deg-000045,derived_guide_constrained_curve_data,confirmed_continuous_curve,449,414,460
mfh-45deg,0.007999999999999993,24.683313262066548,8.695652173913021e-05,0.14095799206918969,173.0,458.9097132188148,,,,,,,False,,,,"example-reviewer",derived_from_reviewed_observations,,,continuous,0,45,curve-mfh-45deg-000046,derived_guide_constrained_curve_data,confirmed_continuous_curve,449,414,460
mfh-45deg,0.008173913043478254,25.137532538169495,8.695652173913021e-05,0.14095799206918969,174.0,457.29852654739835,,,,,,,False,,,,"example-reviewer",derived_from_reviewed_observations,,,continuous,0,46,curve-mfh-45deg-000047,derived_guide_constrained_curve_data,confirmed_continuous_curve,449,414,460
mfh-45deg,0.008347826086956514,25.591751814272442,8.695652173913021e-05,0.14095799206918969,175.0,455.687339875982,,,,,,,False,,,,"example-reviewer",derived_from_reviewed_observations,,,continuous,0,47,curve-mfh-45deg-000048,derived_guide_constrained_curve_data,confirmed_continuous_curve,449,414,460
mfh-45deg,0.008521739130434774,26.07298494439084,8.695652173913021e-05,0.14095799206918969,176.0,453.9803308477808,,,,,,,False,,,,"example-reviewer",derived_from_reviewed_observations,,,continuous,0,48,curve-mfh-45deg-000049,derived_guide_constrained_curve_data,confirmed_continuous_curve,449,414,460
mfh-45deg,0.008695652173913035,26.5681651110812,8.695652173913021e-05,0.14095799206917548,177.0,452.2238495038661,,,,,,,False,,,,"example-reviewer",derived_from_reviewed_observations,,,continuous,0,49,curve-mfh-45deg-000050,derived_guide_constrained_curve_data,confirmed_continuous_curve,449,414,460
mfh-45deg,0.008869565217391295,27.0508434180648,8.695652173913021e-05,0.14095799206918969,178.0,450.5117142077464,,,,,,,False,,,,"example-reviewer",derived_from_reviewed_observations,,,continuous,0,50,curve-mfh-45deg-000051,derived_guide_constrained_curve_data,confirmed_continuous_curve,449,414,460
mfh-45deg,0.009043478260869556,27.534887172920563,8.695652173913021e-05,0.14095799206917548,179.0,448.7947354548914,,,,,,,False,,,,"example-reviewer",derived_from_reviewed_observations,,,continuous,0,51,curve-mfh-45deg-000052,derived_guide_constrained_curve_data,confirmed_continuous_curve,449,414,460
mfh-45deg,0.009217391304347816,28.02078160439214,8.695652173913021e-05,0.14095799206917548,180.0,447.071192063208,,,,,,,False,,,,"example-reviewer",derived_from_reviewed_observations,,,continuous,0,52,curve-mfh-45deg-000053,derived_guide_constrained_curve_data,confirmed_continuous_curve,449,414,460
mfh-45deg,0.009391304347826077,28.50905443306098,8.695652173913021e-05,0.14095799206917548,181.0,445.33921212542197,,,,,,,False,,,,"example-reviewer",derived_from_reviewed_observations,,,continuous,0,53,curve-mfh-45deg-000054,derived_guide_constrained_curve_data,confirmed_continuous_curve,449,414,460
mfh-45deg,0.009565217391304337,29.000275871346645,8.695652173913021e-05,0.14095799206918969,182.0,443.59677300907657,,,,,,,False,,,,"example-reviewer",derived_from_reviewed_observations,,,continuous,0,54,curve-mfh-45deg-000055,derived_guide_constrained_curve_data,confirmed_continuous_curve,449,414,460
mfh-45deg,0.009739130434782597,29.447906149245313,8.695652173913021e-05,0.14095799206917548,183.0,442.0089585427674,,,,,,,False,,,,"example-reviewer",derived_from_reviewed_observations,,,continuous,0,55,curve-mfh-45deg-000056,derived_guide_constrained_curve_data,confirmed_continuous_curve,449,414,460
mfh-45deg,0.009913043478260858,29.852933416661955,8.695652173913021e-05,0.14095799206918969,184.0,440.57226360454115,,,,,,,False,,,,"example-reviewer",derived_from_reviewed_observations,,,continuous,0,56,curve-mfh-45deg-000057,derived_guide_constrained_curve_data,confirmed_continuous_curve,449,414,460
mfh-45deg,0.010086956521739118,30.276299452654712,8.695652173913021e-05,0.14095799206917548,185.0,439.07051819167737,,,,,,,False,,,,"example-reviewer",derived_from_reviewed_observations,,,continuous,0,57,curve-mfh-45deg-000058,derived_guide_constrained_curve_data,confirmed_continuous_curve,449,414,460
mfh-45deg,0.010260869565217379,30.701860900274042,8.695652173913021e-05,0.14095799206917548,186.0,437.56098531109234,,,,,,,False,,,,"example-reviewer",derived_from_reviewed_observations,,,continuous,0,58,curve-mfh-45deg-000059,derived_guide_constrained_curve_data,confirmed_continuous_curve,449,414,460
mfh-45deg,0.010434782608695639,31.153195720697056,8.695652173913715e-05,0.14095799206917548,187.0,435.9600302542073,,,,,,,False,,,,"example-reviewer",derived_from_reviewed_observations,,,continuous,0,59,curve-mfh-45deg-000060,derived_guide_constrained_curve_data,confirmed_continuous_curve,449,414,460
mfh-45deg,0.010608695652173906,31.603387607427692,8.695652173913021e-05,0.14095799206917548,188.0,434.3631293615297,,,,,,,False,,,,"example-reviewer",derived_from_reviewed_observations,,,continuous,0,60,curve-mfh-45deg-000061,derived_guide_constrained_curve_data,confirmed_continuous_curve,449,414,460
mfh-45deg,0.010782608695652167,32.06583645782767,8.695652173913021e-05,0.14095799206917548,189.0,432.7227511055276,,,,,,,False,,,,"example-reviewer",derived_from_reviewed_observations,,,continuous,0,61,curve-mfh-45deg-000062,derived_guide_constrained_curve_data,confirmed_continuous_curve,449,414,460
mfh-45deg,0.010956521739130427,32.52713551974999,8.695652173913021e-05,0.14095799206917548,190.0,431.08645132872624,,,,,,,False,,,,"example-reviewer",derived_from_reviewed_observations,,,continuous,0,62,curve-mfh-45deg-000063,derived_guide_constrained_curve_data,confirmed_continuous_curve,449,414,460
mfh-45deg,0.011130434782608688,33.000769674232274,8.695652173913021e-05,0.14095799206918969,191.0,429.4063970532303,,,,,,,False,,,,"example-reviewer",derived_from_reviewed_observations,,,continuous,0,63,curve-mfh-45deg-000064,derived_guide_constrained_curve_data,confirmed_continuous_curve,449,414,460
mfh-45deg,0.011304347826086948,33.4599925821302,8.695652173913021e-05,0.14095799206917548,192.0,427.77746171882035,,,,,,,False,,,,"example-reviewer",derived_from_reviewed_observations,,,continuous,0,64,curve-mfh-45deg-000065,derived_guide_constrained_curve_data,confirmed_continuous_curve,449,414,460
mfh-45deg,0.011478260869565209,33.918374108157124,8.695652173913021e-05,0.14095799206917548,193.0,426.1515108972381,,,,,,,False,,,,"example-reviewer",derived_from_reviewed_observations,,,continuous,0,65,curve-mfh-45deg-000066,derived_guide_constrained_curve_data,confirmed_continuous_curve,449,414,460
mfh-45deg,0.011652173913043469,34.37610203819115,8.695652173913021e-05,0.14095799206917548,194.0,424.52787848266246,,,,,,,False,,,,"example-reviewer",derived_from_reviewed_observations,,,continuous,0,66,curve-mfh-45deg-000067,derived_guide_constrained_curve_data,confirmed_continuous_curve,449,414,460
mfh-45deg,0.01182608695652173,34.8334066499483,8.695652173913021e-05,0.14095799206917548,195.0,422.90574764409064,,,,,,,False,,,,"example-reviewer",derived_from_reviewed_observations,,,continuous,0,67,curve-mfh-45deg-000068,derived_guide_constrained_curve_data,confirmed_continuous_curve,449,414,460
mfh-45deg,0.01199999999999999,35.27713614230923,8.695652173913021e-05,0.14095799206917548,196.0,421.33176987295735,,,,,,,False,,,,"example-reviewer",derived_from_reviewed_observations,,,continuous,0,68,curve-mfh-45deg-000069,derived_guide_constrained_curve_data,confirmed_continuous_curve,449,414,460
mfh-45deg,0.01217391304347825,35.68059192265038,8.695652173913021e-05,0.14095799206917548,197.0,419.9006492446813,,,,,,,False,,,,"example-reviewer",derived_from_reviewed_observations,,,continuous,0,69,curve-mfh-45deg-000070,derived_guide_constrained_curve_data,confirmed_continuous_curve,449,414,460
mfh-45deg,0.01234782608695651,36.09747227366479,8.695652173913021e-05,0.14095799206917548,198.0,418.42190956878613,,,,,,,False,,,,"example-reviewer",derived_from_reviewed_observations,,,continuous,0,70,curve-mfh-45deg-000071,derived_guide_constrained_curve_data,confirmed_continuous_curve,449,414,460
mfh-45deg,0.012521739130434771,36.51435262467922,8.695652173913021e-05,0.14095799206917548,199.0,416.9431698928909,,,,,,,False,,,,"example-reviewer",derived_from_reviewed_observations,,,continuous,0,71,curve-mfh-45deg-000072,derived_guide_constrained_curve_data,confirmed_continuous_curve,449,414,460
mfh-45deg,0.012695652173913032,36.93123297569363,8.695652173913021e-05,0.14095799206917548,200.0,415.46443021699577,,,,,,,False,,,,"example-reviewer",derived_from_reviewed_observations,,,continuous,0,72,curve-mfh-45deg-000073,derived_guide_constrained_curve_data,confirmed_continuous_curve,449,414,460
mfh-45deg,0.012869565217391292,37.32126418536154,8.695652173913021e-05,0.14095799206917548,201.0,414.0809286363387,,,,,,,False,,,,"example-reviewer",derived_from_reviewed_observations,,,continuous,0,73,curve-mfh-45deg-000074,derived_guide_constrained_curve_data,confirmed_continuous_curve,449,414,460
mfh-45deg,0.013043478260869552,37.724719965702704,8.695652173913021e-05,0.14095799206918969,202.0,412.64980800806256,,,,,,,False,,,,"example-reviewer",derived_from_reviewed_observations,,,continuous,0,74,curve-mfh-45deg-000075,derived_guide_constrained_curve_data,confirmed_continuous_curve,449,414,460
mfh-45deg,0.013217391304347813,38.11475117537057,8.695652173913021e-05,0.14095799206917548,203.0,411.2663064274056,,,,,,,False,,,,"example-reviewer",derived_from_reviewed_observations,,,continuous,0,75,curve-mfh-45deg-000076,derived_guide_constrained_curve_data,confirmed_continuous_curve,449,414,460
mfh-45deg,0.013391304347826073,38.50474596921232,8.695652173913021e-05,0.14095799206917548,204.0,409.88293401936807,,,,,,,False,,,,"example-reviewer",derived_from_reviewed_observations,,,continuous,0,76,curve-mfh-45deg-000077,derived_guide_constrained_curve_data,confirmed_continuous_curve,449,414,460
mfh-45deg,0.013565217391304334,38.90805638687067,8.695652173913021e-05,0.14095799206917548,205.0,408.4523290152175,,,,,,,False,,,,"example-reviewer",derived_from_reviewed_observations,,,continuous,0,77,curve-mfh-45deg-000078,derived_guide_constrained_curve_data,confirmed_continuous_curve,449,414,460
mfh-45deg,0.013739130434782594,39.31118577757486,8.695652173913021e-05,0.14095799206918969,206.0,407.02236614192987,,,,,,,False,,,,"example-reviewer",derived_from_reviewed_observations,,,continuous,0,78,curve-mfh-45deg-000079,derived_guide_constrained_curve_data,confirmed_continuous_curve,449,414,460
mfh-45deg,0.013913043478260861,39.70063794148703,8.695652173913715e-05,0.14095799206917548,207.0,405.6409185269517,,,,,,,False,,,,"example-reviewer",derived_from_reviewed_observations,,,continuous,0,79,curve-mfh-45deg-000080,derived_guide_constrained_curve_data,confirmed_continuous_curve,449,414,460
mfh-45deg,0.014086956521739122,40.08976627104866,8.695652173913021e-05,0.14095799206917548,208.0,404.2606196029621,,,,,,,False,,,,"example-reviewer",derived_from_reviewed_observations,,,continuous,0,80,curve-mfh-45deg-000081,derived_guide_constrained_curve_data,confirmed_continuous_curve,449,414,460
mfh-45deg,0.014260869565217382,40.47850003896093,8.695652173913021e-05,0.14095799206917548,209.0,402.8817202507299,,,,,,,False,,,,"example-reviewer",derived_from_reviewed_observations,,,continuous,0,81,curve-mfh-45deg-000082,derived_guide_constrained_curve_data,confirmed_continuous_curve,449,414,460
mfh-45deg,0.014434782608695643,40.85334439818472,8.695652173913021e-05,0.14095799206917548,210.0,401.5520887991134,,,,,,,False,,,,"example-reviewer",derived_from_reviewed_observations,,,continuous,0,82,curve-mfh-45deg-000083,derived_guide_constrained_curve_data,confirmed_continuous_curve,449,414,460
mfh-45deg,0.014608695652173903,41.24107866463342,8.695652173913021e-05,0.14095799206917548,211.0,400.17673483458464,,,,,,,False,,,,"example-reviewer",derived_from_reviewed_observations,,,continuous,0,83,curve-mfh-45deg-000084,derived_guide_constrained_curve_data,confirmed_continuous_curve,449,414,460
mfh-45deg,0.014782608695652164,41.61478432246052,8.695652173913021e-05,0.14095799206917548,212.0,398.85114253456203,,,,,,,False,,,,"example-reviewer",derived_from_reviewed_observations,,,continuous,0,84,curve-mfh-45deg-000085,derived_guide_constrained_curve_data,confirmed_continuous_curve,449,414,460
mfh-45deg,0.014956521739130424,42.00124158944523,8.695652173913021e-05,0.14095799206917548,213.0,397.4803182864589,,,,,,,False,,,,"example-reviewer",derived_from_reviewed_observations,,,continuous,0,85,curve-mfh-45deg-000086,derived_guide_constrained_curve_data,confirmed_continuous_curve,449,414,460
mfh-45deg,0.015130434782608684,42.374297583956675,8.695652173913021e-05,0.14095799206918969,214.0,396.15703044362283,,,,,,,False,,,,"example-reviewer",derived_from_reviewed_observations,,,continuous,0,86,curve-mfh-45deg-000087,derived_guide_constrained_curve_data,confirmed_continuous_curve,449,414,460
mfh-45deg,0.015304347826086945,42.72121813290947,8.695652173913021e-05,0.14095799206917548,215.0,394.9264491056646,,,,,,,False,,,,"example-reviewer",derived_from_reviewed_observations,,,continuous,0,87,curve-mfh-45deg-000088,derived_guide_constrained_curve_data,confirmed_continuous_curve,449,414,460
mfh-45deg,0.015478260869565205,43.06877533729066,8.695652173913021e-05,0.14095799206917548,216.0,393.6936094515263,,,,,,,False,,,,"example-reviewer",derived_from_reviewed_observations,,,continuous,0,88,curve-mfh-45deg-000089,derived_guide_constrained_curve_data,confirmed_continuous_curve,449,414,460
mfh-45deg,0.015652173913043466,43.430317178346925,8.695652173913021e-05,0.14095799206918969,217.0,392.41116410823975,,,,,,,False,,,,"example-reviewer",derived_from_reviewed_observations,,,continuous,0,89,curve-mfh-45deg-000090,derived_guide_constrained_curve_data,confirmed_continuous_curve,449,414,460
mfh-45deg,0.015826086956521726,43.79234294691135,8.695652173913021e-05,0.14095799206917548,218.0,391.1270021985456,,,,,,,False,,,,"example-reviewer",derived_from_reviewed_observations,,,continuous,0,90,curve-mfh-45deg-000091,derived_guide_constrained_curve_data,confirmed_continuous_curve,449,414,460
mfh-45deg,0.015999999999999986,44.12792781407664,8.695652173913021e-05,0.14095799206917548,219.0,389.936630293274,,,,,,,False,,,,"example-reviewer",derived_from_reviewed_observations,,,continuous,0,91,curve-mfh-45deg-000092,derived_guide_constrained_curve_data,confirmed_continuous_curve,449,414,460
mfh-45deg,0.016173913043478247,44.45042111388821,8.695652173913021e-05,0.14095799206917548,220.0,388.79269622086855,,,,,,,False,,,,"example-reviewer",derived_from_reviewed_observations,,,continuous,0,92,curve-mfh-45deg-000093,derived_guide_constrained_curve_data,confirmed_continuous_curve,449,414,460
mfh-45deg,0.016347826086956507,44.786597201997665,8.695652173913021e-05,0.14095799206917548,221.0,387.6002271626243,,,,,,,False,,,,"example-reviewer",derived_from_reviewed_observations,,,continuous,0,93,curve-mfh-45deg-000094,derived_guide_constrained_curve_data,confirmed_continuous_curve,449,414,460
mfh-45deg,0.016521739130434768,45.14980631431618,8.695652173913021e-05,0.14095799206917548,222.0,386.31186774792627,,,,,,,False,,,,"example-reviewer",derived_from_reviewed_observations,,,continuous,0,94,curve-mfh-45deg-000095,derived_guide_constrained_curve_data,confirmed_continuous_curve,449,414,460
mfh-45deg,0.016695652173913028,45.49970085499481,8.695652173913021e-05,0.14095799206917548,223.0,385.07073719710615,,,,,,,False,,,,"example-reviewer",derived_from_reviewed_observations,,,continuous,0,95,curve-mfh-45deg-000096,derived_guide_constrained_curve_data,confirmed_continuous_curve,449,414,460
mfh-45deg,0.01686956521739129,45.8496319618106,8.695652173913021e-05,0.14095799206917548,224.0,383.82947694048994,,,,,,,False,,,,"example-reviewer",derived_from_reviewed_observations,,,continuous,0,96,curve-mfh-45deg-000097,derived_guide_constrained_curve_data,confirmed_continuous_curve,449,414,460
mfh-45deg,0.01704347826086955,46.21298763929967,8.695652173913021e-05,0.14095799206917548,225.0,382.5405976362546,,,,,,,False,,,,"example-reviewer",derived_from_reviewed_observations,,,continuous,0,97,curve-mfh-45deg-000098,derived_guide_constrained_curve_data,confirmed_continuous_curve,449,414,460
mfh-45deg,0.01721739130434781,46.56291874611547,8.695652173913715e-05,0.14095799206917548,226.0,381.2993373796383,,,,,,,False,,,,"example-reviewer",derived_from_reviewed_observations,,,continuous,0,98,curve-mfh-45deg-000099,derived_guide_constrained_curve_data,confirmed_continuous_curve,449,414,460
mfh-45deg,0.017391304347826077,46.91284985293126,8.695652173913021e-05,0.14095799206917548,227.0,380.0580771230221,,,,,,,False,,,,"example-reviewer",derived_from_reviewed_observations,,,continuous,0,99,curve-mfh-45deg-000100,derived_guide_constrained_curve_data,confirmed_continuous_curve,449,414,460
mfh-45deg,0.017565217391304337,47.26278095974706,8.695652173913021e-05,0.14095799206917548,228.0,378.8168168664058,,,,,,,False,,,,"example-reviewer",derived_from_reviewed_observations,,,continuous,0,100,curve-mfh-45deg-000101,derived_guide_constrained_curve_data,confirmed_continuous_curve,449,414,460
mfh-45deg,0.017739130434782598,47.599287495889584,8.695652173913021e-05,0.14095799206917548,229.0,377.62317565740864,,,,,,,False,,,,"example-reviewer",derived_from_reviewed_observations,,,continuous,0,101,curve-mfh-45deg-000102,derived_guide_constrained_curve_data,confirmed_continuous_curve,449,414,460
mfh-45deg,0.017913043478260858,47.949218602705386,8.695652173913021e-05,0.14095799206917548,230.0,376.38191540079237,,,,,,,False,,,,"example-reviewer",derived_from_reviewed_observations,,,continuous,0,102,curve-mfh-45deg-000103,derived_guide_constrained_curve_data,confirmed_continuous_curve,449,414,460
mfh-45deg,0.01808695652173912,48.28572513884794,8.695652173913021e-05,0.14095799206917548,231.0,375.18827419179513,,,,,,,False,,,,"example-reviewer",derived_from_reviewed_observations,,,continuous,0,103,curve-mfh-45deg-000104,derived_guide_constrained_curve_data,confirmed_continuous_curve,449,414,460
mfh-45deg,0.01826086956521738,48.60880710431722,8.695652173913021e-05,0.14095799206917548,232.0,374.042252030417,,,,,,,False,,,,"example-reviewer",derived_from_reviewed_observations,,,continuous,0,104,curve-mfh-45deg-000105,derived_guide_constrained_curve_data,confirmed_continuous_curve,449,414,460
mfh-45deg,0.01843478260869564,48.93189022022442,8.695652173913021e-05,0.14095799206917548,233.0,372.896225788256,,,,,,,False,,,,"example-reviewer",derived_from_reviewed_observations,,,continuous,0,105,curve-mfh-45deg-000106,derived_guide_constrained_curve_data,confirmed_continuous_curve,449,414,460
mfh-45deg,0.0186086956521739,49.24154649801646,8.695652173913021e-05,0.14095799206918969,234.0,371.79782663668436,,,,,,,False,,,,"example-reviewer",derived_from_reviewed_observations,,,continuous,0,106,curve-mfh-45deg-000107,derived_guide_constrained_curve_data,confirmed_continuous_curve,449,414,460
mfh-45deg,0.01878260869565216,49.56461308302687,8.695652173913021e-05,0.14095799206918969,235.0,370.6518590321946,,,,,,,False,,,,"example-reviewer",derived_from_reviewed_observations,,,continuous,0,107,curve-mfh-45deg-000108,derived_guide_constrained_curve_data,confirmed_continuous_curve,449,414,460
mfh-45deg,0.01895652173913042,49.90106940110927,8.695652173913021e-05,0.14095799206917548,236.0,369.45839595449524,,,,,,,False,,,,"example-reviewer",derived_from_reviewed_observations,,,continuous,0,108,curve-mfh-45deg-000109,derived_guide_constrained_curve_data,confirmed_continuous_curve,449,414,460
mfh-45deg,0.01913043478260868,50.2240371586375,8.695652173913021e-05,0.14095799206917548,237.0,368.31277890651074,,,,,,,False,,,,"example-reviewer",derived_from_reviewed_observations,,,continuous,0,109,curve-mfh-45deg-000110,derived_guide_constrained_curve_data,confirmed_continuous_curve,449,414,460
mfh-45deg,0.01930434782608694,50.5334786251986,8.695652173913021e-05,0.14095799206917548,238.0,367.21514172390516,,,,,,,False,,,,"example-reviewer",derived_from_reviewed_observations,,,continuous,0,110,curve-mfh-45deg-000111,derived_guide_constrained_curve_data,confirmed_continuous_curve,449,414,460
mfh-45deg,0.019478260869565202,50.82934749224631,8.695652173913021e-05,0.14095799206917548,239.0,366.1656486703204,,,,,,,False,,,,"example-reviewer",derived_from_reviewed_observations,,,continuous,0,111,curve-mfh-45deg-000112,derived_guide_constrained_curve_data,confirmed_continuous_curve,449,414,460
mfh-45deg,0.019652173913043462,51.138438014447544,8.695652173913021e-05,0.14095799206917548,240.0,365.0692563421382,,,,,,,False,,,,"example-reviewer",derived_from_reviewed_observations,,,continuous,0,112,curve-mfh-45deg-000113,derived_guide_constrained_curve_data,confirmed_continuous_curve,449,414,460
mfh-45deg,0.019826086956521723,51.46068672698951,8.695652173913021e-05,0.14095799206917548,241.0,363.9261898589557,,,,,,,False,,,,"example-reviewer",derived_from_reviewed_observations,,,continuous,0,113,curve-mfh-45deg-000114,derived_guide_constrained_curve_data,confirmed_continuous_curve,449,414,460
mfh-45deg,0.019999999999999983,51.76917244557944,8.695652173913021e-05,0.14095799206917548,242.0,362.8319428635865,,,,,,,False,,,,"example-reviewer",derived_from_reviewed_observations,,,continuous,0,114,curve-mfh-45deg-000115,derived_guide_constrained_curve_data,confirmed_continuous_curve,449,414,460
mfh-45deg,0.020173913043478243,52.06379038994221,8.695652173913021e-05,0.14095799206917548,243.0,361.78688702802174,,,,,,,False,,,,"example-reviewer",derived_from_reviewed_observations,,,continuous,0,115,curve-mfh-45deg-000116,derived_guide_constrained_curve_data,confirmed_continuous_curve,449,414,460
mfh-45deg,0.020347826086956504,52.35797186620877,8.695652173913021e-05,0.14095799206917548,244.0,360.74337941292254,,,,,,,False,,,,"example-reviewer",derived_from_reviewed_observations,,,continuous,0,116,curve-mfh-45deg-000117,derived_guide_constrained_curve_data,confirmed_continuous_curve,449,414,460
mfh-45deg,0.020521739130434764,52.651799237832336,8.695652173913021e-05,0.14095799206917548,245.0,359.70112786226423,,,,,,,False,,,,"example-reviewer",derived_from_reviewed_observations,,,continuous,0,117,curve-mfh-45deg-000118,derived_guide_constrained_curve_data,confirmed_continuous_curve,449,414,460
mfh-45deg,0.020695652173913025,52.93192171945971,8.695652173913715e-05,0.14095799206917548,246.0,358.70748969561845,,,,,,,False,,,,"example-reviewer",derived_from_reviewed_observations,,,continuous,0,118,curve-mfh-45deg-000119,derived_guide_constrained_curve_data,confirmed_continuous_curve,449,414,460
mfh-45deg,0.020869565217391292,53.19840451827751,8.695652173913021e-05,0.14095799206917548,247.0,357.7622336129161,,,,,,,False,,,,"example-reviewer",derived_from_reviewed_observations,,,continuous,0,119,curve-mfh-45deg-000120,derived_guide_constrained_curve_data,confirmed_continuous_curve,449,414,460
mfh-45deg,0.021043478260869553,53.464728834012334,8.695652173913021e-05,0.14095799206917548,248.0,356.8175396944467,,,,,,,False,,,,"example-reviewer",derived_from_reviewed_observations,,,continuous,0,120,curve-mfh-45deg-000121,derived_guide_constrained_curve_data,confirmed_continuous_curve,449,414,460
mfh-45deg,0.021217391304347813,53.74436728825752,8.695652173913021e-05,0.14095799206917548,249.0,355.8256184484773,,,,,,,False,,,,"example-reviewer",derived_from_reviewed_observations,,,continuous,0,121,curve-mfh-45deg-000122,derived_guide_constrained_curve_data,confirmed_continuous_curve,449,414,460
mfh-45deg,0.021391304347826073,54.023934783126606,8.695652173913021e-05,0.14095799206917548,250.0,354.83394890649106,,,,,,,False,,,,"example-reviewer",derived_from_reviewed_observations,,,continuous,0,122,curve-mfh-45deg-000123,derived_guide_constrained_curve_data,confirmed_continuous_curve,449,414,460
mfh-45deg,0.021565217391304334,54.27661307192653,8.695652173913021e-05,0.14095799206917548,251.0,353.93765957556786,,,,,,,False,,,,"example-reviewer",derived_from_reviewed_observations,,,continuous,0,123,curve-mfh-45deg-000124,derived_guide_constrained_curve_data,confirmed_continuous_curve,449,414,460
mfh-45deg,0.021739130434782594,54.542698183197174,8.695652173913021e-05,0.14095799206917548,252.0,352.9938141526703,,,,,,,False,,,,"example-reviewer",derived_from_reviewed_observations,,,continuous,0,124,curve-mfh-45deg-000125,derived_guide_constrained_curve_data,confirmed_continuous_curve,449,414,460
mfh-45deg,0.021913043478260855,54.82220385532543,8.695652173913021e-05,0.14095799206917548,253.0,352.0023639055957,,,,,,,False,,,,"example-reviewer",derived_from_reviewed_observations,,,continuous,0,125,curve-mfh-45deg-000126,derived_guide_constrained_curve_data,confirmed_continuous_curve,449,414,460
mfh-45deg,0.022086956521739115,55.088284956780385,8.695652173913021e-05,0.14095799206917548,254.0,351.0585327061403,,,,,,,False,,,,"example-reviewer",derived_from_reviewed_observations,,,continuous,0,126,curve-mfh-45deg-000127,derived_guide_constrained_curve_data,confirmed_continuous_curve,449,414,460
mfh-45deg,0.022260869565217375,55.36779062890862,8.695652173913021e-05,0.14095799206917548,255.0,350.0670824590657,,,,,,,False,,,,"example-reviewer",derived_from_reviewed_observations,,,continuous,0,127,curve-mfh-45deg-000128,derived_guide_constrained_curve_data,confirmed_continuous_curve,449,414,460
mfh-45deg,0.022434782608695636,55.62044715969034,8.695652173913021e-05,0.14095799206917548,256.0,349.1708703072293,,,,,,,False,,,,"example-reviewer",derived_from_reviewed_observations,,,continuous,0,128,curve-mfh-45deg-000129,derived_guide_constrained_curve_data,confirmed_continuous_curve,449,414,460
mfh-45deg,0.022608695652173896,55.85967911979883,8.695652173913021e-05,0.14095799206917548,257.0,348.3222772030118,,,,,,,False,,,,"example-reviewer",derived_from_reviewed_observations,,,continuous,0,129,curve-mfh-45deg-000130,derived_guide_constrained_curve_data,confirmed_continuous_curve,449,414,460
mfh-45deg,0.022782608695652157,56.11233565058055,8.695652173913021e-05,0.14095799206917548,258.0,347.4260650511754,,,,,,,False,,,,"example-reviewer",derived_from_reviewed_observations,,,continuous,0,130,curve-mfh-45deg-000131,derived_guide_constrained_curve_data,confirmed_continuous_curve,449,414,460
mfh-45deg,0.022956521739130417,56.36499218136228,8.695652173913021e-05,0.14095799206917548,259.0,346.5298528993389,,,,,,,False,,,,"example-reviewer",derived_from_reviewed_observations,,,continuous,0,131,curve-mfh-45deg-000132,derived_guide_constrained_curve_data,confirmed_continuous_curve,449,414,460
mfh-45deg,0.023130434782608678,56.631073282817255,8.695652173913021e-05,0.14095799206917548,260.0,345.5860216998834,,,,,,,False,,,,"example-reviewer",derived_from_reviewed_observations,,,continuous,0,132,curve-mfh-45deg-000133,derived_guide_constrained_curve_data,confirmed_continuous_curve,449,414,460
mfh-45deg,0.023304347826086938,56.883729813598976,8.695652173913021e-05,0.14095799206917548,261.0,344.689809548047,,,,,,,False,,,,"example-reviewer",derived_from_reviewed_observations,,,continuous,0,133,curve-mfh-45deg-000134,derived_guide_constrained_curve_data,confirmed_continuous_curve,449,414,460
mfh-45deg,0.0234782608695652,57.13633924842266,8.695652173913021e-05,0.14095799206918969,262.0,343.7937644529249,,,,,,,False,,,,"example-reviewer",derived_from_reviewed_observations,,,continuous,0,134,curve-mfh-45deg-000135,derived_guide_constrained_curve_data,confirmed_continuous_curve,449,414,460
mfh-45deg,0.02365217391304346,57.388822366469384,8.695652173913021e-05,0.14095799206917548,263.0,342.8981674231275,,,,,,,False,,,,"example-reviewer",derived_from_reviewed_observations,,,continuous,0,135,curve-mfh-45deg-000136,derived_guide_constrained_curve_data,confirmed_continuous_curve,449,414,460
mfh-45deg,0.02382608695652172,57.64112240356596,8.695652173913021e-05,0.14095799206917548,264.0,342.00321981003736,,,,,,,False,,,,"example-reviewer",derived_from_reviewed_observations,,,continuous,0,136,curve-mfh-45deg-000137,derived_guide_constrained_curve_data,confirmed_continuous_curve,449,414,460
mfh-45deg,0.02399999999999998,57.893205052184896,8.695652173913021e-05,0.14095799206917548,265.0,341.1090433078096,,,,,,,False,,,,"example-reviewer",derived_from_reviewed_observations,,,continuous,0,137,curve-mfh-45deg-000138,derived_guide_constrained_curve_data,confirmed_continuous_curve,449,414,460
mfh-45deg,0.024173913043478247,58.1316338907713,8.695652173913715e-05,0.14095799206917548,266.0,340.2632990009902,,,,,,,False,,,,"example-reviewer",derived_from_reviewed_observations,,,continuous,0,138,curve-mfh-45deg-000139,derived_guide_constrained_curve_data,confirmed_continuous_curve,449,414,460
mfh-45deg,0.024347826086956507,58.36984409576239,8.695652173913021e-05,0.14095799206917548,267.0,339.41833022165986,,,,,,,False,,,,"example-reviewer",derived_from_reviewed_observations,,,continuous,0,139,curve-mfh-45deg-000140,derived_guide_constrained_curve_data,confirmed_continuous_curve,449,414,460
mfh-45deg,0.024521739130434768,58.621293300241206,8.695652173913021e-05,0.14095799206917548,268.0,338.52640064467136,,,,,,,False,,,,"example-reviewer",derived_from_reviewed_observations,,,continuous,0,140,curve-mfh-45deg-000141,derived_guide_constrained_curve_data,confirmed_continuous_curve,449,414,460
mfh-45deg,0.02469565217391303,58.85918788191675,8.695652173913021e-05,0.14095799206917548,269.0,337.6825514305069,,,,,,,False,,,,"example-reviewer",derived_from_reviewed_observations,,,continuous,0,141,curve-mfh-45deg-000142,derived_guide_constrained_curve_data,confirmed_continuous_curve,449,414,460
mfh-45deg,0.02486956521739129,59.0970303871635,8.695652173913021e-05,0.14095799206917548,270.0,336.838886939564,,,,,,,False,,,,"example-reviewer",derived_from_reviewed_observations,,,continuous,0,142,curve-mfh-45deg-000143,derived_guide_constrained_curve_data,confirmed_continuous_curve,449,414,460
mfh-45deg,0.02504347826086955,59.32149667765519,8.695652173913021e-05,0.14095799206917548,271.0,336.0426699702505,,,,,,,False,,,,"example-reviewer",derived_from_reviewed_observations,,,continuous,0,143,curve-mfh-45deg-000144,derived_guide_constrained_curve_data,confirmed_continuous_curve,449,414,460
mfh-45deg,0.02521739130434781,59.56054779884994,8.695652173913021e-05,0.14095799206917548,272.0,335.19471832988717,,,,,,,False,,,,"example-reviewer",derived_from_reviewed_observations,,,continuous,0,144,curve-mfh-45deg-000145,derived_guide_constrained_curve_data,confirmed_continuous_curve,449,414,460
mfh-45deg,0.02539130434782607,59.80157914779144,8.695652173913021e-05,0.14095799206917548,273.0,334.3397425126124,,,,,,,False,,,,"example-reviewer",derived_from_reviewed_observations,,,continuous,0,145,curve-mfh-45deg-000146,derived_guide_constrained_curve_data,confirmed_continuous_curve,449,414,460
mfh-45deg,0.02556521739130433,60.030862366530215,8.695652173913021e-05,0.14095799206917548,274.0,333.5264391469322,,,,,,,False,,,,"example-reviewer",derived_from_reviewed_observations,,,continuous,0,146,curve-mfh-45deg-000147,derived_guide_constrained_curve_data,confirmed_continuous_curve,449,414,460
mfh-45deg,0.02573913043478259,60.27496526578217,8.695652173913021e-05,0.14095799206917548,275.0,332.66056806126807,,,,,,,False,,,,"example-reviewer",derived_from_reviewed_observations,,,continuous,0,147,curve-mfh-45deg-000148,derived_guide_constrained_curve_data,confirmed_continuous_curve,449,414,460
mfh-45deg,0.02591304347826085,60.49335525954271,8.695652173913021e-05,0.14095799206917548,276.0,331.88590466490894,,,,,,,False,,,,"example-reviewer",derived_from_reviewed_observations,,,continuous,0,148,curve-mfh-45deg-000149,derived_guide_constrained_curve_data,confirmed_continuous_curve,449,414,460
mfh-45deg,0.02608695652173911,60.726069642492476,8.695652173913021e-05,0.14095799206917548,277.0,331.06043042420197,,,,,,,False,,,,"example-reviewer",derived_from_reviewed_observations,,,continuous,0,149,curve-mfh-45deg-000150,derived_guide_constrained_curve_data,confirmed_continuous_curve,449,414,460
mfh-45deg,0.026260869565217372,60.97289445393818,8.695652173913021e-05,0.14095799206917548,278.0,330.18490429112336,,,,,,,False,,,,"example-reviewer",derived_from_reviewed_observations,,,continuous,0,150,curve-mfh-45deg-000151,derived_guide_constrained_curve_data,confirmed_continuous_curve,449,414,460
mfh-45deg,0.026434782608695633,61.22021361915891,8.695652173913021e-05,0.14095799206917548,279.0,329.30762460804107,,,,,,,False,,,,"example-reviewer",derived_from_reviewed_observations,,,continuous,0,151,curve-mfh-45deg-000152,derived_guide_constrained_curve_data,confirmed_continuous_curve,449,414,460
mfh-45deg,0.026608695652173893,61.46785809075283,8.695652173913021e-05,0.14095799206917548,280.0,328.429191012476,,,,,,,False,,,,"example-reviewer",derived_from_reviewed_observations,,,continuous,0,152,curve-mfh-45deg-000153,derived_guide_constrained_curve_data,confirmed_continuous_curve,449,414,460
mfh-45deg,0.026782608695652153,61.71568127796375,8.695652173913021e-05,0.14095799206917548,281.0,327.55012348472167,,,,,,,False,,,,"example-reviewer",derived_from_reviewed_observations,,,continuous,0,153,curve-mfh-45deg-000154,derived_guide_constrained_curve_data,confirmed_continuous_curve,449,414,460
mfh-45deg,0.026956521739130414,61.95013447600802,8.695652173913021e-05,0.14095799206917548,282.0,326.7184813954629,,,,,,,False,,,,"example-reviewer",derived_from_reviewed_observations,,,continuous,0,154,curve-mfh-45deg-000155,derived_guide_constrained_curve_data,confirmed_continuous_curve,449,414,460
mfh-45deg,0.027130434782608674,62.184587674052324,8.695652173913021e-05,0.14095799206917548,283.0,325.88683930620397,,,,,,,False,,,,"example-reviewer",derived_from_reviewed_observations,,,continuous,0,155,curve-mfh-45deg-000156,derived_guide_constrained_curve_data,confirmed_continuous_curve,449,414,460
mfh-45deg,0.027304347826086935,62.419040872096616,8.695652173913021e-05,0.14095799206917548,284.0,325.0551972169451,,,,,,,False,,,,"example-reviewer",derived_from_reviewed_observations,,,continuous,0,156,curve-mfh-45deg-000157,derived_guide_constrained_curve_data,confirmed_continuous_curve,449,414,460
mfh-45deg,0.027478260869565195,62.653494070140894,8.695652173913021e-05,0.14095799206917548,285.0,324.22355512768627,,,,,,,False,,,,"example-reviewer",derived_from_reviewed_observations,,,continuous,0,157,curve-mfh-45deg-000158,derived_guide_constrained_curve_data,confirmed_continuous_curve,449,414,460
mfh-45deg,0.027652173913043462,62.87452269751192,8.695652173913715e-05,0.14095799206917548,286.0,323.4395320860465,,,,,,,False,,,,"example-reviewer",derived_from_reviewed_observations,,,continuous,0,158,curve-mfh-45deg-000159,derived_guide_constrained_curve_data,confirmed_continuous_curve,449,414,460
mfh-45deg,0.027826086956521723,63.1089758955562,8.695652173913021e-05,0.14095799206917548,287.0,322.60788999678766,,,,,,,False,,,,"example-reviewer",derived_from_reviewed_observations,,,continuous,0,159,curve-mfh-45deg-000160,derived_guide_constrained_curve_data,confirmed_continuous_curve,449,414,460
mfh-45deg,0.027999999999999983,63.330004522927254,8.695652173913021e-05,0.14095799206917548,288.0,321.82386695514776,,,,,,,False,,,,"example-reviewer",derived_from_reviewed_observations,,,continuous,0,160,curve-mfh-45deg-000161,derived_guide_constrained_curve_data,confirmed_continuous_curve,449,414,460
mfh-45deg,0.028173913043478244,63.56445772097153,8.695652173913021e-05,0.14095799206917548,289.0,320.99222486588894,,,,,,,False,,,,"example-reviewer",derived_from_reviewed_observations,,,continuous,0,161,curve-mfh-45deg-000162,derived_guide_constrained_curve_data,confirmed_continuous_curve,449,414,460
mfh-45deg,0.028347826086956504,63.812335489689076,8.695652173913021e-05,0.14095799206917548,290.0,320.112963729011,,,,,,,False,,,,"example-reviewer",derived_from_reviewed_observations,,,continuous,0,162,curve-mfh-45deg-000163,derived_guide_constrained_curve_data,confirmed_continuous_curve,449,414,460
mfh-45deg,0.028521739130434764,64.0333091995053,8.695652173913021e-05,0.14095799206918969,291.0,319.32913548851025,,,,,,,False,,,,"example-reviewer",derived_from_reviewed_observations,,,continuous,0,163,curve-mfh-45deg-000164,derived_guide_constrained_curve_data,confirmed_continuous_curve,449,414,460
mfh-45deg,0.028695652173913025,64.2540976349978,8.695652173913021e-05,0.14095799206917548,292.0,318.5459644449551,,,,,,,False,,,,"example-reviewer",derived_from_reviewed_observations,,,continuous,0,164,curve-mfh-45deg-000165,derived_guide_constrained_curve_data,confirmed_continuous_curve,449,414,460
mfh-45deg,0.028869565217391285,64.47453965690883,8.695652173913021e-05,0.14095799206917548,293.0,317.76402218444514,,,,,,,False,,,,"example-reviewer",derived_from_reviewed_observations,,,continuous,0,165,curve-mfh-45deg-000166,derived_guide_constrained_curve_data,confirmed_continuous_curve,449,414,460
mfh-45deg,0.029043478260869546,64.69444334349161,8.695652173913021e-05,0.14095799206917548,294.0,316.98398948337325,,,,,,,False,,,,"example-reviewer",derived_from_reviewed_observations,,,continuous,0,166,curve-mfh-45deg-000167,derived_guide_constrained_curve_data,confirmed_continuous_curve,449,414,460
mfh-45deg,0.029217391304347806,64.88673684916408,8.695652173913021e-05,0.14095799206917548,295.0,316.3018944036629,,,,,,,False,,,,"example-reviewer",derived_from_reviewed_observations,,,continuous,0,167,curve-mfh-45deg-000168,derived_guide_constrained_curve_data,confirmed_continuous_curve,449,414,460
mfh-45deg,0.029391304347826067,65.09144039922145,8.695652173913021e-05,0.14095799206917548,296.0,315.5757789594357,,,,,,,False,,,,"example-reviewer",derived_from_reviewed_observations,,,continuous,0,168,curve-mfh-45deg-000169,derived_guide_constrained_curve_data,confirmed_continuous_curve,449,414,460
mfh-45deg,0.029565217391304327,65.30826972445033,8.695652173913021e-05,0.14095799206918969,297.0,314.8066514979631,,,,,,,False,,,,"example-reviewer",derived_from_reviewed_observations,,,continuous,0,169,curve-mfh-45deg-000170,derived_guide_constrained_curve_data,confirmed_continuous_curve,449,414,460
mfh-45deg,0.029739130434782587,65.52348520247513,8.695652173913021e-05,0.14095799206918969,298.0,314.0432486044288,,,,,,,False,,,,"example-reviewer",derived_from_reviewed_observations,,,continuous,0,170,curve-mfh-45deg-000171,derived_guide_constrained_curve_data,confirmed_continuous_curve,449,414,460
mfh-45deg,0.029913043478260848,65.72331642843137,8.695652173913021e-05,0.14095799206917548,299.0,313.33441605430926,,,,,,,False,,,,"example-reviewer",derived_from_reviewed_observations,,,continuous,0,171,curve-mfh-45deg-000172,derived_guide_constrained_curve_data,confirmed_continuous_curve,449,414,460
mfh-45deg,0.03008695652173911,65.92081135631219,8.695652173913021e-05,0.14095799206918969,300.0,312.63387071813605,,,,,,,False,,,,"example-reviewer",derived_from_reviewed_observations,,,continuous,0,172,curve-mfh-45deg-000173,derived_guide_constrained_curve_data,confirmed_continuous_curve,449,414,460
mfh-45deg,0.03026086956521737,66.1032912849263,8.695652173913021e-05,0.14095799206917548,301.0,311.98658592805276,,,,,,,False,,,,"example-reviewer",derived_from_reviewed_observations,,,continuous,0,173,curve-mfh-45deg-000174,derived_guide_constrained_curve_data,confirmed_continuous_curve,449,414,460
mfh-45deg,0.03043478260869563,66.28532682678484,8.695652173913021e-05,0.14095799206917548,302.0,311.34087744715583,,,,,,,False,,,,"example-reviewer",derived_from_reviewed_observations,,,continuous,0,174,curve-mfh-45deg-000175,derived_guide_constrained_curve_data,confirmed_continuous_curve,449,414,460
mfh-45deg,0.03060869565217389,66.48052002068115,8.695652173913021e-05,0.14095799206918969,303.0,310.64849672070324,,,,,,,False,,,,"example-reviewer",derived_from_reviewed_observations,,,continuous,0,175,curve-mfh-45deg-000176,derived_guide_constrained_curve_data,confirmed_continuous_curve,449,414,460
mfh-45deg,0.03078260869565215,66.6621684109,8.695652173913021e-05,0.14095799206917548,304.0,310.0041615271028,,,,,,,False,,,,"example-reviewer",derived_from_reviewed_observations,,,continuous,0,176,curve-mfh-45deg-000177,derived_guide_constrained_curve_data,confirmed_continuous_curve,449,414,460
mfh-45deg,0.03095652173913041,66.8303879005837,8.695652173913715e-05,0.14095799206917548,305.0,309.40746073981734,,,,,,,False,,,,"example-reviewer",derived_from_reviewed_observations,,,continuous,0,177,curve-mfh-45deg-000178,derived_guide_constrained_curve_data,confirmed_continuous_curve,449,414,460
mfh-45deg,0.031130434782608678,67.01211275173226,8.695652173913021e-05,0.14095799206917548,306.0,308.76285432736444,,,,,,,False,,,,"example-reviewer",derived_from_reviewed_observations,,,continuous,0,178,curve-mfh-45deg-000179,derived_guide_constrained_curve_data,confirmed_continuous_curve,449,414,460
mfh-45deg,0.03130434782608694,67.19397273183685,8.695652173913021e-05,0.14095799206917548,307.0,308.1177685914122,,,,,,,False,,,,"example-reviewer",derived_from_reviewed_observations,,,continuous,0,179,curve-mfh-45deg-000180,derived_guide_constrained_curve_data,confirmed_continuous_curve,449,414,460
mfh-45deg,0.0314782608695652,67.37599139657318,8.695652173913021e-05,0.14095799206917548,308.0,307.47211997630205,,,,,,,False,,,,"example-reviewer",derived_from_reviewed_observations,,,continuous,0,180,curve-mfh-45deg-000181,derived_guide_constrained_curve_data,confirmed_continuous_curve,449,414,460
mfh-45deg,0.03165217391304346,67.55816151912798,8.695652173913021e-05,0.14095799206917548,309.0,306.8259341166688,,,,,,,False,,,,"example-reviewer",derived_from_reviewed_observations,,,continuous,0,181,curve-mfh-45deg-000182,derived_guide_constrained_curve_data,confirmed_continuous_curve,449,414,460
mfh-45deg,0.03182608695652172,67.68674680750601,8.695652173913021e-05,0.14095799206917548,310.0,306.3698220279164,,,,,,,False,,,,"example-reviewer",derived_from_reviewed_observations,,,continuous,0,182,curve-mfh-45deg-000183,derived_guide_constrained_curve_data,confirmed_continuous_curve,449,414,460
mfh-45deg,0.03199999999999998,67.80195218193597,8.695652173913021e-05,0.14095799206917548,311.0,305.9611705824084,,,,,,,False,,,,"example-reviewer",derived_from_reviewed_observations,,,continuous,0,183,curve-mfh-45deg-000184,derived_guide_constrained_curve_data,confirmed_continuous_curve,449,414,460
mfh-45deg,0.03217391304347824,67.9574312683857,8.695652173913021e-05,0.14095799206917548,312.0,305.4096619940432,,,,,,,False,,,,"example-reviewer",derived_from_reviewed_observations,,,continuous,0,184,curve-mfh-45deg-000185,derived_guide_constrained_curve_data,confirmed_continuous_curve,449,414,460
mfh-45deg,0.0323478260869565,68.09948578416218,8.695652173913021e-05,0.14095799206917548,313.0,304.905772453297,,,,,,,False,,,,"example-reviewer",derived_from_reviewed_observations,,,continuous,0,185,curve-mfh-45deg-000186,derived_guide_constrained_curve_data,confirmed_continuous_curve,449,414,460
mfh-45deg,0.03252173913043476,68.22811572926538,8.695652173913021e-05,0.14095799206917548,314.0,304.44950196017,,,,,,,False,,,,"example-reviewer",derived_from_reviewed_observations,,,continuous,0,186,curve-mfh-45deg-000187,derived_guide_constrained_curve_data,confirmed_continuous_curve,449,414,460
mfh-45deg,0.03269565217391302,68.34332110369536,8.695652173913021e-05,0.14095799206917548,315.0,304.0408505146619,,,,,,,False,,,,"example-reviewer",derived_from_reviewed_observations,,,continuous,0,187,curve-mfh-45deg-000188,derived_guide_constrained_curve_data,confirmed_continuous_curve,449,414,460
mfh-45deg,0.03286956521739128,68.47195104879857,8.695652173913021e-05,0.14095799206918969,316.0,303.5845800215348,,,,,,,False,,,,"example-reviewer",derived_from_reviewed_observations,,,continuous,0,188,curve-mfh-45deg-000189,derived_guide_constrained_curve_data,confirmed_continuous_curve,449,414,460
mfh-45deg,0.03304347826086954,68.5871564232285,8.695652173913021e-05,0.14095799206917548,317.0,303.1759285760268,,,,,,,False,,,,"example-reviewer",derived_from_reviewed_observations,,,continuous,0,189,curve-mfh-45deg-000190,derived_guide_constrained_curve_data,confirmed_continuous_curve,449,414,460
mfh-45deg,0.0332173913043478,68.68893722698522,8.695652173913021e-05,0.14095799206917548,318.0,302.8148961781378,,,,,,,False,,,,"example-reviewer",derived_from_reviewed_observations,,,continuous,0,190,curve-mfh-45deg-000191,derived_guide_constrained_curve_data,confirmed_continuous_curve,449,414,460
mfh-45deg,0.03339130434782606,68.79071803074193,8.695652173913021e-05,0.14095799206917548,319.0,302.4538637802488,,,,,,,False,,,,"example-reviewer",derived_from_reviewed_observations,,,continuous,0,191,curve-mfh-45deg-000192,derived_guide_constrained_curve_data,confirmed_continuous_curve,449,414,460
mfh-45deg,0.033565217391304324,68.89249277419736,8.695652173913021e-05,0.14095799206917548,320.0,302.09285287919437,,,,,,,False,,,,"example-reviewer",derived_from_reviewed_observations,,,continuous,0,192,curve-mfh-45deg-000193,derived_guide_constrained_curve_data,confirmed_continuous_curve,449,414,460
mfh-45deg,0.033739130434782584,68.99427052808035,8.695652173913021e-05,0.14095799206917548,321.0,301.7318312996835,,,,,,,False,,,,"example-reviewer",derived_from_reviewed_observations,,,continuous,0,193,curve-mfh-45deg-000194,derived_guide_constrained_curve_data,confirmed_continuous_curve,449,414,460
mfh-45deg,0.033913043478260844,69.09609215011673,8.695652173913021e-05,0.14095799206917548,322.0,301.37065411298516,,,,,,,False,,,,"example-reviewer",derived_from_reviewed_observations,,,continuous,0,194,curve-mfh-45deg-000195,derived_guide_constrained_curve_data,confirmed_continuous_curve,449,414,460
mfh-45deg,0.034086956521739105,69.22487942637584,8.695652173913021e-05,0.14095799206917548,323.0,300.91382554169036,,,,,,,False,,,,"example-reviewer",derived_from_reviewed_observations,,,continuous,0,195,curve-mfh-45deg-000196,derived_guide_constrained_curve_data,confirmed_continuous_curve,449,414,460
mfh-45deg,0.034260869565217365,69.36731221790416,8.695652173913021e-05,0.14095799206918969,324.0,300.4085941978073,,,,,,,False,,,,"example-reviewer",derived_from_reviewed_observations,,,continuous,0,196,curve-mfh-45deg-000197,derived_guide_constrained_curve_data,confirmed_continuous_curve,449,414,460
mfh-45deg,0.03443478260869563,69.5235267434186,8.695652173913715e-05,0.14095799206917548,325.0,299.85447689228494,,,,,,,False,,,,"example-reviewer",derived_from_reviewed_observations,,,continuous,0,197,curve-mfh-45deg-000198,derived_guide_constrained_curve_data,confirmed_continuous_curve,449,414,460
mfh-45deg,0.03460869565217389,69.69369100863295,8.695652173913021e-05,0.14095799206917548,326.0,299.2508776826323,,,,,,,False,,,,"example-reviewer",derived_from_reviewed_observations,,,continuous,0,198,curve-mfh-45deg-000199,derived_guide_constrained_curve_data,confirmed_continuous_curve,449,414,460
mfh-45deg,0.034782608695652154,69.85115566491149,8.695652173913021e-05,0.14095799206917548,327.0,298.69232596815675,,,,,,,False,,,,"example-reviewer",derived_from_reviewed_observations,,,continuous,0,199,curve-mfh-45deg-000200,derived_guide_constrained_curve_data,confirmed_continuous_curve,449,414,460
mfh-45deg,0.034956521739130414,70.00957686263536,8.695652173913021e-05,0.14095799206917548,328.0,298.1303812518681,,,,,,,False,,,,"example-reviewer",derived_from_reviewed_observations,,,continuous,0,200,curve-mfh-45deg-000201,derived_guide_constrained_curve_data,confirmed_continuous_curve,449,414,460
mfh-45deg,0.035130434782608674,70.16921796850933,8.695652173913021e-05,0.14095799206917548,329.0,297.56410933095555,,,,,,,False,,,,"example-reviewer",derived_from_reviewed_observations,,,continuous,0,201,curve-mfh-45deg-000202,derived_guide_constrained_curve_data,confirmed_continuous_curve,449,414,460
mfh-45deg,0.035304347826086935,70.33050140256165,8.695652173913021e-05,0.14095799206917548,330.0,296.9920118156434,,,,,,,False,,,,"example-reviewer",derived_from_reviewed_observations,,,continuous,0,202,curve-mfh-45deg-000203,derived_guide_constrained_curve_data,confirmed_continuous_curve,449,414,460
mfh-45deg,0.035478260869565195,70.52028549520614,8.695652173913021e-05,0.14095799206917548,331.0,296.3188180156376,,,,,,,False,,,,"example-reviewer",derived_from_reviewed_observations,,,continuous,0,203,curve-mfh-45deg-000204,derived_guide_constrained_curve_data,confirmed_continuous_curve,449,414,460
mfh-45deg,0.035652173913043456,70.69798773518175,8.695652173913021e-05,0.14095799206917548,332.0,295.6884804329044,,,,,,,False,,,,"example-reviewer",derived_from_reviewed_observations,,,continuous,0,204,curve-mfh-45deg-000205,derived_guide_constrained_curve_data,confirmed_continuous_curve,449,414,460
mfh-45deg,0.035826086956521716,70.86333111024436,8.695652173913021e-05,0.14095799206917548,333.0,295.1019816731127,,,,,,,False,,,,"example-reviewer",derived_from_reviewed_observations,,,continuous,0,205,curve-mfh-45deg-000206,derived_guide_constrained_curve_data,confirmed_continuous_curve,449,414,460
mfh-45deg,0.035999999999999976,71.05634410716652,8.695652173913021e-05,0.14095799206917548,334.0,294.4173344456343,,,,,,,False,,,,"example-reviewer",derived_from_reviewed_observations,,,continuous,0,206,curve-mfh-45deg-000207,derived_guide_constrained_curve_data,confirmed_continuous_curve,449,414,460
mfh-45deg,0.03617391304347824,71.2633887170248,8.695652173913021e-05,0.14095799206917548,335.0,293.6829148968773,,,,,,,False,,,,"example-reviewer",derived_from_reviewed_observations,,,continuous,0,207,curve-mfh-45deg-000208,derived_guide_constrained_curve_data,confirmed_continuous_curve,449,414,460
mfh-45deg,0.0363478260869565,71.47085871789275,8.695652173913021e-05,0.14095799206918969,336.0,292.9469864198097,,,,,,,False,,,,"example-reviewer",derived_from_reviewed_observations,,,continuous,0,208,curve-mfh-45deg-000209,derived_guide_constrained_curve_data,confirmed_continuous_curve,449,414,460
mfh-45deg,0.03652173913043476,71.67860424551417,8.695652173913021e-05,0.14095799206918969,337.0,292.2100806063406,,,,,,,False,,,,"example-reviewer",derived_from_reviewed_observations,,,continuous,0,209,curve-mfh-45deg-000210,derived_guide_constrained_curve_data,confirmed_continuous_curve,449,414,460
mfh-45deg,0.03669565217391302,71.87308265195662,8.695652173913021e-05,0.14095799206917548,338.0,291.520235342558,,,,,,,False,,,,"example-reviewer",derived_from_reviewed_observations,,,continuous,0,210,curve-mfh-45deg-000211,derived_guide_constrained_curve_data,confirmed_continuous_curve,449,414,460
mfh-45deg,0.03686956521739128,72.0139339349382,8.695652173913021e-05,0.14095799206917548,339.0,291.02061385634795,,,,,,,False,,,,"example-reviewer",derived_from_reviewed_observations,,,continuous,0,211,curve-mfh-45deg-000212,derived_guide_constrained_curve_data,confirmed_continuous_curve,449,414,460
mfh-45deg,0.03704347826086954,72.20850015657969,8.695652173913021e-05,0.14095799206917548,340.0,290.33045709834727,,,,,,,False,,,,"example-reviewer",derived_from_reviewed_observations,,,continuous,0,212,curve-mfh-45deg-000213,derived_guide_constrained_curve_data,confirmed_continuous_curve,449,414,460
mfh-45deg,0.0372173913043478,72.40306637822118,8.695652173913021e-05,0.14095799206918969,341.0,289.6403003403466,,,,,,,False,,,,"example-reviewer",derived_from_reviewed_observations,,,continuous,0,213,curve-mfh-45deg-000214,derived_guide_constrained_curve_data,confirmed_continuous_curve,449,414,460
mfh-45deg,0.03739130434782606,72.59763259986269,8.695652173913021e-05,0.14095799206917548,342.0,288.9501435823459,,,,,,,False,,,,"example-reviewer",derived_from_reviewed_observations,,,continuous,0,214,curve-mfh-45deg-000215,derived_guide_constrained_curve_data,confirmed_continuous_curve,449,414,460
mfh-45deg,0.03756521739130432,72.79219882150419,8.695652173913021e-05,0.14095799206917548,343.0,288.2599868243452,,,,,,,False,,,,"example-reviewer",derived_from_reviewed_observations,,,continuous,0,215,curve-mfh-45deg-000216,derived_guide_constrained_curve_data,confirmed_continuous_curve,449,414,460
mfh-45deg,0.03773913043478258,72.97334047247243,8.695652173913021e-05,0.14095799206917548,344.0,287.6174491139636,,,,,,,False,,,,"example-reviewer",derived_from_reviewed_observations,,,continuous,0,216,curve-mfh-45deg-000217,derived_guide_constrained_curve_data,confirmed_continuous_curve,449,414,460
mfh-45deg,0.03791304347826085,73.12763298209417,8.695652173913715e-05,0.14095799206917548,345.0,287.07014949882,,,,,,,False,,,,"example-reviewer",derived_from_reviewed_observations,,,continuous,0,217,curve-mfh-45deg-000218,derived_guide_constrained_curve_data,confirmed_continuous_curve,449,414,460
mfh-45deg,0.03808695652173911,73.26850092104264,8.695652173913021e-05,0.14095799206917548,346.0,286.5704689312955,,,,,,,False,,,,"example-reviewer",derived_from_reviewed_observations,,,continuous,0,218,curve-mfh-45deg-000219,derived_guide_constrained_curve_data,confirmed_continuous_curve,449,414,460
mfh-45deg,0.03826086956521737,73.40936885999112,8.695652173913021e-05,0.14095799206917548,347.0,286.07078836377104,,,,,,,False,,,,"example-reviewer",derived_from_reviewed_observations,,,continuous,0,219,curve-mfh-45deg-000220,derived_guide_constrained_curve_data,confirmed_continuous_curve,449,414,460
mfh-45deg,0.03843478260869563,73.53669241790645,8.695652173913021e-05,0.14095799206917548,348.0,285.61915182991333,,,,,,,False,,,,"example-reviewer",derived_from_reviewed_observations,,,continuous,0,220,curve-mfh-45deg-000221,derived_guide_constrained_curve_data,confirmed_continuous_curve,449,414,460
mfh-45deg,0.03860869565217389,73.67706912741836,8.695652173913021e-05,0.14095799206917548,349.0,285.12121372987633,,,,,,,False,,,,"example-reviewer",derived_from_reviewed_observations,,,continuous,0,221,curve-mfh-45deg-000222,derived_guide_constrained_curve_data,confirmed_continuous_curve,449,414,460
mfh-45deg,0.03878260869565215,73.78995568579491,8.695652173913021e-05,0.14095799206917548,350.0,284.72078748685374,,,,,,,False,,,,"example-reviewer",derived_from_reviewed_observations,,,continuous,0,222,curve-mfh-45deg-000223,derived_guide_constrained_curve_data,confirmed_continuous_curve,449,414,460
mfh-45deg,0.03895652173913041,73.91533823234815,8.695652173913021e-05,0.14095799206917548,351.0,284.2760360232698,,,,,,,False,,,,"example-reviewer",derived_from_reviewed_observations,,,continuous,0,223,curve-mfh-45deg-000224,derived_guide_constrained_curve_data,confirmed_continuous_curve,449,414,460
mfh-45deg,0.03913043478260867,74.05291121237501,8.695652173913021e-05,0.14095799206918969,352.0,283.78804318935033,,,,,,,False,,,,"example-reviewer",derived_from_reviewed_observations,,,continuous,0,224,curve-mfh-45deg-000225,derived_guide_constrained_curve_data,confirmed_continuous_curve,449,414,460
mfh-45deg,0.03930434782608693,74.20235108917691,8.695652173913021e-05,0.14095799206917548,353.0,283.2579566202661,,,,,,,False,,,,"example-reviewer",derived_from_reviewed_observations,,,continuous,0,225,curve-mfh-45deg-000226,derived_guide_constrained_curve_data,confirmed_continuous_curve,449,414,460
mfh-45deg,0.03947826086956519,74.33646720271335,8.695652173913021e-05,0.14095799206917548,354.0,282.78222583137045,,,,,,,False,,,,"example-reviewer",derived_from_reviewed_observations,,,continuous,0,226,curve-mfh-45deg-000227,derived_guide_constrained_curve_data,confirmed_continuous_curve,449,414,460
mfh-45deg,0.03965217391304345,74.45490005229485,8.695652173913021e-05,0.14095799206917548,355.0,282.3621260277234,,,,,,,False,,,,"example-reviewer",derived_from_reviewed_observations,,,continuous,0,227,curve-mfh-45deg-000228,derived_guide_constrained_curve_data,confirmed_continuous_curve,449,414,460
mfh-45deg,0.03982608695652171,74.50357387254348,8.695652173913021e-05,0.14095799206918969,356.0,282.18947238980564,,,,,,,False,,,,"example-reviewer",derived_from_reviewed_observations,,,continuous,0,228,curve-mfh-45deg-000229,derived_guide_constrained_curve_data,confirmed_continuous_curve,449,414,460
mfh-45deg,0.03999999999999997,74.60291433483823,8.695652173913021e-05,0.14095799206917548,357.0,281.8370962639951,,,,,,,False,,,,"example-reviewer",derived_from_reviewed_observations,,,continuous,0,229,curve-mfh-45deg-000230,derived_guide_constrained_curve_data,confirmed_continuous_curve,449,414,460
mfh-45deg,0.040173913043478233,74.66105201534835,8.695652173913021e-05,0.14095799206917548,358.0,281.6308728365161,,,,,,,False,,,,"example-reviewer",derived_from_reviewed_observations,,,continuous,0,230,curve-mfh-45deg-000231,derived_guide_constrained_curve_data,confirmed_continuous_curve,449,414,460
mfh-45deg,0.040347826086956494,74.73402153358977,8.695652173913715e-05,0.14095799206917548,359.0,281.3720385655029,,,,,,,False,,,,"example-reviewer",derived_from_reviewed_observations,,,continuous,0,231,curve-mfh-45deg-000232,derived_guide_constrained_curve_data,confirmed_continuous_curve,449,414,460
mfh-45deg,0.040521739130434754,74.87544938349325,8.695652173913715e-05,0.14095799206917548,360.0,280.87037190642457,,,,,,,False,,,,"example-reviewer",derived_from_reviewed_observations,,,continuous,0,232,curve-mfh-45deg-000233,derived_guide_constrained_curve_data,confirmed_continuous_curve,449,414,460
mfh-45deg,0.040695652173913015,74.95100008756847,8.695652173913715e-05,0.14095799206917548,361.0,280.6023817663616,,,,,,,False,,,,"example-reviewer",derived_from_reviewed_observations,,,continuous,0,233,curve-mfh-45deg-000234,derived_guide_constrained_curve_data,confirmed_continuous_curve,449,414,460
mfh-45deg,0.040869565217391275,75.0276887464286,8.695652173913715e-05,0.14095799206917548,362.0,280.33035512305327,,,,,,,False,,,,"example-reviewer",derived_from_reviewed_observations,,,continuous,0,234,curve-mfh-45deg-000235,derived_guide_constrained_curve_data,confirmed_continuous_curve,449,414,460
mfh-45deg,0.041043478260869536,75.13223876667152,8.695652173913715e-05,0.14095799206917548,363.0,279.9594998820407,,,,,,,False,,,,"example-reviewer",derived_from_reviewed_observations,,,continuous,0,235,curve-mfh-45deg-000236,derived_guide_constrained_curve_data,confirmed_continuous_curve,449,414,460
mfh-45deg,0.041217391304347796,75.21080814886007,8.695652173913715e-05,0.14095799206918969,364.0,279.6808020195244,,,,,,,False,,,,"example-reviewer",derived_from_reviewed_observations,,,continuous,0,236,curve-mfh-45deg-000237,derived_guide_constrained_curve_data,confirmed_continuous_curve,449,414,460
mfh-45deg,0.041391304347826056,75.26323519425479,8.695652173913715e-05,0.14095799206917548,365.0,279.4948351061726,,,,,,,False,,,,"example-reviewer",derived_from_reviewed_observations,,,continuous,0,237,curve-mfh-45deg-000238,derived_guide_constrained_curve_data,confirmed_continuous_curve,449,414,460
mfh-45deg,0.04156521739130432,75.3296139341405,8.695652173913715e-05,0.14095799206917548,366.0,279.2593793547416,,,,,,,False,,,,"example-reviewer",derived_from_reviewed_observations,,,continuous,0,238,curve-mfh-45deg-000239,derived_guide_constrained_curve_data,confirmed_continuous_curve,449,414,460
mfh-45deg,0.04173913043478258,75.42317127645995,8.695652173913715e-05,0.14095799206917548,367.0,278.9275168581705,,,,,,,False,,,,"example-reviewer",derived_from_reviewed_observations,,,continuous,0,239,curve-mfh-45deg-000240,derived_guide_constrained_curve_data,confirmed_continuous_curve,449,414,460
mfh-45deg,0.04191304347826084,75.48999329379433,8.695652173913715e-05,0.14095799206917548,368.0,278.6904887324379,,,,,,,False,,,,"example-reviewer",derived_from_reviewed_observations,,,continuous,0,240,curve-mfh-45deg-000241,derived_guide_constrained_curve_data,confirmed_continuous_curve,449,414,460
mfh-45deg,0.0420869565217391,75.55681531112873,8.695652173913715e-05,0.14095799206917548,369.0,278.4534606067052,,,,,,,False,,,,"example-reviewer",derived_from_reviewed_observations,,,continuous,0,241,curve-mfh-45deg-000242,derived_guide_constrained_curve_data,confirmed_continuous_curve,449,414,460
mfh-45deg,0.04226086956521736,75.61021275778984,8.695652173913715e-05,0.14095799206917548,370.0,278.2640515285917,,,,,,,False,,,,"example-reviewer",derived_from_reviewed_observations,,,continuous,0,242,curve-mfh-45deg-000243,derived_guide_constrained_curve_data,confirmed_continuous_curve,449,414,460
mfh-45deg,0.04243478260869562,75.71730848714398,8.695652173913715e-05,0.14095799206917548,371.0,277.88416626000196,,,,,,,False,,,,"example-reviewer",derived_from_reviewed_observations,,,continuous,0,243,curve-mfh-45deg-000244,derived_guide_constrained_curve_data,confirmed_continuous_curve,449,414,460
mfh-45deg,0.04260869565217388,75.82440421649814,8.695652173913715e-05,0.14095799206917548,372.0,277.50428099141214,,,,,,,False,,,,"example-reviewer",derived_from_reviewed_observations,,,continuous,0,244,curve-mfh-45deg-000245,derived_guide_constrained_curve_data,confirmed_continuous_curve,449,414,460
mfh-45deg,0.04278260869565214,75.93149994585228,8.695652173913715e-05,0.14095799206918969,373.0,277.1243957228224,,,,,,,False,,,,"example-reviewer",derived_from_reviewed_observations,,,continuous,0,245,curve-mfh-45deg-000246,derived_guide_constrained_curve_data,confirmed_continuous_curve,449,414,460
mfh-45deg,0.0429565217391304,76.03859567520644,8.695652173913715e-05,0.14095799206917548,374.0,276.7445104542326,,,,,,,False,,,,"example-reviewer",derived_from_reviewed_observations,,,continuous,0,246,curve-mfh-45deg-000247,derived_guide_constrained_curve_data,confirmed_continuous_curve,449,414,460
mfh-45deg,0.043130434782608675,76.13226683388731,8.695652173913715e-05,0.14095799206917548,375.0,276.41224423326196,,,,,,,False,,,,"example-reviewer",derived_from_reviewed_observations,,,continuous,0,247,curve-mfh-45deg-000248,derived_guide_constrained_curve_data,confirmed_continuous_curve,449,414,460
mfh-45deg,0.043304347826086935,76.23936256324147,8.695652173913715e-05,0.14095799206917548,376.0,276.03235896467214,,,,,,,False,,,,"example-reviewer",derived_from_reviewed_observations,,,continuous,0,248,curve-mfh-45deg-000249,derived_guide_constrained_curve_data,confirmed_continuous_curve,449,414,460
mfh-45deg,0.043478260869565195,76.40015657528862,8.695652173913715e-05,0.14095799206917548,377.0,275.46199750560623,,,,,,,False,,,,"example-reviewer",derived_from_reviewed_observations,,,continuous,0,249,curve-mfh-45deg-000250,derived_guide_constrained_curve_data,confirmed_continuous_curve,449,414,460
mfh-45deg,0.043652173913043456,76.49382773396951,8.695652173913715e-05,0.14095799206917548,378.0,275.1297312846355,,,,,,,False,,,,"example-reviewer",derived_from_reviewed_observations,,,continuous,0,250,curve-mfh-45deg-000251,derived_guide_constrained_curve_data,confirmed_continuous_curve,449,414,460
mfh-45deg,0.043826086956521716,76.64119717534342,8.695652173913715e-05,0.14095799206917548,379.0,274.60698887318864,,,,,,,False,,,,"example-reviewer",derived_from_reviewed_observations,,,continuous,0,251,curve-mfh-45deg-000252,derived_guide_constrained_curve_data,confirmed_continuous_curve,449,414,460
mfh-45deg,0.04399999999999998,76.78856661671735,8.695652173913715e-05,0.14095799206917548,380.0,274.08424646174166,,,,,,,False,,,,"example-reviewer",derived_from_reviewed_observations,,,continuous,0,252,curve-mfh-45deg-000253,derived_guide_constrained_curve_data,confirmed_continuous_curve,449,414,460
mfh-45deg,0.04417391304347824,76.93593605809124,8.695652173913715e-05,0.14095799206917548,381.0,273.5615040502948,,,,,,,False,,,,"example-reviewer",derived_from_reviewed_observations,,,continuous,0,253,curve-mfh-45deg-000254,derived_guide_constrained_curve_data,confirmed_continuous_curve,449,414,460
mfh-45deg,0.0443478260869565,77.08330549946517,8.695652173913715e-05,0.14095799206917548,382.0,273.03876163884786,,,,,,,False,,,,"example-reviewer",derived_from_reviewed_observations,,,continuous,0,254,curve-mfh-45deg-000255,derived_guide_constrained_curve_data,confirmed_continuous_curve,449,414,460
mfh-45deg,0.04452173913043476,77.23067494083908,8.695652173913715e-05,0.14095799206917548,383.0,272.51601922740093,,,,,,,False,,,,"example-reviewer",derived_from_reviewed_observations,,,continuous,0,255,curve-mfh-45deg-000256,derived_guide_constrained_curve_data,confirmed_continuous_curve,449,414,460
mfh-45deg,0.04469565217391302,77.33777067019321,8.695652173913715e-05,0.14095799206917548,384.0,272.13613395881123,,,,,,,False,,,,"example-reviewer",derived_from_reviewed_observations,,,continuous,0,256,curve-mfh-45deg-000257,derived_guide_constrained_curve_data,confirmed_continuous_curve,449,414,460
mfh-45deg,0.04486956521739128,77.4851401115671,8.695652173913715e-05,0.14095799206918969,385.0,271.61339154736436,,,,,,,False,,,,"example-reviewer",derived_from_reviewed_observations,,,continuous,0,257,curve-mfh-45deg-000258,derived_guide_constrained_curve_data,confirmed_continuous_curve,449,414,460
mfh-45deg,0.04504347826086954,77.61908498226776,8.695652173913715e-05,0.14095799206917548,386.0,271.1382681835365,,,,,,,False,,,,"example-reviewer",derived_from_reviewed_observations,,,continuous,0,258,curve-mfh-45deg-000259,derived_guide_constrained_curve_data,confirmed_continuous_curve,449,414,460
mfh-45deg,0.0452173913043478,77.71275614094867,8.695652173913715e-05,0.14095799206917548,387.0,270.80600196256574,,,,,,,False,,,,"example-reviewer",derived_from_reviewed_observations,,,continuous,0,259,curve-mfh-45deg-000260,derived_guide_constrained_curve_data,confirmed_continuous_curve,449,414,460
mfh-45deg,0.04539130434782606,77.7661535876098,8.695652173913715e-05,0.14095799206917548,388.0,270.6165928844522,,,,,,,False,,,,"example-reviewer",derived_from_reviewed_observations,,,continuous,0,260,curve-mfh-45deg-000261,derived_guide_constrained_curve_data,confirmed_continuous_curve,449,414,460
mfh-45deg,0.04556521739130432,77.83297560494417,8.695652173913715e-05,0.14095799206917548,389.0,270.3795647587196,,,,,,,False,,,,"example-reviewer",derived_from_reviewed_observations,,,continuous,0,261,curve-mfh-45deg-000262,derived_guide_constrained_curve_data,confirmed_continuous_curve,449,414,460
mfh-45deg,0.04573913043478258,77.96692047564483,8.695652173913715e-05,0.14095799206917548,390.0,269.9044413948917,,,,,,,False,,,,"example-reviewer",derived_from_reviewed_observations,,,continuous,0,262,curve-mfh-45deg-000263,derived_guide_constrained_curve_data,confirmed_continuous_curve,449,414,460
mfh-45deg,0.04591304347826084,78.1008653463455,8.695652173913715e-05,0.14095799206918969,391.0,269.4293180310638,,,,,,,False,,,,"example-reviewer",derived_from_reviewed_observations,,,continuous,0,263,curve-mfh-45deg-000264,derived_guide_constrained_curve_data,confirmed_continuous_curve,449,414,460
mfh-45deg,0.0460869565217391,78.20796107569963,8.695652173913715e-05,0.14095799206918969,392.0,269.0494327624741,,,,,,,False,,,,"example-reviewer",derived_from_reviewed_observations,,,continuous,0,264,curve-mfh-45deg-000265,derived_guide_constrained_curve_data,confirmed_continuous_curve,449,414,460
mfh-45deg,0.04626086956521736,78.30163223438053,8.695652173913715e-05,0.14095799206917548,393.0,268.71716654150333,,,,,,,False,,,,"example-reviewer",derived_from_reviewed_observations,,,continuous,0,265,curve-mfh-45deg-000266,derived_guide_constrained_curve_data,confirmed_continuous_curve,449,414,460
mfh-45deg,0.04643478260869562,78.38187882238816,8.695652173913715e-05,0.14095799206917548,394.0,268.4325193681517,,,,,,,False,,,,"example-reviewer",derived_from_reviewed_observations,,,continuous,0,266,curve-mfh-45deg-000267,derived_guide_constrained_curve_data,confirmed_continuous_curve,449,414,460
mfh-45deg,0.04660869565217388,78.4621254103958,8.695652173913715e-05,0.14095799206917548,395.0,268.1478721948,,,,,,,False,,,,"example-reviewer",derived_from_reviewed_observations,,,continuous,0,267,curve-mfh-45deg-000268,derived_guide_constrained_curve_data,confirmed_continuous_curve,449,414,460
mfh-45deg,0.04678260869565214,78.54237199840344,8.695652173913715e-05,0.14095799206917548,396.0,267.86322502144833,,,,,,,False,,,,"example-reviewer",derived_from_reviewed_observations,,,continuous,0,268,curve-mfh-45deg-000269,derived_guide_constrained_curve_data,confirmed_continuous_curve,449,414,460
mfh-45deg,0.046956521739130404,78.60919401573781,8.695652173913715e-05,0.14095799206917548,397.0,267.62619689571574,,,,,,,False,,,,"example-reviewer",derived_from_reviewed_observations,,,continuous,0,269,curve-mfh-45deg-000270,derived_guide_constrained_curve_data,confirmed_continuous_curve,449,414,460
mfh-45deg,0.047130434782608664,78.67601603307219,8.695652173913715e-05,0.14095799206917548,398.0,267.38916876998314,,,,,,,False,,,,"example-reviewer",derived_from_reviewed_observations,,,continuous,0,270,curve-mfh-45deg-000271,derived_guide_constrained_curve_data,confirmed_continuous_curve,449,414,460
mfh-45deg,0.047304347826086925,78.78311176242633,8.695652173913715e-05,0.14095799206917548,399.0,267.0092835013934,,,,,,,False,,,,"example-reviewer",derived_from_reviewed_observations,,,continuous,0,271,curve-mfh-45deg-000272,derived_guide_constrained_curve_data,confirmed_continuous_curve,449,414,460
mfh-45deg,0.047478260869565185,78.87678292110722,8.695652173913715e-05,0.14095799206917548,400.0,266.67701728042266,,,,,,,False,,,,"example-reviewer",derived_from_reviewed_observations,,,continuous,0,272,curve-mfh-45deg-000273,derived_guide_constrained_curve_data,confirmed_continuous_curve,449,414,460
mfh-45deg,0.047652173913043445,78.95702950911485,8.695652173913715e-05,0.14095799206917548,401.0,266.39237010707103,,,,,,,False,,,,"example-reviewer",derived_from_reviewed_observations,,,continuous,0,273,curve-mfh-45deg-000274,derived_guide_constrained_curve_data,confirmed_continuous_curve,449,414,460
mfh-45deg,0.047826086956521706,79.02385152644923,8.695652173913715e-05,0.14095799206917548,402.0,266.1553419813384,,,,,,,False,,,,"example-reviewer",derived_from_reviewed_observations,,,continuous,0,274,curve-mfh-45deg-000275,derived_guide_constrained_curve_data,confirmed_continuous_curve,449,414,460
mfh-45deg,0.047999999999999966,79.09067354378362,8.695652173913715e-05,0.14095799206917548,403.0,265.91831385560573,,,,,,,False,,,,"example-reviewer",derived_from_reviewed_observations,,,continuous,0,275,curve-mfh-45deg-000276,derived_guide_constrained_curve_data,confirmed_continuous_curve,449,414,460
mfh-45deg,0.04817391304347823,79.157495561118,8.695652173913715e-05,0.14095799206917548,404.0,265.68128572987314,,,,,,,False,,,,"example-reviewer",derived_from_reviewed_observations,,,continuous,0,276,curve-mfh-45deg-000277,derived_guide_constrained_curve_data,confirmed_continuous_curve,449,414,460
mfh-45deg,0.04834782608695649,79.19746365490876,8.695652173913715e-05,0.14095799206918969,405.0,265.5395126625782,,,,,,,False,,,,"example-reviewer",derived_from_reviewed_observations,,,continuous,0,277,curve-mfh-45deg-000278,derived_guide_constrained_curve_data,confirmed_continuous_curve,449,414,460
mfh-45deg,0.04852173913043475,79.22399381144992,8.695652173913715e-05,0.14095799206917548,406.0,265.4454060562351,,,,,,,False,,,,"example-reviewer",derived_from_reviewed_observations,,,continuous,0,278,curve-mfh-45deg-000279,derived_guide_constrained_curve_data,confirmed_continuous_curve,449,414,460
mfh-45deg,0.04869565217391301,79.26392805773106,8.695652173913715e-05,0.14095799206917548,407.0,265.30375305134,,,,,,,False,,,,"example-reviewer",derived_from_reviewed_observations,,,continuous,0,279,curve-mfh-45deg-000280,derived_guide_constrained_curve_data,confirmed_continuous_curve,449,414,460
mfh-45deg,0.04886956521739127,79.34410989076422,8.695652173913715e-05,0.14095799206917548,408.0,265.0193355739904,,,,,,,False,,,,"example-reviewer",derived_from_reviewed_observations,,,continuous,0,280,curve-mfh-45deg-000281,derived_guide_constrained_curve_data,confirmed_continuous_curve,449,414,460
mfh-45deg,0.04904347826086953,79.43768599489073,8.695652173913715e-05,0.14095799206917548,409.0,264.68740652636114,,,,,,,False,,,,"example-reviewer",derived_from_reviewed_observations,,,continuous,0,281,curve-mfh-45deg-000282,derived_guide_constrained_curve_data,confirmed_continuous_curve,449,414,460
mfh-45deg,0.04921739130434779,79.53122909514761,8.695652173913715e-05,0.14095799206917548,410.0,264.355594548609,,,,,,,False,,,,"example-reviewer",derived_from_reviewed_observations,,,continuous,0,282,curve-mfh-45deg-000283,derived_guide_constrained_curve_data,confirmed_continuous_curve,449,414,460
mfh-45deg,0.04939130434782605,79.57103967457454,8.695652173913715e-05,0.14095799206917548,411.0,264.21438020934903,,,,,,,False,,,,"example-reviewer",derived_from_reviewed_observations,,,continuous,0,283,curve-mfh-45deg-000284,derived_guide_constrained_curve_data,confirmed_continuous_curve,449,414,460
mfh-45deg,0.04956521739130431,79.61081625161954,8.695652173913715e-05,0.14095799206917548,412.0,264.0732864818452,,,,,,,False,,,,"example-reviewer",derived_from_reviewed_observations,,,continuous,0,284,curve-mfh-45deg-000285,derived_guide_constrained_curve_data,confirmed_continuous_curve,449,414,460
mfh-45deg,0.04973913043478257,79.63713596138675,8.695652173913715e-05,0.14095799206917548,413.0,263.9799263630578,,,,,,,False,,,,"example-reviewer",derived_from_reviewed_observations,,,continuous,0,285,curve-mfh-45deg-000286,derived_guide_constrained_curve_data,confirmed_continuous_curve,449,414,460
mfh-45deg,0.049913043478260845,79.66342655034926,8.695652173913715e-05,0.14095799206917548,414.0,263.8866695403102,,,,,,,False,,,,"example-reviewer",derived_from_reviewed_observations,,,continuous,0,286,curve-mfh-45deg-000287,derived_guide_constrained_curve_data,confirmed_continuous_curve,449,414,460
mfh-45deg,0.050086956521739105,79.70321766114158,8.695652173913715e-05,0.14095799206917548,415.0,263.74552425933604,,,,,,,False,,,,"example-reviewer",derived_from_reviewed_observations,,,continuous,0,287,curve-mfh-45deg-000288,derived_guide_constrained_curve_data,confirmed_continuous_curve,449,414,460
mfh-45deg,0.050260869565217366,79.74317068476068,8.695652173913715e-05,0.14095799206917548,416.0,263.6038046482923,,,,,,,False,,,,"example-reviewer",derived_from_reviewed_observations,,,continuous,0,288,curve-mfh-45deg-000289,derived_guide_constrained_curve_data,confirmed_continuous_curve,449,414,460
mfh-45deg,0.050434782608695626,79.78326233660346,8.695652173913715e-05,0.14095799206917548,417.0,263.4615933013007,,,,,,,False,,,,"example-reviewer",derived_from_reviewed_observations,,,continuous,0,289,curve-mfh-45deg-000290,derived_guide_constrained_curve_data,confirmed_continuous_curve,449,414,460
mfh-45deg,0.050608695652173886,79.82347080208915,8.695652173913715e-05,0.14095799206917548,418.0,263.3189675980842,,,,,,,False,,,,"example-reviewer",derived_from_reviewed_observations,,,continuous,0,290,curve-mfh-45deg-000291,derived_guide_constrained_curve_data,confirmed_continuous_curve,449,414,460
mfh-45deg,0.05078260869565215,79.86377573665945,8.695652173913715e-05,0.14095799206917548,419.0,263.1759997039668,,,,,,,False,,,,"example-reviewer",derived_from_reviewed_observations,,,continuous,0,291,curve-mfh-45deg-000292,derived_guide_constrained_curve_data,confirmed_continuous_curve,449,414,460
mfh-45deg,0.05095652173913041,79.89073369510511,8.695652173913715e-05,0.14095799206918969,420.0,263.08037561749273,,,,,,,False,,,,"example-reviewer",derived_from_reviewed_observations,,,continuous,0,292,curve-mfh-45deg-000293,derived_guide_constrained_curve_data,confirmed_continuous_curve,449,414,460
mfh-45deg,0.05113043478260867,79.9177518435858,8.695652173913715e-05,0.14095799206917548,421.0,262.9845380275694,,,,,,,False,,,,"example-reviewer",derived_from_reviewed_observations,,,continuous,0,293,curve-mfh-45deg-000294,derived_guide_constrained_curve_data,confirmed_continuous_curve,449,414,460
mfh-45deg,0.05130434782608693,79.98508795963012,8.695652173913715e-05,0.14095799206917548,422.0,262.745686313467,,,,,,,False,,,,"example-reviewer",derived_from_reviewed_observations,,,continuous,0,294,curve-mfh-45deg-000295,derived_guide_constrained_curve_data,confirmed_continuous_curve,449,414,460
mfh-45deg,0.05147826086956519,80.05245386674945,8.695652173913715e-05,0.14095799206917548,423.0,262.5067289257714,,,,,,,False,,,,"example-reviewer",derived_from_reviewed_observations,,,continuous,0,295,curve-mfh-45deg-000296,derived_guide_constrained_curve_data,confirmed_continuous_curve,449,414,460
mfh-45deg,0.05165217391304345,80.13326114117064,8.695652173913715e-05,0.14095799206917548,424.0,262.22009291019333,,,,,,,False,,,,"example-reviewer",derived_from_reviewed_observations,,,continuous,0,296,curve-mfh-45deg-000297,derived_guide_constrained_curve_data,confirmed_continuous_curve,449,414,460
mfh-45deg,0.05182608695652171,80.21407368779639,8.695652173913715e-05,0.14095799206918969,425.0,261.93343819328277,,,,,,,False,,,,"example-reviewer",derived_from_reviewed_observations,,,continuous,0,297,curve-mfh-45deg-000298,derived_guide_constrained_curve_data,confirmed_continuous_curve,449,414,460
mfh-45deg,0.05199999999999997,80.33515994644189,8.695652173913715e-05,0.14095799206917548,426.0,261.50392633351504,,,,,,,False,,,,"example-reviewer",derived_from_reviewed_observations,,,continuous,0,298,curve-mfh-45deg-000299,derived_guide_constrained_curve_data,confirmed_continuous_curve,449,414,460
mfh-45deg,0.05217391304347823,80.45624620508742,8.695652173913715e-05,0.14095799206917548,427.0,261.07441447374725,,,,,,,False,,,,"example-reviewer",derived_from_reviewed_observations,,,continuous,0,299,curve-mfh-45deg-000300,derived_guide_constrained_curve_data,confirmed_continuous_curve,449,414,460
mfh-45deg,0.05234782608695649,80.57733246373292,8.695652173913715e-05,0.14095799206917548,428.0,260.6449026139796,,,,,,,False,,,,"example-reviewer",derived_from_reviewed_observations,,,continuous,0,300,curve-mfh-45deg-000301,derived_guide_constrained_curve_data,confirmed_continuous_curve,449,414,460
mfh-45deg,0.05252173913043475,80.68499415170518,8.695652173913715e-05,0.14095799206917548,429.0,260.2630098018309,,,,,,,False,,,,"example-reviewer",derived_from_reviewed_observations,,,continuous,0,301,curve-mfh-45deg-000302,derived_guide_constrained_curve_data,confirmed_continuous_curve,449,414,460
mfh-45deg,0.05269565217391301,80.8060804103507,8.695652173913715e-05,0.14095799206918969,430.0,259.83349794206316,,,,,,,False,,,,"example-reviewer",derived_from_reviewed_observations,,,continuous,0,302,curve-mfh-45deg-000303,derived_guide_constrained_curve_data,confirmed_continuous_curve,449,414,460
mfh-45deg,0.05286956521739127,80.92716666899621,8.695652173913715e-05,0.14095799206917548,431.0,259.40398608229543,,,,,,,False,,,,"example-reviewer",derived_from_reviewed_observations,,,continuous,0,303,curve-mfh-45deg-000304,derived_guide_constrained_curve_data,confirmed_continuous_curve,449,414,460
mfh-45deg,0.05304347826086953,81.03482835696848,8.695652173913715e-05,0.14095799206917548,432.0,259.02209327014674,,,,,,,False,,,,"example-reviewer",derived_from_reviewed_observations,,,continuous,0,304,curve-mfh-45deg-000305,derived_guide_constrained_curve_data,confirmed_continuous_curve,449,414,460
mfh-45deg,0.05321739130434779,81.11564090359423,8.695652173913715e-05,0.14095799206917548,433.0,258.7354385532361,,,,,,,False,,,,"example-reviewer",derived_from_reviewed_observations,,,continuous,0,305,curve-mfh-45deg-000306,derived_guide_constrained_curve_data,confirmed_continuous_curve,449,414,460
mfh-45deg,0.05339130434782605,81.20987802089321,8.695652173913715e-05,0.14095799206918969,434.0,258.4011647887066,,,,,,,False,,,,"example-reviewer",derived_from_reviewed_observations,,,continuous,0,306,curve-mfh-45deg-000307,derived_guide_constrained_curve_data,confirmed_continuous_curve,449,414,460
mfh-45deg,0.053565217391304314,81.33096427953873,8.695652173913715e-05,0.14095799206917548,435.0,257.9716529289388,,,,,,,False,,,,"example-reviewer",derived_from_reviewed_observations,,,continuous,0,307,curve-mfh-45deg-000308,derived_guide_constrained_curve_data,confirmed_continuous_curve,449,414,460
mfh-45deg,0.053739130434782574,81.43862596751099,8.695652173913715e-05,0.14095799206917548,436.0,257.58976011679016,,,,,,,False,,,,"example-reviewer",derived_from_reviewed_observations,,,continuous,0,308,curve-mfh-45deg-000309,derived_guide_constrained_curve_data,confirmed_continuous_curve,449,414,460
mfh-45deg,0.053913043478260834,81.54628765548324,8.695652173913715e-05,0.14095799206917548,437.0,257.20786730464147,,,,,,,False,,,,"example-reviewer",derived_from_reviewed_observations,,,continuous,0,309,curve-mfh-45deg-000310,derived_guide_constrained_curve_data,confirmed_continuous_curve,449,414,460
mfh-45deg,0.054086956521739095,81.58682649008921,8.695652173913715e-05,0.14095799206918969,438.0,257.0640697305881,,,,,,,False,,,,"example-reviewer",derived_from_reviewed_observations,,,continuous,0,310,curve-mfh-45deg-000311,derived_guide_constrained_curve_data,confirmed_continuous_curve,449,414,460
mfh-45deg,0.054260869565217355,81.64078989536847,8.695652173913715e-05,0.14095799206917548,439.0,256.87265310891553,,,,,,,False,,,,"example-reviewer",derived_from_reviewed_observations,,,continuous,0,311,curve-mfh-45deg-000312,derived_guide_constrained_curve_data,confirmed_continuous_curve,449,414,460
mfh-45deg,0.054434782608695616,81.6947533006477,8.695652173913715e-05,0.14095799206917548,440.0,256.68123648724304,,,,,,,False,,,,"example-reviewer",derived_from_reviewed_observations,,,continuous,0,312,curve-mfh-45deg-000313,derived_guide_constrained_curve_data,confirmed_continuous_curve,449,414,460
mfh-45deg,0.054608695652173876,81.7889904179467,8.695652173913715e-05,0.14095799206917548,441.0,256.34696272271344,,,,,,,False,,,,"example-reviewer",derived_from_reviewed_observations,,,continuous,0,313,curve-mfh-45deg-000314,derived_guide_constrained_curve_data,confirmed_continuous_curve,449,414,460
mfh-45deg,0.05478260869565214,81.89665210591896,8.695652173913715e-05,0.14095799206917548,442.0,255.96506991056475,,,,,,,False,,,,"example-reviewer",derived_from_reviewed_observations,,,continuous,0,314,curve-mfh-45deg-000315,derived_guide_constrained_curve_data,confirmed_continuous_curve,449,414,460
mfh-45deg,0.0549565217391304,81.96404008187147,8.695652173913715e-05,0.14095799206917548,443.0,255.72603424127317,,,,,,,False,,,,"example-reviewer",derived_from_reviewed_observations,,,continuous,0,315,curve-mfh-45deg-000316,derived_guide_constrained_curve_data,confirmed_continuous_curve,449,414,460
mfh-45deg,0.05513043478260866,82.04485262849721,8.695652173913715e-05,0.14095799206917548,444.0,255.4393795243626,,,,,,,False,,,,"example-reviewer",derived_from_reviewed_observations,,,continuous,0,316,curve-mfh-45deg-000317,derived_guide_constrained_curve_data,confirmed_continuous_curve,449,414,460
mfh-45deg,0.05530434782608692,82.11224060444971,8.695652173913715e-05,0.14095799206917548,445.0,255.20034385507105,,,,,,,False,,,,"example-reviewer",derived_from_reviewed_observations,,,continuous,0,317,curve-mfh-45deg-000318,derived_guide_constrained_curve_data,confirmed_continuous_curve,449,414,460
mfh-45deg,0.05547826086956518,82.17962858040221,8.695652173913715e-05,0.14095799206917548,446.0,254.9613081857795,,,,,,,False,,,,"example-reviewer",derived_from_reviewed_observations,,,continuous,0,318,curve-mfh-45deg-000319,derived_guide_constrained_curve_data,confirmed_continuous_curve,449,414,460
mfh-45deg,0.05565217391304344,82.23359198568144,8.695652173913715e-05,0.14095799206917548,447.0,254.76989156410704,,,,,,,False,,,,"example-reviewer",derived_from_reviewed_observations,,,continuous,0,319,curve-mfh-45deg-000320,derived_guide_constrained_curve_data,confirmed_continuous_curve,449,414,460
mfh-45deg,0.0558260869565217,82.28755539096069,8.695652173913715e-05,0.14095799206917548,448.0,254.5784749424345,,,,,,,False,,,,"example-reviewer",derived_from_reviewed_observations,,,continuous,0,320,curve-mfh-45deg-000321,derived_guide_constrained_curve_data,confirmed_continuous_curve,449,414,460
mfh-45deg,0.05599999999999996,82.34151879623992,8.695652173913715e-05,0.14095799206917548,449.0,254.38705832076204,,,,,,,False,,,,"example-reviewer",derived_from_reviewed_observations,,,continuous,0,321,curve-mfh-45deg-000322,derived_guide_constrained_curve_data,confirmed_continuous_curve,449,414,460
mfh-45deg,0.05617391304347822,82.40890677219241,8.695652173913715e-05,0.14095799206917548,450.0,254.14802265147054,,,,,,,False,,,,"example-reviewer",derived_from_reviewed_observations,,,continuous,0,322,curve-mfh-45deg-000323,derived_guide_constrained_curve_data,confirmed_continuous_curve,449,414,460
mfh-45deg,0.05634782608695648,82.46287017747164,8.695652173913715e-05,0.14095799206917548,451.0,253.95660602979805,,,,,,,False,,,,"example-reviewer",derived_from_reviewed_observations,,,continuous,0,323,curve-mfh-45deg-000324,derived_guide_constrained_curve_data,confirmed_continuous_curve,449,414,460
mfh-45deg,0.05652173913043474,82.50340901207764,8.695652173913715e-05,0.14095799206917548,452.0,253.81280845574457,,,,,,,False,,,,"example-reviewer",derived_from_reviewed_observations,,,continuous,0,324,curve-mfh-45deg-000325,derived_guide_constrained_curve_data,confirmed_continuous_curve,449,414,460
mfh-45deg,0.056695652173913015,82.55737241735687,8.695652173913715e-05,0.14095799206917548,453.0,253.62139183407209,,,,,,,False,,,,"example-reviewer",derived_from_reviewed_observations,,,continuous,0,325,curve-mfh-45deg-000326,derived_guide_constrained_curve_data,confirmed_continuous_curve,449,414,460
mfh-45deg,0.056869565217391276,82.65160953465588,8.695652173913715e-05,0.14095799206917548,454.0,253.28711806954246,,,,,,,False,,,,"example-reviewer",derived_from_reviewed_observations,,,continuous,0,326,curve-mfh-45deg-000327,derived_guide_constrained_curve_data,confirmed_continuous_curve,449,414,460
mfh-45deg,0.057043478260869536,82.73242208128163,8.695652173913715e-05,0.14095799206917548,455.0,253.00046335263187,,,,,,,False,,,,"example-reviewer",derived_from_reviewed_observations,,,continuous,0,327,curve-mfh-45deg-000328,derived_guide_constrained_curve_data,confirmed_continuous_curve,449,414,460
mfh-45deg,0.057217391304347796,82.71926263319457,8.695652173913715e-05,0.14095799206917548,456.0,253.04714196905468,,,,,,,False,,,,"example-reviewer",derived_from_reviewed_observations,,,continuous,0,328,curve-mfh-45deg-000329,derived_guide_constrained_curve_data,confirmed_continuous_curve,449,414,460
mfh-45deg,0.05739130434782606,82.70610318510755,8.695652173913715e-05,0.14095799206917548,457.0,253.09382058547737,,,,,,,False,,,,"example-reviewer",derived_from_reviewed_observations,,,continuous,0,329,curve-mfh-45deg-000330,derived_guide_constrained_curve_data,confirmed_continuous_curve,449,414,460
mfh-45deg,0.05756521739130432,82.69294373702051,8.695652173913715e-05,0.14095799206917548,458.0,253.14049920190016,,,,,,,False,,,,"example-reviewer",derived_from_reviewed_observations,,,continuous,0,330,curve-mfh-45deg-000331,derived_guide_constrained_curve_data,confirmed_continuous_curve,449,414,460
mfh-45deg,0.05773913043478258,82.74690714229975,8.695652173913715e-05,0.14095799206917548,459.0,252.94908258022767,,,,,,,False,,,,"example-reviewer",derived_from_reviewed_observations,,,continuous,0,331,curve-mfh-45deg-000332,derived_guide_constrained_curve_data,confirmed_continuous_curve,449,414,460
mfh-45deg,0.05791304347826084,82.78744597690573,8.695652173913715e-05,0.14095799206917548,460.0,252.80528500617424,,,,,,,False,,,,"example-reviewer",derived_from_reviewed_observations,,,continuous,0,332,curve-mfh-45deg-000333,derived_guide_constrained_curve_data,confirmed_continuous_curve,449,414,460
mfh-45deg,0.0580869565217391,82.82798481151171,8.695652173913715e-05,0.14095799206917548,461.0,252.6614874321208,,,,,,,False,,,,"example-reviewer",derived_from_reviewed_observations,,,continuous,0,333,curve-mfh-45deg-000334,derived_guide_constrained_curve_data,confirmed_continuous_curve,449,414,460
mfh-45deg,0.05826086956521736,82.81482536342469,8.695652173913715e-05,0.14095799206917548,462.0,252.7081660485435,,,,,,,False,,,,"example-reviewer",derived_from_reviewed_observations,,,continuous,0,334,curve-mfh-45deg-000335,derived_guide_constrained_curve_data,confirmed_continuous_curve,449,414,460
mfh-45deg,0.05843478260869562,82.78822466953518,8.695652173913715e-05,0.14095799206917548,463.0,252.80252286187144,,,,,,,False,,,,"example-reviewer",derived_from_reviewed_observations,,,continuous,0,335,curve-mfh-45deg-000336,derived_guide_constrained_curve_data,confirmed_continuous_curve,449,414,460
mfh-45deg,0.05860869565217388,82.761573556057,8.695652173913715e-05,0.14095799206917548,464.0,252.8970585213504,,,,,,,False,,,,"example-reviewer",derived_from_reviewed_observations,,,continuous,0,336,curve-mfh-45deg-000337,derived_guide_constrained_curve_data,confirmed_continuous_curve,449,414,460
mfh-45deg,0.05878260869565214,82.72141311655588,8.695652173913715e-05,0.14095799206917548,465.0,253.0395138689032,,,,,,,False,,,,"example-reviewer",derived_from_reviewed_observations,,,continuous,0,337,curve-mfh-45deg-000338,derived_guide_constrained_curve_data,confirmed_continuous_curve,449,414,460
mfh-45deg,0.0589565217391304,82.69455756531585,8.695652173913715e-05,0.14095799206917548,466.0,253.13477470103416,,,,,,,False,,,,"example-reviewer",derived_from_reviewed_observations,,,continuous,0,338,curve-mfh-45deg-000339,derived_guide_constrained_curve_data,confirmed_continuous_curve,449,414,460
mfh-45deg,0.05913043478260866,82.66754681329958,8.695652173913715e-05,0.14095799206917548,467.0,253.2305860545437,,,,,,,False,,,,"example-reviewer",derived_from_reviewed_observations,,,continuous,0,339,curve-mfh-45deg-000340,derived_guide_constrained_curve_data,confirmed_continuous_curve,449,414,460
mfh-45deg,0.05930434782608692,82.6403447508415,8.695652173913715e-05,0.14095799206917548,468.0,253.32707601605196,,,,,,,False,,,,"example-reviewer",derived_from_reviewed_observations,,,continuous,0,340,curve-mfh-45deg-000341,derived_guide_constrained_curve_data,confirmed_continuous_curve,449,414,460
mfh-45deg,0.05947826086956518,82.62633924764776,8.695652173913715e-05,0.14095799206917548,469.0,253.37675572199893,,,,,,,False,,,,"example-reviewer",derived_from_reviewed_observations,,,continuous,0,341,curve-mfh-45deg-000342,derived_guide_constrained_curve_data,confirmed_continuous_curve,449,414,460
mfh-45deg,0.05965217391304344,82.62549301144973,8.695652173913715e-05,0.14095799206917548,470.0,253.37975745388232,,,,,,,False,,,,"example-reviewer",derived_from_reviewed_observations,,,continuous,0,342,curve-mfh-45deg-000343,derived_guide_constrained_curve_data,confirmed_continuous_curve,449,414,460
mfh-45deg,0.0598260869565217,82.59749444665746,8.695652173913715e-05,0.14095799206917548,471.0,253.47907273349603,,,,,,,False,,,,"example-reviewer",derived_from_reviewed_observations,,,continuous,0,343,curve-mfh-45deg-000344,derived_guide_constrained_curve_data,confirmed_continuous_curve,449,414,460
mfh-45deg,0.05999999999999996,82.56915421974578,8.695652173913715e-05,0.14095799206917548,472.0,253.5795999419773,,,,,,,False,,,,"example-reviewer",derived_from_reviewed_observations,,,continuous,0,344,curve-mfh-45deg-000345,derived_guide_constrained_curve_data,confirmed_continuous_curve,449,414,460
mfh-45deg,0.060173913043478224,82.5542080129283,8.695652173913715e-05,0.14095799206917548,473.0,253.6326164705121,,,,,,,False,,,,"example-reviewer",derived_from_reviewed_observations,,,continuous,0,345,curve-mfh-45deg-000346,derived_guide_constrained_curve_data,confirmed_continuous_curve,449,414,460
mfh-45deg,0.060347826086956484,82.53955005399204,8.695652173913715e-05,0.14095799206917548,474.0,253.68461053881956,,,,,,,False,,,,"example-reviewer",derived_from_reviewed_observations,,,continuous,0,346,curve-mfh-45deg-000347,derived_guide_constrained_curve_data,confirmed_continuous_curve,449,414,460
mfh-45deg,0.060521739130434744,82.57885079418585,8.695652173913715e-05,0.14095799206917548,475.0,253.54520467890023,,,,,,,False,,,,"example-reviewer",derived_from_reviewed_observations,,,continuous,0,347,curve-mfh-45deg-000348,derived_guide_constrained_curve_data,confirmed_continuous_curve,449,414,460
mfh-45deg,0.060695652173913005,82.61838352807104,8.695652173913715e-05,0.14095799206917548,476.0,253.40497590114572,,,,,,,False,,,,"example-reviewer",derived_from_reviewed_observations,,,continuous,0,348,curve-mfh-45deg-000349,derived_guide_constrained_curve_data,confirmed_continuous_curve,449,414,460
mfh-45deg,0.060869565217391265,82.72524209496665,8.695652173913715e-05,0.14095799206917548,477.0,253.02593188481507,,,,,,,False,,,,"example-reviewer",derived_from_reviewed_observations,,,continuous,0,349,curve-mfh-45deg-000350,derived_guide_constrained_curve_data,confirmed_continuous_curve,449,414,460
mfh-45deg,0.061043478260869526,82.83227403615764,8.695652173913715e-05,0.14095799206917548,478.0,252.6462728827967,,,,,,,False,,,,"example-reviewer",derived_from_reviewed_observations,,,continuous,0,350,curve-mfh-45deg-000351,derived_guide_constrained_curve_data,confirmed_continuous_curve,449,414,460
mfh-45deg,0.061217391304347786,82.95287372566703,8.695652173913715e-05,0.14095799206917548,479.0,252.21848695970334,,,,,,,False,,,,"example-reviewer",derived_from_reviewed_observations,,,continuous,0,351,curve-mfh-45deg-000352,derived_guide_constrained_curve_data,confirmed_continuous_curve,449,414,460
mfh-45deg,0.061391304347826046,83.07358580486974,8.695652173913715e-05,0.14095799206917548,480.0,251.79030237282493,,,,,,,False,,,,"example-reviewer",derived_from_reviewed_observations,,,continuous,0,352,curve-mfh-45deg-000353,derived_guide_constrained_curve_data,confirmed_continuous_curve,449,414,460
mfh-45deg,0.06156521739130431,83.1943788945124,8.695652173913715e-05,0.14095799206917548,481.0,251.36183042927107,,,,,,,False,,,,"example-reviewer",derived_from_reviewed_observations,,,continuous,0,353,curve-mfh-45deg-000354,derived_guide_constrained_curve_data,confirmed_continuous_curve,449,414,460
mfh-45deg,0.06173913043478257,83.32864559471344,8.695652173913715e-05,0.14095799206917548,482.0,250.885565485971,,,,,,,False,,,,"example-reviewer",derived_from_reviewed_observations,,,continuous,0,354,curve-mfh-45deg-000355,derived_guide_constrained_curve_data,confirmed_continuous_curve,449,414,460
mfh-45deg,0.06191304347826083,83.46292877294319,8.695652173913715e-05,0.14095799206917548,483.0,250.409242092531,,,,,,,False,,,,"example-reviewer",derived_from_reviewed_observations,,,continuous,0,355,curve-mfh-45deg-000356,derived_guide_constrained_curve_data,confirmed_continuous_curve,449,414,460
mfh-45deg,0.06208695652173909,83.59721195117291,8.695652173913715e-05,0.14095799206917548,484.0,249.93291869909115,,,,,,,False,,,,"example-reviewer",derived_from_reviewed_observations,,,continuous,0,356,curve-mfh-45deg-000357,derived_guide_constrained_curve_data,confirmed_continuous_curve,449,414,460
mfh-45deg,0.06226086956521735,83.73149512940265,8.695652173913715e-05,0.14095799206917548,485.0,249.4565953056512,,,,,,,False,,,,"example-reviewer",derived_from_reviewed_observations,,,continuous,0,357,curve-mfh-45deg-000358,derived_guide_constrained_curve_data,confirmed_continuous_curve,449,414,460
mfh-45deg,0.06243478260869561,83.8657783076324,8.695652173913021e-05,0.14095799206917548,486.0,248.98027191221124,,,,,,,False,,,,"example-reviewer",derived_from_reviewed_observations,,,continuous,0,358,curve-mfh-45deg-000359,derived_guide_constrained_curve_data,confirmed_continuous_curve,449,414,460
mfh-45deg,0.06260869565217386,83.98663691518888,8.695652173915103e-05,0.14095799206917548,487.0,248.55156756639036,,,,,,,False,,,,"example-reviewer",derived_from_reviewed_observations,,,continuous,0,359,curve-mfh-45deg-000360,derived_guide_constrained_curve_data,confirmed_continuous_curve,449,414,460
mfh-45deg,0.06278260869565214,84.04037266937911,8.695652173912327e-05,0.14095799206917548,488.0,248.36095845866464,,,,,,,False,,,,"example-reviewer",derived_from_reviewed_observations,,,continuous,0,360,curve-mfh-45deg-000361,derived_guide_constrained_curve_data,confirmed_continuous_curve,449,414,460
mfh-45deg,0.06295652173913038,84.09410842356932,8.695652173915103e-05,0.14095799206917548,489.0,248.17034935093898,,,,,,,False,,,,"example-reviewer",derived_from_reviewed_observations,,,continuous,0,361,curve-mfh-45deg-000362,derived_guide_constrained_curve_data,confirmed_continuous_curve,449,414,460
mfh-45deg,0.06313043478260866,84.12099503641302,8.695652173912327e-05,0.14095799206917548,490.0,248.07497833845142,,,,,,,False,,,,"example-reviewer",derived_from_reviewed_observations,,,continuous,0,362,curve-mfh-45deg-000363,derived_guide_constrained_curve_data,confirmed_continuous_curve,449,414,460
mfh-45deg,0.0633043478260869,84.13445707858348,8.695652173915103e-05,0.14095799206917548,491.0,248.02722637358286,,,,,,,False,,,,"example-reviewer",derived_from_reviewed_observations,,,continuous,0,363,curve-mfh-45deg-000364,derived_guide_constrained_curve_data,confirmed_continuous_curve,449,414,460
mfh-45deg,0.06347826086956518,84.16134369142718,8.695652173912327e-05,0.14095799206917548,492.0,247.93185536109533,,,,,,,False,,,,"example-reviewer",derived_from_reviewed_observations,,,continuous,0,364,curve-mfh-45deg-000365,derived_guide_constrained_curve_data,confirmed_continuous_curve,449,414,460
mfh-45deg,0.06365217391304345,84.28220229898366,8.695652173915103e-05,0.14095799206917548,493.0,247.50315101527443,,,,,,,False,,,,"example-reviewer",derived_from_reviewed_observations,,,continuous,0,365,curve-mfh-45deg-000366,derived_guide_constrained_curve_data,confirmed_continuous_curve,449,414,460
mfh-45deg,0.0638260869565217,84.40306900543656,8.695652173912327e-05,0.14095799206917548,494.0,247.0744179414038,,,,,,,False,,,,"example-reviewer",derived_from_reviewed_observations,,,continuous,0,366,curve-mfh-45deg-000367,derived_guide_constrained_curve_data,confirmed_continuous_curve,449,414,460
mfh-45deg,0.06399999999999997,84.51050304231978,8.695652173915103e-05,0.14095799206917548,495.0,246.69333264320198,,,,,,,False,,,,"example-reviewer",derived_from_reviewed_observations,,,continuous,0,367,curve-mfh-45deg-000368,derived_guide_constrained_curve_data,confirmed_continuous_curve,449,414,460
mfh-45deg,0.06417391304347822,84.55081422583675,8.695652173912327e-05,0.14095799206917548,496.0,246.55034258309536,,,,,,,False,,,,"example-reviewer",derived_from_reviewed_observations,,,continuous,0,368,curve-mfh-45deg-000369,derived_guide_constrained_curve_data,confirmed_continuous_curve,449,414,460
mfh-45deg,0.0643478260869565,84.59112540935372,8.695652173915103e-05,0.14095799206917548,497.0,246.4073525229887,,,,,,,False,,,,"example-reviewer",derived_from_reviewed_observations,,,continuous,0,369,curve-mfh-45deg-000370,derived_guide_constrained_curve_data,confirmed_continuous_curve,449,414,460
mfh-45deg,0.06452173913043474,84.63143659287067,8.695652173912327e-05,0.14095799206917548,498.0,246.2643624628821,,,,,,,False,,,,"example-reviewer",derived_from_reviewed_observations,,,continuous,0,370,curve-mfh-45deg-000371,derived_guide_constrained_curve_data,confirmed_continuous_curve,449,414,460
mfh-45deg,0.06469565217391302,84.67174777638763,8.695652173915103e-05,0.14095799206917548,499.0,246.12137240277548,,,,,,,False,,,,"example-reviewer",derived_from_reviewed_observations,,,continuous,0,371,curve-mfh-45deg-000372,derived_guide_constrained_curve_data,confirmed_continuous_curve,449,414,460
mfh-45deg,0.06486956521739126,84.7013530615515,8.695652173912327e-05,0.14095799206917548,500.0,246.01635783521078,,,,,,,False,,,,"example-reviewer",derived_from_reviewed_observations,,,continuous,0,372,curve-mfh-45deg-000373,derived_guide_constrained_curve_data,confirmed_continuous_curve,449,414,460
mfh-45deg,0.06504347826086954,84.73366023727137,8.695652173915103e-05,0.14095799206917548,501.0,245.9017592401059,,,,,,,False,,,,"example-reviewer",derived_from_reviewed_observations,,,continuous,0,373,curve-mfh-45deg-000374,derived_guide_constrained_curve_data,confirmed_continuous_curve,449,414,460
mfh-45deg,0.06521739130434778,84.76865242445444,8.695652173912327e-05,0.14095799206917548,502.0,245.7776364902376,,,,,,,False,,,,"example-reviewer",derived_from_reviewed_observations,,,continuous,0,374,curve-mfh-45deg-000375,derived_guide_constrained_curve_data,confirmed_continuous_curve,449,414,460
mfh-45deg,0.06539130434782606,84.79288807600615,8.695652173915103e-05,0.14095799206917548,503.0,245.69166885124125,,,,,,,False,,,,"example-reviewer",derived_from_reviewed_observations,,,continuous,0,375,curve-mfh-45deg-000376,derived_guide_constrained_curve_data,confirmed_continuous_curve,449,414,460
mfh-45deg,0.0655652173913043,84.81977468884986,8.695652173912327e-05,0.14095799206917548,504.0,245.59629783875366,,,,,,,False,,,,"example-reviewer",derived_from_reviewed_observations,,,continuous,0,376,curve-mfh-45deg-000377,derived_guide_constrained_curve_data,confirmed_continuous_curve,449,414,460
mfh-45deg,0.06573913043478258,84.8063875896738,8.695652173915103e-05,0.14095799206917548,505.0,245.64378396912323,,,,,,,False,,,,"example-reviewer",derived_from_reviewed_observations,,,continuous,0,377,curve-mfh-45deg-000378,derived_guide_constrained_curve_data,confirmed_continuous_curve,449,414,460
mfh-45deg,0.06591304347826082,84.77957591982448,8.695652173912327e-05,0.14095799206917548,506.0,245.73888914711188,,,,,,,False,,,,"example-reviewer",derived_from_reviewed_observations,,,continuous,0,378,curve-mfh-45deg-000379,derived_guide_constrained_curve_data,confirmed_continuous_curve,449,414,460
mfh-45deg,0.0660869565217391,84.7393396793019,8.695652173915103e-05,0.14095799206917548,507.0,245.88161337271956,,,,,,,False,,,,"example-reviewer",derived_from_reviewed_observations,,,continuous,0,379,curve-mfh-45deg-000380,derived_guide_constrained_curve_data,confirmed_continuous_curve,449,414,460
mfh-45deg,0.06626086956521735,84.69910343877935,8.695652173912327e-05,0.14095799206917548,508.0,246.02433759832718,,,,,,,False,,,,"example-reviewer",derived_from_reviewed_observations,,,continuous,0,380,curve-mfh-45deg-000381,derived_guide_constrained_curve_data,confirmed_continuous_curve,449,414,460
mfh-45deg,0.06643478260869562,84.69914091027653,8.695652173915103e-05,0.14095799206917548,509.0,246.02420468107778,,,,,,,False,,,,"example-reviewer",derived_from_reviewed_observations,,,continuous,0,381,curve-mfh-45deg-000382,derived_guide_constrained_curve_data,confirmed_continuous_curve,449,414,460
mfh-45deg,0.06660869565217387,84.69917838177372,8.695652173912327e-05,0.14095799206917548,510.0,246.0240717638283,,,,,,,False,,,,"example-reviewer",derived_from_reviewed_observations,,,continuous,0,382,curve-mfh-45deg-000383,derived_guide_constrained_curve_data,confirmed_continuous_curve,449,414,460
mfh-45deg,0.06678260869565214,84.71264042394418,8.695652173915103e-05,0.14095799206917548,511.0,245.97631979895974,,,,,,,False,,,,"example-reviewer",derived_from_reviewed_observations,,,continuous,0,383,curve-mfh-45deg-000384,derived_guide_constrained_curve_data,confirmed_continuous_curve,449,414,460
mfh-45deg,0.06695652173913039,84.72610246611463,8.695652173915103e-05,0.14095799206917548,512.0,245.92856783409124,,,,,,,False,,,,"example-reviewer",derived_from_reviewed_observations,,,continuous,0,384,curve-mfh-45deg-000385,derived_guide_constrained_curve_data,confirmed_continuous_curve,449,414,460
mfh-45deg,0.06713043478260866,84.73956450828507,8.695652173912327e-05,0.14095799206917548,513.0,245.88081586922272,,,,,,,False,,,,"example-reviewer",derived_from_reviewed_observations,,,continuous,0,385,curve-mfh-45deg-000386,derived_guide_constrained_curve_data,confirmed_continuous_curve,449,414,460
mfh-45deg,0.06730434782608691,84.65905455574274,8.695652173915103e-05,0.14095799206917548,514.0,246.1663972376875,,,,,,,False,,,,"example-reviewer",derived_from_reviewed_observations,,,continuous,0,386,curve-mfh-45deg-000387,derived_guide_constrained_curve_data,confirmed_continuous_curve,449,414,460
mfh-45deg,0.06747826086956518,84.578536504304,8.695652173912327e-05,0.14095799206917548,515.0,246.45200733420205,,,,,,,False,,,,"example-reviewer",derived_from_reviewed_observations,,,continuous,0,387,curve-mfh-45deg-000388,derived_guide_constrained_curve_data,confirmed_continuous_curve,449,414,460
mfh-45deg,0.06765217391304343,84.49802655176165,8.695652173915103e-05,0.14095799206917548,516.0,246.73758870266687,,,,,,,False,,,,"example-reviewer",derived_from_reviewed_observations,,,continuous,0,388,curve-mfh-45deg-000389,derived_guide_constrained_curve_data,confirmed_continuous_curve,449,414,460
mfh-45deg,0.0678260869565217,84.41751659921933,8.695652173912327e-05,0.14095799206917548,517.0,247.02317007113166,,,,,,,False,,,,"example-reviewer",derived_from_reviewed_observations,,,continuous,0,389,curve-mfh-45deg-000390,derived_guide_constrained_curve_data,confirmed_continuous_curve,449,414,460
mfh-45deg,0.06799999999999995,84.337006646677,8.695652173915103e-05,0.14095799206917548,518.0,247.30875143959645,,,,,,,False,,,,"example-reviewer",derived_from_reviewed_observations,,,continuous,0,390,curve-mfh-45deg-000391,derived_guide_constrained_curve_data,confirmed_continuous_curve,449,414,460
mfh-45deg,0.06817391304347822,84.25649669413465,8.695652173912327e-05,0.14095799206917548,519.0,247.5943328080613,,,,,,,False,,,,"example-reviewer",derived_from_reviewed_observations,,,continuous,0,391,curve-mfh-45deg-000392,derived_guide_constrained_curve_data,confirmed_continuous_curve,449,414,460
mfh-45deg,0.06834782608695647,84.17598674159231,8.695652173915103e-05,0.14095799206917548,520.0,247.87991417652614,,,,,,,False,,,,"example-reviewer",derived_from_reviewed_observations,,,continuous,0,392,curve-mfh-45deg-000393,derived_guide_constrained_curve_data,confirmed_continuous_curve,449,414,460
mfh-45deg,0.06852173913043474,84.09275561233883,8.695652173912327e-05,0.14095799206917548,521.0,248.1751479835338,,,,,,,False,,,,"example-reviewer",derived_from_reviewed_observations,,,continuous,0,393,curve-mfh-45deg-000394,derived_guide_constrained_curve_data,confirmed_continuous_curve,449,414,460
mfh-45deg,0.06869565217391299,84.00681477107256,8.695652173915103e-05,0.14095799206917548,522.0,248.47999356200978,,,,,,,False,,,,"example-reviewer",derived_from_reviewed_observations,,,continuous,0,394,curve-mfh-45deg-000395,derived_guide_constrained_curve_data,confirmed_continuous_curve,449,414,460
mfh-45deg,0.06886956521739127,83.91817531739463,8.695652173912327e-05,0.14095799206917548,523.0,248.79441153993622,,,,,,,False,,,,"example-reviewer",derived_from_reviewed_observations,,,continuous,0,395,curve-mfh-45deg-000396,derived_guide_constrained_curve_data,confirmed_continuous_curve,449,414,460
mfh-45deg,0.06904347826086951,83.82684798580894,8.695652173915103e-05,0.14095799206917548,524.0,249.11836384035232,,,,,,,False,,,,"example-reviewer",derived_from_reviewed_observations,,,continuous,0,396,curve-mfh-45deg-000397,derived_guide_constrained_curve_data,confirmed_continuous_curve,449,414,460
mfh-45deg,0.06921739130434779,83.73284314572207,8.695652173912327e-05,0.14095799206917548,525.0,249.45181368135437,,,,,,,False,,,,"example-reviewer",derived_from_reviewed_observations,,,continuous,0,397,curve-mfh-45deg-000398,derived_guide_constrained_curve_data,confirmed_continuous_curve,449,414,460
mfh-45deg,0.06939130434782603,83.68870050657873,8.695652173915103e-05,0.14095799206917548,526.0,249.6083945126196,,,,,,,False,,,,"example-reviewer",derived_from_reviewed_observations,,,continuous,0,398,curve-mfh-45deg-000399,derived_guide_constrained_curve_data,confirmed_continuous_curve,449,414,460
mfh-45deg,0.06956521739130431,83.66755161472555,8.695652173912327e-05,0.14095799206917548,527.0,249.683412933153,,,,,,,False,,,,"example-reviewer",derived_from_reviewed_observations,,,continuous,0,399,curve-mfh-45deg-000400,derived_guide_constrained_curve_data,confirmed_continuous_curve,449,414,460
mfh-45deg,0.06973913043478255,83.66937706052708,8.695652173915103e-05,0.14095799206917548,528.0,249.67693779196117,,,,,,,False,,,,"example-reviewer",derived_from_reviewed_observations,,,continuous,0,400,curve-mfh-45deg-000401,derived_guide_constrained_curve_data,confirmed_continuous_curve,449,414,460
mfh-45deg,0.06991304347826083,83.68073276634608,8.695652173912327e-05,0.14095799206917548,529.0,249.63665733090926,,,,,,,False,,,,"example-reviewer",derived_from_reviewed_observations,,,continuous,0,401,curve-mfh-45deg-000402,derived_guide_constrained_curve_data,confirmed_continuous_curve,449,414,460
mfh-45deg,0.07008695652173907,83.7284482692365,8.695652173915103e-05,0.14095799206917548,530.0,249.4674029942449,,,,,,,False,,,,"example-reviewer",derived_from_reviewed_observations,,,continuous,0,402,curve-mfh-45deg-000403,derived_guide_constrained_curve_data,confirmed_continuous_curve,449,414,460
mfh-45deg,0.07026086956521735,83.7857073184412,8.695652173912327e-05,0.14095799206917548,531.0,249.26429620915178,,,,,,,False,,,,"example-reviewer",derived_from_reviewed_observations,,,continuous,0,403,curve-mfh-45deg-000404,derived_guide_constrained_curve_data,confirmed_continuous_curve,449,414,460
mfh-45deg,0.07043478260869562,83.85254918118234,8.695652173915103e-05,0.14095799206917548,532.0,249.0271976886637,,,,,,,False,,,,"example-reviewer",derived_from_reviewed_observations,,,continuous,0,404,curve-mfh-45deg-000405,derived_guide_constrained_curve_data,confirmed_continuous_curve,449,414,460
mfh-45deg,0.07060869565217387,83.91941558396333,8.695652173912327e-05,0.14095799206917548,533.0,248.79001212082386,,,,,,,False,,,,"example-reviewer",derived_from_reviewed_observations,,,continuous,0,405,curve-mfh-45deg-000406,derived_guide_constrained_curve_data,confirmed_continuous_curve,449,414,460
mfh-45deg,0.07078260869565214,83.98037053745749,8.695652173915103e-05,0.14095799206917548,534.0,248.5737953863224,,,,,,,False,,,,"example-reviewer",derived_from_reviewed_observations,,,continuous,0,406,curve-mfh-45deg-000407,derived_guide_constrained_curve_data,confirmed_continuous_curve,449,414,460
mfh-45deg,0.07095652173913039,84.03540366167154,8.695652173912327e-05,0.14095799206917548,535.0,248.3785843046157,,,,,,,False,,,,"example-reviewer",derived_from_reviewed_observations,,,continuous,0,407,curve-mfh-45deg-000408,derived_guide_constrained_curve_data,confirmed_continuous_curve,449,414,460
mfh-45deg,0.07113043478260866,84.08450447928357,8.695652173915103e-05,0.14095799206917548,536.0,248.20441604040005,,,,,,,False,,,,"example-reviewer",derived_from_reviewed_observations,,,continuous,0,408,curve-mfh-45deg-000409,derived_guide_constrained_curve_data,confirmed_continuous_curve,449,414,460
mfh-45deg,0.07130434782608691,84.12766241564319,8.695652173912327e-05,0.14095799206917548,537.0,248.05132810361093,,,,,,,False,,,,"example-reviewer",derived_from_reviewed_observations,,,continuous,0,409,curve-mfh-45deg-000410,derived_guide_constrained_curve_data,confirmed_continuous_curve,449,414,460
mfh-45deg,0.07147826086956519,84.1648667987714,8.695652173915103e-05,0.14095799206917548,538.0,247.9193583494236,,,,,,,False,,,,"example-reviewer",derived_from_reviewed_observations,,,continuous,0,410,curve-mfh-45deg-000411,derived_guide_constrained_curve_data,confirmed_continuous_curve,449,414,460
mfh-45deg,0.07165217391304343,84.19610685936064,8.695652173912327e-05,0.14095799206917548,539.0,247.80854497825302,,,,,,,False,,,,"example-reviewer",derived_from_reviewed_observations,,,continuous,0,411,curve-mfh-45deg-000412,derived_guide_constrained_curve_data,confirmed_continuous_curve,449,414,460
mfh-45deg,0.0718260869565217,84.22137173077478,8.695652173915103e-05,0.14095799206917548,540.0,247.71892653575372,,,,,,,False,,,,"example-reviewer",derived_from_reviewed_observations,,,continuous,0,412,curve-mfh-45deg-000413,derived_guide_constrained_curve_data,confirmed_continuous_curve,449,414,460
mfh-45deg,0.07199999999999995,84.24065044904914,8.695652173912327e-05,0.14095799206917548,541.0,247.65054191281973,,,,,,,False,,,,"example-reviewer",derived_from_reviewed_observations,,,continuous,0,413,curve-mfh-45deg-000414,derived_guide_constrained_curve_data,confirmed_continuous_curve,449,414,460
mfh-45deg,0.07217391304347823,84.25393445728145,8.695652173915103e-05,0.14095799206917548,542.0,247.60342146211914,,,,,,,False,,,,"example-reviewer",derived_from_reviewed_observations,,,continuous,0,414,curve-mfh-45deg-000415,derived_guide_constrained_curve_data,confirmed_continuous_curve,449,414,460
mfh-45deg,0.07234782608695647,84.26721846551378,8.695652173912327e-05,0.14095799206917548,543.0,247.55630101141844,,,,,,,False,,,,"example-reviewer",derived_from_reviewed_observations,,,continuous,0,415,curve-mfh-45deg-000416,derived_guide_constrained_curve_data,confirmed_continuous_curve,449,414,460
mfh-45deg,0.07252173913043475,84.28050247374608,8.695652173915103e-05,0.14095799206917548,544.0,247.50918056071782,,,,,,,False,,,,"example-reviewer",derived_from_reviewed_observations,,,continuous,0,416,curve-mfh-45deg-000417,derived_guide_constrained_curve_data,confirmed_continuous_curve,449,414,460
mfh-45deg,0.072695652173913,84.30530567014766,8.695652173912327e-05,0.14095799206917548,545.0,247.42119975155092,,,,,,,False,,,,"example-reviewer",derived_from_reviewed_observations,,,continuous,0,417,curve-mfh-45deg-000418,derived_guide_constrained_curve_data,confirmed_continuous_curve,449,414,460
mfh-45deg,0.07286956521739127,84.34162330845426,8.695652173915103e-05,0.14095799206917548,546.0,247.29237541965784,,,,,,,False,,,,"example-reviewer",derived_from_reviewed_observations,,,continuous,0,418,curve-mfh-45deg-000419,derived_guide_constrained_curve_data,confirmed_continuous_curve,449,414,460
mfh-45deg,0.07304347826086952,84.37982880459688,8.695652173912327e-05,0.14095799206917548,547.0,247.15685456134472,,,,,,,False,,,,"example-reviewer",derived_from_reviewed_observations,,,continuous,0,419,curve-mfh-45deg-000420,derived_guide_constrained_curve_data,confirmed_continuous_curve,449,414,460
mfh-45deg,0.07321739130434779,84.4199298256178,8.695652173915103e-05,0.14095799206917548,548.0,247.01460998041583,,,,,,,False,,,,"example-reviewer",derived_from_reviewed_observations,,,continuous,0,420,curve-mfh-45deg-000421,derived_guide_constrained_curve_data,confirmed_continuous_curve,449,414,460
mfh-45deg,0.07339130434782604,84.46193403855919,8.695652173912327e-05,0.14095799206917548,549.0,246.8656144806758,,,,,,,False,,,,"example-reviewer",derived_from_reviewed_observations,,,continuous,0,421,curve-mfh-45deg-000422,derived_guide_constrained_curve_data,confirmed_continuous_curve,449,414,460
mfh-45deg,0.07356521739130431,84.5058491104633,8.695652173915103e-05,0.14095799206917548,550.0,246.7098408659291,,,,,,,False,,,,"example-reviewer",derived_from_reviewed_observations,,,continuous,0,422,curve-mfh-45deg-000423,derived_guide_constrained_curve_data,confirmed_continuous_curve,449,414,460
mfh-45deg,0.07373913043478256,84.55168270837238,8.695652173915103e-05,0.14095799206917548,551.0,246.54726193998005,,,,,,,False,,,,"example-reviewer",derived_from_reviewed_observations,,,continuous,0,423,curve-mfh-45deg-000424,derived_guide_constrained_curve_data,confirmed_continuous_curve,449,414,460
mfh-45deg,0.07391304347826083,84.58963205066249,8.695652173912327e-05,0.14095799206917548,552.0,246.41264969936483,,,,,,,False,,,,"example-reviewer",derived_from_reviewed_observations,,,continuous,0,424,curve-mfh-45deg-000425,derived_guide_constrained_curve_data,confirmed_continuous_curve,449,414,460
mfh-45deg,0.07408695652173908,84.61970480437586,8.695652173915103e-05,0.14095799206917548,553.0,246.3059769478879,,,,,,,False,,,,"example-reviewer",derived_from_reviewed_observations,,,continuous,0,425,curve-mfh-45deg-000426,derived_guide_constrained_curve_data,confirmed_continuous_curve,449,414,460
mfh-45deg,0.07426086956521735,84.65145672471513,8.695652173912327e-05,0.14095799206917548,554.0,246.19334793028776,,,,,,,False,,,,"example-reviewer",derived_from_reviewed_observations,,,continuous,0,426,curve-mfh-45deg-000427,derived_guide_constrained_curve_data,confirmed_continuous_curve,449,414,460
mfh-45deg,0.0744347826086956,84.6908211853845,8.695652173915103e-05,0.14095799206917548,555.0,246.05371604389552,,,,,,,False,,,,"example-reviewer",derived_from_reviewed_observations,,,continuous,0,427,curve-mfh-45deg-000428,derived_guide_constrained_curve_data,confirmed_continuous_curve,449,414,460
mfh-45deg,0.07460869565217387,84.73780585342617,8.695652173912327e-05,0.14095799206917548,556.0,245.88705409251565,,,,,,,False,,,,"example-reviewer",derived_from_reviewed_observations,,,continuous,0,428,curve-mfh-45deg-000429,derived_guide_constrained_curve_data,confirmed_continuous_curve,449,414,460
mfh-45deg,0.07478260869565212,84.79241839588241,8.695652173915103e-05,0.14095799206917548,557.0,245.69333487995254,,,,,,,False,,,,"example-reviewer",derived_from_reviewed_observations,,,continuous,0,429,curve-mfh-45deg-000430,derived_guide_constrained_curve_data,confirmed_continuous_curve,449,414,460
mfh-45deg,0.0749565217391304,84.85466647979544,8.695652173912327e-05,0.14095799206917548,558.0,245.47253121001063,,,,,,,False,,,,"example-reviewer",derived_from_reviewed_observations,,,continuous,0,430,curve-mfh-45deg-000431,derived_guide_constrained_curve_data,confirmed_continuous_curve,449,414,460
mfh-45deg,0.07513043478260864,84.9245577722075,8.695652173915103e-05,0.14095799206917548,559.0,245.22461588649435,,,,,,,False,,,,"example-reviewer",derived_from_reviewed_observations,,,continuous,0,431,curve-mfh-45deg-000432,derived_guide_constrained_curve_data,confirmed_continuous_curve,449,414,460
mfh-45deg,0.07530434782608691,85.00042405941015,8.695652173912327e-05,0.14095799206917548,560.0,244.9555063238191,,,,,,,False,,,,"example-reviewer",derived_from_reviewed_observations,,,continuous,0,432,curve-mfh-45deg-000433,derived_guide_constrained_curve_data,confirmed_continuous_curve,449,414,460
mfh-45deg,0.07547826086956516,85.0017248542116,8.695652173915103e-05,0.14095799206917548,561.0,244.9508922016173,,,,,,,False,,,,"example-reviewer",derived_from_reviewed_observations,,,continuous,0,433,curve-mfh-45deg-000434,derived_guide_constrained_curve_data,confirmed_continuous_curve,449,414,460
mfh-45deg,0.07565217391304344,85.00901415240186,8.695652173912327e-05,0.14095799206917548,562.0,244.92503592315,,,,,,,False,,,,"example-reviewer",derived_from_reviewed_observations,,,continuous,0,434,curve-mfh-45deg-000435,derived_guide_constrained_curve_data,confirmed_continuous_curve,449,414,460
mfh-45deg,0.07582608695652168,85.02229816063416,8.695652173915103e-05,0.14095799206917548,563.0,244.87791547244942,,,,,,,False,,,,"example-reviewer",derived_from_reviewed_observations,,,continuous,0,435,curve-mfh-45deg-000436,derived_guide_constrained_curve_data,confirmed_continuous_curve,449,414,460
mfh-45deg,0.07599999999999996,85.03558216886648,8.695652173912327e-05,0.14095799206917548,564.0,244.83079502174874,,,,,,,False,,,,"example-reviewer",derived_from_reviewed_observations,,,continuous,0,436,curve-mfh-45deg-000437,derived_guide_constrained_curve_data,confirmed_continuous_curve,449,414,460
mfh-45deg,0.0761739130434782,85.04886617709879,8.695652173915103e-05,0.14095799206917548,565.0,244.78367457104815,,,,,,,False,,,,"example-reviewer",derived_from_reviewed_observations,,,continuous,0,437,curve-mfh-45deg-000438,derived_guide_constrained_curve_data,confirmed_continuous_curve,449,414,460
mfh-45deg,0.07634782608695648,85.05063099716186,8.695652173912327e-05,0.14095799206917548,566.0,244.77741447881368,,,,,,,False,,,,"example-reviewer",derived_from_reviewed_observations,,,continuous,0,438,curve-mfh-45deg-000439,derived_guide_constrained_curve_data,confirmed_continuous_curve,449,414,460
mfh-45deg,0.07652173913043472,85.04088137531988,8.695652173915103e-05,0.14095799206917548,567.0,244.8119979093055,,,,,,,False,,,,"example-reviewer",derived_from_reviewed_observations,,,continuous,0,439,curve-mfh-45deg-000440,derived_guide_constrained_curve_data,confirmed_continuous_curve,449,414,460
mfh-45deg,0.076695652173913,85.01962169273988,8.695652173912327e-05,0.14095799206917548,568.0,244.8874093218403,,,,,,,False,,,,"example-reviewer",derived_from_reviewed_observations,,,continuous,0,440,curve-mfh-45deg-000441,derived_guide_constrained_curve_data,confirmed_continuous_curve,449,414,460
mfh-45deg,0.07686956521739124,84.98685596549159,8.695652173915103e-05,0.14095799206917548,569.0,245.00363447079178,,,,,,,False,,,,"example-reviewer",derived_from_reviewed_observations,,,continuous,0,441,curve-mfh-45deg-000442,derived_guide_constrained_curve_data,confirmed_continuous_curve,449,414,460
mfh-45deg,0.07704347826086952,84.94258784454749,8.695652173912327e-05,0.14095799206917548,570.0,245.16066040559076,,,,,,,False,,,,"example-reviewer",derived_from_reviewed_observations,,,continuous,0,442,curve-mfh-45deg-000443,derived_guide_constrained_curve_data,confirmed_continuous_curve,449,414,460
mfh-45deg,0.07721739130434777,84.88682061578284,8.695652173915103e-05,0.14095799206917548,571.0,245.35847547072478,,,,,,,False,,,,"example-reviewer",derived_from_reviewed_observations,,,continuous,0,443,curve-mfh-45deg-000444,derived_guide_constrained_curve_data,confirmed_continuous_curve,449,414,460
mfh-45deg,0.07739130434782604,84.81955719997562,8.695652173912327e-05,0.14095799206917548,572.0,245.59706930573844,,,,,,,False,,,,"example-reviewer",derived_from_reviewed_observations,,,continuous,0,444,curve-mfh-45deg-000445,derived_guide_constrained_curve_data,confirmed_continuous_curve,449,414,460
mfh-45deg,0.07756521739130431,84.75061060147276,8.695652173915103e-05,0.14095799206917548,573.0,245.84163365250149,,,,,,,False,,,,"example-reviewer",derived_from_reviewed_observations,,,continuous,0,445,curve-mfh-45deg-000446,derived_guide_constrained_curve_data,confirmed_continuous_curve,449,414,460
mfh-45deg,0.07773913043478256,84.67998301085775,8.695652173912327e-05,0.14095799206917548,574.0,246.09216074067234,,,,,,,False,,,,"example-reviewer",derived_from_reviewed_observations,,,continuous,0,446,curve-mfh-45deg-000447,derived_guide_constrained_curve_data,confirmed_continuous_curve,449,414,460
mfh-45deg,0.07791304347826083,84.60767625361683,8.695652173915103e-05,0.14095799206917548,575.0,246.34864409496643,,,,,,,False,,,,"example-reviewer",derived_from_reviewed_observations,,,continuous,0,447,curve-mfh-45deg-000448,derived_guide_constrained_curve_data,confirmed_continuous_curve,449,414,460
mfh-45deg,0.07808695652173908,84.53369179013902,8.695652173912327e-05,0.14095799206917548,576.0,246.6110785351559,,,,,,,False,,,,"example-reviewer",derived_from_reviewed_observations,,,continuous,0,448,curve-mfh-45deg-000449,derived_guide_constrained_curve_data,confirmed_continuous_curve,449,414,460
mfh-45deg,0.07826086956521736,84.45803071571602,8.695652173915103e-05,0.14095799206917548,577.0,246.87946017607013,,,,,,,False,,,,"example-reviewer",derived_from_reviewed_observations,,,continuous,0,449,curve-mfh-45deg-000450,derived_guide_constrained_curve_data,confirmed_continuous_curve,449,414,460
mfh-45deg,0.0784347826086956,84.38116832738328,8.695652173912327e-05,0.14095799206917548,578.0,247.1521030649353,,,,,,,False,,,,"example-reviewer",derived_from_reviewed_observations,,,continuous,0,450,curve-mfh-45deg-000451,derived_guide_constrained_curve_data,confirmed_continuous_curve,449,414,460
mfh-45deg,0.07860869565217388,84.30311229218299,8.695652173915103e-05,0.14095799206917548,579.0,247.42898000555593,,,,,,,False,,,,"example-reviewer",derived_from_reviewed_observations,,,continuous,0,451,curve-mfh-45deg-000452,derived_guide_constrained_curve_data,confirmed_continuous_curve,449,414,460
mfh-45deg,0.07878260869565212,84.22387027715739,8.695652173912327e-05,0.14095799206917548,580.0,247.71006380173654,,,,,,,False,,,,"example-reviewer",derived_from_reviewed_observations,,,continuous,0,452,curve-mfh-45deg-000453,derived_guide_constrained_curve_data,confirmed_continuous_curve,449,414,460
mfh-45deg,0.0789565217391304,84.14512583009939,8.695652173915103e-05,0.14095799206917548,581.0,247.9893826466707,,,,,,,False,,,,"example-reviewer",derived_from_reviewed_observations,,,continuous,0,453,curve-mfh-45deg-000454,derived_guide_constrained_curve_data,confirmed_continuous_curve,449,414,460
mfh-45deg,0.07913043478260864,84.14743477228524,8.695652173912327e-05,0.14095799206917548,582.0,247.98119246833474,,,,,,,False,,,,"example-reviewer",derived_from_reviewed_observations,,,continuous,0,454,curve-mfh-45deg-000455,derived_guide_constrained_curve_data,confirmed_continuous_curve,449,414,460
mfh-45deg,0.07930434782608692,84.15025844200939,8.695652173915103e-05,0.14095799206917548,583.0,247.97117647107663,,,,,,,False,,,,"example-reviewer",derived_from_reviewed_observations,,,continuous,0,455,curve-mfh-45deg-000456,derived_guide_constrained_curve_data,confirmed_continuous_curve,449,414,460
mfh-45deg,0.07947826086956516,84.15360596670307,8.695652173912327e-05,0.14095799206917548,584.0,247.95930227847307,,,,,,,False,,,,"example-reviewer",derived_from_reviewed_observations,,,continuous,0,456,curve-mfh-45deg-000457,derived_guide_constrained_curve_data,confirmed_continuous_curve,449,414,460
mfh-45deg,0.07965217391304344,84.15748683889477,8.695652173915103e-05,0.14095799206917548,585.0,247.94553621904382,,,,,,,False,,,,"example-reviewer",derived_from_reviewed_observations,,,continuous,0,457,curve-mfh-45deg-000458,derived_guide_constrained_curve_data,confirmed_continuous_curve,449,414,460
mfh-45deg,0.07982608695652169,84.1619109162102,8.695652173912327e-05,0.14095799206917548,586.0,247.9298433262518,,,,,,,False,,,,"example-reviewer",derived_from_reviewed_observations,,,continuous,0,458,curve-mfh-45deg-000459,derived_guide_constrained_curve_data,confirmed_continuous_curve,449,414,460
mfh-45deg,0.07999999999999996,84.16688842137235,8.695652173915103e-05,0.14095799206917548,587.0,247.912187338503,,,,,,,False,,,,"example-reviewer",derived_from_reviewed_observations,,,continuous,0,459,curve-mfh-45deg-000460,derived_guide_constrained_curve_data,confirmed_continuous_curve,449,414,460
test-90deg,0.0015652173913043438,4.077993133194212,8.695652173913021e-05,0.14095799206918969,136.0,532.0,9.0,8.5,0.5,160,diamond,visible_marker_support,True,visible_candidate,line-test-90deg-000001,,"example-reviewer",accepted,,True,continuous,0,0,curve-test-90deg-000001,reviewed_visible_observation,confirmed_continuous_curve,,,
test-90deg,0.01843478260869564,43.828146896702066,8.695652173913021e-05,0.14095799206917548,233.0,391.0,4.0,2.5,0.5,33,diamond,visible_marker_support,False,visible_candidate,line-test-90deg-000002,,"example-reviewer",accepted,,False,continuous,0,1,curve-test-90deg-000002,reviewed_visible_observation,confirmed_continuous_curve,,,
test-90deg,0.022260869565217375,49.74838256360749,8.695652173913021e-05,0.14095799206918969,255.0,370.0,11.5,8.5,0.5,152,diamond,visible_marker_support,False,visible_candidate,line-test-90deg-000003,,"example-reviewer",accepted,,False,continuous,0,2,curve-test-90deg-000003,reviewed_visible_observation,confirmed_continuous_curve,,,
test-90deg,0.02469565217391303,53.977122325682785,8.695652173913021e-05,0.14095799206917548,269.0,355.0,2.5,2.0,0.5,19,diamond,visible_marker_support,False,visible_candidate,line-test-90deg-000004,,"example-reviewer",accepted,,False,continuous,0,3,curve-test-90deg-000004,reviewed_visible_observation,confirmed_continuous_curve,,,
test-90deg,0.0372173913043478,66.66334161190869,8.695652173913021e-05,0.14095799206917548,341.0,310.0,1.0,0.5,0.5,5,diamond,visible_marker_support,False,visible_candidate,line-test-90deg-000005,,"example-reviewer",accepted,,False,continuous,0,4,curve-test-90deg-000005,reviewed_visible_observation,confirmed_continuous_curve,,,
test-90deg,0.03930434782608693,68.07292153260046,8.695652173913021e-05,0.14095799206917548,353.0,305.0,1.0,1.5,0.5,11,diamond,visible_marker_support,False,visible_candidate,line-test-90deg-000006,,"example-reviewer",accepted,,False,continuous,0,5,curve-test-90deg-000006,reviewed_visible_observation,confirmed_continuous_curve,,,
test-90deg,0.04556521739130432,72.30166129467577,8.695652173913715e-05,0.14095799206917548,389.0,290.0,1.0,2.0,0.5,13,diamond,visible_marker_support,False,visible_candidate,line-test-90deg-000007,,"example-reviewer",accepted,,False,continuous,0,6,curve-test-90deg-000007,reviewed_visible_observation,confirmed_continuous_curve,,,
test-90deg,0.057217391304347796,77.37614900916613,8.695652173913715e-05,0.14095799206917548,456.0,272.0,1.0,2.0,0.5,13,diamond,visible_marker_support,False,visible_candidate,line-test-90deg-000008,,"example-reviewer",accepted,,False,continuous,0,7,curve-test-90deg-000008,reviewed_visible_observation,confirmed_continuous_curve,,,
test-90deg,0.06252173913043474,78.50381294571955,8.695652173913021e-05,0.14095799206917548,486.5,268.0,2.5,1.0,0.5,18,diamond,visible_marker_support,False,visible_candidate,line-test-90deg-000009,,"example-reviewer",accepted,,False,continuous,0,8,curve-test-90deg-000009,reviewed_visible_observation,confirmed_continuous_curve,,,
test-90deg,0.06573913043478258,79.06764491399625,8.695652173915103e-05,0.14095799206917548,505.0,266.0,2.0,1.5,0.5,16,diamond,visible_marker_support,False,visible_candidate,line-test-90deg-000010,,"example-reviewer",accepted,,False,continuous,0,9,curve-test-90deg-000010,reviewed_visible_observation,confirmed_continuous_curve,,,
test-90deg,0.07130434782608691,79.3495608981346,8.695652173912327e-05,0.14095799206917548,537.0,265.0,2.0,0.5,0.5,5,diamond,visible_marker_support,False,visible_candidate,line-test-90deg-000011,,"example-reviewer",accepted,,False,continuous,0,10,curve-test-90deg-000011,reviewed_visible_observation,confirmed_continuous_curve,,,
test-90deg,0.07460869565217387,74.55698916778259,8.695652173912327e-05,0.14095799206917548,556.0,282.0,11.0,1.5,0.5,15,diamond,visible_marker_support,False,visible_candidate,line-test-90deg-000012,,"example-reviewer",accepted,,False,continuous,0,11,curve-test-90deg-000012,reviewed_visible_observation,confirmed_continuous_curve,,,
test-90deg,0.07808695652173908,73.57028322329836,8.695652173912327e-05,0.14095799206917548,576.0,285.5,4.0,5.5,0.5,42,diamond,visible_marker_support,False,visible_candidate,line-test-90deg-000013,,"example-reviewer",accepted,,False,continuous,0,12,curve-test-90deg-000013,reviewed_visible_observation,confirmed_continuous_curve,,,
test-90deg,0.08260869565217385,73.14740924709082,8.695652173915103e-05,0.14095799206918969,602.0,287.0,10.5,6.5,0.5,220,diamond,visible_marker_support,False,visible_candidate,line-test-90deg-000014,,"example-reviewer",accepted,,False,continuous,0,13,curve-test-90deg-000014,reviewed_visible_observation,confirmed_continuous_curve,,,
mfh-90deg,0.00017391304347825695,0.7771053696859269,8.695652173913021e-05,0.14095799206918969,128.0,543.7087641326798,,,,,,,True,,,,"example-reviewer",derived_from_reviewed_observations,,,continuous,0,0,curve-mfh-90deg-000001,derived_guide_constrained_curve_data,confirmed_continuous_curve,390,366,460
mfh-90deg,0.00034782608695651737,1.189221914767188,8.695652173913021e-05,0.14095799206918969,129.0,542.246922420012,,,,,,,False,,,,"example-reviewer",derived_from_reviewed_observations,,,continuous,0,1,curve-mfh-90deg-000002,derived_guide_constrained_curve_data,confirmed_continuous_curve,390,366,460
mfh-90deg,0.0005217391304347778,1.5931394895571884,8.695652173913021e-05,0.14095799206918969,130.0,540.8141637347443,,,,,,,False,,,,"example-reviewer",derived_from_reviewed_observations,,,continuous,0,2,curve-mfh-90deg-000003,derived_guide_constrained_curve_data,confirmed_continuous_curve,390,366,460
mfh-90deg,0.0006956521739130382,1.989370817985531,8.695652173913021e-05,0.14095799206918969,131.0,539.4086693650676,,,,,,,False,,,,"example-reviewer",derived_from_reviewed_observations,,,continuous,0,3,curve-mfh-90deg-000004,derived_guide_constrained_curve_data,confirmed_continuous_curve,390,366,460
mfh-90deg,0.0008695652173912986,2.378393665531803,8.695652173913021e-05,0.14095799206918969,132.0,538.0287446022511,,,,,,,False,,,,"example-reviewer",derived_from_reviewed_observations,,,continuous,0,4,curve-mfh-90deg-000005,derived_guide_constrained_curve_data,confirmed_continuous_curve,390,366,460
mfh-90deg,0.0010434782608695625,2.7606508392262015,8.695652173913368e-05,0.14095799206918969,133.0,536.6728187406412,,,,,,,False,,,,"example-reviewer",derived_from_reviewed_observations,,,continuous,0,5,curve-mfh-90deg-000006,derived_guide_constrained_curve_data,confirmed_continuous_curve,390,366,460
mfh-90deg,0.001217391304347823,3.1499747583222586,8.695652173913021e-05,0.14095799206918969,134.0,535.2918260300435,,,,,,,False,,,,"example-reviewer",derived_from_reviewed_observations,,,continuous,0,6,curve-mfh-90deg-000007,derived_guide_constrained_curve_data,confirmed_continuous_curve,390,366,460
mfh-90deg,0.0013913043478260834,3.546738312950424,8.695652173913021e-05,0.14095799206918969,135.0,533.8844437709607,,,,,,,False,,,,"example-reviewer",derived_from_reviewed_observations,,,continuous,0,7,curve-mfh-90deg-000008,derived_guide_constrained_curve_data,confirmed_continuous_curve,390,366,460
mfh-90deg,0.0015652173913043438,3.964671916847749,8.695652173913021e-05,0.14095799206918969,136.0,532.4019680426877,,,,,,,False,,,,"example-reviewer",derived_from_reviewed_observations,,,continuous,0,8,curve-mfh-90deg-000009,derived_guide_constrained_curve_data,confirmed_continuous_curve,390,366,460
mfh-90deg,0.0017391304347826042,4.404069179575032,8.695652173913021e-05,0.14095799206918969,137.0,530.8433573662826,,,,,,,False,,,,"example-reviewer",derived_from_reviewed_observations,,,continuous,0,9,curve-mfh-90deg-000010,derived_guide_constrained_curve_data,confirmed_continuous_curve,390,366,460
mfh-90deg,0.0019130434782608646,4.851846401915708,8.695652173913021e-05,0.14095799206918969,138.0,529.255021665101,,,,,,,False,,,,"example-reviewer",derived_from_reviewed_observations,,,continuous,0,10,curve-mfh-90deg-000011,derived_guide_constrained_curve_data,confirmed_continuous_curve,390,366,460
mfh-90deg,0.002086956521739125,5.2949671465493395,8.695652173913021e-05,0.14095799206918969,139.0,527.6832032171759,,,,,,,False,,,,"example-reviewer",derived_from_reviewed_observations,,,continuous,0,11,curve-mfh-90deg-000012,derived_guide_constrained_curve_data,confirmed_continuous_curve,390,366,460
mfh-90deg,0.0022608695652173855,5.765360811305527,8.695652173913021e-05,0.14095799206918969,140.0,526.0146434645465,,,,,,,False,,,,"example-reviewer",derived_from_reviewed_observations,,,continuous,0,12,curve-mfh-90deg-000013,derived_guide_constrained_curve_data,confirmed_continuous_curve,390,366,460
mfh-90deg,0.002434782608695646,6.236497772550564,8.695652173913021e-05,0.14095799206918969,141.0,524.3434471232499,,,,,,,False,,,,"example-reviewer",derived_from_reviewed_observations,,,continuous,0,13,curve-mfh-90deg-000014,derived_guide_constrained_curve_data,confirmed_continuous_curve,390,366,460
mfh-90deg,0.0026086956521739063,6.708779768342822,8.695652173913021e-05,0.14095799206918969,142.0,522.6681891656859,,,,,,,False,,,,"example-reviewer",derived_from_reviewed_observations,,,continuous,0,14,curve-mfh-90deg-000015,derived_guide_constrained_curve_data,confirmed_continuous_curve,390,366,460
mfh-90deg,0.00278260869565217,7.115567903720205,8.695652173913368e-05,0.14095799206918969,143.0,521.2252481539491,,,,,,,False,,,,"example-reviewer",derived_from_reviewed_observations,,,continuous,0,15,curve-mfh-90deg-000016,derived_guide_constrained_curve_data,confirmed_continuous_curve,390,366,460
mfh-90deg,0.0029565217391304306,7.578249493491967,8.695652173913021e-05,0.14095799206918969,144.0,519.584044335067,,,,,,,False,,,,"example-reviewer",derived_from_reviewed_observations,,,continuous,0,16,curve-mfh-90deg-000017,derived_guide_constrained_curve_data,confirmed_continuous_curve,390,366,460
mfh-90deg,0.003130434782608691,8.016925512714295,8.695652173913021e-05,0.14095799206918969,145.0,518.0279920219529,,,,,,,False,,,,"example-reviewer",derived_from_reviewed_observations,,,continuous,0,17,curve-mfh-90deg-000018,derived_guide_constrained_curve_data,confirmed_continuous_curve,390,366,460
mfh-90deg,0.0033043478260869515,8.44642501246065,8.695652173913021e-05,0.14095799206918969,146.0,516.5044902557828,,,,,,,False,,,,"example-reviewer",derived_from_reviewed_observations,,,continuous,0,18,curve-mfh-90deg-000019,derived_guide_constrained_curve_data,confirmed_continuous_curve,390,366,460
mfh-90deg,0.003478260869565212,8.867083608636477,8.695652173913021e-05,0.14095799206918969,147.0,515.0123485545539,,,,,,,False,,,,"example-reviewer",derived_from_reviewed_observations,,,continuous,0,19,curve-mfh-90deg-000020,derived_guide_constrained_curve_data,confirmed_continuous_curve,390,366,460
mfh-90deg,0.0036521739130434723,9.304918875460373,8.695652173913021e-05,0.14095799206918969,148.0,513.4592785214301,,,,,,,False,,,,"example-reviewer",derived_from_reviewed_observations,,,continuous,0,20,curve-mfh-90deg-000021,derived_guide_constrained_curve_data,confirmed_continuous_curve,390,366,460
mfh-90deg,0.0038260869565217327,9.75897958236996,8.695652173913021e-05,0.14095799206918969,149.0,511.8486543196936,,,,,,,False,,,,"example-reviewer",derived_from_reviewed_observations,,,continuous,0,21,curve-mfh-90deg-000022,derived_guide_constrained_curve_data,confirmed_continuous_curve,390,366,460
mfh-90deg,0.003999999999999993,10.20133043253216,8.695652173913021e-05,0.14095799206918969,150.0,510.27956680763145,,,,,,,False,,,,"example-reviewer",derived_from_reviewed_observations,,,continuous,0,22,curve-mfh-90deg-000023,derived_guide_constrained_curve_data,confirmed_continuous_curve,390,366,460
mfh-90deg,0.0041739130434782536,10.657793739918162,8.695652173913021e-05,0.14095799206918969,151.0,508.66042020698325,,,,,,,False,,,,"example-reviewer",derived_from_reviewed_observations,,,continuous,0,23,curve-mfh-90deg-000024,derived_guide_constrained_curve_data,confirmed_continuous_curve,390,366,460
mfh-90deg,0.004347826086956514,11.127402005263832,8.695652173913021e-05,0.14095799206918969,152.0,506.99464638865584,,,,,,,False,,,,"example-reviewer",derived_from_reviewed_observations,,,continuous,0,24,curve-mfh-90deg-000025,derived_guide_constrained_curve_data,confirmed_continuous_curve,390,366,460
mfh-90deg,0.004521739130434778,11.62267162808962,8.695652173913368e-05,0.14095799206918969,153.0,505.2378477298656,,,,,,,False,,,,"example-reviewer",derived_from_reviewed_observations,,,continuous,0,25,curve-mfh-90deg-000026,derived_guide_constrained_curve_data,confirmed_continuous_curve,390,366,460
mfh-90deg,0.004695652173913038,12.115904624007356,8.695652173913021e-05,0.14095799206918969,154.0,503.4882733046153,,,,,,,False,,,,"example-reviewer",derived_from_reviewed_observations,,,continuous,0,26,curve-mfh-90deg-000027,derived_guide_constrained_curve_data,confirmed_continuous_curve,390,366,460
mfh-90deg,0.004869565217391299,12.606311478086695,8.695652173913021e-05,0.14095799206918969,155.0,501.7487236455982,,,,,,,False,,,,"example-reviewer",derived_from_reviewed_observations,,,continuous,0,27,curve-mfh-90deg-000028,derived_guide_constrained_curve_data,confirmed_continuous_curve,390,366,460
mfh-90deg,0.005043478260869559,13.093162003508496,8.695652173913021e-05,0.14095799206918969,156.0,500.02178883943674,,,,,,,False,,,,"example-reviewer",derived_from_reviewed_observations,,,continuous,0,28,curve-mfh-90deg-000029,derived_guide_constrained_curve_data,confirmed_continuous_curve,390,366,460
mfh-90deg,0.0052173913043478196,13.548968288835482,8.695652173913021e-05,0.14095799206918969,157.0,498.4049727985864,,,,,,,False,,,,"example-reviewer",derived_from_reviewed_observations,,,continuous,0,29,curve-mfh-90deg-000030,derived_guide_constrained_curve_data,confirmed_continuous_curve,390,366,460
mfh-90deg,0.00539130434782608,13.986552737814492,8.695652173913021e-05,0.14095799206918969,158.0,496.85279245550856,,,,,,,False,,,,"example-reviewer",derived_from_reviewed_observations,,,continuous,0,30,curve-mfh-90deg-000031,derived_guide_constrained_curve_data,confirmed_continuous_curve,390,366,460
mfh-90deg,0.00556521739130434,14.42295442134369,8.695652173913021e-05,0.14095799206918969,159.0,495.304807566099,,,,,,,False,,,,"example-reviewer",derived_from_reviewed_observations,,,continuous,0,31,curve-mfh-90deg-000032,derived_guide_constrained_curve_data,confirmed_continuous_curve,390,366,460
mfh-90deg,0.005739130434782601,14.862085438696568,8.695652173913021e-05,0.14095799206918969,160.0,493.74714130359513,,,,,,,False,,,,"example-reviewer",derived_from_reviewed_observations,,,continuous,0,32,curve-mfh-90deg-000033,derived_guide_constrained_curve_data,confirmed_continuous_curve,390,366,460
mfh-90deg,0.005913043478260861,15.290331112494783,8.695652173913021e-05,0.14095799206918969,161.0,492.2280870537728,,,,,,,False,,,,"example-reviewer",derived_from_reviewed_observations,,,continuous,0,33,curve-mfh-90deg-000034,derived_guide_constrained_curve_data,confirmed_continuous_curve,390,366,460
mfh-90deg,0.006086956521739122,15.734327585145195,8.695652173913368e-05,0.14095799206918969,162.0,490.6531622618798,,,,,,,False,,,,"example-reviewer",derived_from_reviewed_observations,,,continuous,0,34,curve-mfh-90deg-000035,derived_guide_constrained_curve_data,confirmed_continuous_curve,390,366,460
mfh-90deg,0.0062608695652173856,16.166989824127256,8.695652173913021e-05,0.14095799206918969,163.0,489.1184417659687,,,,,,,False,,,,"example-reviewer",derived_from_reviewed_observations,,,continuous,0,35,curve-mfh-90deg-000036,derived_guide_constrained_curve_data,confirmed_continuous_curve,390,366,460
mfh-90deg,0.006434782608695646,16.708880182091576,8.695652173913021e-05,0.14095799206918969,164.0,487.1962720826124,,,,,,,False,,,,"example-reviewer",derived_from_reviewed_observations,,,continuous,0,36,curve-mfh-90deg-000037,derived_guide_constrained_curve_data,confirmed_continuous_curve,390,366,460
mfh-90deg,0.006608695652173906,17.22547127666249,8.695652173913021e-05,0.14095799206918969,165.0,485.36384283547403,,,,,,,False,,,,"example-reviewer",derived_from_reviewed_observations,,,continuous,0,37,curve-mfh-90deg-000038,derived_guide_constrained_curve_data,confirmed_continuous_curve,390,366,460
mfh-90deg,0.006782608695652167,17.74330768130889,8.695652173913021e-05,0.14095799206918969,166.0,483.52699627911744,,,,,,,False,,,,"example-reviewer",derived_from_reviewed_observations,,,continuous,0,38,curve-mfh-90deg-000039,derived_guide_constrained_curve_data,confirmed_continuous_curve,390,366,460
mfh-90deg,0.006956521739130427,18.26206193591858,8.695652173913021e-05,0.14095799206918969,167.0,481.68689396567396,,,,,,,False,,,,"example-reviewer",derived_from_reviewed_observations,,,continuous,0,39,curve-mfh-90deg-000040,derived_guide_constrained_curve_data,confirmed_continuous_curve,390,366,460
mfh-90deg,0.007130434782608688,18.808232829491402,8.695652173913021e-05,0.14095799206918969,168.0,479.74954055436547,,,,,,,False,,,,"example-reviewer",derived_from_reviewed_observations,,,continuous,0,40,curve-mfh-90deg-000041,derived_guide_constrained_curve_data,confirmed_continuous_curve,390,366,460
mfh-90deg,0.007304347826086948,19.34117340542636,8.695652173913021e-05,0.14095799206918969,169.0,477.8591171448386,,,,,,,False,,,,"example-reviewer",derived_from_reviewed_observations,,,continuous,0,41,curve-mfh-90deg-000042,derived_guide_constrained_curve_data,confirmed_continuous_curve,390,366,460
mfh-90deg,0.0074782608695652085,19.86068941068811,8.695652173913021e-05,0.14095799206918969,170.0,476.0163127829306,,,,,,,False,,,,"example-reviewer",derived_from_reviewed_observations,,,continuous,0,42,curve-mfh-90deg-000043,derived_guide_constrained_curve_data,confirmed_continuous_curve,390,366,460
mfh-90deg,0.007652173913043469,20.38020541594983,8.695652173913021e-05,0.14095799206918969,171.0,474.17350842102263,,,,,,,False,,,,"example-reviewer",derived_from_reviewed_observations,,,continuous,0,43,curve-mfh-90deg-000044,derived_guide_constrained_curve_data,confirmed_continuous_curve,390,366,460
mfh-90deg,0.00782608695652173,20.886296850538315,8.695652173913368e-05,0.14095799206918969,172.0,472.3783231067337,,,,,,,False,,,,"example-reviewer",derived_from_reviewed_observations,,,continuous,0,44,curve-mfh-90deg-000045,derived_guide_constrained_curve_data,confirmed_continuous_curve,390,366,460
mfh-90deg,0.007999999999999993,21.378963714453533,8.695652173913021e-05,0.14095799206918969,173.0,470.63075684006384,,,,,,,False,,,,"example-reviewer",derived_from_reviewed_observations,,,continuous,0,45,curve-mfh-90deg-000046,derived_guide_constrained_curve_data,confirmed_continuous_curve,390,366,460
mfh-90deg,0.008173913043478254,21.84478143702225,8.695652173913021e-05,0.14095799206918969,174.0,468.9784286686321,,,,,,,False,,,,"example-reviewer",derived_from_reviewed_observations,,,continuous,0,46,curve-mfh-90deg-000047,derived_guide_constrained_curve_data,confirmed_continuous_curve,390,366,460
mfh-90deg,0.008347826086956514,22.3240237302642,8.695652173913021e-05,0.14095799206918969,175.0,467.2784814495813,,,,,,,False,,,,"example-reviewer",derived_from_reviewed_observations,,,continuous,0,47,curve-mfh-90deg-000048,derived_guide_constrained_curve_data,confirmed_continuous_curve,390,366,460
mfh-90deg,0.008521739130434774,22.789756171013863,8.695652173913021e-05,0.14095799206918969,176.0,465.6264557860734,,,,,,,False,,,,"example-reviewer",derived_from_reviewed_observations,,,continuous,0,48,curve-mfh-90deg-000049,derived_guide_constrained_curve_data,confirmed_continuous_curve,390,366,460
mfh-90deg,0.008695652173913035,23.25520977471308,8.695652173913021e-05,0.14095799206918969,177.0,463.975419201107,,,,,,,False,,,,"example-reviewer",derived_from_reviewed_observations,,,continuous,0,49,curve-mfh-90deg-000050,derived_guide_constrained_curve_data,confirmed_continuous_curve,390,366,460
mfh-90deg,0.008869565217391295,23.733581069413958,8.695652173913021e-05,0.14095799206918969,178.0,462.2785615498356,,,,,,,False,,,,"example-reviewer",derived_from_reviewed_observations,,,continuous,0,50,curve-mfh-90deg-000051,derived_guide_constrained_curve_data,confirmed_continuous_curve,390,366,460
mfh-90deg,0.009043478260869556,24.211182954432275,8.695652173913021e-05,0.14095799206918969,179.0,460.58443311480534,,,,,,,False,,,,"example-reviewer",derived_from_reviewed_observations,,,continuous,0,51,curve-mfh-90deg-000052,derived_guide_constrained_curve_data,confirmed_continuous_curve,390,366,460
mfh-90deg,0.009217391304347816,24.660869271020573,8.695652173913021e-05,0.14095799206918969,180.0,458.989325558337,,,,,,,False,,,,"example-reviewer",derived_from_reviewed_observations,,,continuous,0,52,curve-mfh-90deg-000053,derived_guide_constrained_curve_data,confirmed_continuous_curve,390,366,460
mfh-90deg,0.009391304347826077,25.122582226407985,8.695652173913021e-05,0.14095799206918969,181.0,457.35155763681036,,,,,,,False,,,,"example-reviewer",derived_from_reviewed_observations,,,continuous,0,53,curve-mfh-90deg-000054,derived_guide_constrained_curve_data,confirmed_continuous_curve,390,366,460
mfh-90deg,0.009565217391304337,25.569106687067517,8.695652173913021e-05,0.14095799206918969,182.0,455.76766567685536,,,,,,,False,,,,"example-reviewer",derived_from_reviewed_observations,,,continuous,0,54,curve-mfh-90deg-000055,derived_guide_constrained_curve_data,confirmed_continuous_curve,390,366,460
mfh-90deg,0.009739130434782597,26.000042173428767,8.695652173913021e-05,0.14095799206918969,183.0,454.2390702420192,,,,,,,False,,,,"example-reviewer",derived_from_reviewed_observations,,,continuous,0,55,curve-mfh-90deg-000056,derived_guide_constrained_curve_data,confirmed_continuous_curve,390,366,460
mfh-90deg,0.009913043478260858,26.46865200122464,8.695652173913021e-05,0.14095799206918969,184.0,452.576838037527,,,,,,,False,,,,"example-reviewer",derived_from_reviewed_observations,,,continuous,0,56,curve-mfh-90deg-000057,derived_guide_constrained_curve_data,confirmed_continuous_curve,390,366,460
mfh-90deg,0.010086956521739118,26.88049472139228,8.695652173913021e-05,0.14095799206917548,185.0,451.11596762456907,,,,,,,False,,,,"example-reviewer",derived_from_reviewed_observations,,,continuous,0,57,curve-mfh-90deg-000058,derived_guide_constrained_curve_data,confirmed_continuous_curve,390,366,460
mfh-90deg,0.010260869565217379,27.263706451738713,8.695652173913021e-05,0.14095799206918969,186.0,449.75665580151764,,,,,,,False,,,,"example-reviewer",derived_from_reviewed_observations,,,continuous,0,58,curve-mfh-90deg-000059,derived_guide_constrained_curve_data,confirmed_continuous_curve,390,366,460
mfh-90deg,0.010434782608695639,27.64687164613879,8.695652173913715e-05,0.14095799206917548,187.0,448.39750904873176,,,,,,,False,,,,"example-reviewer",derived_from_reviewed_observations,,,continuous,0,59,curve-mfh-90deg-000060,derived_guide_constrained_curve_data,confirmed_continuous_curve,390,366,460
mfh-90deg,0.010608695652173906,28.030141623259496,8.695652173913021e-05,0.14095799206917548,188.0,447.0379906152803,,,,,,,False,,,,"example-reviewer",derived_from_reviewed_observations,,,continuous,0,60,curve-mfh-90deg-000061,derived_guide_constrained_curve_data,confirmed_continuous_curve,390,366,460
mfh-90deg,0.010782608695652167,28.400208643704673,8.695652173913021e-05,0.14095799206917548,189.0,445.72530513000623,,,,,,,False,,,,"example-reviewer",derived_from_reviewed_observations,,,continuous,0,61,curve-mfh-90deg-000062,derived_guide_constrained_curve_data,confirmed_continuous_curve,390,366,460
mfh-90deg,0.010956521739130427,28.78400419270818,8.695652173913021e-05,0.14095799206917548,190.0,444.36392241104994,,,,,,,False,,,,"example-reviewer",derived_from_reviewed_observations,,,continuous,0,62,curve-mfh-90deg-000063,derived_guide_constrained_curve_data,confirmed_continuous_curve,390,366,460
mfh-90deg,0.011130434782608688,29.168151556094287,8.695652173913021e-05,0.14095799206917548,191.0,443.0012917515639,,,,,,,False,,,,"example-reviewer",derived_from_reviewed_observations,,,continuous,0,63,curve-mfh-90deg-000064,derived_guide_constrained_curve_data,confirmed_continuous_curve,390,366,460
mfh-90deg,0.011304347826086948,29.55266410297054,8.695652173913021e-05,0.14095799206918969,192.0,441.63736572923676,,,,,,,False,,,,"example-reviewer",derived_from_reviewed_observations,,,continuous,0,64,curve-mfh-90deg-000065,derived_guide_constrained_curve_data,confirmed_continuous_curve,390,366,460
mfh-90deg,0.011478260869565209,29.950945285728068,8.695652173913021e-05,0.14095799206917548,193.0,440.2246002062927,,,,,,,False,,,,"example-reviewer",derived_from_reviewed_observations,,,continuous,0,65,curve-mfh-90deg-000066,derived_guide_constrained_curve_data,confirmed_continuous_curve,390,366,460
mfh-90deg,0.011652173913043469,30.34951492802155,8.695652173913021e-05,0.14095799206917548,194.0,438.81081147234886,,,,,,,False,,,,"example-reviewer",derived_from_reviewed_observations,,,continuous,0,66,curve-mfh-90deg-000067,derived_guide_constrained_curve_data,confirmed_continuous_curve,390,366,460
mfh-90deg,0.01182608695652173,30.748282936789238,8.695652173913021e-05,0.14095799206917548,195.0,437.39631910155805,,,,,,,False,,,,"example-reviewer",derived_from_reviewed_observations,,,continuous,0,67,curve-mfh-90deg-000068,derived_guide_constrained_curve_data,confirmed_continuous_curve,390,366,460
mfh-90deg,0.01199999999999999,31.14712473157934,8.695652173913021e-05,0.14095799206917548,196.0,435.98156500022844,,,,,,,False,,,,"example-reviewer",derived_from_reviewed_observations,,,continuous,0,68,curve-mfh-90deg-000069,derived_guide_constrained_curve_data,confirmed_continuous_curve,390,366,460
mfh-90deg,0.01217391304347825,31.54596652636944,8.695652173913021e-05,0.14095799206917548,197.0,434.5668108988989,,,,,,,False,,,,"example-reviewer",derived_from_reviewed_observations,,,continuous,0,69,curve-mfh-90deg-000070,derived_guide_constrained_curve_data,confirmed_continuous_curve,390,366,460
mfh-90deg,0.01234782608695651,31.931383750486305,8.695652173913021e-05,0.14095799206917548,198.0,433.19967584518827,,,,,,,False,,,,"example-reviewer",derived_from_reviewed_observations,,,continuous,0,70,curve-mfh-90deg-000071,derived_guide_constrained_curve_data,confirmed_continuous_curve,390,366,460
mfh-90deg,0.012521739130434771,32.30337640392989,8.695652173913021e-05,0.14095799206918969,199.0,431.8801598390968,,,,,,,False,,,,"example-reviewer",derived_from_reviewed_observations,,,continuous,0,71,curve-mfh-90deg-000072,derived_guide_constrained_curve_data,confirmed_continuous_curve,390,366,460
mfh-90deg,0.012695652173913032,32.661944486700236,8.695652173913021e-05,0.14095799206917548,200.0,430.60826288062435,,,,,,,False,,,,"example-reviewer",derived_from_reviewed_observations,,,continuous,0,72,curve-mfh-90deg-000073,derived_guide_constrained_curve_data,confirmed_continuous_curve,390,366,460
mfh-90deg,0.012869565217391292,33.047361710817086,8.695652173913021e-05,0.14095799206917548,201.0,429.2411278269138,,,,,,,False,,,,"example-reviewer",derived_from_reviewed_observations,,,continuous,0,73,curve-mfh-90deg-000074,derived_guide_constrained_curve_data,confirmed_continuous_curve,390,366,460
mfh-90deg,0.013043478260869552,33.43277893493392,8.695652173913021e-05,0.14095799206918969,202.0,427.87399277320327,,,,,,,False,,,,"example-reviewer",derived_from_reviewed_observations,,,continuous,0,74,curve-mfh-90deg-000075,derived_guide_constrained_curve_data,confirmed_continuous_curve,390,366,460
mfh-90deg,0.013217391304347813,33.81819615905077,8.695652173913021e-05,0.14095799206917548,203.0,426.50685771949276,,,,,,,False,,,,"example-reviewer",derived_from_reviewed_observations,,,continuous,0,75,curve-mfh-90deg-000076,derived_guide_constrained_curve_data,confirmed_continuous_curve,390,366,460
mfh-90deg,0.013391304347826073,34.20352245151389,8.695652173913021e-05,0.14095799206917548,204.0,425.1400452145515,,,,,,,False,,,,"example-reviewer",derived_from_reviewed_observations,,,continuous,0,76,curve-mfh-90deg-000077,derived_guide_constrained_curve_data,confirmed_continuous_curve,390,366,460
mfh-90deg,0.013565217391304334,34.56175329459265,8.695652173913021e-05,0.14095799206917548,205.0,423.8693444979048,,,,,,,False,,,,"example-reviewer",derived_from_reviewed_observations,,,continuous,0,77,curve-mfh-90deg-000078,derived_guide_constrained_curve_data,confirmed_continuous_curve,390,366,460
mfh-90deg,0.013739130434782594,34.919622183634544,8.695652173913021e-05,0.14095799206918969,206.0,422.5999276887243,,,,,,,False,,,,"example-reviewer",derived_from_reviewed_observations,,,continuous,0,78,curve-mfh-90deg-000079,derived_guide_constrained_curve_data,confirmed_continuous_curve,390,366,460
mfh-90deg,0.013913043478260861,35.29047777369898,8.695652173913715e-05,0.14095799206918969,207.0,421.2844450239229,,,,,,,False,,,,"example-reviewer",derived_from_reviewed_observations,,,continuous,0,79,curve-mfh-90deg-000080,derived_guide_constrained_curve_data,confirmed_continuous_curve,390,366,460
mfh-90deg,0.014086956521739122,35.660859308883886,8.695652173913021e-05,0.14095799206918969,208.0,419.97064390577435,,,,,,,False,,,,"example-reviewer",derived_from_reviewed_observations,,,continuous,0,80,curve-mfh-90deg-000081,derived_guide_constrained_curve_data,confirmed_continuous_curve,390,366,460
mfh-90deg,0.014260869565217382,36.03077033434562,8.695652173913021e-05,0.14095799206918969,209.0,418.65851175905584,,,,,,,False,,,,"example-reviewer",derived_from_reviewed_observations,,,continuous,0,81,curve-mfh-90deg-000082,derived_guide_constrained_curve_data,confirmed_continuous_curve,390,366,460
mfh-90deg,0.014434782608695643,36.40025412562551,8.695652173913021e-05,0.14095799206917548,210.0,417.34789507866725,,,,,,,False,,,,"example-reviewer",derived_from_reviewed_observations,,,continuous,0,82,curve-mfh-90deg-000083,derived_guide_constrained_curve_data,confirmed_continuous_curve,390,366,460
mfh-90deg,0.014608695652173903,36.75596911797689,8.695652173913021e-05,0.14095799206917548,211.0,416.08611847724967,,,,,,,False,,,,"example-reviewer",derived_from_reviewed_observations,,,continuous,0,83,curve-mfh-90deg-000084,derived_guide_constrained_curve_data,confirmed_continuous_curve,390,366,460
mfh-90deg,0.014782608695652164,37.11146261838459,8.695652173913021e-05,0.14095799206918969,212.0,414.82512754232897,,,,,,,False,,,,"example-reviewer",derived_from_reviewed_observations,,,continuous,0,84,curve-mfh-90deg-000085,derived_guide_constrained_curve_data,confirmed_continuous_curve,390,366,460
mfh-90deg,0.014956521739130424,37.46689709354534,8.695652173913021e-05,0.14095799206917548,213.0,413.5643459791725,,,,,,,False,,,,"example-reviewer",derived_from_reviewed_observations,,,continuous,0,85,curve-mfh-90deg-000086,derived_guide_constrained_curve_data,confirmed_continuous_curve,390,366,460
mfh-90deg,0.015130434782608684,37.81095973459645,8.695652173913021e-05,0.14095799206917548,214.0,412.34390208663234,,,,,,,False,,,,"example-reviewer",derived_from_reviewed_observations,,,continuous,0,86,curve-mfh-90deg-000087,derived_guide_constrained_curve_data,confirmed_continuous_curve,390,366,460
mfh-90deg,0.015304347826086945,38.172094949688585,8.695652173913021e-05,0.14095799206917548,215.0,411.06289910911084,,,,,,,False,,,,"example-reviewer",derived_from_reviewed_observations,,,continuous,0,87,curve-mfh-90deg-000088,derived_guide_constrained_curve_data,confirmed_continuous_curve,390,366,460
mfh-90deg,0.015478260869565205,38.53632548791337,8.695652173913021e-05,0.14095799206917548,216.0,409.7709165372889,,,,,,,False,,,,"example-reviewer",derived_from_reviewed_observations,,,continuous,0,88,curve-mfh-90deg-000089,derived_guide_constrained_curve_data,confirmed_continuous_curve,390,366,460
mfh-90deg,0.015652173913043466,38.90313839942088,8.695652173913021e-05,0.14095799206917548,217.0,408.4697738843505,,,,,,,False,,,,"example-reviewer",derived_from_reviewed_observations,,,continuous,0,89,curve-mfh-90deg-000090,derived_guide_constrained_curve_data,confirmed_continuous_curve,390,366,460
mfh-90deg,0.015826086956521726,39.272060464746176,8.695652173913021e-05,0.14095799206917548,218.0,407.16114973360266,,,,,,,False,,,,"example-reviewer",derived_from_reviewed_observations,,,continuous,0,90,curve-mfh-90deg-000091,derived_guide_constrained_curve_data,confirmed_continuous_curve,390,366,460
mfh-90deg,0.015999999999999986,39.642658194809385,8.695652173913021e-05,0.14095799206917548,219.0,405.846581738475,,,,,,,False,,,,"example-reviewer",derived_from_reviewed_observations,,,continuous,0,91,curve-mfh-90deg-000092,derived_guide_constrained_curve_data,confirmed_continuous_curve,390,366,460
mfh-90deg,0.016173913043478247,40.001113260242604,8.695652173913021e-05,0.14095799206917548,220.0,404.57508567013815,,,,,,,False,,,,"example-reviewer",derived_from_reviewed_observations,,,continuous,0,92,curve-mfh-90deg-000093,derived_guide_constrained_curve_data,confirmed_continuous_curve,390,366,460
mfh-90deg,0.016347826086956507,40.36049620340947,8.695652173913021e-05,0.14095799206917548,221.0,403.3002982746477,,,,,,,False,,,,"example-reviewer",derived_from_reviewed_observations,,,continuous,0,93,curve-mfh-90deg-000094,derived_guide_constrained_curve_data,confirmed_continuous_curve,390,366,460
mfh-90deg,0.016521739130434768,40.707068155712236,8.695652173913021e-05,0.14095799206917548,222.0,402.0709534634195,,,,,,,False,,,,"example-reviewer",derived_from_reviewed_observations,,,continuous,0,94,curve-mfh-90deg-000095,derived_guide_constrained_curve_data,confirmed_continuous_curve,390,366,460
mfh-90deg,0.016695652173913028,41.05397912028475,8.695652173913021e-05,0.14095799206917548,223.0,400.84040612275413,,,,,,,False,,,,"example-reviewer",derived_from_reviewed_observations,,,continuous,0,95,curve-mfh-90deg-000096,derived_guide_constrained_curve_data,confirmed_continuous_curve,390,366,460
mfh-90deg,0.01686956521739129,41.38756968929944,8.695652173913021e-05,0.14095799206918969,224.0,399.65710830431266,,,,,,,False,,,,"example-reviewer",derived_from_reviewed_observations,,,continuous,0,96,curve-mfh-90deg-000097,derived_guide_constrained_curve_data,confirmed_continuous_curve,390,366,460
mfh-90deg,0.01704347826086955,41.69431111696767,8.695652173913021e-05,0.14095799206917548,225.0,398.56904858110914,,,,,,,False,,,,"example-reviewer",derived_from_reviewed_observations,,,continuous,0,97,curve-mfh-90deg-000098,derived_guide_constrained_curve_data,confirmed_continuous_curve,390,366,460
mfh-90deg,0.01721739130434781,42.00946560985079,8.695652173913715e-05,0.14095799206918969,226.0,397.4511464023932,,,,,,,False,,,,"example-reviewer",derived_from_reviewed_observations,,,continuous,0,98,curve-mfh-90deg-000099,derived_guide_constrained_curve_data,confirmed_continuous_curve,390,366,460
mfh-90deg,0.017391304347826077,42.33260107893388,8.695652173913021e-05,0.14095799206918969,227.0,396.3049344553455,,,,,,,False,,,,"example-reviewer",derived_from_reviewed_observations,,,continuous,0,99,curve-mfh-90deg-000100,derived_guide_constrained_curve_data,confirmed_continuous_curve,390,366,460
mfh-90deg,0.017565217391304337,42.649831251871944,8.695652173913021e-05,0.14095799206917548,228.0,395.17966951548175,,,,,,,False,,,,"example-reviewer",derived_from_reviewed_observations,,,continuous,0,100,curve-mfh-90deg-000101,derived_guide_constrained_curve_data,confirmed_continuous_curve,390,366,460
mfh-90deg,0.017739130434782598,42.97408938500982,8.695652173913021e-05,0.14095799206917548,229.0,394.02947530379515,,,,,,,False,,,,"example-reviewer",derived_from_reviewed_observations,,,continuous,0,101,curve-mfh-90deg-000102,derived_guide_constrained_curve_data,confirmed_continuous_curve,390,366,460
mfh-90deg,0.017913043478260858,43.30485455136214,8.695652173913021e-05,0.14095799206917548,230.0,392.85619962961414,,,,,,,False,,,,"example-reviewer",derived_from_reviewed_observations,,,continuous,0,102,curve-mfh-90deg-000103,derived_guide_constrained_curve_data,confirmed_continuous_curve,390,366,460
mfh-90deg,0.01808695652173912,43.62815164061371,8.695652173913021e-05,0.14095799206917548,231.0,391.7094143906016,,,,,,,False,,,,"example-reviewer",derived_from_reviewed_observations,,,continuous,0,103,curve-mfh-90deg-000104,derived_guide_constrained_curve_data,confirmed_continuous_curve,390,366,460
mfh-90deg,0.01826086956521738,43.95682507113894,8.695652173913021e-05,0.14095799206918969,232.0,390.5435584298983,,,,,,,False,,,,"example-reviewer",derived_from_reviewed_observations,,,continuous,0,104,curve-mfh-90deg-000105,derived_guide_constrained_curve_data,confirmed_continuous_curve,390,366,460
mfh-90deg,0.01843478260869564,44.290265077982255,8.695652173913021e-05,0.14095799206918969,233.0,389.36079467897997,,,,,,,False,,,,"example-reviewer",derived_from_reviewed_observations,,,continuous,0,105,curve-mfh-90deg-000106,derived_guide_constrained_curve_data,confirmed_continuous_curve,390,366,460
mfh-90deg,0.0186086956521739,44.623371823898324,8.695652173913021e-05,0.14095799206918969,234.0,388.1792130565892,,,,,,,False,,,,"example-reviewer",derived_from_reviewed_observations,,,continuous,0,106,curve-mfh-90deg-000107,derived_guide_constrained_curve_data,confirmed_continuous_curve,390,366,460
mfh-90deg,0.01878260869565216,44.95547631861804,8.695652173913021e-05,0.14095799206917548,235.0,387.00118657563337,,,,,,,False,,,,"example-reviewer",derived_from_reviewed_observations,,,continuous,0,107,curve-mfh-90deg-000108,derived_guide_constrained_curve_data,confirmed_continuous_curve,390,366,460
mfh-90deg,0.01895652173913042,45.27288394954387,8.695652173913021e-05,0.14095799206918969,236.0,385.8752921645876,,,,,,,False,,,,"example-reviewer",derived_from_reviewed_observations,,,continuous,0,108,curve-mfh-90deg-000109,derived_guide_constrained_curve_data,confirmed_continuous_curve,390,366,460
mfh-90deg,0.01913043478260868,45.588558033864345,8.695652173913021e-05,0.14095799206917548,237.0,384.75554691394035,,,,,,,False,,,,"example-reviewer",derived_from_reviewed_observations,,,continuous,0,109,curve-mfh-90deg-000110,derived_guide_constrained_curve_data,confirmed_continuous_curve,390,366,460
mfh-90deg,0.01930434782608694,45.8885690758372,8.695652173913021e-05,0.14095799206917548,238.0,383.6913609193441,,,,,,,False,,,,"example-reviewer",derived_from_reviewed_observations,,,continuous,0,110,curve-mfh-90deg-000111,derived_guide_constrained_curve_data,confirmed_continuous_curve,390,366,460
mfh-90deg,0.019478260869565202,46.185793049482584,8.695652173913021e-05,0.14095799206917548,239.0,382.63706109113883,,,,,,,False,,,,"example-reviewer",derived_from_reviewed_observations,,,continuous,0,111,curve-mfh-90deg-000112,derived_guide_constrained_curve_data,confirmed_continuous_curve,390,366,460
mfh-90deg,0.019652173913043462,46.47963768656315,8.695652173913021e-05,0.14095799206917548,240.0,381.59474829720955,,,,,,,False,,,,"example-reviewer",derived_from_reviewed_observations,,,continuous,0,112,curve-mfh-90deg-000113,derived_guide_constrained_curve_data,confirmed_continuous_curve,390,366,460
mfh-90deg,0.019826086956521723,46.782891617930645,8.695652173913021e-05,0.14095799206917548,241.0,380.519059267748,,,,,,,False,,,,"example-reviewer",derived_from_reviewed_observations,,,continuous,0,113,curve-mfh-90deg-000114,derived_guide_constrained_curve_data,confirmed_continuous_curve,390,366,460
mfh-90deg,0.019999999999999983,47.08145066150607,8.695652173913021e-05,0.14095799206917548,242.0,379.46002373810984,,,,,,,False,,,,"example-reviewer",derived_from_reviewed_observations,,,continuous,0,114,curve-mfh-90deg-000115,derived_guide_constrained_curve_data,confirmed_continuous_curve,390,366,460
mfh-90deg,0.020173913043478243,47.377753339898646,8.695652173913021e-05,0.14095799206917548,243.0,378.40899188797124,,,,,,,False,,,,"example-reviewer",derived_from_reviewed_observations,,,continuous,0,115,curve-mfh-90deg-000116,derived_guide_constrained_curve_data,confirmed_continuous_curve,390,366,460
mfh-90deg,0.020347826086956504,47.64795676496537,8.695652173913021e-05,0.14095799206917548,244.0,377.45053816321143,,,,,,,False,,,,"example-reviewer",derived_from_reviewed_observations,,,continuous,0,116,curve-mfh-90deg-000117,derived_guide_constrained_curve_data,confirmed_continuous_curve,390,366,460
mfh-90deg,0.020521739130434764,47.93244112583568,8.695652173913021e-05,0.14095799206918969,245.0,376.4414277300453,,,,,,,False,,,,"example-reviewer",derived_from_reviewed_observations,,,continuous,0,117,curve-mfh-90deg-000118,derived_guide_constrained_curve_data,confirmed_continuous_curve,390,366,460
mfh-90deg,0.020695652173913025,48.244693798708255,8.695652173913715e-05,0.14095799206917548,246.0,375.3338187598518,,,,,,,False,,,,"example-reviewer",derived_from_reviewed_observations,,,continuous,0,118,curve-mfh-90deg-000119,derived_guide_constrained_curve_data,confirmed_continuous_curve,390,366,460
mfh-90deg,0.020869565217391292,48.54947171096289,8.695652173913021e-05,0.14095799206917548,247.0,374.25272393230534,,,,,,,False,,,,"example-reviewer",derived_from_reviewed_observations,,,continuous,0,119,curve-mfh-90deg-000120,derived_guide_constrained_curve_data,confirmed_continuous_curve,390,366,460
mfh-90deg,0.021043478260869553,48.84718241397168,8.695652173913021e-05,0.14095799206917548,248.0,373.1966975990745,,,,,,,False,,,,"example-reviewer",derived_from_reviewed_observations,,,continuous,0,120,curve-mfh-90deg-000121,derived_guide_constrained_curve_data,confirmed_continuous_curve,390,366,460
mfh-90deg,0.021217391304347813,49.138219400179096,8.695652173913021e-05,0.14095799206917548,249.0,372.1643439810385,,,,,,,False,,,,"example-reviewer",derived_from_reviewed_observations,,,continuous,0,121,curve-mfh-90deg-000122,derived_guide_constrained_curve_data,confirmed_continuous_curve,390,366,460
mfh-90deg,0.021391304347826073,49.42296210310246,8.695652173913021e-05,0.14095799206917548,250.0,371.15431716828556,,,,,,,False,,,,"example-reviewer",derived_from_reviewed_observations,,,continuous,0,122,curve-mfh-90deg-000123,derived_guide_constrained_curve_data,confirmed_continuous_curve,390,366,460
mfh-90deg,0.021565217391304334,49.68835132665828,8.695652173913021e-05,0.14095799206917548,251.0,370.2129401677336,,,,,,,False,,,,"example-reviewer",derived_from_reviewed_observations,,,continuous,0,123,curve-mfh-90deg-000124,derived_guide_constrained_curve_data,confirmed_continuous_curve,390,366,460
mfh-90deg,0.021739130434782594,49.94816295718208,8.695652173913021e-05,0.14095799206917548,252.0,369.29134776027263,,,,,,,False,,,,"example-reviewer",derived_from_reviewed_observations,,,continuous,0,124,curve-mfh-90deg-000125,derived_guide_constrained_curve_data,confirmed_continuous_curve,390,366,460
mfh-90deg,0.021913043478260855,50.202734251408884,8.695652173913021e-05,0.14095799206917548,253.0,368.38834364362106,,,,,,,False,,,,"example-reviewer",derived_from_reviewed_observations,,,continuous,0,125,curve-mfh-90deg-000126,derived_guide_constrained_curve_data,confirmed_continuous_curve,390,366,460
mfh-90deg,0.022086956521739115,50.452388407146216,8.695652173913021e-05,0.14095799206917548,254.0,367.50278138470776,,,,,,,False,,,,"example-reviewer",derived_from_reviewed_observations,,,continuous,0,126,curve-mfh-90deg-000127,derived_guide_constrained_curve_data,confirmed_continuous_curve,390,366,460
mfh-90deg,0.022260869565217375,50.70189502290718,8.695652173913021e-05,0.14095799206917548,255.0,366.61774247312013,,,,,,,False,,,,"example-reviewer",derived_from_reviewed_observations,,,continuous,0,127,curve-mfh-90deg-000128,derived_guide_constrained_curve_data,confirmed_continuous_curve,390,366,460
mfh-90deg,0.022434782608695636,50.95154917864451,8.695652173913021e-05,0.14095799206918969,256.0,365.7321802142068,,,,,,,False,,,,"example-reviewer",derived_from_reviewed_observations,,,continuous,0,128,curve-mfh-90deg-000129,derived_guide_constrained_curve_data,confirmed_continuous_curve,390,366,460
mfh-90deg,0.022608695652173896,51.18777876370858,8.695652173913021e-05,0.14095799206917548,257.0,364.8942370029126,,,,,,,False,,,,"example-reviewer",derived_from_reviewed_observations,,,continuous,0,129,curve-mfh-90deg-000130,derived_guide_constrained_curve_data,confirmed_continuous_curve,390,366,460
mfh-90deg,0.022782608695652157,51.424008348772645,8.695652173913021e-05,0.14095799206917548,258.0,364.0562937916183,,,,,,,False,,,,"example-reviewer",derived_from_reviewed_observations,,,continuous,0,130,curve-mfh-90deg-000131,derived_guide_constrained_curve_data,confirmed_continuous_curve,390,366,460
mfh-90deg,0.022956521739130417,51.660237933836726,8.695652173913021e-05,0.14095799206917548,259.0,363.21835058032406,,,,,,,False,,,,"example-reviewer",derived_from_reviewed_observations,,,continuous,0,131,curve-mfh-90deg-000132,derived_guide_constrained_curve_data,confirmed_continuous_curve,390,366,460
mfh-90deg,0.023130434782608678,51.89646751890079,8.695652173913021e-05,0.14095799206917548,260.0,362.3804073690298,,,,,,,False,,,,"example-reviewer",derived_from_reviewed_observations,,,continuous,0,132,curve-mfh-90deg-000133,derived_guide_constrained_curve_data,confirmed_continuous_curve,390,366,460
mfh-90deg,0.023304347826086938,52.11927253329162,8.695652173913021e-05,0.14095799206917548,261.0,361.5900832053546,,,,,,,False,,,,"example-reviewer",derived_from_reviewed_observations,,,continuous,0,133,curve-mfh-90deg-000134,derived_guide_constrained_curve_data,confirmed_continuous_curve,390,366,460
mfh-90deg,0.0234782608695652,52.342099641755084,8.695652173913021e-05,0.14095799206917548,262.0,360.799680670555,,,,,,,False,,,,"example-reviewer",derived_from_reviewed_observations,,,continuous,0,134,curve-mfh-90deg-000135,derived_guide_constrained_curve_data,confirmed_continuous_curve,390,366,460
mfh-90deg,0.02365217391304346,52.5515842196063,8.695652173913021e-05,0.14095799206917548,263.0,360.0566061744725,,,,,,,False,,,,"example-reviewer",derived_from_reviewed_observations,,,continuous,0,135,curve-mfh-90deg-000136,derived_guide_constrained_curve_data,confirmed_continuous_curve,390,366,460
mfh-90deg,0.02382608695652172,52.74948682655723,8.695652173913021e-05,0.14095799206917548,264.0,359.3546147370029,,,,,,,False,,,,"example-reviewer",derived_from_reviewed_observations,,,continuous,0,136,curve-mfh-90deg-000137,derived_guide_constrained_curve_data,confirmed_continuous_curve,390,366,460
mfh-90deg,0.02399999999999998,52.949358721150915,8.695652173913021e-05,0.14095799206917548,265.0,358.64563792887844,,,,,,,False,,,,"example-reviewer",derived_from_reviewed_observations,,,continuous,0,137,curve-mfh-90deg-000138,derived_guide_constrained_curve_data,confirmed_continuous_curve,390,366,460
mfh-90deg,0.024173913043478247,53.1379160795112,8.695652173913715e-05,0.14095799206917548,266.0,357.9767955468596,,,,,,,False,,,,"example-reviewer",derived_from_reviewed_observations,,,continuous,0,138,curve-mfh-90deg-000139,derived_guide_constrained_curve_data,confirmed_continuous_curve,390,366,460
mfh-90deg,0.024347826086956507,53.31531370736265,8.695652173913021e-05,0.14095799206917548,267.0,357.34753847087774,,,,,,,False,,,,"example-reviewer",derived_from_reviewed_observations,,,continuous,0,139,curve-mfh-90deg-000140,derived_guide_constrained_curve_data,confirmed_continuous_curve,390,366,460
mfh-90deg,0.024521739130434768,53.481720469357214,8.695652173913021e-05,0.14095799206918969,268.0,356.7572677116543,,,,,,,False,,,,"example-reviewer",derived_from_reviewed_observations,,,continuous,0,140,curve-mfh-90deg-000141,derived_guide_constrained_curve_data,confirmed_continuous_curve,390,366,460
mfh-90deg,0.02469565217391303,53.637319289074284,8.695652173913021e-05,0.14095799206917548,269.0,356.2053344107007,,,,,,,False,,,,"example-reviewer",derived_from_reviewed_observations,,,continuous,0,141,curve-mfh-90deg-000142,derived_guide_constrained_curve_data,confirmed_continuous_curve,390,366,460
mfh-90deg,0.02486956521739129,53.78230714902071,8.695652173913021e-05,0.14095799206917548,270.0,355.69103984031807,,,,,,,False,,,,"example-reviewer",derived_from_reviewed_observations,,,continuous,0,142,curve-mfh-90deg-000143,derived_guide_constrained_curve_data,confirmed_continuous_curve,390,366,460
mfh-90deg,0.02504347826086955,53.91689509063063,8.695652173913021e-05,0.14095799206917548,271.0,355.2136354035981,,,,,,,False,,,,"example-reviewer",derived_from_reviewed_observations,,,continuous,0,143,curve-mfh-90deg-000144,derived_guide_constrained_curve_data,confirmed_continuous_curve,390,366,460
mfh-90deg,0.02521739130434781,54.07286969825128,8.695652173913021e-05,0.14095799206917548,272.0,354.66036912429377,,,,,,,False,,,,"example-reviewer",derived_from_reviewed_observations,,,continuous,0,144,curve-mfh-90deg-000145,derived_guide_constrained_curve_data,confirmed_continuous_curve,390,366,460
mfh-90deg,0.02539130434782607,54.23625067027025,8.695652173913021e-05,0.14095799206917548,273.0,354.0808313144093,,,,,,,False,,,,"example-reviewer",derived_from_reviewed_observations,,,continuous,0,145,curve-mfh-90deg-000146,derived_guide_constrained_curve_data,confirmed_continuous_curve,390,366,460
mfh-90deg,0.02556521739130433,54.40017787686671,8.695652173913021e-05,0.14095799206917548,274.0,353.4993559252167,,,,,,,False,,,,"example-reviewer",derived_from_reviewed_observations,,,continuous,0,146,curve-mfh-90deg-000147,derived_guide_constrained_curve_data,confirmed_continuous_curve,390,366,460
mfh-90deg,0.02573913043478259,54.56449853314909,8.695652173913021e-05,0.14095799206917548,275.0,352.9164849085746,,,,,,,False,,,,"example-reviewer",derived_from_reviewed_observations,,,continuous,0,147,curve-mfh-90deg-000148,derived_guide_constrained_curve_data,confirmed_continuous_curve,390,366,460
mfh-90deg,0.02591304347826085,54.78278177368317,8.695652173913021e-05,0.14095799206918969,276.0,352.1422001825729,,,,,,,False,,,,"example-reviewer",derived_from_reviewed_observations,,,continuous,0,148,curve-mfh-90deg-000149,derived_guide_constrained_curve_data,confirmed_continuous_curve,390,366,460
mfh-90deg,0.02608695652173911,55.00122380441327,8.695652173913021e-05,0.14095799206917548,277.0,351.36735220296026,,,,,,,False,,,,"example-reviewer",derived_from_reviewed_observations,,,continuous,0,149,curve-mfh-90deg-000150,derived_guide_constrained_curve_data,confirmed_continuous_curve,390,366,460
mfh-90deg,0.026260869565217372,55.21974275074102,8.695652173913021e-05,0.14095799206918969,278.0,350.59223139171706,,,,,,,False,,,,"example-reviewer",derived_from_reviewed_observations,,,continuous,0,150,curve-mfh-90deg-000151,derived_guide_constrained_curve_data,confirmed_continuous_curve,390,366,460
mfh-90deg,0.026434782608695633,55.42485580415939,8.695652173913021e-05,0.14095799206918969,279.0,349.864663375149,,,,,,,False,,,,"example-reviewer",derived_from_reviewed_observations,,,continuous,0,151,curve-mfh-90deg-000152,derived_guide_constrained_curve_data,confirmed_continuous_curve,390,366,460
mfh-90deg,0.026608695652173893,55.62995293427208,8.695652173913021e-05,0.14095799206917548,280.0,349.13715184103165,,,,,,,False,,,,"example-reviewer",derived_from_reviewed_observations,,,continuous,0,152,curve-mfh-90deg-000153,derived_guide_constrained_curve_data,confirmed_continuous_curve,390,366,460
mfh-90deg,0.026782608695652153,55.83502317677417,8.695652173913021e-05,0.14095799206917548,281.0,348.40973568146603,,,,,,,False,,,,"example-reviewer",derived_from_reviewed_observations,,,continuous,0,153,curve-mfh-90deg-000154,derived_guide_constrained_curve_data,confirmed_continuous_curve,390,366,460
mfh-90deg,0.026956521739130414,56.04007920412508,8.695652173913021e-05,0.14095799206917548,282.0,347.68236994526046,,,,,,,False,,,,"example-reviewer",derived_from_reviewed_observations,,,continuous,0,154,curve-mfh-90deg-000155,derived_guide_constrained_curve_data,confirmed_continuous_curve,390,366,460
mfh-90deg,0.027130434782608674,56.24513523147597,8.695652173913021e-05,0.14095799206917548,283.0,346.95500420905495,,,,,,,False,,,,"example-reviewer",derived_from_reviewed_observations,,,continuous,0,155,curve-mfh-90deg-000156,derived_guide_constrained_curve_data,confirmed_continuous_curve,390,366,460
mfh-90deg,0.027304347826086935,56.45019125882686,8.695652173913021e-05,0.14095799206918969,284.0,346.22763847284943,,,,,,,False,,,,"example-reviewer",derived_from_reviewed_observations,,,continuous,0,156,curve-mfh-90deg-000157,derived_guide_constrained_curve_data,confirmed_continuous_curve,390,366,460
mfh-90deg,0.027478260869565195,56.666994879891746,8.695652173913021e-05,0.14095799206917548,285.0,345.4586021880587,,,,,,,False,,,,"example-reviewer",derived_from_reviewed_observations,,,continuous,0,157,curve-mfh-90deg-000158,derived_guide_constrained_curve_data,confirmed_continuous_curve,390,366,460
mfh-90deg,0.027652173913043462,56.895526626317974,8.695652173913715e-05,0.14095799206917548,286.0,344.6479644119684,,,,,,,False,,,,"example-reviewer",derived_from_reviewed_observations,,,continuous,0,158,curve-mfh-90deg-000159,derived_guide_constrained_curve_data,confirmed_continuous_curve,390,366,460
mfh-90deg,0.027826086956521723,57.122352036916794,8.695652173913021e-05,0.14095799206917548,287.0,343.84337927539985,,,,,,,False,,,,"example-reviewer",derived_from_reviewed_observations,,,continuous,0,159,curve-mfh-90deg-000160,derived_guide_constrained_curve_data,confirmed_continuous_curve,390,366,460
mfh-90deg,0.027999999999999983,57.36089536968291,8.695652173913021e-05,0.14095799206917548,288.0,342.9972288398536,,,,,,,False,,,,"example-reviewer",derived_from_reviewed_observations,,,continuous,0,160,curve-mfh-90deg-000161,derived_guide_constrained_curve_data,confirmed_continuous_curve,390,366,460
mfh-90deg,0.028173913043478244,57.61116588977481,8.695652173913021e-05,0.14095799206918969,289.0,342.10948024036634,,,,,,,False,,,,"example-reviewer",derived_from_reviewed_observations,,,continuous,0,161,curve-mfh-90deg-000162,derived_guide_constrained_curve_data,confirmed_continuous_curve,390,366,460
mfh-90deg,0.028347826086956504,57.859757869514794,8.695652173913021e-05,0.14095799206917548,290.0,341.2276856855106,,,,,,,False,,,,"example-reviewer",derived_from_reviewed_observations,,,continuous,0,162,curve-mfh-90deg-000163,derived_guide_constrained_curve_data,confirmed_continuous_curve,390,366,460
mfh-90deg,0.028521739130434764,58.12013809736196,8.695652173913021e-05,0.14095799206917548,291.0,340.3040763745913,,,,,,,False,,,,"example-reviewer",derived_from_reviewed_observations,,,continuous,0,163,curve-mfh-90deg-000164,derived_guide_constrained_curve_data,confirmed_continuous_curve,390,366,460
mfh-90deg,0.028695652173913025,58.3789287932247,8.695652173913021e-05,0.14095799206917548,292.0,339.3861053817308,,,,,,,False,,,,"example-reviewer",derived_from_reviewed_observations,,,continuous,0,164,curve-mfh-90deg-000165,derived_guide_constrained_curve_data,confirmed_continuous_curve,390,366,460
mfh-90deg,0.028869565217391285,58.61755723369117,8.695652173913021e-05,0.14095799206917548,293.0,338.5396530558869,,,,,,,False,,,,"example-reviewer",derived_from_reviewed_observations,,,continuous,0,165,curve-mfh-90deg-000166,derived_guide_constrained_curve_data,confirmed_continuous_curve,390,366,460
mfh-90deg,0.029043478260869546,58.849457529706186,8.695652173913021e-05,0.14095799206917548,294.0,337.7170665086083,,,,,,,False,,,,"example-reviewer",derived_from_reviewed_observations,,,continuous,0,166,curve-mfh-90deg-000167,derived_guide_constrained_curve_data,confirmed_continuous_curve,390,366,460
mfh-90deg,0.029217391304347806,59.08123757237048,8.695652173913021e-05,0.14095799206917548,295.0,336.89490651873507,,,,,,,False,,,,"example-reviewer",derived_from_reviewed_observations,,,continuous,0,167,curve-mfh-90deg-000168,derived_guide_constrained_curve_data,confirmed_continuous_curve,390,366,460
mfh-90deg,0.029391304347826067,59.31279334162788,8.695652173913021e-05,0.14095799206917548,296.0,336.0735420616429,,,,,,,False,,,,"example-reviewer",derived_from_reviewed_observations,,,continuous,0,168,curve-mfh-90deg-000169,derived_guide_constrained_curve_data,confirmed_continuous_curve,390,366,460
mfh-90deg,0.029565217391304327,59.47686976106387,8.695652173913021e-05,0.14095799206917548,297.0,335.4915373912179,,,,,,,False,,,,"example-reviewer",derived_from_reviewed_observations,,,continuous,0,169,curve-mfh-90deg-000170,derived_guide_constrained_curve_data,confirmed_continuous_curve,390,366,460
mfh-90deg,0.029739130434782587,59.6404292580045,8.695652173913021e-05,0.14095799206917548,298.0,334.9113663255703,,,,,,,False,,,,"example-reviewer",derived_from_reviewed_observations,,,continuous,0,170,curve-mfh-90deg-000171,derived_guide_constrained_curve_data,confirmed_continuous_curve,390,366,460
mfh-90deg,0.029913043478260848,59.80328320341738,8.695652173913021e-05,0.14095799206917548,299.0,334.3336979613212,,,,,,,False,,,,"example-reviewer",derived_from_reviewed_observations,,,continuous,0,171,curve-mfh-90deg-000172,derived_guide_constrained_curve_data,confirmed_continuous_curve,390,366,460
mfh-90deg,0.03008695652173911,59.97863933595144,8.695652173913021e-05,0.14095799206917548,300.0,333.7116823878871,,,,,,,False,,,,"example-reviewer",derived_from_reviewed_observations,,,continuous,0,172,curve-mfh-90deg-000173,derived_guide_constrained_curve_data,confirmed_continuous_curve,390,366,460
mfh-90deg,0.03026086956521737,60.152538313896045,8.695652173913021e-05,0.14095799206917548,301.0,333.094835569229,,,,,,,False,,,,"example-reviewer",derived_from_reviewed_observations,,,continuous,0,173,curve-mfh-90deg-000174,derived_guide_constrained_curve_data,confirmed_continuous_curve,390,366,460
mfh-90deg,0.03043478260869563,60.31138743443725,8.695652173913021e-05,0.14095799206917548,302.0,332.5313729439128,,,,,,,False,,,,"example-reviewer",derived_from_reviewed_observations,,,continuous,0,174,curve-mfh-90deg-000175,derived_guide_constrained_curve_data,confirmed_continuous_curve,390,366,460
mfh-90deg,0.03060869565217389,60.4823266607542,8.695652173913021e-05,0.14095799206917548,303.0,331.9250248262656,,,,,,,False,,,,"example-reviewer",derived_from_reviewed_observations,,,continuous,0,175,curve-mfh-90deg-000176,derived_guide_constrained_curve_data,confirmed_continuous_curve,390,366,460
mfh-90deg,0.03078260869565215,60.63876947034086,8.695652173913021e-05,0.14095799206917548,304.0,331.37009776150614,,,,,,,False,,,,"example-reviewer",derived_from_reviewed_observations,,,continuous,0,176,curve-mfh-90deg-000177,derived_guide_constrained_curve_data,confirmed_continuous_curve,390,366,460
mfh-90deg,0.03095652173913041,60.807799420392314,8.695652173913715e-05,0.14095799206917548,305.0,330.7705221447916,,,,,,,False,,,,"example-reviewer",derived_from_reviewed_observations,,,continuous,0,177,curve-mfh-90deg-000178,derived_guide_constrained_curve_data,confirmed_continuous_curve,390,366,460
mfh-90deg,0.031130434782608678,60.96277358241845,8.695652173913021e-05,0.14095799206917548,306.0,330.2208046021705,,,,,,,False,,,,"example-reviewer",derived_from_reviewed_observations,,,continuous,0,178,curve-mfh-90deg-000179,derived_guide_constrained_curve_data,confirmed_continuous_curve,390,366,460
mfh-90deg,0.03130434782608694,61.02332254224406,8.695652173913021e-05,0.14095799206917548,307.0,330.00602799058294,,,,,,,False,,,,"example-reviewer",derived_from_reviewed_observations,,,continuous,0,179,curve-mfh-90deg-000180,derived_guide_constrained_curve_data,confirmed_continuous_curve,390,366,460
mfh-90deg,0.0314782608695652,61.08356810145432,8.695652173913021e-05,0.14095799206917548,308.0,329.7923275883358,,,,,,,False,,,,"example-reviewer",derived_from_reviewed_observations,,,continuous,0,180,curve-mfh-90deg-000181,derived_guide_constrained_curve_data,confirmed_continuous_curve,390,366,460
mfh-90deg,0.03165217391304346,61.10335815190972,8.695652173913021e-05,0.14095799206917548,309.0,329.7221291903419,,,,,,,False,,,,"example-reviewer",derived_from_reviewed_observations,,,continuous,0,181,curve-mfh-90deg-000182,derived_guide_constrained_curve_data,confirmed_continuous_curve,390,366,460
mfh-90deg,0.03182608695652172,61.17675808921123,8.695652173913021e-05,0.14095799206917548,310.0,329.4617681557384,,,,,,,False,,,,"example-reviewer",derived_from_reviewed_observations,,,continuous,0,182,curve-mfh-90deg-000183,derived_guide_constrained_curve_data,confirmed_continuous_curve,390,366,460
mfh-90deg,0.03199999999999998,61.26355939923528,8.695652173913021e-05,0.14095799206918969,311.0,329.1538703602681,,,,,,,False,,,,"example-reviewer",derived_from_reviewed_observations,,,continuous,0,183,curve-mfh-90deg-000184,derived_guide_constrained_curve_data,confirmed_continuous_curve,390,366,460
mfh-90deg,0.03217391304347824,61.350360709259306,8.695652173913021e-05,0.14095799206917548,312.0,328.8459725647978,,,,,,,False,,,,"example-reviewer",derived_from_reviewed_observations,,,continuous,0,184,curve-mfh-90deg-000185,derived_guide_constrained_curve_data,confirmed_continuous_curve,390,366,460
mfh-90deg,0.0323478260869565,61.43716201928338,8.695652173913021e-05,0.14095799206917548,313.0,328.5380747693274,,,,,,,False,,,,"example-reviewer",derived_from_reviewed_observations,,,continuous,0,185,curve-mfh-90deg-000186,derived_guide_constrained_curve_data,confirmed_continuous_curve,390,366,460
mfh-90deg,0.03252173913043476,61.47026504661437,8.695652173913021e-05,0.14095799206917548,314.0,328.4206531643334,,,,,,,False,,,,"example-reviewer",derived_from_reviewed_observations,,,continuous,0,186,curve-mfh-90deg-000187,derived_guide_constrained_curve_data,confirmed_continuous_curve,390,366,460
mfh-90deg,0.03269565217391302,61.50336807394541,8.695652173913021e-05,0.14095799206917548,315.0,328.3032315593392,,,,,,,False,,,,"example-reviewer",derived_from_reviewed_observations,,,continuous,0,187,curve-mfh-90deg-000188,derived_guide_constrained_curve_data,confirmed_continuous_curve,390,366,460
mfh-90deg,0.03286956521739128,61.52304653060317,8.695652173913021e-05,0.14095799206917548,316.0,328.23342900196417,,,,,,,False,,,,"example-reviewer",derived_from_reviewed_observations,,,continuous,0,188,curve-mfh-90deg-000189,derived_guide_constrained_curve_data,confirmed_continuous_curve,390,366,460
mfh-90deg,0.03304347826086954,61.52930041658769,8.695652173913021e-05,0.14095799206918969,317.0,328.21124549220815,,,,,,,False,,,,"example-reviewer",derived_from_reviewed_observations,,,continuous,0,189,curve-mfh-90deg-000190,derived_guide_constrained_curve_data,confirmed_continuous_curve,390,366,460
mfh-90deg,0.0332173913043478,61.53555430257221,8.695652173913021e-05,0.14095799206917548,318.0,328.1890619824521,,,,,,,False,,,,"example-reviewer",derived_from_reviewed_observations,,,continuous,0,190,curve-mfh-90deg-000191,derived_guide_constrained_curve_data,confirmed_continuous_curve,390,366,460
mfh-90deg,0.03339130434782606,61.541808188556715,8.695652173913021e-05,0.14095799206917548,319.0,328.16687847269606,,,,,,,False,,,,"example-reviewer",derived_from_reviewed_observations,,,continuous,0,191,curve-mfh-90deg-000192,derived_guide_constrained_curve_data,confirmed_continuous_curve,390,366,460
mfh-90deg,0.033565217391304324,61.561325892593885,8.695652173913021e-05,0.14095799206917548,320.0,328.09764612995815,,,,,,,False,,,,"example-reviewer",derived_from_reviewed_observations,,,continuous,0,192,curve-mfh-90deg-000193,derived_guide_constrained_curve_data,confirmed_continuous_curve,390,366,460
mfh-90deg,0.033739130434782584,61.56698209405232,8.695652173913021e-05,0.14095799206917548,321.0,328.0775827005087,,,,,,,False,,,,"example-reviewer",derived_from_reviewed_observations,,,continuous,0,193,curve-mfh-90deg-000194,derived_guide_constrained_curve_data,confirmed_continuous_curve,390,366,460
mfh-90deg,0.033913043478260844,61.70623887998758,8.695652173913021e-05,0.14095799206917548,322.0,327.5836171442069,,,,,,,False,,,,"example-reviewer",derived_from_reviewed_observations,,,continuous,0,194,curve-mfh-90deg-000195,derived_guide_constrained_curve_data,confirmed_continuous_curve,390,366,460
mfh-90deg,0.034086956521739105,61.84471034225136,8.695652173913021e-05,0.14095799206917548,323.0,327.09243725354906,,,,,,,False,,,,"example-reviewer",derived_from_reviewed_observations,,,continuous,0,195,curve-mfh-90deg-000196,derived_guide_constrained_curve_data,confirmed_continuous_curve,390,366,460
mfh-90deg,0.034260869565217365,61.96889969768915,8.695652173913021e-05,0.14095799206917548,324.0,326.6519182250968,,,,,,,False,,,,"example-reviewer",derived_from_reviewed_observations,,,continuous,0,196,curve-mfh-90deg-000197,derived_guide_constrained_curve_data,confirmed_continuous_curve,390,366,460
mfh-90deg,0.03443478260869563,62.1190764347741,8.695652173913715e-05,0.14095799206917548,325.0,326.11921789757207,,,,,,,False,,,,"example-reviewer",derived_from_reviewed_observations,,,continuous,0,197,curve-mfh-90deg-000198,derived_guide_constrained_curve_data,confirmed_continuous_curve,390,366,460
mfh-90deg,0.03460869565217389,62.241606036201134,8.695652173913021e-05,0.14095799206917548,326.0,325.68458627566696,,,,,,,False,,,,"example-reviewer",derived_from_reviewed_observations,,,continuous,0,198,curve-mfh-90deg-000199,derived_guide_constrained_curve_data,confirmed_continuous_curve,390,366,460
mfh-90deg,0.034782608695652154,62.39031853898565,8.695652173913021e-05,0.14095799206918969,327.0,325.1570798157582,,,,,,,False,,,,"example-reviewer",derived_from_reviewed_observations,,,continuous,0,199,curve-mfh-90deg-000200,derived_guide_constrained_curve_data,confirmed_continuous_curve,390,366,460
mfh-90deg,0.034956521739130414,62.60568739840441,8.695652173913021e-05,0.14095799206917548,328.0,324.39313285447815,,,,,,,False,,,,"example-reviewer",derived_from_reviewed_observations,,,continuous,0,200,curve-mfh-90deg-000201,derived_guide_constrained_curve_data,confirmed_continuous_curve,390,366,460
mfh-90deg,0.035130434782608674,62.83428206395604,8.695652173913021e-05,0.14095799206917548,329.0,323.582271894429,,,,,,,False,,,,"example-reviewer",derived_from_reviewed_observations,,,continuous,0,201,curve-mfh-90deg-000202,derived_guide_constrained_curve_data,confirmed_continuous_curve,390,366,460
mfh-90deg,0.035304347826086935,63.10666320314577,8.695652173913021e-05,0.14095799206917548,330.0,322.61609347775556,,,,,,,False,,,,"example-reviewer",derived_from_reviewed_observations,,,continuous,0,202,curve-mfh-90deg-000203,derived_guide_constrained_curve_data,confirmed_continuous_curve,390,366,460
mfh-90deg,0.035478260869565195,63.31826192059732,8.695652173913021e-05,0.14095799206917548,331.0,321.86551979851464,,,,,,,False,,,,"example-reviewer",derived_from_reviewed_observations,,,continuous,0,203,curve-mfh-90deg-000204,derived_guide_constrained_curve_data,confirmed_continuous_curve,390,366,460
mfh-90deg,0.035652173913043456,63.535245001046576,8.695652173913021e-05,0.14095799206917548,332.0,321.0958469432757,,,,,,,False,,,,"example-reviewer",derived_from_reviewed_observations,,,continuous,0,204,curve-mfh-90deg-000205,derived_guide_constrained_curve_data,confirmed_continuous_curve,390,366,460
mfh-90deg,0.035826086956521716,63.756724364797776,8.695652173913021e-05,0.14095799206917548,333.0,320.31022506934005,,,,,,,False,,,,"example-reviewer",derived_from_reviewed_observations,,,continuous,0,205,curve-mfh-90deg-000206,derived_guide_constrained_curve_data,confirmed_continuous_curve,390,366,460
mfh-90deg,0.035999999999999976,63.98187992108967,8.695652173913021e-05,0.14095799206917548,334.0,319.51156316664566,,,,,,,False,,,,"example-reviewer",derived_from_reviewed_observations,,,continuous,0,206,curve-mfh-90deg-000207,derived_guide_constrained_curve_data,confirmed_continuous_curve,390,366,460
mfh-90deg,0.03617391304347824,64.27708242146184,8.695652173913021e-05,0.14095799206917548,335.0,318.4644338196722,,,,,,,False,,,,"example-reviewer",derived_from_reviewed_observations,,,continuous,0,207,curve-mfh-90deg-000208,derived_guide_constrained_curve_data,confirmed_continuous_curve,390,366,460
mfh-90deg,0.0363478260869565,64.56110032898263,8.695652173913021e-05,0.14095799206917548,336.0,317.45697796934553,,,,,,,False,,,,"example-reviewer",derived_from_reviewed_observations,,,continuous,0,208,curve-mfh-90deg-000209,derived_guide_constrained_curve_data,confirmed_continuous_curve,390,366,460
mfh-90deg,0.03652173913043476,64.86016666104096,8.695652173913021e-05,0.14095799206917548,337.0,316.3961430082758,,,,,,,False,,,,"example-reviewer",derived_from_reviewed_observations,,,continuous,0,209,curve-mfh-90deg-000210,derived_guide_constrained_curve_data,confirmed_continuous_curve,390,366,460
mfh-90deg,0.03669565217391302,65.1603087119405,8.695652173913021e-05,0.14095799206917548,338.0,315.33149230456746,,,,,,,False,,,,"example-reviewer",derived_from_reviewed_observations,,,continuous,0,210,curve-mfh-90deg-000211,derived_guide_constrained_curve_data,confirmed_continuous_curve,390,366,460
mfh-90deg,0.03686956521739128,65.47447090626606,8.695652173913021e-05,0.14095799206917548,339.0,314.21710996372303,,,,,,,False,,,,"example-reviewer",derived_from_reviewed_observations,,,continuous,0,211,curve-mfh-90deg-000212,derived_guide_constrained_curve_data,confirmed_continuous_curve,390,366,460
mfh-90deg,0.03704347826086954,65.77539194551713,8.695652173913021e-05,0.14095799206918969,340.0,313.1496960667395,,,,,,,False,,,,"example-reviewer",derived_from_reviewed_observations,,,continuous,0,212,curve-mfh-90deg-000213,derived_guide_constrained_curve_data,confirmed_continuous_curve,390,366,460
mfh-90deg,0.0372173913043478,66.07631298476817,8.695652173913021e-05,0.14095799206917548,341.0,312.08228216975607,,,,,,,False,,,,"example-reviewer",derived_from_reviewed_observations,,,continuous,0,213,curve-mfh-90deg-000214,derived_guide_constrained_curve_data,confirmed_continuous_curve,390,366,460
mfh-90deg,0.03739130434782606,66.39065859469251,8.695652173913021e-05,0.14095799206917548,342.0,310.9672492251534,,,,,,,False,,,,"example-reviewer",derived_from_reviewed_observations,,,continuous,0,214,curve-mfh-90deg-000215,derived_guide_constrained_curve_data,confirmed_continuous_curve,390,366,460
mfh-90deg,0.03756521739130432,66.55733392721102,8.695652173913021e-05,0.14095799206917548,343.0,310.3760258043604,,,,,,,False,,,,"example-reviewer",derived_from_reviewed_observations,,,continuous,0,215,curve-mfh-90deg-000216,derived_guide_constrained_curve_data,confirmed_continuous_curve,390,366,460
mfh-90deg,0.03773913043478258,66.73743383040282,8.695652173913021e-05,0.14095799206917548,344.0,309.7371833359482,,,,,,,False,,,,"example-reviewer",derived_from_reviewed_observations,,,continuous,0,216,curve-mfh-90deg-000217,derived_guide_constrained_curve_data,confirmed_continuous_curve,390,366,460
mfh-90deg,0.03791304347826085,66.91753373359458,8.695652173913715e-05,0.14095799206917548,345.0,309.09834086753614,,,,,,,False,,,,"example-reviewer",derived_from_reviewed_observations,,,continuous,0,217,curve-mfh-90deg-000218,derived_guide_constrained_curve_data,confirmed_continuous_curve,390,366,460
mfh-90deg,0.03808695652173911,67.0842090661131,8.695652173913021e-05,0.14095799206917548,346.0,308.50711744674305,,,,,,,False,,,,"example-reviewer",derived_from_reviewed_observations,,,continuous,0,218,curve-mfh-90deg-000219,derived_guide_constrained_curve_data,confirmed_continuous_curve,390,366,460
mfh-90deg,0.03826086956521737,67.26430896930488,8.695652173913021e-05,0.14095799206918969,347.0,307.86827497833093,,,,,,,False,,,,"example-reviewer",derived_from_reviewed_observations,,,continuous,0,219,curve-mfh-90deg-000220,derived_guide_constrained_curve_data,confirmed_continuous_curve,390,366,460
mfh-90deg,0.03843478260869563,67.41723504655417,8.695652173913021e-05,0.14095799206917548,348.0,307.32582231209886,,,,,,,False,,,,"example-reviewer",derived_from_reviewed_observations,,,continuous,0,220,curve-mfh-90deg-000221,derived_guide_constrained_curve_data,confirmed_continuous_curve,390,366,460
mfh-90deg,0.03860869565217389,67.59600085533285,8.695652173913021e-05,0.14095799206917548,349.0,306.6917120848088,,,,,,,False,,,,"example-reviewer",derived_from_reviewed_observations,,,continuous,0,221,curve-mfh-90deg-000222,derived_guide_constrained_curve_data,confirmed_continuous_curve,390,366,460
mfh-90deg,0.03878260869565215,67.75959492435632,8.695652173913021e-05,0.14095799206918969,350.0,306.11141838658705,,,,,,,False,,,,"example-reviewer",derived_from_reviewed_observations,,,continuous,0,222,curve-mfh-90deg-000223,derived_guide_constrained_curve_data,confirmed_continuous_curve,390,366,460
mfh-90deg,0.03895652173913041,67.907226460316,8.695652173913021e-05,0.14095799206917548,351.0,305.58774628473407,,,,,,,False,,,,"example-reviewer",derived_from_reviewed_observations,,,continuous,0,223,curve-mfh-90deg-000224,derived_guide_constrained_curve_data,confirmed_continuous_curve,390,366,460
mfh-90deg,0.03913043478260867,68.06490077720612,8.695652173913021e-05,0.14095799206917548,352.0,305.0284508713433,,,,,,,False,,,,"example-reviewer",derived_from_reviewed_observations,,,continuous,0,224,curve-mfh-90deg-000225,derived_guide_constrained_curve_data,confirmed_continuous_curve,390,366,460
mfh-90deg,0.03930434782608693,68.20487187228413,8.695652173913021e-05,0.14095799206917548,353.0,304.53195154901573,,,,,,,False,,,,"example-reviewer",derived_from_reviewed_observations,,,continuous,0,225,curve-mfh-90deg-000226,derived_guide_constrained_curve_data,confirmed_continuous_curve,390,366,460
mfh-90deg,0.03947826086956519,68.33273755601802,8.695652173913021e-05,0.14095799206917548,354.0,304.07839201025917,,,,,,,False,,,,"example-reviewer",derived_from_reviewed_observations,,,continuous,0,226,curve-mfh-90deg-000227,derived_guide_constrained_curve_data,confirmed_continuous_curve,390,366,460
mfh-90deg,0.03965217391304345,68.46081241419945,8.695652173913021e-05,0.14095799206917548,355.0,303.62409049708714,,,,,,,False,,,,"example-reviewer",derived_from_reviewed_observations,,,continuous,0,227,curve-mfh-90deg-000228,derived_guide_constrained_curve_data,confirmed_continuous_curve,390,366,460
mfh-90deg,0.03982608695652171,68.57451252749412,8.695652173913021e-05,0.14095799206917548,356.0,303.22077844778215,,,,,,,False,,,,"example-reviewer",derived_from_reviewed_observations,,,continuous,0,228,curve-mfh-90deg-000229,derived_guide_constrained_curve_data,confirmed_continuous_curve,390,366,460
mfh-90deg,0.03999999999999997,68.68605375413468,8.695652173913021e-05,0.14095799206917548,357.0,302.8251243064199,,,,,,,False,,,,"example-reviewer",derived_from_reviewed_observations,,,continuous,0,229,curve-mfh-90deg-000230,derived_guide_constrained_curve_data,confirmed_continuous_curve,390,366,460
mfh-90deg,0.040173913043478233,68.78757182374346,8.695652173913021e-05,0.14095799206918969,358.0,302.4650238675638,,,,,,,False,,,,"example-reviewer",derived_from_reviewed_observations,,,continuous,0,230,curve-mfh-90deg-000231,derived_guide_constrained_curve_data,confirmed_continuous_curve,390,366,460
mfh-90deg,0.040347826086956494,68.89874472012195,8.695652173913715e-05,0.14095799206917548,359.0,302.0706762511337,,,,,,,False,,,,"example-reviewer",derived_from_reviewed_observations,,,continuous,0,231,curve-mfh-90deg-000232,derived_guide_constrained_curve_data,confirmed_continuous_curve,390,366,460
mfh-90deg,0.040521739130434754,69.00590478373603,8.695652173913715e-05,0.14095799206917548,360.0,301.69056277888205,,,,,,,False,,,,"example-reviewer",derived_from_reviewed_observations,,,continuous,0,232,curve-mfh-90deg-000233,derived_guide_constrained_curve_data,confirmed_continuous_curve,390,366,460
mfh-90deg,0.040695652173913015,69.12218413261854,8.695652173913715e-05,0.14095799206917548,361.0,301.27810177835414,,,,,,,False,,,,"example-reviewer",derived_from_reviewed_observations,,,continuous,0,233,curve-mfh-90deg-000234,derived_guide_constrained_curve_data,confirmed_continuous_curve,390,366,460
mfh-90deg,0.040869565217391275,69.23381637967636,8.695652173913715e-05,0.14095799206918969,362.0,300.8821247733645,,,,,,,False,,,,"example-reviewer",derived_from_reviewed_observations,,,continuous,0,234,curve-mfh-90deg-000235,derived_guide_constrained_curve_data,confirmed_continuous_curve,390,366,460
mfh-90deg,0.041043478260869536,69.34041034471008,8.695652173913715e-05,0.14095799206917548,363.0,300.50401934113967,,,,,,,False,,,,"example-reviewer",derived_from_reviewed_observations,,,continuous,0,235,curve-mfh-90deg-000236,derived_guide_constrained_curve_data,confirmed_continuous_curve,390,366,460
mfh-90deg,0.041217391304347796,69.45495005441393,8.695652173913715e-05,0.14095799206917548,364.0,300.09772911231875,,,,,,,False,,,,"example-reviewer",derived_from_reviewed_observations,,,continuous,0,236,curve-mfh-90deg-000237,derived_guide_constrained_curve_data,confirmed_continuous_curve,390,366,460
mfh-90deg,0.041391304347826056,69.5635210303563,8.695652173913715e-05,0.14095799206917548,365.0,299.7126109138093,,,,,,,False,,,,"example-reviewer",derived_from_reviewed_observations,,,continuous,0,237,curve-mfh-90deg-000238,derived_guide_constrained_curve_data,confirmed_continuous_curve,390,366,460
mfh-90deg,0.04156521739130432,69.67900857167245,8.695652173913715e-05,0.14095799206918969,366.0,299.30295857831254,,,,,,,False,,,,"example-reviewer",derived_from_reviewed_observations,,,continuous,0,238,curve-mfh-90deg-000239,derived_guide_constrained_curve_data,confirmed_continuous_curve,390,366,460
mfh-90deg,0.04173913043478258,69.78739947237169,8.695652173913715e-05,0.14095799206918969,367.0,298.9184791347985,,,,,,,False,,,,"example-reviewer",derived_from_reviewed_observations,,,continuous,0,239,curve-mfh-90deg-000240,derived_guide_constrained_curve_data,confirmed_continuous_curve,390,366,460
mfh-90deg,0.04191304347826084,69.90148030403023,8.695652173913715e-05,0.14095799206917548,368.0,298.5138166180305,,,,,,,False,,,,"example-reviewer",derived_from_reviewed_observations,,,continuous,0,240,curve-mfh-90deg-000241,derived_guide_constrained_curve_data,confirmed_continuous_curve,390,366,460
mfh-90deg,0.0420869565217391,70.02088838836758,8.695652173913715e-05,0.14095799206917548,369.0,298.09025750448,,,,,,,False,,,,"example-reviewer",derived_from_reviewed_observations,,,continuous,0,241,curve-mfh-90deg-000242,derived_guide_constrained_curve_data,confirmed_continuous_curve,390,366,460
mfh-90deg,0.04226086956521736,70.14029647270495,8.695652173913715e-05,0.14095799206918969,370.0,297.66669839092947,,,,,,,False,,,,"example-reviewer",derived_from_reviewed_observations,,,continuous,0,242,curve-mfh-90deg-000243,derived_guide_constrained_curve_data,confirmed_continuous_curve,390,366,460
mfh-90deg,0.04243478260869562,70.25970455704231,8.695652173913715e-05,0.14095799206917548,371.0,297.243139277379,,,,,,,False,,,,"example-reviewer",derived_from_reviewed_observations,,,continuous,0,243,curve-mfh-90deg-000244,derived_guide_constrained_curve_data,confirmed_continuous_curve,390,366,460
mfh-90deg,0.04260869565217388,70.37911264137968,8.695652173913715e-05,0.14095799206917548,372.0,296.81958016382845,,,,,,,False,,,,"example-reviewer",derived_from_reviewed_observations,,,continuous,0,244,curve-mfh-90deg-000245,derived_guide_constrained_curve_data,confirmed_continuous_curve,390,366,460
mfh-90deg,0.04278260869565214,70.48509615504378,8.695652173913715e-05,0.14095799206917548,373.0,296.443640097897,,,,,,,False,,,,"example-reviewer",derived_from_reviewed_observations,,,continuous,0,245,curve-mfh-90deg-000246,derived_guide_constrained_curve_data,confirmed_continuous_curve,390,366,460
mfh-90deg,0.0429565217391304,70.60450423938114,8.695652173913715e-05,0.14095799206917548,374.0,296.02008098434646,,,,,,,False,,,,"example-reviewer",derived_from_reviewed_observations,,,continuous,0,246,curve-mfh-90deg-000247,derived_guide_constrained_curve_data,confirmed_continuous_curve,390,366,460
mfh-90deg,0.043130434782608675,70.71736461781077,8.695652173913715e-05,0.14095799206917548,375.0,295.619747605682,,,,,,,False,,,,"example-reviewer",derived_from_reviewed_observations,,,continuous,0,247,curve-mfh-90deg-000248,derived_guide_constrained_curve_data,confirmed_continuous_curve,390,366,460
mfh-90deg,0.043304347826086935,70.82378434573077,8.695652173913715e-05,0.14095799206918969,376.0,295.2422602196962,,,,,,,False,,,,"example-reviewer",derived_from_reviewed_observations,,,continuous,0,248,curve-mfh-90deg-000249,derived_guide_constrained_curve_data,confirmed_continuous_curve,390,366,460
mfh-90deg,0.043478260869565195,70.93729137894822,8.695652173913715e-05,0.14095799206917548,377.0,294.839633055563,,,,,,,False,,,,"example-reviewer",derived_from_reviewed_observations,,,continuous,0,249,curve-mfh-90deg-000250,derived_guide_constrained_curve_data,confirmed_continuous_curve,390,366,460
mfh-90deg,0.043652173913043456,71.04456086165956,8.695652173913715e-05,0.14095799206917548,378.0,294.4591314566941,,,,,,,False,,,,"example-reviewer",derived_from_reviewed_observations,,,continuous,0,250,curve-mfh-90deg-000251,derived_guide_constrained_curve_data,confirmed_continuous_curve,390,366,460
mfh-90deg,0.043826086956521716,71.15911340914349,8.695652173913715e-05,0.14095799206917548,379.0,294.0527956902634,,,,,,,False,,,,"example-reviewer",derived_from_reviewed_observations,,,continuous,0,251,curve-mfh-90deg-000252,derived_guide_constrained_curve_data,confirmed_continuous_curve,390,366,460
mfh-90deg,0.04399999999999998,71.26761682506798,8.695652173913715e-05,0.14095799206917548,380.0,293.6679171376828,,,,,,,False,,,,"example-reviewer",derived_from_reviewed_observations,,,continuous,0,252,curve-mfh-90deg-000253,derived_guide_constrained_curve_data,confirmed_continuous_curve,390,366,460
mfh-90deg,0.04417391304347824,71.37015981351007,8.695652173913715e-05,0.14095799206917548,381.0,293.30418115174535,,,,,,,False,,,,"example-reviewer",derived_from_reviewed_observations,,,continuous,0,253,curve-mfh-90deg-000254,derived_guide_constrained_curve_data,confirmed_continuous_curve,390,366,460
mfh-90deg,0.0443478260869565,71.48025197895576,8.695652173913715e-05,0.14095799206917548,382.0,292.91366705662523,,,,,,,False,,,,"example-reviewer",derived_from_reviewed_observations,,,continuous,0,254,curve-mfh-90deg-000255,derived_guide_constrained_curve_data,confirmed_continuous_curve,390,366,460
mfh-90deg,0.04452173913043476,71.58455011428049,8.695652173913715e-05,0.14095799206917548,383.0,292.54370529073424,,,,,,,False,,,,"example-reviewer",derived_from_reviewed_observations,,,continuous,0,255,curve-mfh-90deg-000256,derived_guide_constrained_curve_data,confirmed_continuous_curve,390,366,460
mfh-90deg,0.04469565217391302,71.68313191276853,8.695652173913715e-05,0.14095799206917548,384.0,292.19402026386587,,,,,,,False,,,,"example-reviewer",derived_from_reviewed_observations,,,continuous,0,256,curve-mfh-90deg-000257,derived_guide_constrained_curve_data,confirmed_continuous_curve,390,366,460
mfh-90deg,0.04486956521739128,71.78949596811339,8.695652173913715e-05,0.14095799206917548,385.0,291.81673035719405,,,,,,,False,,,,"example-reviewer",derived_from_reviewed_observations,,,continuous,0,257,curve-mfh-90deg-000258,derived_guide_constrained_curve_data,confirmed_continuous_curve,390,366,460
mfh-90deg,0.04504347826086954,71.89028806239773,8.695652173913715e-05,0.14095799206917548,386.0,291.4592050661312,,,,,,,False,,,,"example-reviewer",derived_from_reviewed_observations,,,continuous,0,258,curve-mfh-90deg-000259,derived_guide_constrained_curve_data,confirmed_continuous_curve,390,366,460
mfh-90deg,0.0452173913043478,71.98557487811328,8.695652173913715e-05,0.14095799206917548,387.0,291.1212078574706,,,,,,,False,,,,"example-reviewer",derived_from_reviewed_observations,,,continuous,0,259,curve-mfh-90deg-000260,derived_guide_constrained_curve_data,confirmed_continuous_curve,390,366,460
mfh-90deg,0.04539130434782606,72.08884399816087,8.695652173913715e-05,0.14095799206917548,388.0,290.7548961693866,,,,,,,False,,,,"example-reviewer",derived_from_reviewed_observations,,,continuous,0,260,curve-mfh-90deg-000261,derived_guide_constrained_curve_data,confirmed_continuous_curve,390,366,460
mfh-90deg,0.04556521739130432,72.18673019383054,8.695652173913715e-05,0.14095799206917548,389.0,290.40767855429164,,,,,,,False,,,,"example-reviewer",derived_from_reviewed_observations,,,continuous,0,261,curve-mfh-90deg-000262,derived_guide_constrained_curve_data,confirmed_continuous_curve,390,366,460
mfh-90deg,0.04573913043478258,72.29271370749464,8.695652173913715e-05,0.14095799206917548,390.0,290.0317384883602,,,,,,,False,,,,"example-reviewer",derived_from_reviewed_observations,,,continuous,0,262,curve-mfh-90deg-000263,derived_guide_constrained_curve_data,confirmed_continuous_curve,390,366,460
mfh-90deg,0.04591304347826084,72.38527265048549,8.695652173913715e-05,0.14095799206917548,391.0,289.7034174700478,,,,,,,False,,,,"example-reviewer",derived_from_reviewed_observations,,,continuous,0,263,curve-mfh-90deg-000264,derived_guide_constrained_curve_data,confirmed_continuous_curve,390,366,460
mfh-90deg,0.0460869565217391,72.47783159347635,8.695652173913715e-05,0.14095799206917548,392.0,289.3750964517353,,,,,,,False,,,,"example-reviewer",derived_from_reviewed_observations,,,continuous,0,264,curve-mfh-90deg-000265,derived_guide_constrained_curve_data,confirmed_continuous_curve,390,366,460
mfh-90deg,0.04626086956521736,72.57039053646722,8.695652173913715e-05,0.14095799206917548,393.0,289.04677543342285,,,,,,,False,,,,"example-reviewer",derived_from_reviewed_observations,,,continuous,0,265,curve-mfh-90deg-000266,derived_guide_constrained_curve_data,confirmed_continuous_curve,390,366,460
mfh-90deg,0.04643478260869562,72.6763740501313,8.695652173913715e-05,0.14095799206917548,394.0,288.67083536749146,,,,,,,False,,,,"example-reviewer",derived_from_reviewed_observations,,,continuous,0,266,curve-mfh-90deg-000267,derived_guide_constrained_curve_data,confirmed_continuous_curve,390,366,460
mfh-90deg,0.04660869565217388,72.76893299312216,8.695652173913715e-05,0.14095799206917548,395.0,288.342514349179,,,,,,,False,,,,"example-reviewer",derived_from_reviewed_observations,,,continuous,0,267,curve-mfh-90deg-000268,derived_guide_constrained_curve_data,confirmed_continuous_curve,390,366,460
mfh-90deg,0.04678260869565214,72.87491650678626,8.695652173913715e-05,0.14095799206917548,396.0,287.96657428324755,,,,,,,False,,,,"example-reviewer",derived_from_reviewed_observations,,,continuous,0,268,curve-mfh-90deg-000269,derived_guide_constrained_curve_data,confirmed_continuous_curve,390,366,460
mfh-90deg,0.046956521739130404,72.96747544977714,8.695652173913715e-05,0.14095799206918969,397.0,287.6382532649351,,,,,,,False,,,,"example-reviewer",derived_from_reviewed_observations,,,continuous,0,269,curve-mfh-90deg-000270,derived_guide_constrained_curve_data,confirmed_continuous_curve,390,366,460
mfh-90deg,0.047130434782608664,73.06003439276799,8.695652173913715e-05,0.14095799206917548,398.0,287.3099322466227,,,,,,,False,,,,"example-reviewer",derived_from_reviewed_observations,,,continuous,0,270,curve-mfh-90deg-000271,derived_guide_constrained_curve_data,confirmed_continuous_curve,390,366,460
mfh-90deg,0.047304347826086925,73.15259333575884,8.695652173913715e-05,0.14095799206917548,399.0,286.98161122831027,,,,,,,False,,,,"example-reviewer",derived_from_reviewed_observations,,,continuous,0,271,curve-mfh-90deg-000272,derived_guide_constrained_curve_data,confirmed_continuous_curve,390,366,460
mfh-90deg,0.047478260869565185,73.23172770807642,8.695652173913715e-05,0.14095799206918969,400.0,286.70090925761696,,,,,,,False,,,,"example-reviewer",derived_from_reviewed_observations,,,continuous,0,272,curve-mfh-90deg-000273,derived_guide_constrained_curve_data,confirmed_continuous_curve,390,366,460
mfh-90deg,0.047652173913043445,73.31086208039402,8.695652173913715e-05,0.14095799206918969,401.0,286.4202072869236,,,,,,,False,,,,"example-reviewer",derived_from_reviewed_observations,,,continuous,0,273,curve-mfh-90deg-000274,derived_guide_constrained_curve_data,confirmed_continuous_curve,390,366,460
mfh-90deg,0.047826086956521706,73.4034210233849,8.695652173913715e-05,0.14095799206917548,402.0,286.09188626861106,,,,,,,False,,,,"example-reviewer",derived_from_reviewed_observations,,,continuous,0,274,curve-mfh-90deg-000275,derived_guide_constrained_curve_data,confirmed_continuous_curve,390,366,460
mfh-90deg,0.047999999999999966,73.3818347218789,8.695652173913715e-05,0.14095799206917548,403.0,286.16845624945825,,,,,,,False,,,,"example-reviewer",derived_from_reviewed_observations,,,continuous,0,275,curve-mfh-90deg-000276,derived_guide_constrained_curve_data,confirmed_continuous_curve,390,366,460
mfh-90deg,0.04817391304347823,73.25960053409766,8.695652173913715e-05,0.14095799206917548,404.0,286.60203999305065,,,,,,,False,,,,"example-reviewer",derived_from_reviewed_observations,,,continuous,0,276,curve-mfh-90deg-000277,derived_guide_constrained_curve_data,confirmed_continuous_curve,390,366,460
mfh-90deg,0.04834782608695649,73.15081052156269,8.695652173913715e-05,0.14095799206917548,405.0,286.98793514854344,,,,,,,False,,,,"example-reviewer",derived_from_reviewed_observations,,,continuous,0,277,curve-mfh-90deg-000278,derived_guide_constrained_curve_data,confirmed_continuous_curve,390,366,460
mfh-90deg,0.04852173913043475,73.0454618222426,8.695652173913715e-05,0.14095799206917548,406.0,287.3616234289085,,,,,,,False,,,,"example-reviewer",derived_from_reviewed_observations,,,continuous,0,278,curve-mfh-90deg-000279,derived_guide_constrained_curve_data,confirmed_continuous_curve,390,366,460
mfh-90deg,0.04869565217391301,72.95706280515165,8.695652173913715e-05,0.14095799206917548,407.0,287.6751885407312,,,,,,,False,,,,"example-reviewer",derived_from_reviewed_observations,,,continuous,0,279,curve-mfh-90deg-000280,derived_guide_constrained_curve_data,confirmed_continuous_curve,390,366,460
mfh-90deg,0.04886956521739127,72.885700938895,8.695652173913715e-05,0.14095799206917548,408.0,287.92832021921606,,,,,,,False,,,,"example-reviewer",derived_from_reviewed_observations,,,continuous,0,280,curve-mfh-90deg-000281,derived_guide_constrained_curve_data,confirmed_continuous_curve,390,366,460
mfh-90deg,0.04904347826086953,72.81804279166889,8.695652173913715e-05,0.14095799206917548,409.0,288.16831422818615,,,,,,,False,,,,"example-reviewer",derived_from_reviewed_observations,,,continuous,0,281,curve-mfh-90deg-000282,derived_guide_constrained_curve_data,confirmed_continuous_curve,390,366,460
mfh-90deg,0.04921739130434779,72.76760774328012,8.695652173913715e-05,0.14095799206917548,410.0,288.34721521722696,,,,,,,False,,,,"example-reviewer",derived_from_reviewed_observations,,,continuous,0,282,curve-mfh-90deg-000283,derived_guide_constrained_curve_data,confirmed_continuous_curve,390,366,460
mfh-90deg,0.04939130434782605,72.72106970245326,8.695652173913715e-05,0.14095799206917548,411.0,288.51229291216185,,,,,,,False,,,,"example-reviewer",derived_from_reviewed_observations,,,continuous,0,283,curve-mfh-90deg-000284,derived_guide_constrained_curve_data,confirmed_continuous_curve,390,366,460
mfh-90deg,0.04956521739130431,72.69195538952364,8.695652173913715e-05,0.14095799206917548,412.0,288.61556592457583,,,,,,,False,,,,"example-reviewer",derived_from_reviewed_observations,,,continuous,0,284,curve-mfh-90deg-000285,derived_guide_constrained_curve_data,confirmed_continuous_curve,390,366,460
mfh-90deg,0.04973913043478257,72.68037062441755,8.695652173913715e-05,0.14095799206917548,413.0,288.65665889467294,,,,,,,False,,,,"example-reviewer",derived_from_reviewed_observations,,,continuous,0,285,curve-mfh-90deg-000286,derived_guide_constrained_curve_data,confirmed_continuous_curve,390,366,460
mfh-90deg,0.049913043478260845,72.68642489732541,8.695652173913715e-05,0.14095799206917548,414.0,288.6351834436574,,,,,,,False,,,,"example-reviewer",derived_from_reviewed_observations,,,continuous,0,286,curve-mfh-90deg-000287,derived_guide_constrained_curve_data,confirmed_continuous_curve,390,366,460
mfh-90deg,0.050086956521739105,72.6963951019959,8.695652173913715e-05,0.14095799206917548,415.0,288.5998175714421,,,,,,,False,,,,"example-reviewer",derived_from_reviewed_observations,,,continuous,0,287,curve-mfh-90deg-000288,derived_guide_constrained_curve_data,confirmed_continuous_curve,390,366,460
mfh-90deg,0.050260869565217366,72.72333676466954,8.695652173913715e-05,0.14095799206917548,416.0,288.504251288615,,,,,,,False,,,,"example-reviewer",derived_from_reviewed_observations,,,continuous,0,288,curve-mfh-90deg-000289,derived_guide_constrained_curve_data,confirmed_continuous_curve,390,366,460
mfh-90deg,0.050434782608695626,72.75383454697767,8.695652173913715e-05,0.14095799206918969,417.0,288.39607089436976,,,,,,,False,,,,"example-reviewer",derived_from_reviewed_observations,,,continuous,0,289,curve-mfh-90deg-000290,derived_guide_constrained_curve_data,confirmed_continuous_curve,390,366,460
mfh-90deg,0.050608695652173886,72.81475049283567,8.695652173913715e-05,0.14095799206917548,418.0,288.17999252604244,,,,,,,False,,,,"example-reviewer",derived_from_reviewed_observations,,,continuous,0,290,curve-mfh-90deg-000291,derived_guide_constrained_curve_data,confirmed_continuous_curve,390,366,460
mfh-90deg,0.05078260869565215,72.87925203373013,8.695652173913715e-05,0.14095799206917548,419.0,287.9511954924454,,,,,,,False,,,,"example-reviewer",derived_from_reviewed_observations,,,continuous,0,291,curve-mfh-90deg-000292,derived_guide_constrained_curve_data,confirmed_continuous_curve,390,366,460
mfh-90deg,0.05095652173913041,72.96078398343158,8.695652173913715e-05,0.14095799206918969,420.0,287.6619889405336,,,,,,,False,,,,"example-reviewer",derived_from_reviewed_observations,,,continuous,0,292,curve-mfh-90deg-000293,derived_guide_constrained_curve_data,confirmed_continuous_curve,390,366,460
mfh-90deg,0.05113043478260867,73.04220130790866,8.695652173913715e-05,0.14095799206917548,421.0,287.3731889821846,,,,,,,False,,,,"example-reviewer",derived_from_reviewed_observations,,,continuous,0,293,curve-mfh-90deg-000294,derived_guide_constrained_curve_data,confirmed_continuous_curve,390,366,460
mfh-90deg,0.05130434782608693,73.1235202561038,8.695652173913715e-05,0.14095799206917548,422.0,287.0847379798632,,,,,,,False,,,,"example-reviewer",derived_from_reviewed_observations,,,continuous,0,294,curve-mfh-90deg-000295,derived_guide_constrained_curve_data,confirmed_continuous_curve,390,366,460
mfh-90deg,0.05147826086956519,73.19133780479473,8.695652173913715e-05,0.14095799206917548,423.0,286.8441785490164,,,,,,,False,,,,"example-reviewer",derived_from_reviewed_observations,,,continuous,0,295,curve-mfh-90deg-000296,derived_guide_constrained_curve_data,confirmed_continuous_curve,390,366,460
mfh-90deg,0.05165217391304345,73.35982604443777,8.695652173913715e-05,0.14095799206917548,424.0,286.24652446367605,,,,,,,False,,,,"example-reviewer",derived_from_reviewed_observations,,,continuous,0,296,curve-mfh-90deg-000297,derived_guide_constrained_curve_data,confirmed_continuous_curve,390,366,460
mfh-90deg,0.05182608695652171,73.64236890262582,8.695652173913715e-05,0.14095799206917548,425.0,285.244300843573,,,,,,,False,,,,"example-reviewer",derived_from_reviewed_observations,,,continuous,0,297,curve-mfh-90deg-000298,derived_guide_constrained_curve_data,confirmed_continuous_curve,390,366,460
mfh-90deg,0.05199999999999997,73.91148719014062,8.695652173913715e-05,0.14095799206917548,426.0,284.289696271089,,,,,,,False,,,,"example-reviewer",derived_from_reviewed_observations,,,continuous,0,298,curve-mfh-90deg-000299,derived_guide_constrained_curve_data,confirmed_continuous_curve,390,366,460
mfh-90deg,0.05217391304347823,74.17722651049847,8.695652173913715e-05,0.14095799206917548,427.0,283.34707742253363,,,,,,,False,,,,"example-reviewer",derived_from_reviewed_observations,,,continuous,0,299,curve-mfh-90deg-000300,derived_guide_constrained_curve_data,confirmed_continuous_curve,390,366,460
mfh-90deg,0.05234782608695649,74.42612653467862,8.695652173913715e-05,0.14095799206918969,428.0,282.464190185966,,,,,,,False,,,,"example-reviewer",derived_from_reviewed_observations,,,continuous,0,300,curve-mfh-90deg-000301,derived_guide_constrained_curve_data,confirmed_continuous_curve,390,366,460
mfh-90deg,0.05252173913043475,74.65815313257787,8.695652173913715e-05,0.14095799206918969,429.0,281.6411556261896,,,,,,,False,,,,"example-reviewer",derived_from_reviewed_observations,,,continuous,0,301,curve-mfh-90deg-000302,derived_guide_constrained_curve_data,confirmed_continuous_curve,390,366,460
mfh-90deg,0.05269565217391301,74.87327380233722,8.695652173913715e-05,0.14095799206917548,430.0,280.8780890323714,,,,,,,False,,,,"example-reviewer",derived_from_reviewed_observations,,,continuous,0,302,curve-mfh-90deg-000303,derived_guide_constrained_curve_data,confirmed_continuous_curve,390,366,460
mfh-90deg,0.05286956521739127,75.08488224101531,8.695652173913715e-05,0.14095799206917548,431.0,280.1274808704226,,,,,,,False,,,,"example-reviewer",derived_from_reviewed_observations,,,continuous,0,303,curve-mfh-90deg-000304,derived_guide_constrained_curve_data,confirmed_continuous_curve,390,366,460
mfh-90deg,0.05304347826086953,75.27952463256851,8.695652173913715e-05,0.14095799206917548,432.0,279.4370539258557,,,,,,,False,,,,"example-reviewer",derived_from_reviewed_observations,,,continuous,0,304,curve-mfh-90deg-000305,derived_guide_constrained_curve_data,confirmed_continuous_curve,390,366,460
mfh-90deg,0.05321739130434779,75.45717335987072,8.695652173913715e-05,0.14095799206917548,433.0,278.8069061609279,,,,,,,False,,,,"example-reviewer",derived_from_reviewed_observations,,,continuous,0,305,curve-mfh-90deg-000306,derived_guide_constrained_curve_data,confirmed_continuous_curve,390,366,460
mfh-90deg,0.05339130434782605,75.61780243404019,8.695652173913715e-05,0.14095799206918969,434.0,278.2371297622593,,,,,,,False,,,,"example-reviewer",derived_from_reviewed_observations,,,continuous,0,306,curve-mfh-90deg-000307,derived_guide_constrained_curve_data,confirmed_continuous_curve,390,366,460
mfh-90deg,0.053565217391304314,75.77481206511256,8.695652173913715e-05,0.14095799206917548,435.0,277.6801920932149,,,,,,,False,,,,"example-reviewer",derived_from_reviewed_observations,,,continuous,0,307,curve-mfh-90deg-000308,derived_guide_constrained_curve_data,confirmed_continuous_curve,390,366,460
mfh-90deg,0.053739130434782574,75.9147549500214,8.695652173913715e-05,0.14095799206917548,436.0,277.18379283676063,,,,,,,False,,,,"example-reviewer",derived_from_reviewed_observations,,,continuous,0,308,curve-mfh-90deg-000309,derived_guide_constrained_curve_data,confirmed_continuous_curve,390,366,460
mfh-90deg,0.053913043478260834,76.03760998461779,8.695652173913715e-05,0.14095799206917548,437.0,276.748006852607,,,,,,,False,,,,"example-reviewer",derived_from_reviewed_observations,,,continuous,0,309,curve-mfh-90deg-000310,derived_guide_constrained_curve_data,confirmed_continuous_curve,390,366,460
mfh-90deg,0.054086956521739095,76.14335769299703,8.695652173913715e-05,0.14095799206917548,438.0,276.3729032248278,,,,,,,False,,,,"example-reviewer",derived_from_reviewed_observations,,,continuous,0,310,curve-mfh-90deg-000311,derived_guide_constrained_curve_data,confirmed_continuous_curve,390,366,460
mfh-90deg,0.054260869565217355,76.23198022749877,8.695652173913715e-05,0.14095799206917548,439.0,276.05854526186016,,,,,,,False,,,,"example-reviewer",derived_from_reviewed_observations,,,continuous,0,311,curve-mfh-90deg-000312,derived_guide_constrained_curve_data,confirmed_continuous_curve,390,366,460
mfh-90deg,0.054434782608695616,76.3034613687069,8.695652173913715e-05,0.14095799206917548,440.0,275.8049904965048,,,,,,,False,,,,"example-reviewer",derived_from_reviewed_observations,,,continuous,0,312,curve-mfh-90deg-000313,derived_guide_constrained_curve_data,confirmed_continuous_curve,390,366,460
mfh-90deg,0.054608695652173876,76.37121109612288,8.695652173913715e-05,0.14095799206917548,441.0,275.5646716383065,,,,,,,False,,,,"example-reviewer",derived_from_reviewed_observations,,,continuous,0,313,curve-mfh-90deg-000314,derived_guide_constrained_curve_data,confirmed_continuous_curve,390,366,460
mfh-90deg,0.05478260869565214,76.43896082353884,8.695652173913715e-05,0.14095799206917548,442.0,275.32435278010826,,,,,,,False,,,,"example-reviewer",derived_from_reviewed_observations,,,continuous,0,314,curve-mfh-90deg-000315,derived_guide_constrained_curve_data,confirmed_continuous_curve,390,366,460
mfh-90deg,0.0549565217391304,76.50671055095482,8.695652173913715e-05,0.14095799206917548,443.0,275.08403392190996,,,,,,,False,,,,"example-reviewer",derived_from_reviewed_observations,,,continuous,0,315,curve-mfh-90deg-000316,derived_guide_constrained_curve_data,confirmed_continuous_curve,390,366,460
mfh-90deg,0.05513043478260866,76.5744602783708,8.695652173913715e-05,0.14095799206917548,444.0,274.84371506371167,,,,,,,False,,,,"example-reviewer",derived_from_reviewed_observations,,,continuous,0,316,curve-mfh-90deg-000317,derived_guide_constrained_curve_data,confirmed_continuous_curve,390,366,460
mfh-90deg,0.05530434782608692,76.64221000578677,8.695652173913715e-05,0.14095799206917548,445.0,274.6033962055134,,,,,,,False,,,,"example-reviewer",derived_from_reviewed_observations,,,continuous,0,317,curve-mfh-90deg-000318,derived_guide_constrained_curve_data,confirmed_continuous_curve,390,366,460
mfh-90deg,0.05547826086956518,76.70995973320277,8.695652173913715e-05,0.14095799206917548,446.0,274.363077347315,,,,,,,False,,,,"example-reviewer",derived_from_reviewed_observations,,,continuous,0,318,curve-mfh-90deg-000319,derived_guide_constrained_curve_data,confirmed_continuous_curve,390,366,460
mfh-90deg,0.05565217391304344,76.77770946061872,8.695652173913715e-05,0.14095799206917548,447.0,274.1227584891168,,,,,,,False,,,,"example-reviewer",derived_from_reviewed_observations,,,continuous,0,319,curve-mfh-90deg-000320,derived_guide_constrained_curve_data,confirmed_continuous_curve,390,366,460
mfh-90deg,0.0558260869565217,76.83203461736144,8.695652173913715e-05,0.14095799206918969,448.0,273.93005867853753,,,,,,,False,,,,"example-reviewer",derived_from_reviewed_observations,,,continuous,0,320,curve-mfh-90deg-000321,derived_guide_constrained_curve_data,confirmed_continuous_curve,390,366,460
mfh-90deg,0.05599999999999996,76.88635977410416,8.695652173913715e-05,0.14095799206917548,449.0,273.73735886795833,,,,,,,False,,,,"example-reviewer",derived_from_reviewed_observations,,,continuous,0,321,curve-mfh-90deg-000322,derived_guide_constrained_curve_data,confirmed_continuous_curve,390,366,460
mfh-90deg,0.05617391304347822,76.94068493084687,8.695652173913715e-05,0.14095799206917548,450.0,273.54465905737914,,,,,,,False,,,,"example-reviewer",derived_from_reviewed_observations,,,continuous,0,322,curve-mfh-90deg-000323,derived_guide_constrained_curve_data,confirmed_continuous_curve,390,366,460
mfh-90deg,0.05634782608695648,76.99501008758959,8.695652173913715e-05,0.14095799206917548,451.0,273.3519592467999,,,,,,,False,,,,"example-reviewer",derived_from_reviewed_observations,,,continuous,0,323,curve-mfh-90deg-000324,derived_guide_constrained_curve_data,confirmed_continuous_curve,390,366,460
mfh-90deg,0.05652173913043474,77.0493352443323,8.695652173913715e-05,0.14095799206917548,452.0,273.1592594362207,,,,,,,False,,,,"example-reviewer",derived_from_reviewed_observations,,,continuous,0,324,curve-mfh-90deg-000325,derived_guide_constrained_curve_data,confirmed_continuous_curve,390,366,460
mfh-90deg,0.056695652173913015,77.10366040107503,8.695652173913715e-05,0.14095799206917548,453.0,272.9665596256414,,,,,,,False,,,,"example-reviewer",derived_from_reviewed_observations,,,continuous,0,325,curve-mfh-90deg-000326,derived_guide_constrained_curve_data,confirmed_continuous_curve,390,366,460
mfh-90deg,0.056869565217391276,77.15798555781774,8.695652173913715e-05,0.14095799206917548,454.0,272.7738598150622,,,,,,,False,,,,"example-reviewer",derived_from_reviewed_observations,,,continuous,0,326,curve-mfh-90deg-000327,derived_guide_constrained_curve_data,confirmed_continuous_curve,390,366,460
mfh-90deg,0.057043478260869536,77.21422472331506,8.695652173913715e-05,0.14095799206917548,455.0,272.57437071667283,,,,,,,False,,,,"example-reviewer",derived_from_reviewed_observations,,,continuous,0,327,curve-mfh-90deg-000328,derived_guide_constrained_curve_data,confirmed_continuous_curve,390,366,460
mfh-90deg,0.057217391304347796,77.25890930127132,8.695652173913715e-05,0.14095799206917548,456.0,272.41586754384696,,,,,,,False,,,,"example-reviewer",derived_from_reviewed_observations,,,continuous,0,328,curve-mfh-90deg-000329,derived_guide_constrained_curve_data,confirmed_continuous_curve,390,366,460
mfh-90deg,0.05739130434782606,77.30541820849297,8.695652173913715e-05,0.14095799206917548,457.0,272.2508931903572,,,,,,,False,,,,"example-reviewer",derived_from_reviewed_observations,,,continuous,0,329,curve-mfh-90deg-000330,derived_guide_constrained_curve_data,confirmed_continuous_curve,390,366,460
mfh-90deg,0.05756521739130432,77.35370416286902,8.695652173913715e-05,0.14095799206918969,458.0,272.07961537323155,,,,,,,False,,,,"example-reviewer",derived_from_reviewed_observations,,,continuous,0,330,curve-mfh-90deg-000331,derived_guide_constrained_curve_data,confirmed_continuous_curve,390,366,460
mfh-90deg,0.05773913043478258,77.40371825404415,8.695652173913715e-05,0.14095799206917548,459.0,271.9022075851347,,,,,,,False,,,,"example-reviewer",derived_from_reviewed_observations,,,continuous,0,331,curve-mfh-90deg-000332,derived_guide_constrained_curve_data,confirmed_continuous_curve,390,366,460
mfh-90deg,0.05791304347826084,77.45540994341879,8.695652173913715e-05,0.14095799206918969,460.0,271.7188490943679,,,,,,,False,,,,"example-reviewer",derived_from_reviewed_observations,,,continuous,0,332,curve-mfh-90deg-000333,derived_guide_constrained_curve_data,confirmed_continuous_curve,390,366,460
mfh-90deg,0.0580869565217391,77.5087270641491,8.695652173913715e-05,0.14095799206917548,461.0,271.52972494486903,,,,,,,False,,,,"example-reviewer",derived_from_reviewed_observations,,,continuous,0,333,curve-mfh-90deg-000334,derived_guide_constrained_curve_data,confirmed_continuous_curve,390,366,460
mfh-90deg,0.05826086956521736,77.5501912504736,8.695652173913715e-05,0.14095799206917548,462.0,271.38264500383184,,,,,,,False,,,,"example-reviewer",derived_from_reviewed_observations,,,continuous,0,334,curve-mfh-90deg-000335,derived_guide_constrained_curve_data,confirmed_continuous_curve,390,366,460
mfh-90deg,0.05843478260869562,77.59317164973314,8.695652173913715e-05,0.14095799206917548,463.0,271.2301868188485,,,,,,,False,,,,"example-reviewer",derived_from_reviewed_observations,,,continuous,0,335,curve-mfh-90deg-000336,derived_guide_constrained_curve_data,confirmed_continuous_curve,390,366,460
mfh-90deg,0.05860869565217388,77.63761121035093,8.695652173913715e-05,0.14095799206918969,464.0,271.0725527607669,,,,,,,False,,,,"example-reviewer",derived_from_reviewed_observations,,,continuous,0,336,curve-mfh-90deg-000337,derived_guide_constrained_curve_data,confirmed_continuous_curve,390,366,460
mfh-90deg,0.05878260869565214,77.68345125250603,8.695652173913715e-05,0.14095799206917548,465.0,270.90995097607134,,,,,,,False,,,,"example-reviewer",derived_from_reviewed_observations,,,continuous,0,337,curve-mfh-90deg-000338,derived_guide_constrained_curve_data,confirmed_continuous_curve,390,366,460
mfh-90deg,0.0589565217391304,77.73063146813308,8.695652173913715e-05,0.14095799206917548,466.0,270.7425953868831,,,,,,,False,,,,"example-reviewer",derived_from_reviewed_observations,,,continuous,0,338,curve-mfh-90deg-000339,derived_guide_constrained_curve_data,confirmed_continuous_curve,390,366,460
mfh-90deg,0.05913043478260866,77.76566535024932,8.695652173913715e-05,0.14095799206917548,467.0,270.61832473857874,,,,,,,False,,,,"example-reviewer",derived_from_reviewed_observations,,,continuous,0,339,curve-mfh-90deg-000340,derived_guide_constrained_curve_data,confirmed_continuous_curve,390,366,460
mfh-90deg,0.05930434782608692,77.80191390497403,8.695652173913715e-05,0.14095799206918969,468.0,270.4897454569339,,,,,,,False,,,,"example-reviewer",derived_from_reviewed_observations,,,continuous,0,340,curve-mfh-90deg-000341,derived_guide_constrained_curve_data,confirmed_continuous_curve,390,366,460
mfh-90deg,0.05947826086956518,77.83931193950912,8.695652173913715e-05,0.14095799206918969,469.0,270.35708879097933,,,,,,,False,,,,"example-reviewer",derived_from_reviewed_observations,,,continuous,0,341,curve-mfh-90deg-000342,derived_guide_constrained_curve_data,confirmed_continuous_curve,390,366,460
mfh-90deg,0.05965217391304344,77.87779263281213,8.695652173913715e-05,0.14095799206917548,470.0,270.2205917653828,,,,,,,False,,,,"example-reviewer",derived_from_reviewed_observations,,,continuous,0,342,curve-mfh-90deg-000343,derived_guide_constrained_curve_data,confirmed_continuous_curve,390,366,460
mfh-90deg,0.0598260869565217,77.92905890483239,8.695652173913715e-05,0.14095799206917548,471.0,270.0387422963754,,,,,,,False,,,,"example-reviewer",derived_from_reviewed_observations,,,continuous,0,343,curve-mfh-90deg-000344,derived_guide_constrained_curve_data,confirmed_continuous_curve,390,366,460
mfh-90deg,0.05999999999999996,77.97961234223877,8.695652173913715e-05,0.14095799206917548,472.0,269.85942136300974,,,,,,,False,,,,"example-reviewer",derived_from_reviewed_observations,,,continuous,0,344,curve-mfh-90deg-000345,derived_guide_constrained_curve_data,confirmed_continuous_curve,390,366,460
mfh-90deg,0.060173913043478224,78.01675572179435,8.695652173913715e-05,0.14095799206917548,473.0,269.7276679980166,,,,,,,False,,,,"example-reviewer",derived_from_reviewed_observations,,,continuous,0,345,curve-mfh-90deg-000346,derived_guide_constrained_curve_data,confirmed_continuous_curve,390,366,460
mfh-90deg,0.060347826086956484,78.05463730999524,8.695652173913715e-05,0.14095799206917548,474.0,269.5932960917316,,,,,,,False,,,,"example-reviewer",derived_from_reviewed_observations,,,continuous,0,346,curve-mfh-90deg-000347,derived_guide_constrained_curve_data,confirmed_continuous_curve,390,366,460
mfh-90deg,0.060521739130434744,78.09317820810355,8.695652173913715e-05,0.14095799206917548,475.0,269.4565855102933,,,,,,,False,,,,"example-reviewer",derived_from_reviewed_observations,,,continuous,0,347,curve-mfh-90deg-000348,derived_guide_constrained_curve_data,confirmed_continuous_curve,390,366,460
mfh-90deg,0.060695652173913005,78.13038578952013,8.695652173913715e-05,0.14095799206917548,476.0,269.3246044112779,,,,,,,False,,,,"example-reviewer",derived_from_reviewed_observations,,,continuous,0,348,curve-mfh-90deg-000349,derived_guide_constrained_curve_data,confirmed_continuous_curve,390,366,460
mfh-90deg,0.060869565217391265,78.16622574291624,8.695652173913715e-05,0.14095799206917548,477.0,269.19747450232416,,,,,,,False,,,,"example-reviewer",derived_from_reviewed_observations,,,continuous,0,349,curve-mfh-90deg-000350,derived_guide_constrained_curve_data,confirmed_continuous_curve,390,366,460
mfh-90deg,0.061043478260869526,78.2006656661007,8.695652173913715e-05,0.14095799206918969,478.0,269.07531071906186,,,,,,,False,,,,"example-reviewer",derived_from_reviewed_observations,,,continuous,0,350,curve-mfh-90deg-000351,derived_guide_constrained_curve_data,confirmed_continuous_curve,390,366,460
mfh-90deg,0.061217391304347786,78.23367506602004,8.695652173913715e-05,0.14095799206917548,479.0,268.9582212251113,,,,,,,False,,,,"example-reviewer",derived_from_reviewed_observations,,,continuous,0,351,curve-mfh-90deg-000352,derived_guide_constrained_curve_data,confirmed_continuous_curve,390,366,460
mfh-90deg,0.061391304347826046,78.2786499294316,8.695652173913715e-05,0.14095799206917548,480.0,268.7986883644648,,,,,,,False,,,,"example-reviewer",derived_from_reviewed_observations,,,continuous,0,352,curve-mfh-90deg-000353,derived_guide_constrained_curve_data,confirmed_continuous_curve,390,366,460
mfh-90deg,0.06156521739130431,78.32213901088382,8.695652173913715e-05,0.14095799206917548,481.0,268.64442580434377,,,,,,,False,,,,"example-reviewer",derived_from_reviewed_observations,,,continuous,0,353,curve-mfh-90deg-000354,derived_guide_constrained_curve_data,confirmed_continuous_curve,390,366,460
mfh-90deg,0.06173913043478257,78.3641175447361,8.695652173913715e-05,0.14095799206917548,482.0,268.49552139234106,,,,,,,False,,,,"example-reviewer",derived_from_reviewed_observations,,,continuous,0,354,curve-mfh-90deg-000355,derived_guide_constrained_curve_data,confirmed_continuous_curve,390,366,460
mfh-90deg,0.06191304347826083,78.40456267448539,8.695652173913715e-05,0.14095799206917548,483.0,268.3520562040407,,,,,,,False,,,,"example-reviewer",derived_from_reviewed_observations,,,continuous,0,355,curve-mfh-90deg-000356,derived_guide_constrained_curve_data,confirmed_continuous_curve,390,366,460
mfh-90deg,0.06208695652173909,78.44345345276628,8.695652173913715e-05,0.14095799206917548,484.0,268.21410454301747,,,,,,,False,,,,"example-reviewer",derived_from_reviewed_observations,,,continuous,0,356,curve-mfh-90deg-000357,derived_guide_constrained_curve_data,confirmed_continuous_curve,390,366,460
mfh-90deg,0.06226086956521735,78.480770841351,8.695652173913715e-05,0.14095799206917548,485.0,268.0817339408369,,,,,,,False,,,,"example-reviewer",derived_from_reviewed_observations,,,continuous,0,357,curve-mfh-90deg-000358,derived_guide_constrained_curve_data,confirmed_continuous_curve,390,366,460
mfh-90deg,0.06243478260869561,78.51649771114941,8.695652173913021e-05,0.14095799206917548,486.0,267.95500515705544,,,,,,,False,,,,"example-reviewer",derived_from_reviewed_observations,,,continuous,0,358,curve-mfh-90deg-000359,derived_guide_constrained_curve_data,confirmed_continuous_curve,390,366,460
mfh-90deg,0.06260869565217386,78.55061884220889,8.695652173915103e-05,0.14095799206917548,487.0,267.83397217922067,,,,,,,False,,,,"example-reviewer",derived_from_reviewed_observations,,,continuous,0,359,curve-mfh-90deg-000360,derived_guide_constrained_curve_data,confirmed_continuous_curve,390,366,460
mfh-90deg,0.06278260869565214,78.58312092371463,8.695652173912327e-05,0.14095799206918969,488.0,267.7186822228705,,,,,,,False,,,,"example-reviewer",derived_from_reviewed_observations,,,continuous,0,360,curve-mfh-90deg-000361,derived_guide_constrained_curve_data,confirmed_continuous_curve,390,366,460
mfh-90deg,0.06295652173913038,78.61399255398926,8.695652173915103e-05,0.14095799206917548,489.0,267.6091757315341,,,,,,,False,,,,"example-reviewer",derived_from_reviewed_observations,,,continuous,0,361,curve-mfh-90deg-000362,derived_guide_constrained_curve_data,confirmed_continuous_curve,390,366,460
mfh-90deg,0.06313043478260866,78.64322424049311,8.695652173912327e-05,0.14095799206917548,490.0,267.5054863767315,,,,,,,False,,,,"example-reviewer",derived_from_reviewed_observations,,,continuous,0,362,curve-mfh-90deg-000363,derived_guide_constrained_curve_data,confirmed_continuous_curve,390,366,460
mfh-90deg,0.0633043478260869,78.6708083998242,8.695652173915103e-05,0.14095799206917548,491.0,267.40764105797314,,,,,,,False,,,,"example-reviewer",derived_from_reviewed_observations,,,continuous,0,363,curve-mfh-90deg-000364,derived_guide_constrained_curve_data,confirmed_continuous_curve,390,366,460
mfh-90deg,0.06347826086956518,78.69839255915528,8.695652173912327e-05,0.14095799206918969,492.0,267.30979573921485,,,,,,,False,,,,"example-reviewer",derived_from_reviewed_observations,,,continuous,0,364,curve-mfh-90deg-000365,derived_guide_constrained_curve_data,confirmed_continuous_curve,390,366,460
mfh-90deg,0.06365217391304345,78.72597671848636,8.695652173915103e-05,0.14095799206917548,493.0,267.2119504204565,,,,,,,False,,,,"example-reviewer",derived_from_reviewed_observations,,,continuous,0,365,curve-mfh-90deg-000366,derived_guide_constrained_curve_data,confirmed_continuous_curve,390,366,460
mfh-90deg,0.0638260869565217,78.75356087781742,8.695652173912327e-05,0.14095799206917548,494.0,267.11410510169827,,,,,,,False,,,,"example-reviewer",derived_from_reviewed_observations,,,continuous,0,366,curve-mfh-90deg-000367,derived_guide_constrained_curve_data,confirmed_continuous_curve,390,366,460
mfh-90deg,0.06399999999999997,78.78114503714848,8.695652173915103e-05,0.14095799206917548,495.0,267.01625978294004,,,,,,,False,,,,"example-reviewer",derived_from_reviewed_observations,,,continuous,0,367,curve-mfh-90deg-000368,derived_guide_constrained_curve_data,confirmed_continuous_curve,390,366,460
mfh-90deg,0.06417391304347822,78.80872919647953,8.695652173912327e-05,0.14095799206917548,496.0,266.9184144641818,,,,,,,False,,,,"example-reviewer",derived_from_reviewed_observations,,,continuous,0,368,curve-mfh-90deg-000369,derived_guide_constrained_curve_data,confirmed_continuous_curve,390,366,460
mfh-90deg,0.0643478260869565,78.83631335581063,8.695652173915103e-05,0.14095799206917548,497.0,266.82056914542346,,,,,,,False,,,,"example-reviewer",derived_from_reviewed_observations,,,continuous,0,369,curve-mfh-90deg-000370,derived_guide_constrained_curve_data,confirmed_continuous_curve,390,366,460
mfh-90deg,0.06452173913043474,78.86389751514169,8.695652173912327e-05,0.14095799206917548,498.0,266.72272382666523,,,,,,,False,,,,"example-reviewer",derived_from_reviewed_observations,,,continuous,0,370,curve-mfh-90deg-000371,derived_guide_constrained_curve_data,confirmed_continuous_curve,390,366,460
mfh-90deg,0.06469565217391302,78.89148167447276,8.695652173915103e-05,0.14095799206917548,499.0,266.62487850790694,,,,,,,False,,,,"example-reviewer",derived_from_reviewed_observations,,,continuous,0,371,curve-mfh-90deg-000372,derived_guide_constrained_curve_data,confirmed_continuous_curve,390,366,460
mfh-90deg,0.06486956521739126,78.91906583380383,8.695652173912327e-05,0.14095799206917548,500.0,266.52703318914865,,,,,,,False,,,,"example-reviewer",derived_from_reviewed_observations,,,continuous,0,372,curve-mfh-90deg-000373,derived_guide_constrained_curve_data,confirmed_continuous_curve,390,366,460
mfh-90deg,0.06504347826086954,78.93322542246163,8.695652173915103e-05,0.14095799206918969,501.0,266.47680691800946,,,,,,,False,,,,"example-reviewer",derived_from_reviewed_observations,,,continuous,0,373,curve-mfh-90deg-000374,derived_guide_constrained_curve_data,confirmed_continuous_curve,390,366,460
mfh-90deg,0.06521739130434778,78.94738501111947,8.695652173912327e-05,0.14095799206917548,502.0,266.4265806468702,,,,,,,False,,,,"example-reviewer",derived_from_reviewed_observations,,,continuous,0,374,curve-mfh-90deg-000375,derived_guide_constrained_curve_data,confirmed_continuous_curve,390,366,460
mfh-90deg,0.06539130434782606,78.96154459977728,8.695652173915103e-05,0.14095799206917548,503.0,266.37635437573095,,,,,,,False,,,,"example-reviewer",derived_from_reviewed_observations,,,continuous,0,375,curve-mfh-90deg-000376,derived_guide_constrained_curve_data,confirmed_continuous_curve,390,366,460
mfh-90deg,0.0655652173913043,78.9757041884351,8.695652173912327e-05,0.14095799206917548,504.0,266.3261281045917,,,,,,,False,,,,"example-reviewer",derived_from_reviewed_observations,,,continuous,0,376,curve-mfh-90deg-000377,derived_guide_constrained_curve_data,confirmed_continuous_curve,390,366,460
mfh-90deg,0.06573913043478258,79.00328834776614,8.695652173915103e-05,0.14095799206917548,505.0,266.2282827858335,,,,,,,False,,,,"example-reviewer",derived_from_reviewed_observations,,,continuous,0,377,curve-mfh-90deg-000378,derived_guide_constrained_curve_data,confirmed_continuous_curve,390,366,460
mfh-90deg,0.06591304347826082,79.03222320561046,8.695652173912327e-05,0.14095799206917548,506.0,266.12564632861825,,,,,,,False,,,,"example-reviewer",derived_from_reviewed_observations,,,continuous,0,378,curve-mfh-90deg-000379,derived_guide_constrained_curve_data,confirmed_continuous_curve,390,366,460
mfh-90deg,0.0660869565217391,79.06244570727806,8.695652173915103e-05,0.14095799206917548,507.0,266.0184423977735,,,,,,,False,,,,"example-reviewer",derived_from_reviewed_observations,,,continuous,0,379,curve-mfh-90deg-000380,derived_guide_constrained_curve_data,confirmed_continuous_curve,390,366,460
mfh-90deg,0.06626086956521735,79.0938908889413,8.695652173912327e-05,0.14095799206917548,508.0,265.9069014301361,,,,,,,False,,,,"example-reviewer",derived_from_reviewed_observations,,,continuous,0,380,curve-mfh-90deg-000381,derived_guide_constrained_curve_data,confirmed_continuous_curve,390,366,460
mfh-90deg,0.06643478260869562,79.12649187763505,8.695652173915103e-05,0.14095799206917548,509.0,265.79126063455163,,,,,,,False,,,,"example-reviewer",derived_from_reviewed_observations,,,continuous,0,381,curve-mfh-90deg-000382,derived_guide_constrained_curve_data,confirmed_continuous_curve,390,366,460
mfh-90deg,0.06660869565217387,79.16017989125636,8.695652173912327e-05,0.14095799206917548,510.0,265.6717639918753,,,,,,,False,,,,"example-reviewer",derived_from_reviewed_observations,,,continuous,0,382,curve-mfh-90deg-000383,derived_guide_constrained_curve_data,confirmed_continuous_curve,390,366,460
mfh-90deg,0.06678260869565214,79.19488423856487,8.695652173915103e-05,0.14095799206917548,511.0,265.5486622549711,,,,,,,False,,,,"example-reviewer",derived_from_reviewed_observations,,,continuous,0,383,curve-mfh-90deg-000384,derived_guide_constrained_curve_data,confirmed_continuous_curve,390,366,460
mfh-90deg,0.06695652173913039,79.23053231918243,8.695652173915103e-05,0.14095799206918969,512.0,265.4222129487123,,,,,,,False,,,,"example-reviewer",derived_from_reviewed_observations,,,continuous,0,384,curve-mfh-90deg-000385,derived_guide_constrained_curve_data,confirmed_continuous_curve,390,366,460
mfh-90deg,0.06713043478260866,79.25362505292009,8.695652173912327e-05,0.14095799206917548,513.0,265.34029941760036,,,,,,,False,,,,"example-reviewer",derived_from_reviewed_observations,,,continuous,0,385,curve-mfh-90deg-000386,derived_guide_constrained_curve_data,confirmed_continuous_curve,390,366,460
mfh-90deg,0.06730434782608691,79.2775105917978,8.695652173915103e-05,0.14095799206918969,514.0,265.2555736829077,,,,,,,False,,,,"example-reviewer",derived_from_reviewed_observations,,,continuous,0,386,curve-mfh-90deg-000387,derived_guide_constrained_curve_data,confirmed_continuous_curve,390,366,460
mfh-90deg,0.06747826086956518,79.30211060802459,8.695652173912327e-05,0.14095799206917548,515.0,265.1683135855352,,,,,,,False,,,,"example-reviewer",derived_from_reviewed_observations,,,continuous,0,387,curve-mfh-90deg-000388,derived_guide_constrained_curve_data,confirmed_continuous_curve,390,366,460
mfh-90deg,0.06765217391304343,79.3273448646719,8.695652173915103e-05,0.14095799206917548,516.0,265.0788037383925,,,,,,,False,,,,"example-reviewer",derived_from_reviewed_observations,,,continuous,0,388,curve-mfh-90deg-000389,derived_guide_constrained_curve_data,confirmed_continuous_curve,390,366,460
mfh-90deg,0.0678260869565217,79.35313121567354,8.695652173912327e-05,0.14095799206917548,517.0,264.98733552639857,,,,,,,False,,,,"example-reviewer",derived_from_reviewed_observations,,,continuous,0,389,curve-mfh-90deg-000390,derived_guide_constrained_curve_data,confirmed_continuous_curve,390,366,460
mfh-90deg,0.06799999999999995,79.37938560582568,8.695652173915103e-05,0.14095799206917548,518.0,264.89420710648164,,,,,,,False,,,,"example-reviewer",derived_from_reviewed_observations,,,continuous,0,390,curve-mfh-90deg-000391,derived_guide_constrained_curve_data,confirmed_continuous_curve,390,366,460
mfh-90deg,0.06817391304347822,79.40602207078686,8.695652173912327e-05,0.14095799206917548,519.0,264.79972340757894,,,,,,,False,,,,"example-reviewer",derived_from_reviewed_observations,,,continuous,0,391,curve-mfh-90deg-000392,derived_guide_constrained_curve_data,confirmed_continuous_curve,390,366,460
mfh-90deg,0.06834782608695647,79.43295273707804,8.695652173915103e-05,0.14095799206917548,520.0,264.7041961306369,,,,,,,False,,,,"example-reviewer",derived_from_reviewed_observations,,,continuous,0,392,curve-mfh-90deg-000393,derived_guide_constrained_curve_data,confirmed_continuous_curve,390,366,460
mfh-90deg,0.06852173913043474,79.46008782208256,8.695652173912327e-05,0.14095799206918969,521.0,264.6079437486109,,,,,,,False,,,,"example-reviewer",derived_from_reviewed_observations,,,continuous,0,393,curve-mfh-90deg-000394,derived_guide_constrained_curve_data,confirmed_continuous_curve,390,366,460
mfh-90deg,0.06869565217391299,79.48733563404606,8.695652173915103e-05,0.14095799206918969,522.0,264.51129150646585,,,,,,,False,,,,"example-reviewer",derived_from_reviewed_observations,,,continuous,0,394,curve-mfh-90deg-000395,derived_guide_constrained_curve_data,confirmed_continuous_curve,390,366,460
mfh-90deg,0.06886956521739127,79.51460257207664,8.695652173912327e-05,0.14095799206917548,523.0,264.4145714211755,,,,,,,False,,,,"example-reviewer",derived_from_reviewed_observations,,,continuous,0,395,curve-mfh-90deg-000396,derived_guide_constrained_curve_data,confirmed_continuous_curve,390,366,460
mfh-90deg,0.06904347826086951,79.54161616360213,8.695652173915103e-05,0.14095799206918969,524.0,264.31874999548353,,,,,,,False,,,,"example-reviewer",derived_from_reviewed_observations,,,continuous,0,396,curve-mfh-90deg-000397,derived_guide_constrained_curve_data,confirmed_continuous_curve,390,366,460
mfh-90deg,0.06921739130434779,79.56829846881986,8.695652173912327e-05,0.14095799206917548,525.0,264.22410369403565,,,,,,,False,,,,"example-reviewer",derived_from_reviewed_observations,,,continuous,0,397,curve-mfh-90deg-000398,derived_guide_constrained_curve_data,confirmed_continuous_curve,390,366,460
mfh-90deg,0.06939130434782603,79.58114449519378,8.695652173915103e-05,0.14095799206917548,526.0,264.1785368333513,,,,,,,False,,,,"example-reviewer",derived_from_reviewed_observations,,,continuous,0,398,curve-mfh-90deg-000399,derived_guide_constrained_curve_data,confirmed_continuous_curve,390,366,460
mfh-90deg,0.06956521739130431,79.59214521096108,8.695652173912327e-05,0.14095799206917548,527.0,264.13951557742314,,,,,,,False,,,,"example-reviewer",derived_from_reviewed_observations,,,continuous,0,399,curve-mfh-90deg-000400,derived_guide_constrained_curve_data,confirmed_continuous_curve,390,366,460
mfh-90deg,0.06973913043478255,79.60127828482877,8.695652173915103e-05,0.14095799206917548,528.0,264.1071191388331,,,,,,,False,,,,"example-reviewer",derived_from_reviewed_observations,,,continuous,0,400,curve-mfh-90deg-000401,derived_guide_constrained_curve_data,confirmed_continuous_curve,390,366,460
mfh-90deg,0.06991304347826083,79.6085208125813,8.695652173912327e-05,0.14095799206917548,529.0,264.08142876240885,,,,,,,False,,,,"example-reviewer",derived_from_reviewed_observations,,,continuous,0,401,curve-mfh-90deg-000402,derived_guide_constrained_curve_data,confirmed_continuous_curve,390,366,460
mfh-90deg,0.07008695652173907,79.61384931708074,8.695652173915103e-05,0.14095799206917548,530.0,264.06252772522316,,,,,,,False,,,,"example-reviewer",derived_from_reviewed_observations,,,continuous,0,402,curve-mfh-90deg-000403,derived_guide_constrained_curve_data,confirmed_continuous_curve,390,366,460
mfh-90deg,0.07026086956521735,79.6179625568803,8.695652173912327e-05,0.14095799206918969,531.0,264.0479374216186,,,,,,,False,,,,"example-reviewer",derived_from_reviewed_observations,,,continuous,0,403,curve-mfh-90deg-000404,derived_guide_constrained_curve_data,confirmed_continuous_curve,390,366,460
mfh-90deg,0.07043478260869562,79.62159346645225,8.695652173915103e-05,0.14095799206917548,532.0,264.03505801861826,,,,,,,False,,,,"example-reviewer",derived_from_reviewed_observations,,,continuous,0,404,curve-mfh-90deg-000405,derived_guide_constrained_curve_data,confirmed_continuous_curve,390,366,460
mfh-90deg,0.07060869565217387,79.62476897315345,8.695652173912327e-05,0.14095799206918969,533.0,264.0237940006843,,,,,,,False,,,,"example-reviewer",derived_from_reviewed_observations,,,continuous,0,405,curve-mfh-90deg-000406,derived_guide_constrained_curve_data,confirmed_continuous_curve,390,366,460
mfh-90deg,0.07078260869565214,79.62751543141822,8.695652173915103e-05,0.14095799206917548,534.0,264.0140518845246,,,,,,,False,,,,"example-reviewer",derived_from_reviewed_observations,,,continuous,0,406,curve-mfh-90deg-000407,derived_guide_constrained_curve_data,confirmed_continuous_curve,390,366,460
mfh-90deg,0.07095652173913039,79.62985862275843,8.695652173912327e-05,0.14095799206917548,535.0,264.0057402190921,,,,,,,False,,,,"example-reviewer",derived_from_reviewed_observations,,,continuous,0,407,curve-mfh-90deg-000408,derived_guide_constrained_curve_data,confirmed_continuous_curve,390,366,460
mfh-90deg,0.07113043478260866,79.63182375576345,8.695652173915103e-05,0.14095799206917548,536.0,263.99876958558576,,,,,,,False,,,,"example-reviewer",derived_from_reviewed_observations,,,continuous,0,408,curve-mfh-90deg-000409,derived_guide_constrained_curve_data,confirmed_continuous_curve,390,366,460
mfh-90deg,0.07130434782608691,79.63343546610021,8.695652173912327e-05,0.14095799206917548,537.0,263.99305259744943,,,,,,,False,,,,"example-reviewer",derived_from_reviewed_observations,,,continuous,0,409,curve-mfh-90deg-000410,derived_guide_constrained_curve_data,confirmed_continuous_curve,390,366,460
mfh-90deg,0.07147826086956519,79.63471781651309,8.695652173915103e-05,0.14095799206918969,538.0,263.9885039003729,,,,,,,False,,,,"example-reviewer",derived_from_reviewed_observations,,,continuous,0,410,curve-mfh-90deg-000411,derived_guide_constrained_curve_data,confirmed_continuous_curve,390,366,460
mfh-90deg,0.07165217391304343,79.635694296824,8.695652173912327e-05,0.14095799206917548,539.0,263.9850401722913,,,,,,,False,,,,"example-reviewer",derived_from_reviewed_observations,,,continuous,0,411,curve-mfh-90deg-000412,derived_guide_constrained_curve_data,confirmed_continuous_curve,390,366,460
mfh-90deg,0.0718260869565217,79.63638782393238,8.695652173915103e-05,0.14095799206917548,540.0,263.9825801233852,,,,,,,False,,,,"example-reviewer",derived_from_reviewed_observations,,,continuous,0,412,curve-mfh-90deg-000413,derived_guide_constrained_curve_data,confirmed_continuous_curve,390,366,460
mfh-90deg,0.07199999999999995,79.6368207418152,8.695652173912327e-05,0.14095799206917548,541.0,263.9810444960807,,,,,,,False,,,,"example-reviewer",derived_from_reviewed_observations,,,continuous,0,413,curve-mfh-90deg-000414,derived_guide_constrained_curve_data,confirmed_continuous_curve,390,366,460
mfh-90deg,0.07217391304347823,79.6370148215269,8.695652173915103e-05,0.14095799206917548,542.0,263.9803560650494,,,,,,,False,,,,"example-reviewer",derived_from_reviewed_observations,,,continuous,0,414,curve-mfh-90deg-000415,derived_guide_constrained_curve_data,confirmed_continuous_curve,390,366,460
mfh-90deg,0.07234782608695647,79.6369912611995,8.695652173912327e-05,0.14095799206917548,543.0,263.98043963720824,,,,,,,False,,,,"example-reviewer",derived_from_reviewed_observations,,,continuous,0,415,curve-mfh-90deg-000416,derived_guide_constrained_curve_data,confirmed_continuous_curve,390,366,460
mfh-90deg,0.07252173913043475,79.63677068604244,8.695652173915103e-05,0.14095799206917548,544.0,263.9812220517199,,,,,,,False,,,,"example-reviewer",derived_from_reviewed_observations,,,continuous,0,416,curve-mfh-90deg-000417,derived_guide_constrained_curve_data,confirmed_continuous_curve,390,366,460
mfh-90deg,0.072695652173913,79.63655011088538,8.695652173912327e-05,0.14095799206917548,545.0,263.98200446623156,,,,,,,False,,,,"example-reviewer",derived_from_reviewed_observations,,,continuous,0,417,curve-mfh-90deg-000418,derived_guide_constrained_curve_data,confirmed_continuous_curve,390,366,460
mfh-90deg,0.07286956521739127,79.64975410640156,8.695652173915103e-05,0.14095799206917548,546.0,263.93516783312424,,,,,,,False,,,,"example-reviewer",derived_from_reviewed_observations,,,continuous,0,418,curve-mfh-90deg-000419,derived_guide_constrained_curve_data,confirmed_continuous_curve,390,366,460
mfh-90deg,0.07304347826086952,79.66295810191777,8.695652173912327e-05,0.14095799206917548,547.0,263.8883312000168,,,,,,,False,,,,"example-reviewer",derived_from_reviewed_observations,,,continuous,0,419,curve-mfh-90deg-000420,derived_guide_constrained_curve_data,confirmed_continuous_curve,390,366,460
mfh-90deg,0.07321739130434779,79.67616209743395,8.695652173915103e-05,0.14095799206917548,548.0,263.8414945669095,,,,,,,False,,,,"example-reviewer",derived_from_reviewed_observations,,,continuous,0,420,curve-mfh-90deg-000421,derived_guide_constrained_curve_data,confirmed_continuous_curve,390,366,460
mfh-90deg,0.07339130434782604,79.68936609295015,8.695652173912327e-05,0.14095799206917548,549.0,263.79465793380206,,,,,,,False,,,,"example-reviewer",derived_from_reviewed_observations,,,continuous,0,421,curve-mfh-90deg-000422,derived_guide_constrained_curve_data,confirmed_continuous_curve,390,366,460
mfh-90deg,0.07356521739130431,79.70257008846635,8.695652173915103e-05,0.14095799206917548,550.0,263.7478213006947,,,,,,,False,,,,"example-reviewer",derived_from_reviewed_observations,,,continuous,0,422,curve-mfh-90deg-000423,derived_guide_constrained_curve_data,confirmed_continuous_curve,390,366,460
mfh-90deg,0.07373913043478256,79.71577408398254,8.695652173915103e-05,0.14095799206917548,551.0,263.7009846675873,,,,,,,False,,,,"example-reviewer",derived_from_reviewed_observations,,,continuous,0,423,curve-mfh-90deg-000424,derived_guide_constrained_curve_data,confirmed_continuous_curve,390,366,460
mfh-90deg,0.07391304347826083,79.72897807949873,8.695652173912327e-05,0.14095799206917548,552.0,263.65414803447993,,,,,,,False,,,,"example-reviewer",derived_from_reviewed_observations,,,continuous,0,424,curve-mfh-90deg-000425,derived_guide_constrained_curve_data,confirmed_continuous_curve,390,366,460
mfh-90deg,0.07408695652173908,79.74218207501492,8.695652173915103e-05,0.14095799206917548,553.0,263.60731140137256,,,,,,,False,,,,"example-reviewer",derived_from_reviewed_observations,,,continuous,0,425,curve-mfh-90deg-000426,derived_guide_constrained_curve_data,confirmed_continuous_curve,390,366,460
mfh-90deg,0.07426086956521735,79.75538607053112,8.695652173912327e-05,0.14095799206917548,554.0,263.5604747682652,,,,,,,False,,,,"example-reviewer",derived_from_reviewed_observations,,,continuous,0,426,curve-mfh-90deg-000427,derived_guide_constrained_curve_data,confirmed_continuous_curve,390,366,460
mfh-90deg,0.0744347826086956,79.76859006604731,8.695652173915103e-05,0.14095799206917548,555.0,263.5136381351578,,,,,,,False,,,,"example-reviewer",derived_from_reviewed_observations,,,continuous,0,427,curve-mfh-90deg-000428,derived_guide_constrained_curve_data,confirmed_continuous_curve,390,366,460
mfh-90deg,0.07460869565217387,79.79521863223677,8.695652173912327e-05,0.14095799206917548,556.0,263.41918245443134,,,,,,,False,,,,"example-reviewer",derived_from_reviewed_observations,,,continuous,0,428,curve-mfh-90deg-000429,derived_guide_constrained_curve_data,confirmed_continuous_curve,390,366,460
mfh-90deg,0.07478260869565212,79.8218471984262,8.695652173915103e-05,0.14095799206917548,557.0,263.324726773705,,,,,,,False,,,,"example-reviewer",derived_from_reviewed_observations,,,continuous,0,429,curve-mfh-90deg-000430,derived_guide_constrained_curve_data,confirmed_continuous_curve,390,366,460
mfh-90deg,0.0749565217391304,79.83505119394239,8.695652173912327e-05,0.14095799206917548,558.0,263.2778901405976,,,,,,,False,,,,"example-reviewer",derived_from_reviewed_observations,,,continuous,0,430,curve-mfh-90deg-000431,derived_guide_constrained_curve_data,confirmed_continuous_curve,390,366,460
mfh-90deg,0.07513043478260864,79.84901736980709,8.695652173915103e-05,0.14095799206917548,559.0,263.22834993482536,,,,,,,False,,,,"example-reviewer",derived_from_reviewed_observations,,,continuous,0,431,curve-mfh-90deg-000432,derived_guide_constrained_curve_data,confirmed_continuous_curve,390,366,460
mfh-90deg,0.07530434782608691,79.86374629894281,8.695652173912327e-05,0.14095799206917548,560.0,263.1761041241426,,,,,,,False,,,,"example-reviewer",derived_from_reviewed_observations,,,continuous,0,432,curve-mfh-90deg-000433,derived_guide_constrained_curve_data,confirmed_continuous_curve,390,366,460
mfh-90deg,0.07547826086956516,79.8792391271945,8.695652173915103e-05,0.14095799206917548,561.0,263.1211486440586,,,,,,,False,,,,"example-reviewer",derived_from_reviewed_observations,,,continuous,0,433,curve-mfh-90deg-000434,derived_guide_constrained_curve_data,confirmed_continuous_curve,390,366,460
mfh-90deg,0.07565217391304344,79.8954975733296,8.695652173912327e-05,0.14095799206918969,562.0,263.0634773978368,,,,,,,False,,,,"example-reviewer",derived_from_reviewed_observations,,,continuous,0,434,curve-mfh-90deg-000435,derived_guide_constrained_curve_data,confirmed_continuous_curve,390,366,460
mfh-90deg,0.07582608695652168,79.91252392903812,8.695652173915103e-05,0.14095799206917548,563.0,263.00308225649513,,,,,,,False,,,,"example-reviewer",derived_from_reviewed_observations,,,continuous,0,435,curve-mfh-90deg-000436,derived_guide_constrained_curve_data,confirmed_continuous_curve,390,366,460
mfh-90deg,0.07599999999999996,79.93032105893242,8.695652173912327e-05,0.14095799206917548,564.0,262.93995305880634,,,,,,,False,,,,"example-reviewer",derived_from_reviewed_observations,,,continuous,0,436,curve-mfh-90deg-000437,derived_guide_constrained_curve_data,confirmed_continuous_curve,390,366,460
mfh-90deg,0.0761739130434782,79.94889240054745,8.695652173915103e-05,0.14095799206917548,565.0,262.8740776112974,,,,,,,False,,,,"example-reviewer",derived_from_reviewed_observations,,,continuous,0,437,curve-mfh-90deg-000438,derived_guide_constrained_curve_data,confirmed_continuous_curve,390,366,460
mfh-90deg,0.07634782608695648,79.96824196434058,8.695652173912327e-05,0.14095799206918969,566.0,262.8054416882501,,,,,,,False,,,,"example-reviewer",derived_from_reviewed_observations,,,continuous,0,438,curve-mfh-90deg-000439,derived_guide_constrained_curve_data,confirmed_continuous_curve,390,366,460
mfh-90deg,0.07652173913043472,79.97494976301847,8.695652173915103e-05,0.14095799206917548,567.0,262.78164807931944,,,,,,,False,,,,"example-reviewer",derived_from_reviewed_observations,,,continuous,0,439,curve-mfh-90deg-000440,derived_guide_constrained_curve_data,confirmed_continuous_curve,390,366,460
mfh-90deg,0.076695652173913,79.98244552355673,8.695652173912327e-05,0.14095799206917548,568.0,262.7550594466771,,,,,,,False,,,,"example-reviewer",derived_from_reviewed_observations,,,continuous,0,440,curve-mfh-90deg-000441,derived_guide_constrained_curve_data,confirmed_continuous_curve,390,366,460
mfh-90deg,0.07686956521739124,79.99073497518026,8.695652173915103e-05,0.14095799206917548,569.0,262.7256554678681,,,,,,,False,,,,"example-reviewer",derived_from_reviewed_observations,,,continuous,0,441,curve-mfh-90deg-000442,derived_guide_constrained_curve_data,confirmed_continuous_curve,390,366,460
mfh-90deg,0.07704347826086952,79.99982442003636,8.695652173912327e-05,0.14095799206917548,570.0,262.6934137881922,,,,,,,False,,,,"example-reviewer",derived_from_reviewed_observations,,,continuous,0,442,curve-mfh-90deg-000443,derived_guide_constrained_curve_data,confirmed_continuous_curve,390,366,460
mfh-90deg,0.07721739130434777,80.00972073319487,8.695652173915103e-05,0.14095799206917548,571.0,262.6583100207036,,,,,,,False,,,,"example-reviewer",derived_from_reviewed_observations,,,continuous,0,443,curve-mfh-90deg-000444,derived_guide_constrained_curve_data,confirmed_continuous_curve,390,366,460
mfh-90deg,0.07739130434782604,80.0204313626481,8.695652173912327e-05,0.14095799206917548,572.0,262.620317746211,,,,,,,False,,,,"example-reviewer",derived_from_reviewed_observations,,,continuous,0,444,curve-mfh-90deg-000445,derived_guide_constrained_curve_data,confirmed_continuous_curve,390,366,460
mfh-90deg,0.07756521739130431,80.03196432931087,8.695652173915103e-05,0.14095799206917548,573.0,262.5794085132776,,,,,,,False,,,,"example-reviewer",derived_from_reviewed_observations,,,continuous,0,445,curve-mfh-90deg-000446,derived_guide_constrained_curve_data,confirmed_continuous_curve,390,366,460
mfh-90deg,0.07773913043478256,80.04432822702047,8.695652173912327e-05,0.14095799206917548,574.0,262.53555183822107,,,,,,,False,,,,"example-reviewer",derived_from_reviewed_observations,,,continuous,0,446,curve-mfh-90deg-000447,derived_guide_constrained_curve_data,confirmed_continuous_curve,390,366,460
mfh-90deg,0.07791304347826083,80.05753222253666,8.695652173915103e-05,0.14095799206917548,575.0,262.4887152051137,,,,,,,False,,,,"example-reviewer",derived_from_reviewed_observations,,,continuous,0,447,curve-mfh-90deg-000448,derived_guide_constrained_curve_data,confirmed_continuous_curve,390,366,460
mfh-90deg,0.07808695652173908,80.07073621805287,8.695652173912327e-05,0.14095799206917548,576.0,262.44187857200626,,,,,,,False,,,,"example-reviewer",derived_from_reviewed_observations,,,continuous,0,448,curve-mfh-90deg-000449,derived_guide_constrained_curve_data,confirmed_continuous_curve,390,366,460
mfh-90deg,0.07826086956521736,80.07051564289581,8.695652173915103e-05,0.14095799206917548,577.0,262.4426609865179,,,,,,,False,,,,"example-reviewer",derived_from_reviewed_observations,,,continuous,0,449,curve-mfh-90deg-000450,derived_guide_constrained_curve_data,confirmed_continuous_curve,390,366,460
mfh-90deg,0.0784347826086956,80.07077164355692,8.695652173912327e-05,0.14095799206917548,578.0,262.4417529122138,,,,,,,False,,,,"example-reviewer",derived_from_reviewed_observations,,,continuous,0,450,curve-mfh-90deg-000451,derived_guide_constrained_curve_data,confirmed_continuous_curve,390,366,460
mfh-90deg,0.07860869565217388,80.08494024915919,8.695652173915103e-05,0.14095799206917548,579.0,262.39149465656516,,,,,,,False,,,,"example-reviewer",derived_from_reviewed_observations,,,continuous,0,451,curve-mfh-90deg-000452,derived_guide_constrained_curve_data,confirmed_continuous_curve,390,366,460
mfh-90deg,0.07878260869565212,80.09884674005305,8.695652173912327e-05,0.14095799206917548,580.0,262.3421661627007,,,,,,,False,,,,"example-reviewer",derived_from_reviewed_observations,,,continuous,0,452,curve-mfh-90deg-000453,derived_guide_constrained_curve_data,confirmed_continuous_curve,390,366,460
mfh-90deg,0.0789565217391304,80.11250314761068,8.695652173915103e-05,0.14095799206917548,581.0,262.29372475346537,,,,,,,False,,,,"example-reviewer",derived_from_reviewed_observations,,,continuous,0,453,curve-mfh-90deg-000454,derived_guide_constrained_curve_data,confirmed_continuous_curve,390,366,460
mfh-90deg,0.07913043478260864,80.12592150320431,8.695652173912327e-05,0.14095799206917548,582.0,262.24612775170385,,,,,,,False,,,,"example-reviewer",derived_from_reviewed_observations,,,continuous,0,454,curve-mfh-90deg-000455,derived_guide_constrained_curve_data,confirmed_continuous_curve,390,366,460
mfh-90deg,0.07930434782608692,80.13911383820616,8.695652173915103e-05,0.14095799206917548,583.0,262.199332480261,,,,,,,False,,,,"example-reviewer",derived_from_reviewed_observations,,,continuous,0,455,curve-mfh-90deg-000456,derived_guide_constrained_curve_data,confirmed_continuous_curve,390,366,460
mfh-90deg,0.07947826086956516,80.15209218398837,8.695652173912327e-05,0.14095799206917548,584.0,262.15329626198167,,,,,,,False,,,,"example-reviewer",derived_from_reviewed_observations,,,continuous,0,456,curve-mfh-90deg-000457,derived_guide_constrained_curve_data,confirmed_continuous_curve,390,366,460
mfh-90deg,0.07965217391304344,80.16486857192318,8.695652173915103e-05,0.14095799206917548,585.0,262.1079764197107,,,,,,,False,,,,"example-reviewer",derived_from_reviewed_observations,,,continuous,0,457,curve-mfh-90deg-000458,derived_guide_constrained_curve_data,confirmed_continuous_curve,390,366,460
mfh-90deg,0.07982608695652169,80.17745503338281,8.695652173912327e-05,0.14095799206917548,586.0,262.06333027629285,,,,,,,False,,,,"example-reviewer",derived_from_reviewed_observations,,,continuous,0,458,curve-mfh-90deg-000459,derived_guide_constrained_curve_data,confirmed_continuous_curve,390,366,460
mfh-90deg,0.07999999999999996,80.18986359973944,8.695652173915103e-05,0.14095799206918969,587.0,262.01931515457295,,,,,,,False,,,,"example-reviewer",derived_from_reviewed_observations,,,continuous,0,459,curve-mfh-90deg-000460,derived_guide_constrained_curve_data,confirmed_continuous_curve,390,366,460
