series,x,y,x_uncertainty,y_uncertainty,pixel_x,pixel_y,pixel_half_height,support_pixels,guide_residual_px,evidence_status,segment_break,status,candidate_id,support_x_min,support_x_max,group_assignment_cost,competing_series,line_semantics
test-0deg,0.00017391304347825695,4.641825101470914,8.695652173913021e-05,0.14095799206918969,128,530.0,0.5,1,10.0,visible_pixel_support,True,visible_candidate,line-test-0deg-000001,,,,,
test-0deg,0.00034782608695651737,4.077993133194212,8.695652173913021e-05,0.28191598413835095,129,532.0,1.0,3,5.2000408376726455,visible_pixel_support,False,visible_candidate,line-test-0deg-000002,,,,,
test-0deg,0.0005217391304347778,4.359909117332563,8.695652173913021e-05,0.14095799206918969,130,531.0,0.5,2,3.4413296118607377,visible_pixel_support,False,visible_candidate,line-test-0deg-000003,,,,,
test-0deg,0.0006956521739130382,3.7960771490558614,8.695652173913021e-05,0.14095799206918969,131,533.0,0.5,1,1.2849725209747476,visible_pixel_support,False,visible_candidate,line-test-0deg-000004,,,,,
test-0deg,0.0008695652173912986,7.460984942854452,8.695652173913021e-05,0.14095799206918969,132,520.0,0.5,1,9.012295595627279,visible_pixel_support,False,visible_candidate,line-test-0deg-000005,,,,,
test-0deg,0.0010434782608695625,7.460984942854452,8.695652173913368e-05,0.42287397620754064,133,520.0,1.5,3,6.324295118127452,visible_pixel_support,False,visible_candidate,line-test-0deg-000006,,,,,
test-0deg,0.001217391304347823,8.024816911131154,8.695652173913021e-05,0.5638319682767303,134,518.0,2.0,5,5.642187202987202,visible_pixel_support,False,visible_candidate,line-test-0deg-000007,,,,,
test-0deg,0.0013913043478260834,8.306732895269533,8.695652173913021e-05,0.7047899603458916,135,517.0,2.5,6,3.9571330066671635,visible_pixel_support,False,visible_candidate,line-test-0deg-000008,,,,,
test-0deg,0.0015652173913043438,8.306732895269533,8.695652173913021e-05,1.2686219286225935,136,517.0,4.5,4,1.260293685628426,visible_pixel_support,False,visible_candidate,line-test-0deg-000009,,,,,
test-0deg,0.0017391304347826042,8.306732895269533,8.695652173913021e-05,1.5505379127609444,137,517.0,5.5,3,1.457169603668035,visible_pixel_support,False,visible_candidate,line-test-0deg-000010,,,,,
test-0deg,0.0019130434782608646,8.588648879407884,8.695652173913021e-05,0.14095799206918969,138,516.0,0.5,1,3.2040957047612437,visible_pixel_support,False,visible_candidate,line-test-0deg-000011,,,,,
test-0deg,0.0022608695652173855,9.716312815961288,8.695652173913021e-05,2.1143698810376463,140,512.0,7.5,4,4.821691716493831,visible_pixel_support,True,visible_candidate,line-test-0deg-000012,,,,,
test-0deg,0.002434782608695646,10.843976752514692,8.695652173913021e-05,1.8324538968992954,141,508.0,6.5,6,3.7100393142114285,visible_pixel_support,False,visible_candidate,line-test-0deg-000013,,,,,
test-0deg,0.0026086956521739063,11.971640689068124,8.695652173913021e-05,1.6914959048301341,142,504.0,6.0,8,2.6632050978817574,visible_pixel_support,False,visible_candidate,line-test-0deg-000014,,,,,
test-0deg,0.00278260869565217,13.94505257803658,8.695652173913368e-05,1.973411888968485,143,497.0,7.0,13,1.3099720889560444,visible_pixel_support,False,visible_candidate,line-test-0deg-000015,,,,,
test-0deg,0.0029565217391304306,14.508884546313311,8.695652173913021e-05,2.1143698810376748,144,495.0,7.5,16,0.20065340276300958,visible_pixel_support,False,visible_candidate,line-test-0deg-000016,,,,,
test-0deg,0.003130434782608691,15.072716514590013,8.695652173913021e-05,1.973411888968485,145,493.0,7.0,13,1.0,visible_pixel_support,False,visible_candidate,line-test-0deg-000017,,,,,
test-0deg,0.0033043478260869515,16.200380451143417,8.695652173913021e-05,1.6914959048301341,146,489.0,6.0,13,0.3269234237816363,visible_pixel_support,False,visible_candidate,line-test-0deg-000018,,,,,
test-0deg,0.003478260869565212,16.76421241942012,8.695652173913021e-05,1.2686219286225935,147,487.0,4.5,7,1.7966065534099585,visible_pixel_support,False,visible_candidate,line-test-0deg-000019,,,,,
test-0deg,0.0041739130434782536,23.5301960387406,8.695652173913021e-05,0.14095799206918969,151,463.0,0.5,2,7.273655587456517,visible_pixel_support,True,visible_candidate,line-test-0deg-000020,,,,,
test-0deg,0.004347826086956514,23.81211202287895,8.695652173913021e-05,0.28191598413837937,152,462.0,1.0,3,4.372617716979619,visible_pixel_support,False,visible_candidate,line-test-0deg-000021,,,,,
test-0deg,0.004521739130434778,23.81211202287895,8.695652173913368e-05,0.28191598413837937,153,462.0,1.0,3,0.4417976560098964,visible_pixel_support,False,visible_candidate,line-test-0deg-000022,,,,,
test-0deg,0.005739130434782601,30.01426367392274,8.695652173913021e-05,0.14095799206917548,160,440.0,0.5,2,4.531165896980269,visible_pixel_support,True,visible_candidate,line-test-0deg-000023,,,,,
test-0deg,0.005913043478260861,30.860011626337794,8.695652173913021e-05,0.28191598413836516,161,437.0,1.0,3,5.30015996908736,visible_pixel_support,False,visible_candidate,line-test-0deg-000024,,,,,
test-0deg,0.0062608695652173856,35.37066737255145,8.695652173913021e-05,0.5638319682767161,163,421.0,2.0,5,3.177434835188535,visible_pixel_support,True,visible_candidate,line-test-0deg-000025,,,,,
test-0deg,0.006434782608695646,35.0887513884131,8.695652173913021e-05,1.69149590483012,164,422.0,6.0,3,1.5670142101387796,visible_pixel_support,False,visible_candidate,line-test-0deg-000026,,,,,
test-0deg,0.006608695652173906,35.0887513884131,8.695652173913021e-05,0.28191598413835095,165,422.0,1.0,3,5.294319501583232,visible_pixel_support,False,visible_candidate,line-test-0deg-000027,,,,,
test-0deg,0.006782608695652167,35.93449934082817,8.695652173913021e-05,0.14095799206917548,166,419.0,0.5,2,6.0,visible_pixel_support,False,visible_candidate,line-test-0deg-000028,,,,,
test-0deg,0.006956521739130427,36.78024729324322,8.695652173913021e-05,0.14095799206917548,167,416.0,0.5,1,6.703642153835688,visible_pixel_support,False,visible_candidate,line-test-0deg-000029,,,,,
test-0deg,0.007130434782608688,37.62599524565829,8.695652173913021e-05,0.14095799206917548,168,413.0,0.5,2,7.425696996630563,visible_pixel_support,False,visible_candidate,line-test-0deg-000030,,,,,
test-0deg,0.007304347826086948,38.47174319807334,8.695652173913021e-05,0.14095799206917548,169,410.0,0.5,2,8.162980366880163,visible_pixel_support,False,visible_candidate,line-test-0deg-000031,,,,,
test-0deg,0.0074782608695652085,41.85473500773358,8.695652173913021e-05,0.14095799206918969,170,398.0,0.5,2,0.08769189691986412,visible_pixel_support,False,visible_candidate,line-test-0deg-000032,,,,,
test-0deg,0.007652173913043469,41.85473500773358,8.695652173913021e-05,0.28191598413836516,171,398.0,1.0,3,3.670496043726132,visible_pixel_support,False,visible_candidate,line-test-0deg-000033,,,,,
test-0deg,0.00782608695652173,44.67389484911712,8.695652173913368e-05,1.8324538968992954,172,388.0,6.5,5,2.56563997268654,visible_pixel_support,False,visible_candidate,line-test-0deg-000034,,,,,
test-0deg,0.007999999999999993,44.39197886497877,8.695652173913021e-05,0.28191598413835095,173,389.0,1.0,3,2.20071589233811,visible_pixel_support,False,visible_candidate,line-test-0deg-000035,,,,,
test-0deg,0.008521739130434774,49.184550595330776,8.695652173913021e-05,0.14095799206917548,176,372.0,0.5,1,3.5171068390095,visible_pixel_support,True,visible_candidate,line-test-0deg-000036,,,,,
test-0deg,0.009391304347826077,50.876046500160896,8.695652173913021e-05,0.14095799206917548,181,366.0,0.5,1,9.039171163742708,visible_pixel_support,True,visible_candidate,line-test-0deg-000037,,,,,
test-0deg,0.011478260869565209,62.9984338181101,8.695652173913021e-05,0.14095799206917548,193,323.0,0.5,1,7.181901468770434,visible_pixel_support,True,visible_candidate,line-test-0deg-000038,,,,,
test-0deg,0.01199999999999999,65.25376169121692,8.695652173913021e-05,0.14095799206917548,196,315.0,0.5,1,8.722115685937013,visible_pixel_support,True,visible_candidate,line-test-0deg-000039,,,,,
test-0deg,0.014608695652173903,81.88680475537979,8.695652173913021e-05,0.14095799206917548,211,256.0,0.5,1,7.462314720639483,visible_pixel_support,True,visible_candidate,line-test-0deg-000040,,,,,
test-0deg,0.021913043478260855,96.26451994643581,8.695652173913021e-05,0.14095799206917548,253,205.0,0.5,2,8.137101197530228,visible_pixel_support,True,visible_candidate,line-test-0deg-000041,,,,,
test-0deg,0.022086956521739115,96.54643593057418,8.695652173913021e-05,0.14095799206918969,254,204.0,0.5,2,8.329877269146237,visible_pixel_support,False,visible_candidate,line-test-0deg-000042,,,,,
test-0deg,0.022260869565217375,96.82835191471253,8.695652173913021e-05,0.14095799206918969,255,203.0,0.5,2,8.512376754232235,visible_pixel_support,False,visible_candidate,line-test-0deg-000043,,,,,
test-0deg,0.022608695652173896,97.95601585126593,8.695652173913021e-05,0.14095799206918969,257,199.0,0.5,1,6.851277568993282,visible_pixel_support,True,visible_candidate,line-test-0deg-000044,,,,,
test-0deg,0.022956521739130417,99.08367978781935,8.695652173913021e-05,0.14095799206917548,259,195.0,0.5,1,5.163266850170743,visible_pixel_support,True,visible_candidate,line-test-0deg-000045,,,,,
test-0deg,0.023130434782608678,99.3655957719577,8.695652173913021e-05,0.14095799206917548,260,194.0,0.5,2,5.312126918277386,visible_pixel_support,False,visible_candidate,line-test-0deg-000046,,,,,
test-0deg,0.023304347826086938,99.3655957719577,8.695652173913021e-05,0.4228739762075264,261,194.0,1.5,4,6.45780780612219,visible_pixel_support,False,visible_candidate,line-test-0deg-000047,,,,,
test-0deg,0.0234782608695652,99.3655957719577,8.695652173913021e-05,0.14095799206917548,262,194.0,0.5,2,7.601492414749856,visible_pixel_support,False,visible_candidate,line-test-0deg-000048,,,,,
test-0deg,0.02365217391304346,99.3655957719577,8.695652173913021e-05,0.14095799206917548,263,194.0,0.5,1,8.744363645205055,visible_pixel_support,False,visible_candidate,line-test-0deg-000049,,,,,
test-0deg,0.024347826086956507,102.74858758161795,8.695652173913021e-05,0.14095799206918969,267,182.0,0.5,2,1.331372806194878,visible_pixel_support,True,visible_candidate,line-test-0deg-000050,,,,,
test-0deg,0.024521739130434768,102.74858758161795,8.695652173913021e-05,0.5638319682767161,268,182.0,2.0,3,2.4879206614580482,visible_pixel_support,False,visible_candidate,line-test-0deg-000051,,,,,
test-0deg,0.02469565217391303,103.0305035657563,8.695652173913021e-05,0.5638319682767161,269,181.0,2.0,3,2.650752544816811,visible_pixel_support,False,visible_candidate,line-test-0deg-000052,,,,,
test-0deg,0.02486956521739129,102.74858758161795,8.695652173913021e-05,0.14095799206918969,270,182.0,0.5,2,4.821051357315923,visible_pixel_support,False,visible_candidate,line-test-0deg-000053,,,,,
test-0deg,0.02556521739130433,105.56774742300148,8.695652173913021e-05,0.14095799206917548,274,172.0,0.5,1,0.5032510656174338,visible_pixel_support,True,visible_candidate,line-test-0deg-000054,,,,,
test-0deg,0.02573913043478259,105.56774742300148,8.695652173913021e-05,0.5638319682767161,275,172.0,2.0,3,0.6464170100738613,visible_pixel_support,False,visible_candidate,line-test-0deg-000055,,,,,
test-0deg,0.02591304347826085,105.56774742300148,8.695652173913021e-05,0.5638319682767161,276,172.0,2.0,5,1.7932515538553844,visible_pixel_support,False,visible_candidate,line-test-0deg-000056,,,,,
test-0deg,0.02608695652173911,105.84966340713984,8.695652173913021e-05,0.14095799206918969,277,171.0,0.5,1,1.9403269173123476,visible_pixel_support,False,visible_candidate,line-test-0deg-000057,,,,,
test-0deg,0.027130434782608674,108.95073923266172,8.695652173913021e-05,0.14095799206917548,283,160.0,0.5,1,2.0,visible_pixel_support,True,visible_candidate,line-test-0deg-000058,,,,,
test-0deg,0.027304347826086935,109.23265521680008,8.695652173913021e-05,0.14095799206918969,284,159.0,0.5,1,1.7495412413283589,visible_pixel_support,False,visible_candidate,line-test-0deg-000059,,,,,
test-0deg,0.027478260869565195,109.51457120093843,8.695652173913021e-05,0.28191598413835095,285,158.0,1.0,3,1.4507777717892623,visible_pixel_support,False,visible_candidate,line-test-0deg-000060,,,,,
test-0deg,0.027652173913043462,109.51457120093843,8.695652173913715e-05,0.5638319682767161,286,158.0,2.0,5,0.11227906134652699,visible_pixel_support,False,visible_candidate,line-test-0deg-000061,,,,,
test-0deg,0.027826086956521723,109.51457120093843,8.695652173913021e-05,0.28191598413835095,287,158.0,1.0,3,1.257385420036087,visible_pixel_support,False,visible_candidate,line-test-0deg-000062,,,,,
test-0deg,0.027999999999999983,109.79648718507678,8.695652173913021e-05,0.14095799206918969,288,157.0,0.5,2,1.649646202394763,visible_pixel_support,False,visible_candidate,line-test-0deg-000063,,,,,
test-0deg,0.028695652173913025,112.0518150581836,8.695652173913021e-05,0.14095799206917548,292,149.0,0.5,1,0.7267370576865915,visible_pixel_support,True,visible_candidate,line-test-0deg-000064,,,,,
test-0deg,0.028869565217391285,112.33373104232197,8.695652173913021e-05,0.14095799206918969,293,148.0,0.5,2,0.350036819905057,visible_pixel_support,False,visible_candidate,line-test-0deg-000065,,,,,
test-0deg,0.029043478260869546,112.33373104232197,8.695652173913021e-05,0.42287397620754064,294,148.0,1.5,4,0.9978428990696955,visible_pixel_support,False,visible_candidate,line-test-0deg-000066,,,,,
test-0deg,0.029217391304347806,112.33373104232197,8.695652173913021e-05,0.14095799206918969,295,148.0,0.5,2,2.3083326292736785,visible_pixel_support,False,visible_candidate,line-test-0deg-000067,,,,,
test-0deg,0.03043478260869563,115.1528908837055,8.695652173913021e-05,0.14095799206917548,302,138.0,0.5,1,0.12496768069493669,visible_pixel_support,True,visible_candidate,line-test-0deg-000068,,,,,
test-0deg,0.03060869565217389,115.1528908837055,8.695652173913021e-05,0.4228739762075264,303,138.0,1.5,4,0.7905872245932244,visible_pixel_support,False,visible_candidate,line-test-0deg-000069,,,,,
test-0deg,0.03078260869565215,114.87097489956714,8.695652173913021e-05,0.14095799206917548,304,139.0,0.5,1,2.6913220692585185,visible_pixel_support,False,visible_candidate,line-test-0deg-000070,,,,,
test-0deg,0.031130434782608678,115.43480686784386,8.695652173913021e-05,0.14095799206918969,306,137.0,0.5,1,2.447793903580731,visible_pixel_support,True,visible_candidate,line-test-0deg-000071,,,,,
test-0deg,0.03130434782608694,115.43480686784386,8.695652173913021e-05,0.14095799206918969,307,137.0,0.5,1,3.303262056667762,visible_pixel_support,False,visible_candidate,line-test-0deg-000072,,,,,
test-0deg,0.03199999999999998,117.40821875681232,8.695652173913021e-05,0.14095799206918969,311,130.0,0.5,1,0.4297868514598804,visible_pixel_support,True,visible_candidate,line-test-0deg-000073,,,,,
test-0deg,0.03217391304347824,117.69013474095068,8.695652173913021e-05,0.4228739762075264,312,129.0,1.5,2,0.6524515500354937,visible_pixel_support,False,visible_candidate,line-test-0deg-000074,,,,,
test-0deg,0.0323478260869565,117.40821875681232,8.695652173913021e-05,0.42287397620754064,313,130.0,1.5,3,1.10885392620159,visible_pixel_support,False,visible_candidate,line-test-0deg-000075,,,,,
test-0deg,0.033565217391304324,119.3816306457808,8.695652173913021e-05,0.14095799206917548,320,123.0,0.5,1,1.0221339813201809,visible_pixel_support,True,visible_candidate,line-test-0deg-000076,,,,,
test-0deg,0.033739130434782584,119.3816306457808,8.695652173913021e-05,0.14095799206917548,321,123.0,0.5,2,0.39390616483994734,visible_pixel_support,False,visible_candidate,line-test-0deg-000077,,,,,
test-0deg,0.033913043478260844,119.3816306457808,8.695652173913021e-05,0.42287397620754064,322,123.0,1.5,4,0.2170820618884335,visible_pixel_support,False,visible_candidate,line-test-0deg-000078,,,,,
test-0deg,0.034086956521739105,119.9454626140575,8.695652173913021e-05,0.14095799206918969,323,121.0,0.5,1,1.189303719419982,visible_pixel_support,False,visible_candidate,line-test-0deg-000079,,,,,
test-0deg,0.034260869565217365,119.3816306457808,8.695652173913021e-05,0.14095799206917548,324,123.0,0.5,1,1.3868020729498625,visible_pixel_support,False,visible_candidate,line-test-0deg-000080,,,,,
test-0deg,0.035130434782608674,120.22737859819586,8.695652173913021e-05,0.14095799206918969,329,120.0,0.5,1,1.0,visible_pixel_support,True,visible_candidate,line-test-0deg-000081,,,,,
test-0deg,0.035478260869565195,120.5092945823342,8.695652173913021e-05,0.14095799206918969,331,119.0,0.5,1,0.9374812094607279,visible_pixel_support,True,visible_candidate,line-test-0deg-000082,,,,,
test-0deg,0.035652173913043456,120.79121056647257,8.695652173913021e-05,0.4228739762075264,332,118.0,1.5,2,0.3932282652941126,visible_pixel_support,False,visible_candidate,line-test-0deg-000083,,,,,
test-0deg,0.035826086956521716,121.07312655061092,8.695652173913021e-05,0.28191598413835095,333,117.0,1.0,2,0.15967457699436238,visible_pixel_support,False,visible_candidate,line-test-0deg-000084,,,,,
test-0deg,0.03652173913043476,122.20079048716434,8.695652173913021e-05,0.14095799206918969,337,113.0,0.5,1,2.457597910224578,visible_pixel_support,True,visible_candidate,line-test-0deg-000085,,,,,
test-0deg,0.03669565217391302,121.63695851888764,8.695652173913021e-05,0.28191598413836516,338,115.0,1.0,2,0.05360998026571906,visible_pixel_support,False,visible_candidate,line-test-0deg-000086,,,,,
test-0deg,0.03686956521739128,121.91887450302599,8.695652173913021e-05,0.14095799206918969,339,114.0,0.5,2,0.6582158432860581,visible_pixel_support,False,visible_candidate,line-test-0deg-000087,,,,,
test-0deg,0.03704347826086954,121.91887450302599,8.695652173913021e-05,0.28191598413835095,340,114.0,1.0,2,0.2714061484285253,visible_pixel_support,False,visible_candidate,line-test-0deg-000088,,,,,
test-0deg,0.0372173913043478,121.91887450302599,8.695652173913021e-05,0.14095799206918969,341,114.0,0.5,1,0.10682845516399198,visible_pixel_support,False,visible_candidate,line-test-0deg-000089,,,,,
test-0deg,0.03739130434782606,121.91887450302599,8.695652173913021e-05,0.42287397620754064,342,114.0,1.5,2,0.4764973183486063,visible_pixel_support,False,visible_candidate,line-test-0deg-000090,,,,,
test-0deg,0.03826086956521737,123.32845442371774,8.695652173913021e-05,0.14095799206918969,347,109.0,0.5,1,2.803317191848265,visible_pixel_support,True,visible_candidate,line-test-0deg-000091,,,,,
test-0deg,0.03843478260869563,123.32845442371774,8.695652173913021e-05,0.14095799206918969,348,109.0,0.5,1,2.484846403111902,visible_pixel_support,False,visible_candidate,line-test-0deg-000092,,,,,
test-0deg,0.03860869565217389,123.32845442371774,8.695652173913021e-05,0.42287397620754064,349,109.0,1.5,3,2.1748758987837107,visible_pixel_support,False,visible_candidate,line-test-0deg-000093,,,,,
test-0deg,0.03878260869565215,123.0465384395794,8.695652173913021e-05,0.42287397620754064,350,110.0,1.5,4,0.8733963280065922,visible_pixel_support,False,visible_candidate,line-test-0deg-000094,,,,,
test-0deg,0.03895652173913041,123.32845442371774,8.695652173913021e-05,0.28191598413835095,351,109.0,1.0,3,1.5803983399234482,visible_pixel_support,False,visible_candidate,line-test-0deg-000095,,,,,
test-0deg,0.03913043478260867,123.0465384395794,8.695652173913021e-05,0.14095799206917548,352,110.0,0.5,1,0.2958725836771663,visible_pixel_support,False,visible_candidate,line-test-0deg-000096,,,,,
test-0deg,0.03982608695652171,123.6103704078561,8.695652173913021e-05,0.14095799206918969,356,108.0,0.5,2,1.2423048599185478,visible_pixel_support,True,visible_candidate,line-test-0deg-000097,,,,,
test-0deg,0.03999999999999997,123.6103704078561,8.695652173913021e-05,0.14095799206918969,357,108.0,0.5,2,1.0,visible_pixel_support,False,visible_candidate,line-test-0deg-000098,,,,,
test-0deg,0.040173913043478233,123.89228639199446,8.695652173913021e-05,0.28191598413836516,358,107.0,1.0,3,1.7599307580174894,visible_pixel_support,False,visible_candidate,line-test-0deg-000099,,,,,
test-0deg,0.040347826086956494,123.6103704078561,8.695652173913715e-05,0.28191598413836516,359,108.0,1.0,2,0.5165208940719026,visible_pixel_support,False,visible_candidate,line-test-0deg-000100,,,,,
test-0deg,0.04191304347826084,124.17420237613281,8.695652173913715e-05,0.28191598413835095,368,106.0,1.0,3,0.32583211856169214,visible_pixel_support,True,visible_candidate,line-test-0deg-000101,,,,,
test-0deg,0.0420869565217391,124.17420237613281,8.695652173913715e-05,0.28191598413835095,369,106.0,1.0,2,0.09912536443147246,visible_pixel_support,False,visible_candidate,line-test-0deg-000102,,,,,
test-0deg,0.04226086956521736,124.17420237613281,8.695652173913715e-05,0.14095799206917548,370,106.0,0.5,1,0.12090014577259467,visible_pixel_support,False,visible_candidate,line-test-0deg-000103,,,,,
test-0deg,0.043130434782608675,124.45611836027116,8.695652173913715e-05,0.14095799206917548,375,105.0,0.5,2,0.08892128279882172,visible_pixel_support,True,visible_candidate,line-test-0deg-000104,,,,,
test-0deg,0.043304347826086935,124.73803434440951,8.695652173913715e-05,0.28191598413836516,376,104.0,1.0,3,0.7502733236151613,visible_pixel_support,False,visible_candidate,line-test-0deg-000105,,,,,
test-0deg,0.043478260869565195,124.73803434440951,8.695652173913715e-05,0.28191598413836516,377,104.0,1.0,3,0.6025267249757178,visible_pixel_support,False,visible_candidate,line-test-0deg-000106,,,,,
test-0deg,0.04469565217391302,125.01995032854788,8.695652173913715e-05,0.14095799206918969,384,103.0,0.5,1,1.010477405247812,visible_pixel_support,True,visible_candidate,line-test-0deg-000107,,,,,
test-0deg,0.04486956521739128,125.01995032854788,8.695652173913715e-05,0.14095799206918969,385,103.0,0.5,1,1.0,visible_pixel_support,False,visible_candidate,line-test-0deg-000108,,,,,
test-0deg,0.04504347826086954,124.73803434440951,8.695652173913715e-05,0.28191598413836516,386,104.0,1.0,3,0.014625000000009436,visible_pixel_support,False,visible_candidate,line-test-0deg-000109,,,,,
test-0deg,0.0452173913043478,124.73803434440951,8.695652173913715e-05,0.28191598413836516,387,104.0,1.0,3,0.05699999999998795,visible_pixel_support,False,visible_candidate,line-test-0deg-000110,,,,,
test-0deg,0.04539130434782606,125.01995032854788,8.695652173913715e-05,0.14095799206918969,388,103.0,0.5,1,1.124875000000003,visible_pixel_support,False,visible_candidate,line-test-0deg-000111,,,,,
test-0deg,0.04556521739130432,125.01995032854788,8.695652173913715e-05,0.14095799206918969,389,103.0,0.5,1,1.215999999999994,visible_pixel_support,False,visible_candidate,line-test-0deg-000112,,,,,
test-0deg,0.04573913043478258,125.01995032854788,8.695652173913715e-05,0.14095799206918969,390,103.0,0.5,1,1.328125,visible_pixel_support,False,visible_candidate,line-test-0deg-000113,,,,,
test-0deg,0.04626086956521736,125.01995032854788,8.695652173913715e-05,0.14095799206918969,393,103.0,0.5,1,1.768000000000015,visible_pixel_support,True,visible_candidate,line-test-0deg-000114,,,,,
test-0deg,0.04643478260869562,124.73803434440951,8.695652173913715e-05,0.28191598413836516,394,104.0,1.0,3,0.9416250000000019,visible_pixel_support,False,visible_candidate,line-test-0deg-000115,,,,,
test-0deg,0.04660869565217388,124.45611836027116,8.695652173913715e-05,0.4228739762075264,395,105.0,1.5,4,0.125,visible_pixel_support,False,visible_candidate,line-test-0deg-000116,,,,,
test-0deg,0.04678260869565214,124.45611836027116,8.695652173913715e-05,1.127663936553418,396,105.0,4.0,7,0.31587500000000546,visible_pixel_support,False,visible_candidate,line-test-0deg-000117,,,,,
test-0deg,0.046956521739130404,124.17420237613281,8.695652173913715e-05,1.127663936553418,397,106.0,4.0,7,0.48799999999999955,visible_pixel_support,False,visible_candidate,line-test-0deg-000118,,,,,
test-0deg,0.047130434782608664,124.45611836027116,8.695652173913715e-05,1.2686219286225935,398,105.0,4.5,7,0.7111250000000098,visible_pixel_support,False,visible_candidate,line-test-0deg-000119,,,,,
test-0deg,0.047304347826086925,124.45611836027116,8.695652173913715e-05,1.2686219286225935,399,105.0,4.5,6,0.9110000000000014,visible_pixel_support,False,visible_candidate,line-test-0deg-000120,,,,,
test-0deg,0.047478260869565185,124.17420237613281,8.695652173913715e-05,1.2686219286225935,400,106.0,4.5,10,0.109375,visible_pixel_support,False,visible_candidate,line-test-0deg-000121,,,,,
test-0deg,0.047652173913043445,124.17420237613281,8.695652173913715e-05,1.409579920691769,401,106.0,5.0,11,0.30400000000000205,visible_pixel_support,False,visible_candidate,line-test-0deg-000122,,,,,
test-0deg,0.047826086956521706,124.17420237613281,8.695652173913715e-05,1.5505379127609444,402,106.0,5.5,12,0.49262499999998965,visible_pixel_support,False,visible_candidate,line-test-0deg-000123,,,,,
test-0deg,0.047999999999999966,124.17420237613281,8.695652173913715e-05,1.5505379127609444,403,106.0,5.5,12,0.6730000000000018,visible_pixel_support,False,visible_candidate,line-test-0deg-000124,,,,,
test-0deg,0.04817391304347823,123.89228639199446,8.695652173913715e-05,1.69149590483012,404,107.0,6.0,11,0.15712499999999352,visible_pixel_support,False,visible_candidate,line-test-0deg-000125,,,,,
test-0deg,0.04834782608695649,123.89228639199446,8.695652173913715e-05,1.9734118889684709,405,107.0,7.0,12,0.0,visible_pixel_support,False,visible_candidate,line-test-0deg-000126,,,,,
mfh-0deg,0.0015652173913043438,9.434396831822937,8.695652173913021e-05,0.42287397620754064,136,513.0,1.5,4,6.224634896426778,visible_pixel_support,True,visible_candidate,line-mfh-0deg-000001,,,,,
mfh-0deg,0.0017391304347826042,10.562060768376341,8.695652173913021e-05,0.5638319682767019,137,509.0,2.0,5,6.244927589502311,visible_pixel_support,False,visible_candidate,line-mfh-0deg-000002,,,,,
mfh-0deg,0.0019130434782608646,11.971640689068124,8.695652173913021e-05,0.7047899603458916,138,504.0,2.5,6,5.288816295405866,visible_pixel_support,False,visible_candidate,line-mfh-0deg-000003,,,,,
mfh-0deg,0.002086956521739125,12.817388641483177,8.695652173913021e-05,0.42287397620754064,139,501.0,1.5,4,6.365149518948044,visible_pixel_support,False,visible_candidate,line-mfh-0deg-000004,,,,,
mfh-0deg,0.0022608695652173855,13.099304625621528,8.695652173913021e-05,0.14095799206918969,140,500.0,0.5,1,9.482775764939277,visible_pixel_support,False,visible_candidate,line-mfh-0deg-000005,,,,,
mfh-0deg,0.028869565217391285,121.63695851888764,8.695652173913021e-05,0.14095799206918969,293,115.0,0.5,1,7.6016826712632195,visible_pixel_support,True,visible_candidate,line-mfh-0deg-000006,,,,,
mfh-0deg,0.029043478260869546,122.20079048716434,8.695652173913021e-05,0.28191598413835095,294,113.0,1.0,3,6.229798904775336,visible_pixel_support,False,visible_candidate,line-mfh-0deg-000007,,,,,
mfh-0deg,0.029217391304347806,122.20079048716434,8.695652173913021e-05,0.14095799206918969,295,113.0,0.5,2,6.856759237340654,visible_pixel_support,False,visible_candidate,line-mfh-0deg-000008,,,,,
mfh-0deg,0.029391304347826067,122.48270647130269,8.695652173913021e-05,0.14095799206917548,296,112.0,0.5,2,6.483300172217298,visible_pixel_support,False,visible_candidate,line-mfh-0deg-000009,,,,,
mfh-0deg,0.029565217391304327,122.76462245544104,8.695652173913021e-05,0.28191598413835095,297,111.0,1.0,3,6.1101582126634355,visible_pixel_support,False,visible_candidate,line-mfh-0deg-000010,,,,,
mfh-0deg,0.029739130434782587,122.76462245544104,8.695652173913021e-05,0.14095799206917548,298,111.0,0.5,2,6.738069861937191,visible_pixel_support,False,visible_candidate,line-mfh-0deg-000011,,,,,
mfh-0deg,0.029913043478260848,123.0465384395794,8.695652173913021e-05,0.14095799206917548,299,110.0,0.5,2,6.367771623296662,visible_pixel_support,False,visible_candidate,line-mfh-0deg-000012,,,,,
mfh-0deg,0.03008695652173911,123.32845442371774,8.695652173913021e-05,0.28191598413835095,300,109.0,1.0,3,6.0,visible_pixel_support,False,visible_candidate,line-mfh-0deg-000013,,,,,
mfh-0deg,0.03026086956521737,123.6103704078561,8.695652173913021e-05,0.28191598413836516,301,108.0,1.0,3,5.632073054295134,visible_pixel_support,False,visible_candidate,line-mfh-0deg-000014,,,,,
mfh-0deg,0.03043478260869563,123.6103704078561,8.695652173913021e-05,0.28191598413836516,302,108.0,1.0,3,6.260821439927369,visible_pixel_support,False,visible_candidate,line-mfh-0deg-000015,,,,,
mfh-0deg,0.03060869565217389,123.89228639199446,8.695652173913021e-05,0.28191598413836516,303,107.0,1.0,3,5.886250547400991,visible_pixel_support,False,visible_candidate,line-mfh-0deg-000016,,,,,
mfh-0deg,0.033739130434782584,126.99336221751635,8.695652173913021e-05,0.14095799206917548,321,96.0,0.5,1,5.582523091660022,visible_pixel_support,True,visible_candidate,line-mfh-0deg-000017,,,,,
mfh-0deg,0.033913043478260844,127.2752782016547,8.695652173913021e-05,0.14095799206917548,322,95.0,0.5,2,5.145910109929531,visible_pixel_support,False,visible_candidate,line-mfh-0deg-000018,,,,,
mfh-0deg,0.034086956521739105,127.55719418579305,8.695652173913021e-05,0.28191598413835095,323,94.0,1.0,3,4.70608566012568,visible_pixel_support,False,visible_candidate,line-mfh-0deg-000019,,,,,
mfh-0deg,0.034260869565217365,127.55719418579305,8.695652173913021e-05,0.14095799206917548,324,94.0,0.5,2,5.263055132752683,visible_pixel_support,False,visible_candidate,line-mfh-0deg-000020,,,,,
mfh-0deg,0.03443478260869563,127.8391101699314,8.695652173913715e-05,0.28191598413836516,325,93.0,1.0,3,4.8168239183148245,visible_pixel_support,False,visible_candidate,line-mfh-0deg-000021,,,,,
mfh-0deg,0.03460869565217389,127.8391101699314,8.695652173913021e-05,0.28191598413836516,326,93.0,1.0,3,5.367397407316375,visible_pixel_support,False,visible_candidate,line-mfh-0deg-000022,,,,,
mfh-0deg,0.034782608695652154,128.12102615406977,8.695652173913021e-05,0.28191598413836516,327,92.0,1.0,3,4.914780990261576,visible_pixel_support,False,visible_candidate,line-mfh-0deg-000023,,,,,
mfh-0deg,0.034956521739130414,128.12102615406977,8.695652173913021e-05,0.28191598413836516,328,92.0,1.0,3,5.458980057654699,visible_pixel_support,False,visible_candidate,line-mfh-0deg-000024,,,,,
mfh-0deg,0.035130434782608674,128.40294213820812,8.695652173913021e-05,0.28191598413835095,329,91.0,1.0,3,5.0,visible_pixel_support,False,visible_candidate,line-mfh-0deg-000025,,,,,
mfh-0deg,0.035304347826086935,128.40294213820812,8.695652173913021e-05,0.28191598413835095,330,91.0,1.0,3,5.538732215283588,visible_pixel_support,False,visible_candidate,line-mfh-0deg-000026,,,,,
mfh-0deg,0.035478260869565195,128.68485812234647,8.695652173913021e-05,0.14095799206918969,331,90.0,0.5,2,5.075959569947855,visible_pixel_support,False,visible_candidate,line-mfh-0deg-000027,,,,,
mfh-0deg,0.035652173913043456,128.68485812234647,8.695652173913021e-05,0.14095799206918969,332,90.0,0.5,1,5.6115246571814765,visible_pixel_support,False,visible_candidate,line-mfh-0deg-000028,,,,,
mfh-0deg,0.03895652173913041,131.50401796373,8.695652173913021e-05,0.14095799206918969,351,80.0,0.5,2,5.2620794437648755,visible_pixel_support,True,visible_candidate,line-mfh-0deg-000029,,,,,
mfh-0deg,0.03913043478260867,131.78593394786836,8.695652173913021e-05,0.14095799206918969,352,79.0,0.5,2,4.731343752011853,visible_pixel_support,False,visible_candidate,line-mfh-0deg-000030,,,,,
mfh-0deg,0.03930434782608693,131.78593394786836,8.695652173913021e-05,0.28191598413835095,353,79.0,1.0,3,5.19564024979077,visible_pixel_support,False,visible_candidate,line-mfh-0deg-000031,,,,,
mfh-0deg,0.03947826086956519,132.0678499320067,8.695652173913021e-05,0.14095799206916126,354,78.0,0.5,2,4.6548115302903454,visible_pixel_support,False,visible_candidate,line-mfh-0deg-000032,,,,,
mfh-0deg,0.03965217391304345,132.0678499320067,8.695652173913021e-05,0.14095799206916126,355,78.0,0.5,2,5.108700186699295,visible_pixel_support,False,visible_candidate,line-mfh-0deg-000033,,,,,
mfh-0deg,0.03982608695652171,132.0678499320067,8.695652173913021e-05,0.28191598413835095,356,78.0,1.0,3,5.557148812206279,visible_pixel_support,False,visible_candidate,line-mfh-0deg-000034,,,,,
mfh-0deg,0.03999999999999997,132.34976591614506,8.695652173913021e-05,0.14095799206918969,357,77.0,0.5,2,5.0,visible_pixel_support,False,visible_candidate,line-mfh-0deg-000035,,,,,
mfh-0deg,0.040173913043478233,132.34976591614506,8.695652173913021e-05,0.28191598413835095,358,77.0,1.0,3,5.439079749480442,visible_pixel_support,False,visible_candidate,line-mfh-0deg-000036,,,,,
mfh-0deg,0.040347826086956494,132.6316819002834,8.695652173913715e-05,0.28191598413835095,359,76.0,1.0,3,4.876205898225493,visible_pixel_support,False,visible_candidate,line-mfh-0deg-000037,,,,,
mfh-0deg,0.040521739130434754,132.6316819002834,8.695652173913715e-05,0.28191598413835095,360,76.0,1.0,3,5.311208796690778,visible_pixel_support,False,visible_candidate,line-mfh-0deg-000038,,,,,
mfh-0deg,0.040695652173913015,132.91359788442176,8.695652173913715e-05,0.28191598413835095,361,75.0,1.0,3,4.743918795331837,visible_pixel_support,False,visible_candidate,line-mfh-0deg-000039,,,,,
mfh-0deg,0.040869565217391275,132.91359788442176,8.695652173913715e-05,0.14095799206918969,362,75.0,0.5,1,5.174166244604294,visible_pixel_support,False,visible_candidate,line-mfh-0deg-000040,,,,,
mfh-0deg,0.04417391304347824,135.45084174166695,8.695652173913715e-05,0.14095799206918969,381,66.0,0.5,2,3.655349506684921,visible_pixel_support,True,visible_candidate,line-mfh-0deg-000041,,,,,
mfh-0deg,0.0443478260869565,135.45084174166695,8.695652173913715e-05,0.28191598413835095,382,66.0,1.0,3,4.000719564259825,visible_pixel_support,False,visible_candidate,line-mfh-0deg-000042,,,,,
mfh-0deg,0.04452173913043476,135.7327577258053,8.695652173913715e-05,0.14095799206918969,383,65.0,0.5,2,3.3400644320335715,visible_pixel_support,False,visible_candidate,line-mfh-0deg-000043,,,,,
mfh-0deg,0.04469565217391302,135.7327577258053,8.695652173913715e-05,0.14095799206918969,384,65.0,0.5,1,3.6732144604617787,visible_pixel_support,False,visible_candidate,line-mfh-0deg-000044,,,,,
mfh-0deg,0.04486956521739128,136.01467370994365,8.695652173913715e-05,0.14095799206918969,385,64.0,0.5,2,3.0,visible_pixel_support,False,visible_candidate,line-mfh-0deg-000045,,,,,
mfh-0deg,0.04504347826086954,136.01467370994365,8.695652173913715e-05,0.14095799206918969,386,64.0,0.5,2,3.320513443396017,visible_pixel_support,False,visible_candidate,line-mfh-0deg-000046,,,,,
mfh-0deg,0.0452173913043478,136.01467370994365,8.695652173913715e-05,0.14095799206918969,387,64.0,0.5,2,3.6351469478230314,visible_pixel_support,False,visible_candidate,line-mfh-0deg-000047,,,,,
mfh-0deg,0.04539130434782606,136.296589694082,8.695652173913715e-05,0.14095799206918969,388,63.0,0.5,2,2.9441805103748067,visible_pixel_support,False,visible_candidate,line-mfh-0deg-000048,,,,,
mfh-0deg,0.04556521739130432,136.296589694082,8.695652173913715e-05,0.14095799206918969,389,63.0,0.5,2,3.2478941281450915,visible_pixel_support,False,visible_candidate,line-mfh-0deg-000049,,,,,
mfh-0deg,0.04573913043478258,136.57850567822035,8.695652173913715e-05,0.14095799206918969,390,62.0,0.5,2,2.546567798227663,visible_pixel_support,False,visible_candidate,line-mfh-0deg-000050,,,,,
mfh-0deg,0.04591304347826084,136.57850567822035,8.695652173913715e-05,0.14095799206918969,391,62.0,0.5,2,2.8404815177162774,visible_pixel_support,False,visible_candidate,line-mfh-0deg-000051,,,,,
mfh-0deg,0.0460869565217391,136.57850567822035,8.695652173913715e-05,0.14095799206918969,392,62.0,0.5,2,3.1299152837047046,visible_pixel_support,False,visible_candidate,line-mfh-0deg-000052,,,,,
mfh-0deg,0.04626086956521736,136.57850567822035,8.695652173913715e-05,0.14095799206918969,393,62.0,0.5,1,3.415149093286672,visible_pixel_support,False,visible_candidate,line-mfh-0deg-000053,,,,,
mfh-0deg,0.04956521739130431,138.55191756718884,8.695652173913715e-05,0.14095799206918969,412,55.0,0.5,1,1.4089958928258426,visible_pixel_support,True,visible_candidate,line-mfh-0deg-000054,,,,,
mfh-0deg,0.04973913043478257,138.8338335513272,8.695652173913715e-05,0.14095799206918969,413,54.0,0.5,2,0.6690299639692299,visible_pixel_support,False,visible_candidate,line-mfh-0deg-000055,,,,,
mfh-0deg,0.049913043478260845,138.8338335513272,8.695652173913715e-05,0.14095799206918969,414,54.0,0.5,2,0.9307440176751882,visible_pixel_support,False,visible_candidate,line-mfh-0deg-000056,,,,,
mfh-0deg,0.050086956521739105,138.8338335513272,8.695652173913715e-05,0.14095799206918969,415,54.0,0.5,2,1.1944180510374807,visible_pixel_support,False,visible_candidate,line-mfh-0deg-000057,,,,,
test-45deg,0.002434782608695646,8.447690887338695,8.695652173913021e-05,0.14095799206918969,141,516.5,0.5,2,5.506456068176817,visible_pixel_support,True,visible_candidate,line-test-45deg-000001,141,141,5.506456068176817,,solid
test-45deg,0.0026086956521739063,8.588648879407884,8.695652173913021e-05,0.28191598413835095,142,516.0,1.0,3,7.706276962886818,visible_pixel_support,False,visible_candidate,line-test-45deg-000002,142,142,7.881276962886818,,solid
test-45deg,0.00278260869565217,8.729606871477046,8.695652173913368e-05,0.14095799206918969,143,515.5,0.5,2,9.936076307131259,visible_pixel_support,False,visible_candidate,line-test-45deg-000003,143,143,10.11107630713126,,solid
test-45deg,0.013913043478260861,39.88132311876511,8.695652173913715e-05,1.127663936553418,207,405.0,4.0,9,9.650587690298892,visible_pixel_support,True,visible_candidate,line-test-45deg-000004,207,207,9.650587690298892,,solid
test-45deg,0.014086956521739122,40.445155087041826,8.695652173913021e-05,0.8457479524150671,208,403.0,3.0,7,7.988518192255128,visible_pixel_support,False,visible_candidate,line-test-45deg-000005,208,208,8.688518192255128,,solid
test-45deg,0.014260869565217382,40.72707107118018,8.695652173913021e-05,0.8457479524150671,209,402.0,3.0,7,7.337714619793871,visible_pixel_support,False,visible_candidate,line-test-45deg-000006,209,209,7.687714619793871,,solid
test-45deg,0.014434782608695643,41.00898705531853,8.695652173913021e-05,0.8457479524150671,210,401.0,3.0,7,6.7006801329049495,visible_pixel_support,False,visible_candidate,line-test-45deg-000007,210,210,7.050680132904949,,solid
test-45deg,0.014608695652173903,41.1499450473877,8.695652173913021e-05,0.9867059444842425,211,400.5,3.5,8,6.5799178915783045,visible_pixel_support,False,visible_candidate,line-test-45deg-000008,211,211,6.754917891578304,,solid
test-45deg,0.014782608695652164,41.57281902359523,8.695652173913021e-05,0.5638319682767161,212,399.0,2.0,5,5.477931055803936,visible_pixel_support,False,visible_candidate,line-test-45deg-000009,212,212,6.002931055803936,,solid
test-45deg,0.014956521739130424,41.85473500773358,8.695652173913021e-05,0.5638319682767161,213,398.0,2.0,5,4.897222785571671,visible_pixel_support,False,visible_candidate,line-test-45deg-000010,213,213,5.247222785571671,,solid
test-45deg,0.015130434782608684,42.27760898394112,8.695652173913021e-05,0.42287397620754064,214,396.5,1.5,4,3.84029624087151,visible_pixel_support,False,visible_candidate,line-test-45deg-000011,214,214,4.36529624087151,,solid
test-45deg,0.015304347826086945,42.55952496807947,8.695652173913021e-05,0.4228739762075264,215,395.5,1.5,4,3.309654581693451,visible_pixel_support,False,visible_candidate,line-test-45deg-000012,215,215,3.659654581693451,,solid
test-45deg,0.015478260869565205,43.123356936356174,8.695652173913021e-05,0.42287397620754064,216,393.5,1.5,4,1.8078009680273226,visible_pixel_support,False,visible_candidate,line-test-45deg-000013,216,216,2.5078009680273228,,solid
test-45deg,0.015652173913043466,43.405272920494525,8.695652173913021e-05,0.42287397620754064,217,392.5,1.5,4,1.337238559863124,visible_pixel_support,False,visible_candidate,line-test-45deg-000014,217,217,1.687238559863124,,solid
test-45deg,0.015826086956521726,43.68718890463289,8.695652173913021e-05,0.42287397620754064,218,391.5,1.5,4,0.9004705171906267,visible_pixel_support,False,visible_candidate,line-test-45deg-000015,218,218,1.2504705171906267,,solid
test-45deg,0.015999999999999986,44.11006288084042,8.695652173913021e-05,0.28191598413835095,219,390.0,1.0,3,0.0,visible_pixel_support,False,visible_candidate,line-test-45deg-000016,219,219,0.5249999999999999,,solid
test-45deg,0.016173913043478247,44.39197886497877,8.695652173913021e-05,0.28191598413835095,220,389.0,1.0,3,0.3558190984023213,visible_pixel_support,False,visible_candidate,line-test-45deg-000017,220,220,0.7058190984023213,,solid
test-45deg,0.016347826086956507,44.814852841186294,8.695652173913021e-05,0.42287397620754064,221,387.5,1.5,4,1.1622966073556427,visible_pixel_support,False,visible_candidate,line-test-45deg-000018,221,221,1.6872966073556426,,solid
test-45deg,0.016521739130434768,45.237726817393835,8.695652173913021e-05,0.5638319682767161,222,386.0,2.0,5,1.922424950839627,visible_pixel_support,False,visible_candidate,line-test-45deg-000019,222,222,2.447424950839627,,solid
test-45deg,0.016695652173913028,45.66060079360136,8.695652173913021e-05,0.7047899603458916,223,384.5,2.5,6,2.639196552833141,visible_pixel_support,False,visible_candidate,line-test-45deg-000020,223,223,3.164196552833141,,solid
test-45deg,0.01686956521739129,46.08347476980889,8.695652173913021e-05,0.8457479524150671,224,383.0,3.0,7,3.3156038373156775,visible_pixel_support,False,visible_candidate,line-test-45deg-000021,224,224,3.8406038373156774,,solid
test-45deg,0.01704347826086955,46.08347476980889,8.695652173913021e-05,0.5638319682767161,225,383.0,2.0,5,2.454639228266444,visible_pixel_support,False,visible_candidate,line-test-45deg-000022,225,225,2.454639228266444,,solid
test-45deg,0.01721739130434781,46.506348746016414,8.695652173913715e-05,0.42287397620754064,226,381.5,1.5,4,3.059295149664763,visible_pixel_support,False,visible_candidate,line-test-45deg-000023,226,226,3.584295149664763,,solid
test-45deg,0.017391304347826077,46.78826473015478,8.695652173913021e-05,0.42287397620754064,227,380.5,1.5,4,3.1325640254899554,visible_pixel_support,False,visible_candidate,line-test-45deg-000024,227,227,3.4825640254899555,,solid
test-45deg,0.017565217391304337,47.211138706362306,8.695652173913021e-05,0.5638319682767019,228,379.0,2.0,5,3.6774382797212866,visible_pixel_support,False,visible_candidate,line-test-45deg-000025,228,228,4.202438279721287,,solid
test-45deg,0.017739130434782598,47.49305469050066,8.695652173913021e-05,0.5638319682767019,229,378.0,2.0,5,3.6969103363379645,visible_pixel_support,False,visible_candidate,line-test-45deg-000026,229,229,4.046910336337964,,solid
test-45deg,0.017913043478260858,47.49305469050066,8.695652173913021e-05,0.5638319682767019,230,378.0,2.0,5,2.693972619319368,visible_pixel_support,False,visible_candidate,line-test-45deg-000027,230,230,2.693972619319368,,solid
test-45deg,0.01808695652173912,47.91592866670818,8.695652173913021e-05,0.14095799206917548,231,376.5,0.5,2,3.1716175526447046,visible_pixel_support,False,visible_candidate,line-test-45deg-000028,231,231,3.6966175526447045,,solid
test-45deg,0.01826086956521738,48.338802642915724,8.695652173913021e-05,0.28191598413836516,232,375.0,1.0,3,3.6328375602932965,visible_pixel_support,False,visible_candidate,line-test-45deg-000029,232,232,4.157837560293297,,solid
test-45deg,0.01843478260869564,48.620718627054075,8.695652173913021e-05,0.28191598413835095,233,374.0,1.0,3,3.5806250662444086,visible_pixel_support,False,visible_candidate,line-test-45deg-000030,233,233,3.9306250662444087,,solid
test-45deg,0.0186086956521739,48.902634611192425,8.695652173913021e-05,0.28191598413835095,234,373.0,1.0,3,3.5179724944773625,visible_pixel_support,False,visible_candidate,line-test-45deg-000031,234,234,3.8679724944773626,,solid
test-45deg,0.01878260869565216,49.6074245715383,8.695652173913021e-05,0.7047899603458916,235,370.5,2.5,6,4.947872268971366,visible_pixel_support,False,visible_candidate,line-test-45deg-000032,235,235,5.822872268971366,,solid
test-45deg,0.01895652173913042,50.03029854774584,8.695652173913021e-05,0.8457479524150671,236,369.0,3.0,7,5.373316813705799,visible_pixel_support,False,visible_candidate,line-test-45deg-000033,236,236,5.898316813705799,,solid
test-45deg,0.01913043478260868,50.312214531884194,8.695652173913021e-05,0.8457479524150671,237,368.0,3.0,7,5.297298552659811,visible_pixel_support,False,visible_candidate,line-test-45deg-000034,237,237,5.6472985526598105,,solid
test-45deg,0.01930434782608694,50.594130516022545,8.695652173913021e-05,0.8457479524150671,238,367.0,3.0,7,5.222809909812895,visible_pixel_support,False,visible_candidate,line-test-45deg-000035,238,238,5.572809909812895,,solid
test-45deg,0.019478260869565202,51.01700449223007,8.695652173913021e-05,0.7047899603458916,239,365.5,2.5,6,5.652843309144089,visible_pixel_support,False,visible_candidate,line-test-45deg-000036,239,239,6.177843309144089,,solid
test-45deg,0.019652173913043462,51.29892047636844,8.695652173913021e-05,0.7047899603458916,240,364.5,2.5,6,5.590391174632828,visible_pixel_support,False,visible_candidate,line-test-45deg-000037,240,240,5.940391174632827,,solid
test-45deg,0.019826086956521723,51.58083646050679,8.695652173913021e-05,0.7047899603458916,241,363.5,2.5,6,5.538445930258433,model_assisted_exclusive_assignment,False,visible_candidate,line-test-45deg-000038,241,241,13.888445930258433,test-45deg|mfh-45deg,solid
test-45deg,0.019999999999999983,52.003710436714314,8.695652173913021e-05,0.8457479524150671,242,362.0,3.0,7,6.0,model_assisted_exclusive_assignment,False,visible_candidate,line-test-45deg-000039,242,242,14.525,test-45deg|mfh-45deg,solid
test-45deg,0.020173913043478243,52.003710436714314,8.695652173913021e-05,0.8457479524150671,243,362.0,3.0,7,4.958169275400621,model_assisted_exclusive_assignment,False,visible_candidate,line-test-45deg-000040,243,243,12.958169275400621,test-45deg|mfh-45deg,solid
test-45deg,0.020347826086956504,52.42658441292184,8.695652173913021e-05,0.7047899603458916,244,360.5,2.5,6,5.395334678350309,model_assisted_exclusive_assignment,False,visible_candidate,line-test-45deg-000041,244,244,13.92033467835031,test-45deg|mfh-45deg,solid
test-45deg,0.020521739130434764,52.70850039706019,8.695652173913021e-05,0.7047899603458916,245,359.5,2.5,6,5.313386178349219,model_assisted_exclusive_assignment,False,visible_candidate,line-test-45deg-000042,245,245,13.663386178349219,test-45deg|mfh-45deg,solid
test-45deg,0.020695652173913025,52.99041638119856,8.695652173913715e-05,0.7047899603458916,246,358.5,2.5,6,5.214213744897336,model_assisted_exclusive_assignment,False,visible_candidate,line-test-45deg-000043,246,246,13.564213744897335,test-45deg|mfh-45deg,solid
test-45deg,0.020869565217391292,53.27233236533691,8.695652173913021e-05,0.42287397620754064,247,357.5,1.5,4,5.099707347494984,model_assisted_exclusive_assignment,False,visible_candidate,line-test-45deg-000044,247,247,13.449707347494984,test-45deg|mfh-45deg,solid
test-45deg,0.021043478260869553,53.27233236533691,8.695652173913021e-05,0.42287397620754064,248,357.5,1.5,4,3.9717569556421495,model_assisted_exclusive_assignment,False,visible_candidate,line-test-45deg-000045,248,248,11.97175695564215,test-45deg|mfh-45deg,solid
test-45deg,0.021217391304347813,53.41329035740608,8.695652173913021e-05,0.28191598413835095,249,357.0,1.0,3,3.3322525388389863,model_assisted_exclusive_assignment,False,visible_candidate,line-test-45deg-000046,249,249,11.507252538838987,test-45deg|mfh-45deg,solid
test-45deg,0.021391304347826073,53.695206341544434,8.695652173913021e-05,0.28191598413835095,250,356.0,1.0,3,3.183084066585593,model_assisted_exclusive_assignment,False,visible_candidate,line-test-45deg-000047,250,250,11.533084066585593,test-45deg|mfh-45deg,solid
test-45deg,0.021565217391304334,54.11808031775196,8.695652173913021e-05,0.42287397620754064,251,354.5,1.5,4,3.526141508382011,model_assisted_exclusive_assignment,False,visible_candidate,line-test-45deg-000048,251,251,12.051141508382011,test-45deg|mfh-45deg,solid
test-45deg,0.021739130434782594,54.39999630189031,8.695652173913021e-05,0.42287397620754064,252,353.5,1.5,4,3.3633148337284524,model_assisted_exclusive_assignment,False,visible_candidate,line-test-45deg-000049,252,252,11.713314833728452,test-45deg|mfh-45deg,solid
test-45deg,0.021913043478260855,54.68191228602868,8.695652173913021e-05,0.42287397620754064,253,352.5,1.5,4,3.196494012125015,model_assisted_exclusive_assignment,False,visible_candidate,line-test-45deg-000050,253,253,11.546494012125015,test-45deg|mfh-45deg,solid
test-45deg,0.022086956521739115,54.82287027809785,8.695652173913021e-05,0.28191598413835095,254,352.0,1.0,3,2.5275690130717408,model_assisted_exclusive_assignment,False,visible_candidate,line-test-45deg-000051,254,254,10.702569013071741,test-45deg|mfh-45deg,solid
test-45deg,0.022260869565217375,55.24574425430538,8.695652173913021e-05,0.14095799206917548,255,350.5,0.5,2,2.858429806068898,model_assisted_exclusive_assignment,False,visible_candidate,line-test-45deg-000052,255,255,11.383429806068898,test-45deg|mfh-45deg,solid
test-45deg,0.022434782608695636,55.386702246374554,8.695652173913021e-05,0.28191598413835095,256,350.0,1.0,3,2.1909663606163576,model_assisted_exclusive_assignment,False,visible_candidate,line-test-45deg-000053,256,256,10.365966360616358,test-45deg|mfh-45deg,solid
test-45deg,0.022608695652173896,55.668618230512905,8.695652173913021e-05,0.28191598413835095,257,349.0,1.0,3,2.0270686462144454,visible_pixel_support,False,visible_candidate,line-test-45deg-000054,257,257,10.377068646214445,,solid
test-45deg,0.022782608695652157,56.091492206720446,8.695652173913021e-05,0.42287397620754064,258,347.5,1.5,4,2.3686266323631457,model_assisted_exclusive_assignment,False,visible_candidate,line-test-45deg-000055,258,258,10.893626632363146,test-45deg|mfh-45deg,solid
test-45deg,0.022956521739130417,56.51436618292797,8.695652173913021e-05,0.5638319682767161,259,346.0,2.0,5,2.7175302885627275,model_assisted_exclusive_assignment,False,visible_candidate,line-test-45deg-000056,259,259,11.242530288562728,test-45deg|mfh-45deg,solid
test-45deg,0.023130434782608678,56.79628216706632,8.695652173913021e-05,0.5638319682767019,260,345.0,2.0,5,2.5756695843131183,model_assisted_exclusive_assignment,False,visible_candidate,line-test-45deg-000057,260,260,10.925669584313118,test-45deg|mfh-45deg,solid
test-45deg,0.023304347826086938,56.79628216706632,8.695652173913021e-05,0.5638319682767019,261,345.0,2.0,5,1.4449344891144733,visible_pixel_support,False,visible_candidate,line-test-45deg-000058,261,261,9.444934489114473,,solid
test-45deg,0.0234782608695652,57.078198151204674,8.695652173913021e-05,0.8457479524150671,262,344.0,3.0,7,1.3272149724670044,visible_pixel_support,False,visible_candidate,line-test-45deg-000059,262,262,9.677214972467004,,solid
test-45deg,0.02365217391304346,57.360114135343025,8.695652173913021e-05,0.28191598413836516,263,343.0,1.0,3,1.224401003870696,visible_pixel_support,False,visible_candidate,line-test-45deg-000060,263,263,9.574401003870696,,solid
test-45deg,0.02382608695652172,57.64203011948139,8.695652173913021e-05,0.28191598413836516,264,342.0,1.0,3,1.1383825528257034,visible_pixel_support,False,visible_candidate,line-test-45deg-000061,264,264,7.378551618114704,,solid
mfh-45deg,0.02382608695652172,59.051610040173145,8.695652173913021e-05,0.14095799206918969,264,337.0,0.5,1,5.890169065289001,model_assisted_exclusive_assignment,True,visible_candidate,line-mfh-45deg-000001,264,264,7.378551618114704,test-45deg|mfh-45deg,dashed
test-45deg,0.02399999999999998,57.92394610361974,8.695652173913021e-05,0.28191598413835095,265,341.0,1.0,3,1.0710495888321816,visible_pixel_support,False,visible_candidate,line-test-45deg-000062,265,265,9.421049588832181,,solid
test-45deg,0.024173913043478247,58.20586208775809,8.695652173913715e-05,0.28191598413835095,266,340.0,1.0,3,1.0242920813902288,visible_pixel_support,False,visible_candidate,line-test-45deg-000063,266,266,9.374292081390228,,solid
test-45deg,0.024347826086956507,58.20586208775809,8.695652173913021e-05,0.28191598413835095,267,340.0,1.0,3,0.0,visible_pixel_support,False,visible_candidate,line-test-45deg-000064,267,267,8.0,,solid
test-45deg,0.024521739130434768,58.62873606396562,8.695652173913021e-05,0.4228739762075264,268,338.5,1.5,4,0.4859934074549983,visible_pixel_support,False,visible_candidate,line-test-45deg-000065,268,268,9.010993407454999,,solid
test-45deg,0.02469565217391303,58.91065204810397,8.695652173913021e-05,0.42287397620754064,269,337.5,1.5,4,0.46934783614170783,visible_pixel_support,False,visible_candidate,line-test-45deg-000066,269,269,8.819347836141707,,solid
test-45deg,0.02486956521739129,59.051610040173145,8.695652173913021e-05,0.28191598413836516,270,337.0,1.0,3,0.04916354005035828,visible_pixel_support,False,visible_candidate,line-test-45deg-000067,270,270,8.224163540050359,,solid
test-45deg,0.02504347826086955,59.192568032242335,8.695652173913021e-05,0.14095799206918969,271,336.5,0.5,2,0.5687675472319143,visible_pixel_support,False,visible_candidate,line-test-45deg-000068,271,271,8.743767547231915,,solid
test-45deg,0.02521739130434781,59.75640000051904,8.695652173913021e-05,0.14095799206917548,272,334.5,0.5,2,0.4113089884864394,visible_pixel_support,False,visible_candidate,line-test-45deg-000069,272,272,9.111308988486439,,solid
test-45deg,0.02539130434782607,59.89735799258821,8.695652173913021e-05,0.28191598413835095,273,334.0,1.0,3,0.10816075900578426,visible_pixel_support,False,visible_candidate,line-test-45deg-000070,273,273,8.283160759005785,,solid
test-45deg,0.02556521739130433,60.17927397672656,8.695652173913021e-05,0.28191598413835095,274,333.0,1.0,3,0.12640361581924253,visible_pixel_support,False,visible_candidate,line-test-45deg-000071,274,274,8.476403615819242,,solid
test-45deg,0.02573913043478259,60.32023196879574,8.695652173913021e-05,0.42287397620754064,275,332.5,1.5,4,0.6426464080644223,visible_pixel_support,False,visible_candidate,line-test-45deg-000072,275,275,8.817646408064423,,solid
test-45deg,0.02591304347826085,60.461189960864914,8.695652173913021e-05,0.5638319682767161,276,332.0,2.0,5,1.1561159618520378,visible_pixel_support,False,visible_candidate,line-test-45deg-000073,276,276,9.331115961852039,,solid
test-45deg,0.02608695652173911,60.60214795293409,8.695652173913021e-05,0.42287397620754064,277,331.5,1.5,4,1.6660391032926896,visible_pixel_support,False,visible_candidate,line-test-45deg-000074,277,277,9.84103910329269,,solid
test-45deg,0.026260869565217372,60.884063937072455,8.695652173913021e-05,0.42287397620754064,278,330.5,1.5,4,1.6716426584968076,visible_pixel_support,False,visible_candidate,line-test-45deg-000075,278,278,10.021642658496807,,solid
test-45deg,0.026434782608695633,61.02502192914163,8.695652173913021e-05,0.5638319682767161,279,330.0,2.0,5,2.172153453575106,visible_pixel_support,False,visible_candidate,line-test-45deg-000076,279,279,10.347153453575107,,solid
test-45deg,0.026608695652173893,61.30693791327998,8.695652173913021e-05,0.5638319682767019,280,329.0,2.0,5,2.1667983146382426,visible_pixel_support,False,visible_candidate,line-test-45deg-000077,280,280,10.516798314638242,,solid
test-45deg,0.026782608695652153,61.58885389741833,8.695652173913021e-05,0.8457479524150671,281,328.0,3.0,7,2.154804067796647,visible_pixel_support,False,visible_candidate,line-test-45deg-000078,281,281,10.504804067796647,,solid
test-45deg,0.026956521739130414,61.87076988155668,8.695652173913021e-05,0.8457479524150671,282,327.0,3.0,7,2.1353975391609197,visible_pixel_support,False,visible_candidate,line-test-45deg-000079,282,282,10.48539753916092,,solid
test-45deg,0.027130434782608674,61.87076988155668,8.695652173913021e-05,0.8457479524150671,283,327.0,3.0,7,3.107805554841775,visible_pixel_support,False,visible_candidate,line-test-45deg-000080,283,283,11.107805554841775,,solid
test-45deg,0.027304347826086935,62.152685865695034,8.695652173913021e-05,0.5638319682767161,284,326.0,2.0,5,3.071254940949757,visible_pixel_support,False,visible_candidate,line-test-45deg-000081,284,284,11.421254940949757,,solid
test-45deg,0.027478260869565195,62.575559841902574,8.695652173913021e-05,0.7047899603458916,285,324.5,2.5,6,2.524972523595409,visible_pixel_support,False,visible_candidate,line-test-45deg-000082,285,285,11.04997252359541,,solid
test-45deg,0.027652173913043462,62.575559841902574,8.695652173913715e-05,0.7047899603458916,286,324.5,2.5,6,3.4681851288892744,visible_pixel_support,False,visible_candidate,line-test-45deg-000083,286,286,11.468185128889274,,solid
test-45deg,0.027826086956521723,62.71651783397175,8.695652173913021e-05,0.8457479524150671,287,324.0,3.0,7,3.900119582942125,visible_pixel_support,False,visible_candidate,line-test-45deg-000084,287,287,12.075119582942126,,solid
test-45deg,0.027999999999999983,63.139391810179276,8.695652173913021e-05,0.7047899603458774,288,322.5,2.5,6,3.32000271186439,visible_pixel_support,False,visible_candidate,line-test-45deg-000085,288,288,11.84500271186439,,solid
test-45deg,0.028173913043478244,63.5622657863868,8.695652173913021e-05,0.28191598413835095,289,321.0,1.0,3,2.7270613417667846,visible_pixel_support,False,visible_candidate,line-test-45deg-000086,289,289,11.252061341766785,,solid
test-45deg,0.028347826086956504,63.844181770525154,8.695652173913021e-05,0.28191598413836516,290,320.0,1.0,3,2.6205222987596812,visible_pixel_support,False,visible_candidate,line-test-45deg-000087,290,290,10.97052229875968,,solid
test-45deg,0.028521739130434764,63.98513976259434,8.695652173913021e-05,0.14095799206918969,291,319.5,0.5,2,2.999612408953851,visible_pixel_support,False,visible_candidate,line-test-45deg-000088,291,291,11.174612408953852,,solid
test-45deg,0.028695652173913025,64.2670557467327,8.695652173913021e-05,0.14095799206917548,292,318.5,0.5,2,2.863558498459952,visible_pixel_support,False,visible_candidate,line-test-45deg-000089,292,292,11.213558498459951,,solid
test-45deg,0.028869565217391285,64.40801373880187,8.695652173913021e-05,0.28191598413835095,293,318.0,1.0,3,3.2115873933883563,visible_pixel_support,False,visible_candidate,line-test-45deg-000090,293,293,11.386587393388357,,solid
test-45deg,0.029043478260869546,64.68992972294022,8.695652173913021e-05,0.28191598413835095,294,317.0,1.0,3,3.042925919849779,visible_pixel_support,False,visible_candidate,line-test-45deg-000091,294,294,11.392925919849779,,solid
test-45deg,0.029217391304347806,64.97184570707857,8.695652173913021e-05,0.28191598413835095,295,316.0,1.0,3,2.85680090395482,visible_pixel_support,False,visible_candidate,line-test-45deg-000092,295,295,11.20680090395482,,solid
test-45deg,0.029391304347826067,64.97184570707857,8.695652173913021e-05,0.28191598413835095,296,316.0,1.0,3,3.6524391718140237,visible_pixel_support,False,visible_candidate,line-test-45deg-000093,296,296,11.652439171814024,,solid
test-45deg,0.029565217391304327,65.11280369914775,8.695652173913021e-05,0.42287397620754064,297,315.5,1.5,4,3.92906754953799,visible_pixel_support,False,visible_candidate,line-test-45deg-000094,297,297,12.10406754953799,,solid
test-45deg,0.029739130434782587,65.25376169121692,8.695652173913021e-05,0.5638319682767161,298,315.0,2.0,5,4.18591286323732,visible_pixel_support,False,visible_candidate,line-test-45deg-000095,298,298,12.36091286323732,,solid
test-45deg,0.029913043478260848,65.67663566742446,8.695652173913021e-05,0.42287397620754064,299,313.5,1.5,4,3.4222019390226137,visible_pixel_support,False,visible_candidate,line-test-45deg-000096,299,299,11.947201939022614,,solid
test-45deg,0.03008695652173911,65.95855165156281,8.695652173913021e-05,0.4228739762075264,300,312.5,1.5,4,3.137161603004415,visible_pixel_support,False,visible_candidate,line-test-45deg-000097,300,300,11.487161603004415,,solid
test-45deg,0.03026086956521737,66.09950964363199,8.695652173913021e-05,0.5638319682767019,301,312.0,2.0,5,3.330018681293325,visible_pixel_support,False,visible_candidate,line-test-45deg-000098,301,301,11.505018681293325,,solid
test-45deg,0.03043478260869563,67.50908956432376,8.695652173913021e-05,0.14095799206917548,302,307.0,0.5,1,1.0,model_assisted_exclusive_assignment,False,visible_candidate,line-test-45deg-000099,302,302,10.75,test-45deg|mfh-45deg,solid
test-45deg,0.03060869565217389,66.66334161190869,8.695652173913021e-05,0.5638319682767161,303,310.0,2.0,5,2.6514814269818316,visible_pixel_support,False,visible_candidate,line-test-45deg-000100,303,303,11.701481426981832,,solid
test-45deg,0.03078260869565215,66.66334161190869,8.695652173913021e-05,0.28191598413835095,304,310.0,1.0,3,3.2896707501309947,visible_pixel_support,False,visible_candidate,line-test-45deg-000101,304,304,11.289670750130995,,solid
test-45deg,0.03095652173913041,66.66334161190869,8.695652173913715e-05,0.28191598413835095,305,310.0,1.0,3,3.9150426756105503,visible_pixel_support,False,visible_candidate,line-test-45deg-000102,305,305,11.91504267561055,,solid
test-45deg,0.031130434782608678,66.94525759604704,8.695652173913021e-05,0.28191598413836516,306,309.0,1.0,3,3.5280719095831046,visible_pixel_support,False,visible_candidate,line-test-45deg-000103,306,306,11.878071909583104,,solid
test-45deg,0.03130434782608694,67.50908956432376,8.695652173913021e-05,0.14095799206917548,307,307.0,0.5,1,2.129233158211889,visible_pixel_support,False,visible_candidate,line-test-45deg-000104,307,307,10.829233158211888,,solid
test-45deg,0.0314782608695652,67.36813157225458,8.695652173913021e-05,0.14095799206917548,308,307.5,0.5,2,3.219001127659567,visible_pixel_support,False,visible_candidate,line-test-45deg-000105,308,308,11.394001127659568,,solid
test-45deg,0.03165217391304346,67.50908956432376,8.695652173913021e-05,0.28191598413835095,309,307.0,1.0,3,3.297850524088858,visible_pixel_support,False,visible_candidate,line-test-45deg-000106,309,309,11.472850524088859,,solid
test-45deg,0.03182608695652172,67.79100554846211,8.695652173913021e-05,0.28191598413835095,310,306.0,1.0,3,2.866256053663051,visible_pixel_support,False,visible_candidate,line-test-45deg-000107,310,310,11.21625605366305,,solid
test-45deg,0.03199999999999998,68.07292153260046,8.695652173913021e-05,0.28191598413835095,311,305.0,1.0,3,2.4246924225446946,visible_pixel_support,False,visible_candidate,line-test-45deg-000108,311,311,10.774692422544694,,solid
test-45deg,0.03217391304347824,68.07292153260046,8.695652173913021e-05,0.28191598413835095,312,305.0,1.0,3,2.973634336896737,visible_pixel_support,False,visible_candidate,line-test-45deg-000109,312,312,10.973634336896737,,solid
test-45deg,0.0323478260869565,68.35483751673881,8.695652173913021e-05,0.28191598413836516,313,304.0,1.0,3,2.513556502882068,visible_pixel_support,False,visible_candidate,line-test-45deg-000110,313,313,10.863556502882068,,solid
test-45deg,0.03252173913043476,68.49579550880799,8.695652173913021e-05,0.42287397620754064,314,303.5,1.5,4,2.544933626663635,visible_pixel_support,False,visible_candidate,line-test-45deg-000111,314,314,10.719933626663636,,solid
test-45deg,0.03269565217391302,68.49579550880799,8.695652173913021e-05,0.42287397620754064,315,303.5,1.5,4,3.0682404144042152,visible_pixel_support,False,visible_candidate,line-test-45deg-000112,315,315,11.068240414404215,,solid
test-45deg,0.03286956521739128,68.91866948501553,8.695652173913021e-05,0.28191598413835095,316,302.0,1.0,3,2.0839515722667556,visible_pixel_support,False,visible_candidate,line-test-45deg-000113,316,316,10.608951572266756,,solid
test-45deg,0.03304347826086954,69.0596274770847,8.695652173913021e-05,0.14095799206917548,317,301.5,0.5,2,2.09254180641409,visible_pixel_support,False,visible_candidate,line-test-45deg-000114,317,317,10.26754180641409,,solid
test-45deg,0.0332173913043478,69.48250145329223,8.695652173913021e-05,0.28191598413835095,318,300.0,1.0,3,1.0944858230091086,visible_pixel_support,False,visible_candidate,line-test-45deg-000115,318,318,9.619485823009109,,solid
test-45deg,0.03339130434782606,69.6234594453614,8.695652173913021e-05,0.4228739762075264,319,299.5,1.5,4,1.0902583282147589,visible_pixel_support,False,visible_candidate,line-test-45deg-000116,319,319,9.26525832821476,,solid
test-45deg,0.033565217391304324,69.6234594453614,8.695652173913021e-05,0.14095799206917548,320,299.5,0.5,2,1.580334028193704,visible_pixel_support,False,visible_candidate,line-test-45deg-000117,320,320,9.580334028193704,,solid
test-45deg,0.033739130434782584,69.90537542949976,8.695652173913021e-05,0.42287397620754064,321,298.5,1.5,4,1.0651876291090616,model_assisted_exclusive_assignment,False,visible_candidate,line-test-45deg-000118,321,321,9.415187629109061,test-45deg|mfh-45deg,solid
test-45deg,0.033913043478260844,69.90537542949976,8.695652173913021e-05,0.42287397620754064,322,298.5,1.5,4,1.5452938371236087,visible_pixel_support,False,visible_candidate,line-test-45deg-000119,322,322,9.545293837123609,,solid
test-45deg,0.034086956521739105,69.90537542949976,8.695652173913021e-05,0.42287397620754064,323,298.5,1.5,4,2.021127358400122,visible_pixel_support,False,visible_candidate,line-test-45deg-000120,323,323,10.021127358400122,,solid
test-45deg,0.034260869565217365,70.18729141363812,8.695652173913021e-05,0.42287397620754064,324,297.5,1.5,4,1.4931628991016623,visible_pixel_support,False,visible_candidate,line-test-45deg-000121,324,324,9.843162899101662,,solid
test-45deg,0.03443478260869563,70.3282494057073,8.695652173913715e-05,0.28191598413836516,325,297.0,1.0,3,1.4618751653910635,visible_pixel_support,False,visible_candidate,line-test-45deg-000122,325,325,9.636875165391064,,solid
test-45deg,0.03460869565217389,70.61016538984565,8.695652173913021e-05,0.28191598413835095,326,296.0,1.0,3,0.9277388634310455,model_assisted_exclusive_assignment,False,visible_candidate,line-test-45deg-000123,326,326,9.277738863431045,test-45deg|mfh-45deg,solid
test-45deg,0.034782608695652154,70.61016538984565,8.695652173913021e-05,0.28191598413835095,327,296.0,1.0,3,1.3912286993846692,visible_pixel_support,False,visible_candidate,line-test-45deg-000124,327,327,9.39122869938467,,solid
test-45deg,0.034956521739130414,70.892081373984,8.695652173913021e-05,0.28191598413835095,328,295.0,1.0,3,0.8528193794147114,model_assisted_exclusive_assignment,False,visible_candidate,line-test-45deg-000125,328,328,9.202819379414711,test-45deg|mfh-45deg,solid
test-45deg,0.035130434782608674,71.03303936605317,8.695652173913021e-05,0.14095799206917548,329,294.5,0.5,2,0.8129856096841195,model_assisted_exclusive_assignment,False,visible_candidate,line-test-45deg-000126,329,329,8.98798560968412,test-45deg|mfh-45deg,solid
test-45deg,0.035304347826086935,71.17399735812235,8.695652173913021e-05,0.28191598413835095,330,294.0,1.0,3,0.7722020963556702,model_assisted_exclusive_assignment,False,visible_candidate,line-test-45deg-000127,330,330,8.94720209635567,test-45deg|mfh-45deg,solid
test-45deg,0.035478260869565195,71.31495535019152,8.695652173913021e-05,0.14095799206917548,331,293.5,0.5,2,0.7309435455923676,model_assisted_exclusive_assignment,False,visible_candidate,line-test-45deg-000128,331,331,8.905943545592368,test-45deg|mfh-45deg,solid
test-45deg,0.035652173913043456,71.4559133422607,8.695652173913021e-05,0.28191598413836516,332,293.0,1.0,3,0.6896846635569318,model_assisted_exclusive_assignment,False,visible_candidate,line-test-45deg-000129,332,332,8.864684663556933,test-45deg|mfh-45deg,solid
test-45deg,0.035826086956521716,71.31495535019152,8.695652173913021e-05,0.42287397620754064,333,293.5,1.5,4,1.6489001564124237,visible_pixel_support,False,visible_candidate,line-test-45deg-000130,333,333,9.823900156412424,,solid
test-45deg,0.035999999999999976,71.4559133422607,8.695652173913021e-05,0.5638319682767161,334,293.0,2.0,5,1.6090647303215633,visible_pixel_support,False,visible_candidate,line-test-45deg-000131,334,334,9.784064730321564,,solid
test-45deg,0.03617391304347824,71.87878731846824,8.695652173913021e-05,0.14095799206917548,335,291.5,0.5,2,0.5706530914472978,model_assisted_exclusive_assignment,False,visible_candidate,line-test-45deg-000132,335,335,9.095653091447298,test-45deg|mfh-45deg,solid
test-45deg,0.0363478260869565,72.16070330260659,8.695652173913021e-05,0.4228739762075264,336,290.5,1.5,4,0.03413994595246095,model_assisted_exclusive_assignment,False,visible_candidate,line-test-45deg-000133,336,336,8.38413994595246,test-45deg|mfh-45deg,solid
test-45deg,0.03652173913043476,72.44261928674494,8.695652173913021e-05,0.4228739762075264,337,289.5,1.5,4,0.5,model_assisted_exclusive_assignment,False,visible_candidate,line-test-45deg-000134,337,337,8.85,test-45deg|mfh-45deg,solid
test-45deg,0.03669565217391302,72.30166129467577,8.695652173913021e-05,0.28191598413835095,338,290.0,1.0,3,0.4679077595937997,model_assisted_exclusive_assignment,False,visible_candidate,line-test-45deg-000135,338,338,8.6429077595938,test-45deg|mfh-45deg,solid
test-45deg,0.03686956521739128,72.58357727881412,8.695652173913021e-05,0.28191598413835095,339,289.0,1.0,3,0.06290042514518746,model_assisted_exclusive_assignment,False,visible_candidate,line-test-45deg-000136,339,339,8.412900425145187,test-45deg|mfh-45deg,solid
test-45deg,0.03704347826086954,72.7245352708833,8.695652173913021e-05,0.4228739762075264,340,288.5,1.5,4,0.09260708187798627,model_assisted_exclusive_assignment,False,visible_candidate,line-test-45deg-000137,340,340,8.267607081877987,test-45deg|mfh-45deg,solid
test-45deg,0.0372173913043478,72.7245352708833,8.695652173913021e-05,0.4228739762075264,341,288.5,1.5,4,0.3786052617339237,model_assisted_exclusive_assignment,False,visible_candidate,line-test-45deg-000138,341,341,8.378605261733924,test-45deg|mfh-45deg,solid
test-45deg,0.03739130434782606,72.7245352708833,8.695652173913021e-05,0.4228739762075264,342,288.5,1.5,4,0.8505540780295178,model_assisted_exclusive_assignment,False,visible_candidate,line-test-45deg-000139,342,342,8.850554078029518,test-45deg|mfh-45deg,solid
test-45deg,0.03756521739130432,73.14740924709082,8.695652173913021e-05,0.28191598413836516,343,287.0,1.0,3,0.17694316065262683,model_assisted_exclusive_assignment,False,visible_candidate,line-test-45deg-000140,343,343,8.701943160652627,test-45deg|mfh-45deg,solid
test-45deg,0.03773913043478258,73.28836723916001,8.695652173913021e-05,0.14095799206918969,344,286.5,0.5,2,0.20406898197364853,model_assisted_exclusive_assignment,False,visible_candidate,line-test-45deg-000141,344,344,8.37906898197365,test-45deg|mfh-45deg,solid
test-45deg,0.03791304347826085,73.28836723916001,8.695652173913715e-05,0.14095799206918969,345,286.5,0.5,2,0.26899408640503,model_assisted_exclusive_assignment,False,visible_candidate,line-test-45deg-000142,345,345,8.26899408640503,test-45deg|mfh-45deg,solid
test-45deg,0.03808695652173911,73.42932523122919,8.695652173913021e-05,0.28191598413836516,346,286.0,1.0,3,0.24206351682238392,model_assisted_exclusive_assignment,False,visible_candidate,line-test-45deg-000143,346,346,8.417063516822385,test-45deg|mfh-45deg,solid
test-45deg,0.03826086956521737,73.42932523122919,8.695652173913021e-05,0.14095799206917548,347,286.0,0.5,1,0.7149567816169906,model_assisted_exclusive_assignment,False,visible_candidate,line-test-45deg-000144,347,347,8.71495678161699,test-45deg|mfh-45deg,solid
test-45deg,0.03843478260869563,73.99315719950589,8.695652173913021e-05,0.14095799206917548,348,284.0,0.5,1,0.8125086468724589,model_assisted_exclusive_assignment,False,visible_candidate,line-test-45deg-000145,348,348,9.512508646872458,test-45deg|mfh-45deg,solid
test-45deg,0.03860869565217389,73.85219920743671,8.695652173913021e-05,0.14095799206917548,349,284.5,0.5,2,0.1594847036928968,model_assisted_exclusive_assignment,False,visible_candidate,line-test-45deg-000146,349,349,8.334484703692898,test-45deg|mfh-45deg,solid
test-45deg,0.03878260869565215,73.99315719950589,8.695652173913021e-05,0.28191598413835095,350,284.0,1.0,3,0.13075430565180568,model_assisted_exclusive_assignment,False,visible_candidate,line-test-45deg-000147,350,350,8.305754305651806,test-45deg|mfh-45deg,solid
test-45deg,0.03895652173913041,73.85219920743671,8.695652173913021e-05,0.4228739762075264,351,284.5,1.5,4,1.1011176313430155,model_assisted_exclusive_assignment,False,visible_candidate,line-test-45deg-000148,351,351,9.276117631343016,test-45deg|mfh-45deg,solid
test-45deg,0.03913043478260867,73.99315719950589,8.695652173913021e-05,0.5638319682767019,352,284.0,2.0,5,1.0703921531051037,model_assisted_exclusive_assignment,False,visible_candidate,line-test-45deg-000149,352,352,9.245392153105104,test-45deg|mfh-45deg,solid
test-45deg,0.03930434782608693,74.27507318364424,8.695652173913021e-05,0.28191598413835095,353,283.0,1.0,3,0.5383953432770454,model_assisted_exclusive_assignment,False,visible_candidate,line-test-45deg-000150,353,353,8.888395343277045,test-45deg|mfh-45deg,solid
test-45deg,0.03947826086956519,74.55698916778259,8.695652173913021e-05,0.28191598413836516,354,282.0,1.0,3,0.004944674197417953,model_assisted_exclusive_assignment,False,visible_candidate,line-test-45deg-000151,354,354,8.354944674197418,test-45deg|mfh-45deg,solid
test-45deg,0.03965217391304345,74.69794715985176,8.695652173913021e-05,0.42287397620754064,355,281.5,1.5,4,0.030142381794917128,model_assisted_exclusive_assignment,False,visible_candidate,line-test-45deg-000152,355,355,8.205142381794918,test-45deg|mfh-45deg,solid
test-45deg,0.03982608695652171,74.83890515192095,8.695652173913021e-05,0.28191598413836516,356,281.0,1.0,3,0.06704835236132567,model_assisted_exclusive_assignment,False,visible_candidate,line-test-45deg-000153,356,356,8.242048352361326,test-45deg|mfh-45deg,solid
test-45deg,0.03999999999999997,74.83890515192095,8.695652173913021e-05,0.28191598413836516,357,281.0,1.0,3,0.394044234836997,model_assisted_exclusive_assignment,False,visible_candidate,line-test-45deg-000154,357,357,8.394044234836997,test-45deg|mfh-45deg,solid
test-45deg,0.040173913043478233,74.97986314399013,8.695652173913021e-05,0.42287397620754064,358,280.5,1.5,4,0.3529528521389125,model_assisted_exclusive_assignment,False,visible_candidate,line-test-45deg-000155,358,358,8.527952852138913,test-45deg|mfh-45deg,solid
test-45deg,0.040347826086956494,75.1208211360593,8.695652173913715e-05,0.28191598413835095,359,280.0,1.0,3,0.30949497188294117,model_assisted_exclusive_assignment,False,visible_candidate,line-test-45deg-000156,359,359,8.484494971882942,test-45deg|mfh-45deg,solid
test-45deg,0.040521739130434754,74.97986314399013,8.695652173913715e-05,0.42287397620754064,360,280.5,1.5,4,1.2634880664078878,model_assisted_exclusive_assignment,False,visible_candidate,line-test-45deg-000157,360,360,9.438488066407889,test-45deg|mfh-45deg,solid
test-45deg,0.040695652173913015,75.1208211360593,8.695652173913715e-05,0.28191598413835095,361,280.0,1.0,3,1.214749608052614,model_assisted_exclusive_assignment,False,visible_candidate,line-test-45deg-000158,361,361,9.389749608052615,test-45deg|mfh-45deg,solid
test-45deg,0.040869565217391275,75.40273712019766,8.695652173913715e-05,0.28191598413835095,362,279.0,1.0,3,0.6630970691557536,model_assisted_exclusive_assignment,False,visible_candidate,line-test-45deg-000159,362,362,9.013097069155753,test-45deg|mfh-45deg,solid
test-45deg,0.041043478260869536,75.54369511226683,8.695652173913715e-05,0.14095799206917548,363,278.5,0.5,2,0.608347922055998,model_assisted_exclusive_assignment,False,visible_candidate,line-test-45deg-000160,363,363,8.783347922055999,test-45deg|mfh-45deg,solid
test-45deg,0.041217391304347796,75.68465310433601,8.695652173913715e-05,0.28191598413835095,364,278.0,1.0,3,0.5503196390922653,model_assisted_exclusive_assignment,False,visible_candidate,line-test-45deg-000161,364,364,8.725319639092266,test-45deg|mfh-45deg,solid
test-45deg,0.041391304347826056,75.82561109640518,8.695652173913715e-05,0.14095799206917548,365,277.5,0.5,2,0.48882969260318987,model_assisted_exclusive_assignment,False,visible_candidate,line-test-45deg-000162,365,365,8.66382969260319,test-45deg|mfh-45deg,solid
test-45deg,0.04156521739130432,75.82561109640518,8.695652173913715e-05,0.14095799206917548,366,277.5,0.5,2,0.9236955549275194,model_assisted_exclusive_assignment,False,visible_candidate,line-test-45deg-000163,366,366,8.92369555492752,test-45deg|mfh-45deg,solid
test-45deg,0.04173913043478258,75.96656908847436,8.695652173913715e-05,0.28191598413835095,367,277.0,1.0,3,0.8547346984040018,model_assisted_exclusive_assignment,False,visible_candidate,line-test-45deg-000164,367,367,9.029734698404003,test-45deg|mfh-45deg,solid
test-45deg,0.04191304347826084,76.10752708054353,8.695652173913715e-05,0.14095799206917548,368,276.5,0.5,2,0.781764595371385,model_assisted_exclusive_assignment,False,visible_candidate,line-test-45deg-000165,368,368,8.956764595371386,test-45deg|mfh-45deg,solid
test-45deg,0.0420869565217391,76.10752708054353,8.695652173913715e-05,0.14095799206917548,369,276.5,0.5,2,1.2046027181684167,model_assisted_exclusive_assignment,False,visible_candidate,line-test-45deg-000166,369,369,9.204602718168417,test-45deg|mfh-45deg,solid
test-45deg,0.04226086956521736,75.26177912812848,8.695652173913715e-05,0.9867059444842425,370,279.5,3.5,8,4.623066539133845,model_assisted_exclusive_assignment,False,visible_candidate,line-test-45deg-000167,370,370,13.673066539133846,test-45deg|mfh-45deg,solid
test-45deg,0.04243478260869562,76.38944306468188,8.695652173913715e-05,0.14095799206918969,371,275.5,0.5,2,1.0369735306064172,model_assisted_exclusive_assignment,False,visible_candidate,line-test-45deg-000168,371,371,10.436973530606418,test-45deg|mfh-45deg,solid
test-45deg,0.04260869565217388,76.53040105675107,8.695652173913715e-05,0.28191598413836516,372,275.0,1.0,3,0.9461411649248248,model_assisted_exclusive_assignment,False,visible_candidate,line-test-45deg-000169,372,372,9.121141164924826,test-45deg|mfh-45deg,solid
test-45deg,0.04278260869565214,76.81231704088943,8.695652173913715e-05,0.28191598413835095,373,274.0,1.0,3,0.3503869144278724,model_assisted_exclusive_assignment,False,visible_candidate,line-test-45deg-000170,373,373,8.700386914427872,test-45deg|mfh-45deg,solid
test-45deg,0.0429565217391304,76.67135904882025,8.695652173913715e-05,0.14095799206917548,374,274.5,0.5,2,1.2495282514543078,model_assisted_exclusive_assignment,False,visible_candidate,line-test-45deg-000171,374,374,9.424528251454309,test-45deg|mfh-45deg,solid
test-45deg,0.043130434782608675,76.81231704088943,8.695652173913715e-05,0.28191598413835095,375,274.0,1.0,3,1.1433826483428788,model_assisted_exclusive_assignment,False,visible_candidate,line-test-45deg-000172,375,375,9.31838264834288,test-45deg|mfh-45deg,solid
test-45deg,0.043304347826086935,77.09423302502778,8.695652173913715e-05,0.28191598413835095,376,273.0,1.0,3,0.5317675774322197,model_assisted_exclusive_assignment,False,visible_candidate,line-test-45deg-000173,376,376,8.88176757743222,test-45deg|mfh-45deg,solid
test-45deg,0.043478260869565195,77.09423302502778,8.695652173913715e-05,0.28191598413835095,377,273.0,1.0,3,0.9145005110611919,model_assisted_exclusive_assignment,False,visible_candidate,line-test-45deg-000174,377,377,8.914500511061192,test-45deg|mfh-45deg,solid
test-45deg,0.043652173913043456,77.09423302502778,8.695652173913715e-05,0.28191598413835095,378,273.0,1.0,3,1.2913989215685433,model_assisted_exclusive_assignment,False,visible_candidate,line-test-45deg-000175,378,378,9.291398921568543,test-45deg|mfh-45deg,solid
test-45deg,0.043826086956521716,77.09423302502778,8.695652173913715e-05,0.28191598413835095,379,273.0,1.0,3,1.662280281292908,model_assisted_exclusive_assignment,False,visible_candidate,line-test-45deg-000176,379,379,9.662280281292908,test-45deg|mfh-45deg,solid
test-45deg,0.04399999999999998,77.37614900916613,8.695652173913715e-05,0.28191598413835095,380,272.0,1.0,3,1.0269620625730909,model_assisted_exclusive_assignment,False,visible_candidate,line-test-45deg-000177,380,380,9.37696206257309,test-45deg|mfh-45deg,solid
test-45deg,0.04417391304347824,77.37614900916613,8.695652173913715e-05,0.28191598413835095,381,272.0,1.0,3,1.3852617377478964,model_assisted_exclusive_assignment,False,visible_candidate,line-test-45deg-000178,381,381,9.385261737747896,test-45deg|mfh-45deg,solid
test-45deg,0.0443478260869565,77.37614900916613,8.695652173913715e-05,0.28191598413835095,382,272.0,1.0,3,1.7369967791560157,model_assisted_exclusive_assignment,False,visible_candidate,line-test-45deg-000179,382,382,9.736996779156016,test-45deg|mfh-45deg,solid
test-45deg,0.04452173913043476,77.65806499330448,8.695652173913715e-05,0.28191598413835095,383,271.0,1.0,3,1.0819846591361966,model_assisted_exclusive_assignment,False,visible_candidate,line-test-45deg-000180,383,383,9.431984659136196,test-45deg|mfh-45deg,solid
test-45deg,0.04469565217391302,77.79902298537365,8.695652173913715e-05,0.14095799206917548,384,270.5,0.5,2,0.92004285002713,model_assisted_exclusive_assignment,False,visible_candidate,line-test-45deg-000181,384,384,9.09504285002713,test-45deg|mfh-45deg,solid
test-45deg,0.04486956521739128,77.79902298537365,8.695652173913715e-05,0.14095799206917548,385,270.5,0.5,2,1.2509888241677345,model_assisted_exclusive_assignment,False,visible_candidate,line-test-45deg-000182,385,385,9.250988824167734,test-45deg|mfh-45deg,solid
test-45deg,0.04504347826086954,77.79902298537365,8.695652173913715e-05,0.14095799206917548,386,270.5,0.5,2,1.5746400538964167,model_assisted_exclusive_assignment,False,visible_candidate,line-test-45deg-000183,386,386,9.574640053896417,test-45deg|mfh-45deg,solid
test-45deg,0.0452173913043478,77.93998097744283,8.695652173913715e-05,0.28191598413836516,387,270.0,1.0,3,1.3908140115522656,model_assisted_exclusive_assignment,False,visible_candidate,line-test-45deg-000184,387,387,9.565814011552266,test-45deg|mfh-45deg,solid
test-45deg,0.04539130434782606,77.93998097744283,8.695652173913715e-05,0.28191598413836516,388,270.0,1.0,3,1.6993281694739153,model_assisted_exclusive_assignment,False,visible_candidate,line-test-45deg-000185,388,388,9.699328169473915,test-45deg|mfh-45deg,solid
test-45deg,0.04556521739130432,78.08093896951202,8.695652173913715e-05,0.42287397620754064,389,269.5,1.5,4,1.5,model_assisted_exclusive_assignment,False,visible_candidate,line-test-45deg-000186,389,389,9.675,test-45deg|mfh-45deg,solid
test-45deg,0.04573913043478258,78.2218969615812,8.695652173913715e-05,0.28191598413836516,390,269.0,1.0,3,1.293332695752099,model_assisted_exclusive_assignment,False,visible_candidate,line-test-45deg-000187,390,390,9.4683326957521,test-45deg|mfh-45deg,solid
test-45deg,0.04591304347826084,78.36285495365037,8.695652173913715e-05,0.14095799206917548,391,268.5,0.5,2,1.0801327237178384,model_assisted_exclusive_assignment,False,visible_candidate,line-test-45deg-000188,391,391,9.25513272371784,test-45deg|mfh-45deg,solid
test-45deg,0.0460869565217391,78.50381294571955,8.695652173913715e-05,0.28191598413835095,392,268.0,1.0,3,0.8606724677849229,model_assisted_exclusive_assignment,False,visible_candidate,line-test-45deg-000189,392,392,9.035672467784924,test-45deg|mfh-45deg,solid
test-45deg,0.04626086956521736,78.50381294571955,8.695652173913715e-05,0.28191598413835095,393,268.0,1.0,3,1.135224311841455,model_assisted_exclusive_assignment,False,visible_candidate,line-test-45deg-000190,393,393,9.135224311841455,test-45deg|mfh-45deg,solid
test-45deg,0.04643478260869562,78.64477093778872,8.695652173913715e-05,0.14095799206917548,394,267.5,0.5,2,0.904060639775139,model_assisted_exclusive_assignment,False,visible_candidate,line-test-45deg-000191,394,394,9.07906063977514,test-45deg|mfh-45deg,solid
test-45deg,0.04660869565217388,78.7857289298579,8.695652173913715e-05,0.28191598413835095,395,267.0,1.0,3,0.6674538354739639,model_assisted_exclusive_assignment,False,visible_candidate,line-test-45deg-000192,395,395,8.842453835473965,test-45deg|mfh-45deg,solid
test-45deg,0.04678260869565214,78.7857289298579,8.695652173913715e-05,0.28191598413835095,396,267.0,1.0,3,0.9256762828257479,model_assisted_exclusive_assignment,False,visible_candidate,line-test-45deg-000193,396,396,8.925676282825748,test-45deg|mfh-45deg,solid
test-45deg,0.046956521739130404,78.08093896951202,8.695652173913715e-05,0.9867059444842425,397,269.5,3.5,8,3.679000365718366,model_assisted_exclusive_assignment,False,visible_candidate,line-test-45deg-000194,397,397,12.554000365718366,test-45deg|mfh-45deg,solid
test-45deg,0.047130434782608664,78.92668692192707,8.695652173913715e-05,0.14095799206917548,398,266.5,0.5,2,0.9276984680398073,model_assisted_exclusive_assignment,False,visible_candidate,line-test-45deg-000195,398,398,9.977698468039808,test-45deg|mfh-45deg,solid
test-45deg,0.047304347826086925,78.92668692192707,8.695652173913715e-05,0.14095799206917548,399,266.5,0.5,2,1.172042973677776,model_assisted_exclusive_assignment,False,visible_candidate,line-test-45deg-000196,399,399,9.172042973677776,test-45deg|mfh-45deg,solid
test-45deg,0.047478260869565185,79.06764491399625,8.695652173913715e-05,0.28191598413835095,400,266.0,1.0,3,0.912306266520261,model_assisted_exclusive_assignment,False,visible_candidate,line-test-45deg-000197,400,400,9.087306266520262,test-45deg|mfh-45deg,solid
test-45deg,0.047652173913043445,79.20860290606542,8.695652173913715e-05,0.14095799206917548,401,265.5,0.5,2,0.6487607304551375,model_assisted_exclusive_assignment,False,visible_candidate,line-test-45deg-000198,401,401,8.823760730455138,test-45deg|mfh-45deg,solid
test-45deg,0.047826086956521706,79.3495608981346,8.695652173913715e-05,0.28191598413836516,402,265.0,1.0,3,0.38167874937028046,model_assisted_exclusive_assignment,False,visible_candidate,line-test-45deg-000199,402,402,8.556678749370281,test-45deg|mfh-45deg,solid
test-45deg,0.047999999999999966,79.3495608981346,8.695652173913715e-05,0.28191598413836516,403,265.0,1.0,3,0.611332707153565,model_assisted_exclusive_assignment,False,visible_candidate,line-test-45deg-000200,403,403,8.611332707153565,test-45deg|mfh-45deg,solid
test-45deg,0.04817391304347823,79.49051889020377,8.695652173913715e-05,0.14095799206918969,404,264.5,0.5,2,0.33799498769280945,model_assisted_exclusive_assignment,False,visible_candidate,line-test-45deg-000201,404,404,8.51299498769281,test-45deg|mfh-45deg,solid
test-45deg,0.04834782608695649,79.49051889020377,8.695652173913715e-05,0.14095799206918969,405,264.5,0.5,2,0.5619379748760025,model_assisted_exclusive_assignment,False,visible_candidate,line-test-45deg-000202,405,405,8.561937974876002,test-45deg|mfh-45deg,solid
test-45deg,0.04852173913043475,79.63147688227296,8.695652173913715e-05,0.28191598413836516,406,264.0,1.0,3,0.2834340525909056,model_assisted_exclusive_assignment,False,visible_candidate,line-test-45deg-000203,406,406,8.458434052590906,test-45deg|mfh-45deg,solid
test-45deg,0.04869565217391301,79.63147688227296,8.695652173913715e-05,0.28191598413836516,407,264.0,1.0,3,0.5027556047255644,model_assisted_exclusive_assignment,False,visible_candidate,line-test-45deg-000204,407,407,8.502755604725564,test-45deg|mfh-45deg,solid
test-45deg,0.04886956521739127,79.63147688227296,8.695652173913715e-05,0.28191598413836516,408,264.0,1.0,3,0.7201750151676833,model_assisted_exclusive_assignment,False,visible_candidate,line-test-45deg-000205,408,408,8.720175015167683,test-45deg|mfh-45deg,solid
test-45deg,0.04904347826086953,79.91339286641131,8.695652173913715e-05,0.28191598413835095,409,263.0,1.0,3,0.06403533219474866,model_assisted_exclusive_assignment,False,visible_candidate,line-test-45deg-000206,409,409,8.414035332194748,test-45deg|mfh-45deg,solid
test-45deg,0.04921739130434779,80.19530885054967,8.695652173913715e-05,0.28191598413835095,410,262.0,1.0,3,0.8496030534739134,model_assisted_exclusive_assignment,False,visible_candidate,line-test-45deg-000207,410,410,9.199603053473913,test-45deg|mfh-45deg,solid
test-45deg,0.04939130434782605,80.05435085848049,8.695652173913715e-05,0.14095799206917548,411,262.5,0.5,2,0.1362557647819358,model_assisted_exclusive_assignment,False,visible_candidate,line-test-45deg-000208,411,411,8.311255764781937,test-45deg|mfh-45deg,solid
test-45deg,0.04956521739130431,80.05435085848049,8.695652173913715e-05,0.14095799206917548,412,262.5,0.5,2,0.07627891776917295,model_assisted_exclusive_assignment,False,visible_candidate,line-test-45deg-000209,412,412,8.076278917769173,test-45deg|mfh-45deg,solid
test-45deg,0.04973913043478257,80.33626684261884,8.695652173913715e-05,0.4228739762075264,413,261.5,1.5,4,0.7117266219328258,model_assisted_exclusive_assignment,False,visible_candidate,line-test-45deg-000210,413,413,9.061726621932825,test-45deg|mfh-45deg,solid
test-45deg,0.049913043478260845,80.19530885054967,8.695652173913715e-05,0.28191598413835095,414,262.0,1.0,3,0.0,model_assisted_exclusive_assignment,False,visible_candidate,line-test-45deg-000211,414,414,8.175,test-45deg|mfh-45deg,solid
test-45deg,0.050086956521739105,80.05435085848049,8.695652173913715e-05,0.4228739762075264,415,262.5,1.5,4,0.7103463412407791,model_assisted_exclusive_assignment,False,visible_candidate,line-test-45deg-000212,415,415,8.88534634124078,test-45deg|mfh-45deg,solid
test-45deg,0.050260869565217366,79.06764491399625,8.695652173913715e-05,0.5638319682767161,416,266.0,2.0,5,4.418083827080352,model_assisted_exclusive_assignment,False,visible_candidate,line-test-45deg-000213,416,416,9.049041311996893,test-45deg|mfh-45deg,solid
mfh-45deg,0.050260869565217366,80.47722483468802,8.695652173913715e-05,0.28191598413835095,416,261.0,1.0,3,3.4059574849165415,model_assisted_exclusive_assignment,True,visible_candidate,line-mfh-45deg-000002,416,416,9.049041311996893,test-45deg|mfh-45deg,dashed
test-45deg,0.050434782608695626,79.06764491399625,8.695652173913715e-05,0.5638319682767161,417,266.0,2.0,5,4.623310642833076,model_assisted_exclusive_assignment,False,visible_candidate,line-test-45deg-000214,417,417,8.230202356298832,test-45deg|mfh-45deg,solid
mfh-45deg,0.050434782608695626,80.47722483468802,8.695652173913715e-05,0.28191598413835095,417,261.0,1.0,3,3.6068917134657568,model_assisted_exclusive_assignment,False,visible_candidate,line-mfh-45deg-000003,417,417,8.230202356298832,test-45deg|mfh-45deg,dashed
test-45deg,0.050608695652173886,79.20860290606542,8.695652173913715e-05,0.42287397620754064,418,265.5,1.5,4,4.326124973813478,model_assisted_exclusive_assignment,False,visible_candidate,line-test-45deg-000215,418,418,7.982562862220538,test-45deg|mfh-45deg,solid
mfh-45deg,0.050608695652173886,80.61818282675719,8.695652173913715e-05,0.14095799206917548,418,260.5,0.5,2,3.3064378884070607,model_assisted_exclusive_assignment,False,visible_candidate,line-mfh-45deg-000004,418,418,7.982562862220538,test-45deg|mfh-45deg,dashed
test-45deg,0.05078260869565215,79.20860290606542,8.695652173913715e-05,0.42287397620754064,419,265.5,1.5,4,4.526625005335973,model_assisted_exclusive_assignment,False,visible_candidate,line-test-45deg-000216,419,419,8.031202231825091,test-45deg|mfh-45deg,solid
mfh-45deg,0.05078260869565215,80.61818282675719,8.695652173913715e-05,0.14095799206917548,419,260.5,0.5,2,3.5045772264891184,model_assisted_exclusive_assignment,False,visible_candidate,line-mfh-45deg-000005,419,419,8.031202231825091,test-45deg|mfh-45deg,dashed
test-45deg,0.05095652173913041,79.49051889020377,8.695652173913715e-05,0.42287397620754064,420,264.5,1.5,4,3.7249089227150307,model_assisted_exclusive_assignment,False,visible_candidate,line-test-45deg-000217,420,420,7.776199867175626,test-45deg|mfh-45deg,solid
mfh-45deg,0.05095652173913041,80.61818282675719,8.695652173913715e-05,0.14095799206917548,420,260.5,0.5,2,3.7012909444605953,model_assisted_exclusive_assignment,False,visible_candidate,line-mfh-45deg-000006,420,420,7.776199867175626,test-45deg|mfh-45deg,dashed
test-45deg,0.05113043478260867,79.49051889020377,8.695652173913715e-05,0.42287397620754064,421,264.5,1.5,4,3.921074911265009,model_assisted_exclusive_assignment,False,visible_candidate,line-test-45deg-000218,421,421,7.4926351703351655,test-45deg|mfh-45deg,solid
mfh-45deg,0.05113043478260867,80.75914081882637,8.695652173913715e-05,0.28191598413835095,421,260.0,1.0,3,3.3965602590701565,model_assisted_exclusive_assignment,False,visible_candidate,line-mfh-45deg-000007,421,421,7.4926351703351655,test-45deg|mfh-45deg,dashed
test-45deg,0.05130434782608693,79.63147688227296,8.695652173913715e-05,0.5638319682767161,422,264.0,2.0,5,3.615221156300379,model_assisted_exclusive_assignment,False,visible_candidate,line-test-45deg-000219,422,422,7.055587543366846,test-45deg|mfh-45deg,solid
mfh-45deg,0.05130434782608693,80.90009881089554,8.695652173913715e-05,0.14095799206917548,422,259.5,0.5,2,3.0903663870664673,model_assisted_exclusive_assignment,False,visible_candidate,line-mfh-45deg-000008,422,422,7.055587543366846,test-45deg|mfh-45deg,dashed
test-45deg,0.05147826086956519,79.63147688227296,8.695652173913715e-05,0.5638319682767161,423,264.0,2.0,5,3.807445843135554,model_assisted_exclusive_assignment,False,visible_candidate,line-test-45deg-000220,423,423,7.090136388333633,test-45deg|mfh-45deg,solid
mfh-45deg,0.05147826086956519,80.90009881089554,8.695652173913715e-05,0.14095799206917548,423,259.5,0.5,2,3.2826905451980792,model_assisted_exclusive_assignment,False,visible_candidate,line-mfh-45deg-000009,423,423,7.090136388333633,test-45deg|mfh-45deg,dashed
test-45deg,0.05165217391304345,79.77243487434214,8.695652173913715e-05,0.42287397620754064,424,263.5,1.5,4,3.4978471570850616,model_assisted_exclusive_assignment,False,visible_candidate,line-test-45deg-000221,424,424,7.146361107298776,test-45deg|mfh-45deg,solid
mfh-45deg,0.05165217391304345,80.90009881089554,8.695652173913715e-05,0.14095799206917548,424,259.5,0.5,2,3.4735139502137145,model_assisted_exclusive_assignment,False,visible_candidate,line-mfh-45deg-000010,424,424,7.146361107298776,test-45deg|mfh-45deg,dashed
test-45deg,0.05182608695652171,80.33626684261884,8.695652173913715e-05,0.9867059444842425,425,261.5,3.5,8,1.6865232834632593,model_assisted_exclusive_assignment,False,visible_candidate,line-test-45deg-000222,425,425,10.386523283463259,test-45deg|mfh-45deg,solid
test-45deg,0.05199999999999997,80.33626684261884,8.695652173913715e-05,0.9867059444842425,426,261.5,3.5,8,1.873572407584561,model_assisted_exclusive_assignment,False,visible_candidate,line-test-45deg-000223,426,426,9.873572407584561,test-45deg|mfh-45deg,solid
test-45deg,0.05217391304347823,79.91339286641131,8.695652173913715e-05,0.5638319682767161,427,263.0,2.0,5,3.559092714763551,model_assisted_exclusive_assignment,False,visible_candidate,line-test-45deg-000224,427,427,6.620884528814679,test-45deg|mfh-45deg,solid
mfh-45deg,0.05217391304347823,81.32297278710308,8.695652173913715e-05,0.28191598413836516,427,258.0,1.0,3,2.536791814051128,model_assisted_exclusive_assignment,True,visible_candidate,line-mfh-45deg-000011,427,427,6.620884528814679,test-45deg|mfh-45deg,dashed
test-45deg,0.05234782608695649,79.91339286641131,8.695652173913715e-05,0.28191598413835095,428,263.0,1.0,3,3.7431823903144164,model_assisted_exclusive_assignment,False,visible_candidate,line-test-45deg-000225,428,428,6.1396067644036405,test-45deg|mfh-45deg,solid
mfh-45deg,0.05234782608695649,81.46393077917226,8.695652173913715e-05,0.42287397620754064,428,257.5,1.5,4,2.2214243740892243,model_assisted_exclusive_assignment,False,visible_candidate,line-mfh-45deg-000012,428,428,6.1396067644036405,test-45deg|mfh-45deg,dashed
test-45deg,0.05252173913043475,80.05435085848049,8.695652173913715e-05,0.4228739762075264,429,262.5,1.5,4,3.4259396195518548,model_assisted_exclusive_assignment,False,visible_candidate,line-test-45deg-000226,429,429,6.00540188430644,test-45deg|mfh-45deg,solid
mfh-45deg,0.05252173913043475,81.46393077917226,8.695652173913715e-05,0.42287397620754064,429,257.5,1.5,4,2.404462264754585,model_assisted_exclusive_assignment,False,visible_candidate,line-mfh-45deg-000013,429,429,6.00540188430644,test-45deg|mfh-45deg,dashed
test-45deg,0.05269565217391301,80.05435085848049,8.695652173913715e-05,0.4228739762075264,430,262.5,1.5,4,3.60746258779011,model_assisted_exclusive_assignment,False,visible_candidate,line-test-45deg-000227,430,430,6.868349290585928,test-45deg|mfh-45deg,solid
mfh-45deg,0.05269565217391301,81.32297278710308,8.695652173913715e-05,0.28191598413836516,430,258.0,1.0,3,3.0858867027958183,model_assisted_exclusive_assignment,False,visible_candidate,line-mfh-45deg-000014,430,430,6.868349290585928,test-45deg|mfh-45deg,dashed
test-45deg,0.05286956521739127,80.05435085848049,8.695652173913715e-05,0.14095799206917548,431,262.5,0.5,2,3.7878494803437093,model_assisted_exclusive_assignment,False,visible_candidate,line-test-45deg-000228,431,431,6.403528385305242,test-45deg|mfh-45deg,solid
mfh-45deg,0.05286956521739127,81.60488877124143,8.695652173913715e-05,0.28191598413835095,431,257.0,1.0,3,2.2656789049615327,model_assisted_exclusive_assignment,False,visible_candidate,line-mfh-45deg-000015,431,431,6.403528385305242,test-45deg|mfh-45deg,dashed
test-45deg,0.05304347826086953,81.60488877124143,8.695652173913715e-05,0.28191598413835095,432,257.0,1.0,3,1.5328015174729899,model_assisted_exclusive_assignment,False,visible_candidate,line-test-45deg-000229,432,432,11.45780151747299,test-45deg|mfh-45deg,solid
test-45deg,0.05321739130434779,81.46393077917226,8.695652173913715e-05,0.42287397620754064,433,257.5,1.5,4,0.8543922203454599,model_assisted_exclusive_assignment,False,visible_candidate,line-test-45deg-000230,433,433,9.02939222034546,test-45deg|mfh-45deg,solid
test-45deg,0.05339130434782605,81.60488877124143,8.695652173913715e-05,0.28191598413835095,434,257.0,1.0,3,1.176824442959287,model_assisted_exclusive_assignment,False,visible_candidate,line-test-45deg-000231,434,434,9.351824442959288,test-45deg|mfh-45deg,solid
test-45deg,0.053565217391304314,81.74584676331061,8.695652173913715e-05,0.14095799206917548,435,256.5,0.5,2,1.5,model_assisted_exclusive_assignment,False,visible_candidate,line-test-45deg-000232,435,435,9.675,test-45deg|mfh-45deg,solid
test-45deg,0.053739130434782574,81.88680475537979,8.695652173913715e-05,0.28191598413835095,436,256.0,1.0,3,1.8236927684092166,model_assisted_exclusive_assignment,False,visible_candidate,line-test-45deg-000233,436,436,9.998692768409217,test-45deg|mfh-45deg,solid
test-45deg,0.053913043478260834,81.88680475537979,8.695652173913715e-05,0.28191598413835095,437,256.0,1.0,3,1.6477652869776307,model_assisted_exclusive_assignment,False,visible_candidate,line-test-45deg-000234,437,437,9.64776528697763,test-45deg|mfh-45deg,solid
test-45deg,0.054086956521739095,81.88680475537979,8.695652173913715e-05,0.28191598413835095,438,256.0,1.0,3,1.472252363165353,model_assisted_exclusive_assignment,False,visible_candidate,line-test-45deg-000235,438,438,9.472252363165353,test-45deg|mfh-45deg,solid
test-45deg,0.054260869565217355,82.02776274744896,8.695652173913715e-05,0.14095799206917548,439,255.5,0.5,2,1.7971888044320394,model_assisted_exclusive_assignment,False,visible_candidate,line-test-45deg-000236,439,439,9.97218880443204,test-45deg|mfh-45deg,solid
test-45deg,0.054434782608695616,82.02776274744896,8.695652173913715e-05,0.14095799206917548,440,255.5,0.5,2,1.6226094182375164,model_assisted_exclusive_assignment,False,visible_candidate,line-test-45deg-000237,440,440,9.622609418237516,test-45deg|mfh-45deg,solid
test-45deg,0.054608695652173876,82.16872073951814,8.695652173913715e-05,0.28191598413835095,441,255.0,1.0,3,1.9485490120415534,model_assisted_exclusive_assignment,False,visible_candidate,line-test-45deg-000238,441,441,10.123549012041554,test-45deg|mfh-45deg,solid
test-45deg,0.05478260869565214,82.30967873158731,8.695652173913715e-05,0.14095799206917548,442,254.5,0.5,2,2.275042393304034,model_assisted_exclusive_assignment,False,visible_candidate,line-test-45deg-000239,442,442,10.450042393304035,test-45deg|mfh-45deg,solid
test-45deg,0.0549565217391304,82.16872073951814,8.695652173913715e-05,0.28191598413835095,443,255.0,1.0,3,1.6021243694848408,model_assisted_exclusive_assignment,False,visible_candidate,line-test-45deg-000240,443,443,9.777124369484842,test-45deg|mfh-45deg,solid
test-45deg,0.05513043478260866,82.16872073951814,8.695652173913715e-05,0.28191598413835095,444,255.0,1.0,3,1.4298297480435735,model_assisted_exclusive_assignment,False,visible_candidate,line-test-45deg-000241,444,444,9.429829748043574,test-45deg|mfh-45deg,solid
test-45deg,0.05530434782608692,82.45063672365649,8.695652173913715e-05,0.28191598413836516,445,254.0,1.0,3,2.258193336440172,model_assisted_exclusive_assignment,False,visible_candidate,line-test-45deg-000242,445,445,10.608193336440172,test-45deg|mfh-45deg,solid
test-45deg,0.05547826086956518,82.59159471572566,8.695652173913715e-05,0.42287397620754064,446,253.5,1.5,4,2.587249942134406,model_assisted_exclusive_assignment,False,visible_candidate,line-test-45deg-000243,446,446,10.762249942134407,test-45deg|mfh-45deg,solid
test-45deg,0.05565217391304344,82.59159471572566,8.695652173913715e-05,0.14095799206918969,447,253.5,0.5,2,2.4170343725860732,model_assisted_exclusive_assignment,False,visible_candidate,line-test-45deg-000244,447,447,10.417034372586073,test-45deg|mfh-45deg,solid
test-45deg,0.0558260869565217,81.18201479503391,8.695652173913715e-05,0.14095799206918969,448,258.5,0.5,2,2.7524185647449144,model_assisted_exclusive_assignment,False,visible_candidate,line-test-45deg-000245,448,448,6.056631847012682,test-45deg|mfh-45deg,solid
mfh-45deg,0.0558260869565217,82.59159471572566,8.695652173913715e-05,0.14095799206918969,448,253.5,0.5,2,1.5542132822677672,model_assisted_exclusive_assignment,True,visible_candidate,line-mfh-45deg-000016,448,448,6.056631847012682,test-45deg|mfh-45deg,dashed
test-45deg,0.05599999999999996,81.18201479503391,8.695652173913715e-05,0.14095799206918969,449,258.5,0.5,2,2.9210740623988727,model_assisted_exclusive_assignment,False,visible_candidate,line-test-45deg-000246,449,449,4.297487365092098,test-45deg|mfh-45deg,solid
mfh-45deg,0.05599999999999996,82.73255270779485,8.695652173913715e-05,0.28191598413836516,449,253.0,1.0,3,1.2014133026932257,model_assisted_exclusive_assignment,False,visible_candidate,line-mfh-45deg-000017,449,449,4.297487365092098,test-45deg|mfh-45deg,dashed
test-45deg,0.05617391304347822,81.32297278710308,8.695652173913715e-05,0.14095799206917548,450,258.0,0.5,1,2.5888973129158614,model_assisted_exclusive_assignment,False,visible_candidate,line-test-45deg-000247,450,450,4.110521518383325,test-45deg|mfh-45deg,solid
mfh-45deg,0.05617391304347822,82.73255270779485,8.695652173913715e-05,0.28191598413836516,450,253.0,1.0,3,1.3466242054674638,model_assisted_exclusive_assignment,False,visible_candidate,line-mfh-45deg-000018,450,450,4.110521518383325,test-45deg|mfh-45deg,dashed
test-45deg,0.05634782608695648,82.73255270779485,8.695652173913715e-05,0.28191598413836516,451,253.0,1.0,3,2.2441464911638036,model_assisted_exclusive_assignment,False,visible_candidate,line-test-45deg-000248,451,451,11.994146491163804,test-45deg|mfh-45deg,solid
test-45deg,0.05652173913043474,82.87351069986403,8.695652173913715e-05,0.14095799206917548,452,252.5,0.5,2,2.5780921573000057,model_assisted_exclusive_assignment,False,visible_candidate,line-test-45deg-000249,452,452,10.753092157300006,test-45deg|mfh-45deg,solid
test-45deg,0.056695652173913015,82.87351069986403,8.695652173913715e-05,0.14095799206917548,453,252.5,0.5,2,2.4129744929525145,model_assisted_exclusive_assignment,False,visible_candidate,line-test-45deg-000250,453,453,10.412974492952515,test-45deg|mfh-45deg,solid
test-45deg,0.056869565217391276,82.87351069986403,8.695652173913715e-05,0.14095799206917548,454,252.5,0.5,2,2.2488283055811564,model_assisted_exclusive_assignment,False,visible_candidate,line-test-45deg-000251,454,454,10.248828305581156,test-45deg|mfh-45deg,solid
test-45deg,0.057043478260869536,83.0144686919332,8.695652173913715e-05,0.28191598413835095,455,252.0,1.0,3,2.5856884026457863,model_assisted_exclusive_assignment,False,visible_candidate,line-test-45deg-000252,455,455,10.760688402645787,test-45deg|mfh-45deg,solid
test-45deg,0.057217391304347796,83.0144686919332,8.695652173913715e-05,0.28191598413835095,456,252.0,1.0,3,2.423589591606145,model_assisted_exclusive_assignment,False,visible_candidate,line-test-45deg-000253,456,456,10.423589591606145,test-45deg|mfh-45deg,solid
test-45deg,0.05739130434782606,83.0144686919332,8.695652173913715e-05,0.28191598413835095,457,252.0,1.0,3,2.262566679922088,model_assisted_exclusive_assignment,False,visible_candidate,line-test-45deg-000254,457,457,10.262566679922088,test-45deg|mfh-45deg,solid
test-45deg,0.05756521739130432,83.15542668400238,8.695652173913715e-05,0.14095799206917548,458,251.5,0.5,2,2.6026544750533844,model_assisted_exclusive_assignment,False,visible_candidate,line-test-45deg-000255,458,458,10.777654475053385,test-45deg|mfh-45deg,solid
test-45deg,0.05773913043478258,83.15542668400238,8.695652173913715e-05,0.14095799206917548,459,251.5,0.5,2,2.4438877844598608,model_assisted_exclusive_assignment,False,visible_candidate,line-test-45deg-000256,459,459,10.44388778445986,test-45deg|mfh-45deg,solid
test-45deg,0.05791304347826084,83.29638467607155,8.695652173913715e-05,0.28191598413835095,460,251.0,1.0,3,2.786301415601372,model_assisted_exclusive_assignment,False,visible_candidate,line-test-45deg-000257,460,460,10.961301415601373,test-45deg|mfh-45deg,solid
test-45deg,0.0580869565217391,83.29638467607155,8.695652173913715e-05,0.28191598413835095,461,251.0,1.0,3,2.6299301759376306,model_assisted_exclusive_assignment,False,visible_candidate,line-test-45deg-000258,461,461,10.62993017593763,test-45deg|mfh-45deg,solid
test-45deg,0.05826086956521736,83.29638467607155,8.695652173913715e-05,0.28191598413835095,462,251.0,1.0,3,2.4748088729286053,model_assisted_exclusive_assignment,False,visible_candidate,line-test-45deg-000259,462,462,10.474808872928605,test-45deg|mfh-45deg,solid
test-45deg,0.05843478260869562,83.29638467607155,8.695652173913715e-05,0.28191598413835095,463,251.0,1.0,3,2.320972314033952,model_assisted_exclusive_assignment,False,visible_candidate,line-test-45deg-000260,463,463,10.320972314033952,test-45deg|mfh-45deg,solid
test-45deg,0.05860869565217388,83.5783006602099,8.695652173913715e-05,0.28191598413835095,464,250.0,1.0,3,3.168455306713497,model_assisted_exclusive_assignment,False,visible_candidate,line-test-45deg-000261,464,464,11.518455306713497,test-45deg|mfh-45deg,solid
test-45deg,0.05878260869565214,83.5783006602099,8.695652173913715e-05,0.28191598413835095,465,250.0,1.0,3,3.017292658427152,model_assisted_exclusive_assignment,False,visible_candidate,line-test-45deg-000262,465,465,11.017292658427152,test-45deg|mfh-45deg,solid
test-45deg,0.0589565217391304,82.16872073951814,8.695652173913715e-05,0.14095799206917548,466,255.0,0.5,1,2.1324808233653414,model_assisted_exclusive_assignment,False,visible_candidate,line-test-45deg-000263,466,466,4.266632339549091,test-45deg|mfh-45deg,solid
mfh-45deg,0.0589565217391304,83.5783006602099,8.695652173913715e-05,0.28191598413835095,466,250.0,1.0,3,0.3841515161837492,model_assisted_exclusive_assignment,True,visible_candidate,line-mfh-45deg-000019,466,466,4.266632339549091,test-45deg|mfh-45deg,dashed
test-45deg,0.05913043478260866,82.16872073951814,8.695652173913715e-05,0.28191598413835095,467,255.0,1.0,3,2.280830331204214,model_assisted_exclusive_assignment,False,visible_candidate,line-test-45deg-000264,467,467,2.773503912634226,test-45deg|mfh-45deg,solid
mfh-45deg,0.05913043478260866,83.5783006602099,8.695652173913715e-05,0.28191598413835095,467,250.0,1.0,3,0.4926735814300116,model_assisted_exclusive_assignment,False,visible_candidate,line-mfh-45deg-000020,467,467,2.773503912634226,test-45deg|mfh-45deg,dashed
test-45deg,0.05930434782608692,82.16872073951814,8.695652173913715e-05,0.28191598413835095,468,255.0,1.0,3,2.427721057629583,model_assisted_exclusive_assignment,False,visible_candidate,line-test-45deg-000265,468,468,3.178852627128953,test-45deg|mfh-45deg,solid
mfh-45deg,0.05930434782608692,83.86021664434826,8.695652173913715e-05,0.28191598413835095,468,249.0,1.0,3,0.4011315694993698,model_assisted_exclusive_assignment,False,visible_candidate,line-mfh-45deg-000021,468,468,3.178852627128953,test-45deg|mfh-45deg,dashed
test-45deg,0.05947826086956518,82.02776274744896,8.695652173913715e-05,0.4228739762075264,469,255.5,1.5,4,3.073118195181621,model_assisted_exclusive_assignment,False,visible_candidate,line-test-45deg-000266,469,469,3.6258354753259194,test-45deg|mfh-45deg,solid
mfh-45deg,0.05947826086956518,83.71925865227908,8.695652173913715e-05,0.4228739762075264,469,249.5,1.5,4,0.20271728014429868,model_assisted_exclusive_assignment,False,visible_candidate,line-mfh-45deg-000022,469,469,3.6258354753259194,test-45deg|mfh-45deg,dashed
test-45deg,0.05965217391304344,82.02776274744896,8.695652173913715e-05,0.4228739762075264,470,255.5,1.5,4,3.216986936400616,model_assisted_exclusive_assignment,False,visible_candidate,line-test-45deg-000267,470,470,4.19618828351027,test-45deg|mfh-45deg,solid
mfh-45deg,0.05965217391304344,83.5783006602099,8.695652173913715e-05,0.28191598413835095,470,250.0,1.0,3,0.8042013471096539,model_assisted_exclusive_assignment,False,visible_candidate,line-mfh-45deg-000023,470,470,4.19618828351027,test-45deg|mfh-45deg,dashed
test-45deg,0.0598260869565217,82.02776274744896,8.695652173913715e-05,0.4228739762075264,471,255.5,1.5,4,3.359292473826656,model_assisted_exclusive_assignment,False,visible_candidate,line-test-45deg-000268,471,471,3.8059906256813236,test-45deg|mfh-45deg,solid
mfh-45deg,0.0598260869565217,83.86021664434826,8.695652173913715e-05,0.28191598413835095,471,249.0,1.0,3,0.09669815185466746,model_assisted_exclusive_assignment,False,visible_candidate,line-mfh-45deg-000024,471,471,3.8059906256813236,test-45deg|mfh-45deg,dashed
test-45deg,0.05999999999999996,82.02776274744896,8.695652173913715e-05,0.4228739762075264,472,255.5,1.5,4,3.5,model_assisted_exclusive_assignment,False,visible_candidate,line-test-45deg-000269,472,472,3.5,test-45deg|mfh-45deg,solid
mfh-45deg,0.05999999999999996,83.86021664434826,8.695652173913715e-05,0.28191598413835095,472,249.0,1.0,3,0.0,model_assisted_exclusive_assignment,False,visible_candidate,line-mfh-45deg-000025,472,472,3.5,test-45deg|mfh-45deg,dashed
test-45deg,0.060173913043478224,82.02776274744896,8.695652173913715e-05,0.4228739762075264,473,255.5,1.5,4,3.6393803023440228,model_assisted_exclusive_assignment,False,visible_candidate,line-test-45deg-000270,473,473,4.218627803581955,test-45deg|mfh-45deg,solid
mfh-45deg,0.060173913043478224,84.00117463641743,8.695652173913715e-05,0.14095799206917548,473,248.5,0.5,2,0.40424750123793274,model_assisted_exclusive_assignment,False,visible_candidate,line-mfh-45deg-000026,473,473,4.218627803581955,test-45deg|mfh-45deg,dashed
test-45deg,0.060347826086956484,82.02776274744896,8.695652173913715e-05,0.4228739762075264,474,255.5,1.5,4,3.7777403877123845,model_assisted_exclusive_assignment,False,visible_candidate,line-test-45deg-000271,474,474,4.085762289137051,test-45deg|mfh-45deg,solid
mfh-45deg,0.060347826086956484,84.00117463641743,8.695652173913715e-05,0.14095799206917548,474,248.5,0.5,2,0.30802190142466657,model_assisted_exclusive_assignment,False,visible_candidate,line-mfh-45deg-000027,474,474,4.085762289137051,test-45deg|mfh-45deg,dashed
test-45deg,0.060521739130434744,82.16872073951814,8.695652173913715e-05,0.28191598413835095,475,255.0,1.0,3,3.4150997777904024,model_assisted_exclusive_assignment,False,visible_candidate,line-test-45deg-000272,475,475,4.476498674518757,test-45deg|mfh-45deg,solid
mfh-45deg,0.060521739130434744,84.1421326284866,8.695652173913715e-05,0.28191598413836516,475,248.0,1.0,3,0.7113988967283547,model_assisted_exclusive_assignment,False,visible_candidate,line-mfh-45deg-000028,475,475,4.476498674518757,test-45deg|mfh-45deg,dashed
test-45deg,0.060695652173913005,82.30967873158731,8.695652173913715e-05,0.42287397620754064,476,254.5,1.5,4,3.0514779942635357,model_assisted_exclusive_assignment,False,visible_candidate,line-test-45deg-000273,476,476,3.8409321775807426,test-45deg|mfh-45deg,solid
mfh-45deg,0.060695652173913005,84.1421326284866,8.695652173913715e-05,0.28191598413836516,476,248.0,1.0,3,0.614454183317207,model_assisted_exclusive_assignment,False,visible_candidate,line-mfh-45deg-000029,476,476,3.8409321775807426,test-45deg|mfh-45deg,dashed
test-45deg,0.060869565217391265,82.16872073951814,8.695652173913715e-05,0.28191598413835095,477,255.0,1.0,3,3.68689455881713,model_assisted_exclusive_assignment,False,visible_candidate,line-test-45deg-000274,477,477,4.379158016176535,test-45deg|mfh-45deg,solid
mfh-45deg,0.060869565217391265,84.1421326284866,8.695652173913715e-05,0.28191598413836516,477,248.0,1.0,3,0.5172634573594053,model_assisted_exclusive_assignment,False,visible_candidate,line-mfh-45deg-000030,477,477,4.379158016176535,test-45deg|mfh-45deg,dashed
test-45deg,0.061043478260869526,82.45063672365649,8.695652173913715e-05,0.28191598413836516,478,254.0,1.0,3,2.8213689931366446,model_assisted_exclusive_assignment,False,visible_candidate,line-test-45deg-000275,478,478,3.5912714081598325,test-45deg|mfh-45deg,solid
mfh-45deg,0.061043478260869526,84.1421326284866,8.695652173913715e-05,0.28191598413836516,478,248.0,1.0,3,0.4199024150231878,model_assisted_exclusive_assignment,False,visible_candidate,line-mfh-45deg-000031,478,478,3.5912714081598325,test-45deg|mfh-45deg,dashed
test-45deg,0.061217391304347786,82.59159471572566,8.695652173913715e-05,0.42287397620754064,479,253.5,1.5,4,2.454920818907482,model_assisted_exclusive_assignment,False,visible_candidate,line-test-45deg-000276,479,479,2.9523675713841895,test-45deg|mfh-45deg,solid
mfh-45deg,0.061217391304347786,84.1421326284866,8.695652173913715e-05,0.28191598413836516,479,248.0,1.0,3,0.32244675247670784,model_assisted_exclusive_assignment,False,visible_candidate,line-mfh-45deg-000032,479,479,2.9523675713841895,test-45deg|mfh-45deg,dashed
test-45deg,0.061391304347826046,82.59159471572566,8.695652173913715e-05,0.42287397620754064,480,253.5,1.5,4,2.587569557815044,model_assisted_exclusive_assignment,False,visible_candidate,line-test-45deg-000277,480,480,2.812541723703191,test-45deg|mfh-45deg,solid
mfh-45deg,0.061391304347826046,84.1421326284866,8.695652173913715e-05,0.28191598413836516,480,248.0,1.0,3,0.22497216588814695,model_assisted_exclusive_assignment,False,visible_candidate,line-mfh-45deg-000033,480,480,2.812541723703191,test-45deg|mfh-45deg,dashed
test-45deg,0.06156521739130431,82.59159471572566,8.695652173913715e-05,0.42287397620754064,481,253.5,1.5,4,2.719334731544734,model_assisted_exclusive_assignment,False,visible_candidate,line-test-45deg-000278,481,481,4.196889082970506,test-45deg|mfh-45deg,solid
mfh-45deg,0.06156521739130431,84.42404861262497,8.695652173913715e-05,0.28191598413836516,481,247.0,1.0,3,1.127554351425772,model_assisted_exclusive_assignment,False,visible_candidate,line-mfh-45deg-000034,481,481,4.196889082970506,test-45deg|mfh-45deg,dashed
test-45deg,0.06173913043478257,82.73255270779485,8.695652173913715e-05,0.28191598413836516,482,253.0,1.0,3,2.350235861781954,model_assisted_exclusive_assignment,False,visible_candidate,line-test-45deg-000279,482,482,3.5555048670396614,test-45deg|mfh-45deg,solid
mfh-45deg,0.06173913043478257,84.42404861262497,8.695652173913715e-05,0.28191598413836516,482,247.0,1.0,3,1.0302690052577077,model_assisted_exclusive_assignment,False,visible_candidate,line-mfh-45deg-000035,482,482,3.5555048670396614,test-45deg|mfh-45deg,dashed
test-45deg,0.06191304347826083,82.87351069986403,8.695652173913715e-05,0.14095799206917548,483,252.5,0.5,2,1.9802924702120777,model_assisted_exclusive_assignment,False,visible_candidate,line-test-45deg-000280,483,483,3.7634842937642983,test-45deg|mfh-45deg,solid
mfh-45deg,0.06191304347826083,84.56500660469415,8.695652173913715e-05,0.42287397620754064,483,246.5,1.5,4,1.433191823552221,model_assisted_exclusive_assignment,False,visible_candidate,line-mfh-45deg-000036,483,483,3.7634842937642983,test-45deg|mfh-45deg,dashed
test-45deg,0.06208695652173909,84.56500660469415,8.695652173913715e-05,0.14095799206917548,484,246.5,0.5,2,3.8904759214793785,model_assisted_exclusive_assignment,False,visible_candidate,line-test-45deg-000281,484,484,13.990475921479378,test-45deg|mfh-45deg,solid
test-45deg,0.06226086956521735,84.56500660469415,8.695652173913715e-05,0.14095799206917548,485,246.5,0.5,2,3.762049791607126,model_assisted_exclusive_assignment,False,visible_candidate,line-test-45deg-000282,485,485,11.762049791607126,test-45deg|mfh-45deg,solid
test-45deg,0.06243478260869561,84.70596459676332,8.695652173913021e-05,0.28191598413835095,486,246.0,1.0,3,4.134409618485677,model_assisted_exclusive_assignment,False,visible_candidate,line-test-45deg-000283,486,486,12.309409618485677,test-45deg|mfh-45deg,solid
test-45deg,0.06260869565217386,84.70596459676332,8.695652173915103e-05,0.28191598413835095,487,246.0,1.0,3,4.007535880429714,model_assisted_exclusive_assignment,False,visible_candidate,line-test-45deg-000284,487,487,12.007535880429714,test-45deg|mfh-45deg,solid
test-45deg,0.06278260869565214,84.70596459676332,8.695652173912327e-05,0.28191598413835095,488,246.0,1.0,3,3.8814090557537213,model_assisted_exclusive_assignment,False,visible_candidate,line-test-45deg-000285,488,488,11.881409055753721,test-45deg|mfh-45deg,solid
test-45deg,0.06295652173913038,84.70596459676332,8.695652173915103e-05,0.28191598413835095,489,246.0,1.0,3,3.756009622772382,model_assisted_exclusive_assignment,False,visible_candidate,line-test-45deg-000286,489,489,11.756009622772382,test-45deg|mfh-45deg,solid
test-45deg,0.06313043478260866,84.8469225888325,8.695652173912327e-05,0.14095799206917548,490,245.5,0.5,2,4.131318059800265,model_assisted_exclusive_assignment,False,visible_candidate,line-test-45deg-000287,490,490,12.306318059800265,test-45deg|mfh-45deg,solid
test-45deg,0.0633043478260869,84.8469225888325,8.695652173915103e-05,0.14095799206917548,491,245.5,0.5,2,4.00731484515191,model_assisted_exclusive_assignment,False,visible_candidate,line-test-45deg-000288,491,491,12.00731484515191,test-45deg|mfh-45deg,solid
test-45deg,0.06347826086956518,84.8469225888325,8.695652173912327e-05,0.14095799206917548,492,245.5,0.5,2,3.8839804571419734,model_assisted_exclusive_assignment,False,visible_candidate,line-test-45deg-000289,492,492,11.883980457141973,test-45deg|mfh-45deg,solid
test-45deg,0.06365217391304345,84.8469225888325,8.695652173915103e-05,0.14095799206917548,493,245.5,0.5,2,3.761295374085023,model_assisted_exclusive_assignment,False,visible_candidate,line-test-45deg-000290,493,493,11.761295374085023,test-45deg|mfh-45deg,solid
test-45deg,0.0638260869565217,84.98788058090167,8.695652173912327e-05,0.28191598413835095,494,245.0,1.0,3,4.139240074295657,model_assisted_exclusive_assignment,False,visible_candidate,line-test-45deg-000291,494,494,12.314240074295657,test-45deg|mfh-45deg,solid
test-45deg,0.06399999999999997,84.98788058090167,8.695652173915103e-05,0.28191598413835095,495,245.0,1.0,3,4.017795036088501,model_assisted_exclusive_assignment,False,visible_candidate,line-test-45deg-000292,495,495,12.0177950360885,test-45deg|mfh-45deg,solid
test-45deg,0.06417391304347822,85.12883857297085,8.695652173912327e-05,0.14095799206917548,496,244.5,0.5,2,4.396940737778095,model_assisted_exclusive_assignment,False,visible_candidate,line-test-45deg-000293,496,496,12.571940737778096,test-45deg|mfh-45deg,solid
test-45deg,0.0643478260869565,85.12883857297085,8.695652173915103e-05,0.14095799206917548,497,244.5,0.5,2,4.276657657679067,model_assisted_exclusive_assignment,False,visible_candidate,line-test-45deg-000294,497,497,12.276657657679067,test-45deg|mfh-45deg,solid
test-45deg,0.06452173913043474,85.12883857297085,8.695652173912327e-05,0.14095799206917548,498,244.5,0.5,2,4.156926274105956,model_assisted_exclusive_assignment,False,visible_candidate,line-test-45deg-000295,498,498,12.156926274105956,test-45deg|mfh-45deg,solid
test-45deg,0.06469565217391302,83.5783006602099,8.695652173915103e-05,0.14095799206917548,499,250.0,0.5,1,1.4622729346265828,model_assisted_exclusive_assignment,False,visible_candidate,line-test-45deg-000296,499,499,4.857308291045132,test-45deg|mfh-45deg,solid
mfh-45deg,0.06469565217391302,84.98788058090167,8.695652173915103e-05,0.28191598413835095,499,245.0,1.0,3,1.470035356418549,model_assisted_exclusive_assignment,True,visible_candidate,line-mfh-45deg-000037,499,499,4.857308291045132,test-45deg|mfh-45deg,dashed
test-45deg,0.06486956521739126,83.29638467607155,8.695652173912327e-05,0.28191598413835095,500,251.0,1.0,3,2.5809594902039237,model_assisted_exclusive_assignment,False,visible_candidate,line-test-45deg-000297,500,500,5.66903797451435,test-45deg|mfh-45deg,solid
mfh-45deg,0.06486956521739126,85.26979656504002,8.695652173912327e-05,0.28191598413835095,500,244.0,1.0,3,2.3880784843104266,model_assisted_exclusive_assignment,False,visible_candidate,line-mfh-45deg-000038,500,500,5.66903797451435,test-45deg|mfh-45deg,dashed
test-45deg,0.06504347826086954,83.29638467607155,8.695652173915103e-05,0.28191598413835095,501,251.0,1.0,3,2.699152914311611,model_assisted_exclusive_assignment,False,visible_candidate,line-test-45deg-000298,501,501,5.006845222003932,test-45deg|mfh-45deg,solid
mfh-45deg,0.06504347826086954,85.26979656504002,8.695652173915103e-05,0.28191598413835095,501,244.0,1.0,3,2.307692307692321,model_assisted_exclusive_assignment,False,visible_candidate,line-mfh-45deg-000039,501,501,5.006845222003932,test-45deg|mfh-45deg,dashed
test-45deg,0.06521739130434778,83.15542668400238,8.695652173912327e-05,0.14095799206917548,502,251.5,0.5,2,3.3168727286349053,model_assisted_exclusive_assignment,False,visible_candidate,line-test-45deg-000299,502,502,6.395825251367432,test-45deg|mfh-45deg,solid
mfh-45deg,0.06521739130434778,85.4107545571092,8.695652173912327e-05,0.14095799206917548,502,243.5,0.5,2,2.728952522732527,model_assisted_exclusive_assignment,False,visible_candidate,line-mfh-45deg-000040,502,502,6.395825251367432,test-45deg|mfh-45deg,dashed
test-45deg,0.06539130434782606,85.4107545571092,8.695652173915103e-05,0.14095799206917548,503,243.5,0.5,2,4.565861545140706,model_assisted_exclusive_assignment,False,visible_candidate,line-test-45deg-000300,503,503,15.365861545140707,test-45deg|mfh-45deg,solid
test-45deg,0.0655652173913043,85.55171254917838,8.695652173912327e-05,0.28191598413836516,504,243.0,1.0,3,4.9490303853298485,model_assisted_exclusive_assignment,False,visible_candidate,line-test-45deg-000301,504,504,13.12403038532985,test-45deg|mfh-45deg,solid
test-45deg,0.06573913043478258,85.55171254917838,8.695652173915103e-05,0.28191598413836516,505,243.0,1.0,3,4.832614270247035,model_assisted_exclusive_assignment,False,visible_candidate,line-test-45deg-000302,505,505,12.832614270247035,test-45deg|mfh-45deg,solid
test-45deg,0.06591304347826082,85.26979656504002,8.695652173912327e-05,0.28191598413835095,506,244.0,1.0,3,3.716593678207005,model_assisted_exclusive_assignment,False,visible_candidate,line-test-45deg-000303,506,506,12.066593678207004,test-45deg|mfh-45deg,solid
test-45deg,0.0660869565217391,85.4107545571092,8.695652173915103e-05,0.14095799206917548,507,243.5,0.5,2,4.100949087524242,model_assisted_exclusive_assignment,False,visible_candidate,line-test-45deg-000304,507,507,12.275949087524243,test-45deg|mfh-45deg,solid
test-45deg,0.06626086956521735,85.55171254917838,8.695652173912327e-05,0.28191598413836516,508,243.0,1.0,3,4.485660976513401,model_assisted_exclusive_assignment,False,visible_candidate,line-test-45deg-000305,508,508,12.660660976513402,test-45deg|mfh-45deg,solid
test-45deg,0.06643478260869562,85.69267054124755,8.695652173915103e-05,0.14095799206918969,509,242.5,0.5,2,4.870709823488994,model_assisted_exclusive_assignment,False,visible_candidate,line-test-45deg-000306,509,509,13.045709823488995,test-45deg|mfh-45deg,solid
test-45deg,0.06660869565217387,85.69267054124755,8.695652173912327e-05,0.14095799206918969,510,242.5,0.5,2,4.756076106765704,model_assisted_exclusive_assignment,False,visible_candidate,line-test-45deg-000307,510,510,12.756076106765704,test-45deg|mfh-45deg,solid
test-45deg,0.06678260869565214,85.69267054124755,8.695652173915103e-05,0.14095799206918969,511,242.5,0.5,2,4.6417403046581,model_assisted_exclusive_assignment,False,visible_candidate,line-test-45deg-000308,511,511,12.6417403046581,test-45deg|mfh-45deg,solid
test-45deg,0.06695652173913039,85.69267054124755,8.695652173915103e-05,0.14095799206918969,512,242.5,0.5,2,4.527682895480723,model_assisted_exclusive_assignment,False,visible_candidate,line-test-45deg-000309,512,512,12.527682895480723,test-45deg|mfh-45deg,solid
test-45deg,0.06713043478260866,85.69267054124755,8.695652173912327e-05,0.14095799206918969,513,242.5,0.5,2,4.413884357548227,model_assisted_exclusive_assignment,False,visible_candidate,line-test-45deg-000310,513,513,12.413884357548227,test-45deg|mfh-45deg,solid
test-45deg,0.06730434782608691,85.69267054124755,8.695652173915103e-05,0.14095799206918969,514,242.5,0.5,2,4.300325169175181,model_assisted_exclusive_assignment,False,visible_candidate,line-test-45deg-000311,514,514,12.300325169175181,test-45deg|mfh-45deg,solid
test-45deg,0.06747826086956518,85.83362853331674,8.695652173912327e-05,0.28191598413836516,515,242.0,1.0,3,4.686985808676184,model_assisted_exclusive_assignment,False,visible_candidate,line-test-45deg-000312,515,515,12.861985808676184,test-45deg|mfh-45deg,solid
test-45deg,0.06765217391304343,85.83362853331674,8.695652173915103e-05,0.28191598413836516,516,242.0,1.0,3,4.573846754365803,model_assisted_exclusive_assignment,False,visible_candidate,line-test-45deg-000313,516,516,12.573846754365803,test-45deg|mfh-45deg,solid
test-45deg,0.0678260869565217,85.83362853331674,8.695652173912327e-05,0.28191598413836516,517,242.0,1.0,3,4.460888484558666,model_assisted_exclusive_assignment,False,visible_candidate,line-test-45deg-000314,517,517,12.460888484558666,test-45deg|mfh-45deg,solid
test-45deg,0.06799999999999995,86.11554451745509,8.695652173915103e-05,0.28191598413835095,518,241.0,1.0,3,5.348091477569341,model_assisted_exclusive_assignment,False,visible_candidate,line-test-45deg-000315,518,518,13.69809147756934,test-45deg|mfh-45deg,solid
test-45deg,0.06817391304347822,86.11554451745509,8.695652173912327e-05,0.28191598413835095,519,241.0,1.0,3,5.235436211712482,model_assisted_exclusive_assignment,False,visible_candidate,line-test-45deg-000316,519,519,10.019812522596652,test-45deg|mfh-45deg,solid
mfh-45deg,0.06817391304347822,83.5783006602099,8.695652173912327e-05,0.14095799206917548,519,250.0,0.5,1,4.78437631088417,model_assisted_exclusive_assignment,True,visible_candidate,line-mfh-45deg-000041,519,519,10.019812522596652,test-45deg|mfh-45deg,dashed
test-45deg,0.06834782608695647,85.97458652538592,8.695652173915103e-05,0.14095799206917548,520,241.5,0.5,2,4.622903165302603,model_assisted_exclusive_assignment,False,visible_candidate,line-test-45deg-000317,520,520,8.318440166535822,test-45deg|mfh-45deg,solid
mfh-45deg,0.06834782608695647,84.1421326284866,8.695652173915103e-05,0.14095799206918969,520,248.0,0.5,1,2.8205370012332196,model_assisted_exclusive_assignment,False,visible_candidate,line-mfh-45deg-000042,520,520,8.318440166535822,test-45deg|mfh-45deg,dashed
test-45deg,0.06852173913043474,86.25650250952427,8.695652173912327e-05,0.4228739762075264,521,240.5,1.5,4,5.5104728166543,model_assisted_exclusive_assignment,False,visible_candidate,line-test-45deg-000318,521,521,11.414085889382552,test-45deg|mfh-45deg,solid
mfh-45deg,0.06852173913043474,83.5783006602099,8.695652173912327e-05,0.5638319682767019,521,250.0,2.0,5,4.853613072728251,model_assisted_exclusive_assignment,False,visible_candidate,line-mfh-45deg-000043,521,521,11.414085889382552,test-45deg|mfh-45deg,dashed
test-45deg,0.06869565217391299,86.11554451745509,8.695652173915103e-05,0.28191598413835095,522,241.0,1.0,3,4.898125644082228,model_assisted_exclusive_assignment,False,visible_candidate,line-test-45deg-000319,522,522,9.956654473283283,test-45deg|mfh-45deg,solid
mfh-45deg,0.06869565217391299,83.5783006602099,8.695652173915103e-05,0.5638319682767019,522,250.0,2.0,5,4.883528829201055,model_assisted_exclusive_assignment,False,visible_candidate,line-mfh-45deg-000044,522,522,9.956654473283283,test-45deg|mfh-45deg,dashed
test-45deg,0.06886956521739127,86.11554451745509,8.695652173912327e-05,0.28191598413835095,523,241.0,1.0,3,4.785842125900956,model_assisted_exclusive_assignment,False,visible_candidate,line-test-45deg-000320,523,523,9.696050700384404,test-45deg|mfh-45deg,solid
mfh-45deg,0.06886956521739127,83.5783006602099,8.695652173912327e-05,0.5638319682767019,523,250.0,2.0,5,4.910208574483448,model_assisted_exclusive_assignment,False,visible_candidate,line-mfh-45deg-000045,523,523,9.696050700384404,test-45deg|mfh-45deg,dashed
test-45deg,0.06904347826086951,86.11554451745509,8.695652173915103e-05,0.28191598413835095,524,241.0,1.0,3,4.673602740425082,model_assisted_exclusive_assignment,False,visible_candidate,line-test-45deg-000321,524,524,9.607179352832304,test-45deg|mfh-45deg,solid
mfh-45deg,0.06904347826086951,83.5783006602099,8.695652173915103e-05,0.5638319682767019,524,250.0,2.0,5,4.933576612407222,model_assisted_exclusive_assignment,False,visible_candidate,line-mfh-45deg-000046,524,524,9.607179352832304,test-45deg|mfh-45deg,dashed
test-45deg,0.06921739130434779,86.25650250952427,8.695652173912327e-05,0.14095799206917548,525,240.5,0.5,2,5.061387965969146,model_assisted_exclusive_assignment,False,visible_candidate,line-test-45deg-000322,525,525,9.86494521277334,test-45deg|mfh-45deg,solid
mfh-45deg,0.06921739130434779,83.71925865227908,8.695652173912327e-05,0.7047899603458916,525,249.5,2.5,6,4.453557246804195,model_assisted_exclusive_assignment,False,visible_candidate,line-mfh-45deg-000047,525,525,9.86494521277334,test-45deg|mfh-45deg,dashed
test-45deg,0.06939130434782603,86.25650250952427,8.695652173915103e-05,0.14095799206917548,526,240.5,0.5,2,4.9491782808478035,model_assisted_exclusive_assignment,False,visible_candidate,line-test-45deg-000323,526,526,10.76925306235396,test-45deg|mfh-45deg,solid
mfh-45deg,0.06939130434782603,83.43734266814073,8.695652173915103e-05,0.4228739762075264,526,250.5,1.5,4,5.470074781506156,model_assisted_exclusive_assignment,False,visible_candidate,line-mfh-45deg-000048,526,526,10.76925306235396,test-45deg|mfh-45deg,dashed
test-45deg,0.06956521739130431,86.25650250952427,8.695652173912327e-05,0.14095799206917548,527,240.5,0.5,2,4.836954163375623,model_assisted_exclusive_assignment,False,visible_candidate,line-test-45deg-000324,527,527,9.995007683720548,test-45deg|mfh-45deg,solid
mfh-45deg,0.06956521739130431,83.5783006602099,8.695652173912327e-05,0.28191598413835095,527,250.0,1.0,3,4.983053520344924,model_assisted_exclusive_assignment,False,visible_candidate,line-mfh-45deg-000049,527,527,9.995007683720548,test-45deg|mfh-45deg,dashed
test-45deg,0.06973913043478255,86.25650250952427,8.695652173915103e-05,0.14095799206917548,528,240.5,0.5,2,4.724696091867173,model_assisted_exclusive_assignment,False,visible_candidate,line-test-45deg-000325,528,528,10.392113859019435,test-45deg|mfh-45deg,solid
mfh-45deg,0.06973913043478255,83.43734266814073,8.695652173915103e-05,0.4228739762075264,528,250.5,1.5,4,5.492417767152261,model_assisted_exclusive_assignment,False,visible_candidate,line-mfh-45deg-000050,528,528,10.392113859019435,test-45deg|mfh-45deg,dashed
test-45deg,0.06991304347826083,86.39746050159344,8.695652173912327e-05,0.28191598413835095,529,240.0,1.0,3,5.112384544637109,model_assisted_exclusive_assignment,False,visible_candidate,line-test-45deg-000326,529,529,10.460476370397151,test-45deg|mfh-45deg,solid
mfh-45deg,0.06991304347826083,83.5783006602099,8.695652173912327e-05,0.28191598413835095,529,250.0,1.0,3,4.998091825760042,model_assisted_exclusive_assignment,False,visible_candidate,line-mfh-45deg-000051,529,529,10.460476370397151,test-45deg|mfh-45deg,dashed
test-45deg,0.07008695652173907,86.39746050159344,8.695652173915103e-05,0.28191598413835095,530,240.0,1.0,3,5.0,model_assisted_exclusive_assignment,False,visible_candidate,line-test-45deg-000327,530,530,10.0,test-45deg|mfh-45deg,solid
mfh-45deg,0.07008695652173907,83.5783006602099,8.695652173915103e-05,0.28191598413835095,530,250.0,1.0,3,5.0,model_assisted_exclusive_assignment,False,visible_candidate,line-mfh-45deg-000052,530,530,10.0,test-45deg|mfh-45deg,dashed
test-45deg,0.07026086956521735,86.39746050159344,8.695652173912327e-05,0.28191598413835095,531,240.0,1.0,3,4.887656688028812,model_assisted_exclusive_assignment,False,visible_candidate,line-test-45deg-000328,531,531,9.885826165276882,test-45deg|mfh-45deg,solid
mfh-45deg,0.07026086956521735,83.5783006602099,8.695652173912327e-05,0.28191598413835095,531,250.0,1.0,3,4.998169477248069,model_assisted_exclusive_assignment,False,visible_candidate,line-mfh-45deg-000053,531,531,9.885826165276882,test-45deg|mfh-45deg,dashed
test-45deg,0.07043478260869562,86.39746050159344,8.695652173915103e-05,0.28191598413835095,532,240.0,1.0,3,4.775484814146523,model_assisted_exclusive_assignment,False,visible_candidate,line-test-45deg-000329,532,532,9.76822752040431,test-45deg|mfh-45deg,solid
mfh-45deg,0.07043478260869562,83.5783006602099,8.695652173915103e-05,0.28191598413835095,532,250.0,1.0,3,4.992742706257786,model_assisted_exclusive_assignment,False,visible_candidate,line-mfh-45deg-000054,532,532,9.76822752040431,test-45deg|mfh-45deg,dashed
test-45deg,0.07060869565217387,86.39746050159344,8.695652173912327e-05,0.28191598413835095,533,240.0,1.0,3,4.663488819692532,model_assisted_exclusive_assignment,False,visible_candidate,line-test-45deg-000330,533,533,9.647305702620088,test-45deg|mfh-45deg,solid
mfh-45deg,0.07060869565217387,83.5783006602099,8.695652173912327e-05,0.28191598413835095,533,250.0,1.0,3,4.983816882927556,model_assisted_exclusive_assignment,False,visible_candidate,line-mfh-45deg-000055,533,533,9.647305702620088,test-45deg|mfh-45deg,dashed
test-45deg,0.07078260869565214,86.39746050159344,8.695652173915103e-05,0.28191598413835095,534,240.0,1.0,3,4.551673146006408,model_assisted_exclusive_assignment,False,visible_candidate,line-test-45deg-000331,534,534,9.523162349162021,test-45deg|mfh-45deg,solid
mfh-45deg,0.07078260869565214,83.5783006602099,8.695652173915103e-05,0.28191598413835095,534,250.0,1.0,3,4.971489203155613,model_assisted_exclusive_assignment,False,visible_candidate,line-mfh-45deg-000056,534,534,9.523162349162021,test-45deg|mfh-45deg,dashed
test-45deg,0.07095652173913039,86.53841849366262,8.695652173912327e-05,0.4228739762075264,535,239.5,1.5,4,4.940042234427409,model_assisted_exclusive_assignment,False,visible_candidate,line-test-45deg-000332,535,535,10.7458990972678,test-45deg|mfh-45deg,solid
mfh-45deg,0.07095652173913039,83.43734266814073,8.695652173912327e-05,0.14095799206917548,535,250.5,0.5,2,5.455856862840392,model_assisted_exclusive_assignment,False,visible_candidate,line-mfh-45deg-000057,535,535,10.7458990972678,test-45deg|mfh-45deg,dashed
test-45deg,0.07113043478260866,86.6793764857318,8.695652173915103e-05,0.28191598413835095,536,239.0,1.0,3,5.328600526295219,model_assisted_exclusive_assignment,False,visible_candidate,line-test-45deg-000333,536,536,13.50360052629522,test-45deg|mfh-45deg,solid
test-45deg,0.07130434782608691,86.82033447780097,8.695652173912327e-05,0.4228739762075264,537,238.5,1.5,4,5.717352462949123,model_assisted_exclusive_assignment,False,visible_candidate,line-test-45deg-000334,537,537,13.892352462949123,test-45deg|mfh-45deg,solid
test-45deg,0.07147826086956519,86.6793764857318,8.695652173915103e-05,0.28191598413835095,538,239.0,1.0,3,5.106302485728662,model_assisted_exclusive_assignment,False,visible_candidate,line-test-45deg-000335,538,538,13.281302485728663,test-45deg|mfh-45deg,solid
test-45deg,0.07165217391304343,86.6793764857318,8.695652173912327e-05,0.28191598413835095,539,239.0,1.0,3,4.995455035973293,model_assisted_exclusive_assignment,False,visible_candidate,line-test-45deg-000336,539,539,12.995455035973293,test-45deg|mfh-45deg,solid
test-45deg,0.0718260869565217,86.82033447780097,8.695652173915103e-05,0.4228739762075264,540,238.5,1.5,4,5.384814555022416,model_assisted_exclusive_assignment,False,visible_candidate,line-test-45deg-000337,540,540,13.559814555022417,test-45deg|mfh-45deg,solid
test-45deg,0.07199999999999995,86.6793764857318,8.695652173912327e-05,0.28191598413835095,541,239.0,1.0,3,4.774385484215543,model_assisted_exclusive_assignment,False,visible_candidate,line-test-45deg-000338,541,541,12.949385484215544,test-45deg|mfh-45deg,solid
test-45deg,0.07217391304347823,86.6793764857318,8.695652173915103e-05,0.28191598413835095,542,239.0,1.0,3,4.66417226489213,model_assisted_exclusive_assignment,False,visible_candidate,line-test-45deg-000339,542,542,12.66417226489213,test-45deg|mfh-45deg,solid
test-45deg,0.07234782608695647,86.6793764857318,8.695652173912327e-05,0.28191598413835095,543,239.0,1.0,3,4.554179338391606,model_assisted_exclusive_assignment,False,visible_candidate,line-test-45deg-000340,543,543,12.554179338391606,test-45deg|mfh-45deg,solid
test-45deg,0.07252173913043475,86.82033447780097,8.695652173915103e-05,0.14095799206917548,544,238.5,0.5,2,4.944411146053454,model_assisted_exclusive_assignment,False,visible_candidate,line-test-45deg-000341,544,544,13.119411146053455,test-45deg|mfh-45deg,solid
test-45deg,0.072695652173913,86.82033447780097,8.695652173912327e-05,0.14095799206917548,545,238.5,0.5,2,4.834872129217047,model_assisted_exclusive_assignment,False,visible_candidate,line-test-45deg-000342,545,545,12.834872129217047,test-45deg|mfh-45deg,solid
test-45deg,0.07286956521739127,86.82033447780097,8.695652173915103e-05,0.14095799206917548,546,238.5,0.5,2,4.725566729221981,model_assisted_exclusive_assignment,False,visible_candidate,line-test-45deg-000343,546,546,12.725566729221981,test-45deg|mfh-45deg,solid
test-45deg,0.07304347826086952,86.82033447780097,8.695652173912327e-05,0.14095799206917548,547,238.5,0.5,2,4.616499387407629,model_assisted_exclusive_assignment,False,visible_candidate,line-test-45deg-000344,547,547,12.616499387407629,test-45deg|mfh-45deg,solid
test-45deg,0.07321739130434779,86.96129246987014,8.695652173915103e-05,0.28191598413835095,548,238.0,1.0,3,5.007674545113474,model_assisted_exclusive_assignment,False,visible_candidate,line-test-45deg-000345,548,548,13.182674545113475,test-45deg|mfh-45deg,solid
test-45deg,0.07339130434782604,86.96129246987014,8.695652173912327e-05,0.28191598413835095,549,238.0,1.0,3,4.899096643678945,model_assisted_exclusive_assignment,False,visible_candidate,line-test-45deg-000346,549,549,12.899096643678945,test-45deg|mfh-45deg,solid
test-45deg,0.07356521739130431,87.10225046193932,8.695652173915103e-05,0.14095799206917548,550,237.5,0.5,2,5.2907701244434975,model_assisted_exclusive_assignment,False,visible_candidate,line-test-45deg-000347,550,550,13.465770124443498,test-45deg|mfh-45deg,solid
test-45deg,0.07373913043478256,87.10225046193932,8.695652173915103e-05,0.14095799206917548,551,237.5,0.5,2,5.182699428746645,model_assisted_exclusive_assignment,False,visible_candidate,line-test-45deg-000348,551,551,13.182699428746645,test-45deg|mfh-45deg,solid
test-45deg,0.07391304347826083,86.96129246987014,8.695652173912327e-05,0.28191598413835095,552,238.0,1.0,3,4.574888997927843,model_assisted_exclusive_assignment,False,visible_candidate,line-test-45deg-000349,552,552,8.52856583776519,test-45deg|mfh-45deg,solid
mfh-45deg,0.07391304347826083,83.71925865227908,8.695652173912327e-05,0.14095799206917548,552,249.5,0.5,2,3.7786768398373454,model_assisted_exclusive_assignment,True,visible_candidate,line-mfh-45deg-000058,552,552,8.52856583776519,test-45deg|mfh-45deg,dashed
test-45deg,0.07408695652173908,86.96129246987014,8.695652173915103e-05,0.28191598413835095,553,238.0,1.0,3,4.467343273326463,model_assisted_exclusive_assignment,False,visible_candidate,line-test-45deg-000350,553,553,12.467343273326463,test-45deg|mfh-45deg,solid
test-45deg,0.07426086956521735,87.2432084540085,8.695652173912327e-05,0.28191598413836516,554,237.0,1.0,3,5.36006669628199,model_assisted_exclusive_assignment,False,visible_candidate,line-test-45deg-000351,554,554,8.870294134684093,test-45deg|mfh-45deg,solid
mfh-45deg,0.07426086956521735,83.86021664434826,8.695652173912327e-05,0.14095799206917548,554,249.0,0.5,1,3.160227438402103,model_assisted_exclusive_assignment,True,visible_candidate,line-mfh-45deg-000059,554,554,8.870294134684093,test-45deg|mfh-45deg,dashed
test-45deg,0.0744347826086956,87.2432084540085,8.695652173915103e-05,0.28191598413836516,555,237.0,1.0,3,5.253063708133965,model_assisted_exclusive_assignment,False,visible_candidate,line-test-45deg-000352,555,555,13.253063708133965,test-45deg|mfh-45deg,solid
test-45deg,0.07460869565217387,87.2432084540085,8.695652173912327e-05,0.28191598413836516,556,237.0,1.0,3,5.14633875022173,model_assisted_exclusive_assignment,False,visible_candidate,line-test-45deg-000353,556,556,13.14633875022173,test-45deg|mfh-45deg,solid
test-45deg,0.07478260869565212,87.10225046193932,8.695652173915103e-05,0.14095799206917548,557,237.5,0.5,2,4.539896263884799,model_assisted_exclusive_assignment,False,visible_candidate,line-test-45deg-000354,557,557,12.7148962638848,test-45deg|mfh-45deg,solid
test-45deg,0.0749565217391304,87.38416644607769,8.695652173912327e-05,0.42287397620754064,558,236.5,1.5,4,5.433740690462656,model_assisted_exclusive_assignment,False,visible_candidate,line-test-45deg-000355,558,558,13.783740690462656,test-45deg|mfh-45deg,solid
test-45deg,0.07513043478260864,87.2432084540085,8.695652173915103e-05,0.28191598413836516,559,237.0,1.0,3,4.827876471294701,model_assisted_exclusive_assignment,False,visible_candidate,line-test-45deg-000356,559,559,13.002876471294702,test-45deg|mfh-45deg,solid
test-45deg,0.07530434782608691,87.2432084540085,8.695652173912327e-05,0.28191598413836516,560,237.0,1.0,3,4.722308047720475,model_assisted_exclusive_assignment,False,visible_candidate,line-test-45deg-000357,560,560,12.722308047720475,test-45deg|mfh-45deg,solid
test-45deg,0.07547826086956516,87.2432084540085,8.695652173915103e-05,0.28191598413836516,561,237.0,1.0,3,4.617039861079348,model_assisted_exclusive_assignment,False,visible_candidate,line-test-45deg-000358,561,561,12.617039861079348,test-45deg|mfh-45deg,solid
test-45deg,0.07565217391304344,87.38416644607769,8.695652173912327e-05,0.14095799206918969,562,236.5,0.5,2,5.012076352710778,model_assisted_exclusive_assignment,False,visible_candidate,line-test-45deg-000359,562,562,13.187076352710779,test-45deg|mfh-45deg,solid
test-45deg,0.07582608695652168,87.38416644607769,8.695652173915103e-05,0.14095799206918969,563,236.5,0.5,2,4.907421963954249,model_assisted_exclusive_assignment,False,visible_candidate,line-test-45deg-000360,563,563,12.90742196395425,test-45deg|mfh-45deg,solid
test-45deg,0.07599999999999996,87.38416644607769,8.695652173912327e-05,0.14095799206918969,564,236.5,0.5,2,4.803081136149302,model_assisted_exclusive_assignment,False,visible_candidate,line-test-45deg-000361,564,564,12.803081136149302,test-45deg|mfh-45deg,solid
test-45deg,0.0761739130434782,87.38416644607769,8.695652173915103e-05,0.14095799206918969,565,236.5,0.5,2,4.699058310635223,visible_pixel_support,False,visible_candidate,line-test-45deg-000362,565,565,12.699058310635223,,solid
test-45deg,0.07634782608695648,87.38416644607769,8.695652173912327e-05,0.14095799206918969,566,236.5,0.5,2,4.595357928751582,visible_pixel_support,False,visible_candidate,line-test-45deg-000363,566,566,12.595357928751582,,solid
test-45deg,0.07652173913043472,87.38416644607769,8.695652173915103e-05,0.14095799206918969,567,236.5,0.5,2,4.491984431837835,visible_pixel_support,False,visible_candidate,line-test-45deg-000364,567,567,12.491984431837835,,solid
test-45deg,0.076695652173913,87.38416644607769,8.695652173912327e-05,0.14095799206918969,568,236.5,0.5,2,4.38894226123341,visible_pixel_support,False,visible_candidate,line-test-45deg-000365,568,568,12.38894226123341,,solid
test-45deg,0.07686956521739124,87.52512443814686,8.695652173915103e-05,0.28191598413836516,569,236.0,1.0,3,4.786235858277763,visible_pixel_support,False,visible_candidate,line-test-45deg-000366,569,569,12.961235858277764,,solid
test-45deg,0.07704347826086952,87.52512443814686,8.695652173912327e-05,0.28191598413836516,570,236.0,1.0,3,4.683869664310407,visible_pixel_support,False,visible_candidate,line-test-45deg-000367,570,570,12.683869664310407,,solid
test-45deg,0.07721739130434777,87.52512443814686,8.695652173915103e-05,0.28191598413836516,571,236.0,1.0,3,4.581848120670685,visible_pixel_support,False,visible_candidate,line-test-45deg-000368,571,571,5.593981408645931,,solid
mfh-45deg,0.07721739130434777,84.1421326284866,8.695652173915103e-05,0.14095799206918969,571,248.0,0.5,1,1.0121332879752458,model_assisted_exclusive_assignment,True,visible_candidate,line-mfh-45deg-000060,571,571,5.593981408645931,test-45deg|mfh-45deg,dashed
test-45deg,0.07739130434782604,87.52512443814686,8.695652173912327e-05,0.28191598413836516,572,236.0,1.0,3,4.480175668698138,visible_pixel_support,False,visible_candidate,line-test-45deg-000369,572,572,6.772732892783273,,solid
mfh-45deg,0.07739130434782604,83.86021664434826,8.695652173912327e-05,0.28191598413835095,572,249.0,1.0,3,1.9425572240851352,model_assisted_exclusive_assignment,False,visible_candidate,line-mfh-45deg-000061,572,572,6.772732892783273,test-45deg|mfh-45deg,dashed
test-45deg,0.07756521739130431,87.52512443814686,8.695652173915103e-05,0.28191598413836516,573,236.0,1.0,3,4.378856749732222,visible_pixel_support,False,visible_candidate,line-test-45deg-000370,573,573,5.927226693520612,,solid
mfh-45deg,0.07756521739130431,84.00117463641743,8.695652173915103e-05,0.42287397620754064,573,248.5,1.5,4,1.37336994378839,model_assisted_exclusive_assignment,False,visible_candidate,line-mfh-45deg-000062,573,573,5.927226693520612,test-45deg|mfh-45deg,dashed
test-45deg,0.07773913043478256,87.66608243021604,8.695652173912327e-05,0.14095799206917548,574,235.5,0.5,2,4.777895805112394,visible_pixel_support,False,visible_candidate,line-test-45deg-000371,574,574,6.257564448095638,,solid
mfh-45deg,0.07773913043478256,84.00117463641743,8.695652173912327e-05,0.42287397620754064,574,248.5,1.5,4,1.3046686429832448,model_assisted_exclusive_assignment,False,visible_candidate,line-mfh-45deg-000063,574,574,6.257564448095638,test-45deg|mfh-45deg,dashed
test-45deg,0.07791304347826083,87.66608243021604,8.695652173915103e-05,0.14095799206917548,575,235.5,0.5,2,4.677297276178052,visible_pixel_support,False,visible_candidate,line-test-45deg-000372,575,575,5.913847793746214,,solid
mfh-45deg,0.07791304347826083,84.00117463641743,8.695652173915103e-05,0.42287397620754064,575,248.5,1.5,4,1.236550517568162,model_assisted_exclusive_assignment,False,visible_candidate,line-mfh-45deg-000064,575,575,5.913847793746214,test-45deg|mfh-45deg,dashed
test-45deg,0.07808695652173908,87.52512443814686,8.695652173912327e-05,0.28191598413836516,576,236.0,1.0,3,4.077065604268739,visible_pixel_support,False,visible_candidate,line-test-45deg-000373,576,576,6.096178367710115,,solid
mfh-45deg,0.07808695652173908,83.86021664434826,8.695652173912327e-05,0.28191598413835095,576,249.0,1.0,3,1.669112763441376,model_assisted_exclusive_assignment,False,visible_candidate,line-mfh-45deg-000065,576,576,6.096178367710115,test-45deg|mfh-45deg,dashed
test-45deg,0.07826086956521736,87.52512443814686,8.695652173915103e-05,0.28191598413836516,577,236.0,1.0,3,3.9772052307238255,visible_pixel_support,False,visible_candidate,line-test-45deg-000374,577,577,5.254657807225089,,solid
mfh-45deg,0.07826086956521736,84.00117463641743,8.695652173915103e-05,0.42287397620754064,577,248.5,1.5,4,1.102452576501264,model_assisted_exclusive_assignment,False,visible_candidate,line-mfh-45deg-000066,577,577,5.254657807225089,test-45deg|mfh-45deg,dashed
test-45deg,0.0784347826086956,87.52512443814686,8.695652173912327e-05,0.28191598413836516,578,236.0,1.0,3,3.877720596882881,visible_pixel_support,False,visible_candidate,line-test-45deg-000375,578,578,4.914387749529055,,solid
mfh-45deg,0.0784347826086956,84.00117463641743,8.695652173912327e-05,0.42287397620754064,578,248.5,1.5,4,1.0366671526461744,model_assisted_exclusive_assignment,False,visible_candidate,line-mfh-45deg-000067,578,578,4.914387749529055,test-45deg|mfh-45deg,dashed
test-45deg,0.07860869565217388,87.66608243021604,8.695652173915103e-05,0.14095799206917548,579,235.5,0.5,2,4.278616144085248,visible_pixel_support,False,visible_candidate,line-test-45deg-000376,579,579,5.425469831859618,,solid
mfh-45deg,0.07860869565217388,84.00117463641743,8.695652173915103e-05,0.42287397620754064,579,248.5,1.5,4,0.9718536877743702,model_assisted_exclusive_assignment,False,visible_candidate,line-mfh-45deg-000068,579,579,5.425469831859618,test-45deg|mfh-45deg,dashed
test-45deg,0.07878260869565212,87.66608243021604,8.695652173912327e-05,0.14095799206917548,580,235.5,0.5,2,4.17989631367044,visible_pixel_support,False,visible_candidate,line-test-45deg-000377,580,580,5.088005691454697,,solid
mfh-45deg,0.07878260869565212,84.00117463641743,8.695652173912327e-05,0.42287397620754064,580,248.5,1.5,4,0.9081093777842568,model_assisted_exclusive_assignment,False,visible_candidate,line-mfh-45deg-000069,580,580,5.088005691454697,test-45deg|mfh-45deg,dashed
test-45deg,0.0789565217391304,87.66608243021604,8.695652173915103e-05,0.14095799206917548,581,235.5,0.5,2,4.081565546977885,visible_pixel_support,False,visible_candidate,line-test-45deg-000378,581,581,4.9270969655520105,,solid
mfh-45deg,0.0789565217391304,84.00117463641743,8.695652173915103e-05,0.42287397620754064,581,248.5,1.5,4,0.8455314185741258,model_assisted_exclusive_assignment,False,visible_candidate,line-mfh-45deg-000070,581,581,4.9270969655520105,test-45deg|mfh-45deg,dashed
test-45deg,0.07913043478260864,87.66608243021604,8.695652173912327e-05,0.14095799206917548,582,235.5,0.5,2,3.983628285347095,visible_pixel_support,False,visible_candidate,line-test-45deg-000379,582,582,4.767845291389449,,solid
mfh-45deg,0.07913043478260864,84.00117463641743,8.695652173912327e-05,0.42287397620754064,582,248.5,1.5,4,0.7842170060423541,model_assisted_exclusive_assignment,False,visible_candidate,line-mfh-45deg-000071,582,582,4.767845291389449,test-45deg|mfh-45deg,dashed
test-45deg,0.07930434782608692,87.66608243021604,8.695652173915103e-05,0.14095799206917548,583,235.5,0.5,2,3.88608897011747,visible_pixel_support,False,visible_candidate,line-test-45deg-000380,583,583,4.610352306204703,,solid
mfh-45deg,0.07930434782608692,84.00117463641743,8.695652173915103e-05,0.42287397620754064,583,248.5,1.5,4,0.7242633360872333,model_assisted_exclusive_assignment,False,visible_candidate,line-mfh-45deg-000072,583,583,4.610352306204703,test-45deg|mfh-45deg,dashed
test-45deg,0.07947826086956516,87.66608243021604,8.695652173912327e-05,0.14095799206917548,584,235.5,0.5,2,3.7889520426284946,visible_pixel_support,False,visible_candidate,line-test-45deg-000381,584,584,4.454719647235578,,solid
mfh-45deg,0.07947826086956516,84.00117463641743,8.695652173912327e-05,0.42287397620754064,584,248.5,1.5,4,0.6657676046070833,model_assisted_exclusive_assignment,False,visible_candidate,line-mfh-45deg-000073,584,584,4.454719647235578,test-45deg|mfh-45deg,dashed
test-45deg,0.07965217391304344,87.66608243021604,8.695652173915103e-05,0.14095799206917548,585,235.5,0.5,2,3.692221944219625,visible_pixel_support,False,visible_candidate,line-test-45deg-000382,585,585,4.301048951719906,,solid
mfh-45deg,0.07965217391304344,84.00117463641743,8.695652173915103e-05,0.42287397620754064,585,248.5,1.5,4,0.6088270075002811,model_assisted_exclusive_assignment,False,visible_candidate,line-mfh-45deg-000074,585,585,4.301048951719906,test-45deg|mfh-45deg,dashed
test-45deg,0.07982608695652169,87.80704042228521,8.695652173912327e-05,0.28191598413835095,586,235.0,1.0,3,4.095903116230318,visible_pixel_support,False,visible_candidate,line-test-45deg-000383,586,586,4.499441856895464,,solid
mfh-45deg,0.07982608695652169,84.1421326284866,8.695652173912327e-05,0.28191598413836516,586,248.0,1.0,3,0.053538740665146634,model_assisted_exclusive_assignment,False,visible_candidate,line-mfh-45deg-000075,586,586,4.499441856895464,test-45deg|mfh-45deg,dashed
test-45deg,0.07999999999999996,87.80704042228521,8.695652173915103e-05,0.28191598413835095,587,235.0,1.0,3,4.0,visible_pixel_support,False,visible_candidate,line-test-45deg-000384,587,587,4.0,,solid
mfh-45deg,0.07999999999999996,84.1421326284866,8.695652173915103e-05,0.28191598413836516,587,248.0,1.0,3,0.0,model_assisted_exclusive_assignment,False,visible_candidate,line-mfh-45deg-000076,587,587,4.0,test-45deg|mfh-45deg,dashed
test-45deg,0.0801739130434782,87.66608243021604,8.695652173912327e-05,0.42287397620754064,588,235.5,1.5,4,3.403071635831509,visible_pixel_support,False,visible_candidate,line-test-45deg-000385,588,588,3.578071635831509,,solid
test-45deg,0.08034782608695648,87.80704042228521,8.695652173915103e-05,0.28191598413835095,589,235.0,1.0,3,3.80377228080971,visible_pixel_support,False,visible_candidate,line-test-45deg-000386,589,589,3.97877228080971,,solid
test-45deg,0.08052173913043473,87.80704042228521,8.695652173912327e-05,0.28191598413835095,590,235.0,1.0,3,3.70224920144733,visible_pixel_support,False,visible_candidate,line-test-45deg-000387,590,590,3.70224920144733,,solid
test-45deg,0.080695652173913,87.94799841435439,8.695652173915103e-05,0.14095799206917548,591,234.5,0.5,2,4.098649664256897,visible_pixel_support,False,visible_candidate,line-test-45deg-000388,591,591,4.273649664256896,,solid
test-45deg,0.08086956521739125,87.94799841435439,8.695652173915103e-05,0.14095799206917548,592,234.5,0.5,2,3.993120935751051,visible_pixel_support,False,visible_candidate,line-test-45deg-000389,592,592,3.993120935751051,,solid
test-45deg,0.08104347826086952,87.94799841435439,8.695652173912327e-05,0.14095799206917548,593,234.5,0.5,2,3.885810282442435,visible_pixel_support,False,visible_candidate,line-test-45deg-000390,593,593,3.885810282442435,,solid
test-45deg,0.08121739130434777,87.94799841435439,8.695652173915103e-05,0.14095799206917548,594,234.5,0.5,2,3.7768649708436897,visible_pixel_support,False,visible_candidate,line-test-45deg-000391,594,594,3.7768649708436897,,solid
test-45deg,0.08139130434782604,87.80704042228521,8.695652173912327e-05,0.28191598413835095,595,235.0,1.0,3,3.166432267467428,visible_pixel_support,False,visible_candidate,line-test-45deg-000392,595,595,3.341432267467428,,solid
test-45deg,0.08156521739130429,87.80704042228521,8.695652173915103e-05,0.28191598413835095,596,235.0,1.0,3,3.054659438826235,visible_pixel_support,False,visible_candidate,line-test-45deg-000393,596,596,3.054659438826235,,solid
test-45deg,0.08173913043478256,87.94799841435439,8.695652173912327e-05,0.14095799206917548,597,234.5,0.5,2,3.44169375143278,visible_pixel_support,False,visible_candidate,line-test-45deg-000394,597,597,3.6166937514327797,,solid
test-45deg,0.08191304347826081,87.94799841435439,8.695652173915103e-05,0.14095799206917548,598,234.5,0.5,2,3.327682471799733,visible_pixel_support,False,visible_candidate,line-test-45deg-000395,598,598,3.327682471799733,,solid
test-45deg,0.08208695652173909,87.94799841435439,8.695652173912327e-05,0.14095799206917548,599,234.5,0.5,2,3.212772866439593,visible_pixel_support,False,visible_candidate,line-test-45deg-000396,599,599,3.212772866439593,,solid
test-45deg,0.08226086956521733,87.94799841435439,8.695652173915103e-05,0.14095799206917548,600,234.5,0.5,2,3.0971122018650874,visible_pixel_support,False,visible_candidate,line-test-45deg-000397,600,600,3.0971122018650874,,solid
test-45deg,0.0824347826086956,87.94799841435439,8.695652173912327e-05,0.14095799206917548,601,234.5,0.5,2,2.9808477445888286,visible_pixel_support,False,visible_candidate,line-test-45deg-000398,601,601,2.9808477445888286,,solid
test-45deg,0.08260869565217385,87.94799841435439,8.695652173915103e-05,0.14095799206917548,602,234.5,0.5,2,2.86412676112343,visible_pixel_support,False,visible_candidate,line-test-45deg-000399,602,602,2.86412676112343,,solid
test-45deg,0.08278260869565213,87.94799841435439,8.695652173912327e-05,0.14095799206917548,603,234.5,0.5,2,2.747096517981504,visible_pixel_support,False,visible_candidate,line-test-45deg-000400,603,603,2.747096517981504,,solid
test-45deg,0.08295652173913037,87.94799841435439,8.695652173915103e-05,0.14095799206917548,604,234.5,0.5,2,2.629904281675664,visible_pixel_support,False,visible_candidate,line-test-45deg-000401,604,604,2.629904281675664,,solid
test-45deg,0.08313043478260865,87.94799841435439,8.695652173912327e-05,0.14095799206917548,605,234.5,0.5,2,2.512697318718608,visible_pixel_support,False,visible_candidate,line-test-45deg-000402,605,605,2.512697318718608,,solid
test-45deg,0.0833043478260869,87.94799841435439,8.695652173915103e-05,0.14095799206917548,606,234.5,0.5,2,2.3956228956228927,visible_pixel_support,False,visible_candidate,line-test-45deg-000403,606,606,2.3956228956228927,,solid
test-45deg,0.08347826086956517,88.08895640642356,8.695652173912327e-05,0.28191598413835095,607,234.0,1.0,3,2.778828278901159,visible_pixel_support,False,visible_candidate,line-test-45deg-000404,607,607,2.9538282789011587,,solid
test-45deg,0.08365217391304341,88.22991439849274,8.695652173915103e-05,0.4228739762075264,608,233.5,1.5,4,3.1624607350660767,visible_pixel_support,False,visible_candidate,line-test-45deg-000405,608,608,3.3374607350660765,,solid
test-45deg,0.08382608695652169,88.08895640642356,8.695652173912327e-05,0.28191598413835095,609,234.0,1.0,3,2.5466675306302307,visible_pixel_support,False,visible_candidate,line-test-45deg-000406,609,609,2.7216675306302305,,solid
test-45deg,0.08399999999999994,88.22991439849274,8.695652173915103e-05,0.4228739762075264,610,233.5,1.5,4,2.9315959321062053,visible_pixel_support,False,visible_candidate,line-test-45deg-000407,610,610,3.106595932106205,,solid
test-45deg,0.08417391304347821,88.08895640642356,8.695652173912327e-05,0.28191598413835095,611,234.0,1.0,3,2.317393206006699,visible_pixel_support,False,visible_candidate,line-test-45deg-000408,611,611,2.4923932060066987,,solid
test-45deg,0.08434782608695648,88.08895640642356,8.695652173915103e-05,0.28191598413835095,612,234.0,1.0,3,2.2042066188443528,visible_pixel_support,False,visible_candidate,line-test-45deg-000409,612,612,2.2042066188443528,,solid
test-45deg,0.08452173913043473,88.08895640642356,8.695652173912327e-05,0.28191598413835095,613,234.0,1.0,3,2.0921834371316663,visible_pixel_support,False,visible_candidate,line-test-45deg-000410,613,613,2.0921834371316663,,solid
test-45deg,0.084695652173913,87.94799841435439,8.695652173915103e-05,0.14095799206917548,614,234.5,0.5,2,1.481470927381423,visible_pixel_support,False,visible_candidate,line-test-45deg-000411,614,614,1.656470927381423,,solid
test-45deg,0.08486956521739125,87.94799841435439,8.695652173912327e-05,0.14095799206917548,615,234.5,0.5,2,1.3722163561061507,visible_pixel_support,False,visible_candidate,line-test-45deg-000412,615,615,1.3722163561061507,,solid
test-45deg,0.08504347826086953,88.08895640642356,8.695652173915103e-05,0.28191598413835095,616,234.0,1.0,3,1.7645669898184906,visible_pixel_support,False,visible_candidate,line-test-45deg-000413,616,616,1.9395669898184906,,solid
test-45deg,0.08521739130434777,88.08895640642356,8.695652173912327e-05,0.28191598413835095,617,234.0,1.0,3,1.6586700950310842,visible_pixel_support,False,visible_candidate,line-test-45deg-000414,617,617,1.6586700950310842,,solid
test-45deg,0.08539130434782605,88.08895640642356,8.695652173915103e-05,0.28191598413835095,618,234.0,1.0,3,1.5546729382565445,visible_pixel_support,False,visible_candidate,line-test-45deg-000415,618,618,1.5546729382565445,,solid
test-45deg,0.0855652173913043,87.94799841435439,8.695652173912327e-05,0.14095799206917548,619,234.5,0.5,2,0.9527227860075129,visible_pixel_support,False,visible_candidate,line-test-45deg-000416,619,619,1.127722786007513,,solid
test-45deg,0.08573913043478257,87.94799841435439,8.695652173915103e-05,0.14095799206917548,620,234.5,0.5,2,0.8529669047966308,visible_pixel_support,False,visible_candidate,line-test-45deg-000417,620,620,0.8529669047966308,,solid
test-45deg,0.08591304347826081,87.94799841435439,8.695652173912327e-05,0.14095799206917548,621,234.5,0.5,2,0.7555525611364828,visible_pixel_support,False,visible_candidate,line-test-45deg-000418,621,621,0.7555525611364828,,solid
test-45deg,0.08608695652173909,87.94799841435439,8.695652173915103e-05,0.4228739762075264,622,234.5,1.5,4,0.6606270215397103,visible_pixel_support,False,visible_candidate,line-test-45deg-000419,622,622,0.6606270215397103,,solid
test-45deg,0.08626086956521734,88.08895640642356,8.695652173912327e-05,0.28191598413835095,623,234.0,1.0,3,1.0683375525189263,visible_pixel_support,False,visible_candidate,line-test-45deg-000420,623,623,1.2433375525189263,,solid
test-45deg,0.08643478260869561,88.08895640642356,8.695652173915103e-05,0.28191598413835095,624,234.0,1.0,3,0.9788314205867721,visible_pixel_support,False,visible_candidate,line-test-45deg-000421,624,624,0.9788314205867721,,solid
test-45deg,0.08660869565217386,88.08895640642356,8.695652173912327e-05,0.28191598413835095,625,234.0,1.0,3,0.8922558922558892,visible_pixel_support,False,visible_candidate,line-test-45deg-000422,625,625,0.8922558922558892,,solid
test-45deg,0.08678260869565213,88.08895640642356,8.695652173915103e-05,0.28191598413835095,626,234.0,1.0,3,0.8087582340388622,visible_pixel_support,False,visible_candidate,line-test-45deg-000423,626,626,0.8087582340388622,,solid
test-45deg,0.08695652173913038,88.08895640642356,8.695652173912327e-05,0.28191598413835095,627,234.0,1.0,3,0.7284857124483892,visible_pixel_support,False,visible_candidate,line-test-45deg-000424,627,627,0.7284857124483892,,solid
test-45deg,0.08713043478260865,88.08895640642356,8.695652173915103e-05,0.28191598413835095,628,234.0,1.0,3,0.6515855939970265,visible_pixel_support,False,visible_candidate,line-test-45deg-000425,628,628,0.6515855939970265,,solid
test-45deg,0.0873043478260869,88.08895640642356,8.695652173912327e-05,0.28191598413835095,629,234.0,1.0,3,0.5782051451974155,visible_pixel_support,False,visible_candidate,line-test-45deg-000426,629,629,0.5782051451974155,,solid
test-45deg,0.08747826086956517,88.08895640642356,8.695652173915103e-05,0.28191598413835095,630,234.0,1.0,3,0.5084916325621975,visible_pixel_support,False,visible_candidate,line-test-45deg-000427,630,630,0.5084916325621975,,solid
test-45deg,0.08765217391304342,88.08895640642356,8.695652173915103e-05,0.28191598413835095,631,234.0,1.0,3,0.4425923226039856,visible_pixel_support,False,visible_candidate,line-test-45deg-000428,631,631,0.4425923226039856,,solid
test-45deg,0.08782608695652169,87.94799841435439,8.695652173912327e-05,0.14095799206917548,632,234.5,0.5,2,0.11934551816460726,visible_pixel_support,False,visible_candidate,line-test-45deg-000429,632,632,0.29434551816460724,,solid
test-45deg,0.08799999999999994,87.94799841435439,8.695652173915103e-05,0.14095799206917548,633,234.5,0.5,2,0.17717462323088284,visible_pixel_support,False,visible_candidate,line-test-45deg-000430,633,633,0.17717462323088284,,solid
test-45deg,0.08817391304347821,87.94799841435439,8.695652173912327e-05,0.14095799206917548,634,234.5,0.5,2,0.23074772608234184,visible_pixel_support,False,visible_candidate,line-test-45deg-000431,634,634,0.23074772608234184,,solid
test-45deg,0.08834782608695646,87.94799841435439,8.695652173915103e-05,0.14095799206917548,635,234.5,0.5,2,0.27991756020622915,visible_pixel_support,False,visible_candidate,line-test-45deg-000432,635,635,0.27991756020622915,,solid
test-45deg,0.08852173913043473,87.94799841435439,8.695652173912327e-05,0.14095799206917548,636,234.5,0.5,2,0.32453685909001706,visible_pixel_support,False,visible_candidate,line-test-45deg-000433,636,636,0.32453685909001706,,solid
test-45deg,0.08869565217391298,87.94799841435439,8.695652173915103e-05,0.14095799206917548,637,234.5,0.5,2,0.3644583562210073,visible_pixel_support,False,visible_candidate,line-test-45deg-000434,637,637,0.3644583562210073,,solid
test-45deg,0.08886956521739126,87.94799841435439,8.695652173912327e-05,0.14095799206917548,638,234.5,0.5,2,0.39953478508661533,visible_pixel_support,False,visible_candidate,line-test-45deg-000435,638,638,0.39953478508661533,,solid
test-45deg,0.0890434782608695,87.94799841435439,8.695652173915103e-05,0.14095799206917548,639,234.5,0.5,2,0.4296188791741997,visible_pixel_support,False,visible_candidate,line-test-45deg-000436,639,639,0.4296188791741997,,solid
test-45deg,0.08921739130434778,87.94799841435439,8.695652173912327e-05,0.14095799206917548,640,234.5,0.5,2,0.4545633719711759,visible_pixel_support,False,visible_candidate,line-test-45deg-000437,640,640,0.4545633719711759,,solid
test-45deg,0.08939130434782602,87.80704042228521,8.695652173915103e-05,0.28191598413835095,641,235.0,1.0,3,0.9742209969648457,visible_pixel_support,False,visible_candidate,line-test-45deg-000438,641,641,1.1492209969648457,,solid
test-45deg,0.0895652173913043,87.94799841435439,8.695652173912327e-05,0.14095799206917548,642,234.5,0.5,2,0.4884444876426244,visible_pixel_support,False,visible_candidate,line-test-45deg-000439,642,642,0.6634444876426244,,solid
test-45deg,0.08973913043478254,88.08895640642356,8.695652173915103e-05,0.28191598413835095,643,234.0,1.0,3,0.0029134225081008935,visible_pixel_support,False,visible_candidate,line-test-45deg-000440,643,643,0.17791342250810088,,solid
test-45deg,0.08991304347826082,87.94799841435439,8.695652173912327e-05,0.14095799206917548,644,234.5,0.5,2,0.5,visible_pixel_support,False,visible_candidate,line-test-45deg-000441,644,644,0.675,,solid
test-45deg,0.09008695652173906,87.80704042228521,8.695652173915103e-05,0.28191598413835095,645,235.0,1.0,3,0.9596168294515621,visible_pixel_support,False,visible_candidate,line-test-45deg-000442,645,645,1.1346168294515622,,solid
test-45deg,0.09026086956521734,87.80704042228521,8.695652173912327e-05,0.28191598413835095,646,235.0,1.0,3,0.8422238918106757,visible_pixel_support,False,visible_candidate,line-test-45deg-000443,646,646,0.8422238918106757,,solid
test-45deg,0.09043478260869559,87.80704042228521,8.695652173915103e-05,0.28191598413835095,647,235.0,1.0,3,0.6534560480841662,visible_pixel_support,False,visible_candidate,line-test-45deg-000444,647,647,0.6534560480841662,,solid
test-45deg,0.09060869565217386,87.52512443814686,8.695652173912327e-05,0.28191598413836516,648,236.0,1.0,3,1.3989481592787172,visible_pixel_support,False,visible_candidate,line-test-45deg-000445,648,648,1.7489481592787173,,solid
test-45deg,0.0907826086956521,87.52512443814686,8.695652173915103e-05,0.28191598413836516,649,236.0,1.0,3,1.0843350864011825,visible_pixel_support,False,visible_candidate,line-test-45deg-000446,649,649,1.0843350864011825,,solid
test-45deg,0.09095652173913038,87.66608243021604,8.695652173912327e-05,0.14095799206917548,650,235.5,0.5,2,0.2152516904583024,visible_pixel_support,False,visible_candidate,line-test-45deg-000447,650,650,0.3902516904583024,,solid
test-45deg,0.09113043478260865,87.66608243021604,8.695652173915103e-05,0.14095799206917548,651,235.5,0.5,2,0.2026671675431828,visible_pixel_support,False,visible_candidate,line-test-45deg-000448,651,651,0.2026671675431828,,solid
test-45deg,0.0913043478260869,87.52512443814686,8.695652173912327e-05,0.28191598413836516,652,236.0,1.0,3,0.1637866265965613,visible_pixel_support,False,visible_candidate,line-test-45deg-000449,652,652,0.3387866265965613,,solid
test-45deg,0.09147826086956518,87.38416644607769,8.695652173915103e-05,0.14095799206918969,653,236.5,0.5,2,0.1624718256949791,visible_pixel_support,False,visible_candidate,line-test-45deg-000450,653,653,0.3374718256949791,,solid
test-45deg,0.09165217391304342,87.38416644607769,8.695652173912327e-05,0.14095799206918969,654,236.5,0.5,2,0.6930879038316959,visible_pixel_support,False,visible_candidate,line-test-45deg-000451,654,654,0.6930879038316959,,solid
test-45deg,0.0918260869565217,87.38416644607769,8.695652173915103e-05,0.14095799206918969,655,236.5,0.5,2,1.25,visible_pixel_support,False,visible_candidate,line-test-45deg-000452,655,655,1.25,,solid
test-45deg,0.09199999999999994,87.38416644607769,8.695652173912327e-05,0.14095799206918969,656,236.5,0.5,2,1.8275732531930942,visible_pixel_support,False,visible_candidate,line-test-45deg-000453,656,656,1.8275732531930942,,solid
test-45deg,0.09217391304347822,87.2432084540085,8.695652173915103e-05,0.28191598413836516,657,237.0,1.0,3,1.9201728024042097,visible_pixel_support,False,visible_candidate,line-test-45deg-000454,657,657,2.0951728024042096,,solid
test-45deg,0.09234782608695646,87.10225046193932,8.695652173912327e-05,0.42287397620754064,658,237.5,1.5,4,2.0221637866266065,visible_pixel_support,False,visible_candidate,line-test-45deg-000455,658,658,2.1971637866266063,,solid
test-45deg,0.09252173913043474,86.25650250952427,8.695652173915103e-05,1.2686219286225935,659,240.5,4.5,10,0.37208865514648437,visible_pixel_support,False,visible_candidate,line-test-45deg-000456,659,659,1.4220886551464842,,solid
test-45deg,0.09269565217391298,85.97458652538592,8.695652173912327e-05,1.5505379127609444,660,241.5,5.5,12,0.7682193839218598,visible_pixel_support,False,visible_candidate,line-test-45deg-000457,660,660,1.11821938392186,,solid
test-45deg,0.09286956521739126,86.25650250952427,8.695652173915103e-05,1.8324538968992954,661,240.5,6.5,14,0.8281367392937682,visible_pixel_support,False,visible_candidate,line-test-45deg-000458,661,661,1.1781367392937683,,solid
test-45deg,0.0930434782608695,86.11554451745509,8.695652173912327e-05,1.973411888968485,662,241.0,7.0,15,0.911344853493631,visible_pixel_support,False,visible_candidate,line-test-45deg-000459,662,662,1.086344853493631,,solid
test-45deg,0.09321739130434778,85.97458652538592,8.695652173915103e-05,2.1143698810376605,663,241.5,7.5,16,0.9757700976709316,visible_pixel_support,False,visible_candidate,line-test-45deg-000460,663,663,1.1507700976709316,,solid
test-45deg,0.09339130434782603,85.69267054124755,8.695652173912327e-05,2.3962858651760115,664,242.5,8.5,18,0.5157776108189296,visible_pixel_support,False,visible_candidate,line-test-45deg-000461,664,664,0.8657776108189296,,solid
test-45deg,0.0935652173913043,85.4107545571092,8.695652173915103e-05,2.3962858651760115,665,243.5,8.5,18,0.02573253193088476,visible_pixel_support,False,visible_candidate,line-test-45deg-000462,665,665,0.37573253193088474,,solid
test-45deg,0.09373913043478255,85.12883857297085,8.695652173912327e-05,2.1143698810376463,666,244.5,7.5,16,0.5,visible_pixel_support,False,visible_candidate,line-test-45deg-000463,666,666,0.85,,solid
test-90deg,0.00017391304347825695,0.6950013235339725,8.695652173913021e-05,0.5638319682767019,128,544.0,2.0,5,0.0,visible_pixel_support,True,visible_candidate,line-test-90deg-000001,128,128,0.0,,solid
test-90deg,0.00034782608695651737,0.6950013235339725,8.695652173913021e-05,0.5638319682767019,129,544.0,2.0,5,2.1123783862426535,visible_pixel_support,False,visible_candidate,line-test-90deg-000002,129,129,2.1123783862426535,,solid
test-90deg,0.0005217391304347778,0.8359593156031622,8.695652173913021e-05,0.7047899603458916,130,543.5,2.5,6,3.715536595469075,visible_pixel_support,False,visible_candidate,line-test-90deg-000003,130,130,3.890536595469075,,solid
test-90deg,0.0006956521739130382,1.1178752997415131,8.695652173913021e-05,0.9867059444842425,131,542.5,3.5,8,4.811450379896655,visible_pixel_support,False,visible_candidate,line-test-90deg-000004,131,131,5.161450379896655,,solid
test-90deg,0.0008695652173912986,1.399791283879864,8.695652173913021e-05,1.2686219286225935,132,541.5,4.5,10,5.902095491743353,visible_pixel_support,False,visible_candidate,line-test-90deg-000005,132,132,6.252095491743352,,solid
test-90deg,0.0010434782608695625,1.5407492759490253,8.695652173913368e-05,1.4095799206917832,133,541.0,5.0,11,7.48944768322724,visible_pixel_support,False,visible_candidate,line-test-90deg-000006,133,133,7.66444768322724,,solid
test-90deg,0.001217391304347823,1.963623252156566,8.695652173913021e-05,1.5505379127609444,134,539.5,5.5,12,8.075482706565822,visible_pixel_support,False,visible_candidate,line-test-90deg-000007,134,134,8.600482706565822,,solid
test-90deg,0.0013913043478260834,3.7960771490558614,8.695652173913021e-05,2.537243857245187,135,533.0,9.0,19,3.66217631397717,visible_pixel_support,False,visible_candidate,line-test-90deg-000008,135,135,5.9371763139771705,,solid
test-90deg,0.0015652173913043438,4.218951125263402,8.695652173913021e-05,2.3962858651760257,136,531.5,8.5,18,4.2515042576786755,visible_pixel_support,False,visible_candidate,line-test-90deg-000009,136,136,4.776504257678676,,solid
test-90deg,0.0017391304347826042,4.641825101470914,8.695652173913021e-05,2.255327873106836,137,530.0,8.0,17,4.845442289888638,visible_pixel_support,False,visible_candidate,line-test-90deg-000010,137,137,5.370442289888638,,solid
test-90deg,0.0019130434782608646,5.2056570697476445,8.695652173913021e-05,2.255327873106836,138,528.0,8.0,17,4.945966162824448,visible_pixel_support,False,visible_candidate,line-test-90deg-000011,138,138,5.645966162824448,,solid
test-90deg,0.002086956521739125,5.4875730538859955,8.695652173913021e-05,2.255327873106836,139,527.0,8.0,17,6.055051628704177,visible_pixel_support,False,visible_candidate,line-test-90deg-000012,139,139,6.405051628704177,,solid
test-90deg,0.0022608695652173855,5.628531045955157,8.695652173913021e-05,2.1143698810376463,140,526.5,7.5,16,7.674674439745445,visible_pixel_support,False,visible_candidate,line-test-90deg-000013,140,140,7.849674439745445,,solid
test-90deg,0.002434782608695646,5.769489038024346,8.695652173913021e-05,1.6914959048301341,141,526.0,6.0,13,9.30681034816621,visible_pixel_support,False,visible_candidate,line-test-90deg-000014,141,141,9.48181034816621,,solid
test-90deg,0.003130434782608691,9.998228800099639,8.695652173913021e-05,0.14095799206918969,145,511.0,0.5,1,3.0,visible_pixel_support,True,visible_candidate,line-test-90deg-000015,145,145,3.0,,solid
test-90deg,0.0033043478260869515,8.870564863546235,8.695652173913021e-05,1.1276639365534322,146,515.0,4.0,9,9.235930716115718,visible_pixel_support,False,visible_candidate,line-test-90deg-000016,146,146,10.635930716115718,,solid
test-90deg,0.003478260869565212,12.253556673206475,8.695652173913021e-05,0.14095799206918969,147,503.0,0.5,1,0.48717531975665906,visible_pixel_support,False,visible_candidate,line-test-90deg-000017,147,147,4.687175319756658,,solid
test-90deg,0.0036521739130434723,10.28014478423799,8.695652173913021e-05,0.8457479524150529,148,510.0,3.0,7,8.822771987996418,visible_pixel_support,False,visible_candidate,line-test-90deg-000018,148,148,11.272771987996418,,solid
test-90deg,0.003999999999999993,11.407808720791422,8.695652173913021e-05,0.28191598413837937,150,506.0,1.0,3,9.510187016835346,visible_pixel_support,True,visible_candidate,line-test-90deg-000019,150,150,9.510187016835346,,solid
test-90deg,0.01826086956521738,43.405272920494525,8.695652173913021e-05,0.9867059444842425,232,392.5,3.5,8,9.944329769067963,visible_pixel_support,True,visible_candidate,line-test-90deg-000020,232,232,9.944329769067963,,solid
test-90deg,0.01843478260869564,43.68718890463289,8.695652173913021e-05,0.9867059444842425,233,391.5,3.5,8,9.635466917518613,visible_pixel_support,False,visible_candidate,line-test-90deg-000021,233,233,9.985466917518613,,solid
test-90deg,0.020173913043478243,47.211138706362306,8.695652173913021e-05,0.14095799206917548,243,379.0,0.5,1,4.868126823487557,visible_pixel_support,True,visible_candidate,line-test-90deg-000022,243,243,12.868126823487557,,solid
test-90deg,0.020521739130434764,48.05688665877736,8.695652173913021e-05,0.14095799206918969,245,376.0,0.5,1,3.6952121617026137,visible_pixel_support,True,visible_candidate,line-test-90deg-000023,245,245,11.695212161702614,,solid
test-90deg,0.020695652173913025,48.338802642915724,8.695652173913715e-05,0.28191598413836516,246,375.0,1.0,3,3.649925754056653,visible_pixel_support,False,visible_candidate,line-test-90deg-000024,246,246,11.999925754056653,,solid
test-90deg,0.020869565217391292,48.4797606349849,8.695652173913021e-05,0.42287397620754064,247,374.5,1.5,4,4.129256680326023,visible_pixel_support,False,visible_candidate,line-test-90deg-000025,247,247,12.304256680326024,,solid
test-90deg,0.021043478260869553,48.76167661912325,8.695652173913021e-05,0.4228739762075264,248,373.5,1.5,4,4.131082479324164,visible_pixel_support,False,visible_candidate,line-test-90deg-000026,248,248,12.481082479324163,,solid
test-90deg,0.021217391304347813,48.902634611192425,8.695652173913021e-05,0.5638319682767019,249,373.0,2.0,5,4.653280689864175,visible_pixel_support,False,visible_candidate,line-test-90deg-000027,249,249,12.828280689864176,,solid
test-90deg,0.021391304347826073,49.184550595330776,8.695652173913021e-05,0.5638319682767161,250,372.0,2.0,5,4.693728850759555,visible_pixel_support,False,visible_candidate,line-test-90deg-000028,250,250,13.043728850759555,,solid
test-90deg,0.021565217391304334,49.6074245715383,8.695652173913021e-05,0.42287397620754064,251,370.5,1.5,4,4.250304500823688,visible_pixel_support,False,visible_candidate,line-test-90deg-000029,251,251,12.775304500823689,,solid
test-90deg,0.021739130434782594,49.74838256360749,8.695652173913021e-05,0.5638319682767161,252,370.0,2.0,5,4.8208851788696165,visible_pixel_support,False,visible_candidate,line-test-90deg-000030,252,252,12.995885178869617,,solid
test-90deg,0.021913043478260855,50.03029854774584,8.695652173913021e-05,0.5638319682767161,253,369.0,2.0,5,4.903348423710781,visible_pixel_support,False,visible_candidate,line-test-90deg-000031,253,253,13.253348423710781,,solid
test-90deg,0.022086956521739115,50.312214531884194,8.695652173913021e-05,0.5638319682767019,254,368.0,2.0,5,4.995571774160396,visible_pixel_support,False,visible_candidate,line-test-90deg-000032,254,254,13.345571774160396,,solid
test-90deg,0.022260869565217375,50.73508850809172,8.695652173913021e-05,0.4228739762075264,255,366.5,1.5,4,4.595432769032016,visible_pixel_support,False,visible_candidate,line-test-90deg-000033,255,255,13.120432769032016,,solid
test-90deg,0.022434782608695636,51.01700449223007,8.695652173913021e-05,0.42287397620754064,256,365.5,1.5,4,4.700808947138626,visible_pixel_support,False,visible_candidate,line-test-90deg-000034,256,256,13.050808947138625,,solid
test-90deg,0.022608695652173896,51.01700449223007,8.695652173913021e-05,0.42287397620754064,257,365.5,1.5,4,5.809577847293781,visible_pixel_support,False,visible_candidate,line-test-90deg-000035,257,257,13.809577847293781,,solid
test-90deg,0.022782608695652157,51.29892047636844,8.695652173913021e-05,0.42287397620754064,258,364.5,1.5,4,5.919617008310581,visible_pixel_support,False,visible_candidate,line-test-90deg-000036,258,258,14.26961700831058,,solid
test-90deg,0.022956521739130417,51.72179445257596,8.695652173913021e-05,0.5638319682767161,259,363.0,2.0,5,5.528803969002411,visible_pixel_support,False,visible_candidate,line-test-90deg-000037,259,259,14.053803969002411,,solid
test-90deg,0.023130434782608678,52.003710436714314,8.695652173913021e-05,0.5638319682767019,260,362.0,2.0,5,5.635016268182596,visible_pixel_support,False,visible_candidate,line-test-90deg-000038,260,260,13.985016268182596,,solid
test-90deg,0.023304347826086938,52.003710436714314,8.695652173913021e-05,0.5638319682767019,261,362.0,2.0,5,6.736131444664466,visible_pixel_support,False,visible_candidate,line-test-90deg-000039,261,261,14.736131444664466,,solid
test-90deg,0.0234782608695652,52.285626420852665,8.695652173913021e-05,0.5638319682767019,262,361.0,2.0,5,6.830027037261232,visible_pixel_support,False,visible_candidate,line-test-90deg-000040,262,262,15.180027037261231,,solid
test-90deg,0.02365217391304346,52.567542404991016,8.695652173913021e-05,0.5638319682767161,263,360.0,2.0,5,6.914580584786336,visible_pixel_support,False,visible_candidate,line-test-90deg-000041,263,263,15.264580584786335,,solid
test-90deg,0.02382608695652172,52.84945838912937,8.695652173913021e-05,0.5638319682767161,264,359.0,2.0,5,6.9876696260528774,visible_pixel_support,False,visible_candidate,line-test-90deg-000042,264,264,15.337669626052877,,solid
test-90deg,0.02399999999999998,52.99041638119856,8.695652173913021e-05,0.42287397620754064,265,358.5,1.5,4,7.547171699874298,visible_pixel_support,False,visible_candidate,line-test-90deg-000043,265,265,15.722171699874298,,solid
test-90deg,0.024173913043478247,53.27233236533691,8.695652173913715e-05,0.42287397620754064,266,357.5,1.5,4,7.5909643450639805,visible_pixel_support,False,visible_candidate,line-test-90deg-000044,266,266,15.94096434506398,,solid
test-90deg,0.024347826086956507,53.41329035740608,8.695652173913021e-05,0.5638319682767161,267,357.0,2.0,5,8.116925100434969,visible_pixel_support,False,visible_candidate,line-test-90deg-000045,267,267,16.29192510043497,,solid
test-90deg,0.024521739130434768,53.83616433361361,8.695652173913021e-05,0.4228739762075264,268,355.5,1.5,4,7.622931504800874,visible_pixel_support,False,visible_candidate,line-test-90deg-000046,268,268,16.147931504800873,,solid
test-90deg,0.02469565217391303,53.977122325682785,8.695652173913021e-05,0.5638319682767161,269,355.0,2.0,5,8.10686109697474,visible_pixel_support,False,visible_candidate,line-test-90deg-000047,269,269,16.28186109697474,,solid
test-90deg,0.02486956521739129,54.259038309821136,8.695652173913021e-05,0.5638319682767161,270,354.0,2.0,5,8.06659141577012,visible_pixel_support,False,visible_candidate,line-test-90deg-000048,270,270,16.41659141577012,,solid
test-90deg,0.02504347826086955,54.39999630189031,8.695652173913021e-05,0.42287397620754064,271,353.5,1.5,4,8.5,visible_pixel_support,False,visible_candidate,line-test-90deg-000049,271,271,16.675,,solid
test-90deg,0.02521739130434781,54.5409542939595,8.695652173913021e-05,0.28191598413836516,272,353.0,1.0,3,8.91966639016539,visible_pixel_support,False,visible_candidate,line-test-90deg-000050,272,272,17.09466639016539,,solid
test-90deg,0.02539130434782607,54.68191228602868,8.695652173913021e-05,0.14095799206917548,273,352.5,0.5,2,9.33911410251153,visible_pixel_support,False,visible_candidate,line-test-90deg-000051,273,273,17.51411410251153,,solid
test-90deg,0.027652173913043462,57.782988111550566,8.695652173913715e-05,0.14095799206917548,286,341.5,0.5,2,9.950578287184953,visible_pixel_support,True,visible_candidate,line-test-90deg-000052,286,286,17.950578287184953,,solid
test-90deg,0.03617391304347824,65.67663566742446,8.695652173913021e-05,0.42287397620754064,335,313.5,1.5,4,9.955740632720449,visible_pixel_support,True,visible_candidate,line-test-90deg-000053,335,335,17.95574063272045,,solid
test-90deg,0.03652173913043476,65.95855165156281,8.695652173913021e-05,0.4228739762075264,337,312.5,1.5,4,9.739117129265026,visible_pixel_support,True,visible_candidate,line-test-90deg-000054,337,337,17.739117129265026,,solid
test-90deg,0.03704347826086954,66.24046763570117,8.695652173913021e-05,0.4228739762075264,340,311.5,1.5,4,9.87977508896887,visible_pixel_support,True,visible_candidate,line-test-90deg-000055,340,340,17.87977508896887,,solid
test-90deg,0.0372173913043478,66.38142562777034,8.695652173913021e-05,0.5638319682767019,341,311.0,2.0,5,9.750615149388068,visible_pixel_support,False,visible_candidate,line-test-90deg-000056,341,341,17.92561514938807,,solid
test-90deg,0.03739130434782606,66.52238361983952,8.695652173913021e-05,0.4228739762075264,342,310.5,1.5,4,9.616680531405791,visible_pixel_support,False,visible_candidate,line-test-90deg-000057,342,342,17.79168053140579,,solid
test-90deg,0.03756521739130432,66.66334161190869,8.695652173913021e-05,0.28191598413835095,343,310.0,1.0,3,9.477920205825683,visible_pixel_support,False,visible_candidate,line-test-90deg-000058,343,343,17.652920205825684,,solid
test-90deg,0.03773913043478258,66.80429960397787,8.695652173913021e-05,0.42287397620754064,344,309.5,1.5,4,9.334283143451444,visible_pixel_support,False,visible_candidate,line-test-90deg-000059,344,344,17.509283143451444,,solid
test-90deg,0.03791304347826085,66.94525759604704,8.695652173913715e-05,0.28191598413836516,345,309.0,1.0,3,9.185718315086717,visible_pixel_support,False,visible_candidate,line-test-90deg-000060,345,345,17.360718315086718,,solid
test-90deg,0.03808695652173911,67.08621558811623,8.695652173913021e-05,0.42287397620754064,346,308.5,1.5,4,9.03217469153526,visible_pixel_support,False,visible_candidate,line-test-90deg-000061,346,346,17.20717469153526,,solid
test-90deg,0.03826086956521737,67.22717358018541,8.695652173913021e-05,0.28191598413836516,347,308.0,1.0,3,8.873601243600774,visible_pixel_support,False,visible_candidate,line-test-90deg-000062,347,347,17.048601243600775,,solid
test-90deg,0.03843478260869563,67.36813157225458,8.695652173913021e-05,0.42287397620754064,348,307.5,1.5,4,8.709946942086845,visible_pixel_support,False,visible_candidate,line-test-90deg-000063,348,348,16.884946942086845,,solid
test-90deg,0.03860869565217389,67.50908956432376,8.695652173913021e-05,0.28191598413835095,349,307.0,1.0,3,8.541160757797286,visible_pixel_support,False,visible_candidate,line-test-90deg-000064,349,349,16.716160757797287,,solid
test-90deg,0.03878260869565215,67.65004755639293,8.695652173913021e-05,0.4228739762075264,350,306.5,1.5,4,8.367191661535799,visible_pixel_support,False,visible_candidate,line-test-90deg-000065,350,350,16.5421916615358,,solid
test-90deg,0.03895652173913041,67.65004755639293,8.695652173913021e-05,0.4228739762075264,351,306.5,1.5,4,8.68798862410597,visible_pixel_support,False,visible_candidate,line-test-90deg-000066,351,351,16.68798862410597,,solid
test-90deg,0.03913043478260867,67.93196354053129,8.695652173913021e-05,0.4228739762075264,352,305.5,1.5,4,8.003500616311555,visible_pixel_support,False,visible_candidate,line-test-90deg-000067,352,352,16.353500616311557,,solid
test-90deg,0.03930434782608693,67.93196354053129,8.695652173913021e-05,0.4228739762075264,353,305.5,1.5,4,8.313676608956314,visible_pixel_support,False,visible_candidate,line-test-90deg-000068,353,353,16.313676608956314,,solid
test-90deg,0.03947826086956519,68.21387952466964,8.695652173913021e-05,0.42287397620754064,354,304.5,1.5,4,7.6184655728438315,visible_pixel_support,False,visible_candidate,line-test-90deg-000069,354,354,15.968465572843831,,solid
test-90deg,0.03965217391304345,68.21387952466964,8.695652173913021e-05,0.42287397620754064,355,304.5,1.5,4,7.917816478777752,visible_pixel_support,False,visible_candidate,line-test-90deg-000070,355,355,15.917816478777752,,solid
test-90deg,0.03982608695652171,68.49579550880799,8.695652173913021e-05,0.42287397620754064,356,303.5,1.5,4,7.211678297561946,visible_pixel_support,False,visible_candidate,line-test-90deg-000071,356,356,15.561678297561945,,solid
test-90deg,0.03999999999999997,68.49579550880799,8.695652173913021e-05,0.42287397620754064,357,303.5,1.5,4,7.5,visible_pixel_support,False,visible_candidate,line-test-90deg-000072,357,357,15.5,,solid
test-90deg,0.040173913043478233,68.63675350087718,8.695652173913021e-05,0.28191598413836516,358,303.0,1.0,3,7.284743930043476,visible_pixel_support,False,visible_candidate,line-test-90deg-000073,358,358,15.459743930043476,,solid
test-90deg,0.040347826086956494,68.77771149294635,8.695652173913715e-05,0.42287397620754064,359,302.5,1.5,4,7.067890919399815,visible_pixel_support,False,visible_candidate,line-test-90deg-000074,359,359,15.242890919399816,,solid
test-90deg,0.040521739130434754,68.91866948501553,8.695652173913715e-05,0.28191598413835095,360,302.0,1.0,3,6.849417670506682,visible_pixel_support,False,visible_candidate,line-test-90deg-000075,360,360,15.024417670506683,,solid
test-90deg,0.040695652173913015,69.0596274770847,8.695652173913715e-05,0.4228739762075264,361,301.5,1.5,4,6.62930088580157,visible_pixel_support,False,visible_candidate,line-test-90deg-000076,361,361,14.80430088580157,,solid
test-90deg,0.040869565217391275,69.20058546915388,8.695652173913715e-05,0.28191598413835095,362,301.0,1.0,3,6.407517267722085,visible_pixel_support,False,visible_candidate,line-test-90deg-000077,362,362,14.582517267722086,,solid
test-90deg,0.041043478260869536,69.20058546915388,8.695652173913715e-05,0.28191598413835095,363,301.0,1.0,3,6.684043518705948,visible_pixel_support,False,visible_candidate,line-test-90deg-000078,363,363,14.684043518705948,,solid
test-90deg,0.043826086956521716,71.31495535019152,8.695652173913715e-05,0.14095799206917548,379,293.5,0.5,2,3.359594916135052,visible_pixel_support,True,visible_candidate,line-test-90deg-000079,379,379,11.359594916135052,,solid
test-90deg,0.04399999999999998,71.4559133422607,8.695652173913715e-05,0.28191598413836516,380,293.0,1.0,3,3.1038244141473683,visible_pixel_support,False,visible_candidate,line-test-90deg-000080,380,380,11.278824414147369,,solid
test-90deg,0.04417391304347824,71.4559133422607,8.695652173913715e-05,0.28191598413836516,381,293.0,1.0,3,3.3459444250998445,visible_pixel_support,False,visible_candidate,line-test-90deg-000081,381,381,11.345944425099844,,solid
test-90deg,0.0443478260869565,71.4559133422607,8.695652173913715e-05,0.28191598413836516,382,293.0,1.0,3,3.5859316514299167,visible_pixel_support,False,visible_candidate,line-test-90deg-000082,382,382,11.585931651429917,,solid
test-90deg,0.04452173913043476,71.59687133432988,8.695652173913715e-05,0.42287397620754064,383,292.5,1.5,4,3.3237627955753055,visible_pixel_support,False,visible_candidate,line-test-90deg-000083,383,383,11.498762795575306,,solid
test-90deg,0.04469565217391302,71.73782932639907,8.695652173913715e-05,0.28191598413836516,384,292.0,1.0,3,3.0594145599735043,visible_pixel_support,False,visible_candidate,line-test-90deg-000084,384,384,11.234414559973505,,solid
test-90deg,0.04486956521739128,71.87878731846824,8.695652173913715e-05,0.42287397620754064,385,291.5,1.5,4,2.7928636470622905,visible_pixel_support,False,visible_candidate,line-test-90deg-000085,385,385,10.967863647062291,,solid
test-90deg,0.04504347826086954,72.01974531053742,8.695652173913715e-05,0.28191598413835095,386,291.0,1.0,3,2.5240867592790437,visible_pixel_support,False,visible_candidate,line-test-90deg-000086,386,386,10.699086759279044,,solid
test-90deg,0.0452173913043478,72.01974531053742,8.695652173913715e-05,0.28191598413835095,387,291.0,1.0,3,2.7530605990614276,visible_pixel_support,False,visible_candidate,line-test-90deg-000087,387,387,10.753060599061428,,solid
test-90deg,0.04539130434782606,72.16070330260659,8.695652173913715e-05,0.4228739762075264,388,290.5,1.5,4,2.47976186884722,visible_pixel_support,False,visible_candidate,line-test-90deg-000088,388,388,10.65476186884722,,solid
test-90deg,0.04556521739130432,72.30166129467577,8.695652173913715e-05,0.28191598413835095,389,290.0,1.0,3,2.204167271073743,visible_pixel_support,False,visible_candidate,line-test-90deg-000089,389,389,10.379167271073744,,solid
test-90deg,0.04573913043478258,72.44261928674494,8.695652173913715e-05,0.4228739762075264,390,289.5,1.5,4,1.9262535081787746,visible_pixel_support,False,visible_candidate,line-test-90deg-000090,390,390,10.101253508178775,,solid
test-90deg,0.04591304347826084,72.44261928674494,8.695652173913715e-05,0.4228739762075264,391,289.5,1.5,4,2.1459972825999216,visible_pixel_support,False,visible_candidate,line-test-90deg-000091,391,391,10.145997282599922,,solid
test-90deg,0.0460869565217391,72.58357727881412,8.695652173913715e-05,0.28191598413835095,392,289.0,1.0,3,1.8633752967747341,visible_pixel_support,False,visible_candidate,line-test-90deg-000092,392,392,10.038375296774735,,solid
test-90deg,0.04626086956521736,72.7245352708833,8.695652173913715e-05,0.4228739762075264,393,288.5,1.5,4,1.578364253140819,visible_pixel_support,False,visible_candidate,line-test-90deg-000093,393,393,9.75336425314082,,solid
test-90deg,0.04643478260869562,72.7245352708833,8.695652173913715e-05,0.4228739762075264,394,288.5,1.5,4,1.7909408541357266,visible_pixel_support,False,visible_candidate,line-test-90deg-000094,394,394,9.790940854135727,,solid
test-90deg,0.04660869565217388,72.86549326295247,8.695652173913715e-05,0.28191598413835095,395,288.0,1.0,3,1.5010818021971204,visible_pixel_support,False,visible_candidate,line-test-90deg-000095,395,395,9.676081802197121,,solid
test-90deg,0.04678260869565214,73.00645125502164,8.695652173913715e-05,0.42287397620754064,396,287.5,1.5,4,1.2087637997625507,visible_pixel_support,False,visible_candidate,line-test-90deg-000096,396,396,9.383763799762551,,solid
test-90deg,0.046956521739130404,73.00645125502164,8.695652173913715e-05,0.42287397620754064,397,287.5,1.5,4,1.413963549269738,visible_pixel_support,False,visible_candidate,line-test-90deg-000097,397,397,9.413963549269738,,solid
test-90deg,0.047130434782608664,73.14740924709082,8.695652173913715e-05,0.28191598413836516,398,287.0,1.0,3,1.1166577531561188,visible_pixel_support,False,visible_candidate,line-test-90deg-000098,398,398,9.29165775315612,,solid
test-90deg,0.047304347826086925,73.28836723916001,8.695652173913715e-05,0.42287397620754064,399,286.5,1.5,4,0.8168231138593569,visible_pixel_support,False,visible_candidate,line-test-90deg-000099,399,399,8.991823113859358,,solid
test-90deg,0.047478260869565185,73.42932523122919,8.695652173913715e-05,0.28191598413836516,400,286.0,1.0,3,0.5144363338171161,visible_pixel_support,False,visible_candidate,line-test-90deg-000100,400,400,8.689436333817117,,solid
test-90deg,0.047652173913043445,73.42932523122919,8.695652173913715e-05,0.28191598413836516,401,286.0,1.0,3,0.7094741154669464,visible_pixel_support,False,visible_candidate,line-test-90deg-000101,401,401,8.709474115466946,,solid
test-90deg,0.047826086956521706,73.57028322329836,8.695652173913715e-05,0.42287397620754064,402,285.5,1.5,4,0.401913161246398,visible_pixel_support,False,visible_candidate,line-test-90deg-000102,402,402,8.576913161246399,,solid
test-90deg,0.047999999999999966,73.71124121536754,8.695652173913715e-05,0.28191598413835095,403,285.0,1.0,3,0.09173017359313462,visible_pixel_support,False,visible_candidate,line-test-90deg-000103,403,403,8.266730173593135,,solid
test-90deg,0.04817391304347823,73.71124121536754,8.695652173913715e-05,0.28191598413835095,404,285.0,1.0,3,0.27890185494459274,visible_pixel_support,False,visible_candidate,line-test-90deg-000104,404,404,8.278901854944593,,solid
test-90deg,0.04834782608695649,73.85219920743671,8.695652173913715e-05,0.4228739762075264,405,284.5,1.5,4,0.03659509226127966,visible_pixel_support,False,visible_candidate,line-test-90deg-000105,405,405,8.21159509226128,,solid
test-90deg,0.04852173913043475,73.99315719950589,8.695652173913715e-05,0.28191598413835095,406,284.0,1.0,3,0.35478396558715986,visible_pixel_support,False,visible_candidate,line-test-90deg-000106,406,406,8.52978396558716,,solid
test-90deg,0.04869565217391301,73.99315719950589,8.695652173913715e-05,0.28191598413835095,407,284.0,1.0,3,0.17568806259538405,visible_pixel_support,False,visible_candidate,line-test-90deg-000107,407,407,8.175688062595384,,solid
test-90deg,0.04886956521739127,74.13411519157506,8.695652173913715e-05,0.4228739762075264,408,283.5,1.5,4,0.49933068084828847,visible_pixel_support,False,visible_candidate,line-test-90deg-000108,408,408,8.67433068084829,,solid
test-90deg,0.04904347826086953,74.13411519157506,8.695652173913715e-05,0.4228739762075264,409,283.5,1.5,4,0.3257351179084367,visible_pixel_support,False,visible_candidate,line-test-90deg-000109,409,409,8.325735117908437,,solid
test-90deg,0.04921739130434779,74.27507318364424,8.695652173913715e-05,0.28191598413835095,410,283.0,1.0,3,0.6549246713380512,visible_pixel_support,False,visible_candidate,line-test-90deg-000110,410,410,8.829924671338052,,solid
test-90deg,0.04939130434782605,74.27507318364424,8.695652173913715e-05,0.28191598413835095,411,283.0,1.0,3,0.4869226386996388,visible_pixel_support,False,visible_candidate,line-test-90deg-000111,411,411,8.486922638699639,,solid
test-90deg,0.04956521739130431,74.41603117571341,8.695652173913715e-05,0.14095799206917548,412,282.5,0.5,2,0.8217523175555357,visible_pixel_support,False,visible_candidate,line-test-90deg-000112,412,412,8.996752317555536,,solid
test-90deg,0.05252173913043475,75.82561109640518,8.695652173913715e-05,0.14095799206917548,429,277.5,0.5,2,3.2432828706997725,model_assisted_exclusive_assignment,True,visible_candidate,line-test-90deg-000113,429,429,11.243282870699773,test-90deg|mfh-90deg,solid
test-90deg,0.05269565217391301,75.96656908847436,8.695652173913715e-05,0.28191598413835095,430,277.0,1.0,3,3.6017153872658128,model_assisted_exclusive_assignment,False,visible_candidate,line-test-90deg-000114,430,430,11.776715387265813,test-90deg|mfh-90deg,solid
test-90deg,0.05286956521739127,75.96656908847436,8.695652173913715e-05,0.28191598413835095,431,277.0,1.0,3,3.4613688733302865,model_assisted_exclusive_assignment,False,visible_candidate,line-test-90deg-000115,431,431,11.461368873330287,test-90deg|mfh-90deg,solid
test-90deg,0.05304347826086953,75.96656908847436,8.695652173913715e-05,0.28191598413835095,432,277.0,1.0,3,3.32226290457254,model_assisted_exclusive_assignment,False,visible_candidate,line-test-90deg-000116,432,432,11.32226290457254,test-90deg|mfh-90deg,solid
test-90deg,0.05321739130434779,75.96656908847436,8.695652173913715e-05,0.28191598413835095,433,277.0,1.0,3,3.1844170566719754,model_assisted_exclusive_assignment,False,visible_candidate,line-test-90deg-000117,433,433,11.184417056671975,test-90deg|mfh-90deg,solid
test-90deg,0.05339130434782605,76.10752708054353,8.695652173913715e-05,0.42287397620754064,434,276.5,1.5,4,3.5478509053082234,model_assisted_exclusive_assignment,False,visible_candidate,line-test-90deg-000118,434,434,11.722850905308224,test-90deg|mfh-90deg,solid
test-90deg,0.053565217391304314,76.24848507261271,8.695652173913715e-05,0.28191598413836516,435,276.0,1.0,3,3.9125840261605163,model_assisted_exclusive_assignment,False,visible_candidate,line-test-90deg-000119,435,435,12.087584026160517,test-90deg|mfh-90deg,solid
test-90deg,0.053739130434782574,76.24848507261271,8.695652173913715e-05,0.28191598413836516,436,276.0,1.0,3,3.778635994908484,model_assisted_exclusive_assignment,False,visible_candidate,line-test-90deg-000120,436,436,11.778635994908484,test-90deg|mfh-90deg,solid
test-90deg,0.053913043478260834,76.24848507261271,8.695652173913715e-05,0.28191598413836516,437,276.0,1.0,3,3.646026387231359,model_assisted_exclusive_assignment,False,visible_candidate,line-test-90deg-000121,437,437,11.646026387231359,test-90deg|mfh-90deg,solid
test-90deg,0.054086956521739095,76.38944306468188,8.695652173913715e-05,0.42287397620754064,438,275.5,1.5,4,4.0147747788087145,model_assisted_exclusive_assignment,False,visible_candidate,line-test-90deg-000122,438,438,12.189774778808715,test-90deg|mfh-90deg,solid
test-90deg,0.054260869565217355,76.38944306468188,8.695652173913715e-05,0.42287397620754064,439,275.5,1.5,4,3.8849007453199533,model_assisted_exclusive_assignment,False,visible_candidate,line-test-90deg-000123,439,439,11.884900745319953,test-90deg|mfh-90deg,solid
test-90deg,0.054434782608695616,76.53040105675107,8.695652173913715e-05,0.28191598413836516,440,275.0,1.0,3,4.256423862444535,model_assisted_exclusive_assignment,False,visible_candidate,line-test-90deg-000124,440,440,12.431423862444536,test-90deg|mfh-90deg,solid
test-90deg,0.054608695652173876,76.53040105675107,8.695652173913715e-05,0.28191598413836516,441,275.0,1.0,3,4.129363705861749,model_assisted_exclusive_assignment,False,visible_candidate,line-test-90deg-000125,441,441,12.12936370586175,test-90deg|mfh-90deg,solid
test-90deg,0.05478260869565214,76.53040105675107,8.695652173913715e-05,0.28191598413836516,442,275.0,1.0,3,4.0037398512512254,model_assisted_exclusive_assignment,False,visible_candidate,line-test-90deg-000126,442,442,12.003739851251225,test-90deg|mfh-90deg,solid
test-90deg,0.0549565217391304,76.67135904882025,8.695652173913715e-05,0.42287397620754064,443,274.5,1.5,4,4.37957187429231,model_assisted_exclusive_assignment,False,visible_candidate,line-test-90deg-000127,443,443,12.55457187429231,test-90deg|mfh-90deg,solid
test-90deg,0.05513043478260866,76.81231704088943,8.695652173913715e-05,0.28191598413835095,444,274.0,1.0,3,4.756879350664406,model_assisted_exclusive_assignment,False,visible_candidate,line-test-90deg-000128,444,444,12.931879350664406,test-90deg|mfh-90deg,solid
test-90deg,0.05530434782608692,76.81231704088943,8.695652173913715e-05,0.28191598413835095,445,274.0,1.0,3,4.635681856047029,model_assisted_exclusive_assignment,False,visible_candidate,line-test-90deg-000129,445,445,12.635681856047029,test-90deg|mfh-90deg,solid
test-90deg,0.05547826086956518,76.9532750329586,8.695652173913715e-05,0.4228739762075264,446,273.5,1.5,4,5.015998966119639,model_assisted_exclusive_assignment,False,visible_candidate,line-test-90deg-000130,446,446,13.19099896611964,test-90deg|mfh-90deg,solid
test-90deg,0.05565217391304344,76.9532750329586,8.695652173913715e-05,0.4228739762075264,447,273.5,1.5,4,4.897850256561583,model_assisted_exclusive_assignment,False,visible_candidate,line-test-90deg-000131,447,447,12.897850256561583,test-90deg|mfh-90deg,solid
test-90deg,0.0558260869565217,76.9532750329586,8.695652173913715e-05,0.4228739762075264,448,273.5,1.5,4,4.781255303052205,model_assisted_exclusive_assignment,False,visible_candidate,line-test-90deg-000132,448,448,12.781255303052205,test-90deg|mfh-90deg,solid
test-90deg,0.05599999999999996,76.9532750329586,8.695652173913715e-05,0.4228739762075264,449,273.5,1.5,4,4.666233681271137,model_assisted_exclusive_assignment,False,visible_candidate,line-test-90deg-000133,449,449,12.666233681271137,test-90deg|mfh-90deg,solid
test-90deg,0.05617391304347822,77.09423302502778,8.695652173913715e-05,0.28191598413835095,450,273.0,1.0,3,5.0528049668977815,model_assisted_exclusive_assignment,False,visible_candidate,line-test-90deg-000134,450,450,13.227804966897782,test-90deg|mfh-90deg,solid
test-90deg,0.05634782608695648,77.09423302502778,8.695652173913715e-05,0.28191598413835095,451,273.0,1.0,3,4.940988735611484,model_assisted_exclusive_assignment,False,visible_candidate,line-test-90deg-000135,451,451,12.940988735611484,test-90deg|mfh-90deg,solid
test-90deg,0.05652173913043474,77.23519101709695,8.695652173913715e-05,0.4228739762075264,452,272.5,1.5,4,5.330804563091704,model_assisted_exclusive_assignment,False,visible_candidate,line-test-90deg-000136,452,452,13.505804563091704,test-90deg|mfh-90deg,solid
test-90deg,0.056695652173913015,77.23519101709695,8.695652173913715e-05,0.4228739762075264,453,272.5,1.5,4,5.222272025017901,model_assisted_exclusive_assignment,False,visible_candidate,line-test-90deg-000137,453,453,13.2222720250179,test-90deg|mfh-90deg,solid
test-90deg,0.056869565217391276,77.23519101709695,8.695652173913715e-05,0.4228739762075264,454,272.5,1.5,4,5.115410697069478,model_assisted_exclusive_assignment,False,visible_candidate,line-test-90deg-000138,454,454,13.115410697069478,test-90deg|mfh-90deg,solid
test-90deg,0.057043478260869536,77.23519101709695,8.695652173913715e-05,0.4228739762075264,455,272.5,1.5,4,5.0102401549259525,model_assisted_exclusive_assignment,False,visible_candidate,line-test-90deg-000139,455,455,13.010240154925953,test-90deg|mfh-90deg,solid
test-90deg,0.057217391304347796,77.37614900916613,8.695652173913715e-05,0.28191598413835095,456,272.0,1.0,3,5.406779974266726,model_assisted_exclusive_assignment,False,visible_candidate,line-test-90deg-000140,456,456,13.581779974266727,test-90deg|mfh-90deg,solid
test-90deg,0.05739130434782606,77.37614900916613,8.695652173913715e-05,0.28191598413835095,457,272.0,1.0,3,5.305049730771202,model_assisted_exclusive_assignment,False,visible_candidate,line-test-90deg-000141,457,457,13.305049730771202,test-90deg|mfh-90deg,solid
test-90deg,0.05756521739130432,77.5171070012353,8.695652173913715e-05,0.4228739762075264,458,271.5,1.5,4,5.705069000118783,model_assisted_exclusive_assignment,False,visible_candidate,line-test-90deg-000142,458,458,13.880069000118784,test-90deg|mfh-90deg,solid
test-90deg,0.05773913043478258,77.5171070012353,8.695652173913715e-05,0.4228739762075264,459,271.5,1.5,4,5.606857357988986,model_assisted_exclusive_assignment,False,visible_candidate,line-test-90deg-000143,459,459,13.606857357988986,test-90deg|mfh-90deg,solid
test-90deg,0.05791304347826084,77.5171070012353,8.695652173913715e-05,0.4228739762075264,460,271.5,1.5,4,5.510434380061156,model_assisted_exclusive_assignment,False,visible_candidate,line-test-90deg-000144,460,460,13.510434380061156,test-90deg|mfh-90deg,solid
test-90deg,0.0580869565217391,77.5171070012353,8.695652173913715e-05,0.4228739762075264,461,271.5,1.5,4,5.415819642014867,model_assisted_exclusive_assignment,False,visible_candidate,line-test-90deg-000145,461,461,13.415819642014867,test-90deg|mfh-90deg,solid
test-90deg,0.05826086956521736,77.65806499330448,8.695652173913715e-05,0.28191598413835095,462,271.0,1.0,3,5.823032719529465,model_assisted_exclusive_assignment,False,visible_candidate,line-test-90deg-000146,462,462,13.998032719529466,test-90deg|mfh-90deg,solid
test-90deg,0.05843478260869562,77.65806499330448,8.695652173913715e-05,0.28191598413835095,463,271.0,1.0,3,5.732093188284296,model_assisted_exclusive_assignment,False,visible_candidate,line-test-90deg-000147,463,463,13.732093188284296,test-90deg|mfh-90deg,solid
test-90deg,0.05860869565217388,77.65806499330448,8.695652173913715e-05,0.14095799206917548,464,271.0,0.5,1,5.6430206239589324,model_assisted_exclusive_assignment,False,visible_candidate,line-test-90deg-000148,464,464,13.643020623958932,test-90deg|mfh-90deg,solid
test-90deg,0.061391304347826046,78.50381294571955,8.695652173913715e-05,0.14095799206917548,480,268.0,0.5,1,7.413998113903858,model_assisted_exclusive_assignment,True,visible_candidate,line-test-90deg-000149,480,480,15.413998113903858,test-90deg|mfh-90deg,solid
test-90deg,0.06156521739130431,78.50381294571955,8.695652173913715e-05,0.28191598413835095,481,268.0,1.0,3,7.340554143261272,model_assisted_exclusive_assignment,False,visible_candidate,line-test-90deg-000150,481,481,15.340554143261272,test-90deg|mfh-90deg,solid
test-90deg,0.06173913043478257,78.50381294571955,8.695652173913715e-05,0.28191598413835095,482,268.0,1.0,3,7.26725162983314,model_assisted_exclusive_assignment,False,visible_candidate,line-test-90deg-000151,482,482,15.26725162983314,test-90deg|mfh-90deg,solid
test-90deg,0.06191304347826083,78.50381294571955,8.695652173913715e-05,0.28191598413835095,483,268.0,1.0,3,7.194145926442218,model_assisted_exclusive_assignment,False,visible_candidate,line-test-90deg-000152,483,483,15.194145926442218,test-90deg|mfh-90deg,solid
test-90deg,0.06208695652173909,78.50381294571955,8.695652173913715e-05,0.28191598413835095,484,268.0,1.0,3,7.121292385911659,model_assisted_exclusive_assignment,False,visible_candidate,line-test-90deg-000153,484,484,15.121292385911659,test-90deg|mfh-90deg,solid
test-90deg,0.06226086956521735,78.50381294571955,8.695652173913715e-05,0.28191598413835095,485,268.0,1.0,3,7.048746361064445,model_assisted_exclusive_assignment,False,visible_candidate,line-test-90deg-000154,485,485,15.048746361064445,test-90deg|mfh-90deg,solid
test-90deg,0.06243478260869561,78.50381294571955,8.695652173913021e-05,0.28191598413835095,486,268.0,1.0,3,6.976563204723448,model_assisted_exclusive_assignment,False,visible_candidate,line-test-90deg-000155,486,486,14.976563204723448,test-90deg|mfh-90deg,solid
test-90deg,0.06260869565217386,78.50381294571955,8.695652173915103e-05,0.28191598413835095,487,268.0,1.0,3,6.904798269711762,model_assisted_exclusive_assignment,False,visible_candidate,line-test-90deg-000156,487,487,14.904798269711762,test-90deg|mfh-90deg,solid
test-90deg,0.06278260869565214,78.64477093778872,8.695652173912327e-05,0.4228739762075264,488,267.5,1.5,4,7.333506908852314,model_assisted_exclusive_assignment,False,visible_candidate,line-test-90deg-000157,488,488,15.508506908852315,test-90deg|mfh-90deg,solid
test-90deg,0.06295652173913038,78.64477093778872,8.695652173915103e-05,0.4228739762075264,489,267.5,1.5,4,7.262744474968201,model_assisted_exclusive_assignment,False,visible_candidate,line-test-90deg-000158,489,489,15.262744474968201,test-90deg|mfh-90deg,solid
test-90deg,0.06313043478260866,78.7857289298579,8.695652173912327e-05,0.28191598413835095,490,267.0,1.0,3,7.692566320882406,model_assisted_exclusive_assignment,False,visible_candidate,line-test-90deg-000159,490,490,15.867566320882407,test-90deg|mfh-90deg,solid
test-90deg,0.0633043478260869,78.7857289298579,8.695652173915103e-05,0.28191598413835095,491,267.0,1.0,3,7.623027799417741,model_assisted_exclusive_assignment,False,visible_candidate,line-test-90deg-000160,491,491,15.623027799417741,test-90deg|mfh-90deg,solid
test-90deg,0.06347826086956518,78.7857289298579,8.695652173912327e-05,0.28191598413835095,492,267.0,1.0,3,7.554184263397417,model_assisted_exclusive_assignment,False,visible_candidate,line-test-90deg-000161,492,492,15.554184263397417,test-90deg|mfh-90deg,solid
test-90deg,0.06365217391304345,78.7857289298579,8.695652173915103e-05,0.28191598413835095,493,267.0,1.0,3,7.486091065644359,model_assisted_exclusive_assignment,False,visible_candidate,line-test-90deg-000162,493,493,15.48609106564436,test-90deg|mfh-90deg,solid
test-90deg,0.0638260869565217,78.7857289298579,8.695652173912327e-05,0.28191598413835095,494,267.0,1.0,3,7.4188035589814945,model_assisted_exclusive_assignment,False,visible_candidate,line-test-90deg-000163,494,494,15.418803558981494,test-90deg|mfh-90deg,solid
test-90deg,0.06399999999999997,78.7857289298579,8.695652173915103e-05,0.28191598413835095,495,267.0,1.0,3,7.352377096231919,model_assisted_exclusive_assignment,False,visible_candidate,line-test-90deg-000164,495,495,15.352377096231919,test-90deg|mfh-90deg,solid
test-90deg,0.06417391304347822,78.7857289298579,8.695652173912327e-05,0.28191598413835095,496,267.0,1.0,3,7.286867030218559,model_assisted_exclusive_assignment,False,visible_candidate,line-test-90deg-000165,496,496,15.28686703021856,test-90deg|mfh-90deg,solid
test-90deg,0.0643478260869565,78.7857289298579,8.695652173915103e-05,0.28191598413835095,497,267.0,1.0,3,7.222328713764455,model_assisted_exclusive_assignment,False,visible_candidate,line-test-90deg-000166,497,497,15.222328713764455,test-90deg|mfh-90deg,solid
test-90deg,0.06452173913043474,78.92668692192707,8.695652173912327e-05,0.4228739762075264,498,266.5,1.5,4,7.658817499692475,model_assisted_exclusive_assignment,False,visible_candidate,line-test-90deg-000167,498,498,15.833817499692476,test-90deg|mfh-90deg,solid
test-90deg,0.06469565217391302,78.92668692192707,8.695652173915103e-05,0.4228739762075264,499,266.5,1.5,4,7.596388740825773,model_assisted_exclusive_assignment,False,visible_candidate,line-test-90deg-000168,499,499,15.596388740825773,test-90deg|mfh-90deg,solid
test-90deg,0.06486956521739126,78.92668692192707,8.695652173912327e-05,0.4228739762075264,500,266.5,1.5,4,7.535097789987276,model_assisted_exclusive_assignment,False,visible_candidate,line-test-90deg-000169,500,500,15.535097789987276,test-90deg|mfh-90deg,solid
test-90deg,0.06504347826086954,79.06764491399625,8.695652173915103e-05,0.28191598413835095,501,266.0,1.0,3,7.975000000000023,model_assisted_exclusive_assignment,False,visible_candidate,line-test-90deg-000170,501,501,16.150000000000023,test-90deg|mfh-90deg,solid
test-90deg,0.06521739130434778,79.06764491399625,8.695652173912327e-05,0.28191598413835095,502,266.0,1.0,3,7.916150723686883,model_assisted_exclusive_assignment,False,visible_candidate,line-test-90deg-000171,502,502,15.916150723686883,test-90deg|mfh-90deg,solid
test-90deg,0.06539130434782606,79.06764491399625,8.695652173915103e-05,0.28191598413835095,503,266.0,1.0,3,7.85860531387101,model_assisted_exclusive_assignment,False,visible_candidate,line-test-90deg-000172,503,503,15.85860531387101,test-90deg|mfh-90deg,solid
test-90deg,0.0655652173913043,79.06764491399625,8.695652173912327e-05,0.28191598413835095,504,266.0,1.0,3,7.80241912337533,model_assisted_exclusive_assignment,False,visible_candidate,line-test-90deg-000173,504,504,15.80241912337533,test-90deg|mfh-90deg,solid
test-90deg,0.06573913043478258,79.06764491399625,8.695652173915103e-05,0.28191598413835095,505,266.0,1.0,3,7.747647505022769,model_assisted_exclusive_assignment,False,visible_candidate,line-test-90deg-000174,505,505,15.747647505022769,test-90deg|mfh-90deg,solid
test-90deg,0.06591304347826082,79.06764491399625,8.695652173912327e-05,0.28191598413835095,506,266.0,1.0,3,7.694345811636367,model_assisted_exclusive_assignment,False,visible_candidate,line-test-90deg-000175,506,506,15.694345811636367,test-90deg|mfh-90deg,solid
test-90deg,0.0660869565217391,79.20860290606542,8.695652173915103e-05,0.42287397620754064,507,265.5,1.5,4,8.142569396039221,model_assisted_exclusive_assignment,False,visible_candidate,line-test-90deg-000176,507,507,16.31756939603922,test-90deg|mfh-90deg,solid
test-90deg,0.06626086956521735,79.20860290606542,8.695652173912327e-05,0.42287397620754064,508,265.5,1.5,4,8.0923736110542,model_assisted_exclusive_assignment,False,visible_candidate,line-test-90deg-000177,508,508,16.0923736110542,test-90deg|mfh-90deg,solid
test-90deg,0.06643478260869562,79.20860290606542,8.695652173915103e-05,0.42287397620754064,509,265.5,1.5,4,8.043813809504286,model_assisted_exclusive_assignment,False,visible_candidate,line-test-90deg-000178,509,509,16.043813809504286,test-90deg|mfh-90deg,solid
test-90deg,0.06660869565217387,79.20860290606542,8.695652173912327e-05,0.42287397620754064,510,265.5,1.5,4,7.996945344212577,model_assisted_exclusive_assignment,False,visible_candidate,line-test-90deg-000179,510,510,15.996945344212577,test-90deg|mfh-90deg,solid
test-90deg,0.06678260869565214,79.20860290606542,8.695652173915103e-05,0.42287397620754064,511,265.5,1.5,4,7.951823568001942,model_assisted_exclusive_assignment,False,visible_candidate,line-test-90deg-000180,511,511,15.951823568001942,test-90deg|mfh-90deg,solid
test-90deg,0.06695652173913039,79.20860290606542,8.695652173915103e-05,0.42287397620754064,512,265.5,1.5,4,7.908503833695534,model_assisted_exclusive_assignment,False,visible_candidate,line-test-90deg-000181,512,512,15.908503833695534,test-90deg|mfh-90deg,solid
test-90deg,0.06713043478260866,79.20860290606542,8.695652173912327e-05,0.42287397620754064,513,265.5,1.5,4,7.867041494116165,model_assisted_exclusive_assignment,False,visible_candidate,line-test-90deg-000182,513,513,15.867041494116165,test-90deg|mfh-90deg,solid
test-90deg,0.06730434782608691,79.20860290606542,8.695652173915103e-05,0.42287397620754064,514,265.5,1.5,4,7.82749190208699,model_assisted_exclusive_assignment,False,visible_candidate,line-test-90deg-000183,514,514,15.82749190208699,test-90deg|mfh-90deg,solid
test-90deg,0.06747826086956518,79.3495608981346,8.695652173912327e-05,0.28191598413836516,515,265.0,1.0,3,8.289910410430934,model_assisted_exclusive_assignment,False,visible_candidate,line-test-90deg-000184,515,515,16.464910410430935,test-90deg|mfh-90deg,solid
test-90deg,0.06869565217391299,74.27507318364424,8.695652173915103e-05,0.14095799206917548,522,283.0,0.5,1,9.913403583582749,visible_pixel_support,True,visible_candidate,line-test-90deg-000185,522,522,17.91340358358275,,solid
test-90deg,0.06886956521739127,74.27507318364424,8.695652173912327e-05,0.14095799206917548,523,283.0,0.5,1,9.933247570626122,visible_pixel_support,False,visible_candidate,line-test-90deg-000186,523,523,17.933247570626122,,solid
test-90deg,0.07060869565217387,79.63147688227296,8.695652173912327e-05,0.28191598413836516,533,264.0,1.0,3,9.058010073857702,model_assisted_exclusive_assignment,True,visible_candidate,line-test-90deg-000187,533,533,17.0580100738577,test-90deg|mfh-90deg,solid
test-90deg,0.07078260869565214,79.63147688227296,8.695652173915103e-05,0.28191598413836516,534,264.0,1.0,3,9.102495969642519,model_assisted_exclusive_assignment,False,visible_candidate,line-test-90deg-000188,534,534,17.10249596964252,test-90deg|mfh-90deg,solid
test-90deg,0.07095652173913039,79.63147688227296,8.695652173912327e-05,0.28191598413836516,535,264.0,1.0,3,9.159160811083837,model_assisted_exclusive_assignment,False,visible_candidate,line-test-90deg-000189,535,535,17.159160811083837,test-90deg|mfh-90deg,solid
test-90deg,0.07113043478260866,79.63147688227296,8.695652173915103e-05,0.28191598413836516,536,264.0,1.0,3,9.2277672042257,model_assisted_exclusive_assignment,False,visible_candidate,line-test-90deg-000190,536,536,17.2277672042257,test-90deg|mfh-90deg,solid
test-90deg,0.07130434782608691,79.63147688227296,8.695652173912327e-05,0.28191598413836516,537,264.0,1.0,3,9.308077755112379,model_assisted_exclusive_assignment,False,visible_candidate,line-test-90deg-000191,537,537,17.30807775511238,test-90deg|mfh-90deg,solid
test-90deg,0.07147826086956519,79.63147688227296,8.695652173915103e-05,0.28191598413836516,538,264.0,1.0,3,9.399855069787804,model_assisted_exclusive_assignment,False,visible_candidate,line-test-90deg-000192,538,538,17.399855069787804,test-90deg|mfh-90deg,solid
mfh-90deg,0.07165217391304343,79.77243487434214,8.695652173912327e-05,0.42287397620754064,539,263.5,1.5,4,2.4081498760752424,visible_pixel_support,True,visible_candidate,line-mfh-90deg-000001,539,539,27.408149876075242,,dashed
mfh-90deg,0.0718260869565217,79.77243487434214,8.695652173915103e-05,0.42287397620754064,540,263.5,1.5,4,2.3876847397040137,visible_pixel_support,False,visible_candidate,line-mfh-90deg-000002,540,540,27.387684739704014,,dashed
test-90deg,0.07199999999999995,74.55698916778259,8.695652173912327e-05,0.14095799206917548,541,282.0,0.5,1,8.2583863430105,visible_pixel_support,True,visible_candidate,line-test-90deg-000193,541,541,10.623791622907675,,solid
mfh-90deg,0.07199999999999995,79.77243487434214,8.695652173912327e-05,0.42287397620754064,541,263.5,1.5,4,2.3654052798971748,visible_pixel_support,False,visible_candidate,line-mfh-90deg-000003,541,541,10.623791622907675,,dashed
mfh-90deg,0.07217391304347823,79.77243487434214,8.695652173915103e-05,0.42287397620754064,542,263.5,1.5,4,2.341376293920405,visible_pixel_support,False,visible_candidate,line-mfh-90deg-000004,542,542,27.341376293920405,,dashed
mfh-90deg,0.07234782608695647,79.77243487434214,8.695652173912327e-05,0.42287397620754064,543,263.5,1.5,4,2.315662579039156,visible_pixel_support,False,visible_candidate,line-mfh-90deg-000005,543,543,27.315662579039156,,dashed
mfh-90deg,0.07252173913043475,79.77243487434214,8.695652173915103e-05,0.42287397620754064,544,263.5,1.5,4,2.2883289325189935,visible_pixel_support,False,visible_candidate,line-mfh-90deg-000006,544,544,27.288328932518993,,dashed
mfh-90deg,0.072695652173913,79.77243487434214,8.695652173912327e-05,0.42287397620754064,545,263.5,1.5,4,2.259440151625597,visible_pixel_support,False,visible_candidate,line-mfh-90deg-000007,545,545,27.259440151625597,,dashed
mfh-90deg,0.07286956521739127,79.77243487434214,8.695652173915103e-05,0.42287397620754064,546,263.5,1.5,4,2.2290610336243617,visible_pixel_support,False,visible_candidate,line-mfh-90deg-000008,546,546,27.22906103362436,,dashed
mfh-90deg,0.07304347826086952,79.77243487434214,8.695652173912327e-05,0.42287397620754064,547,263.5,1.5,4,2.19725637578091,visible_pixel_support,False,visible_candidate,line-mfh-90deg-000009,547,547,27.19725637578091,,dashed
mfh-90deg,0.07321739130434779,79.77243487434214,8.695652173915103e-05,0.42287397620754064,548,263.5,1.5,4,2.164090975360864,visible_pixel_support,False,visible_candidate,line-mfh-90deg-000010,548,548,27.164090975360864,,dashed
mfh-90deg,0.07339130434782604,79.77243487434214,8.695652173912327e-05,0.42287397620754064,549,263.5,1.5,4,2.129629629629676,visible_pixel_support,False,visible_candidate,line-mfh-90deg-000011,549,549,27.129629629629676,,dashed
mfh-90deg,0.07356521739130431,79.77243487434214,8.695652173915103e-05,0.42287397620754064,550,263.5,1.5,4,2.0939371358528547,visible_pixel_support,False,visible_candidate,line-mfh-90deg-000012,550,550,27.093937135852855,,dashed
mfh-90deg,0.07373913043478256,79.77243487434214,8.695652173915103e-05,0.42287397620754064,551,263.5,1.5,4,2.0570782912960794,visible_pixel_support,False,visible_candidate,line-mfh-90deg-000013,551,551,27.05707829129608,,dashed
mfh-90deg,0.07391304347826083,79.77243487434214,8.695652173912327e-05,0.42287397620754064,552,263.5,1.5,4,2.019117893224916,visible_pixel_support,False,visible_candidate,line-mfh-90deg-000014,552,552,27.019117893224916,,dashed
mfh-90deg,0.07408695652173908,79.77243487434214,8.695652173915103e-05,0.42287397620754064,553,263.5,1.5,4,1.9801207389048159,visible_pixel_support,False,visible_candidate,line-mfh-90deg-000015,553,553,26.980120738904816,,dashed
test-90deg,0.07426086956521735,73.42932523122919,8.695652173912327e-05,0.28191598413836516,554,286.0,1.0,3,9.765941488074873,visible_pixel_support,True,visible_candidate,line-test-90deg-000194,554,554,11.706093113676275,,solid
mfh-90deg,0.07426086956521735,79.77243487434214,8.695652173912327e-05,0.42287397620754064,554,263.5,1.5,4,1.940151625601402,visible_pixel_support,False,visible_candidate,line-mfh-90deg-000016,554,554,11.706093113676275,,dashed
test-90deg,0.0744347826086956,73.57028322329836,8.695652173915103e-05,0.42287397620754064,555,285.5,1.5,4,9.015550464230898,visible_pixel_support,False,visible_candidate,line-test-90deg-000195,555,555,10.764825814811083,,solid
mfh-90deg,0.0744347826086956,79.91339286641131,8.695652173915103e-05,0.28191598413835095,555,263.0,1.0,3,1.399275350580183,visible_pixel_support,False,visible_candidate,line-mfh-90deg-000017,555,555,10.764825814811083,,dashed
mfh-90deg,0.07460869565217387,79.91339286641131,8.695652173912327e-05,0.28191598413835095,556,263.0,1.0,3,1.3575567111067812,visible_pixel_support,False,visible_candidate,line-mfh-90deg-000018,556,556,26.35755671110678,,dashed
test-90deg,0.07478260869565212,73.42932523122919,8.695652173915103e-05,0.14095799206917548,557,286.0,0.5,1,8.993424792747305,visible_pixel_support,True,visible_candidate,line-test-90deg-000196,557,557,10.308485297194068,,solid
mfh-90deg,0.07478260869565212,79.91339286641131,8.695652173915103e-05,0.28191598413835095,557,263.0,1.0,3,1.3150605044467625,visible_pixel_support,False,visible_candidate,line-mfh-90deg-000019,557,557,10.308485297194068,,dashed
test-90deg,0.0749565217391304,74.97986314399013,8.695652173912327e-05,0.14095799206917548,558,280.5,0.5,2,3.2221649330193145,visible_pixel_support,False,visible_candidate,line-test-90deg-000197,558,558,6.419016460884779,,solid
mfh-90deg,0.0749565217391304,79.91339286641131,8.695652173912327e-05,0.28191598413835095,558,263.0,1.0,3,1.271851527865465,visible_pixel_support,False,visible_candidate,line-mfh-90deg-000020,558,558,6.419016460884779,,dashed
test-90deg,0.07513043478260864,75.1208211360593,8.695652173915103e-05,0.14095799206917548,559,280.0,0.5,1,2.4444235825749843,visible_pixel_support,False,visible_candidate,line-test-90deg-000198,559,559,3.8474181612037794,,solid
mfh-90deg,0.07513043478260864,79.91339286641131,8.695652173915103e-05,0.28191598413835095,559,263.0,1.0,3,1.2279945786287954,visible_pixel_support,False,visible_candidate,line-mfh-90deg-000021,559,559,3.8474181612037794,,dashed
test-90deg,0.07530434782608691,74.83890515192095,8.695652173912327e-05,0.14095799206918969,560,281.0,0.5,1,3.160438135370157,visible_pixel_support,False,visible_candidate,line-test-90deg-000199,560,560,4.693992589372192,,solid
mfh-90deg,0.07530434782608691,79.91339286641131,8.695652173912327e-05,0.28191598413835095,560,263.0,1.0,3,1.183554454002035,visible_pixel_support,False,visible_candidate,line-mfh-90deg-000022,560,560,4.693992589372192,,dashed
test-90deg,0.07547826086956516,73.57028322329836,8.695652173915103e-05,0.14095799206917548,561,285.5,0.5,2,7.370445985360675,visible_pixel_support,False,visible_candidate,line-test-90deg-000200,561,561,10.084041936611538,,solid
mfh-90deg,0.07547826086956516,79.91339286641131,8.695652173915103e-05,0.28191598413835095,561,263.0,1.0,3,1.1385959512508634,visible_pixel_support,False,visible_candidate,line-mfh-90deg-000023,561,561,10.084041936611538,,dashed
test-90deg,0.07565217391304344,73.28836723916001,8.695652173912327e-05,0.42287397620754064,562,286.5,1.5,4,8.074684526502438,visible_pixel_support,False,visible_candidate,line-test-90deg-000201,562,562,9.517868394143226,,solid
mfh-90deg,0.07565217391304344,79.91339286641131,8.695652173912327e-05,0.28191598413835095,562,263.0,1.0,3,1.0931838676407892,visible_pixel_support,False,visible_candidate,line-mfh-90deg-000024,562,562,9.517868394143226,,dashed
test-90deg,0.07582608695652168,73.57028322329836,8.695652173915103e-05,0.42287397620754064,563,285.5,1.5,4,6.77339115275106,visible_pixel_support,False,visible_candidate,line-test-90deg-000202,563,563,7.845774153188494,,solid
mfh-90deg,0.07582608695652168,80.05435085848049,8.695652173915103e-05,0.4228739762075264,563,262.5,1.5,4,0.5473830004374349,visible_pixel_support,False,visible_candidate,line-mfh-90deg-000025,563,563,7.845774153188494,,dashed
test-90deg,0.07599999999999996,73.57028322329836,8.695652173912327e-05,0.14095799206917548,564,285.5,0.5,2,6.466803258062669,visible_pixel_support,False,visible_candidate,line-test-90deg-000203,564,564,6.968061404968864,,solid
mfh-90deg,0.07599999999999996,80.05435085848049,8.695652173912327e-05,0.4228739762075264,564,262.5,1.5,4,0.5012581469061956,visible_pixel_support,False,visible_candidate,line-mfh-90deg-000026,564,564,6.968061404968864,,dashed
test-90deg,0.0761739130434782,73.57028322329836,8.695652173915103e-05,0.14095799206917548,565,285.5,0.5,2,6.155158236392936,visible_pixel_support,False,visible_candidate,line-test-90deg-000204,565,565,6.610032340705686,,solid
mfh-90deg,0.0761739130434782,80.05435085848049,8.695652173915103e-05,0.4228739762075264,565,262.5,1.5,4,0.45487410431275066,visible_pixel_support,False,visible_candidate,line-mfh-90deg-000027,565,565,6.610032340705686,,dashed
test-90deg,0.07634782608695648,73.57028322329836,8.695652173912327e-05,0.14095799206917548,566,285.5,0.5,2,5.838693481697703,visible_pixel_support,False,visible_candidate,line-test-90deg-000205,566,566,6.1053978117749805,,solid
mfh-90deg,0.07634782608695648,80.19530885054967,8.695652173912327e-05,0.28191598413835095,566,262.0,1.0,3,0.09170433007727752,visible_pixel_support,False,visible_candidate,line-mfh-90deg-000028,566,566,6.1053978117749805,,dashed
test-90deg,0.07652173913043472,73.57028322329836,8.695652173915103e-05,0.14095799206917548,567,285.5,0.5,2,5.517646387932814,visible_pixel_support,False,visible_candidate,line-test-90deg-000206,567,567,5.656058746931251,,solid
mfh-90deg,0.07652173913043472,80.19530885054967,8.695652173915103e-05,0.28191598413835095,567,262.0,1.0,3,0.13841235899843696,visible_pixel_support,False,visible_candidate,line-mfh-90deg-000029,567,567,5.656058746931251,,dashed
test-90deg,0.076695652173913,73.57028322329836,8.695652173912327e-05,0.14095799206917548,568,285.5,0.5,2,5.192254349054167,visible_pixel_support,False,visible_candidate,line-test-90deg-000207,568,568,5.682069163869005,,solid
mfh-90deg,0.076695652173913,80.05435085848049,8.695652173912327e-05,0.14095799206917548,568,262.5,0.5,2,0.314814814814838,visible_pixel_support,False,visible_candidate,line-mfh-90deg-000030,568,568,5.682069163869005,,dashed
test-90deg,0.07686956521739124,73.57028322329836,8.695652173915103e-05,0.14095799206917548,569,285.5,0.5,2,4.862754759017548,visible_pixel_support,False,visible_candidate,line-test-90deg-000208,569,569,12.862754759017548,,solid
test-90deg,0.07704347826086952,73.57028322329836,8.695652173912327e-05,0.14095799206917548,570,285.5,0.5,2,4.5293850117788,visible_pixel_support,False,visible_candidate,line-test-90deg-000209,570,570,12.5293850117788,,solid
test-90deg,0.07721739130434777,73.57028322329836,8.695652173915103e-05,0.14095799206917548,571,285.5,0.5,2,4.192382501293707,visible_pixel_support,False,visible_candidate,line-test-90deg-000210,571,571,12.192382501293707,,solid
test-90deg,0.07739130434782604,73.57028322329836,8.695652173912327e-05,0.42287397620754064,572,285.5,1.5,4,3.851984621518227,visible_pixel_support,False,visible_candidate,line-test-90deg-000211,572,572,11.851984621518227,,solid
test-90deg,0.07756521739130431,73.57028322329836,8.695652173915103e-05,0.42287397620754064,573,285.5,1.5,4,3.5084287664080875,visible_pixel_support,False,visible_candidate,line-test-90deg-000212,573,573,11.508428766408088,,solid
test-90deg,0.07773913043478256,73.57028322329836,8.695652173912327e-05,0.14095799206917548,574,285.5,0.5,2,3.1619523299191314,visible_pixel_support,False,visible_candidate,line-test-90deg-000213,574,574,11.161952329919131,,solid
test-90deg,0.07791304347826083,73.57028322329836,8.695652173915103e-05,0.14095799206917548,575,285.5,0.5,2,2.812792706007258,visible_pixel_support,False,visible_candidate,line-test-90deg-000214,575,575,10.812792706007258,,solid
test-90deg,0.07808695652173908,73.57028322329836,8.695652173912327e-05,0.14095799206917548,576,285.5,0.5,2,2.4611872886283663,visible_pixel_support,False,visible_candidate,line-test-90deg-000215,576,576,10.461187288628366,,solid
test-90deg,0.07826086956521736,73.57028322329836,8.695652173915103e-05,0.14095799206917548,577,285.5,0.5,2,2.1073734717381285,visible_pixel_support,False,visible_candidate,line-test-90deg-000216,577,577,10.107373471738129,,solid
test-90deg,0.0784347826086956,73.57028322329836,8.695652173912327e-05,0.14095799206917548,578,285.5,0.5,2,1.7515886492924437,visible_pixel_support,False,visible_candidate,line-test-90deg-000217,578,578,9.751588649292444,,solid
test-90deg,0.07860869565217388,73.71124121536754,8.695652173915103e-05,0.5638319682767161,579,285.0,2.0,5,0.8940702152471545,visible_pixel_support,False,visible_candidate,line-test-90deg-000218,579,579,9.069070215247155,,solid
test-90deg,0.07878260869565212,73.57028322329836,8.695652173912327e-05,0.42287397620754064,580,285.5,1.5,4,1.0350555635581031,visible_pixel_support,False,visible_candidate,line-test-90deg-000219,580,580,9.210055563558104,,solid
test-90deg,0.0789565217391304,73.57028322329836,8.695652173915103e-05,0.14095799206917548,581,285.5,0.5,2,0.674782088181189,visible_pixel_support,False,visible_candidate,line-test-90deg-000220,581,581,8.674782088181189,,solid
test-90deg,0.07913043478260864,73.57028322329836,8.695652173912327e-05,0.14095799206917548,582,285.5,0.5,2,0.3134871830721977,visible_pixel_support,False,visible_candidate,line-test-90deg-000221,582,582,8.313487183072198,,solid
test-90deg,0.07930434782608692,73.57028322329836,8.695652173915103e-05,0.14095799206917548,583,285.5,0.5,2,0.04859175781314207,visible_pixel_support,False,visible_candidate,line-test-90deg-000222,583,583,8.048591757813142,,solid
test-90deg,0.07947826086956516,73.57028322329836,8.695652173912327e-05,0.14095799206917548,584,285.5,0.5,2,0.41121734051876047,visible_pixel_support,False,visible_candidate,line-test-90deg-000223,584,584,8.41121734051876,,solid
test-90deg,0.07965217391304344,73.57028322329836,8.695652173915103e-05,0.14095799206917548,585,285.5,0.5,2,0.7741521710890993,visible_pixel_support,False,visible_candidate,line-test-90deg-000224,585,585,1.7016008327556165,,solid
mfh-90deg,0.07965217391304344,80.19530885054967,8.695652173915103e-05,0.28191598413835095,585,262.0,1.0,3,0.9274486616665172,visible_pixel_support,True,visible_candidate,line-mfh-90deg-000031,585,585,1.7016008327556165,,dashed
test-90deg,0.07982608695652169,73.57028322329836,8.695652173912327e-05,0.14095799206917548,586,285.5,0.5,2,1.1371588555680319,visible_pixel_support,False,visible_candidate,line-test-90deg-000225,586,586,2.1014663617912674,,solid
mfh-90deg,0.07982608695652169,80.19530885054967,8.695652173912327e-05,0.28191598413835095,586,262.0,1.0,3,0.9643075062232356,visible_pixel_support,False,visible_candidate,line-mfh-90deg-000032,586,586,2.1014663617912674,,dashed
test-90deg,0.07999999999999996,73.57028322329836,8.695652173915103e-05,0.14095799206917548,587,285.5,0.5,2,1.5,visible_pixel_support,False,visible_candidate,line-test-90deg-000226,587,587,2.5,,solid
mfh-90deg,0.07999999999999996,80.19530885054967,8.695652173915103e-05,0.28191598413835095,587,262.0,1.0,3,1.0,visible_pixel_support,False,visible_candidate,line-mfh-90deg-000033,587,587,2.5,,dashed
test-90deg,0.0801739130434782,73.57028322329836,8.695652173912327e-05,0.14095799206917548,588,285.5,0.5,2,1.8799083861326267,visible_pixel_support,False,visible_candidate,line-test-90deg-000227,588,588,1.8799083861326267,,solid
test-90deg,0.08034782608695648,73.57028322329836,8.695652173915103e-05,0.14095799206917548,589,285.5,0.5,2,2.29274357896918,visible_pixel_support,False,visible_candidate,line-test-90deg-000228,589,589,2.29274357896918,,solid
test-90deg,0.08052173913043473,73.57028322329836,8.695652173912327e-05,0.42287397620754064,590,285.5,1.5,4,2.736208359437569,visible_pixel_support,False,visible_candidate,line-test-90deg-000229,590,590,2.736208359437569,,solid
test-90deg,0.080695652173913,73.57028322329836,8.695652173915103e-05,0.7047899603458916,591,285.5,2.5,6,3.2080055084651917,visible_pixel_support,False,visible_candidate,line-test-90deg-000230,591,591,3.2080055084651917,,solid
test-90deg,0.08086956521739125,73.57028322329836,8.695652173915103e-05,0.9867059444842425,592,285.5,3.5,8,3.7058378069798437,visible_pixel_support,False,visible_candidate,line-test-90deg-000231,592,592,3.7058378069798437,,solid
test-90deg,0.08104347826086952,73.57028322329836,8.695652173912327e-05,1.2686219286225935,593,285.5,4.5,10,4.227408035909036,visible_pixel_support,False,visible_candidate,line-test-90deg-000232,593,593,4.227408035909036,,solid
test-90deg,0.08121739130434777,73.57028322329836,8.695652173915103e-05,1.5505379127609444,594,285.5,5.5,12,4.770418976180395,visible_pixel_support,False,visible_candidate,line-test-90deg-000233,594,594,4.770418976180395,,solid
test-90deg,0.08139130434782604,73.57028322329836,8.695652173912327e-05,1.5505379127609444,595,285.5,5.5,12,5.332573408721544,visible_pixel_support,False,visible_candidate,line-test-90deg-000234,595,595,5.332573408721544,,solid
test-90deg,0.08156521739130429,73.57028322329836,8.695652173915103e-05,1.5505379127609444,596,285.5,5.5,12,5.9115741144602225,visible_pixel_support,False,visible_candidate,line-test-90deg-000235,596,596,5.9115741144602225,,solid
test-90deg,0.08173913043478256,73.57028322329836,8.695652173912327e-05,1.5505379127609444,597,285.5,5.5,12,6.505123874323829,visible_pixel_support,False,visible_candidate,line-test-90deg-000236,597,597,6.505123874323829,,solid
test-90deg,0.08191304347826081,73.57028322329836,8.695652173915103e-05,1.5505379127609444,598,285.5,5.5,12,7.110925469240215,visible_pixel_support,False,visible_candidate,line-test-90deg-000237,598,598,7.110925469240215,,solid
test-90deg,0.08208695652173909,73.57028322329836,8.695652173912327e-05,1.5505379127609444,599,285.5,5.5,12,7.726681680136835,visible_pixel_support,False,visible_candidate,line-test-90deg-000238,599,599,7.726681680136835,,solid
test-90deg,0.08226086956521733,73.57028322329836,8.695652173915103e-05,1.5505379127609444,600,285.5,5.5,12,8.350095287941429,visible_pixel_support,False,visible_candidate,line-test-90deg-000239,600,600,8.350095287941429,,solid
test-90deg,0.0824347826086956,73.57028322329836,8.695652173912327e-05,1.5505379127609444,601,285.5,5.5,12,8.978869073581563,visible_pixel_support,False,visible_candidate,line-test-90deg-000240,601,601,8.978869073581563,,solid
test-90deg,0.08260869565217385,73.57028322329836,8.695652173915103e-05,1.5505379127609444,602,285.5,5.5,12,9.610705817984808,visible_pixel_support,False,visible_candidate,line-test-90deg-000241,602,602,9.610705817984808,,solid
test-90deg,0.08278260869565213,73.42932523122919,8.695652173912327e-05,1.69149590483012,603,286.0,6.0,13,9.743308302078958,visible_pixel_support,False,visible_candidate,line-test-90deg-000242,603,603,9.918308302078959,,solid
test-90deg,0.08295652173913037,73.28836723916001,8.695652173915103e-05,1.5505379127609444,604,286.5,5.5,12,9.874379306791411,visible_pixel_support,False,visible_candidate,line-test-90deg-000243,604,604,10.049379306791412,,solid
test-90deg,0.08382608695652169,71.03303936605317,8.695652173912327e-05,0.14095799206917548,609,294.5,0.5,2,4.926359472096976,visible_pixel_support,True,visible_candidate,line-test-90deg-000244,609,609,4.926359472096976,,solid
test-90deg,0.08399999999999994,71.17399735812235,8.695652173915103e-05,0.14095799206917548,610,294.0,0.5,1,6.0,visible_pixel_support,False,visible_candidate,line-test-90deg-000245,610,610,6.175,,solid
