series,x,y,x_uncertainty,y_uncertainty,pixel_x,pixel_y,pixel_half_width,pixel_half_height,center_localization_half_width_px,support_pixels,marker_shape,evidence_status,segment_break,status,candidate_id,guide_residual_px
test-0deg,0.00034782608695651737,4.782783093540104,8.695652173913021e-05,0.14095799206918969,129.0,529.5,2.0,6.5,0.5,54,square,visible_marker_support,True,visible_candidate,line-test-0deg-000001,
test-0deg,0.0033043478260869515,16.482296435281768,8.695652173913021e-05,0.14095799206918969,146.0,488.0,6.5,8.5,0.5,91,square,visible_marker_support,False,visible_candidate,line-test-0deg-000002,
test-0deg,0.010086956521739118,55.668618230512905,8.695652173913021e-05,0.14095799206917548,185.0,349.0,3.5,8.0,0.5,100,square,visible_marker_support,False,visible_candidate,line-test-0deg-000003,
test-0deg,0.013391304347826073,74.27507318364424,8.695652173913021e-05,0.14095799206917548,204.0,283.0,3.5,7.5,0.5,65,square,visible_marker_support,False,visible_candidate,line-test-0deg-000004,
test-0deg,0.015130434782608684,82.73255270779485,8.695652173913021e-05,0.14095799206918969,214.0,253.0,3.5,6.0,0.5,51,square,visible_marker_support,False,visible_candidate,line-test-0deg-000005,
test-0deg,0.0234782608695652,99.64751175609607,8.695652173913021e-05,0.14095799206918969,262.0,193.0,6.5,8.5,0.5,69,square,visible_marker_support,False,visible_candidate,line-test-0deg-000006,
test-0deg,0.02565217391304346,105.00391545472476,8.695652173913021e-05,0.14095799206918969,274.5,174.0,3.5,7.0,0.5,48,square,visible_marker_support,False,visible_candidate,line-test-0deg-000007,
test-0deg,0.028608695652173895,111.4879830899069,8.695652173913021e-05,0.14095799206917548,291.5,151.0,1.5,3.5,0.5,22,square,visible_marker_support,False,visible_candidate,line-test-0deg-000008,
test-0deg,0.03199999999999998,117.12630277267397,8.695652173913021e-05,0.14095799206918969,311.0,131.0,1.5,3.0,0.5,21,square,visible_marker_support,False,visible_candidate,line-test-0deg-000009,
test-0deg,0.047652173913043445,124.45611836027116,8.695652173913715e-05,0.14095799206917548,401.0,105.0,6.0,8.0,0.5,163,square,visible_marker_support,False,visible_candidate,line-test-0deg-000010,
mfh-0deg,0.0013913043478260834,8.870564863546235,8.695652173913021e-05,0.14095799206918969,135,515.0,,0.5,0.5,1,,visible_pixel_support,True,visible_candidate,line-mfh-0deg-000001,4.219089711368838
mfh-0deg,0.0015652173913043438,10.562060768376341,8.695652173913021e-05,0.14095799206918969,136,509.0,,4.0,0.5,9,,visible_pixel_support,False,visible_candidate,line-mfh-0deg-000002,2.224634896426778
mfh-0deg,0.0017391304347826042,11.407808720791422,8.695652173913021e-05,0.14095799206918969,137,506.0,,3.5,0.5,8,,visible_pixel_support,False,visible_candidate,line-mfh-0deg-000003,3.2449275895023106
mfh-0deg,0.0019130434782608646,12.535472657344826,8.695652173913021e-05,0.14095799206918969,138,502.0,,3.5,0.5,8,,visible_pixel_support,False,visible_candidate,line-mfh-0deg-000004,3.2888162954058657
mfh-0deg,0.002086956521739125,12.817388641483177,8.695652173913021e-05,0.14095799206918969,139,501.0,,2.0,0.5,5,,visible_pixel_support,False,visible_candidate,line-mfh-0deg-000005,6.365149518948044
mfh-0deg,0.0022608695652173855,13.381220609759879,8.695652173913021e-05,0.14095799206918969,140,499.0,,0.5,0.5,2,,visible_pixel_support,False,visible_candidate,line-mfh-0deg-000006,8.482775764939277
mfh-0deg,0.02608695652173911,117.97205072508903,8.695652173913021e-05,0.14095799206917548,277,128.0,,0.5,0.5,1,,visible_pixel_support,True,visible_candidate,line-mfh-0deg-000007,9.793633747670398
mfh-0deg,0.028869565217391285,121.91887450302599,8.695652173913021e-05,0.14095799206918969,293,114.0,,1.0,0.5,3,,visible_pixel_support,True,visible_candidate,line-mfh-0deg-000008,6.6016826712632195
mfh-0deg,0.029043478260869546,122.20079048716434,8.695652173913021e-05,0.14095799206918969,294,113.0,,1.5,0.5,4,,visible_pixel_support,False,visible_candidate,line-mfh-0deg-000009,6.229798904775336
mfh-0deg,0.029217391304347806,122.48270647130269,8.695652173913021e-05,0.14095799206917548,295,112.0,,1.5,0.5,4,,visible_pixel_support,False,visible_candidate,line-mfh-0deg-000010,5.856759237340654
mfh-0deg,0.029391304347826067,122.48270647130269,8.695652173913021e-05,0.14095799206917548,296,112.0,,1.0,0.5,3,,visible_pixel_support,False,visible_candidate,line-mfh-0deg-000011,6.483300172217298
mfh-0deg,0.029565217391304327,122.76462245544104,8.695652173913021e-05,0.14095799206917548,297,111.0,,1.0,0.5,3,,visible_pixel_support,False,visible_candidate,line-mfh-0deg-000012,6.1101582126634355
mfh-0deg,0.029739130434782587,122.76462245544104,8.695652173913021e-05,0.14095799206917548,298,111.0,,1.5,0.5,4,,visible_pixel_support,False,visible_candidate,line-mfh-0deg-000013,6.738069861937191
mfh-0deg,0.029913043478260848,123.0465384395794,8.695652173913021e-05,0.14095799206917548,299,110.0,,1.5,0.5,4,,visible_pixel_support,False,visible_candidate,line-mfh-0deg-000014,6.367771623296662
mfh-0deg,0.03008695652173911,123.32845442371774,8.695652173913021e-05,0.14095799206918969,300,109.0,,1.5,0.5,4,,visible_pixel_support,False,visible_candidate,line-mfh-0deg-000015,6.0
mfh-0deg,0.03026086956521737,123.32845442371774,8.695652173913021e-05,0.14095799206918969,301,109.0,,1.5,0.5,4,,visible_pixel_support,False,visible_candidate,line-mfh-0deg-000016,6.632073054295134
mfh-0deg,0.03043478260869563,123.6103704078561,8.695652173913021e-05,0.14095799206918969,302,108.0,,1.5,0.5,4,,visible_pixel_support,False,visible_candidate,line-mfh-0deg-000017,6.260821439927369
mfh-0deg,0.03060869565217389,123.89228639199446,8.695652173913021e-05,0.14095799206917548,303,107.0,,1.0,0.5,3,,visible_pixel_support,False,visible_candidate,line-mfh-0deg-000018,5.886250547400991
mfh-0deg,0.03078260869565215,123.89228639199446,8.695652173913021e-05,0.14095799206917548,304,107.0,,0.5,0.5,2,,visible_pixel_support,False,visible_candidate,line-mfh-0deg-000019,6.508365767220241
mfh-0deg,0.033565217391304324,126.99336221751635,8.695652173913021e-05,0.14095799206917548,320,96.0,,0.5,0.5,2,,visible_pixel_support,True,visible_candidate,line-mfh-0deg-000020,5.015919214812868
mfh-0deg,0.033739130434782584,127.2752782016547,8.695652173913021e-05,0.14095799206917548,321,95.0,,1.0,0.5,3,,visible_pixel_support,False,visible_candidate,line-mfh-0deg-000021,4.582523091660022
mfh-0deg,0.033913043478260844,127.2752782016547,8.695652173913021e-05,0.14095799206917548,322,95.0,,1.5,0.5,4,,visible_pixel_support,False,visible_candidate,line-mfh-0deg-000022,5.145910109929531
mfh-0deg,0.034086956521739105,127.55719418579305,8.695652173913021e-05,0.14095799206917548,323,94.0,,1.0,0.5,3,,visible_pixel_support,False,visible_candidate,line-mfh-0deg-000023,4.70608566012568
mfh-0deg,0.034260869565217365,127.55719418579305,8.695652173913021e-05,0.14095799206917548,324,94.0,,1.5,0.5,4,,visible_pixel_support,False,visible_candidate,line-mfh-0deg-000024,5.263055132752683
mfh-0deg,0.03443478260869563,127.8391101699314,8.695652173913715e-05,0.14095799206917548,325,93.0,,1.0,0.5,3,,visible_pixel_support,False,visible_candidate,line-mfh-0deg-000025,4.8168239183148245
mfh-0deg,0.03460869565217389,127.8391101699314,8.695652173913021e-05,0.14095799206917548,326,93.0,,1.5,0.5,4,,visible_pixel_support,False,visible_candidate,line-mfh-0deg-000026,5.367397407316375
mfh-0deg,0.034782608695652154,128.12102615406977,8.695652173913021e-05,0.14095799206918969,327,92.0,,1.5,0.5,4,,visible_pixel_support,False,visible_candidate,line-mfh-0deg-000027,4.914780990261576
mfh-0deg,0.034956521739130414,128.12102615406977,8.695652173913021e-05,0.14095799206918969,328,92.0,,1.5,0.5,4,,visible_pixel_support,False,visible_candidate,line-mfh-0deg-000028,5.458980057654699
mfh-0deg,0.035130434782608674,128.40294213820812,8.695652173913021e-05,0.14095799206918969,329,91.0,,1.5,0.5,4,,visible_pixel_support,False,visible_candidate,line-mfh-0deg-000029,5.0
mfh-0deg,0.035304347826086935,128.40294213820812,8.695652173913021e-05,0.14095799206918969,330,91.0,,1.0,0.5,3,,visible_pixel_support,False,visible_candidate,line-mfh-0deg-000030,5.538732215283588
mfh-0deg,0.035478260869565195,128.68485812234647,8.695652173913021e-05,0.14095799206918969,331,90.0,,1.0,0.5,3,,visible_pixel_support,False,visible_candidate,line-mfh-0deg-000031,5.075959569947855
mfh-0deg,0.035652173913043456,128.96677410648482,8.695652173913021e-05,0.14095799206916126,332,89.0,,1.0,0.5,3,,visible_pixel_support,False,visible_candidate,line-mfh-0deg-000032,4.6115246571814765
mfh-0deg,0.035826086956521716,128.68485812234647,8.695652173913021e-05,0.14095799206918969,333,90.0,,0.5,0.5,1,,visible_pixel_support,False,visible_candidate,line-mfh-0deg-000033,6.145270070173169
mfh-0deg,0.03878260869565215,131.50401796373,8.695652173913021e-05,0.14095799206918969,350,80.0,,0.5,0.5,2,,visible_pixel_support,True,visible_candidate,line-mfh-0deg-000034,4.788004731861193
mfh-0deg,0.03895652173913041,131.50401796373,8.695652173913021e-05,0.14095799206918969,351,80.0,,0.5,0.5,2,,visible_pixel_support,False,visible_candidate,line-mfh-0deg-000035,5.2620794437648755
mfh-0deg,0.03913043478260867,131.78593394786836,8.695652173913021e-05,0.14095799206918969,352,79.0,,1.5,0.5,4,,visible_pixel_support,False,visible_candidate,line-mfh-0deg-000036,4.731343752011853
mfh-0deg,0.03930434782608693,131.78593394786836,8.695652173913021e-05,0.14095799206918969,353,79.0,,1.0,0.5,3,,visible_pixel_support,False,visible_candidate,line-mfh-0deg-000037,5.19564024979077
mfh-0deg,0.03947826086956519,132.0678499320067,8.695652173913021e-05,0.14095799206916126,354,78.0,,1.0,0.5,3,,visible_pixel_support,False,visible_candidate,line-mfh-0deg-000038,4.6548115302903454
mfh-0deg,0.03965217391304345,132.0678499320067,8.695652173913021e-05,0.14095799206916126,355,78.0,,1.0,0.5,3,,visible_pixel_support,False,visible_candidate,line-mfh-0deg-000039,5.108700186699295
mfh-0deg,0.03982608695652171,132.34976591614506,8.695652173913021e-05,0.14095799206918969,356,77.0,,1.5,0.5,4,,visible_pixel_support,False,visible_candidate,line-mfh-0deg-000040,4.557148812206279
mfh-0deg,0.03999999999999997,132.34976591614506,8.695652173913021e-05,0.14095799206918969,357,77.0,,1.5,0.5,4,,visible_pixel_support,False,visible_candidate,line-mfh-0deg-000041,5.0
mfh-0deg,0.040173913043478233,132.6316819002834,8.695652173913021e-05,0.14095799206918969,358,76.0,,1.5,0.5,4,,visible_pixel_support,False,visible_candidate,line-mfh-0deg-000042,4.439079749480442
mfh-0deg,0.040347826086956494,132.6316819002834,8.695652173913715e-05,0.14095799206918969,359,76.0,,1.0,0.5,3,,visible_pixel_support,False,visible_candidate,line-mfh-0deg-000043,4.876205898225493
mfh-0deg,0.040521739130434754,132.91359788442176,8.695652173913715e-05,0.14095799206918969,360,75.0,,1.5,0.5,4,,visible_pixel_support,False,visible_candidate,line-mfh-0deg-000044,4.311208796690778
mfh-0deg,0.040695652173913015,132.91359788442176,8.695652173913715e-05,0.14095799206918969,361,75.0,,1.5,0.5,4,,visible_pixel_support,False,visible_candidate,line-mfh-0deg-000045,4.743918795331837
mfh-0deg,0.040869565217391275,132.91359788442176,8.695652173913715e-05,0.14095799206918969,362,75.0,,1.0,0.5,3,,visible_pixel_support,False,visible_candidate,line-mfh-0deg-000046,5.174166244604294
mfh-0deg,0.041043478260869536,132.91359788442176,8.695652173913715e-05,0.14095799206918969,363,75.0,,0.5,0.5,1,,visible_pixel_support,False,visible_candidate,line-mfh-0deg-000047,5.60178149496376
mfh-0deg,0.04399999999999998,135.45084174166695,8.695652173913715e-05,0.14095799206918969,380,66.0,,0.5,0.5,2,,visible_pixel_support,True,visible_candidate,line-mfh-0deg-000048,3.3041239088532777
mfh-0deg,0.04417391304347824,135.45084174166695,8.695652173913715e-05,0.14095799206918969,381,66.0,,1.0,0.5,3,,visible_pixel_support,False,visible_candidate,line-mfh-0deg-000049,3.655349506684921
mfh-0deg,0.0443478260869565,135.45084174166695,8.695652173913715e-05,0.14095799206918969,382,66.0,,1.0,0.5,3,,visible_pixel_support,False,visible_candidate,line-mfh-0deg-000050,4.000719564259825
mfh-0deg,0.04452173913043476,135.45084174166695,8.695652173913715e-05,0.14095799206918969,383,66.0,,1.0,0.5,3,,visible_pixel_support,False,visible_candidate,line-mfh-0deg-000051,4.3400644320335715
mfh-0deg,0.04469565217391302,135.7327577258053,8.695652173913715e-05,0.14095799206918969,384,65.0,,1.0,0.5,3,,visible_pixel_support,False,visible_candidate,line-mfh-0deg-000052,3.6732144604617787
mfh-0deg,0.04486956521739128,135.7327577258053,8.695652173913715e-05,0.14095799206918969,385,65.0,,1.0,0.5,3,,visible_pixel_support,False,visible_candidate,line-mfh-0deg-000053,4.0
mfh-0deg,0.04504347826086954,136.01467370994365,8.695652173913715e-05,0.14095799206918969,386,64.0,,1.0,0.5,3,,visible_pixel_support,False,visible_candidate,line-mfh-0deg-000054,3.320513443396017
mfh-0deg,0.0452173913043478,136.01467370994365,8.695652173913715e-05,0.14095799206918969,387,64.0,,1.0,0.5,3,,visible_pixel_support,False,visible_candidate,line-mfh-0deg-000055,3.6351469478230314
mfh-0deg,0.04539130434782606,136.01467370994365,8.695652173913715e-05,0.14095799206918969,388,64.0,,1.0,0.5,3,,visible_pixel_support,False,visible_candidate,line-mfh-0deg-000056,3.9441805103748067
mfh-0deg,0.04556521739130432,136.296589694082,8.695652173913715e-05,0.14095799206918969,389,63.0,,1.0,0.5,3,,visible_pixel_support,False,visible_candidate,line-mfh-0deg-000057,3.2478941281450915
mfh-0deg,0.04573913043478258,136.296589694082,8.695652173913715e-05,0.14095799206918969,390,63.0,,1.0,0.5,3,,visible_pixel_support,False,visible_candidate,line-mfh-0deg-000058,3.546567798227663
mfh-0deg,0.04591304347826084,136.57850567822035,8.695652173913715e-05,0.14095799206918969,391,62.0,,1.5,0.5,4,,visible_pixel_support,False,visible_candidate,line-mfh-0deg-000059,2.8404815177162774
mfh-0deg,0.0460869565217391,136.57850567822035,8.695652173913715e-05,0.14095799206918969,392,62.0,,1.0,0.5,3,,visible_pixel_support,False,visible_candidate,line-mfh-0deg-000060,3.1299152837047046
mfh-0deg,0.04626086956521736,136.57850567822035,8.695652173913715e-05,0.14095799206918969,393,62.0,,1.0,0.5,3,,visible_pixel_support,False,visible_candidate,line-mfh-0deg-000061,3.415149093286672
mfh-0deg,0.04939130434782605,138.55191756718884,8.695652173913715e-05,0.14095799206918969,411,55.0,,0.5,0.5,1,,visible_pixel_support,True,visible_candidate,line-mfh-0deg-000062,1.1503618071512633
mfh-0deg,0.04956521739130431,138.55191756718884,8.695652173913715e-05,0.14095799206918969,412,55.0,,1.0,0.5,3,,visible_pixel_support,False,visible_candidate,line-mfh-0deg-000063,1.4089958928258426
mfh-0deg,0.04973913043478257,138.55191756718884,8.695652173913715e-05,0.14095799206918969,413,55.0,,1.0,0.5,3,,visible_pixel_support,False,visible_candidate,line-mfh-0deg-000064,1.6690299639692299
mfh-0deg,0.049913043478260845,138.8338335513272,8.695652173913715e-05,0.14095799206918969,414,54.0,,1.5,0.5,4,,visible_pixel_support,False,visible_candidate,line-mfh-0deg-000065,0.9307440176751882
mfh-0deg,0.050086956521739105,138.8338335513272,8.695652173913715e-05,0.14095799206918969,415,54.0,,1.0,0.5,3,,visible_pixel_support,False,visible_candidate,line-mfh-0deg-000066,1.1944180510374807
mfh-0deg,0.050260869565217366,138.8338335513272,8.695652173913715e-05,0.14095799206918969,416,54.0,,0.5,0.5,1,,visible_pixel_support,False,visible_candidate,line-mfh-0deg-000067,1.4603320611498702
test-45deg,0.014434782608695643,41.00898705531853,8.695652173913021e-05,0.14095799206917548,210.0,401.0,3.0,3.5,0.5,39,triangle,visible_marker_support,True,visible_candidate,line-test-45deg-000001,
test-45deg,0.01721739130434781,46.647306738085604,8.695652173913715e-05,0.14095799206918969,226.0,381.0,5.5,7.5,0.5,67,triangle,visible_marker_support,False,visible_candidate,line-test-45deg-000002,
test-45deg,0.019826086956521723,51.43987846843761,8.695652173913021e-05,0.14095799206917548,241.0,364.0,7.0,8.5,0.5,97,triangle,visible_marker_support,False,visible_candidate,line-test-45deg-000003,
test-45deg,0.02365217391304346,57.64203011948139,8.695652173913021e-05,0.14095799206918969,263.0,342.0,3.0,5.0,0.5,40,triangle,visible_marker_support,False,visible_candidate,line-test-45deg-000004,
test-45deg,0.027304347826086935,62.152685865695034,8.695652173913021e-05,0.14095799206918969,284.0,326.0,5.0,6.0,0.5,74,triangle,visible_marker_support,False,visible_candidate,line-test-45deg-000005,
test-45deg,0.03060869565217389,66.38142562777034,8.695652173913021e-05,0.14095799206917548,303.0,311.0,3.5,4.5,0.5,51,triangle,visible_marker_support,False,visible_candidate,line-test-45deg-000006,
test-45deg,0.03443478260869563,69.48250145329223,8.695652173913715e-05,0.14095799206917548,325.0,300.0,9.0,7.5,0.5,136,triangle,visible_marker_support,False,visible_candidate,line-test-45deg-000007,
test-45deg,0.03878260869565215,73.71124121536754,8.695652173913021e-05,0.14095799206917548,350.0,285.0,2.5,5.0,0.5,27,triangle,visible_marker_support,False,visible_candidate,line-test-45deg-000008,
test-45deg,0.043130434782608675,75.96656908847436,8.695652173913715e-05,0.14095799206917548,375.0,277.0,8.5,6.0,0.5,120,triangle,visible_marker_support,False,visible_candidate,line-test-45deg-000009,
test-45deg,0.047130434782608664,78.2218969615812,8.695652173913715e-05,0.14095799206917548,398.0,269.0,2.0,4.5,0.5,31,triangle,visible_marker_support,False,visible_candidate,line-test-45deg-000010,
test-45deg,0.05147826086956519,80.19530885054967,8.695652173913715e-05,0.14095799206917548,423.0,262.0,11.5,7.0,0.5,168,triangle,visible_marker_support,False,visible_candidate,line-test-45deg-000011,
test-45deg,0.05599999999999996,82.45063672365649,8.695652173913715e-05,0.14095799206917548,449.0,254.0,2.5,4.0,0.5,27,triangle,visible_marker_support,False,visible_candidate,line-test-45deg-000012,
test-45deg,0.060521739130434744,83.29638467607155,8.695652173913715e-05,0.14095799206917548,475.0,251.0,10.0,6.0,0.5,146,triangle,visible_marker_support,False,visible_candidate,line-test-45deg-000013,
test-45deg,0.06504347826086954,84.98788058090167,8.695652173915103e-05,0.14095799206917548,501.0,245.0,3.0,6.5,0.5,39,triangle,visible_marker_support,False,visible_candidate,line-test-45deg-000014,
test-45deg,0.06921739130434779,84.42404861262497,8.695652173912327e-05,0.14095799206917548,525.0,247.0,11.0,7.0,0.5,159,triangle,visible_marker_support,False,visible_candidate,line-test-45deg-000015,
test-45deg,0.07408695652173908,86.82033447780097,8.695652173915103e-05,0.14095799206917548,553.0,238.5,2.0,7.5,0.5,26,triangle,visible_marker_support,False,visible_candidate,line-test-45deg-000016,
test-45deg,0.0784347826086956,87.2432084540085,8.695652173912327e-05,0.14095799206918969,578.0,237.0,10.0,8.5,0.5,117,triangle,visible_marker_support,False,visible_candidate,line-test-45deg-000017,
test-45deg,0.0833043478260869,87.80704042228521,8.695652173915103e-05,0.14095799206917548,606.0,235.0,2.5,4.5,0.5,19,triangle,visible_marker_support,False,visible_candidate,line-test-45deg-000018,
test-45deg,0.0873043478260869,88.08895640642356,8.695652173912327e-05,0.14095799206917548,629.0,234.0,9.5,3.5,0.5,60,triangle,visible_marker_support,False,visible_candidate,line-test-45deg-000019,
test-45deg,0.09060869565217386,87.52512443814686,8.695652173912327e-05,0.14095799206917548,648.0,236.0,1.0,3.5,0.5,11,triangle,visible_marker_support,False,visible_candidate,line-test-45deg-000020,
test-45deg,0.09321739130434778,85.83362853331674,8.695652173915103e-05,0.14095799206918969,663.0,242.0,5.5,8.5,0.5,156,triangle,visible_marker_support,False,visible_candidate,line-test-45deg-000021,
mfh-45deg,0.002434782608695646,8.588648879407884,8.695652173913021e-05,0.14095799206918969,141,516.0,,0.5,0.5,1,,visible_pixel_support,True,visible_candidate,line-mfh-45deg-000001,9.579317918415313
mfh-45deg,0.01878260869565216,50.594130516022545,8.695652173913021e-05,0.14095799206917548,235,367.0,,0.5,0.5,2,,visible_pixel_support,True,visible_candidate,line-mfh-45deg-000002,8.174109068580208
mfh-45deg,0.01895652173913042,50.876046500160896,8.695652173913021e-05,0.14095799206917548,236,366.0,,1.0,0.5,3,,visible_pixel_support,False,visible_candidate,line-mfh-45deg-000003,7.800875913787252
mfh-45deg,0.01913043478260868,51.15796248429925,8.695652173913021e-05,0.14095799206918969,237,365.0,,1.0,0.5,3,,visible_pixel_support,False,visible_candidate,line-mfh-45deg-000004,7.445343400278375
mfh-45deg,0.01930434782608694,51.43987846843761,8.695652173913021e-05,0.14095799206917548,238,364.0,,1.0,0.5,3,,visible_pixel_support,False,visible_candidate,line-mfh-45deg-000005,7.109420372282273
mfh-45deg,0.019478260869565202,51.72179445257596,8.695652173913021e-05,0.14095799206917548,239,363.0,,1.5,0.5,4,,visible_pixel_support,False,visible_candidate,line-mfh-45deg-000006,6.795015674027695
mfh-45deg,0.019652173913043462,52.003710436714314,8.695652173913021e-05,0.14095799206917548,240,362.0,,1.5,0.5,4,,visible_pixel_support,False,visible_candidate,line-mfh-45deg-000007,6.504038149743337
mfh-45deg,0.019826086956521723,52.285626420852665,8.695652173913021e-05,0.14095799206917548,241,361.0,,1.5,0.5,4,,visible_pixel_support,False,visible_candidate,line-mfh-45deg-000008,6.238396643657893
mfh-45deg,0.019999999999999983,52.567542404991016,8.695652173913021e-05,0.14095799206917548,242,360.0,,2.5,0.5,6,,visible_pixel_support,False,visible_candidate,line-mfh-45deg-000009,6.0
mfh-45deg,0.020173913043478243,52.84945838912937,8.695652173913021e-05,0.14095799206918969,243,359.0,,2.5,0.5,6,,visible_pixel_support,False,visible_candidate,line-mfh-45deg-000010,5.79721732475025
mfh-45deg,0.020347826086956504,53.13137437326773,8.695652173913021e-05,0.14095799206917548,244,358.0,,2.5,0.5,6,,visible_pixel_support,False,visible_candidate,line-mfh-45deg-000011,5.635368403788561
mfh-45deg,0.020521739130434764,53.41329035740608,8.695652173913021e-05,0.14095799206917548,245,357.0,,2.5,0.5,6,,visible_pixel_support,False,visible_candidate,line-mfh-45deg-000012,5.511788101193247
mfh-45deg,0.020695652173913025,53.695206341544434,8.695652173913715e-05,0.14095799206917548,246,356.0,,2.5,0.5,6,,visible_pixel_support,False,visible_candidate,line-mfh-45deg-000013,5.423811281042049
mfh-45deg,0.020869565217391292,53.695206341544434,8.695652173913021e-05,0.14095799206917548,247,356.0,,1.5,0.5,4,,visible_pixel_support,False,visible_candidate,line-mfh-45deg-000014,6.368772807413222
mfh-45deg,0.021043478260869553,53.695206341544434,8.695652173913021e-05,0.14095799206917548,248,356.0,,1.0,0.5,3,,visible_pixel_support,False,visible_candidate,line-mfh-45deg-000015,7.3440075443847945
mfh-45deg,0.021217391304347813,53.695206341544434,8.695652173913021e-05,0.14095799206917548,249,356.0,,0.5,0.5,2,,visible_pixel_support,False,visible_candidate,line-mfh-45deg-000016,8.346850356034793
mfh-45deg,0.021391304347826073,54.259038309821136,8.695652173913021e-05,0.14095799206917548,250,354.0,,1.0,0.5,3,,visible_pixel_support,False,visible_candidate,line-mfh-45deg-000017,7.3746361064414145
mfh-45deg,0.021565217391304334,54.5409542939595,8.695652173913021e-05,0.14095799206918969,251,353.0,,1.0,0.5,3,,visible_pixel_support,False,visible_candidate,line-mfh-45deg-000018,7.424699659682631
mfh-45deg,0.021739130434782594,54.82287027809785,8.695652173913021e-05,0.14095799206917548,252,352.0,,1.0,0.5,3,,visible_pixel_support,False,visible_candidate,line-mfh-45deg-000019,7.494375879836582
mfh-45deg,0.021913043478260855,55.1047862622362,8.695652173913021e-05,0.14095799206917548,253,351.0,,1.0,0.5,3,,visible_pixel_support,False,visible_candidate,line-mfh-45deg-000020,7.580999630981239
mfh-45deg,0.022086956521739115,55.386702246374554,8.695652173913021e-05,0.14095799206917548,254,350.0,,1.0,0.5,3,,visible_pixel_support,False,visible_candidate,line-mfh-45deg-000021,7.681905777194572
mfh-45deg,0.022260869565217375,55.668618230512905,8.695652173913021e-05,0.14095799206917548,255,349.0,,1.0,0.5,3,,visible_pixel_support,False,visible_candidate,line-mfh-45deg-000022,7.794429182555007
mfh-45deg,0.022434782608695636,55.950534214651256,8.695652173913021e-05,0.14095799206918969,256,348.0,,1.0,0.5,3,,visible_pixel_support,False,visible_candidate,line-mfh-45deg-000023,7.915904711140286
mfh-45deg,0.022608695652173896,55.950534214651256,8.695652173913021e-05,0.14095799206918969,257,348.0,,0.5,0.5,1,,visible_pixel_support,False,visible_candidate,line-mfh-45deg-000024,9.04366722702855
mfh-45deg,0.022782608695652157,56.51436618292797,8.695652173913021e-05,0.14095799206917548,258,346.0,,0.5,0.5,2,,visible_pixel_support,False,visible_candidate,line-mfh-45deg-000025,8.175051594297997
mfh-45deg,0.022956521739130417,57.078198151204674,8.695652173913021e-05,0.14095799206917548,259,344.0,,1.0,0.5,3,,visible_pixel_support,False,visible_candidate,line-mfh-45deg-000026,7.307392677026542
mfh-45deg,0.023130434782608678,57.360114135343025,8.695652173913021e-05,0.14095799206917548,260,343.0,,1.0,0.5,3,,visible_pixel_support,False,visible_candidate,line-mfh-45deg-000027,7.438025339292324
mfh-45deg,0.023304347826086938,57.64203011948139,8.695652173913021e-05,0.14095799206918969,261,342.0,,1.0,0.5,3,,visible_pixel_support,False,visible_candidate,line-mfh-45deg-000028,7.564284445173371
mfh-45deg,0.0234782608695652,57.92394610361974,8.695652173913021e-05,0.14095799206917548,262,341.0,,1.0,0.5,3,,visible_pixel_support,False,visible_candidate,line-mfh-45deg-000029,7.683504858747767
mfh-45deg,0.02365217391304346,58.769694056034794,8.695652173913021e-05,0.14095799206917548,263,338.0,,2.0,0.5,3,,visible_pixel_support,False,visible_candidate,line-mfh-45deg-000030,5.793021444093654
mfh-45deg,0.02382608695652172,59.051610040173145,8.695652173913021e-05,0.14095799206918969,264,337.0,,2.0,0.5,2,,visible_pixel_support,False,visible_candidate,line-mfh-45deg-000031,5.890169065289001
mfh-45deg,0.02399999999999998,59.051610040173145,8.695652173913021e-05,0.14095799206918969,265,337.0,,1.5,0.5,3,,visible_pixel_support,False,visible_candidate,line-mfh-45deg-000032,6.972282586411893
mfh-45deg,0.024173913043478247,58.769694056034794,8.695652173913715e-05,0.14095799206917548,266,338.0,,0.5,0.5,1,,visible_pixel_support,False,visible_candidate,line-mfh-45deg-000033,9.036696871540471
mfh-45deg,0.026956521739130414,62.9984338181101,8.695652173913021e-05,0.14095799206917548,282,323.0,,0.5,0.5,2,,visible_pixel_support,True,visible_candidate,line-mfh-45deg-000034,8.987730912738073
mfh-45deg,0.027130434782608674,63.5622657863868,8.695652173913021e-05,0.14095799206917548,283,321.0,,0.5,0.5,1,,visible_pixel_support,False,visible_candidate,line-mfh-45deg-000035,7.866134480550784
mfh-45deg,0.027304347826086935,63.5622657863868,8.695652173913021e-05,0.14095799206917548,284,321.0,,0.5,0.5,1,,visible_pixel_support,False,visible_candidate,line-mfh-45deg-000036,8.736547897276125
mfh-45deg,0.027478260869565195,63.5622657863868,8.695652173913021e-05,0.14095799206917548,285,321.0,,0.5,0.5,1,,visible_pixel_support,False,visible_candidate,line-mfh-45deg-000037,9.598264665344061
mfh-45deg,0.03008695652173911,66.66334161190869,8.695652173913021e-05,0.14095799206917548,300,310.0,,0.5,0.5,1,,visible_pixel_support,True,visible_candidate,line-mfh-45deg-000038,10.0
mfh-45deg,0.03043478260869563,67.50908956432376,8.695652173913021e-05,0.14095799206917548,302,307.0,,0.5,0.5,2,,visible_pixel_support,True,visible_candidate,line-mfh-45deg-000039,8.253637225456828
mfh-45deg,0.03060869565217389,67.22717358018541,8.695652173913021e-05,0.14095799206917548,303,308.0,,0.5,0.5,1,,visible_pixel_support,False,visible_candidate,line-mfh-45deg-000040,9.866035629393537
mfh-45deg,0.03182608695652172,68.35483751673881,8.695652173913021e-05,0.14095799206917548,310,304.0,,0.5,0.5,1,,visible_pixel_support,True,visible_candidate,line-mfh-45deg-000041,9.899764892262567
mfh-45deg,0.03304347826086954,69.48250145329223,8.695652173913021e-05,0.14095799206917548,317,300.0,,0.5,0.5,1,,visible_pixel_support,True,visible_candidate,line-mfh-45deg-000042,9.532948790418573
mfh-45deg,0.0332173913043478,69.76441743743058,8.695652173913021e-05,0.14095799206917548,318,299.0,,0.5,0.5,1,,visible_pixel_support,False,visible_candidate,line-mfh-45deg-000043,9.022731266381868
mfh-45deg,0.03339130434782606,70.04633342156893,8.695652173913021e-05,0.14095799206918969,319,298.0,,0.5,0.5,2,,visible_pixel_support,False,visible_candidate,line-mfh-45deg-000044,8.505720861383281
mfh-45deg,0.033565217391304324,70.04633342156893,8.695652173913021e-05,0.14095799206918969,320,298.0,,0.5,0.5,2,,visible_pixel_support,False,visible_candidate,line-mfh-45deg-000045,8.982090264702492
mfh-45deg,0.033739130434782584,70.61016538984565,8.695652173913021e-05,0.14095799206917548,321,296.0,,1.0,0.5,3,,visible_pixel_support,False,visible_candidate,line-mfh-45deg-000046,7.45201216561901
mfh-45deg,0.033913043478260844,70.3282494057073,8.695652173913021e-05,0.14095799206917548,322,297.0,,0.5,0.5,2,,visible_pixel_support,False,visible_candidate,line-mfh-45deg-000047,8.9156592534124
mfh-45deg,0.034086956521739105,70.3282494057073,8.695652173913021e-05,0.14095799206917548,323,297.0,,0.5,0.5,1,,visible_pixel_support,False,visible_candidate,line-mfh-45deg-000048,9.373204217362172
mfh-45deg,0.034260869565217365,70.61016538984565,8.695652173913021e-05,0.14095799206917548,324,296.0,,0.5,0.5,2,,visible_pixel_support,False,visible_candidate,line-mfh-45deg-000049,8.824819746747835
mfh-45deg,0.03443478260869563,70.61016538984565,8.695652173913715e-05,0.14095799206917548,325,296.0,,0.5,0.5,1,,visible_pixel_support,False,visible_candidate,line-mfh-45deg-000050,9.270678530849011
mfh-45deg,0.03460869565217389,70.892081373984,8.695652173913021e-05,0.14095799206917548,326,295.0,,0.5,0.5,2,,visible_pixel_support,False,visible_candidate,line-mfh-45deg-000051,8.710953258945324
mfh-45deg,0.034782608695652154,71.17399735812235,8.695652173913021e-05,0.14095799206917548,327,294.0,,0.5,0.5,2,,visible_pixel_support,False,visible_candidate,line-mfh-45deg-000052,8.145816620316225
mfh-45deg,0.034956521739130414,71.17399735812235,8.695652173913021e-05,0.14095799206917548,328,294.0,,0.5,0.5,2,,visible_pixel_support,False,visible_candidate,line-mfh-45deg-000053,8.57544130424128
mfh-45deg,0.035130434782608674,71.17399735812235,8.695652173913021e-05,0.14095799206917548,329,294.0,,0.5,0.5,2,,visible_pixel_support,False,visible_candidate,line-mfh-45deg-000054,9.0
mfh-45deg,0.035304347826086935,71.4559133422607,8.695652173913021e-05,0.14095799206917548,330,293.0,,0.5,0.5,2,,visible_pixel_support,False,visible_candidate,line-mfh-45deg-000055,8.418517223462686
mfh-45deg,0.035478260869565195,71.4559133422607,8.695652173913021e-05,0.14095799206917548,331,293.0,,0.5,0.5,2,,visible_pixel_support,False,visible_candidate,line-mfh-45deg-000056,8.830087066688577
mfh-45deg,0.035652173913043456,71.73782932639907,8.695652173913021e-05,0.14095799206918969,332,292.0,,0.5,0.5,2,,visible_pixel_support,False,visible_candidate,line-mfh-45deg-000057,8.234986583240698
mfh-45deg,0.035826086956521716,71.73782932639907,8.695652173913021e-05,0.14095799206918969,333,292.0,,0.5,0.5,2,,visible_pixel_support,False,visible_candidate,line-mfh-45deg-000058,8.633492826682186
mfh-45deg,0.035999999999999976,72.01974531053742,8.695652173913021e-05,0.14095799206917548,334,291.0,,0.5,0.5,2,,visible_pixel_support,False,visible_candidate,line-mfh-45deg-000059,8.025882850575954
mfh-45deg,0.03617391304347824,72.30166129467577,8.695652173913021e-05,0.14095799206917548,335,290.0,,1.0,0.5,3,,visible_pixel_support,False,visible_candidate,line-mfh-45deg-000060,7.412433708485025
mfh-45deg,0.0363478260869565,72.58357727881412,8.695652173913021e-05,0.14095799206917548,336,289.0,,1.5,0.5,4,,visible_pixel_support,False,visible_candidate,line-mfh-45deg-000061,6.793422453972596
mfh-45deg,0.03652173913043476,72.86549326295247,8.695652173913021e-05,0.14095799206917548,337,288.0,,1.5,0.5,4,,visible_pixel_support,False,visible_candidate,line-mfh-45deg-000062,6.1691261406017475
mfh-45deg,0.03669565217391302,72.86549326295247,8.695652173913021e-05,0.14095799206917548,338,288.0,,1.5,0.5,4,,visible_pixel_support,False,visible_candidate,line-mfh-45deg-000063,6.539821821935334
mfh-45deg,0.03686956521739128,73.42932523122919,8.695652173913021e-05,0.14095799206917548,339,286.0,,2.0,0.5,4,,visible_pixel_support,False,visible_candidate,line-mfh-45deg-000064,4.9057865515366075
mfh-45deg,0.03704347826086954,73.14740924709082,8.695652173913021e-05,0.14095799206918969,340,287.0,,1.5,0.5,4,,visible_pixel_support,False,visible_candidate,line-mfh-45deg-000065,6.267297382968536
mfh-45deg,0.0372173913043478,73.14740924709082,8.695652173913021e-05,0.14095799206918969,341,287.0,,1.5,0.5,4,,visible_pixel_support,False,visible_candidate,line-mfh-45deg-000066,6.624631369794145
mfh-45deg,0.03739130434782606,73.14740924709082,8.695652173913021e-05,0.14095799206918969,342,287.0,,1.5,0.5,4,,visible_pixel_support,False,visible_candidate,line-mfh-45deg-000067,6.9780655655765145
mfh-45deg,0.03756521739130432,73.42932523122919,8.695652173913021e-05,0.14095799206917548,343,286.0,,1.5,0.5,4,,visible_pixel_support,False,visible_candidate,line-mfh-45deg-000068,6.327877023878784
mfh-45deg,0.03773913043478258,73.42932523122919,8.695652173913021e-05,0.14095799206917548,344,286.0,,1.0,0.5,3,,visible_pixel_support,False,visible_candidate,line-mfh-45deg-000069,6.674342798263808
mfh-45deg,0.03791304347826085,73.42932523122919,8.695652173913715e-05,0.14095799206917548,345,286.0,,0.5,0.5,2,,visible_pixel_support,False,visible_candidate,line-mfh-45deg-000070,7.0177399422947815
mfh-45deg,0.03808695652173911,73.71124121536754,8.695652173913021e-05,0.14095799206917548,346,285.0,,1.0,0.5,3,,visible_pixel_support,False,visible_candidate,line-mfh-45deg-000071,6.358345509534729
mfh-45deg,0.03826086956521737,73.71124121536754,8.695652173913021e-05,0.14095799206917548,347,285.0,,0.5,0.5,2,,visible_pixel_support,False,visible_candidate,line-mfh-45deg-000072,6.696436553546789
mfh-45deg,0.03843478260869563,73.99315719950589,8.695652173913021e-05,0.14095799206917548,348,284.0,,1.0,0.5,3,,visible_pixel_support,False,visible_candidate,line-mfh-45deg-000073,6.032290127893873
mfh-45deg,0.03860869565217389,73.99315719950589,8.695652173913021e-05,0.14095799206917548,349,284.0,,0.5,0.5,2,,visible_pixel_support,False,visible_candidate,line-mfh-45deg-000074,6.366183286139062
mfh-45deg,0.03878260869565215,74.27507318364424,8.695652173913021e-05,0.14095799206917548,350,283.0,,1.0,0.5,3,,visible_pixel_support,False,visible_candidate,line-mfh-45deg-000075,5.698393081845438
mfh-45deg,0.03895652173913041,74.27507318364424,8.695652173913021e-05,0.14095799206917548,351,283.0,,1.5,0.5,4,,visible_pixel_support,False,visible_candidate,line-mfh-45deg-000076,6.02919656857614
mfh-45deg,0.03913043478260867,74.27507318364424,8.695652173913021e-05,0.14095799206917548,352,283.0,,2.0,0.5,5,,visible_pixel_support,False,visible_candidate,line-mfh-45deg-000077,6.358870799894078
mfh-45deg,0.03930434782608693,74.55698916778259,8.695652173913021e-05,0.14095799206917548,353,282.0,,2.0,0.5,4,,visible_pixel_support,False,visible_candidate,line-mfh-45deg-000078,5.687692829362334
mfh-45deg,0.03947826086956519,74.83890515192095,8.695652173913021e-05,0.14095799206918969,354,281.0,,1.5,0.5,4,,visible_pixel_support,False,visible_candidate,line-mfh-45deg-000079,5.015939710543989
mfh-45deg,0.03965217391304345,74.83890515192095,8.695652173913021e-05,0.14095799206918969,355,281.0,,1.5,0.5,4,,visible_pixel_support,False,visible_candidate,line-mfh-45deg-000080,5.343888497002183
mfh-45deg,0.03982608695652171,75.1208211360593,8.695652173913021e-05,0.14095799206917548,356,280.0,,1.0,0.5,3,,visible_pixel_support,False,visible_candidate,line-mfh-45deg-000081,4.671816242299769
mfh-45deg,0.03999999999999997,75.1208211360593,8.695652173913021e-05,0.14095799206917548,357,280.0,,1.0,0.5,3,,visible_pixel_support,False,visible_candidate,line-mfh-45deg-000082,5.0
mfh-45deg,0.040173913043478233,75.1208211360593,8.695652173913021e-05,0.14095799206917548,358,280.0,,1.5,0.5,4,,visible_pixel_support,False,visible_candidate,line-mfh-45deg-000083,5.328974062005784
mfh-45deg,0.040347826086956494,75.1208211360593,8.695652173913715e-05,0.14095799206917548,359,280.0,,1.5,0.5,4,,visible_pixel_support,False,visible_candidate,line-mfh-45deg-000084,5.659009514742763
mfh-45deg,0.040521739130434754,75.1208211360593,8.695652173913715e-05,0.14095799206917548,360,280.0,,1.5,0.5,4,,visible_pixel_support,False,visible_candidate,line-mfh-45deg-000085,5.989988603558288
mfh-45deg,0.040695652173913015,75.40273712019766,8.695652173913715e-05,0.14095799206917548,361,279.0,,1.5,0.5,4,,visible_pixel_support,False,visible_candidate,line-mfh-45deg-000086,5.321793573799539
mfh-45deg,0.040869565217391275,75.68465310433601,8.695652173913715e-05,0.14095799206917548,362,278.0,,1.0,0.5,3,,visible_pixel_support,False,visible_candidate,line-mfh-45deg-000087,4.654306670813526
mfh-45deg,0.041043478260869536,75.68465310433601,8.695652173913715e-05,0.14095799206917548,363,278.0,,0.5,0.5,2,,visible_pixel_support,False,visible_candidate,line-mfh-45deg-000088,4.987410139947599
mfh-45deg,0.041217391304347796,75.68465310433601,8.695652173913715e-05,0.14095799206917548,364,278.0,,1.0,0.5,3,,visible_pixel_support,False,visible_candidate,line-mfh-45deg-000089,5.3209862265488255
mfh-45deg,0.041391304347826056,75.96656908847436,8.695652173913715e-05,0.14095799206917548,365,277.0,,1.0,0.5,3,,visible_pixel_support,False,visible_candidate,line-mfh-45deg-000090,4.654917175964499
mfh-45deg,0.04156521739130432,75.96656908847436,8.695652173913715e-05,0.14095799206917548,366,277.0,,0.5,0.5,2,,visible_pixel_support,False,visible_candidate,line-mfh-45deg-000091,4.989085233541687
mfh-45deg,0.04173913043478258,75.96656908847436,8.695652173913715e-05,0.14095799206917548,367,277.0,,1.0,0.5,3,,visible_pixel_support,False,visible_candidate,line-mfh-45deg-000092,5.323372644627625
mfh-45deg,0.04191304347826084,76.24848507261271,8.695652173913715e-05,0.14095799206917548,368,276.0,,2.5,0.5,3,,visible_pixel_support,False,visible_candidate,line-mfh-45deg-000093,4.657661654569495
mfh-45deg,0.0420869565217391,75.96656908847436,8.695652173913715e-05,0.14095799206917548,369,277.0,,2.5,0.5,5,,visible_pixel_support,False,visible_candidate,line-mfh-45deg-000094,5.991834508714476
mfh-45deg,0.04226086956521736,76.24848507261271,8.695652173913715e-05,0.14095799206917548,370,276.0,,2.5,0.5,6,,visible_pixel_support,False,visible_candidate,line-mfh-45deg-000095,5.325773452409749
mfh-45deg,0.04243478260869562,76.24848507261271,8.695652173913715e-05,0.14095799206917548,371,276.0,,2.5,0.5,5,,visible_pixel_support,False,visible_candidate,line-mfh-45deg-000096,5.659360731002437
mfh-45deg,0.04260869565217388,76.53040105675107,8.695652173913715e-05,0.14095799206918969,372,275.0,,3.0,0.5,5,,visible_pixel_support,False,visible_candidate,line-mfh-45deg-000097,4.992478589839834
mfh-45deg,0.04278260869565214,77.09423302502778,8.695652173913715e-05,0.14095799206917548,373,273.0,,3.5,0.5,5,,visible_pixel_support,False,visible_candidate,line-mfh-45deg-000098,3.325009274269121
mfh-45deg,0.0429565217391304,76.81231704088943,8.695652173913715e-05,0.14095799206917548,374,274.0,,3.0,0.5,4,,visible_pixel_support,False,visible_candidate,line-mfh-45deg-000099,4.656835029637364
mfh-45deg,0.043130434782608675,76.81231704088943,8.695652173913715e-05,0.14095799206917548,375,274.0,,3.0,0.5,5,,visible_pixel_support,False,visible_candidate,line-mfh-45deg-000100,4.987838101291857
mfh-45deg,0.043304347826086935,77.09423302502778,8.695652173913715e-05,0.14095799206917548,376,273.0,,3.0,0.5,5,,visible_pixel_support,False,visible_candidate,line-mfh-45deg-000101,4.317900734579666
mfh-45deg,0.043478260869565195,77.09423302502778,8.695652173913715e-05,0.14095799206917548,377,273.0,,3.0,0.5,5,,visible_pixel_support,False,visible_candidate,line-mfh-45deg-000102,4.646905174847973
mfh-45deg,0.043652173913043456,77.09423302502778,8.695652173913715e-05,0.14095799206917548,378,273.0,,3.0,0.5,6,,visible_pixel_support,False,visible_candidate,line-mfh-45deg-000103,4.974733667444127
mfh-45deg,0.043826086956521716,77.09423302502778,8.695652173913715e-05,0.14095799206917548,379,273.0,,2.5,0.5,5,,visible_pixel_support,False,visible_candidate,line-mfh-45deg-000104,5.301268457715082
mfh-45deg,0.04399999999999998,77.37614900916613,8.695652173913715e-05,0.14095799206917548,380,272.0,,3.0,0.5,4,,visible_pixel_support,False,visible_candidate,line-mfh-45deg-000105,4.626391791008302
mfh-45deg,0.04417391304347824,77.37614900916613,8.695652173913715e-05,0.14095799206917548,381,272.0,,1.0,0.5,3,,visible_pixel_support,False,visible_candidate,line-mfh-45deg-000106,4.949985912670741
mfh-45deg,0.0443478260869565,77.65806499330448,8.695652173913715e-05,0.14095799206917548,382,271.0,,1.5,0.5,4,,visible_pixel_support,False,visible_candidate,line-mfh-45deg-000107,4.271933068049691
mfh-45deg,0.04452173913043476,77.65806499330448,8.695652173913715e-05,0.14095799206917548,383,271.0,,1.0,0.5,3,,visible_pixel_support,False,visible_candidate,line-mfh-45deg-000108,4.592115502492163
mfh-45deg,0.04469565217391302,77.65806499330448,8.695652173913715e-05,0.14095799206917548,384,271.0,,1.0,0.5,3,,visible_pixel_support,False,visible_candidate,line-mfh-45deg-000109,4.910415461345565
mfh-45deg,0.04486956521739128,77.93998097744283,8.695652173913715e-05,0.14095799206918969,385,270.0,,0.5,0.5,2,,visible_pixel_support,False,visible_candidate,line-mfh-45deg-000110,4.226715189956906
mfh-45deg,0.04504347826086954,77.93998097744283,8.695652173913715e-05,0.14095799206918969,386,270.0,,0.5,0.5,2,,visible_pixel_support,False,visible_candidate,line-mfh-45deg-000111,4.540896933673423
mfh-45deg,0.0452173913043478,77.93998097744283,8.695652173913715e-05,0.14095799206918969,387,270.0,,1.0,0.5,3,,visible_pixel_support,False,visible_candidate,line-mfh-45deg-000112,4.852842937842411
mfh-45deg,0.04539130434782606,77.93998097744283,8.695652173913715e-05,0.14095799206918969,388,270.0,,1.0,0.5,3,,visible_pixel_support,False,visible_candidate,line-mfh-45deg-000113,5.162435447810822
mfh-45deg,0.04556521739130432,78.2218969615812,8.695652173913715e-05,0.14095799206917548,389,269.0,,1.5,0.5,4,,visible_pixel_support,False,visible_candidate,line-mfh-45deg-000114,4.46955670892612
mfh-45deg,0.04573913043478258,78.2218969615812,8.695652173913715e-05,0.14095799206917548,390,269.0,,1.0,0.5,3,,visible_pixel_support,False,visible_candidate,line-mfh-45deg-000115,4.77408896653526
mfh-45deg,0.04591304347826084,78.50381294571955,8.695652173913715e-05,0.14095799206917548,391,268.0,,1.0,0.5,3,,visible_pixel_support,False,visible_candidate,line-mfh-45deg-000116,4.075914465985477
mfh-45deg,0.0460869565217391,78.7857289298579,8.695652173913715e-05,0.14095799206917548,392,267.0,,2.0,0.5,4,,visible_pixel_support,False,visible_candidate,line-mfh-45deg-000117,3.374915452623952
mfh-45deg,0.04626086956521736,78.50381294571955,8.695652173913715e-05,0.14095799206917548,393,268.0,,1.0,0.5,3,,visible_pixel_support,False,visible_candidate,line-mfh-45deg-000118,4.670974171797923
mfh-45deg,0.04643478260869562,79.3495608981346,8.695652173913715e-05,0.14095799206917548,394,265.0,,2.0,0.5,5,,visible_pixel_support,False,visible_candidate,line-mfh-45deg-000119,1.963972868854512
mfh-45deg,0.04660869565217388,78.7857289298579,8.695652173913715e-05,0.14095799206917548,395,267.0,,1.0,0.5,3,,visible_pixel_support,False,visible_candidate,line-mfh-45deg-000120,4.253793789140957
mfh-45deg,0.04678260869565214,78.7857289298579,8.695652173913715e-05,0.14095799206917548,396,267.0,,1.0,0.5,3,,visible_pixel_support,False,visible_candidate,line-mfh-45deg-000121,4.540319178004381
mfh-45deg,0.046956521739130404,78.7857289298579,8.695652173913715e-05,0.14095799206917548,397,267.0,,3.0,0.5,7,,visible_pixel_support,False,visible_candidate,line-mfh-45deg-000122,4.823431280792022
mfh-45deg,0.047130434782608664,79.06764491399625,8.695652173913715e-05,0.14095799206917548,398,266.0,,2.5,0.5,4,,visible_pixel_support,False,visible_candidate,line-mfh-45deg-000123,4.1030123428509455
mfh-45deg,0.047304347826086925,79.06764491399625,8.695652173913715e-05,0.14095799206917548,399,266.0,,2.5,0.5,4,,visible_pixel_support,False,visible_candidate,line-mfh-45deg-000124,4.378944609528446
mfh-45deg,0.047478260869565185,79.06764491399625,8.695652173913715e-05,0.14095799206917548,400,266.0,,1.0,0.5,3,,visible_pixel_support,False,visible_candidate,line-mfh-45deg-000125,4.651110326171761
mfh-45deg,0.047652173913043445,79.3495608981346,8.695652173913715e-05,0.14095799206917548,401,265.0,,1.5,0.5,4,,visible_pixel_support,False,visible_candidate,line-mfh-45deg-000126,3.9193917381278993
mfh-45deg,0.047826086956521706,79.3495608981346,8.695652173913715e-05,0.14095799206917548,402,265.0,,1.0,0.5,3,,visible_pixel_support,False,visible_candidate,line-mfh-45deg-000127,4.183671090744099
mfh-45deg,0.047999999999999966,79.3495608981346,8.695652173913715e-05,0.14095799206917548,403,265.0,,1.0,0.5,3,,visible_pixel_support,False,visible_candidate,line-mfh-45deg-000128,4.443830629367596
mfh-45deg,0.04817391304347823,79.3495608981346,8.695652173913715e-05,0.14095799206917548,404,265.0,,1.0,0.5,3,,visible_pixel_support,False,visible_candidate,line-mfh-45deg-000129,4.699752599345629
mfh-45deg,0.04834782608695649,79.63147688227296,8.695652173913715e-05,0.14095799206918969,405,264.0,,1.0,0.5,3,,visible_pixel_support,False,visible_candidate,line-mfh-45deg-000130,3.951319246025207
mfh-45deg,0.04852173913043475,79.63147688227296,8.695652173913715e-05,0.14095799206918969,406,264.0,,1.5,0.5,4,,visible_pixel_support,False,visible_candidate,line-mfh-45deg-000131,4.198412814753624
mfh-45deg,0.04869565217391301,79.63147688227296,8.695652173913715e-05,0.14095799206918969,407,264.0,,1.0,0.5,3,,visible_pixel_support,False,visible_candidate,line-mfh-45deg-000132,4.44091555087806
mfh-45deg,0.04886956521739127,79.91339286641131,8.695652173913715e-05,0.14095799206917548,408,263.0,,1.5,0.5,4,,visible_pixel_support,False,visible_candidate,line-mfh-45deg-000133,3.678709699745582
mfh-45deg,0.04904347826086953,79.91339286641131,8.695652173913715e-05,0.14095799206917548,409,263.0,,1.0,0.5,3,,visible_pixel_support,False,visible_candidate,line-mfh-45deg-000134,3.9116775067035974
mfh-45deg,0.04921739130434779,80.19530885054967,8.695652173913715e-05,0.14095799206917548,410,262.0,,1.5,0.5,4,,visible_pixel_support,False,visible_candidate,line-mfh-45deg-000135,3.1397012170990592
mfh-45deg,0.04939130434782605,80.19530885054967,8.695652173913715e-05,0.14095799206917548,411,262.0,,2.5,0.5,3,,visible_pixel_support,False,visible_candidate,line-mfh-45deg-000136,3.3626630762792615
mfh-45deg,0.04956521739130431,80.47722483468802,8.695652173913715e-05,0.14095799206917548,412,261.0,,5.0,0.5,5,,visible_pixel_support,False,visible_candidate,line-mfh-45deg-000137,2.5804453295913845
mfh-45deg,0.04973913043478257,80.47722483468802,8.695652173913715e-05,0.14095799206917548,413,261.0,,4.0,0.5,5,,visible_pixel_support,False,visible_candidate,line-mfh-45deg-000138,2.7929302223826085
mfh-45deg,0.049913043478260845,80.47722483468802,8.695652173913715e-05,0.14095799206917548,414,261.0,,4.0,0.5,5,,visible_pixel_support,False,visible_candidate,line-mfh-45deg-000139,3.0
mfh-45deg,0.050086956521739105,80.19530885054967,8.695652173913715e-05,0.14095799206917548,415,262.0,,3.0,0.5,7,,visible_pixel_support,False,visible_candidate,line-mfh-45deg-000140,4.203653986010806
mfh-45deg,0.050260869565217366,80.47722483468802,8.695652173913715e-05,0.14095799206917548,416,261.0,,3.5,0.5,8,,visible_pixel_support,False,visible_candidate,line-mfh-45deg-000141,3.4059574849165415
mfh-45deg,0.050434782608695626,80.47722483468802,8.695652173913715e-05,0.14095799206917548,417,261.0,,3.5,0.5,8,,visible_pixel_support,False,visible_candidate,line-mfh-45deg-000142,3.6068917134657568
mfh-45deg,0.050608695652173886,80.47722483468802,8.695652173913715e-05,0.14095799206917548,418,261.0,,3.5,0.5,8,,visible_pixel_support,False,visible_candidate,line-mfh-45deg-000143,3.8064378884070607
mfh-45deg,0.05078260869565215,80.47722483468802,8.695652173913715e-05,0.14095799206917548,419,261.0,,3.0,0.5,6,,visible_pixel_support,False,visible_candidate,line-mfh-45deg-000144,4.004577226489118
mfh-45deg,0.05095652173913041,80.47722483468802,8.695652173913715e-05,0.14095799206917548,420,261.0,,3.0,0.5,6,,visible_pixel_support,False,visible_candidate,line-mfh-45deg-000145,4.201290944460595
mfh-45deg,0.05113043478260867,80.75914081882637,8.695652173913715e-05,0.14095799206917548,421,260.0,,3.5,0.5,7,,visible_pixel_support,False,visible_candidate,line-mfh-45deg-000146,3.3965602590701565
mfh-45deg,0.05130434782608693,80.75914081882637,8.695652173913715e-05,0.14095799206917548,422,260.0,,3.5,0.5,8,,visible_pixel_support,False,visible_candidate,line-mfh-45deg-000147,3.5903663870664673
mfh-45deg,0.05147826086956519,80.75914081882637,8.695652173913715e-05,0.14095799206917548,423,260.0,,3.5,0.5,7,,visible_pixel_support,False,visible_candidate,line-mfh-45deg-000148,3.7826905451980792
mfh-45deg,0.05165217391304345,81.04105680296472,8.695652173913715e-05,0.14095799206918969,424,259.0,,4.0,0.5,9,,visible_pixel_support,False,visible_candidate,line-mfh-45deg-000149,2.9735139502137145
mfh-45deg,0.05182608695652171,81.04105680296472,8.695652173913715e-05,0.14095799206918969,425,259.0,,3.5,0.5,8,,visible_pixel_support,False,visible_candidate,line-mfh-45deg-000150,3.1628178188620666
mfh-45deg,0.05199999999999997,81.04105680296472,8.695652173913715e-05,0.14095799206918969,426,259.0,,3.5,0.5,8,,visible_pixel_support,False,visible_candidate,line-mfh-45deg-000151,3.350583367891659
mfh-45deg,0.05217391304347823,81.32297278710308,8.695652173913715e-05,0.14095799206917548,427,258.0,,4.0,0.5,9,,visible_pixel_support,False,visible_candidate,line-mfh-45deg-000152,2.536791814051128
mfh-45deg,0.05234782608695649,81.60488877124143,8.695652173913715e-05,0.14095799206917548,428,257.0,,4.5,0.5,9,,visible_pixel_support,False,visible_candidate,line-mfh-45deg-000153,1.7214243740892243
mfh-45deg,0.05252173913043475,81.60488877124143,8.695652173913715e-05,0.14095799206917548,429,257.0,,4.0,0.5,8,,visible_pixel_support,False,visible_candidate,line-mfh-45deg-000154,1.904462264754585
mfh-45deg,0.05269565217391301,81.60488877124143,8.695652173913715e-05,0.14095799206917548,430,257.0,,5.0,0.5,9,,visible_pixel_support,False,visible_candidate,line-mfh-45deg-000155,2.0858867027958183
mfh-45deg,0.05286956521739127,81.88680475537979,8.695652173913715e-05,0.14095799206917548,431,256.0,,4.0,0.5,6,,visible_pixel_support,False,visible_candidate,line-mfh-45deg-000156,1.2656789049615327
mfh-45deg,0.05304347826086953,81.60488877124143,8.695652173913715e-05,0.14095799206917548,432,257.0,,3.5,0.5,4,,visible_pixel_support,False,visible_candidate,line-mfh-45deg-000157,2.4438200880003933
mfh-45deg,0.05321739130434779,81.60488877124143,8.695652173913715e-05,0.14095799206917548,433,257.0,,1.5,0.5,4,,visible_pixel_support,False,visible_candidate,line-mfh-45deg-000158,2.6202914686611223
mfh-45deg,0.05339130434782605,81.60488877124143,8.695652173913715e-05,0.14095799206917548,434,257.0,,1.0,0.5,3,,visible_pixel_support,False,visible_candidate,line-mfh-45deg-000159,2.795074263692271
mfh-45deg,0.053565217391304314,81.60488877124143,8.695652173913715e-05,0.14095799206917548,435,257.0,,1.0,0.5,3,,visible_pixel_support,False,visible_candidate,line-mfh-45deg-000160,2.968149689842562
mfh-45deg,0.053739130434782574,81.88680475537979,8.695652173913715e-05,0.14095799206917548,436,256.0,,1.0,0.5,3,,visible_pixel_support,False,visible_candidate,line-mfh-45deg-000161,2.1394989638605466
mfh-45deg,0.053913043478260834,81.88680475537979,8.695652173913715e-05,0.14095799206917548,437,256.0,,1.0,0.5,3,,visible_pixel_support,False,visible_candidate,line-mfh-45deg-000162,2.3091033024949468
mfh-45deg,0.054086956521739095,81.88680475537979,8.695652173913715e-05,0.14095799206917548,438,256.0,,1.0,0.5,3,,visible_pixel_support,False,visible_candidate,line-mfh-45deg-000163,2.4769439224943994
mfh-45deg,0.054260869565217355,81.88680475537979,8.695652173913715e-05,0.14095799206917548,439,256.0,,1.0,0.5,3,,visible_pixel_support,False,visible_candidate,line-mfh-45deg-000164,2.6430020406074846
mfh-45deg,0.054434782608695616,82.16872073951814,8.695652173913715e-05,0.14095799206917548,440,255.0,,1.0,0.5,3,,visible_pixel_support,False,visible_candidate,line-mfh-45deg-000165,1.8072588735829527
mfh-45deg,0.054608695652173876,82.16872073951814,8.695652173913715e-05,0.14095799206917548,441,255.0,,1.0,0.5,3,,visible_pixel_support,False,visible_candidate,line-mfh-45deg-000166,1.9696956381693838
mfh-45deg,0.05478260869565214,82.16872073951814,8.695652173913715e-05,0.14095799206917548,442,255.0,,1.0,0.5,3,,visible_pixel_support,False,visible_candidate,line-mfh-45deg-000167,2.1302935511154146
mfh-45deg,0.0549565217391304,82.16872073951814,8.695652173913715e-05,0.14095799206917548,443,255.0,,2.0,0.5,5,,visible_pixel_support,False,visible_candidate,line-mfh-45deg-000168,2.289033829169739
mfh-45deg,0.05513043478260866,82.16872073951814,8.695652173913715e-05,0.14095799206917548,444,255.0,,2.5,0.5,4,,visible_pixel_support,False,visible_candidate,line-mfh-45deg-000169,2.4458976890809367
mfh-45deg,0.05530434782608692,82.45063672365649,8.695652173913715e-05,0.14095799206917548,445,254.0,,1.0,0.5,3,,visible_pixel_support,False,visible_candidate,line-mfh-45deg-000170,1.6008663475977016
mfh-45deg,0.05547826086956518,82.73255270779485,8.695652173913715e-05,0.14095799206918969,446,253.0,,1.5,0.5,4,,visible_pixel_support,False,visible_candidate,line-mfh-45deg-000171,0.7539210214686705
mfh-45deg,0.05565217391304344,82.73255270779485,8.695652173913715e-05,0.14095799206918969,447,253.0,,1.5,0.5,4,,visible_pixel_support,False,visible_candidate,line-mfh-45deg-000172,0.9050429274425085
mfh-45deg,0.0558260869565217,82.45063672365649,8.695652173913715e-05,0.14095799206917548,448,254.0,,3.0,0.5,4,,visible_pixel_support,False,visible_candidate,line-mfh-45deg-000173,2.0542132822677672
mfh-45deg,0.05599999999999996,82.73255270779485,8.695652173913715e-05,0.14095799206918969,449,253.0,,4.0,0.5,6,,visible_pixel_support,False,visible_candidate,line-mfh-45deg-000174,1.2014133026932257
mfh-45deg,0.05617391304347822,82.73255270779485,8.695652173913715e-05,0.14095799206918969,450,253.0,,3.5,0.5,5,,visible_pixel_support,False,visible_candidate,line-mfh-45deg-000175,1.3466242054674638
mfh-45deg,0.05634782608695648,82.73255270779485,8.695652173913715e-05,0.14095799206918969,451,253.0,,3.5,0.5,4,,visible_pixel_support,False,visible_candidate,line-mfh-45deg-000176,1.48982720733909
mfh-45deg,0.05652173913043474,82.73255270779485,8.695652173913715e-05,0.14095799206918969,452,253.0,,1.0,0.5,3,,visible_pixel_support,False,visible_candidate,line-mfh-45deg-000177,1.6310035250567978
mfh-45deg,0.056695652173913015,83.0144686919332,8.695652173913715e-05,0.14095799206917548,453,252.0,,0.5,0.5,2,,visible_pixel_support,False,visible_candidate,line-mfh-45deg-000178,0.7701343753692527
mfh-45deg,0.056869565217391276,83.0144686919332,8.695652173913715e-05,0.14095799206917548,454,252.0,,1.0,0.5,3,,visible_pixel_support,False,visible_candidate,line-mfh-45deg-000179,0.9072009750250345
mfh-45deg,0.057043478260869536,83.0144686919332,8.695652173913715e-05,0.14095799206917548,455,252.0,,1.0,0.5,3,,visible_pixel_support,False,visible_candidate,line-mfh-45deg-000180,1.042184540772837
mfh-45deg,0.057217391304347796,83.0144686919332,8.695652173913715e-05,0.14095799206917548,456,252.0,,1.0,0.5,3,,visible_pixel_support,False,visible_candidate,line-mfh-45deg-000181,1.1750662893612969
mfh-45deg,0.05739130434782606,83.0144686919332,8.695652173913715e-05,0.14095799206917548,457,252.0,,1.0,0.5,3,,visible_pixel_support,False,visible_candidate,line-mfh-45deg-000182,1.305827437539051
mfh-45deg,0.05756521739130432,83.29638467607155,8.695652173913715e-05,0.14095799206917548,458,251.0,,0.5,0.5,2,,visible_pixel_support,False,visible_candidate,line-mfh-45deg-000183,0.43444920205473636
mfh-45deg,0.05773913043478258,83.29638467607155,8.695652173913715e-05,0.14095799206917548,459,251.0,,0.5,0.5,2,,visible_pixel_support,False,visible_candidate,line-mfh-45deg-000184,0.5609127996570749
mfh-45deg,0.05791304347826084,83.29638467607155,8.695652173913715e-05,0.14095799206917548,460,251.0,,1.0,0.5,3,,visible_pixel_support,False,visible_candidate,line-mfh-45deg-000185,0.6851994470945613
mfh-45deg,0.0580869565217391,83.29638467607155,8.695652173913715e-05,0.14095799206917548,461,251.0,,1.0,0.5,3,,visible_pixel_support,False,visible_candidate,line-mfh-45deg-000186,0.8072903611159745
mfh-45deg,0.05826086956521736,83.29638467607155,8.695652173913715e-05,0.14095799206917548,462,251.0,,1.5,0.5,4,,visible_pixel_support,False,visible_candidate,line-mfh-45deg-000187,0.9271667584698946
mfh-45deg,0.05843478260869562,83.29638467607155,8.695652173913715e-05,0.14095799206917548,463,251.0,,1.0,0.5,3,,visible_pixel_support,False,visible_candidate,line-mfh-45deg-000188,1.0448098559049868
mfh-45deg,0.05860869565217388,83.5783006602099,8.695652173913715e-05,0.14095799206917548,464,250.0,,1.0,0.5,3,,visible_pixel_support,False,visible_candidate,line-mfh-45deg-000189,0.16020087016991624
mfh-45deg,0.05878260869565214,83.5783006602099,8.695652173913715e-05,0.14095799206917548,465,250.0,,1.0,0.5,3,,visible_pixel_support,False,visible_candidate,line-mfh-45deg-000190,0.27332101801329145
mfh-45deg,0.0589565217391304,83.5783006602099,8.695652173913715e-05,0.14095799206917548,466,250.0,,3.5,0.5,5,,visible_pixel_support,False,visible_candidate,line-mfh-45deg-000191,0.3841515161837492
mfh-45deg,0.05913043478260866,83.5783006602099,8.695652173913715e-05,0.14095799206917548,467,250.0,,4.0,0.5,7,,visible_pixel_support,False,visible_candidate,line-mfh-45deg-000192,0.4926735814300116
mfh-45deg,0.05930434782608692,83.86021664434826,8.695652173913715e-05,0.14095799206917548,468,249.0,,4.5,0.5,7,,visible_pixel_support,False,visible_candidate,line-mfh-45deg-000193,0.4011315694993698
mfh-45deg,0.05947826086956518,83.5783006602099,8.695652173913715e-05,0.14095799206917548,469,250.0,,4.5,0.5,8,,visible_pixel_support,False,visible_candidate,line-mfh-45deg-000194,0.7027172801442987
mfh-45deg,0.05965217391304344,83.5783006602099,8.695652173913715e-05,0.14095799206917548,470,250.0,,4.0,0.5,7,,visible_pixel_support,False,visible_candidate,line-mfh-45deg-000195,0.8042013471096539
mfh-45deg,0.0598260869565217,83.5783006602099,8.695652173913715e-05,0.14095799206917548,471,250.0,,4.5,0.5,8,,visible_pixel_support,False,visible_candidate,line-mfh-45deg-000196,0.9033018481453325
mfh-45deg,0.05999999999999996,83.86021664434826,8.695652173913715e-05,0.14095799206917548,472,249.0,,4.5,0.5,7,,visible_pixel_support,False,visible_candidate,line-mfh-45deg-000197,0.0
mfh-45deg,0.060173913043478224,83.86021664434826,8.695652173913715e-05,0.14095799206917548,473,249.0,,4.5,0.5,7,,visible_pixel_support,False,visible_candidate,line-mfh-45deg-000198,0.09575249876206726
mfh-45deg,0.060347826086956484,83.86021664434826,8.695652173913715e-05,0.14095799206917548,474,249.0,,4.5,0.5,6,,visible_pixel_support,False,visible_candidate,line-mfh-45deg-000199,0.19197809857533343
mfh-45deg,0.060521739130434744,83.86021664434826,8.695652173913715e-05,0.14095799206917548,475,249.0,,4.5,0.5,7,,visible_pixel_support,False,visible_candidate,line-mfh-45deg-000200,0.28860110327164534
mfh-45deg,0.060695652173913005,83.86021664434826,8.695652173913715e-05,0.14095799206917548,476,249.0,,4.5,0.5,7,,visible_pixel_support,False,visible_candidate,line-mfh-45deg-000201,0.385545816682793
mfh-45deg,0.060869565217391265,84.1421326284866,8.695652173913715e-05,0.14095799206918969,477,248.0,,4.5,0.5,7,,visible_pixel_support,False,visible_candidate,line-mfh-45deg-000202,0.5172634573594053
mfh-45deg,0.061043478260869526,84.1421326284866,8.695652173913715e-05,0.14095799206918969,478,248.0,,4.0,0.5,6,,visible_pixel_support,False,visible_candidate,line-mfh-45deg-000203,0.4199024150231878
mfh-45deg,0.061217391304347786,83.86021664434826,8.695652173913715e-05,0.14095799206917548,479,249.0,,4.0,0.5,7,,visible_pixel_support,False,visible_candidate,line-mfh-45deg-000204,0.6775532475232922
mfh-45deg,0.061391304347826046,84.1421326284866,8.695652173913715e-05,0.14095799206918969,480,248.0,,4.5,0.5,8,,visible_pixel_support,False,visible_candidate,line-mfh-45deg-000205,0.22497216588814695
mfh-45deg,0.06156521739130431,84.1421326284866,8.695652173913715e-05,0.14095799206918969,481,248.0,,4.5,0.5,8,,visible_pixel_support,False,visible_candidate,line-mfh-45deg-000206,0.12755435142577198
mfh-45deg,0.06173913043478257,84.1421326284866,8.695652173913715e-05,0.14095799206918969,482,248.0,,4.5,0.5,7,,visible_pixel_support,False,visible_candidate,line-mfh-45deg-000207,0.030269005257707704
mfh-45deg,0.06191304347826083,84.42404861262497,8.695652173913715e-05,0.14095799206917548,483,247.0,,4.5,0.5,7,,visible_pixel_support,False,visible_candidate,line-mfh-45deg-000208,0.933191823552221
mfh-45deg,0.06208695652173909,84.42404861262497,8.695652173913715e-05,0.14095799206917548,484,247.0,,1.5,0.5,4,,visible_pixel_support,False,visible_candidate,line-mfh-45deg-000209,0.8363985024774934
mfh-45deg,0.06226086956521735,84.70596459676332,8.695652173913715e-05,0.14095799206917548,485,246.0,,1.0,0.5,3,,visible_pixel_support,False,visible_candidate,line-mfh-45deg-000210,1.7399647382016497
mfh-45deg,0.06243478260869561,84.70596459676332,8.695652173913021e-05,0.14095799206917548,486,246.0,,1.5,0.5,4,,visible_pixel_support,False,visible_candidate,line-mfh-45deg-000211,1.6439662268929567
mfh-45deg,0.06260869565217386,84.70596459676332,8.695652173915103e-05,0.14095799206917548,487,246.0,,1.0,0.5,3,,visible_pixel_support,False,visible_candidate,line-mfh-45deg-000212,1.548478664719596
mfh-45deg,0.06278260869565214,84.42404861262497,8.695652173912327e-05,0.14095799206917548,488,247.0,,1.5,0.5,4,,visible_pixel_support,False,visible_candidate,line-mfh-45deg-000213,0.45357774784974936
mfh-45deg,0.06295652173913038,84.70596459676332,8.695652173915103e-05,0.14095799206917548,489,246.0,,1.0,0.5,3,,visible_pixel_support,False,visible_candidate,line-mfh-45deg-000214,1.359339172451655
mfh-45deg,0.06313043478260866,84.70596459676332,8.695652173912327e-05,0.14095799206917548,490,246.0,,0.5,0.5,2,,visible_pixel_support,False,visible_candidate,line-mfh-45deg-000215,1.2658386346934662
mfh-45deg,0.0633043478260869,84.70596459676332,8.695652173915103e-05,0.14095799206917548,491,246.0,,0.5,0.5,2,,visible_pixel_support,False,visible_candidate,line-mfh-45deg-000216,1.1731518307433362
mfh-45deg,0.06347826086956518,84.70596459676332,8.695652173912327e-05,0.14095799206917548,492,246.0,,0.5,0.5,2,,visible_pixel_support,False,visible_candidate,line-mfh-45deg-000217,1.0813544567695885
mfh-45deg,0.06365217391304345,84.98788058090167,8.695652173915103e-05,0.14095799206917548,493,245.0,,1.0,0.5,3,,visible_pixel_support,False,visible_candidate,line-mfh-45deg-000218,1.990522208940348
mfh-45deg,0.0638260869565217,84.98788058090167,8.695652173912327e-05,0.14095799206917548,494,245.0,,1.0,0.5,3,,visible_pixel_support,False,visible_candidate,line-mfh-45deg-000219,1.9007307834237963
mfh-45deg,0.06399999999999997,84.98788058090167,8.695652173915103e-05,0.14095799206917548,495,245.0,,1.0,0.5,3,,visible_pixel_support,False,visible_candidate,line-mfh-45deg-000220,1.8120558763881434
mfh-45deg,0.06417391304347822,84.98788058090167,8.695652173912327e-05,0.14095799206917548,496,245.0,,0.5,0.5,2,,visible_pixel_support,False,visible_candidate,line-mfh-45deg-000221,1.7245731840015992
mfh-45deg,0.0643478260869565,84.98788058090167,8.695652173915103e-05,0.14095799206917548,497,245.0,,0.5,0.5,2,,visible_pixel_support,False,visible_candidate,line-mfh-45deg-000222,1.6383584024323739
mfh-45deg,0.06452173913043474,84.98788058090167,8.695652173912327e-05,0.14095799206917548,498,245.0,,1.0,0.5,3,,visible_pixel_support,False,visible_candidate,line-mfh-45deg-000223,1.5534872278486205
mfh-45deg,0.06469565217391302,84.98788058090167,8.695652173915103e-05,0.14095799206917548,499,245.0,,3.0,0.5,4,,visible_pixel_support,False,visible_candidate,line-mfh-45deg-000224,1.470035356418549
mfh-45deg,0.06486956521739126,84.98788058090167,8.695652173912327e-05,0.14095799206917548,500,245.0,,5.0,0.5,7,,visible_pixel_support,False,visible_candidate,line-mfh-45deg-000225,1.3880784843104266
mfh-45deg,0.06504347826086954,84.98788058090167,8.695652173915103e-05,0.14095799206917548,501,245.0,,5.0,0.5,7,,visible_pixel_support,False,visible_candidate,line-mfh-45deg-000226,1.3076923076923208
mfh-45deg,0.06521739130434778,84.98788058090167,8.695652173912327e-05,0.14095799206917548,502,245.0,,6.0,0.5,9,,visible_pixel_support,False,visible_candidate,line-mfh-45deg-000227,1.228952522732527
mfh-45deg,0.06539130434782606,85.55171254917838,8.695652173915103e-05,0.14095799206917548,503,243.0,,2.0,0.5,3,,visible_pixel_support,False,visible_candidate,line-mfh-45deg-000228,3.1519348255991986
mfh-45deg,0.0655652173913043,85.55171254917838,8.695652173912327e-05,0.14095799206917548,504,243.0,,1.5,0.5,4,,visible_pixel_support,False,visible_candidate,line-mfh-45deg-000229,3.0767149124605453
mfh-45deg,0.06573913043478258,85.55171254917838,8.695652173915103e-05,0.14095799206917548,505,243.0,,1.0,0.5,3,,visible_pixel_support,False,visible_candidate,line-mfh-45deg-000230,3.003368479484749
mfh-45deg,0.06591304347826082,85.26979656504002,8.695652173912327e-05,0.14095799206917548,506,244.0,,1.5,0.5,4,,visible_pixel_support,False,visible_candidate,line-mfh-45deg-000231,1.9319712228400476
mfh-45deg,0.0660869565217391,85.26979656504002,8.695652173915103e-05,0.14095799206917548,507,244.0,,1.5,0.5,4,,visible_pixel_support,False,visible_candidate,line-mfh-45deg-000232,1.8625988386946233
mfh-45deg,0.06626086956521735,85.55171254917838,8.695652173912327e-05,0.14095799206917548,508,243.0,,1.0,0.5,3,,visible_pixel_support,False,visible_candidate,line-mfh-45deg-000233,2.7953270232166574
mfh-45deg,0.06643478260869562,85.55171254917838,8.695652173915103e-05,0.14095799206917548,509,243.0,,1.0,0.5,3,,visible_pixel_support,False,visible_candidate,line-mfh-45deg-000234,2.730231472574303
mfh-45deg,0.06660869565217387,85.55171254917838,8.695652173912327e-05,0.14095799206917548,510,243.0,,0.5,0.5,2,,visible_pixel_support,False,visible_candidate,line-mfh-45deg-000235,2.667387882935884
mfh-45deg,0.06678260869565214,85.55171254917838,8.695652173915103e-05,0.14095799206917548,511,243.0,,0.5,0.5,2,,visible_pixel_support,False,visible_candidate,line-mfh-45deg-000236,2.6068719504694684
mfh-45deg,0.06695652173913039,85.55171254917838,8.695652173915103e-05,0.14095799206917548,512,243.0,,0.5,0.5,2,,visible_pixel_support,False,visible_candidate,line-mfh-45deg-000237,2.548759371343351
mfh-45deg,0.06713043478260866,85.55171254917838,8.695652173912327e-05,0.14095799206917548,513,243.0,,0.5,0.5,2,,visible_pixel_support,False,visible_candidate,line-mfh-45deg-000238,2.4931258417256004
mfh-45deg,0.06730434782608691,85.83362853331674,8.695652173915103e-05,0.14095799206918969,514,242.0,,1.0,0.5,3,,visible_pixel_support,False,visible_candidate,line-mfh-45deg-000239,3.440047057784568
mfh-45deg,0.06747826086956518,84.70596459676332,8.695652173912327e-05,0.14095799206917548,515,246.0,,3.0,0.5,5,,visible_pixel_support,False,visible_candidate,line-mfh-45deg-000240,0.6104012843116493
mfh-45deg,0.06765217391304343,85.26979656504002,8.695652173915103e-05,0.14095799206917548,516,244.0,,3.5,0.5,6,,visible_pixel_support,False,visible_candidate,line-mfh-45deg-000241,1.3418565116051582
mfh-45deg,0.0678260869565217,85.83362853331674,8.695652173912327e-05,0.14095799206918969,517,242.0,,1.0,0.5,3,,visible_pixel_support,False,visible_candidate,line-mfh-45deg-000242,3.296896141703229
mfh-45deg,0.06799999999999995,86.11554451745509,8.695652173915103e-05,0.14095799206917548,518,241.0,,1.0,0.5,3,,visible_pixel_support,False,visible_candidate,line-mfh-45deg-000243,4.254793302150716
mfh-45deg,0.06817391304347822,85.83362853331674,8.695652173912327e-05,0.14095799206918969,519,242.0,,6.5,0.5,8,,visible_pixel_support,False,visible_candidate,line-mfh-45deg-000244,3.21562368911583
mfh-45deg,0.06834782608695647,84.1421326284866,8.695652173915103e-05,0.14095799206918969,520,248.0,,6.0,0.5,8,,visible_pixel_support,False,visible_candidate,line-mfh-45deg-000245,2.8205370012332196
mfh-45deg,0.06852173913043474,84.1421326284866,8.695652173912327e-05,0.14095799206918969,521,248.0,,6.5,0.5,9,,visible_pixel_support,False,visible_candidate,line-mfh-45deg-000246,2.853613072728251
mfh-45deg,0.06869565217391299,84.1421326284866,8.695652173915103e-05,0.14095799206918969,522,248.0,,6.5,0.5,9,,visible_pixel_support,False,visible_candidate,line-mfh-45deg-000247,2.8835288292010546
mfh-45deg,0.06886956521739127,84.1421326284866,8.695652173912327e-05,0.14095799206918969,523,248.0,,6.0,0.5,8,,visible_pixel_support,False,visible_candidate,line-mfh-45deg-000248,2.9102085744834483
mfh-45deg,0.06904347826086951,84.42404861262497,8.695652173915103e-05,0.14095799206917548,524,247.0,,6.0,0.5,9,,visible_pixel_support,False,visible_candidate,line-mfh-45deg-000249,1.9335766124072222
mfh-45deg,0.06921739130434779,84.1421326284866,8.695652173912327e-05,0.14095799206918969,525,248.0,,6.0,0.5,8,,visible_pixel_support,False,visible_candidate,line-mfh-45deg-000250,2.953557246804195
mfh-45deg,0.06939130434782603,84.1421326284866,8.695652173915103e-05,0.14095799206918969,526,248.0,,6.0,0.5,7,,visible_pixel_support,False,visible_candidate,line-mfh-45deg-000251,2.970074781506156
mfh-45deg,0.06956521739130431,83.86021664434826,8.695652173912327e-05,0.14095799206917548,527,249.0,,6.0,0.5,6,,visible_pixel_support,False,visible_candidate,line-mfh-45deg-000252,3.9830535203449244
mfh-45deg,0.06973913043478255,83.86021664434826,8.695652173915103e-05,0.14095799206917548,528,249.0,,6.5,0.5,7,,visible_pixel_support,False,visible_candidate,line-mfh-45deg-000253,3.9924177671522614
mfh-45deg,0.06991304347826083,83.86021664434826,8.695652173912327e-05,0.14095799206917548,529,249.0,,6.5,0.5,7,,visible_pixel_support,False,visible_candidate,line-mfh-45deg-000254,3.998091825760042
mfh-45deg,0.07008695652173907,83.86021664434826,8.695652173915103e-05,0.14095799206917548,530,249.0,,6.5,0.5,7,,visible_pixel_support,False,visible_candidate,line-mfh-45deg-000255,4.0
mfh-45deg,0.07026086956521735,83.86021664434826,8.695652173912327e-05,0.14095799206917548,531,249.0,,6.5,0.5,7,,visible_pixel_support,False,visible_candidate,line-mfh-45deg-000256,3.9981694772480694
mfh-45deg,0.07043478260869562,83.86021664434826,8.695652173915103e-05,0.14095799206917548,532,249.0,,6.5,0.5,7,,visible_pixel_support,False,visible_candidate,line-mfh-45deg-000257,3.9927427062577863
mfh-45deg,0.07060869565217387,83.86021664434826,8.695652173912327e-05,0.14095799206917548,533,249.0,,6.5,0.5,7,,visible_pixel_support,False,visible_candidate,line-mfh-45deg-000258,3.983816882927556
mfh-45deg,0.07078260869565214,86.11554451745509,8.695652173915103e-05,0.14095799206917548,534,241.0,,6.5,0.5,7,,visible_pixel_support,False,visible_candidate,line-mfh-45deg-000259,4.028510796844387
mfh-45deg,0.07095652173913039,86.11554451745509,8.695652173912327e-05,0.14095799206917548,535,241.0,,6.5,0.5,7,,visible_pixel_support,False,visible_candidate,line-mfh-45deg-000260,4.044143137159608
mfh-45deg,0.07113043478260866,86.39746050159344,8.695652173915103e-05,0.14095799206917548,536,240.0,,1.5,0.5,4,,visible_pixel_support,False,visible_candidate,line-mfh-45deg-000261,5.062982942119845
mfh-45deg,0.07130434782608691,86.6793764857318,8.695652173912327e-05,0.14095799206917548,537,239.0,,1.5,0.5,4,,visible_pixel_support,False,visible_candidate,line-mfh-45deg-000262,6.084933015826749
mfh-45deg,0.07147826086956519,86.39746050159344,8.695652173915103e-05,0.14095799206917548,538,240.0,,1.0,0.5,3,,visible_pixel_support,False,visible_candidate,line-mfh-45deg-000263,5.109896162381915
mfh-45deg,0.07165217391304343,86.6793764857318,8.695652173912327e-05,0.14095799206917548,539,239.0,,1.5,0.5,4,,visible_pixel_support,False,visible_candidate,line-mfh-45deg-000264,6.137775185887165
mfh-45deg,0.0718260869565217,86.6793764857318,8.695652173915103e-05,0.14095799206917548,540,239.0,,1.5,0.5,4,,visible_pixel_support,False,visible_candidate,line-mfh-45deg-000265,6.168472890444008
mfh-45deg,0.07199999999999995,86.39746050159344,8.695652173912327e-05,0.14095799206917548,541,240.0,,1.0,0.5,3,,visible_pixel_support,False,visible_candidate,line-mfh-45deg-000266,5.2018920801542095
mfh-45deg,0.07217391304347823,86.11554451745509,8.695652173915103e-05,0.14095799206917548,542,241.0,,3.5,0.5,5,,visible_pixel_support,False,visible_candidate,line-mfh-45deg-000267,4.237935559119393
mfh-45deg,0.07234782608695647,85.26979656504002,8.695652173912327e-05,0.14095799206917548,543,244.0,,3.5,0.5,5,,visible_pixel_support,False,visible_candidate,line-mfh-45deg-000268,1.2765061314412947
mfh-45deg,0.07252173913043475,86.39746050159344,8.695652173915103e-05,0.14095799206917548,544,240.0,,1.0,0.5,3,,visible_pixel_support,False,visible_candidate,line-mfh-45deg-000269,5.317506601221453
mfh-45deg,0.072695652173913,86.6793764857318,8.695652173912327e-05,0.14095799206917548,545,239.0,,1.0,0.5,3,,visible_pixel_support,False,visible_candidate,line-mfh-45deg-000270,6.360839772561604
mfh-45deg,0.07286956521739127,86.6793764857318,8.695652173915103e-05,0.14095799206917548,546,239.0,,1.0,0.5,3,,visible_pixel_support,False,visible_candidate,line-mfh-45deg-000271,6.406408449563429
mfh-45deg,0.07304347826086952,86.6793764857318,8.695652173912327e-05,0.14095799206917548,547,239.0,,1.0,0.5,3,,visible_pixel_support,False,visible_candidate,line-mfh-45deg-000272,6.454115436328578
mfh-45deg,0.07321739130434779,86.6793764857318,8.695652173915103e-05,0.14095799206917548,548,239.0,,1.0,0.5,3,,visible_pixel_support,False,visible_candidate,line-mfh-45deg-000273,6.503863536958761
mfh-45deg,0.07339130434782604,86.6793764857318,8.695652173912327e-05,0.14095799206917548,549,239.0,,1.0,0.5,3,,visible_pixel_support,False,visible_candidate,line-mfh-45deg-000274,6.555555555555543
mfh-45deg,0.07356521739130431,86.6793764857318,8.695652173915103e-05,0.14095799206917548,550,239.0,,1.0,0.5,3,,visible_pixel_support,False,visible_candidate,line-mfh-45deg-000275,6.609094296220718
mfh-45deg,0.07373913043478256,86.6793764857318,8.695652173915103e-05,0.14095799206917548,551,239.0,,1.0,0.5,3,,visible_pixel_support,False,visible_candidate,line-mfh-45deg-000276,6.664382563055852
mfh-45deg,0.07391304347826083,85.55171254917838,8.695652173912327e-05,0.14095799206917548,552,243.0,,6.5,0.5,8,,visible_pixel_support,False,visible_candidate,line-mfh-45deg-000277,2.7213231601626546
mfh-45deg,0.07408695652173908,83.86021664434826,8.695652173915103e-05,0.14095799206917548,553,249.0,,6.5,0.5,5,,visible_pixel_support,False,visible_candidate,line-mfh-45deg-000278,3.2201811083571954
mfh-45deg,0.07426086956521735,83.86021664434826,8.695652173912327e-05,0.14095799206917548,554,249.0,,7.0,0.5,5,,visible_pixel_support,False,visible_candidate,line-mfh-45deg-000279,3.160227438402103
mfh-45deg,0.0744347826086956,86.96129246987014,8.695652173915103e-05,0.14095799206917548,555,238.0,,1.0,0.5,3,,visible_pixel_support,False,visible_candidate,line-mfh-45deg-000280,7.901086974129697
mfh-45deg,0.07460869565217387,86.96129246987014,8.695652173912327e-05,0.14095799206917548,556,238.0,,1.0,0.5,3,,visible_pixel_support,False,visible_candidate,line-mfh-45deg-000281,7.9636649333398
mfh-45deg,0.07478260869565212,86.96129246987014,8.695652173915103e-05,0.14095799206917548,557,238.0,,0.5,0.5,2,,visible_pixel_support,False,visible_candidate,line-mfh-45deg-000282,8.027409243329942
mfh-45deg,0.0749565217391304,86.96129246987014,8.695652173912327e-05,0.14095799206917548,558,238.0,,0.5,0.5,2,,visible_pixel_support,False,visible_candidate,line-mfh-45deg-000283,8.092222708201717
mfh-45deg,0.07513043478260864,86.96129246987014,8.695652173915103e-05,0.14095799206917548,559,238.0,,0.5,0.5,2,,visible_pixel_support,False,visible_candidate,line-mfh-45deg-000284,8.158008132056807
mfh-45deg,0.07530434782608691,86.6793764857318,8.695652173912327e-05,0.14095799206917548,560,239.0,,1.0,0.5,3,,visible_pixel_support,False,visible_candidate,line-mfh-45deg-000285,7.224668318996947
mfh-45deg,0.07547826086956516,85.55171254917838,8.695652173915103e-05,0.14095799206917548,561,243.0,,3.0,0.5,3,,visible_pixel_support,False,visible_candidate,line-mfh-45deg-000286,3.292106073123705
mfh-45deg,0.07565217391304344,87.2432084540085,8.695652173912327e-05,0.14095799206918969,562,237.0,,0.5,0.5,1,,visible_pixel_support,False,visible_candidate,line-mfh-45deg-000287,9.360224198538816
mfh-45deg,0.07582608695652168,87.2432084540085,8.695652173915103e-05,0.14095799206918969,563,237.0,,0.5,0.5,1,,visible_pixel_support,False,visible_candidate,line-mfh-45deg-000288,9.428925499343904
mfh-45deg,0.07599999999999996,87.2432084540085,8.695652173912327e-05,0.14095799206918969,564,237.0,,0.5,0.5,1,,visible_pixel_support,False,visible_candidate,line-mfh-45deg-000289,9.498112779640707
mfh-45deg,0.0761739130434782,87.2432084540085,8.695652173915103e-05,0.14095799206918969,565,237.0,,0.5,0.5,1,,visible_pixel_support,False,visible_candidate,line-mfh-45deg-000290,9.567688843530789
mfh-45deg,0.07634782608695648,87.2432084540085,8.695652173912327e-05,0.14095799206918969,566,237.0,,0.5,0.5,1,,visible_pixel_support,False,visible_candidate,line-mfh-45deg-000291,9.637556495115916
mfh-45deg,0.07652173913043472,87.2432084540085,8.695652173915103e-05,0.14095799206918969,567,237.0,,0.5,0.5,1,,visible_pixel_support,False,visible_candidate,line-mfh-45deg-000292,9.707618538497655
mfh-45deg,0.076695652173913,87.2432084540085,8.695652173912327e-05,0.14095799206918969,568,237.0,,0.5,0.5,1,,visible_pixel_support,False,visible_candidate,line-mfh-45deg-000293,9.777777777777771
mfh-45deg,0.07686956521739124,85.83362853331674,8.695652173915103e-05,0.14095799206918969,569,242.0,,2.5,0.5,3,,visible_pixel_support,False,visible_candidate,line-mfh-45deg-000294,4.847937017057859
mfh-45deg,0.07704347826086952,87.2432084540085,8.695652173912327e-05,0.14095799206918969,570,237.0,,0.5,0.5,1,,visible_pixel_support,False,visible_candidate,line-mfh-45deg-000295,9.917999060439627
mfh-45deg,0.07721739130434777,84.1421326284866,8.695652173915103e-05,0.14095799206918969,571,248.0,,6.0,0.5,3,,visible_pixel_support,False,visible_candidate,line-mfh-45deg-000296,1.0121332879752458
mfh-45deg,0.07739130434782604,84.1421326284866,8.695652173912327e-05,0.14095799206918969,572,248.0,,1.5,0.5,4,,visible_pixel_support,False,visible_candidate,line-mfh-45deg-000297,0.9425572240851352
mfh-45deg,0.07756521739130431,84.1421326284866,8.695652173915103e-05,0.14095799206918969,573,248.0,,1.5,0.5,4,,visible_pixel_support,False,visible_candidate,line-mfh-45deg-000298,0.87336994378839
mfh-45deg,0.07773913043478256,84.1421326284866,8.695652173912327e-05,0.14095799206918969,574,248.0,,1.5,0.5,4,,visible_pixel_support,False,visible_candidate,line-mfh-45deg-000299,0.8046686429832448
mfh-45deg,0.07791304347826083,84.1421326284866,8.695652173915103e-05,0.14095799206918969,575,248.0,,1.5,0.5,4,,visible_pixel_support,False,visible_candidate,line-mfh-45deg-000300,0.7365505175681619
mfh-45deg,0.07808695652173908,84.1421326284866,8.695652173912327e-05,0.14095799206918969,576,248.0,,1.5,0.5,4,,visible_pixel_support,False,visible_candidate,line-mfh-45deg-000301,0.669112763441376
mfh-45deg,0.07826086956521736,84.1421326284866,8.695652173915103e-05,0.14095799206918969,577,248.0,,1.5,0.5,4,,visible_pixel_support,False,visible_candidate,line-mfh-45deg-000302,0.602452576501264
mfh-45deg,0.0784347826086956,84.1421326284866,8.695652173912327e-05,0.14095799206918969,578,248.0,,1.5,0.5,4,,visible_pixel_support,False,visible_candidate,line-mfh-45deg-000303,0.5366671526461744
mfh-45deg,0.07860869565217388,84.1421326284866,8.695652173915103e-05,0.14095799206918969,579,248.0,,1.5,0.5,4,,visible_pixel_support,False,visible_candidate,line-mfh-45deg-000304,0.4718536877743702
mfh-45deg,0.07878260869565212,84.1421326284866,8.695652173912327e-05,0.14095799206918969,580,248.0,,1.5,0.5,4,,visible_pixel_support,False,visible_candidate,line-mfh-45deg-000305,0.4081093777842568
mfh-45deg,0.0789565217391304,84.1421326284866,8.695652173915103e-05,0.14095799206918969,581,248.0,,1.5,0.5,4,,visible_pixel_support,False,visible_candidate,line-mfh-45deg-000306,0.34553141857412584
mfh-45deg,0.07913043478260864,84.1421326284866,8.695652173912327e-05,0.14095799206918969,582,248.0,,1.5,0.5,4,,visible_pixel_support,False,visible_candidate,line-mfh-45deg-000307,0.2842170060423541
mfh-45deg,0.07930434782608692,84.1421326284866,8.695652173915103e-05,0.14095799206918969,583,248.0,,1.5,0.5,4,,visible_pixel_support,False,visible_candidate,line-mfh-45deg-000308,0.22426333608723326
mfh-45deg,0.07947826086956516,84.1421326284866,8.695652173912327e-05,0.14095799206918969,584,248.0,,1.5,0.5,4,,visible_pixel_support,False,visible_candidate,line-mfh-45deg-000309,0.16576760460708329
mfh-45deg,0.07965217391304344,84.1421326284866,8.695652173915103e-05,0.14095799206918969,585,248.0,,1.5,0.5,4,,visible_pixel_support,False,visible_candidate,line-mfh-45deg-000310,0.10882700750028107
mfh-45deg,0.07982608695652169,84.1421326284866,8.695652173912327e-05,0.14095799206918969,586,248.0,,1.5,0.5,4,,visible_pixel_support,False,visible_candidate,line-mfh-45deg-000311,0.053538740665146634
mfh-45deg,0.07999999999999996,84.1421326284866,8.695652173915103e-05,0.14095799206918969,587,248.0,,1.0,0.5,3,,visible_pixel_support,False,visible_candidate,line-mfh-45deg-000312,0.0
test-90deg,0.0015652173913043438,4.077993133194212,8.695652173913021e-05,0.14095799206918969,136.0,532.0,9.0,8.5,0.5,160,diamond,visible_marker_support,True,visible_candidate,line-test-90deg-000001,
test-90deg,0.01843478260869564,43.828146896702066,8.695652173913021e-05,0.14095799206917548,233.0,391.0,4.0,2.5,0.5,33,diamond,visible_marker_support,False,visible_candidate,line-test-90deg-000002,
test-90deg,0.022260869565217375,49.74838256360749,8.695652173913021e-05,0.14095799206918969,255.0,370.0,11.5,8.5,0.5,152,diamond,visible_marker_support,False,visible_candidate,line-test-90deg-000003,
test-90deg,0.02469565217391303,53.977122325682785,8.695652173913021e-05,0.14095799206917548,269.0,355.0,2.5,2.0,0.5,19,diamond,visible_marker_support,False,visible_candidate,line-test-90deg-000004,
test-90deg,0.0372173913043478,66.66334161190869,8.695652173913021e-05,0.14095799206917548,341.0,310.0,1.0,0.5,0.5,5,diamond,visible_marker_support,False,visible_candidate,line-test-90deg-000005,
test-90deg,0.03930434782608693,68.07292153260046,8.695652173913021e-05,0.14095799206917548,353.0,305.0,1.0,1.5,0.5,11,diamond,visible_marker_support,False,visible_candidate,line-test-90deg-000006,
test-90deg,0.04556521739130432,72.30166129467577,8.695652173913715e-05,0.14095799206917548,389.0,290.0,1.0,2.0,0.5,13,diamond,visible_marker_support,False,visible_candidate,line-test-90deg-000007,
test-90deg,0.057217391304347796,77.37614900916613,8.695652173913715e-05,0.14095799206917548,456.0,272.0,1.0,2.0,0.5,13,diamond,visible_marker_support,False,visible_candidate,line-test-90deg-000008,
test-90deg,0.06252173913043474,78.50381294571955,8.695652173913021e-05,0.14095799206917548,486.5,268.0,2.5,1.0,0.5,18,diamond,visible_marker_support,False,visible_candidate,line-test-90deg-000009,
test-90deg,0.06573913043478258,79.06764491399625,8.695652173915103e-05,0.14095799206917548,505.0,266.0,2.0,1.5,0.5,16,diamond,visible_marker_support,False,visible_candidate,line-test-90deg-000010,
test-90deg,0.07130434782608691,79.3495608981346,8.695652173912327e-05,0.14095799206917548,537.0,265.0,2.0,0.5,0.5,5,diamond,visible_marker_support,False,visible_candidate,line-test-90deg-000011,
test-90deg,0.07460869565217387,74.55698916778259,8.695652173912327e-05,0.14095799206917548,556.0,282.0,11.0,1.5,0.5,15,diamond,visible_marker_support,False,visible_candidate,line-test-90deg-000012,
test-90deg,0.07808695652173908,73.57028322329836,8.695652173912327e-05,0.14095799206917548,576.0,285.5,4.0,5.5,0.5,42,diamond,visible_marker_support,False,visible_candidate,line-test-90deg-000013,
test-90deg,0.08260869565217385,73.14740924709082,8.695652173915103e-05,0.14095799206918969,602.0,287.0,10.5,6.5,0.5,220,diamond,visible_marker_support,False,visible_candidate,line-test-90deg-000014,
mfh-90deg,0.00017391304347825695,0.6950013235339725,8.695652173913021e-05,0.14095799206918969,128,544.0,,2.0,0.5,5,,visible_pixel_support,True,visible_candidate,line-mfh-90deg-000001,2.0
mfh-90deg,0.00034782608695651737,0.9769173076723234,8.695652173913021e-05,0.14095799206918969,129,543.0,,2.0,0.5,5,,visible_pixel_support,False,visible_candidate,line-mfh-90deg-000002,3.4708503406743603
mfh-90deg,0.0005217391304347778,1.2588332918106744,8.695652173913021e-05,0.14095799206918969,130,542.0,,2.5,0.5,6,,visible_pixel_support,False,visible_candidate,line-mfh-90deg-000003,4.942159365763928
mfh-90deg,0.0006956521739130382,1.8226652600873763,8.695652173913021e-05,0.14095799206918969,131,540.0,,2.5,0.5,6,,visible_pixel_support,False,visible_candidate,line-mfh-90deg-000004,5.413828785751662
mfh-90deg,0.0008695652173912986,2.3864972283641066,8.695652173913021e-05,0.14095799206918969,132,538.0,,2.5,0.5,6,,visible_pixel_support,False,visible_candidate,line-mfh-90deg-000005,5.88576031111927
mfh-90deg,0.0010434782608695625,5.2056570697476445,8.695652173913368e-05,0.14095799206918969,133,528.0,,6.0,0.5,7,,visible_pixel_support,False,visible_candidate,line-mfh-90deg-000006,1.6421443476502873
mfh-90deg,0.001217391304347823,5.2056570697476445,8.695652173913021e-05,0.14095799206918969,134,528.0,,6.0,0.5,10,,visible_pixel_support,False,visible_candidate,line-mfh-90deg-000007,0.8300165199251524
mfh-90deg,0.0013913043478260834,5.769489038024346,8.695652173913021e-05,0.14095799206918969,135,526.0,,5.0,0.5,11,,visible_pixel_support,False,visible_candidate,line-mfh-90deg-000008,1.3021446243280934
mfh-90deg,0.0015652173913043438,6.051405022162697,8.695652173913021e-05,0.14095799206918969,136,525.0,,4.5,0.5,10,,visible_pixel_support,False,visible_candidate,line-mfh-90deg-000009,2.7741416760409265
mfh-90deg,0.0017391304347826042,6.615236990439399,8.695652173913021e-05,0.14095799206918969,137,523.0,,3.5,0.5,8,,visible_pixel_support,False,visible_candidate,line-mfh-90deg-000010,3.2459093855460424
mfh-90deg,0.0019130434782608646,7.179068958716101,8.695652173913021e-05,0.14095799206918969,138,521.0,,3.5,0.5,8,,visible_pixel_support,False,visible_candidate,line-mfh-90deg-000011,3.7173494633258315
mfh-90deg,0.002086956521739125,7.460984942854452,8.695652173913021e-05,0.14095799206918969,139,520.0,,2.5,0.5,6,,visible_pixel_support,False,visible_candidate,line-mfh-90deg-000012,5.188363619862798
mfh-90deg,0.0022608695652173855,7.742900926992803,8.695652173913021e-05,0.14095799206918969,140,519.0,,1.5,0.5,4,,visible_pixel_support,False,visible_candidate,line-mfh-90deg-000013,6.658853565639447
mfh-90deg,0.003478260869565212,12.253556673206475,8.695652173913021e-05,0.14095799206918969,147,503.0,,0.5,0.5,1,,visible_pixel_support,True,visible_candidate,line-mfh-90deg-000014,7.9832708451449435
mfh-90deg,0.05252173913043475,75.96656908847436,8.695652173913715e-05,0.14095799206917548,429,277.0,,0.5,0.5,2,,visible_pixel_support,True,visible_candidate,line-mfh-90deg-000015,8.871862975677118
mfh-90deg,0.05269565217391301,76.24848507261271,8.695652173913715e-05,0.14095799206917548,430,276.0,,1.0,0.5,3,,visible_pixel_support,False,visible_candidate,line-mfh-90deg-000016,7.99024693259247
mfh-90deg,0.05286956521739127,76.24848507261271,8.695652173913715e-05,0.14095799206917548,431,276.0,,0.5,0.5,2,,visible_pixel_support,False,visible_candidate,line-mfh-90deg-000017,8.107752386566347
mfh-90deg,0.05304347826086953,76.24848507261271,8.695652173913715e-05,0.14095799206917548,432,276.0,,0.5,0.5,2,,visible_pixel_support,False,visible_candidate,line-mfh-90deg-000018,8.224365636523885
mfh-90deg,0.05321739130434779,76.24848507261271,8.695652173913715e-05,0.14095799206917548,433,276.0,,0.5,0.5,2,,visible_pixel_support,False,visible_candidate,line-mfh-90deg-000019,8.340072981389937
mfh-90deg,0.05339130434782605,76.53040105675107,8.695652173913715e-05,0.14095799206918969,434,275.0,,1.0,0.5,3,,visible_pixel_support,False,visible_candidate,line-mfh-90deg-000020,7.454860720089471
mfh-90deg,0.053565217391304314,76.53040105675107,8.695652173913715e-05,0.14095799206918969,435,275.0,,1.0,0.5,3,,visible_pixel_support,False,visible_candidate,line-mfh-90deg-000021,7.568715151547451
mfh-90deg,0.053739130434782574,76.53040105675107,8.695652173913715e-05,0.14095799206918969,436,275.0,,1.0,0.5,3,,visible_pixel_support,False,visible_candidate,line-mfh-90deg-000022,7.681622574688959
mfh-90deg,0.053913043478260834,76.53040105675107,8.695652173913715e-05,0.14095799206918969,437,275.0,,1.0,0.5,3,,visible_pixel_support,False,visible_candidate,line-mfh-90deg-000023,7.793569288438789
mfh-90deg,0.054086956521739095,76.81231704088943,8.695652173913715e-05,0.14095799206917548,438,274.0,,1.5,0.5,4,,visible_pixel_support,False,visible_candidate,line-mfh-90deg-000024,6.904541591722079
mfh-90deg,0.054260869565217355,76.81231704088943,8.695652173913715e-05,0.14095799206917548,439,274.0,,1.0,0.5,3,,visible_pixel_support,False,visible_candidate,line-mfh-90deg-000025,7.014525783463682
mfh-90deg,0.054434782608695616,76.81231704088943,8.695652173913715e-05,0.14095799206917548,440,274.0,,1.0,0.5,3,,visible_pixel_support,False,visible_candidate,line-mfh-90deg-000026,7.123508162588678
mfh-90deg,0.054608695652173876,76.81231704088943,8.695652173913715e-05,0.14095799206917548,441,274.0,,1.0,0.5,3,,visible_pixel_support,False,visible_candidate,line-mfh-90deg-000027,7.2314750280219755
mfh-90deg,0.05478260869565214,76.81231704088943,8.695652173913715e-05,0.14095799206917548,442,274.0,,1.0,0.5,3,,visible_pixel_support,False,visible_candidate,line-mfh-90deg-000028,7.338412678688428
mfh-90deg,0.0549565217391304,77.09423302502778,8.695652173913715e-05,0.14095799206917548,443,273.0,,1.5,0.5,4,,visible_pixel_support,False,visible_candidate,line-mfh-90deg-000029,6.444307413513229
mfh-90deg,0.05513043478260866,77.09423302502778,8.695652173913715e-05,0.14095799206917548,444,273.0,,1.5,0.5,4,,visible_pixel_support,False,visible_candidate,line-mfh-90deg-000030,6.549145531421118
mfh-90deg,0.05530434782608692,77.09423302502778,8.695652173913715e-05,0.14095799206917548,445,273.0,,1.0,0.5,3,,visible_pixel_support,False,visible_candidate,line-mfh-90deg-000031,6.652913331337288
mfh-90deg,0.05547826086956518,77.09423302502778,8.695652173913715e-05,0.14095799206917548,446,273.0,,1.5,0.5,4,,visible_pixel_support,False,visible_candidate,line-mfh-90deg-000032,6.7555971121865355
mfh-90deg,0.05565217391304344,77.37614900916613,8.695652173913715e-05,0.14095799206917548,447,272.0,,1.5,0.5,4,,visible_pixel_support,False,visible_candidate,line-mfh-90deg-000033,5.85718317289394
mfh-90deg,0.0558260869565217,77.37614900916613,8.695652173913715e-05,0.14095799206917548,448,272.0,,1.5,0.5,4,,visible_pixel_support,False,visible_candidate,line-mfh-90deg-000034,5.9576578123844115
mfh-90deg,0.05599999999999996,77.37614900916613,8.695652173913715e-05,0.14095799206917548,449,272.0,,1.5,0.5,4,,visible_pixel_support,False,visible_candidate,line-mfh-90deg-000035,6.057007329582916
mfh-90deg,0.05617391304347822,77.37614900916613,8.695652173913715e-05,0.14095799206917548,450,272.0,,1.0,0.5,3,,visible_pixel_support,False,visible_candidate,line-mfh-90deg-000036,6.15521802341442
mfh-90deg,0.05634782608695648,77.37614900916613,8.695652173913715e-05,0.14095799206917548,451,272.0,,1.0,0.5,3,,visible_pixel_support,False,visible_candidate,line-mfh-90deg-000037,6.252276192803947
mfh-90deg,0.05652173913043474,77.37614900916613,8.695652173913715e-05,0.14095799206917548,452,272.0,,1.5,0.5,4,,visible_pixel_support,False,visible_candidate,line-mfh-90deg-000038,6.3481681366764064
mfh-90deg,0.056695652173913015,77.37614900916613,8.695652173913715e-05,0.14095799206917548,453,272.0,,1.5,0.5,4,,visible_pixel_support,False,visible_candidate,line-mfh-90deg-000039,6.442880153956764
mfh-90deg,0.056869565217391276,77.37614900916613,8.695652173913715e-05,0.14095799206917548,454,272.0,,1.5,0.5,4,,visible_pixel_support,False,visible_candidate,line-mfh-90deg-000040,6.536398543570158
mfh-90deg,0.057043478260869536,77.37614900916613,8.695652173913715e-05,0.14095799206917548,455,272.0,,1.5,0.5,4,,visible_pixel_support,False,visible_candidate,line-mfh-90deg-000041,6.628709604441212
mfh-90deg,0.057217391304347796,77.65806499330448,8.695652173913715e-05,0.14095799206917548,456,271.0,,1.0,0.5,3,,visible_pixel_support,False,visible_candidate,line-mfh-90deg-000042,5.719799635495292
mfh-90deg,0.05739130434782606,77.65806499330448,8.695652173913715e-05,0.14095799206917548,457,271.0,,1.0,0.5,3,,visible_pixel_support,False,visible_candidate,line-mfh-90deg-000043,5.809654935657079
mfh-90deg,0.05756521739130432,77.65806499330448,8.695652173913715e-05,0.14095799206917548,458,271.0,,1.5,0.5,4,,visible_pixel_support,False,visible_candidate,line-mfh-90deg-000044,5.898261803851653
mfh-90deg,0.05773913043478258,77.65806499330448,8.695652173913715e-05,0.14095799206917548,459,271.0,,1.5,0.5,4,,visible_pixel_support,False,visible_candidate,line-mfh-90deg-000045,5.985606539003925
mfh-90deg,0.05791304347826084,77.65806499330448,8.695652173913715e-05,0.14095799206917548,460,271.0,,1.5,0.5,4,,visible_pixel_support,False,visible_candidate,line-mfh-90deg-000046,6.071675440038973
mfh-90deg,0.0580869565217391,77.65806499330448,8.695652173913715e-05,0.14095799206917548,461,271.0,,1.5,0.5,4,,visible_pixel_support,False,visible_candidate,line-mfh-90deg-000047,6.156454805881708
mfh-90deg,0.05826086956521736,77.93998097744283,8.695652173913715e-05,0.14095799206918969,462,270.0,,1.0,0.5,3,,visible_pixel_support,False,visible_candidate,line-mfh-90deg-000048,5.239930935457096
mfh-90deg,0.05843478260869562,77.93998097744283,8.695652173913715e-05,0.14095799206918969,463,270.0,,1.0,0.5,3,,visible_pixel_support,False,visible_candidate,line-mfh-90deg-000049,5.322090127690103
mfh-90deg,0.05860869565217388,77.65806499330448,8.695652173913715e-05,0.14095799206917548,464,271.0,,0.5,0.5,1,,visible_pixel_support,False,visible_candidate,line-mfh-90deg-000050,6.402918681505696
mfh-90deg,0.061391304347826046,78.50381294571955,8.695652173913715e-05,0.14095799206917548,480,268.0,,0.5,0.5,1,,visible_pixel_support,True,visible_candidate,line-mfh-90deg-000051,4.565500840542882
mfh-90deg,0.06156521739130431,78.50381294571955,8.695652173913715e-05,0.14095799206917548,481,268.0,,1.0,0.5,3,,visible_pixel_support,False,visible_candidate,line-mfh-90deg-000052,4.637295502070572
mfh-90deg,0.06173913043478257,78.50381294571955,8.695652173913715e-05,0.14095799206917548,482,268.0,,1.0,0.5,3,,visible_pixel_support,False,visible_candidate,line-mfh-90deg-000053,4.709131165689428
mfh-90deg,0.06191304347826083,78.50381294571955,8.695652173913715e-05,0.14095799206917548,483,268.0,,1.0,0.5,3,,visible_pixel_support,False,visible_candidate,line-mfh-90deg-000054,4.780946328262758
mfh-90deg,0.06208695652173909,78.50381294571955,8.695652173913715e-05,0.14095799206917548,484,268.0,,1.0,0.5,3,,visible_pixel_support,False,visible_candidate,line-mfh-90deg-000055,4.8526794866538125
mfh-90deg,0.06226086956521735,78.50381294571955,8.695652173913715e-05,0.14095799206917548,485,268.0,,1.0,0.5,3,,visible_pixel_support,False,visible_candidate,line-mfh-90deg-000056,4.924269137726014
mfh-90deg,0.06243478260869561,78.50381294571955,8.695652173913021e-05,0.14095799206917548,486,268.0,,1.0,0.5,3,,visible_pixel_support,False,visible_candidate,line-mfh-90deg-000057,4.995653778342728
mfh-90deg,0.06260869565217386,78.50381294571955,8.695652173915103e-05,0.14095799206917548,487,268.0,,1.0,0.5,3,,visible_pixel_support,False,visible_candidate,line-mfh-90deg-000058,5.0667719053672045
mfh-90deg,0.06278260869565214,78.7857289298579,8.695652173912327e-05,0.14095799206917548,488,267.0,,1.5,0.5,4,,visible_pixel_support,False,visible_candidate,line-mfh-90deg-000059,4.137562015662809
mfh-90deg,0.06295652173913038,78.7857289298579,8.695652173915103e-05,0.14095799206917548,489,267.0,,1.5,0.5,4,,visible_pixel_support,False,visible_candidate,line-mfh-90deg-000060,4.207962606092906
mfh-90deg,0.06313043478260866,78.7857289298579,8.695652173912327e-05,0.14095799206917548,490,267.0,,1.0,0.5,3,,visible_pixel_support,False,visible_candidate,line-mfh-90deg-000061,4.2779121735208605
mfh-90deg,0.0633043478260869,78.7857289298579,8.695652173915103e-05,0.14095799206917548,491,267.0,,1.0,0.5,3,,visible_pixel_support,False,visible_candidate,line-mfh-90deg-000062,4.347349214809981
mfh-90deg,0.06347826086956518,78.7857289298579,8.695652173912327e-05,0.14095799206917548,492,267.0,,1.0,0.5,3,,visible_pixel_support,False,visible_candidate,line-mfh-90deg-000063,4.416212226823575
mfh-90deg,0.06365217391304345,78.7857289298579,8.695652173915103e-05,0.14095799206917548,493,267.0,,1.0,0.5,3,,visible_pixel_support,False,visible_candidate,line-mfh-90deg-000064,4.484439706425064
mfh-90deg,0.0638260869565217,78.7857289298579,8.695652173912327e-05,0.14095799206917548,494,267.0,,1.0,0.5,3,,visible_pixel_support,False,visible_candidate,line-mfh-90deg-000065,4.5519701504777
mfh-90deg,0.06399999999999997,78.7857289298579,8.695652173915103e-05,0.14095799206917548,495,267.0,,1.0,0.5,3,,visible_pixel_support,False,visible_candidate,line-mfh-90deg-000066,4.618742055844848
mfh-90deg,0.06417391304347822,78.7857289298579,8.695652173912327e-05,0.14095799206917548,496,267.0,,1.0,0.5,3,,visible_pixel_support,False,visible_candidate,line-mfh-90deg-000067,4.684693919389872
mfh-90deg,0.0643478260869565,78.7857289298579,8.695652173915103e-05,0.14095799206917548,497,267.0,,1.0,0.5,3,,visible_pixel_support,False,visible_candidate,line-mfh-90deg-000068,4.749764237976137
mfh-90deg,0.06452173913043474,79.06764491399625,8.695652173912327e-05,0.14095799206917548,498,266.0,,1.5,0.5,4,,visible_pixel_support,False,visible_candidate,line-mfh-90deg-000069,3.813891508466895
mfh-90deg,0.06469565217391302,79.06764491399625,8.695652173915103e-05,0.14095799206917548,499,266.0,,1.5,0.5,4,,visible_pixel_support,False,visible_candidate,line-mfh-90deg-000070,3.877014227725624
mfh-90deg,0.06486956521739126,79.06764491399625,8.695652173912327e-05,0.14095799206917548,500,266.0,,1.5,0.5,4,,visible_pixel_support,False,visible_candidate,line-mfh-90deg-000071,3.9390708926155185
mfh-90deg,0.06504347826086954,79.06764491399625,8.695652173915103e-05,0.14095799206917548,501,266.0,,1.0,0.5,3,,visible_pixel_support,False,visible_candidate,line-mfh-90deg-000072,4.0
mfh-90deg,0.06521739130434778,79.06764491399625,8.695652173912327e-05,0.14095799206917548,502,266.0,,1.0,0.5,3,,visible_pixel_support,False,visible_candidate,line-mfh-90deg-000073,4.059740046742377
mfh-90deg,0.06539130434782606,79.06764491399625,8.695652173915103e-05,0.14095799206917548,503,266.0,,1.0,0.5,3,,visible_pixel_support,False,visible_candidate,line-mfh-90deg-000074,4.118229529706014
mfh-90deg,0.0655652173913043,79.06764491399625,8.695652173912327e-05,0.14095799206917548,504,266.0,,1.0,0.5,3,,visible_pixel_support,False,visible_candidate,line-mfh-90deg-000075,4.175406945754219
mfh-90deg,0.06573913043478258,79.06764491399625,8.695652173915103e-05,0.14095799206917548,505,266.0,,1.0,0.5,3,,visible_pixel_support,False,visible_candidate,line-mfh-90deg-000076,4.231210791750357
mfh-90deg,0.06591304347826082,79.3495608981346,8.695652173912327e-05,0.14095799206917548,506,265.0,,1.5,0.5,4,,visible_pixel_support,False,visible_candidate,line-mfh-90deg-000077,3.2855795645577928
mfh-90deg,0.0660869565217391,79.3495608981346,8.695652173915103e-05,0.14095799206917548,507,265.0,,1.5,0.5,4,,visible_pixel_support,False,visible_candidate,line-mfh-90deg-000078,3.3384517610398348
mfh-90deg,0.06626086956521735,79.3495608981346,8.695652173912327e-05,0.14095799206917548,508,265.0,,1.5,0.5,4,,visible_pixel_support,False,visible_candidate,line-mfh-90deg-000079,3.389765878059791
mfh-90deg,0.06643478260869562,79.3495608981346,8.695652173915103e-05,0.14095799206917548,509,265.0,,1.5,0.5,4,,visible_pixel_support,False,visible_candidate,line-mfh-90deg-000080,3.4394604124810257
mfh-90deg,0.06660869565217387,79.3495608981346,8.695652173912327e-05,0.14095799206917548,510,265.0,,1.5,0.5,4,,visible_pixel_support,False,visible_candidate,line-mfh-90deg-000081,3.4874738611669045
mfh-90deg,0.06678260869565214,79.3495608981346,8.695652173915103e-05,0.14095799206917548,511,265.0,,1.5,0.5,4,,visible_pixel_support,False,visible_candidate,line-mfh-90deg-000082,3.533744720980792
mfh-90deg,0.06695652173913039,79.3495608981346,8.695652173915103e-05,0.14095799206917548,512,265.0,,1.5,0.5,4,,visible_pixel_support,False,visible_candidate,line-mfh-90deg-000083,3.5782114887859393
mfh-90deg,0.06713043478260866,79.3495608981346,8.695652173912327e-05,0.14095799206917548,513,265.0,,1.5,0.5,4,,visible_pixel_support,False,visible_candidate,line-mfh-90deg-000084,3.6208126614457115
mfh-90deg,0.06730434782608691,79.3495608981346,8.695652173915103e-05,0.14095799206917548,514,265.0,,1.5,0.5,4,,visible_pixel_support,False,visible_candidate,line-mfh-90deg-000085,3.66148673582353
mfh-90deg,0.06747826086956518,79.3495608981346,8.695652173912327e-05,0.14095799206917548,515,265.0,,1.0,0.5,3,,visible_pixel_support,False,visible_candidate,line-mfh-90deg-000086,3.7001722087826465
mfh-90deg,0.07060869565217387,79.63147688227296,8.695652173912327e-05,0.14095799206918969,533,264.0,,1.0,0.5,3,,visible_pixel_support,True,visible_candidate,line-mfh-90deg-000087,2.9892112552849994
mfh-90deg,0.07078260869565214,79.63147688227296,8.695652173915103e-05,0.14095799206918969,534,264.0,,1.0,0.5,3,,visible_pixel_support,False,visible_candidate,line-mfh-90deg-000088,2.980992802103742
mfh-90deg,0.07095652173913039,79.63147688227296,8.695652173912327e-05,0.14095799206918969,535,264.0,,1.0,0.5,3,,visible_pixel_support,False,visible_candidate,line-mfh-90deg-000089,2.9705712418935946
mfh-90deg,0.07113043478260866,79.63147688227296,8.695652173915103e-05,0.14095799206918969,536,264.0,,1.0,0.5,3,,visible_pixel_support,False,visible_candidate,line-mfh-90deg-000090,2.958011371920122
mfh-90deg,0.07130434782608691,79.63147688227296,8.695652173912327e-05,0.14095799206918969,537,264.0,,1.0,0.5,3,,visible_pixel_support,False,visible_candidate,line-mfh-90deg-000091,2.943377989448834
mfh-90deg,0.07147826086956519,79.91339286641131,8.695652173915103e-05,0.14095799206917548,538,263.0,,1.5,0.5,4,,visible_pixel_support,False,visible_candidate,line-mfh-90deg-000092,1.926735891745352
mfh-90deg,0.07165217391304343,79.91339286641131,8.695652173912327e-05,0.14095799206917548,539,263.0,,1.5,0.5,4,,visible_pixel_support,False,visible_candidate,line-mfh-90deg-000093,1.9081498760752424
mfh-90deg,0.0718260869565217,79.91339286641131,8.695652173915103e-05,0.14095799206917548,540,263.0,,1.5,0.5,4,,visible_pixel_support,False,visible_candidate,line-mfh-90deg-000094,1.8876847397040137
mfh-90deg,0.07199999999999995,79.91339286641131,8.695652173912327e-05,0.14095799206917548,541,263.0,,1.5,0.5,4,,visible_pixel_support,False,visible_candidate,line-mfh-90deg-000095,1.8654052798971748
mfh-90deg,0.07217391304347823,79.91339286641131,8.695652173915103e-05,0.14095799206917548,542,263.0,,1.5,0.5,4,,visible_pixel_support,False,visible_candidate,line-mfh-90deg-000096,1.8413762939204048
mfh-90deg,0.07234782608695647,79.91339286641131,8.695652173912327e-05,0.14095799206917548,543,263.0,,1.5,0.5,4,,visible_pixel_support,False,visible_candidate,line-mfh-90deg-000097,1.8156625790391558
mfh-90deg,0.07252173913043475,79.91339286641131,8.695652173915103e-05,0.14095799206917548,544,263.0,,1.5,0.5,4,,visible_pixel_support,False,visible_candidate,line-mfh-90deg-000098,1.7883289325189935
mfh-90deg,0.072695652173913,79.91339286641131,8.695652173912327e-05,0.14095799206917548,545,263.0,,1.5,0.5,4,,visible_pixel_support,False,visible_candidate,line-mfh-90deg-000099,1.759440151625597
mfh-90deg,0.07286956521739127,79.91339286641131,8.695652173915103e-05,0.14095799206917548,546,263.0,,1.5,0.5,4,,visible_pixel_support,False,visible_candidate,line-mfh-90deg-000100,1.7290610336243617
mfh-90deg,0.07304347826086952,79.91339286641131,8.695652173912327e-05,0.14095799206917548,547,263.0,,1.5,0.5,4,,visible_pixel_support,False,visible_candidate,line-mfh-90deg-000101,1.6972563757809098
mfh-90deg,0.07321739130434779,79.91339286641131,8.695652173915103e-05,0.14095799206917548,548,263.0,,1.5,0.5,4,,visible_pixel_support,False,visible_candidate,line-mfh-90deg-000102,1.664090975360864
mfh-90deg,0.07339130434782604,79.91339286641131,8.695652173912327e-05,0.14095799206917548,549,263.0,,1.5,0.5,4,,visible_pixel_support,False,visible_candidate,line-mfh-90deg-000103,1.629629629629676
mfh-90deg,0.07356521739130431,79.91339286641131,8.695652173915103e-05,0.14095799206917548,550,263.0,,1.5,0.5,4,,visible_pixel_support,False,visible_candidate,line-mfh-90deg-000104,1.5939371358528547
mfh-90deg,0.07373913043478256,79.91339286641131,8.695652173915103e-05,0.14095799206917548,551,263.0,,1.5,0.5,4,,visible_pixel_support,False,visible_candidate,line-mfh-90deg-000105,1.5570782912960794
mfh-90deg,0.07391304347826083,79.91339286641131,8.695652173912327e-05,0.14095799206917548,552,263.0,,1.5,0.5,4,,visible_pixel_support,False,visible_candidate,line-mfh-90deg-000106,1.5191178932249159
mfh-90deg,0.07408695652173908,79.91339286641131,8.695652173915103e-05,0.14095799206917548,553,263.0,,1.5,0.5,4,,visible_pixel_support,False,visible_candidate,line-mfh-90deg-000107,1.4801207389048159
mfh-90deg,0.07426086956521735,79.91339286641131,8.695652173912327e-05,0.14095799206917548,554,263.0,,1.5,0.5,4,,visible_pixel_support,False,visible_candidate,line-mfh-90deg-000108,1.440151625601402
mfh-90deg,0.0744347826086956,79.91339286641131,8.695652173915103e-05,0.14095799206917548,555,263.0,,1.0,0.5,3,,visible_pixel_support,False,visible_candidate,line-mfh-90deg-000109,1.399275350580183
mfh-90deg,0.07460869565217387,79.91339286641131,8.695652173912327e-05,0.14095799206917548,556,263.0,,1.0,0.5,3,,visible_pixel_support,False,visible_candidate,line-mfh-90deg-000110,1.3575567111067812
mfh-90deg,0.07478260869565212,79.91339286641131,8.695652173915103e-05,0.14095799206917548,557,263.0,,1.0,0.5,3,,visible_pixel_support,False,visible_candidate,line-mfh-90deg-000111,1.3150605044467625
mfh-90deg,0.0749565217391304,79.91339286641131,8.695652173912327e-05,0.14095799206917548,558,263.0,,1.0,0.5,3,,visible_pixel_support,False,visible_candidate,line-mfh-90deg-000112,1.271851527865465
mfh-90deg,0.07513043478260864,79.91339286641131,8.695652173915103e-05,0.14095799206917548,559,263.0,,1.0,0.5,3,,visible_pixel_support,False,visible_candidate,line-mfh-90deg-000113,1.2279945786287954
mfh-90deg,0.07530434782608691,79.91339286641131,8.695652173912327e-05,0.14095799206917548,560,263.0,,1.0,0.5,3,,visible_pixel_support,False,visible_candidate,line-mfh-90deg-000114,1.183554454002035
mfh-90deg,0.07547826086956516,79.91339286641131,8.695652173915103e-05,0.14095799206917548,561,263.0,,1.0,0.5,3,,visible_pixel_support,False,visible_candidate,line-mfh-90deg-000115,1.1385959512508634
mfh-90deg,0.07565217391304344,80.19530885054967,8.695652173912327e-05,0.14095799206917548,562,262.0,,1.5,0.5,4,,visible_pixel_support,False,visible_candidate,line-mfh-90deg-000116,0.09318386764078923
mfh-90deg,0.07582608695652168,80.19530885054967,8.695652173915103e-05,0.14095799206917548,563,262.0,,1.5,0.5,4,,visible_pixel_support,False,visible_candidate,line-mfh-90deg-000117,0.04738300043743493
mfh-90deg,0.07599999999999996,80.19530885054967,8.695652173912327e-05,0.14095799206917548,564,262.0,,1.5,0.5,4,,visible_pixel_support,False,visible_candidate,line-mfh-90deg-000118,0.001258146906195634
mfh-90deg,0.0761739130434782,80.19530885054967,8.695652173915103e-05,0.14095799206917548,565,262.0,,1.5,0.5,4,,visible_pixel_support,False,visible_candidate,line-mfh-90deg-000119,0.04512589568724934
mfh-90deg,0.07634782608695648,80.19530885054967,8.695652173912327e-05,0.14095799206917548,566,262.0,,1.0,0.5,3,,visible_pixel_support,False,visible_candidate,line-mfh-90deg-000120,0.09170433007727752
mfh-90deg,0.07652173913043472,80.19530885054967,8.695652173915103e-05,0.14095799206917548,567,262.0,,1.0,0.5,3,,visible_pixel_support,False,visible_candidate,line-mfh-90deg-000121,0.13841235899843696
mfh-90deg,0.076695652173913,80.19530885054967,8.695652173912327e-05,0.14095799206917548,568,262.0,,0.5,0.5,2,,visible_pixel_support,False,visible_candidate,line-mfh-90deg-000122,0.18518518518516203
mfh-90deg,0.07965217391304344,80.19530885054967,8.695652173915103e-05,0.14095799206917548,585,262.0,,1.0,0.5,3,,visible_pixel_support,True,visible_candidate,line-mfh-90deg-000123,0.9274486616665172
mfh-90deg,0.07982608695652169,80.19530885054967,8.695652173912327e-05,0.14095799206917548,586,262.0,,1.0,0.5,3,,visible_pixel_support,False,visible_candidate,line-mfh-90deg-000124,0.9643075062232356
mfh-90deg,0.07999999999999996,80.19530885054967,8.695652173915103e-05,0.14095799206917548,587,262.0,,1.0,0.5,3,,visible_pixel_support,False,visible_candidate,line-mfh-90deg-000125,1.0
