series,segment,x,y,provenance,observed_anchor_count,display_anchor_count,discarded_or_thinned_count,derived_point_count
test-0deg,0,0.00034782608695651737,4.782783093540104,formal_curve_data_geometry,10,10,0,0
test-0deg,0,0.0033043478260869515,16.482296435281768,formal_curve_data_geometry,10,10,0,0
test-0deg,0,0.010086956521739118,55.668618230512905,formal_curve_data_geometry,10,10,0,0
test-0deg,0,0.013391304347826073,74.27507318364424,formal_curve_data_geometry,10,10,0,0
test-0deg,0,0.015130434782608684,82.73255270779485,formal_curve_data_geometry,10,10,0,0
test-0deg,0,0.0234782608695652,99.64751175609607,formal_curve_data_geometry,10,10,0,0
test-0deg,0,0.02565217391304346,105.00391545472476,formal_curve_data_geometry,10,10,0,0
test-0deg,0,0.028608695652173895,111.4879830899069,formal_curve_data_geometry,10,10,0,0
test-0deg,0,0.03199999999999998,117.12630277267397,formal_curve_data_geometry,10,10,0,0
test-0deg,0,0.047652173913043445,124.45611836027116,formal_curve_data_geometry,10,10,0,0
mfh-0deg,0,0.00034782608695651737,3.8082717538722477,formal_derived_curve_data_geometry,290,290,0,0
mfh-0deg,0,0.0005217391304347778,4.613573477926764,formal_derived_curve_data_geometry,290,290,0,0
mfh-0deg,0,0.0006956521739130382,5.399948372164772,formal_derived_curve_data_geometry,290,290,0,0
mfh-0deg,0,0.0008695652173912986,6.194692052861853,formal_derived_curve_data_geometry,290,290,0,0
mfh-0deg,0,0.0010434782608695625,6.984795274860176,formal_derived_curve_data_geometry,290,290,0,0
mfh-0deg,0,0.001217391304347823,7.770642214261528,formal_derived_curve_data_geometry,290,290,0,0
mfh-0deg,0,0.0013913043478260834,8.579435039100417,formal_derived_curve_data_geometry,290,290,0,0
mfh-0deg,0,0.0015652173913043438,9.398427328858503,formal_derived_curve_data_geometry,290,290,0,0
mfh-0deg,0,0.0017391304347826042,10.228547700044999,formal_derived_curve_data_geometry,290,290,0,0
mfh-0deg,0,0.0019130434782608646,11.057157063413968,formal_derived_curve_data_geometry,290,290,0,0
mfh-0deg,0,0.002086956521739125,11.884897765310882,formal_derived_curve_data_geometry,290,290,0,0
mfh-0deg,0,0.0022608695652173855,12.725693587672481,formal_derived_curve_data_geometry,290,290,0,0
mfh-0deg,0,0.002434782608695646,13.609188981493872,formal_derived_curve_data_geometry,290,290,0,0
mfh-0deg,0,0.0026086956521739063,14.575735619101948,formal_derived_curve_data_geometry,290,290,0,0
mfh-0deg,0,0.00278260869565217,15.495466326466698,formal_derived_curve_data_geometry,290,290,0,0
mfh-0deg,0,0.0029565217391304306,16.40858148654371,formal_derived_curve_data_geometry,290,290,0,0
mfh-0deg,0,0.003130434782608691,17.288015493840163,formal_derived_curve_data_geometry,290,290,0,0
mfh-0deg,0,0.0033043478260869515,18.188512716288642,formal_derived_curve_data_geometry,290,290,0,0
mfh-0deg,0,0.003478260869565212,19.0902526840502,formal_derived_curve_data_geometry,290,290,0,0
mfh-0deg,0,0.0036521739130434723,19.981568571782958,formal_derived_curve_data_geometry,290,290,0,0
mfh-0deg,0,0.0038260869565217327,20.877255658673818,formal_derived_curve_data_geometry,290,290,0,0
mfh-0deg,0,0.003999999999999993,21.79192401471866,formal_derived_curve_data_geometry,290,290,0,0
mfh-0deg,0,0.0041739130434782536,22.71352532433812,formal_derived_curve_data_geometry,290,290,0,0
mfh-0deg,0,0.004347826086956514,23.670475739744177,formal_derived_curve_data_geometry,290,290,0,0
mfh-0deg,0,0.004521739130434778,24.63768388622708,formal_derived_curve_data_geometry,290,290,0,0
mfh-0deg,0,0.004695652173913038,25.630522856868367,formal_derived_curve_data_geometry,290,290,0,0
mfh-0deg,0,0.004869565217391299,26.624282788501176,formal_derived_curve_data_geometry,290,290,0,0
mfh-0deg,0,0.005043478260869559,27.594444573730087,formal_derived_curve_data_geometry,290,290,0,0
mfh-0deg,0,0.0052173913043478196,28.556597300070536,formal_derived_curve_data_geometry,290,290,0,0
mfh-0deg,0,0.00539130434782608,29.530932046636096,formal_derived_curve_data_geometry,290,290,0,0
mfh-0deg,0,0.00556521739130434,30.53952395121611,formal_derived_curve_data_geometry,290,290,0,0
mfh-0deg,0,0.005739130434782601,31.586928335852747,formal_derived_curve_data_geometry,290,290,0,0
mfh-0deg,0,0.005913043478260861,32.65652382278297,formal_derived_curve_data_geometry,290,290,0,0
mfh-0deg,0,0.006086956521739122,33.7721058813454,formal_derived_curve_data_geometry,290,290,0,0
mfh-0deg,0,0.0062608695652173856,34.896453050352775,formal_derived_curve_data_geometry,290,290,0,0
mfh-0deg,0,0.006434782608695646,36.06707163998088,formal_derived_curve_data_geometry,290,290,0,0
mfh-0deg,0,0.006608695652173906,37.241063671447876,formal_derived_curve_data_geometry,290,290,0,0
mfh-0deg,0,0.006782608695652167,38.44279715442016,formal_derived_curve_data_geometry,290,290,0,0
mfh-0deg,0,0.006956521739130427,39.65650952162632,formal_derived_curve_data_geometry,290,290,0,0
mfh-0deg,0,0.007130434782608688,40.89343048222331,formal_derived_curve_data_geometry,290,290,0,0
mfh-0deg,0,0.007304347826086948,42.151508309776915,formal_derived_curve_data_geometry,290,290,0,0
mfh-0deg,0,0.0074782608695652085,43.42910946408401,formal_derived_curve_data_geometry,290,290,0,0
mfh-0deg,0,0.007652173913043469,44.71139219287312,formal_derived_curve_data_geometry,290,290,0,0
mfh-0deg,0,0.00782608695652173,46.01020427886152,formal_derived_curve_data_geometry,290,290,0,0
mfh-0deg,0,0.007999999999999993,47.29696018638893,formal_derived_curve_data_geometry,290,290,0,0
mfh-0deg,0,0.008173913043478254,48.56976391478379,formal_derived_curve_data_geometry,290,290,0,0
mfh-0deg,0,0.008347826086956514,49.82655985701682,formal_derived_curve_data_geometry,290,290,0,0
mfh-0deg,0,0.008521739130434774,51.091981941047436,formal_derived_curve_data_geometry,290,290,0,0
mfh-0deg,0,0.008695652173913035,52.363655347130845,formal_derived_curve_data_geometry,290,290,0,0
mfh-0deg,0,0.008869565217391295,53.63904564916439,formal_derived_curve_data_geometry,290,290,0,0
mfh-0deg,0,0.009043478260869556,54.897341392419534,formal_derived_curve_data_geometry,290,290,0,0
mfh-0deg,0,0.009217391304347816,56.135190843383256,formal_derived_curve_data_geometry,290,290,0,0
mfh-0deg,0,0.009391304347826077,57.3492422685424,formal_derived_curve_data_geometry,290,290,0,0
mfh-0deg,0,0.009565217391304337,58.5361439343839,formal_derived_curve_data_geometry,290,290,0,0
mfh-0deg,0,0.009739130434782597,59.69254410739464,formal_derived_curve_data_geometry,290,290,0,0
mfh-0deg,0,0.009913043478260858,60.80912826630309,formal_derived_curve_data_geometry,290,290,0,0
mfh-0deg,0,0.010086956521739118,61.88254467759624,formal_derived_curve_data_geometry,290,290,0,0
mfh-0deg,0,0.010260869565217379,62.930088198137824,formal_derived_curve_data_geometry,290,290,0,0
mfh-0deg,0,0.010434782608695639,63.970931455856686,formal_derived_curve_data_geometry,290,290,0,0
mfh-0deg,0,0.010608695652173906,65.00453937383709,formal_derived_curve_data_geometry,290,290,0,0
mfh-0deg,0,0.010782608695652167,66.03037687516341,formal_derived_curve_data_geometry,290,290,0,0
mfh-0deg,0,0.010956521739130427,67.04790888291994,formal_derived_curve_data_geometry,290,290,0,0
mfh-0deg,0,0.011130434782608688,68.05660032019104,formal_derived_curve_data_geometry,290,290,0,0
mfh-0deg,0,0.011304347826086948,69.055916110061,formal_derived_curve_data_geometry,290,290,0,0
mfh-0deg,0,0.011478260869565209,70.04532117561419,formal_derived_curve_data_geometry,290,290,0,0
mfh-0deg,0,0.011652173913043469,71.0242804399349,formal_derived_curve_data_geometry,290,290,0,0
mfh-0deg,0,0.01182608695652173,71.99225882610745,formal_derived_curve_data_geometry,290,290,0,0
mfh-0deg,0,0.01199999999999999,72.94872125721615,formal_derived_curve_data_geometry,290,290,0,0
mfh-0deg,0,0.01217391304347825,73.89313265634539,formal_derived_curve_data_geometry,290,290,0,0
mfh-0deg,0,0.01234782608695651,74.82495794657945,formal_derived_curve_data_geometry,290,290,0,0
mfh-0deg,0,0.012521739130434771,75.74366205100267,formal_derived_curve_data_geometry,290,290,0,0
mfh-0deg,0,0.012695652173913032,76.64870989269934,formal_derived_curve_data_geometry,290,290,0,0
mfh-0deg,0,0.012869565217391292,77.53956639475386,formal_derived_curve_data_geometry,290,290,0,0
mfh-0deg,0,0.013043478260869552,78.41569648025049,formal_derived_curve_data_geometry,290,290,0,0
mfh-0deg,0,0.013217391304347813,79.27656507227358,formal_derived_curve_data_geometry,290,290,0,0
mfh-0deg,0,0.013391304347826073,80.12163709390745,formal_derived_curve_data_geometry,290,290,0,0
mfh-0deg,0,0.013565217391304334,80.95037746823644,formal_derived_curve_data_geometry,290,290,0,0
mfh-0deg,0,0.013739130434782594,81.76225111834485,formal_derived_curve_data_geometry,290,290,0,0
mfh-0deg,0,0.013913043478260861,82.556722967317,formal_derived_curve_data_geometry,290,290,0,0
mfh-0deg,0,0.014086956521739122,83.33325793823727,formal_derived_curve_data_geometry,290,290,0,0
mfh-0deg,0,0.014260869565217382,84.09132095418994,formal_derived_curve_data_geometry,290,290,0,0
mfh-0deg,0,0.014434782608695643,84.83037693825933,formal_derived_curve_data_geometry,290,290,0,0
mfh-0deg,0,0.014608695652173903,85.54989081352979,formal_derived_curve_data_geometry,290,290,0,0
mfh-0deg,0,0.014782608695652164,86.24932750308564,formal_derived_curve_data_geometry,290,290,0,0
mfh-0deg,0,0.014956521739130424,86.9281519300112,formal_derived_curve_data_geometry,290,290,0,0
mfh-0deg,0,0.015130434782608684,87.58935663993073,formal_derived_curve_data_geometry,290,290,0,0
mfh-0deg,0,0.015304347826086945,88.2366472517778,formal_derived_curve_data_geometry,290,290,0,0
mfh-0deg,0,0.015478260869565205,88.87055829860066,formal_derived_curve_data_geometry,290,290,0,0
mfh-0deg,0,0.015652173913043466,89.49162431344756,formal_derived_curve_data_geometry,290,290,0,0
mfh-0deg,0,0.015826086956521726,90.1003798293668,formal_derived_curve_data_geometry,290,290,0,0
mfh-0deg,0,0.015999999999999986,90.69735937940659,formal_derived_curve_data_geometry,290,290,0,0
mfh-0deg,0,0.016173913043478247,91.28309749661521,formal_derived_curve_data_geometry,290,290,0,0
mfh-0deg,0,0.016347826086956507,91.8581287140409,formal_derived_curve_data_geometry,290,290,0,0
mfh-0deg,0,0.016521739130434768,92.42298756473195,formal_derived_curve_data_geometry,290,290,0,0
mfh-0deg,0,0.016695652173913028,92.97820858173661,formal_derived_curve_data_geometry,290,290,0,0
mfh-0deg,0,0.01686956521739129,93.52432629810312,formal_derived_curve_data_geometry,290,290,0,0
mfh-0deg,0,0.01704347826086955,94.06187524687977,formal_derived_curve_data_geometry,290,290,0,0
mfh-0deg,0,0.01721739130434781,94.58202540386071,formal_derived_curve_data_geometry,290,290,0,0
mfh-0deg,0,0.017391304347826077,95.09883846186331,formal_derived_curve_data_geometry,290,290,0,0
mfh-0deg,0,0.017565217391304337,95.59950151840359,formal_derived_curve_data_geometry,290,290,0,0
mfh-0deg,0,0.017739130434782598,96.09802535838946,formal_derived_curve_data_geometry,290,290,0,0
mfh-0deg,0,0.017913043478260858,96.59497074210088,formal_derived_curve_data_geometry,290,290,0,0
mfh-0deg,0,0.01808695652173912,97.09087297586319,formal_derived_curve_data_geometry,290,290,0,0
mfh-0deg,0,0.01826086956521738,97.55939277070044,formal_derived_curve_data_geometry,290,290,0,0
mfh-0deg,0,0.01843478260869564,98.01448026603158,formal_derived_curve_data_geometry,290,290,0,0
mfh-0deg,0,0.0186086956521739,98.47801096139793,formal_derived_curve_data_geometry,290,290,0,0
mfh-0deg,0,0.01878260869565216,98.95051938984773,formal_derived_curve_data_geometry,290,290,0,0
mfh-0deg,0,0.01895652173913042,99.43254008442925,formal_derived_curve_data_geometry,290,290,0,0
mfh-0deg,0,0.01913043478260868,99.92460757819075,formal_derived_curve_data_geometry,290,290,0,0
mfh-0deg,0,0.01930434782608694,100.42725640418045,formal_derived_curve_data_geometry,290,290,0,0
mfh-0deg,0,0.019478260869565202,100.9410210954467,formal_derived_curve_data_geometry,290,290,0,0
mfh-0deg,0,0.019652173913043462,101.46643618503768,formal_derived_curve_data_geometry,290,290,0,0
mfh-0deg,0,0.019826086956521723,101.98335478262473,formal_derived_curve_data_geometry,290,290,0,0
mfh-0deg,0,0.019999999999999983,102.49245728338069,formal_derived_curve_data_geometry,290,290,0,0
mfh-0deg,0,0.020173913043478243,102.99357359871775,formal_derived_curve_data_geometry,290,290,0,0
mfh-0deg,0,0.020347826086956504,103.49941864423221,formal_derived_curve_data_geometry,290,290,0,0
mfh-0deg,0,0.020521739130434764,104.0098846051084,formal_derived_curve_data_geometry,290,290,0,0
mfh-0deg,0,0.020695652173913025,104.51145318902064,formal_derived_curve_data_geometry,290,290,0,0
mfh-0deg,0,0.020869565217391292,105.01340932473394,formal_derived_curve_data_geometry,290,290,0,0
mfh-0deg,0,0.021043478260869553,105.51558488782686,formal_derived_curve_data_geometry,290,290,0,0
mfh-0deg,0,0.021217391304347813,106.00442673032279,formal_derived_curve_data_geometry,290,290,0,0
mfh-0deg,0,0.021391304347826073,106.49150949335254,formal_derived_curve_data_geometry,290,290,0,0
mfh-0deg,0,0.021565217391304334,106.97651099325398,formal_derived_curve_data_geometry,290,290,0,0
mfh-0deg,0,0.021739130434782594,107.45913450031975,formal_derived_curve_data_geometry,290,290,0,0
mfh-0deg,0,0.021913043478260855,107.96595788014358,formal_derived_curve_data_geometry,290,290,0,0
mfh-0deg,0,0.022086956521739115,108.48326956992443,formal_derived_curve_data_geometry,290,290,0,0
mfh-0deg,0,0.022260869565217375,108.98943264673888,formal_derived_curve_data_geometry,290,290,0,0
mfh-0deg,0,0.022434782608695636,109.48415115415654,formal_derived_curve_data_geometry,290,290,0,0
mfh-0deg,0,0.022608695652173896,109.967129135747,formal_derived_curve_data_geometry,290,290,0,0
mfh-0deg,0,0.022782608695652157,110.4380706350799,formal_derived_curve_data_geometry,290,290,0,0
mfh-0deg,0,0.022956521739130417,110.88797768364218,formal_derived_curve_data_geometry,290,290,0,0
mfh-0deg,0,0.023130434782608678,111.30352929339512,formal_derived_curve_data_geometry,290,290,0,0
mfh-0deg,0,0.023304347826086938,111.69826771080986,formal_derived_curve_data_geometry,290,290,0,0
mfh-0deg,0,0.0234782608695652,112.09290170293255,formal_derived_curve_data_geometry,290,290,0,0
mfh-0deg,0,0.02365217391304346,112.48721043908336,formal_derived_curve_data_geometry,290,290,0,0
mfh-0deg,0,0.02382608695652172,112.88095511843883,formal_derived_curve_data_geometry,290,290,0,0
mfh-0deg,0,0.02399999999999998,113.26045439935862,formal_derived_curve_data_geometry,290,290,0,0
mfh-0deg,0,0.024173913043478247,113.63885811140531,formal_derived_curve_data_geometry,290,290,0,0
mfh-0deg,0,0.024347826086956507,114.01587354332457,formal_derived_curve_data_geometry,290,290,0,0
mfh-0deg,0,0.024521739130434768,114.37776544304523,formal_derived_curve_data_geometry,290,290,0,0
mfh-0deg,0,0.02469565217391303,114.72420515902576,formal_derived_curve_data_geometry,290,290,0,0
mfh-0deg,0,0.02486956521739129,115.08169521092749,formal_derived_curve_data_geometry,290,290,0,0
mfh-0deg,0,0.02504347826086955,115.42685392397354,formal_derived_curve_data_geometry,290,290,0,0
mfh-0deg,0,0.02521739130434781,115.76157827286657,formal_derived_curve_data_geometry,290,290,0,0
mfh-0deg,0,0.02539130434782607,116.08801681431981,formal_derived_curve_data_geometry,290,290,0,0
mfh-0deg,0,0.02556521739130433,116.40625096491883,formal_derived_curve_data_geometry,290,290,0,0
mfh-0deg,0,0.02573913043478259,116.71636214124923,formal_derived_curve_data_geometry,290,290,0,0
mfh-0deg,0,0.02591304347826085,117.01843175989657,formal_derived_curve_data_geometry,290,290,0,0
mfh-0deg,0,0.02608695652173911,117.31254123744645,formal_derived_curve_data_geometry,290,290,0,0
mfh-0deg,0,0.026260869565217372,117.59877199048442,formal_derived_curve_data_geometry,290,290,0,0
mfh-0deg,0,0.026434782608695633,117.87720543559608,formal_derived_curve_data_geometry,290,290,0,0
mfh-0deg,0,0.026608695652173893,118.15662500144967,formal_derived_curve_data_geometry,290,290,0,0
mfh-0deg,0,0.026782608695652153,118.45013713623914,formal_derived_curve_data_geometry,290,290,0,0
mfh-0deg,0,0.026956521739130414,118.74398505364847,formal_derived_curve_data_geometry,290,290,0,0
mfh-0deg,0,0.027130434782608674,119.02440840038454,formal_derived_curve_data_geometry,290,290,0,0
mfh-0deg,0,0.027304347826086935,119.30483174712063,formal_derived_curve_data_geometry,290,290,0,0
mfh-0deg,0,0.027478260869565195,119.57183052318346,formal_derived_curve_data_geometry,290,290,0,0
mfh-0deg,0,0.027652173913043462,119.8388292992463,formal_derived_curve_data_geometry,290,290,0,0
mfh-0deg,0,0.027826086956521723,120.09240350463588,formal_derived_curve_data_geometry,290,290,0,0
mfh-0deg,0,0.027999999999999983,120.34597771002544,formal_derived_curve_data_geometry,290,290,0,0
mfh-0deg,0,0.028173913043478244,120.59955191541502,formal_derived_curve_data_geometry,290,290,0,0
mfh-0deg,0,0.028347826086956504,120.85312612080459,formal_derived_curve_data_geometry,290,290,0,0
mfh-0deg,0,0.028521739130434764,121.10670889489387,formal_derived_curve_data_geometry,290,290,0,0
mfh-0deg,0,0.028695652173913025,121.34482260249644,formal_derived_curve_data_geometry,290,290,0,0
mfh-0deg,0,0.028869565217391285,121.5810974395597,formal_derived_curve_data_geometry,290,290,0,0
mfh-0deg,0,0.029043478260869546,121.80231201939748,formal_derived_curve_data_geometry,290,290,0,0
mfh-0deg,0,0.029217391304347806,122.02209165538306,formal_derived_curve_data_geometry,290,290,0,0
mfh-0deg,0,0.029391304347826067,122.23778181582426,formal_derived_curve_data_geometry,290,290,0,0
mfh-0deg,0,0.029565217391304327,122.44946391730666,formal_derived_curve_data_geometry,290,290,0,0
mfh-0deg,0,0.029739130434782587,122.65721937641582,formal_derived_curve_data_geometry,290,290,0,0
mfh-0deg,0,0.029913043478260848,122.86112960973735,formal_derived_curve_data_geometry,290,290,0,0
mfh-0deg,0,0.03008695652173911,123.06127603385679,formal_derived_curve_data_geometry,290,290,0,0
mfh-0deg,0,0.03026086956521737,123.25756012266598,formal_derived_curve_data_geometry,290,290,0,0
mfh-0deg,0,0.03043478260869563,123.449863250352,formal_derived_curve_data_geometry,290,290,0,0
mfh-0deg,0,0.03060869565217389,123.63823668394322,formal_derived_curve_data_geometry,290,290,0,0
mfh-0deg,0,0.03078260869565215,123.83625016024725,formal_derived_curve_data_geometry,290,290,0,0
mfh-0deg,0,0.03095652173913041,124.03039080432967,formal_derived_curve_data_geometry,290,290,0,0
mfh-0deg,0,0.031130434782608678,124.23399875958286,formal_derived_curve_data_geometry,290,290,0,0
mfh-0deg,0,0.03130434782608694,124.43356890503296,formal_derived_curve_data_geometry,290,290,0,0
mfh-0deg,0,0.0314782608695652,124.62902456735962,formal_derived_curve_data_geometry,290,290,0,0
mfh-0deg,0,0.03165217391304346,124.82029295022276,formal_derived_curve_data_geometry,290,290,0,0
mfh-0deg,0,0.03182608695652172,125.02072970493583,formal_derived_curve_data_geometry,290,290,0,0
mfh-0deg,0,0.03199999999999998,125.20773379884037,formal_derived_curve_data_geometry,290,290,0,0
mfh-0deg,0,0.03217391304347824,125.38131332207162,formal_derived_curve_data_geometry,290,290,0,0
mfh-0deg,0,0.0323478260869565,125.56831741597614,formal_derived_curve_data_geometry,290,290,0,0
mfh-0deg,0,0.03252173913043476,125.7418969392074,formal_derived_curve_data_geometry,290,290,0,0
mfh-0deg,0,0.03269565217391302,125.92890103311191,formal_derived_curve_data_geometry,290,290,0,0
mfh-0deg,0,0.03286956521739128,126.11590512701643,formal_derived_curve_data_geometry,290,290,0,0
mfh-0deg,0,0.03304347826086954,126.29233748335282,formal_derived_curve_data_geometry,290,290,0,0
mfh-0deg,0,0.0332173913043478,126.47173711633465,formal_derived_curve_data_geometry,290,290,0,0
mfh-0deg,0,0.03339130434782606,126.6407914575419,formal_derived_curve_data_geometry,290,290,0,0
mfh-0deg,0,0.033565217391304324,126.81306017120151,formal_derived_curve_data_geometry,290,290,0,0
mfh-0deg,0,0.033739130434782584,126.97527519763796,formal_derived_curve_data_geometry,290,290,0,0
mfh-0deg,0,0.033913043478260844,127.14101266645046,formal_derived_curve_data_geometry,290,290,0,0
mfh-0deg,0,0.034086956521739105,127.29699461382,formal_derived_curve_data_geometry,290,290,0,0
mfh-0deg,0,0.034260869565217365,127.44336269452913,formal_derived_curve_data_geometry,290,290,0,0
mfh-0deg,0,0.03443478260869563,127.58872152612412,formal_derived_curve_data_geometry,290,290,0,0
mfh-0deg,0,0.03460869565217389,127.73312237563343,formal_derived_curve_data_geometry,290,290,0,0
mfh-0deg,0,0.034782608695652154,127.87661651008547,formal_derived_curve_data_geometry,290,290,0,0
mfh-0deg,0,0.034956521739130414,128.01925519650865,formal_derived_curve_data_geometry,290,290,0,0
mfh-0deg,0,0.035130434782608674,128.1610897019314,formal_derived_curve_data_geometry,290,290,0,0
mfh-0deg,0,0.035304347826086935,128.30163510904399,formal_derived_curve_data_geometry,290,290,0,0
mfh-0deg,0,0.035478260869565195,128.44044165152206,formal_derived_curve_data_geometry,290,290,0,0
mfh-0deg,0,0.035652173913043456,128.5867247424778,formal_derived_curve_data_geometry,290,290,0,0
mfh-0deg,0,0.035826086956521716,128.74051055118335,formal_derived_curve_data_geometry,290,290,0,0
mfh-0deg,0,0.035999999999999976,128.8884031175247,formal_derived_curve_data_geometry,290,290,0,0
mfh-0deg,0,0.03617391304347824,129.04385806402144,formal_derived_curve_data_geometry,290,290,0,0
mfh-0deg,0,0.0363478260869565,129.19348431313367,formal_derived_curve_data_geometry,290,290,0,0
mfh-0deg,0,0.03652173913043476,129.33731779928186,formal_derived_curve_data_geometry,290,290,0,0
mfh-0deg,0,0.03669565217391302,129.4888214688468,formal_derived_curve_data_geometry,290,290,0,0
mfh-0deg,0,0.03686956521739128,129.63461156814978,formal_derived_curve_data_geometry,290,290,0,0
mfh-0deg,0,0.03704347826086954,129.780375297937,formal_derived_curve_data_geometry,290,290,0,0
mfh-0deg,0,0.0372173913043478,129.91271445705098,formal_derived_curve_data_geometry,290,290,0,0
mfh-0deg,0,0.03739130434782606,130.05847818683822,formal_derived_curve_data_geometry,290,290,0,0
mfh-0deg,0,0.03756521739130432,130.1908173459522,formal_derived_curve_data_geometry,290,290,0,0
mfh-0deg,0,0.03773913043478258,130.33658107573942,formal_derived_curve_data_geometry,290,290,0,0
mfh-0deg,0,0.03791304347826085,130.49576937619992,formal_derived_curve_data_geometry,290,290,0,0
mfh-0deg,0,0.03808695652173911,130.64648976182485,formal_derived_curve_data_geometry,290,290,0,0
mfh-0deg,0,0.03826086956521737,130.80224728689808,formal_derived_curve_data_geometry,290,290,0,0
mfh-0deg,0,0.03843478260869563,130.94968003220546,formal_derived_curve_data_geometry,290,290,0,0
mfh-0deg,0,0.03860869565217389,131.1022660492426,formal_derived_curve_data_geometry,290,290,0,0
mfh-0deg,0,0.03878260869565215,131.24664228835877,formal_derived_curve_data_geometry,290,290,0,0
mfh-0deg,0,0.03895652173913041,131.38287831077696,formal_derived_curve_data_geometry,290,290,0,0
mfh-0deg,0,0.03913043478260867,131.5244762885937,formal_derived_curve_data_geometry,290,290,0,0
mfh-0deg,0,0.03930434782608693,131.65809729275924,formal_derived_curve_data_geometry,290,290,0,0
mfh-0deg,0,0.03947826086956519,131.79081166132826,formal_derived_curve_data_geometry,290,290,0,0
mfh-0deg,0,0.03965217391304345,131.92272338780722,formal_derived_curve_data_geometry,290,290,0,0
mfh-0deg,0,0.03982608695652171,132.05393646570258,formal_derived_curve_data_geometry,290,290,0,0
mfh-0deg,0,0.03999999999999997,132.18455488852084,formal_derived_curve_data_geometry,290,290,0,0
mfh-0deg,0,0.040173913043478233,132.31495313144356,formal_derived_curve_data_geometry,290,290,0,0
mfh-0deg,0,0.040347826086956494,132.4453237778437,formal_derived_curve_data_geometry,290,290,0,0
mfh-0deg,0,0.040521739130434754,132.57549798351457,formal_derived_curve_data_geometry,290,290,0,0
mfh-0deg,0,0.040695652173913015,132.71308753245822,formal_derived_curve_data_geometry,290,290,0,0
mfh-0deg,0,0.040869565217391275,132.85791737793346,formal_derived_curve_data_geometry,290,290,0,0
mfh-0deg,0,0.041043478260869536,132.9963928545975,formal_derived_curve_data_geometry,290,290,0,0
mfh-0deg,0,0.041217391304347796,133.1417733905259,formal_derived_curve_data_geometry,290,290,0,0
mfh-0deg,0,0.041391304347826056,133.28047422451937,formal_derived_curve_data_geometry,290,290,0,0
mfh-0deg,0,0.04156521739130432,133.41234011812364,formal_derived_curve_data_geometry,290,290,0,0
mfh-0deg,0,0.04173913043478258,133.5506453556294,formal_derived_curve_data_geometry,290,290,0,0
mfh-0deg,0,0.04191304347826084,133.68182003205263,formal_derived_curve_data_geometry,290,290,0,0
mfh-0deg,0,0.0420869565217391,133.81916121590723,formal_derived_curve_data_geometry,290,290,0,0
mfh-0deg,0,0.04226086956521736,133.94307782908862,formal_derived_curve_data_geometry,290,290,0,0
mfh-0deg,0,0.04243478260869562,134.06699444227,formal_derived_curve_data_geometry,290,290,0,0
mfh-0deg,0,0.04260869565217388,134.20433562612462,formal_derived_curve_data_geometry,290,290,0,0
mfh-0deg,0,0.04278260869565214,134.32825223930598,formal_derived_curve_data_geometry,290,290,0,0
mfh-0deg,0,0.0429565217391304,134.4655934231606,formal_derived_curve_data_geometry,290,290,0,0
mfh-0deg,0,0.043130434782608675,134.59595795078448,formal_derived_curve_data_geometry,290,290,0,0
mfh-0deg,0,0.043304347826086935,134.71931164966742,formal_derived_curve_data_geometry,290,290,0,0
mfh-0deg,0,0.043478260869565195,134.84901245237333,formal_derived_curve_data_geometry,290,290,0,0
mfh-0deg,0,0.043652173913043456,134.97156428316254,formal_derived_curve_data_geometry,290,290,0,0
mfh-0deg,0,0.043826086956521716,135.08689077001168,formal_derived_curve_data_geometry,290,290,0,0
mfh-0deg,0,0.04399999999999998,135.2083352446136,formal_derived_curve_data_geometry,290,290,0,0
mfh-0deg,0,0.04417391304347824,135.32238703035765,formal_derived_curve_data_geometry,290,290,0,0
mfh-0deg,0,0.0443478260869565,135.44237972502265,formal_derived_curve_data_geometry,290,290,0,0
mfh-0deg,0,0.04452173913043476,135.55479291808385,formal_derived_curve_data_geometry,290,290,0,0
mfh-0deg,0,0.04469565217391302,135.65952590273287,formal_derived_curve_data_geometry,290,290,0,0
mfh-0deg,0,0.04486956521739128,135.76261403750948,formal_derived_curve_data_geometry,290,290,0,0
mfh-0deg,0,0.04504347826086954,135.8645583997936,formal_derived_curve_data_geometry,290,290,0,0
mfh-0deg,0,0.0452173913043478,135.96604076716775,formal_derived_curve_data_geometry,290,290,0,0
mfh-0deg,0,0.04539130434782606,136.0671633457292,formal_derived_curve_data_geometry,290,290,0,0
mfh-0deg,0,0.04556521739130432,136.16802834157522,formal_derived_curve_data_geometry,290,290,0,0
mfh-0deg,0,0.04573913043478258,136.26873796080318,formal_derived_curve_data_geometry,290,290,0,0
mfh-0deg,0,0.04591304347826084,136.37544258541925,formal_derived_curve_data_geometry,290,290,0,0
mfh-0deg,0,0.0460869565217391,136.48811804979795,formal_derived_curve_data_geometry,290,290,0,0
mfh-0deg,0,0.04626086956521736,136.59330757744013,formal_derived_curve_data_geometry,290,290,0,0
mfh-0deg,0,0.04643478260869562,136.70439549299297,formal_derived_curve_data_geometry,290,290,0,0
mfh-0deg,0,0.04660869565217388,136.8079089395567,formal_derived_curve_data_geometry,290,290,0,0
mfh-0deg,0,0.04678260869565214,136.91721616137784,formal_derived_curve_data_geometry,290,290,0,0
mfh-0deg,0,0.046956521739130404,137.03228469285722,formal_derived_curve_data_geometry,290,290,0,0
mfh-0deg,0,0.047130434782608664,137.13968996332153,formal_derived_curve_data_geometry,290,290,0,0
mfh-0deg,0,0.047304347826086925,137.2528614104011,formal_derived_curve_data_geometry,290,290,0,0
mfh-0deg,0,0.047478260869565185,137.37180876800994,formal_derived_curve_data_geometry,290,290,0,0
mfh-0deg,0,0.047652173913043445,137.4773315549455,formal_derived_curve_data_geometry,290,290,0,0
mfh-0deg,0,0.047826086956521706,137.58285434188107,formal_derived_curve_data_geometry,290,290,0,0
mfh-0deg,0,0.047999999999999966,137.6749525581434,formal_derived_curve_data_geometry,290,290,0,0
mfh-0deg,0,0.04817391304347823,137.7670507744057,formal_derived_curve_data_geometry,290,290,0,0
mfh-0deg,0,0.04834782608695649,137.85914899066802,formal_derived_curve_data_geometry,290,290,0,0
mfh-0deg,0,0.04852173913043475,137.95853084529827,formal_derived_curve_data_geometry,290,290,0,0
mfh-0deg,0,0.04869565217391301,138.05183017110735,formal_derived_curve_data_geometry,290,290,0,0
mfh-0deg,0,0.04886956521739127,138.14314259923754,formal_derived_curve_data_geometry,290,290,0,0
mfh-0deg,0,0.04904347826086953,138.23257033578608,formal_derived_curve_data_geometry,290,290,0,0
mfh-0deg,0,0.04921739130434779,138.32021558685034,formal_derived_curve_data_geometry,290,290,0,0
mfh-0deg,0,0.04939130434782605,138.40618055852755,formal_derived_curve_data_geometry,290,290,0,0
mfh-0deg,0,0.04956521739130431,138.49056745691507,formal_derived_curve_data_geometry,290,290,0,0
mfh-0deg,0,0.04973913043478257,138.57347848811017,formal_derived_curve_data_geometry,290,290,0,0
mfh-0deg,0,0.049913043478260845,138.65501585821013,formal_derived_curve_data_geometry,290,290,0,0
mfh-0deg,0,0.050086956521739105,138.73528177331227,formal_derived_curve_data_geometry,290,290,0,0
mfh-0deg,0,0.050260869565217366,138.8143784395139,formal_derived_curve_data_geometry,290,290,0,0
mfh-0deg,0,0.050434782608695626,138.8924080629123,formal_derived_curve_data_geometry,290,290,0,0
mfh-0deg,0,0.050608695652173886,138.96947284960476,formal_derived_curve_data_geometry,290,290,0,0
test-45deg,0,0.014434782608695643,41.00898705531853,formal_curve_data_geometry,21,21,0,0
test-45deg,0,0.01721739130434781,46.647306738085604,formal_curve_data_geometry,21,21,0,0
test-45deg,0,0.019826086956521723,51.43987846843761,formal_curve_data_geometry,21,21,0,0
test-45deg,0,0.02365217391304346,57.64203011948139,formal_curve_data_geometry,21,21,0,0
test-45deg,0,0.027304347826086935,62.152685865695034,formal_curve_data_geometry,21,21,0,0
test-45deg,0,0.03060869565217389,66.38142562777034,formal_curve_data_geometry,21,21,0,0
test-45deg,0,0.03443478260869563,69.48250145329223,formal_curve_data_geometry,21,21,0,0
test-45deg,0,0.03878260869565215,73.71124121536754,formal_curve_data_geometry,21,21,0,0
test-45deg,0,0.043130434782608675,75.96656908847436,formal_curve_data_geometry,21,21,0,0
test-45deg,0,0.047130434782608664,78.2218969615812,formal_curve_data_geometry,21,21,0,0
test-45deg,0,0.05147826086956519,80.19530885054967,formal_curve_data_geometry,21,21,0,0
test-45deg,0,0.05599999999999996,82.45063672365649,formal_curve_data_geometry,21,21,0,0
test-45deg,0,0.060521739130434744,83.29638467607155,formal_curve_data_geometry,21,21,0,0
test-45deg,0,0.06504347826086954,84.98788058090167,formal_curve_data_geometry,21,21,0,0
test-45deg,0,0.06921739130434779,84.42404861262497,formal_curve_data_geometry,21,21,0,0
test-45deg,0,0.07408695652173908,86.82033447780097,formal_curve_data_geometry,21,21,0,0
test-45deg,0,0.0784347826086956,87.2432084540085,formal_curve_data_geometry,21,21,0,0
test-45deg,0,0.0833043478260869,87.80704042228521,formal_curve_data_geometry,21,21,0,0
test-45deg,0,0.0873043478260869,88.08895640642356,formal_curve_data_geometry,21,21,0,0
test-45deg,0,0.09060869565217386,87.52512443814686,formal_curve_data_geometry,21,21,0,0
test-45deg,0,0.09321739130434778,85.83362853331674,formal_curve_data_geometry,21,21,0,0
mfh-45deg,0,0.00017391304347825695,-0.9152440645577542,formal_derived_curve_data_geometry,460,460,0,0
mfh-45deg,0,0.00034782608695651737,-0.6724142486555138,formal_derived_curve_data_geometry,460,460,0,0
mfh-45deg,0,0.0005217391304347778,-0.42662994433180756,formal_derived_curve_data_geometry,460,460,0,0
mfh-45deg,0,0.0006956521739130382,-0.1892966400729108,formal_derived_curve_data_geometry,460,460,0,0
mfh-45deg,0,0.0008695652173912986,0.05489165228706838,formal_derived_curve_data_geometry,460,460,0,0
mfh-45deg,0,0.0010434782608695625,0.2942541148728992,formal_derived_curve_data_geometry,460,460,0,0
mfh-45deg,0,0.001217391304347823,0.5572459771344427,formal_derived_curve_data_geometry,460,460,0,0
mfh-45deg,0,0.0013913043478260834,0.831911091807342,formal_derived_curve_data_geometry,460,460,0,0
mfh-45deg,0,0.0015652173913043438,1.102658595947247,formal_derived_curve_data_geometry,460,460,0,0
mfh-45deg,0,0.0017391304347826042,1.3914358753562226,formal_derived_curve_data_geometry,460,460,0,0
mfh-45deg,0,0.0019130434782608646,1.6677032470586255,formal_derived_curve_data_geometry,460,460,0,0
mfh-45deg,0,0.002086956521739125,1.9767839490945107,formal_derived_curve_data_geometry,460,460,0,0
mfh-45deg,0,0.0022608695652173855,2.321568940049872,formal_derived_curve_data_geometry,460,460,0,0
mfh-45deg,0,0.002434782608695646,2.704949178510873,formal_derived_curve_data_geometry,460,460,0,0
mfh-45deg,0,0.0026086956521739063,3.129815623063763,formal_derived_curve_data_geometry,460,460,0,0
mfh-45deg,0,0.00278260869565217,3.5990592322946213,formal_derived_curve_data_geometry,460,460,0,0
mfh-45deg,0,0.0029565217391304306,4.072509746937385,formal_derived_curve_data_geometry,460,460,0,0
mfh-45deg,0,0.003130434782608691,4.55495512276957,formal_derived_curve_data_geometry,460,460,0,0
mfh-45deg,0,0.0033043478260869515,5.125832600175698,formal_derived_curve_data_geometry,460,460,0,0
mfh-45deg,0,0.003478260869565212,5.846906332917911,formal_derived_curve_data_geometry,460,460,0,0
mfh-45deg,0,0.0036521739130434723,6.698271467713283,formal_derived_curve_data_geometry,460,460,0,0
mfh-45deg,0,0.0038260869565217327,7.64032926493519,formal_derived_curve_data_geometry,460,460,0,0
mfh-45deg,0,0.003999999999999993,8.63567728995639,formal_derived_curve_data_geometry,460,460,0,0
mfh-45deg,0,0.0041739130434782536,9.740982142368892,formal_derived_curve_data_geometry,460,460,0,0
mfh-45deg,0,0.004347826086956514,10.865337183865108,formal_derived_curve_data_geometry,460,460,0,0
mfh-45deg,0,0.004521739130434778,11.971631098336957,formal_derived_curve_data_geometry,460,460,0,0
mfh-45deg,0,0.004695652173913038,13.063123321202369,formal_derived_curve_data_geometry,460,460,0,0
mfh-45deg,0,0.004869565217391299,14.08947204469277,formal_derived_curve_data_geometry,460,460,0,0
mfh-45deg,0,0.005043478260869559,15.027281641892358,formal_derived_curve_data_geometry,460,460,0,0
mfh-45deg,0,0.0052173913043478196,15.88359971772357,formal_derived_curve_data_geometry,460,460,0,0
mfh-45deg,0,0.00539130434782608,16.601045861827686,formal_derived_curve_data_geometry,460,460,0,0
mfh-45deg,0,0.00556521739130434,17.267238222926437,formal_derived_curve_data_geometry,460,460,0,0
mfh-45deg,0,0.005739130434782601,17.88456800963965,formal_derived_curve_data_geometry,460,460,0,0
mfh-45deg,0,0.005913043478260861,18.46772712577905,formal_derived_curve_data_geometry,460,460,0,0
mfh-45deg,0,0.006086956521739122,19.05167018288276,formal_derived_curve_data_geometry,460,460,0,0
mfh-45deg,0,0.0062608695652173856,19.637250309903266,formal_derived_curve_data_geometry,460,460,0,0
mfh-45deg,0,0.006434782608695646,20.165368873289566,formal_derived_curve_data_geometry,460,460,0,0
mfh-45deg,0,0.006608695652173906,20.70704106462594,formal_derived_curve_data_geometry,460,460,0,0
mfh-45deg,0,0.006782608695652167,21.234584952571964,formal_derived_curve_data_geometry,460,460,0,0
mfh-45deg,0,0.006956521739130427,21.759340478703393,formal_derived_curve_data_geometry,460,460,0,0
mfh-45deg,0,0.007130434782608688,22.27797117481927,formal_derived_curve_data_geometry,460,460,0,0
mfh-45deg,0,0.007304347826086948,22.785888733615252,formal_derived_curve_data_geometry,460,460,0,0
mfh-45deg,0,0.0074782608695652085,23.28038172173794,formal_derived_curve_data_geometry,460,460,0,0
mfh-45deg,0,0.007652173913043469,23.78829928053392,formal_derived_curve_data_geometry,460,460,0,0
mfh-45deg,0,0.00782608695652173,24.2290939859636,formal_derived_curve_data_geometry,460,460,0,0
mfh-45deg,0,0.007999999999999993,24.683313262066548,formal_derived_curve_data_geometry,460,460,0,0
mfh-45deg,0,0.008173913043478254,25.137532538169495,formal_derived_curve_data_geometry,460,460,0,0
mfh-45deg,0,0.008347826086956514,25.591751814272442,formal_derived_curve_data_geometry,460,460,0,0
mfh-45deg,0,0.008521739130434774,26.07298494439084,formal_derived_curve_data_geometry,460,460,0,0
mfh-45deg,0,0.008695652173913035,26.5681651110812,formal_derived_curve_data_geometry,460,460,0,0
mfh-45deg,0,0.008869565217391295,27.0508434180648,formal_derived_curve_data_geometry,460,460,0,0
mfh-45deg,0,0.009043478260869556,27.534887172920563,formal_derived_curve_data_geometry,460,460,0,0
mfh-45deg,0,0.009217391304347816,28.02078160439214,formal_derived_curve_data_geometry,460,460,0,0
mfh-45deg,0,0.009391304347826077,28.50905443306098,formal_derived_curve_data_geometry,460,460,0,0
mfh-45deg,0,0.009565217391304337,29.000275871346645,formal_derived_curve_data_geometry,460,460,0,0
mfh-45deg,0,0.009739130434782597,29.447906149245313,formal_derived_curve_data_geometry,460,460,0,0
mfh-45deg,0,0.009913043478260858,29.852933416661955,formal_derived_curve_data_geometry,460,460,0,0
mfh-45deg,0,0.010086956521739118,30.276299452654712,formal_derived_curve_data_geometry,460,460,0,0
mfh-45deg,0,0.010260869565217379,30.701860900274042,formal_derived_curve_data_geometry,460,460,0,0
mfh-45deg,0,0.010434782608695639,31.153195720697056,formal_derived_curve_data_geometry,460,460,0,0
mfh-45deg,0,0.010608695652173906,31.603387607427692,formal_derived_curve_data_geometry,460,460,0,0
mfh-45deg,0,0.010782608695652167,32.06583645782767,formal_derived_curve_data_geometry,460,460,0,0
mfh-45deg,0,0.010956521739130427,32.52713551974999,formal_derived_curve_data_geometry,460,460,0,0
mfh-45deg,0,0.011130434782608688,33.000769674232274,formal_derived_curve_data_geometry,460,460,0,0
mfh-45deg,0,0.011304347826086948,33.4599925821302,formal_derived_curve_data_geometry,460,460,0,0
mfh-45deg,0,0.011478260869565209,33.918374108157124,formal_derived_curve_data_geometry,460,460,0,0
mfh-45deg,0,0.011652173913043469,34.37610203819115,formal_derived_curve_data_geometry,460,460,0,0
mfh-45deg,0,0.01182608695652173,34.8334066499483,formal_derived_curve_data_geometry,460,460,0,0
mfh-45deg,0,0.01199999999999999,35.27713614230923,formal_derived_curve_data_geometry,460,460,0,0
mfh-45deg,0,0.01217391304347825,35.68059192265038,formal_derived_curve_data_geometry,460,460,0,0
mfh-45deg,0,0.01234782608695651,36.09747227366479,formal_derived_curve_data_geometry,460,460,0,0
mfh-45deg,0,0.012521739130434771,36.51435262467922,formal_derived_curve_data_geometry,460,460,0,0
mfh-45deg,0,0.012695652173913032,36.93123297569363,formal_derived_curve_data_geometry,460,460,0,0
mfh-45deg,0,0.012869565217391292,37.32126418536154,formal_derived_curve_data_geometry,460,460,0,0
mfh-45deg,0,0.013043478260869552,37.724719965702704,formal_derived_curve_data_geometry,460,460,0,0
mfh-45deg,0,0.013217391304347813,38.11475117537057,formal_derived_curve_data_geometry,460,460,0,0
mfh-45deg,0,0.013391304347826073,38.50474596921232,formal_derived_curve_data_geometry,460,460,0,0
mfh-45deg,0,0.013565217391304334,38.90805638687067,formal_derived_curve_data_geometry,460,460,0,0
mfh-45deg,0,0.013739130434782594,39.31118577757486,formal_derived_curve_data_geometry,460,460,0,0
mfh-45deg,0,0.013913043478260861,39.70063794148703,formal_derived_curve_data_geometry,460,460,0,0
mfh-45deg,0,0.014086956521739122,40.08976627104866,formal_derived_curve_data_geometry,460,460,0,0
mfh-45deg,0,0.014260869565217382,40.47850003896093,formal_derived_curve_data_geometry,460,460,0,0
mfh-45deg,0,0.014434782608695643,40.85334439818472,formal_derived_curve_data_geometry,460,460,0,0
mfh-45deg,0,0.014608695652173903,41.24107866463342,formal_derived_curve_data_geometry,460,460,0,0
mfh-45deg,0,0.014782608695652164,41.61478432246052,formal_derived_curve_data_geometry,460,460,0,0
mfh-45deg,0,0.014956521739130424,42.00124158944523,formal_derived_curve_data_geometry,460,460,0,0
mfh-45deg,0,0.015130434782608684,42.374297583956675,formal_derived_curve_data_geometry,460,460,0,0
mfh-45deg,0,0.015304347826086945,42.72121813290947,formal_derived_curve_data_geometry,460,460,0,0
mfh-45deg,0,0.015478260869565205,43.06877533729066,formal_derived_curve_data_geometry,460,460,0,0
mfh-45deg,0,0.015652173913043466,43.430317178346925,formal_derived_curve_data_geometry,460,460,0,0
mfh-45deg,0,0.015826086956521726,43.79234294691135,formal_derived_curve_data_geometry,460,460,0,0
mfh-45deg,0,0.015999999999999986,44.12792781407664,formal_derived_curve_data_geometry,460,460,0,0
mfh-45deg,0,0.016173913043478247,44.45042111388821,formal_derived_curve_data_geometry,460,460,0,0
mfh-45deg,0,0.016347826086956507,44.786597201997665,formal_derived_curve_data_geometry,460,460,0,0
mfh-45deg,0,0.016521739130434768,45.14980631431618,formal_derived_curve_data_geometry,460,460,0,0
mfh-45deg,0,0.016695652173913028,45.49970085499481,formal_derived_curve_data_geometry,460,460,0,0
mfh-45deg,0,0.01686956521739129,45.8496319618106,formal_derived_curve_data_geometry,460,460,0,0
mfh-45deg,0,0.01704347826086955,46.21298763929967,formal_derived_curve_data_geometry,460,460,0,0
mfh-45deg,0,0.01721739130434781,46.56291874611547,formal_derived_curve_data_geometry,460,460,0,0
mfh-45deg,0,0.017391304347826077,46.91284985293126,formal_derived_curve_data_geometry,460,460,0,0
mfh-45deg,0,0.017565217391304337,47.26278095974706,formal_derived_curve_data_geometry,460,460,0,0
mfh-45deg,0,0.017739130434782598,47.599287495889584,formal_derived_curve_data_geometry,460,460,0,0
mfh-45deg,0,0.017913043478260858,47.949218602705386,formal_derived_curve_data_geometry,460,460,0,0
mfh-45deg,0,0.01808695652173912,48.28572513884794,formal_derived_curve_data_geometry,460,460,0,0
mfh-45deg,0,0.01826086956521738,48.60880710431722,formal_derived_curve_data_geometry,460,460,0,0
mfh-45deg,0,0.01843478260869564,48.93189022022442,formal_derived_curve_data_geometry,460,460,0,0
mfh-45deg,0,0.0186086956521739,49.24154649801646,formal_derived_curve_data_geometry,460,460,0,0
mfh-45deg,0,0.01878260869565216,49.56461308302687,formal_derived_curve_data_geometry,460,460,0,0
mfh-45deg,0,0.01895652173913042,49.90106940110927,formal_derived_curve_data_geometry,460,460,0,0
mfh-45deg,0,0.01913043478260868,50.2240371586375,formal_derived_curve_data_geometry,460,460,0,0
mfh-45deg,0,0.01930434782608694,50.5334786251986,formal_derived_curve_data_geometry,460,460,0,0
mfh-45deg,0,0.019478260869565202,50.82934749224631,formal_derived_curve_data_geometry,460,460,0,0
mfh-45deg,0,0.019652173913043462,51.138438014447544,formal_derived_curve_data_geometry,460,460,0,0
mfh-45deg,0,0.019826086956521723,51.46068672698951,formal_derived_curve_data_geometry,460,460,0,0
mfh-45deg,0,0.019999999999999983,51.76917244557944,formal_derived_curve_data_geometry,460,460,0,0
mfh-45deg,0,0.020173913043478243,52.06379038994221,formal_derived_curve_data_geometry,460,460,0,0
mfh-45deg,0,0.020347826086956504,52.35797186620877,formal_derived_curve_data_geometry,460,460,0,0
mfh-45deg,0,0.020521739130434764,52.651799237832336,formal_derived_curve_data_geometry,460,460,0,0
mfh-45deg,0,0.020695652173913025,52.93192171945971,formal_derived_curve_data_geometry,460,460,0,0
mfh-45deg,0,0.020869565217391292,53.19840451827751,formal_derived_curve_data_geometry,460,460,0,0
mfh-45deg,0,0.021043478260869553,53.464728834012334,formal_derived_curve_data_geometry,460,460,0,0
mfh-45deg,0,0.021217391304347813,53.74436728825752,formal_derived_curve_data_geometry,460,460,0,0
mfh-45deg,0,0.021391304347826073,54.023934783126606,formal_derived_curve_data_geometry,460,460,0,0
mfh-45deg,0,0.021565217391304334,54.27661307192653,formal_derived_curve_data_geometry,460,460,0,0
mfh-45deg,0,0.021739130434782594,54.542698183197174,formal_derived_curve_data_geometry,460,460,0,0
mfh-45deg,0,0.021913043478260855,54.82220385532543,formal_derived_curve_data_geometry,460,460,0,0
mfh-45deg,0,0.022086956521739115,55.088284956780385,formal_derived_curve_data_geometry,460,460,0,0
mfh-45deg,0,0.022260869565217375,55.36779062890862,formal_derived_curve_data_geometry,460,460,0,0
mfh-45deg,0,0.022434782608695636,55.62044715969034,formal_derived_curve_data_geometry,460,460,0,0
mfh-45deg,0,0.022608695652173896,55.85967911979883,formal_derived_curve_data_geometry,460,460,0,0
mfh-45deg,0,0.022782608695652157,56.11233565058055,formal_derived_curve_data_geometry,460,460,0,0
mfh-45deg,0,0.022956521739130417,56.36499218136228,formal_derived_curve_data_geometry,460,460,0,0
mfh-45deg,0,0.023130434782608678,56.631073282817255,formal_derived_curve_data_geometry,460,460,0,0
mfh-45deg,0,0.023304347826086938,56.883729813598976,formal_derived_curve_data_geometry,460,460,0,0
mfh-45deg,0,0.0234782608695652,57.13633924842266,formal_derived_curve_data_geometry,460,460,0,0
mfh-45deg,0,0.02365217391304346,57.388822366469384,formal_derived_curve_data_geometry,460,460,0,0
mfh-45deg,0,0.02382608695652172,57.64112240356596,formal_derived_curve_data_geometry,460,460,0,0
mfh-45deg,0,0.02399999999999998,57.893205052184896,formal_derived_curve_data_geometry,460,460,0,0
mfh-45deg,0,0.024173913043478247,58.1316338907713,formal_derived_curve_data_geometry,460,460,0,0
mfh-45deg,0,0.024347826086956507,58.36984409576239,formal_derived_curve_data_geometry,460,460,0,0
mfh-45deg,0,0.024521739130434768,58.621293300241206,formal_derived_curve_data_geometry,460,460,0,0
mfh-45deg,0,0.02469565217391303,58.85918788191675,formal_derived_curve_data_geometry,460,460,0,0
mfh-45deg,0,0.02486956521739129,59.0970303871635,formal_derived_curve_data_geometry,460,460,0,0
mfh-45deg,0,0.02504347826086955,59.32149667765519,formal_derived_curve_data_geometry,460,460,0,0
mfh-45deg,0,0.02521739130434781,59.56054779884994,formal_derived_curve_data_geometry,460,460,0,0
mfh-45deg,0,0.02539130434782607,59.80157914779144,formal_derived_curve_data_geometry,460,460,0,0
mfh-45deg,0,0.02556521739130433,60.030862366530215,formal_derived_curve_data_geometry,460,460,0,0
mfh-45deg,0,0.02573913043478259,60.27496526578217,formal_derived_curve_data_geometry,460,460,0,0
mfh-45deg,0,0.02591304347826085,60.49335525954271,formal_derived_curve_data_geometry,460,460,0,0
mfh-45deg,0,0.02608695652173911,60.726069642492476,formal_derived_curve_data_geometry,460,460,0,0
mfh-45deg,0,0.026260869565217372,60.97289445393818,formal_derived_curve_data_geometry,460,460,0,0
mfh-45deg,0,0.026434782608695633,61.22021361915891,formal_derived_curve_data_geometry,460,460,0,0
mfh-45deg,0,0.026608695652173893,61.46785809075283,formal_derived_curve_data_geometry,460,460,0,0
mfh-45deg,0,0.026782608695652153,61.71568127796375,formal_derived_curve_data_geometry,460,460,0,0
mfh-45deg,0,0.026956521739130414,61.95013447600802,formal_derived_curve_data_geometry,460,460,0,0
mfh-45deg,0,0.027130434782608674,62.184587674052324,formal_derived_curve_data_geometry,460,460,0,0
mfh-45deg,0,0.027304347826086935,62.419040872096616,formal_derived_curve_data_geometry,460,460,0,0
mfh-45deg,0,0.027478260869565195,62.653494070140894,formal_derived_curve_data_geometry,460,460,0,0
mfh-45deg,0,0.027652173913043462,62.87452269751192,formal_derived_curve_data_geometry,460,460,0,0
mfh-45deg,0,0.027826086956521723,63.1089758955562,formal_derived_curve_data_geometry,460,460,0,0
mfh-45deg,0,0.027999999999999983,63.330004522927254,formal_derived_curve_data_geometry,460,460,0,0
mfh-45deg,0,0.028173913043478244,63.56445772097153,formal_derived_curve_data_geometry,460,460,0,0
mfh-45deg,0,0.028347826086956504,63.812335489689076,formal_derived_curve_data_geometry,460,460,0,0
mfh-45deg,0,0.028521739130434764,64.0333091995053,formal_derived_curve_data_geometry,460,460,0,0
mfh-45deg,0,0.028695652173913025,64.2540976349978,formal_derived_curve_data_geometry,460,460,0,0
mfh-45deg,0,0.028869565217391285,64.47453965690883,formal_derived_curve_data_geometry,460,460,0,0
mfh-45deg,0,0.029043478260869546,64.69444334349161,formal_derived_curve_data_geometry,460,460,0,0
mfh-45deg,0,0.029217391304347806,64.88673684916408,formal_derived_curve_data_geometry,460,460,0,0
mfh-45deg,0,0.029391304347826067,65.09144039922145,formal_derived_curve_data_geometry,460,460,0,0
mfh-45deg,0,0.029565217391304327,65.30826972445033,formal_derived_curve_data_geometry,460,460,0,0
mfh-45deg,0,0.029739130434782587,65.52348520247513,formal_derived_curve_data_geometry,460,460,0,0
mfh-45deg,0,0.029913043478260848,65.72331642843137,formal_derived_curve_data_geometry,460,460,0,0
mfh-45deg,0,0.03008695652173911,65.92081135631219,formal_derived_curve_data_geometry,460,460,0,0
mfh-45deg,0,0.03026086956521737,66.1032912849263,formal_derived_curve_data_geometry,460,460,0,0
mfh-45deg,0,0.03043478260869563,66.28532682678484,formal_derived_curve_data_geometry,460,460,0,0
mfh-45deg,0,0.03060869565217389,66.48052002068115,formal_derived_curve_data_geometry,460,460,0,0
mfh-45deg,0,0.03078260869565215,66.6621684109,formal_derived_curve_data_geometry,460,460,0,0
mfh-45deg,0,0.03095652173913041,66.8303879005837,formal_derived_curve_data_geometry,460,460,0,0
mfh-45deg,0,0.031130434782608678,67.01211275173226,formal_derived_curve_data_geometry,460,460,0,0
mfh-45deg,0,0.03130434782608694,67.19397273183685,formal_derived_curve_data_geometry,460,460,0,0
mfh-45deg,0,0.0314782608695652,67.37599139657318,formal_derived_curve_data_geometry,460,460,0,0
mfh-45deg,0,0.03165217391304346,67.55816151912798,formal_derived_curve_data_geometry,460,460,0,0
mfh-45deg,0,0.03182608695652172,67.68674680750601,formal_derived_curve_data_geometry,460,460,0,0
mfh-45deg,0,0.03199999999999998,67.80195218193597,formal_derived_curve_data_geometry,460,460,0,0
mfh-45deg,0,0.03217391304347824,67.9574312683857,formal_derived_curve_data_geometry,460,460,0,0
mfh-45deg,0,0.0323478260869565,68.09948578416218,formal_derived_curve_data_geometry,460,460,0,0
mfh-45deg,0,0.03252173913043476,68.22811572926538,formal_derived_curve_data_geometry,460,460,0,0
mfh-45deg,0,0.03269565217391302,68.34332110369536,formal_derived_curve_data_geometry,460,460,0,0
mfh-45deg,0,0.03286956521739128,68.47195104879857,formal_derived_curve_data_geometry,460,460,0,0
mfh-45deg,0,0.03304347826086954,68.5871564232285,formal_derived_curve_data_geometry,460,460,0,0
mfh-45deg,0,0.0332173913043478,68.68893722698522,formal_derived_curve_data_geometry,460,460,0,0
mfh-45deg,0,0.03339130434782606,68.79071803074193,formal_derived_curve_data_geometry,460,460,0,0
mfh-45deg,0,0.033565217391304324,68.89249277419736,formal_derived_curve_data_geometry,460,460,0,0
mfh-45deg,0,0.033739130434782584,68.99427052808035,formal_derived_curve_data_geometry,460,460,0,0
mfh-45deg,0,0.033913043478260844,69.09609215011673,formal_derived_curve_data_geometry,460,460,0,0
mfh-45deg,0,0.034086956521739105,69.22487942637584,formal_derived_curve_data_geometry,460,460,0,0
mfh-45deg,0,0.034260869565217365,69.36731221790416,formal_derived_curve_data_geometry,460,460,0,0
mfh-45deg,0,0.03443478260869563,69.5235267434186,formal_derived_curve_data_geometry,460,460,0,0
mfh-45deg,0,0.03460869565217389,69.69369100863295,formal_derived_curve_data_geometry,460,460,0,0
mfh-45deg,0,0.034782608695652154,69.85115566491149,formal_derived_curve_data_geometry,460,460,0,0
mfh-45deg,0,0.034956521739130414,70.00957686263536,formal_derived_curve_data_geometry,460,460,0,0
mfh-45deg,0,0.035130434782608674,70.16921796850933,formal_derived_curve_data_geometry,460,460,0,0
mfh-45deg,0,0.035304347826086935,70.33050140256165,formal_derived_curve_data_geometry,460,460,0,0
mfh-45deg,0,0.035478260869565195,70.52028549520614,formal_derived_curve_data_geometry,460,460,0,0
mfh-45deg,0,0.035652173913043456,70.69798773518175,formal_derived_curve_data_geometry,460,460,0,0
mfh-45deg,0,0.035826086956521716,70.86333111024436,formal_derived_curve_data_geometry,460,460,0,0
mfh-45deg,0,0.035999999999999976,71.05634410716652,formal_derived_curve_data_geometry,460,460,0,0
mfh-45deg,0,0.03617391304347824,71.2633887170248,formal_derived_curve_data_geometry,460,460,0,0
mfh-45deg,0,0.0363478260869565,71.47085871789275,formal_derived_curve_data_geometry,460,460,0,0
mfh-45deg,0,0.03652173913043476,71.67860424551417,formal_derived_curve_data_geometry,460,460,0,0
mfh-45deg,0,0.03669565217391302,71.87308265195662,formal_derived_curve_data_geometry,460,460,0,0
mfh-45deg,0,0.03686956521739128,72.0139339349382,formal_derived_curve_data_geometry,460,460,0,0
mfh-45deg,0,0.03704347826086954,72.20850015657969,formal_derived_curve_data_geometry,460,460,0,0
mfh-45deg,0,0.0372173913043478,72.40306637822118,formal_derived_curve_data_geometry,460,460,0,0
mfh-45deg,0,0.03739130434782606,72.59763259986269,formal_derived_curve_data_geometry,460,460,0,0
mfh-45deg,0,0.03756521739130432,72.79219882150419,formal_derived_curve_data_geometry,460,460,0,0
mfh-45deg,0,0.03773913043478258,72.97334047247243,formal_derived_curve_data_geometry,460,460,0,0
mfh-45deg,0,0.03791304347826085,73.12763298209417,formal_derived_curve_data_geometry,460,460,0,0
mfh-45deg,0,0.03808695652173911,73.26850092104264,formal_derived_curve_data_geometry,460,460,0,0
mfh-45deg,0,0.03826086956521737,73.40936885999112,formal_derived_curve_data_geometry,460,460,0,0
mfh-45deg,0,0.03843478260869563,73.53669241790645,formal_derived_curve_data_geometry,460,460,0,0
mfh-45deg,0,0.03860869565217389,73.67706912741836,formal_derived_curve_data_geometry,460,460,0,0
mfh-45deg,0,0.03878260869565215,73.78995568579491,formal_derived_curve_data_geometry,460,460,0,0
mfh-45deg,0,0.03895652173913041,73.91533823234815,formal_derived_curve_data_geometry,460,460,0,0
mfh-45deg,0,0.03913043478260867,74.05291121237501,formal_derived_curve_data_geometry,460,460,0,0
mfh-45deg,0,0.03930434782608693,74.20235108917691,formal_derived_curve_data_geometry,460,460,0,0
mfh-45deg,0,0.03947826086956519,74.33646720271335,formal_derived_curve_data_geometry,460,460,0,0
mfh-45deg,0,0.03965217391304345,74.45490005229485,formal_derived_curve_data_geometry,460,460,0,0
mfh-45deg,0,0.03982608695652171,74.50357387254348,formal_derived_curve_data_geometry,460,460,0,0
mfh-45deg,0,0.03999999999999997,74.60291433483823,formal_derived_curve_data_geometry,460,460,0,0
mfh-45deg,0,0.040173913043478233,74.66105201534835,formal_derived_curve_data_geometry,460,460,0,0
mfh-45deg,0,0.040347826086956494,74.73402153358977,formal_derived_curve_data_geometry,460,460,0,0
mfh-45deg,0,0.040521739130434754,74.87544938349325,formal_derived_curve_data_geometry,460,460,0,0
mfh-45deg,0,0.040695652173913015,74.95100008756847,formal_derived_curve_data_geometry,460,460,0,0
mfh-45deg,0,0.040869565217391275,75.0276887464286,formal_derived_curve_data_geometry,460,460,0,0
mfh-45deg,0,0.041043478260869536,75.13223876667152,formal_derived_curve_data_geometry,460,460,0,0
mfh-45deg,0,0.041217391304347796,75.21080814886007,formal_derived_curve_data_geometry,460,460,0,0
mfh-45deg,0,0.041391304347826056,75.26323519425479,formal_derived_curve_data_geometry,460,460,0,0
mfh-45deg,0,0.04156521739130432,75.3296139341405,formal_derived_curve_data_geometry,460,460,0,0
mfh-45deg,0,0.04173913043478258,75.42317127645995,formal_derived_curve_data_geometry,460,460,0,0
mfh-45deg,0,0.04191304347826084,75.48999329379433,formal_derived_curve_data_geometry,460,460,0,0
mfh-45deg,0,0.0420869565217391,75.55681531112873,formal_derived_curve_data_geometry,460,460,0,0
mfh-45deg,0,0.04226086956521736,75.61021275778984,formal_derived_curve_data_geometry,460,460,0,0
mfh-45deg,0,0.04243478260869562,75.71730848714398,formal_derived_curve_data_geometry,460,460,0,0
mfh-45deg,0,0.04260869565217388,75.82440421649814,formal_derived_curve_data_geometry,460,460,0,0
mfh-45deg,0,0.04278260869565214,75.93149994585228,formal_derived_curve_data_geometry,460,460,0,0
mfh-45deg,0,0.0429565217391304,76.03859567520644,formal_derived_curve_data_geometry,460,460,0,0
mfh-45deg,0,0.043130434782608675,76.13226683388731,formal_derived_curve_data_geometry,460,460,0,0
mfh-45deg,0,0.043304347826086935,76.23936256324147,formal_derived_curve_data_geometry,460,460,0,0
mfh-45deg,0,0.043478260869565195,76.40015657528862,formal_derived_curve_data_geometry,460,460,0,0
mfh-45deg,0,0.043652173913043456,76.49382773396951,formal_derived_curve_data_geometry,460,460,0,0
mfh-45deg,0,0.043826086956521716,76.64119717534342,formal_derived_curve_data_geometry,460,460,0,0
mfh-45deg,0,0.04399999999999998,76.78856661671735,formal_derived_curve_data_geometry,460,460,0,0
mfh-45deg,0,0.04417391304347824,76.93593605809124,formal_derived_curve_data_geometry,460,460,0,0
mfh-45deg,0,0.0443478260869565,77.08330549946517,formal_derived_curve_data_geometry,460,460,0,0
mfh-45deg,0,0.04452173913043476,77.23067494083908,formal_derived_curve_data_geometry,460,460,0,0
mfh-45deg,0,0.04469565217391302,77.33777067019321,formal_derived_curve_data_geometry,460,460,0,0
mfh-45deg,0,0.04486956521739128,77.4851401115671,formal_derived_curve_data_geometry,460,460,0,0
mfh-45deg,0,0.04504347826086954,77.61908498226776,formal_derived_curve_data_geometry,460,460,0,0
mfh-45deg,0,0.0452173913043478,77.71275614094867,formal_derived_curve_data_geometry,460,460,0,0
mfh-45deg,0,0.04539130434782606,77.7661535876098,formal_derived_curve_data_geometry,460,460,0,0
mfh-45deg,0,0.04556521739130432,77.83297560494417,formal_derived_curve_data_geometry,460,460,0,0
mfh-45deg,0,0.04573913043478258,77.96692047564483,formal_derived_curve_data_geometry,460,460,0,0
mfh-45deg,0,0.04591304347826084,78.1008653463455,formal_derived_curve_data_geometry,460,460,0,0
mfh-45deg,0,0.0460869565217391,78.20796107569963,formal_derived_curve_data_geometry,460,460,0,0
mfh-45deg,0,0.04626086956521736,78.30163223438053,formal_derived_curve_data_geometry,460,460,0,0
mfh-45deg,0,0.04643478260869562,78.38187882238816,formal_derived_curve_data_geometry,460,460,0,0
mfh-45deg,0,0.04660869565217388,78.4621254103958,formal_derived_curve_data_geometry,460,460,0,0
mfh-45deg,0,0.04678260869565214,78.54237199840344,formal_derived_curve_data_geometry,460,460,0,0
mfh-45deg,0,0.046956521739130404,78.60919401573781,formal_derived_curve_data_geometry,460,460,0,0
mfh-45deg,0,0.047130434782608664,78.67601603307219,formal_derived_curve_data_geometry,460,460,0,0
mfh-45deg,0,0.047304347826086925,78.78311176242633,formal_derived_curve_data_geometry,460,460,0,0
mfh-45deg,0,0.047478260869565185,78.87678292110722,formal_derived_curve_data_geometry,460,460,0,0
mfh-45deg,0,0.047652173913043445,78.95702950911485,formal_derived_curve_data_geometry,460,460,0,0
mfh-45deg,0,0.047826086956521706,79.02385152644923,formal_derived_curve_data_geometry,460,460,0,0
mfh-45deg,0,0.047999999999999966,79.09067354378362,formal_derived_curve_data_geometry,460,460,0,0
mfh-45deg,0,0.04817391304347823,79.157495561118,formal_derived_curve_data_geometry,460,460,0,0
mfh-45deg,0,0.04834782608695649,79.19746365490876,formal_derived_curve_data_geometry,460,460,0,0
mfh-45deg,0,0.04852173913043475,79.22399381144992,formal_derived_curve_data_geometry,460,460,0,0
mfh-45deg,0,0.04869565217391301,79.26392805773106,formal_derived_curve_data_geometry,460,460,0,0
mfh-45deg,0,0.04886956521739127,79.34410989076422,formal_derived_curve_data_geometry,460,460,0,0
mfh-45deg,0,0.04904347826086953,79.43768599489073,formal_derived_curve_data_geometry,460,460,0,0
mfh-45deg,0,0.04921739130434779,79.53122909514761,formal_derived_curve_data_geometry,460,460,0,0
mfh-45deg,0,0.04939130434782605,79.57103967457454,formal_derived_curve_data_geometry,460,460,0,0
mfh-45deg,0,0.04956521739130431,79.61081625161954,formal_derived_curve_data_geometry,460,460,0,0
mfh-45deg,0,0.04973913043478257,79.63713596138675,formal_derived_curve_data_geometry,460,460,0,0
mfh-45deg,0,0.049913043478260845,79.66342655034926,formal_derived_curve_data_geometry,460,460,0,0
mfh-45deg,0,0.050086956521739105,79.70321766114158,formal_derived_curve_data_geometry,460,460,0,0
mfh-45deg,0,0.050260869565217366,79.74317068476068,formal_derived_curve_data_geometry,460,460,0,0
mfh-45deg,0,0.050434782608695626,79.78326233660346,formal_derived_curve_data_geometry,460,460,0,0
mfh-45deg,0,0.050608695652173886,79.82347080208915,formal_derived_curve_data_geometry,460,460,0,0
mfh-45deg,0,0.05078260869565215,79.86377573665945,formal_derived_curve_data_geometry,460,460,0,0
mfh-45deg,0,0.05095652173913041,79.89073369510511,formal_derived_curve_data_geometry,460,460,0,0
mfh-45deg,0,0.05113043478260867,79.9177518435858,formal_derived_curve_data_geometry,460,460,0,0
mfh-45deg,0,0.05130434782608693,79.98508795963012,formal_derived_curve_data_geometry,460,460,0,0
mfh-45deg,0,0.05147826086956519,80.05245386674945,formal_derived_curve_data_geometry,460,460,0,0
mfh-45deg,0,0.05165217391304345,80.13326114117064,formal_derived_curve_data_geometry,460,460,0,0
mfh-45deg,0,0.05182608695652171,80.21407368779639,formal_derived_curve_data_geometry,460,460,0,0
mfh-45deg,0,0.05199999999999997,80.33515994644189,formal_derived_curve_data_geometry,460,460,0,0
mfh-45deg,0,0.05217391304347823,80.45624620508742,formal_derived_curve_data_geometry,460,460,0,0
mfh-45deg,0,0.05234782608695649,80.57733246373292,formal_derived_curve_data_geometry,460,460,0,0
mfh-45deg,0,0.05252173913043475,80.68499415170518,formal_derived_curve_data_geometry,460,460,0,0
mfh-45deg,0,0.05269565217391301,80.8060804103507,formal_derived_curve_data_geometry,460,460,0,0
mfh-45deg,0,0.05286956521739127,80.92716666899621,formal_derived_curve_data_geometry,460,460,0,0
mfh-45deg,0,0.05304347826086953,81.03482835696848,formal_derived_curve_data_geometry,460,460,0,0
mfh-45deg,0,0.05321739130434779,81.11564090359423,formal_derived_curve_data_geometry,460,460,0,0
mfh-45deg,0,0.05339130434782605,81.20987802089321,formal_derived_curve_data_geometry,460,460,0,0
mfh-45deg,0,0.053565217391304314,81.33096427953873,formal_derived_curve_data_geometry,460,460,0,0
mfh-45deg,0,0.053739130434782574,81.43862596751099,formal_derived_curve_data_geometry,460,460,0,0
mfh-45deg,0,0.053913043478260834,81.54628765548324,formal_derived_curve_data_geometry,460,460,0,0
mfh-45deg,0,0.054086956521739095,81.58682649008921,formal_derived_curve_data_geometry,460,460,0,0
mfh-45deg,0,0.054260869565217355,81.64078989536847,formal_derived_curve_data_geometry,460,460,0,0
mfh-45deg,0,0.054434782608695616,81.6947533006477,formal_derived_curve_data_geometry,460,460,0,0
mfh-45deg,0,0.054608695652173876,81.7889904179467,formal_derived_curve_data_geometry,460,460,0,0
mfh-45deg,0,0.05478260869565214,81.89665210591896,formal_derived_curve_data_geometry,460,460,0,0
mfh-45deg,0,0.0549565217391304,81.96404008187147,formal_derived_curve_data_geometry,460,460,0,0
mfh-45deg,0,0.05513043478260866,82.04485262849721,formal_derived_curve_data_geometry,460,460,0,0
mfh-45deg,0,0.05530434782608692,82.11224060444971,formal_derived_curve_data_geometry,460,460,0,0
mfh-45deg,0,0.05547826086956518,82.17962858040221,formal_derived_curve_data_geometry,460,460,0,0
mfh-45deg,0,0.05565217391304344,82.23359198568144,formal_derived_curve_data_geometry,460,460,0,0
mfh-45deg,0,0.0558260869565217,82.28755539096069,formal_derived_curve_data_geometry,460,460,0,0
mfh-45deg,0,0.05599999999999996,82.34151879623992,formal_derived_curve_data_geometry,460,460,0,0
mfh-45deg,0,0.05617391304347822,82.40890677219241,formal_derived_curve_data_geometry,460,460,0,0
mfh-45deg,0,0.05634782608695648,82.46287017747164,formal_derived_curve_data_geometry,460,460,0,0
mfh-45deg,0,0.05652173913043474,82.50340901207764,formal_derived_curve_data_geometry,460,460,0,0
mfh-45deg,0,0.056695652173913015,82.55737241735687,formal_derived_curve_data_geometry,460,460,0,0
mfh-45deg,0,0.056869565217391276,82.65160953465588,formal_derived_curve_data_geometry,460,460,0,0
mfh-45deg,0,0.057043478260869536,82.73242208128163,formal_derived_curve_data_geometry,460,460,0,0
mfh-45deg,0,0.057217391304347796,82.71926263319457,formal_derived_curve_data_geometry,460,460,0,0
mfh-45deg,0,0.05739130434782606,82.70610318510755,formal_derived_curve_data_geometry,460,460,0,0
mfh-45deg,0,0.05756521739130432,82.69294373702051,formal_derived_curve_data_geometry,460,460,0,0
mfh-45deg,0,0.05773913043478258,82.74690714229975,formal_derived_curve_data_geometry,460,460,0,0
mfh-45deg,0,0.05791304347826084,82.78744597690573,formal_derived_curve_data_geometry,460,460,0,0
mfh-45deg,0,0.0580869565217391,82.82798481151171,formal_derived_curve_data_geometry,460,460,0,0
mfh-45deg,0,0.05826086956521736,82.81482536342469,formal_derived_curve_data_geometry,460,460,0,0
mfh-45deg,0,0.05843478260869562,82.78822466953518,formal_derived_curve_data_geometry,460,460,0,0
mfh-45deg,0,0.05860869565217388,82.761573556057,formal_derived_curve_data_geometry,460,460,0,0
mfh-45deg,0,0.05878260869565214,82.72141311655588,formal_derived_curve_data_geometry,460,460,0,0
mfh-45deg,0,0.0589565217391304,82.69455756531585,formal_derived_curve_data_geometry,460,460,0,0
mfh-45deg,0,0.05913043478260866,82.66754681329958,formal_derived_curve_data_geometry,460,460,0,0
mfh-45deg,0,0.05930434782608692,82.6403447508415,formal_derived_curve_data_geometry,460,460,0,0
mfh-45deg,0,0.05947826086956518,82.62633924764776,formal_derived_curve_data_geometry,460,460,0,0
mfh-45deg,0,0.05965217391304344,82.62549301144973,formal_derived_curve_data_geometry,460,460,0,0
mfh-45deg,0,0.0598260869565217,82.59749444665746,formal_derived_curve_data_geometry,460,460,0,0
mfh-45deg,0,0.05999999999999996,82.56915421974578,formal_derived_curve_data_geometry,460,460,0,0
mfh-45deg,0,0.060173913043478224,82.5542080129283,formal_derived_curve_data_geometry,460,460,0,0
mfh-45deg,0,0.060347826086956484,82.53955005399204,formal_derived_curve_data_geometry,460,460,0,0
mfh-45deg,0,0.060521739130434744,82.57885079418585,formal_derived_curve_data_geometry,460,460,0,0
mfh-45deg,0,0.060695652173913005,82.61838352807104,formal_derived_curve_data_geometry,460,460,0,0
mfh-45deg,0,0.060869565217391265,82.72524209496665,formal_derived_curve_data_geometry,460,460,0,0
mfh-45deg,0,0.061043478260869526,82.83227403615764,formal_derived_curve_data_geometry,460,460,0,0
mfh-45deg,0,0.061217391304347786,82.95287372566703,formal_derived_curve_data_geometry,460,460,0,0
mfh-45deg,0,0.061391304347826046,83.07358580486974,formal_derived_curve_data_geometry,460,460,0,0
mfh-45deg,0,0.06156521739130431,83.1943788945124,formal_derived_curve_data_geometry,460,460,0,0
mfh-45deg,0,0.06173913043478257,83.32864559471344,formal_derived_curve_data_geometry,460,460,0,0
mfh-45deg,0,0.06191304347826083,83.46292877294319,formal_derived_curve_data_geometry,460,460,0,0
mfh-45deg,0,0.06208695652173909,83.59721195117291,formal_derived_curve_data_geometry,460,460,0,0
mfh-45deg,0,0.06226086956521735,83.73149512940265,formal_derived_curve_data_geometry,460,460,0,0
mfh-45deg,0,0.06243478260869561,83.8657783076324,formal_derived_curve_data_geometry,460,460,0,0
mfh-45deg,0,0.06260869565217386,83.98663691518888,formal_derived_curve_data_geometry,460,460,0,0
mfh-45deg,0,0.06278260869565214,84.04037266937911,formal_derived_curve_data_geometry,460,460,0,0
mfh-45deg,0,0.06295652173913038,84.09410842356932,formal_derived_curve_data_geometry,460,460,0,0
mfh-45deg,0,0.06313043478260866,84.12099503641302,formal_derived_curve_data_geometry,460,460,0,0
mfh-45deg,0,0.0633043478260869,84.13445707858348,formal_derived_curve_data_geometry,460,460,0,0
mfh-45deg,0,0.06347826086956518,84.16134369142718,formal_derived_curve_data_geometry,460,460,0,0
mfh-45deg,0,0.06365217391304345,84.28220229898366,formal_derived_curve_data_geometry,460,460,0,0
mfh-45deg,0,0.0638260869565217,84.40306900543656,formal_derived_curve_data_geometry,460,460,0,0
mfh-45deg,0,0.06399999999999997,84.51050304231978,formal_derived_curve_data_geometry,460,460,0,0
mfh-45deg,0,0.06417391304347822,84.55081422583675,formal_derived_curve_data_geometry,460,460,0,0
mfh-45deg,0,0.0643478260869565,84.59112540935372,formal_derived_curve_data_geometry,460,460,0,0
mfh-45deg,0,0.06452173913043474,84.63143659287067,formal_derived_curve_data_geometry,460,460,0,0
mfh-45deg,0,0.06469565217391302,84.67174777638763,formal_derived_curve_data_geometry,460,460,0,0
mfh-45deg,0,0.06486956521739126,84.7013530615515,formal_derived_curve_data_geometry,460,460,0,0
mfh-45deg,0,0.06504347826086954,84.73366023727137,formal_derived_curve_data_geometry,460,460,0,0
mfh-45deg,0,0.06521739130434778,84.76865242445444,formal_derived_curve_data_geometry,460,460,0,0
mfh-45deg,0,0.06539130434782606,84.79288807600615,formal_derived_curve_data_geometry,460,460,0,0
mfh-45deg,0,0.0655652173913043,84.81977468884986,formal_derived_curve_data_geometry,460,460,0,0
mfh-45deg,0,0.06573913043478258,84.8063875896738,formal_derived_curve_data_geometry,460,460,0,0
mfh-45deg,0,0.06591304347826082,84.77957591982448,formal_derived_curve_data_geometry,460,460,0,0
mfh-45deg,0,0.0660869565217391,84.7393396793019,formal_derived_curve_data_geometry,460,460,0,0
mfh-45deg,0,0.06626086956521735,84.69910343877935,formal_derived_curve_data_geometry,460,460,0,0
mfh-45deg,0,0.06643478260869562,84.69914091027653,formal_derived_curve_data_geometry,460,460,0,0
mfh-45deg,0,0.06660869565217387,84.69917838177372,formal_derived_curve_data_geometry,460,460,0,0
mfh-45deg,0,0.06678260869565214,84.71264042394418,formal_derived_curve_data_geometry,460,460,0,0
mfh-45deg,0,0.06695652173913039,84.72610246611463,formal_derived_curve_data_geometry,460,460,0,0
mfh-45deg,0,0.06713043478260866,84.73956450828507,formal_derived_curve_data_geometry,460,460,0,0
mfh-45deg,0,0.06730434782608691,84.65905455574274,formal_derived_curve_data_geometry,460,460,0,0
mfh-45deg,0,0.06747826086956518,84.578536504304,formal_derived_curve_data_geometry,460,460,0,0
mfh-45deg,0,0.06765217391304343,84.49802655176165,formal_derived_curve_data_geometry,460,460,0,0
mfh-45deg,0,0.0678260869565217,84.41751659921933,formal_derived_curve_data_geometry,460,460,0,0
mfh-45deg,0,0.06799999999999995,84.337006646677,formal_derived_curve_data_geometry,460,460,0,0
mfh-45deg,0,0.06817391304347822,84.25649669413465,formal_derived_curve_data_geometry,460,460,0,0
mfh-45deg,0,0.06834782608695647,84.17598674159231,formal_derived_curve_data_geometry,460,460,0,0
mfh-45deg,0,0.06852173913043474,84.09275561233883,formal_derived_curve_data_geometry,460,460,0,0
mfh-45deg,0,0.06869565217391299,84.00681477107256,formal_derived_curve_data_geometry,460,460,0,0
mfh-45deg,0,0.06886956521739127,83.91817531739463,formal_derived_curve_data_geometry,460,460,0,0
mfh-45deg,0,0.06904347826086951,83.82684798580894,formal_derived_curve_data_geometry,460,460,0,0
mfh-45deg,0,0.06921739130434779,83.73284314572207,formal_derived_curve_data_geometry,460,460,0,0
mfh-45deg,0,0.06939130434782603,83.68870050657873,formal_derived_curve_data_geometry,460,460,0,0
mfh-45deg,0,0.06956521739130431,83.66755161472555,formal_derived_curve_data_geometry,460,460,0,0
mfh-45deg,0,0.06973913043478255,83.66937706052708,formal_derived_curve_data_geometry,460,460,0,0
mfh-45deg,0,0.06991304347826083,83.68073276634608,formal_derived_curve_data_geometry,460,460,0,0
mfh-45deg,0,0.07008695652173907,83.7284482692365,formal_derived_curve_data_geometry,460,460,0,0
mfh-45deg,0,0.07026086956521735,83.7857073184412,formal_derived_curve_data_geometry,460,460,0,0
mfh-45deg,0,0.07043478260869562,83.85254918118234,formal_derived_curve_data_geometry,460,460,0,0
mfh-45deg,0,0.07060869565217387,83.91941558396333,formal_derived_curve_data_geometry,460,460,0,0
mfh-45deg,0,0.07078260869565214,83.98037053745749,formal_derived_curve_data_geometry,460,460,0,0
mfh-45deg,0,0.07095652173913039,84.03540366167154,formal_derived_curve_data_geometry,460,460,0,0
mfh-45deg,0,0.07113043478260866,84.08450447928357,formal_derived_curve_data_geometry,460,460,0,0
mfh-45deg,0,0.07130434782608691,84.12766241564319,formal_derived_curve_data_geometry,460,460,0,0
mfh-45deg,0,0.07147826086956519,84.1648667987714,formal_derived_curve_data_geometry,460,460,0,0
mfh-45deg,0,0.07165217391304343,84.19610685936064,formal_derived_curve_data_geometry,460,460,0,0
mfh-45deg,0,0.0718260869565217,84.22137173077478,formal_derived_curve_data_geometry,460,460,0,0
mfh-45deg,0,0.07199999999999995,84.24065044904914,formal_derived_curve_data_geometry,460,460,0,0
mfh-45deg,0,0.07217391304347823,84.25393445728145,formal_derived_curve_data_geometry,460,460,0,0
mfh-45deg,0,0.07234782608695647,84.26721846551378,formal_derived_curve_data_geometry,460,460,0,0
mfh-45deg,0,0.07252173913043475,84.28050247374608,formal_derived_curve_data_geometry,460,460,0,0
mfh-45deg,0,0.072695652173913,84.30530567014766,formal_derived_curve_data_geometry,460,460,0,0
mfh-45deg,0,0.07286956521739127,84.34162330845426,formal_derived_curve_data_geometry,460,460,0,0
mfh-45deg,0,0.07304347826086952,84.37982880459688,formal_derived_curve_data_geometry,460,460,0,0
mfh-45deg,0,0.07321739130434779,84.4199298256178,formal_derived_curve_data_geometry,460,460,0,0
mfh-45deg,0,0.07339130434782604,84.46193403855919,formal_derived_curve_data_geometry,460,460,0,0
mfh-45deg,0,0.07356521739130431,84.5058491104633,formal_derived_curve_data_geometry,460,460,0,0
mfh-45deg,0,0.07373913043478256,84.55168270837238,formal_derived_curve_data_geometry,460,460,0,0
mfh-45deg,0,0.07391304347826083,84.58963205066249,formal_derived_curve_data_geometry,460,460,0,0
mfh-45deg,0,0.07408695652173908,84.61970480437586,formal_derived_curve_data_geometry,460,460,0,0
mfh-45deg,0,0.07426086956521735,84.65145672471513,formal_derived_curve_data_geometry,460,460,0,0
mfh-45deg,0,0.0744347826086956,84.6908211853845,formal_derived_curve_data_geometry,460,460,0,0
mfh-45deg,0,0.07460869565217387,84.73780585342617,formal_derived_curve_data_geometry,460,460,0,0
mfh-45deg,0,0.07478260869565212,84.79241839588241,formal_derived_curve_data_geometry,460,460,0,0
mfh-45deg,0,0.0749565217391304,84.85466647979544,formal_derived_curve_data_geometry,460,460,0,0
mfh-45deg,0,0.07513043478260864,84.9245577722075,formal_derived_curve_data_geometry,460,460,0,0
mfh-45deg,0,0.07530434782608691,85.00042405941015,formal_derived_curve_data_geometry,460,460,0,0
mfh-45deg,0,0.07547826086956516,85.0017248542116,formal_derived_curve_data_geometry,460,460,0,0
mfh-45deg,0,0.07565217391304344,85.00901415240186,formal_derived_curve_data_geometry,460,460,0,0
mfh-45deg,0,0.07582608695652168,85.02229816063416,formal_derived_curve_data_geometry,460,460,0,0
mfh-45deg,0,0.07599999999999996,85.03558216886648,formal_derived_curve_data_geometry,460,460,0,0
mfh-45deg,0,0.0761739130434782,85.04886617709879,formal_derived_curve_data_geometry,460,460,0,0
mfh-45deg,0,0.07634782608695648,85.05063099716186,formal_derived_curve_data_geometry,460,460,0,0
mfh-45deg,0,0.07652173913043472,85.04088137531988,formal_derived_curve_data_geometry,460,460,0,0
mfh-45deg,0,0.076695652173913,85.01962169273988,formal_derived_curve_data_geometry,460,460,0,0
mfh-45deg,0,0.07686956521739124,84.98685596549159,formal_derived_curve_data_geometry,460,460,0,0
mfh-45deg,0,0.07704347826086952,84.94258784454749,formal_derived_curve_data_geometry,460,460,0,0
mfh-45deg,0,0.07721739130434777,84.88682061578284,formal_derived_curve_data_geometry,460,460,0,0
mfh-45deg,0,0.07739130434782604,84.81955719997562,formal_derived_curve_data_geometry,460,460,0,0
mfh-45deg,0,0.07756521739130431,84.75061060147276,formal_derived_curve_data_geometry,460,460,0,0
mfh-45deg,0,0.07773913043478256,84.67998301085775,formal_derived_curve_data_geometry,460,460,0,0
mfh-45deg,0,0.07791304347826083,84.60767625361683,formal_derived_curve_data_geometry,460,460,0,0
mfh-45deg,0,0.07808695652173908,84.53369179013902,formal_derived_curve_data_geometry,460,460,0,0
mfh-45deg,0,0.07826086956521736,84.45803071571602,formal_derived_curve_data_geometry,460,460,0,0
mfh-45deg,0,0.0784347826086956,84.38116832738328,formal_derived_curve_data_geometry,460,460,0,0
mfh-45deg,0,0.07860869565217388,84.30311229218299,formal_derived_curve_data_geometry,460,460,0,0
mfh-45deg,0,0.07878260869565212,84.22387027715739,formal_derived_curve_data_geometry,460,460,0,0
mfh-45deg,0,0.0789565217391304,84.14512583009939,formal_derived_curve_data_geometry,460,460,0,0
mfh-45deg,0,0.07913043478260864,84.14743477228524,formal_derived_curve_data_geometry,460,460,0,0
mfh-45deg,0,0.07930434782608692,84.15025844200939,formal_derived_curve_data_geometry,460,460,0,0
mfh-45deg,0,0.07947826086956516,84.15360596670307,formal_derived_curve_data_geometry,460,460,0,0
mfh-45deg,0,0.07965217391304344,84.15748683889477,formal_derived_curve_data_geometry,460,460,0,0
mfh-45deg,0,0.07982608695652169,84.1619109162102,formal_derived_curve_data_geometry,460,460,0,0
mfh-45deg,0,0.07999999999999996,84.16688842137235,formal_derived_curve_data_geometry,460,460,0,0
test-90deg,0,0.0015652173913043438,4.077993133194212,formal_curve_data_geometry,14,14,0,0
test-90deg,0,0.01843478260869564,43.828146896702066,formal_curve_data_geometry,14,14,0,0
test-90deg,0,0.022260869565217375,49.74838256360749,formal_curve_data_geometry,14,14,0,0
test-90deg,0,0.02469565217391303,53.977122325682785,formal_curve_data_geometry,14,14,0,0
test-90deg,0,0.0372173913043478,66.66334161190869,formal_curve_data_geometry,14,14,0,0
test-90deg,0,0.03930434782608693,68.07292153260046,formal_curve_data_geometry,14,14,0,0
test-90deg,0,0.04556521739130432,72.30166129467577,formal_curve_data_geometry,14,14,0,0
test-90deg,0,0.057217391304347796,77.37614900916613,formal_curve_data_geometry,14,14,0,0
test-90deg,0,0.06252173913043474,78.50381294571955,formal_curve_data_geometry,14,14,0,0
test-90deg,0,0.06573913043478258,79.06764491399625,formal_curve_data_geometry,14,14,0,0
test-90deg,0,0.07130434782608691,79.3495608981346,formal_curve_data_geometry,14,14,0,0
test-90deg,0,0.07460869565217387,74.55698916778259,formal_curve_data_geometry,14,14,0,0
test-90deg,0,0.07808695652173908,73.57028322329836,formal_curve_data_geometry,14,14,0,0
test-90deg,0,0.08260869565217385,73.14740924709082,formal_curve_data_geometry,14,14,0,0
mfh-90deg,0,0.00017391304347825695,0.7771053696859269,formal_derived_curve_data_geometry,460,460,0,0
mfh-90deg,0,0.00034782608695651737,1.189221914767188,formal_derived_curve_data_geometry,460,460,0,0
mfh-90deg,0,0.0005217391304347778,1.5931394895571884,formal_derived_curve_data_geometry,460,460,0,0
mfh-90deg,0,0.0006956521739130382,1.989370817985531,formal_derived_curve_data_geometry,460,460,0,0
mfh-90deg,0,0.0008695652173912986,2.378393665531803,formal_derived_curve_data_geometry,460,460,0,0
mfh-90deg,0,0.0010434782608695625,2.7606508392262015,formal_derived_curve_data_geometry,460,460,0,0
mfh-90deg,0,0.001217391304347823,3.1499747583222586,formal_derived_curve_data_geometry,460,460,0,0
mfh-90deg,0,0.0013913043478260834,3.546738312950424,formal_derived_curve_data_geometry,460,460,0,0
mfh-90deg,0,0.0015652173913043438,3.964671916847749,formal_derived_curve_data_geometry,460,460,0,0
mfh-90deg,0,0.0017391304347826042,4.404069179575032,formal_derived_curve_data_geometry,460,460,0,0
mfh-90deg,0,0.0019130434782608646,4.851846401915708,formal_derived_curve_data_geometry,460,460,0,0
mfh-90deg,0,0.002086956521739125,5.2949671465493395,formal_derived_curve_data_geometry,460,460,0,0
mfh-90deg,0,0.0022608695652173855,5.765360811305527,formal_derived_curve_data_geometry,460,460,0,0
mfh-90deg,0,0.002434782608695646,6.236497772550564,formal_derived_curve_data_geometry,460,460,0,0
mfh-90deg,0,0.0026086956521739063,6.708779768342822,formal_derived_curve_data_geometry,460,460,0,0
mfh-90deg,0,0.00278260869565217,7.115567903720205,formal_derived_curve_data_geometry,460,460,0,0
mfh-90deg,0,0.0029565217391304306,7.578249493491967,formal_derived_curve_data_geometry,460,460,0,0
mfh-90deg,0,0.003130434782608691,8.016925512714295,formal_derived_curve_data_geometry,460,460,0,0
mfh-90deg,0,0.0033043478260869515,8.44642501246065,formal_derived_curve_data_geometry,460,460,0,0
mfh-90deg,0,0.003478260869565212,8.867083608636477,formal_derived_curve_data_geometry,460,460,0,0
mfh-90deg,0,0.0036521739130434723,9.304918875460373,formal_derived_curve_data_geometry,460,460,0,0
mfh-90deg,0,0.0038260869565217327,9.75897958236996,formal_derived_curve_data_geometry,460,460,0,0
mfh-90deg,0,0.003999999999999993,10.20133043253216,formal_derived_curve_data_geometry,460,460,0,0
mfh-90deg,0,0.0041739130434782536,10.657793739918162,formal_derived_curve_data_geometry,460,460,0,0
mfh-90deg,0,0.004347826086956514,11.127402005263832,formal_derived_curve_data_geometry,460,460,0,0
mfh-90deg,0,0.004521739130434778,11.62267162808962,formal_derived_curve_data_geometry,460,460,0,0
mfh-90deg,0,0.004695652173913038,12.115904624007356,formal_derived_curve_data_geometry,460,460,0,0
mfh-90deg,0,0.004869565217391299,12.606311478086695,formal_derived_curve_data_geometry,460,460,0,0
mfh-90deg,0,0.005043478260869559,13.093162003508496,formal_derived_curve_data_geometry,460,460,0,0
mfh-90deg,0,0.0052173913043478196,13.548968288835482,formal_derived_curve_data_geometry,460,460,0,0
mfh-90deg,0,0.00539130434782608,13.986552737814492,formal_derived_curve_data_geometry,460,460,0,0
mfh-90deg,0,0.00556521739130434,14.42295442134369,formal_derived_curve_data_geometry,460,460,0,0
mfh-90deg,0,0.005739130434782601,14.862085438696568,formal_derived_curve_data_geometry,460,460,0,0
mfh-90deg,0,0.005913043478260861,15.290331112494783,formal_derived_curve_data_geometry,460,460,0,0
mfh-90deg,0,0.006086956521739122,15.734327585145195,formal_derived_curve_data_geometry,460,460,0,0
mfh-90deg,0,0.0062608695652173856,16.166989824127256,formal_derived_curve_data_geometry,460,460,0,0
mfh-90deg,0,0.006434782608695646,16.708880182091576,formal_derived_curve_data_geometry,460,460,0,0
mfh-90deg,0,0.006608695652173906,17.22547127666249,formal_derived_curve_data_geometry,460,460,0,0
mfh-90deg,0,0.006782608695652167,17.74330768130889,formal_derived_curve_data_geometry,460,460,0,0
mfh-90deg,0,0.006956521739130427,18.26206193591858,formal_derived_curve_data_geometry,460,460,0,0
mfh-90deg,0,0.007130434782608688,18.808232829491402,formal_derived_curve_data_geometry,460,460,0,0
mfh-90deg,0,0.007304347826086948,19.34117340542636,formal_derived_curve_data_geometry,460,460,0,0
mfh-90deg,0,0.0074782608695652085,19.86068941068811,formal_derived_curve_data_geometry,460,460,0,0
mfh-90deg,0,0.007652173913043469,20.38020541594983,formal_derived_curve_data_geometry,460,460,0,0
mfh-90deg,0,0.00782608695652173,20.886296850538315,formal_derived_curve_data_geometry,460,460,0,0
mfh-90deg,0,0.007999999999999993,21.378963714453533,formal_derived_curve_data_geometry,460,460,0,0
mfh-90deg,0,0.008173913043478254,21.84478143702225,formal_derived_curve_data_geometry,460,460,0,0
mfh-90deg,0,0.008347826086956514,22.3240237302642,formal_derived_curve_data_geometry,460,460,0,0
mfh-90deg,0,0.008521739130434774,22.789756171013863,formal_derived_curve_data_geometry,460,460,0,0
mfh-90deg,0,0.008695652173913035,23.25520977471308,formal_derived_curve_data_geometry,460,460,0,0
mfh-90deg,0,0.008869565217391295,23.733581069413958,formal_derived_curve_data_geometry,460,460,0,0
mfh-90deg,0,0.009043478260869556,24.211182954432275,formal_derived_curve_data_geometry,460,460,0,0
mfh-90deg,0,0.009217391304347816,24.660869271020573,formal_derived_curve_data_geometry,460,460,0,0
mfh-90deg,0,0.009391304347826077,25.122582226407985,formal_derived_curve_data_geometry,460,460,0,0
mfh-90deg,0,0.009565217391304337,25.569106687067517,formal_derived_curve_data_geometry,460,460,0,0
mfh-90deg,0,0.009739130434782597,26.000042173428767,formal_derived_curve_data_geometry,460,460,0,0
mfh-90deg,0,0.009913043478260858,26.46865200122464,formal_derived_curve_data_geometry,460,460,0,0
mfh-90deg,0,0.010086956521739118,26.88049472139228,formal_derived_curve_data_geometry,460,460,0,0
mfh-90deg,0,0.010260869565217379,27.263706451738713,formal_derived_curve_data_geometry,460,460,0,0
mfh-90deg,0,0.010434782608695639,27.64687164613879,formal_derived_curve_data_geometry,460,460,0,0
mfh-90deg,0,0.010608695652173906,28.030141623259496,formal_derived_curve_data_geometry,460,460,0,0
mfh-90deg,0,0.010782608695652167,28.400208643704673,formal_derived_curve_data_geometry,460,460,0,0
mfh-90deg,0,0.010956521739130427,28.78400419270818,formal_derived_curve_data_geometry,460,460,0,0
mfh-90deg,0,0.011130434782608688,29.168151556094287,formal_derived_curve_data_geometry,460,460,0,0
mfh-90deg,0,0.011304347826086948,29.55266410297054,formal_derived_curve_data_geometry,460,460,0,0
mfh-90deg,0,0.011478260869565209,29.950945285728068,formal_derived_curve_data_geometry,460,460,0,0
mfh-90deg,0,0.011652173913043469,30.34951492802155,formal_derived_curve_data_geometry,460,460,0,0
mfh-90deg,0,0.01182608695652173,30.748282936789238,formal_derived_curve_data_geometry,460,460,0,0
mfh-90deg,0,0.01199999999999999,31.14712473157934,formal_derived_curve_data_geometry,460,460,0,0
mfh-90deg,0,0.01217391304347825,31.54596652636944,formal_derived_curve_data_geometry,460,460,0,0
mfh-90deg,0,0.01234782608695651,31.931383750486305,formal_derived_curve_data_geometry,460,460,0,0
mfh-90deg,0,0.012521739130434771,32.30337640392989,formal_derived_curve_data_geometry,460,460,0,0
mfh-90deg,0,0.012695652173913032,32.661944486700236,formal_derived_curve_data_geometry,460,460,0,0
mfh-90deg,0,0.012869565217391292,33.047361710817086,formal_derived_curve_data_geometry,460,460,0,0
mfh-90deg,0,0.013043478260869552,33.43277893493392,formal_derived_curve_data_geometry,460,460,0,0
mfh-90deg,0,0.013217391304347813,33.81819615905077,formal_derived_curve_data_geometry,460,460,0,0
mfh-90deg,0,0.013391304347826073,34.20352245151389,formal_derived_curve_data_geometry,460,460,0,0
mfh-90deg,0,0.013565217391304334,34.56175329459265,formal_derived_curve_data_geometry,460,460,0,0
mfh-90deg,0,0.013739130434782594,34.919622183634544,formal_derived_curve_data_geometry,460,460,0,0
mfh-90deg,0,0.013913043478260861,35.29047777369898,formal_derived_curve_data_geometry,460,460,0,0
mfh-90deg,0,0.014086956521739122,35.660859308883886,formal_derived_curve_data_geometry,460,460,0,0
mfh-90deg,0,0.014260869565217382,36.03077033434562,formal_derived_curve_data_geometry,460,460,0,0
mfh-90deg,0,0.014434782608695643,36.40025412562551,formal_derived_curve_data_geometry,460,460,0,0
mfh-90deg,0,0.014608695652173903,36.75596911797689,formal_derived_curve_data_geometry,460,460,0,0
mfh-90deg,0,0.014782608695652164,37.11146261838459,formal_derived_curve_data_geometry,460,460,0,0
mfh-90deg,0,0.014956521739130424,37.46689709354534,formal_derived_curve_data_geometry,460,460,0,0
mfh-90deg,0,0.015130434782608684,37.81095973459645,formal_derived_curve_data_geometry,460,460,0,0
mfh-90deg,0,0.015304347826086945,38.172094949688585,formal_derived_curve_data_geometry,460,460,0,0
mfh-90deg,0,0.015478260869565205,38.53632548791337,formal_derived_curve_data_geometry,460,460,0,0
mfh-90deg,0,0.015652173913043466,38.90313839942088,formal_derived_curve_data_geometry,460,460,0,0
mfh-90deg,0,0.015826086956521726,39.272060464746176,formal_derived_curve_data_geometry,460,460,0,0
mfh-90deg,0,0.015999999999999986,39.642658194809385,formal_derived_curve_data_geometry,460,460,0,0
mfh-90deg,0,0.016173913043478247,40.001113260242604,formal_derived_curve_data_geometry,460,460,0,0
mfh-90deg,0,0.016347826086956507,40.36049620340947,formal_derived_curve_data_geometry,460,460,0,0
mfh-90deg,0,0.016521739130434768,40.707068155712236,formal_derived_curve_data_geometry,460,460,0,0
mfh-90deg,0,0.016695652173913028,41.05397912028475,formal_derived_curve_data_geometry,460,460,0,0
mfh-90deg,0,0.01686956521739129,41.38756968929944,formal_derived_curve_data_geometry,460,460,0,0
mfh-90deg,0,0.01704347826086955,41.69431111696767,formal_derived_curve_data_geometry,460,460,0,0
mfh-90deg,0,0.01721739130434781,42.00946560985079,formal_derived_curve_data_geometry,460,460,0,0
mfh-90deg,0,0.017391304347826077,42.33260107893388,formal_derived_curve_data_geometry,460,460,0,0
mfh-90deg,0,0.017565217391304337,42.649831251871944,formal_derived_curve_data_geometry,460,460,0,0
mfh-90deg,0,0.017739130434782598,42.97408938500982,formal_derived_curve_data_geometry,460,460,0,0
mfh-90deg,0,0.017913043478260858,43.30485455136214,formal_derived_curve_data_geometry,460,460,0,0
mfh-90deg,0,0.01808695652173912,43.62815164061371,formal_derived_curve_data_geometry,460,460,0,0
mfh-90deg,0,0.01826086956521738,43.95682507113894,formal_derived_curve_data_geometry,460,460,0,0
mfh-90deg,0,0.01843478260869564,44.290265077982255,formal_derived_curve_data_geometry,460,460,0,0
mfh-90deg,0,0.0186086956521739,44.623371823898324,formal_derived_curve_data_geometry,460,460,0,0
mfh-90deg,0,0.01878260869565216,44.95547631861804,formal_derived_curve_data_geometry,460,460,0,0
mfh-90deg,0,0.01895652173913042,45.27288394954387,formal_derived_curve_data_geometry,460,460,0,0
mfh-90deg,0,0.01913043478260868,45.588558033864345,formal_derived_curve_data_geometry,460,460,0,0
mfh-90deg,0,0.01930434782608694,45.8885690758372,formal_derived_curve_data_geometry,460,460,0,0
mfh-90deg,0,0.019478260869565202,46.185793049482584,formal_derived_curve_data_geometry,460,460,0,0
mfh-90deg,0,0.019652173913043462,46.47963768656315,formal_derived_curve_data_geometry,460,460,0,0
mfh-90deg,0,0.019826086956521723,46.782891617930645,formal_derived_curve_data_geometry,460,460,0,0
mfh-90deg,0,0.019999999999999983,47.08145066150607,formal_derived_curve_data_geometry,460,460,0,0
mfh-90deg,0,0.020173913043478243,47.377753339898646,formal_derived_curve_data_geometry,460,460,0,0
mfh-90deg,0,0.020347826086956504,47.64795676496537,formal_derived_curve_data_geometry,460,460,0,0
mfh-90deg,0,0.020521739130434764,47.93244112583568,formal_derived_curve_data_geometry,460,460,0,0
mfh-90deg,0,0.020695652173913025,48.244693798708255,formal_derived_curve_data_geometry,460,460,0,0
mfh-90deg,0,0.020869565217391292,48.54947171096289,formal_derived_curve_data_geometry,460,460,0,0
mfh-90deg,0,0.021043478260869553,48.84718241397168,formal_derived_curve_data_geometry,460,460,0,0
mfh-90deg,0,0.021217391304347813,49.138219400179096,formal_derived_curve_data_geometry,460,460,0,0
mfh-90deg,0,0.021391304347826073,49.42296210310246,formal_derived_curve_data_geometry,460,460,0,0
mfh-90deg,0,0.021565217391304334,49.68835132665828,formal_derived_curve_data_geometry,460,460,0,0
mfh-90deg,0,0.021739130434782594,49.94816295718208,formal_derived_curve_data_geometry,460,460,0,0
mfh-90deg,0,0.021913043478260855,50.202734251408884,formal_derived_curve_data_geometry,460,460,0,0
mfh-90deg,0,0.022086956521739115,50.452388407146216,formal_derived_curve_data_geometry,460,460,0,0
mfh-90deg,0,0.022260869565217375,50.70189502290718,formal_derived_curve_data_geometry,460,460,0,0
mfh-90deg,0,0.022434782608695636,50.95154917864451,formal_derived_curve_data_geometry,460,460,0,0
mfh-90deg,0,0.022608695652173896,51.18777876370858,formal_derived_curve_data_geometry,460,460,0,0
mfh-90deg,0,0.022782608695652157,51.424008348772645,formal_derived_curve_data_geometry,460,460,0,0
mfh-90deg,0,0.022956521739130417,51.660237933836726,formal_derived_curve_data_geometry,460,460,0,0
mfh-90deg,0,0.023130434782608678,51.89646751890079,formal_derived_curve_data_geometry,460,460,0,0
mfh-90deg,0,0.023304347826086938,52.11927253329162,formal_derived_curve_data_geometry,460,460,0,0
mfh-90deg,0,0.0234782608695652,52.342099641755084,formal_derived_curve_data_geometry,460,460,0,0
mfh-90deg,0,0.02365217391304346,52.5515842196063,formal_derived_curve_data_geometry,460,460,0,0
mfh-90deg,0,0.02382608695652172,52.74948682655723,formal_derived_curve_data_geometry,460,460,0,0
mfh-90deg,0,0.02399999999999998,52.949358721150915,formal_derived_curve_data_geometry,460,460,0,0
mfh-90deg,0,0.024173913043478247,53.1379160795112,formal_derived_curve_data_geometry,460,460,0,0
mfh-90deg,0,0.024347826086956507,53.31531370736265,formal_derived_curve_data_geometry,460,460,0,0
mfh-90deg,0,0.024521739130434768,53.481720469357214,formal_derived_curve_data_geometry,460,460,0,0
mfh-90deg,0,0.02469565217391303,53.637319289074284,formal_derived_curve_data_geometry,460,460,0,0
mfh-90deg,0,0.02486956521739129,53.78230714902071,formal_derived_curve_data_geometry,460,460,0,0
mfh-90deg,0,0.02504347826086955,53.91689509063063,formal_derived_curve_data_geometry,460,460,0,0
mfh-90deg,0,0.02521739130434781,54.07286969825128,formal_derived_curve_data_geometry,460,460,0,0
mfh-90deg,0,0.02539130434782607,54.23625067027025,formal_derived_curve_data_geometry,460,460,0,0
mfh-90deg,0,0.02556521739130433,54.40017787686671,formal_derived_curve_data_geometry,460,460,0,0
mfh-90deg,0,0.02573913043478259,54.56449853314909,formal_derived_curve_data_geometry,460,460,0,0
mfh-90deg,0,0.02591304347826085,54.78278177368317,formal_derived_curve_data_geometry,460,460,0,0
mfh-90deg,0,0.02608695652173911,55.00122380441327,formal_derived_curve_data_geometry,460,460,0,0
mfh-90deg,0,0.026260869565217372,55.21974275074102,formal_derived_curve_data_geometry,460,460,0,0
mfh-90deg,0,0.026434782608695633,55.42485580415939,formal_derived_curve_data_geometry,460,460,0,0
mfh-90deg,0,0.026608695652173893,55.62995293427208,formal_derived_curve_data_geometry,460,460,0,0
mfh-90deg,0,0.026782608695652153,55.83502317677417,formal_derived_curve_data_geometry,460,460,0,0
mfh-90deg,0,0.026956521739130414,56.04007920412508,formal_derived_curve_data_geometry,460,460,0,0
mfh-90deg,0,0.027130434782608674,56.24513523147597,formal_derived_curve_data_geometry,460,460,0,0
mfh-90deg,0,0.027304347826086935,56.45019125882686,formal_derived_curve_data_geometry,460,460,0,0
mfh-90deg,0,0.027478260869565195,56.666994879891746,formal_derived_curve_data_geometry,460,460,0,0
mfh-90deg,0,0.027652173913043462,56.895526626317974,formal_derived_curve_data_geometry,460,460,0,0
mfh-90deg,0,0.027826086956521723,57.122352036916794,formal_derived_curve_data_geometry,460,460,0,0
mfh-90deg,0,0.027999999999999983,57.36089536968291,formal_derived_curve_data_geometry,460,460,0,0
mfh-90deg,0,0.028173913043478244,57.61116588977481,formal_derived_curve_data_geometry,460,460,0,0
mfh-90deg,0,0.028347826086956504,57.859757869514794,formal_derived_curve_data_geometry,460,460,0,0
mfh-90deg,0,0.028521739130434764,58.12013809736196,formal_derived_curve_data_geometry,460,460,0,0
mfh-90deg,0,0.028695652173913025,58.3789287932247,formal_derived_curve_data_geometry,460,460,0,0
mfh-90deg,0,0.028869565217391285,58.61755723369117,formal_derived_curve_data_geometry,460,460,0,0
mfh-90deg,0,0.029043478260869546,58.849457529706186,formal_derived_curve_data_geometry,460,460,0,0
mfh-90deg,0,0.029217391304347806,59.08123757237048,formal_derived_curve_data_geometry,460,460,0,0
mfh-90deg,0,0.029391304347826067,59.31279334162788,formal_derived_curve_data_geometry,460,460,0,0
mfh-90deg,0,0.029565217391304327,59.47686976106387,formal_derived_curve_data_geometry,460,460,0,0
mfh-90deg,0,0.029739130434782587,59.6404292580045,formal_derived_curve_data_geometry,460,460,0,0
mfh-90deg,0,0.029913043478260848,59.80328320341738,formal_derived_curve_data_geometry,460,460,0,0
mfh-90deg,0,0.03008695652173911,59.97863933595144,formal_derived_curve_data_geometry,460,460,0,0
mfh-90deg,0,0.03026086956521737,60.152538313896045,formal_derived_curve_data_geometry,460,460,0,0
mfh-90deg,0,0.03043478260869563,60.31138743443725,formal_derived_curve_data_geometry,460,460,0,0
mfh-90deg,0,0.03060869565217389,60.4823266607542,formal_derived_curve_data_geometry,460,460,0,0
mfh-90deg,0,0.03078260869565215,60.63876947034086,formal_derived_curve_data_geometry,460,460,0,0
mfh-90deg,0,0.03095652173913041,60.807799420392314,formal_derived_curve_data_geometry,460,460,0,0
mfh-90deg,0,0.031130434782608678,60.96277358241845,formal_derived_curve_data_geometry,460,460,0,0
mfh-90deg,0,0.03130434782608694,61.02332254224406,formal_derived_curve_data_geometry,460,460,0,0
mfh-90deg,0,0.0314782608695652,61.08356810145432,formal_derived_curve_data_geometry,460,460,0,0
mfh-90deg,0,0.03165217391304346,61.10335815190972,formal_derived_curve_data_geometry,460,460,0,0
mfh-90deg,0,0.03182608695652172,61.17675808921123,formal_derived_curve_data_geometry,460,460,0,0
mfh-90deg,0,0.03199999999999998,61.26355939923528,formal_derived_curve_data_geometry,460,460,0,0
mfh-90deg,0,0.03217391304347824,61.350360709259306,formal_derived_curve_data_geometry,460,460,0,0
mfh-90deg,0,0.0323478260869565,61.43716201928338,formal_derived_curve_data_geometry,460,460,0,0
mfh-90deg,0,0.03252173913043476,61.47026504661437,formal_derived_curve_data_geometry,460,460,0,0
mfh-90deg,0,0.03269565217391302,61.50336807394541,formal_derived_curve_data_geometry,460,460,0,0
mfh-90deg,0,0.03286956521739128,61.52304653060317,formal_derived_curve_data_geometry,460,460,0,0
mfh-90deg,0,0.03304347826086954,61.52930041658769,formal_derived_curve_data_geometry,460,460,0,0
mfh-90deg,0,0.0332173913043478,61.53555430257221,formal_derived_curve_data_geometry,460,460,0,0
mfh-90deg,0,0.03339130434782606,61.541808188556715,formal_derived_curve_data_geometry,460,460,0,0
mfh-90deg,0,0.033565217391304324,61.561325892593885,formal_derived_curve_data_geometry,460,460,0,0
mfh-90deg,0,0.033739130434782584,61.56698209405232,formal_derived_curve_data_geometry,460,460,0,0
mfh-90deg,0,0.033913043478260844,61.70623887998758,formal_derived_curve_data_geometry,460,460,0,0
mfh-90deg,0,0.034086956521739105,61.84471034225136,formal_derived_curve_data_geometry,460,460,0,0
mfh-90deg,0,0.034260869565217365,61.96889969768915,formal_derived_curve_data_geometry,460,460,0,0
mfh-90deg,0,0.03443478260869563,62.1190764347741,formal_derived_curve_data_geometry,460,460,0,0
mfh-90deg,0,0.03460869565217389,62.241606036201134,formal_derived_curve_data_geometry,460,460,0,0
mfh-90deg,0,0.034782608695652154,62.39031853898565,formal_derived_curve_data_geometry,460,460,0,0
mfh-90deg,0,0.034956521739130414,62.60568739840441,formal_derived_curve_data_geometry,460,460,0,0
mfh-90deg,0,0.035130434782608674,62.83428206395604,formal_derived_curve_data_geometry,460,460,0,0
mfh-90deg,0,0.035304347826086935,63.10666320314577,formal_derived_curve_data_geometry,460,460,0,0
mfh-90deg,0,0.035478260869565195,63.31826192059732,formal_derived_curve_data_geometry,460,460,0,0
mfh-90deg,0,0.035652173913043456,63.535245001046576,formal_derived_curve_data_geometry,460,460,0,0
mfh-90deg,0,0.035826086956521716,63.756724364797776,formal_derived_curve_data_geometry,460,460,0,0
mfh-90deg,0,0.035999999999999976,63.98187992108967,formal_derived_curve_data_geometry,460,460,0,0
mfh-90deg,0,0.03617391304347824,64.27708242146184,formal_derived_curve_data_geometry,460,460,0,0
mfh-90deg,0,0.0363478260869565,64.56110032898263,formal_derived_curve_data_geometry,460,460,0,0
mfh-90deg,0,0.03652173913043476,64.86016666104096,formal_derived_curve_data_geometry,460,460,0,0
mfh-90deg,0,0.03669565217391302,65.1603087119405,formal_derived_curve_data_geometry,460,460,0,0
mfh-90deg,0,0.03686956521739128,65.47447090626606,formal_derived_curve_data_geometry,460,460,0,0
mfh-90deg,0,0.03704347826086954,65.77539194551713,formal_derived_curve_data_geometry,460,460,0,0
mfh-90deg,0,0.0372173913043478,66.07631298476817,formal_derived_curve_data_geometry,460,460,0,0
mfh-90deg,0,0.03739130434782606,66.39065859469251,formal_derived_curve_data_geometry,460,460,0,0
mfh-90deg,0,0.03756521739130432,66.55733392721102,formal_derived_curve_data_geometry,460,460,0,0
mfh-90deg,0,0.03773913043478258,66.73743383040282,formal_derived_curve_data_geometry,460,460,0,0
mfh-90deg,0,0.03791304347826085,66.91753373359458,formal_derived_curve_data_geometry,460,460,0,0
mfh-90deg,0,0.03808695652173911,67.0842090661131,formal_derived_curve_data_geometry,460,460,0,0
mfh-90deg,0,0.03826086956521737,67.26430896930488,formal_derived_curve_data_geometry,460,460,0,0
mfh-90deg,0,0.03843478260869563,67.41723504655417,formal_derived_curve_data_geometry,460,460,0,0
mfh-90deg,0,0.03860869565217389,67.59600085533285,formal_derived_curve_data_geometry,460,460,0,0
mfh-90deg,0,0.03878260869565215,67.75959492435632,formal_derived_curve_data_geometry,460,460,0,0
mfh-90deg,0,0.03895652173913041,67.907226460316,formal_derived_curve_data_geometry,460,460,0,0
mfh-90deg,0,0.03913043478260867,68.06490077720612,formal_derived_curve_data_geometry,460,460,0,0
mfh-90deg,0,0.03930434782608693,68.20487187228413,formal_derived_curve_data_geometry,460,460,0,0
mfh-90deg,0,0.03947826086956519,68.33273755601802,formal_derived_curve_data_geometry,460,460,0,0
mfh-90deg,0,0.03965217391304345,68.46081241419945,formal_derived_curve_data_geometry,460,460,0,0
mfh-90deg,0,0.03982608695652171,68.57451252749412,formal_derived_curve_data_geometry,460,460,0,0
mfh-90deg,0,0.03999999999999997,68.68605375413468,formal_derived_curve_data_geometry,460,460,0,0
mfh-90deg,0,0.040173913043478233,68.78757182374346,formal_derived_curve_data_geometry,460,460,0,0
mfh-90deg,0,0.040347826086956494,68.89874472012195,formal_derived_curve_data_geometry,460,460,0,0
mfh-90deg,0,0.040521739130434754,69.00590478373603,formal_derived_curve_data_geometry,460,460,0,0
mfh-90deg,0,0.040695652173913015,69.12218413261854,formal_derived_curve_data_geometry,460,460,0,0
mfh-90deg,0,0.040869565217391275,69.23381637967636,formal_derived_curve_data_geometry,460,460,0,0
mfh-90deg,0,0.041043478260869536,69.34041034471008,formal_derived_curve_data_geometry,460,460,0,0
mfh-90deg,0,0.041217391304347796,69.45495005441393,formal_derived_curve_data_geometry,460,460,0,0
mfh-90deg,0,0.041391304347826056,69.5635210303563,formal_derived_curve_data_geometry,460,460,0,0
mfh-90deg,0,0.04156521739130432,69.67900857167245,formal_derived_curve_data_geometry,460,460,0,0
mfh-90deg,0,0.04173913043478258,69.78739947237169,formal_derived_curve_data_geometry,460,460,0,0
mfh-90deg,0,0.04191304347826084,69.90148030403023,formal_derived_curve_data_geometry,460,460,0,0
mfh-90deg,0,0.0420869565217391,70.02088838836758,formal_derived_curve_data_geometry,460,460,0,0
mfh-90deg,0,0.04226086956521736,70.14029647270495,formal_derived_curve_data_geometry,460,460,0,0
mfh-90deg,0,0.04243478260869562,70.25970455704231,formal_derived_curve_data_geometry,460,460,0,0
mfh-90deg,0,0.04260869565217388,70.37911264137968,formal_derived_curve_data_geometry,460,460,0,0
mfh-90deg,0,0.04278260869565214,70.48509615504378,formal_derived_curve_data_geometry,460,460,0,0
mfh-90deg,0,0.0429565217391304,70.60450423938114,formal_derived_curve_data_geometry,460,460,0,0
mfh-90deg,0,0.043130434782608675,70.71736461781077,formal_derived_curve_data_geometry,460,460,0,0
mfh-90deg,0,0.043304347826086935,70.82378434573077,formal_derived_curve_data_geometry,460,460,0,0
mfh-90deg,0,0.043478260869565195,70.93729137894822,formal_derived_curve_data_geometry,460,460,0,0
mfh-90deg,0,0.043652173913043456,71.04456086165956,formal_derived_curve_data_geometry,460,460,0,0
mfh-90deg,0,0.043826086956521716,71.15911340914349,formal_derived_curve_data_geometry,460,460,0,0
mfh-90deg,0,0.04399999999999998,71.26761682506798,formal_derived_curve_data_geometry,460,460,0,0
mfh-90deg,0,0.04417391304347824,71.37015981351007,formal_derived_curve_data_geometry,460,460,0,0
mfh-90deg,0,0.0443478260869565,71.48025197895576,formal_derived_curve_data_geometry,460,460,0,0
mfh-90deg,0,0.04452173913043476,71.58455011428049,formal_derived_curve_data_geometry,460,460,0,0
mfh-90deg,0,0.04469565217391302,71.68313191276853,formal_derived_curve_data_geometry,460,460,0,0
mfh-90deg,0,0.04486956521739128,71.78949596811339,formal_derived_curve_data_geometry,460,460,0,0
mfh-90deg,0,0.04504347826086954,71.89028806239773,formal_derived_curve_data_geometry,460,460,0,0
mfh-90deg,0,0.0452173913043478,71.98557487811328,formal_derived_curve_data_geometry,460,460,0,0
mfh-90deg,0,0.04539130434782606,72.08884399816087,formal_derived_curve_data_geometry,460,460,0,0
mfh-90deg,0,0.04556521739130432,72.18673019383054,formal_derived_curve_data_geometry,460,460,0,0
mfh-90deg,0,0.04573913043478258,72.29271370749464,formal_derived_curve_data_geometry,460,460,0,0
mfh-90deg,0,0.04591304347826084,72.38527265048549,formal_derived_curve_data_geometry,460,460,0,0
mfh-90deg,0,0.0460869565217391,72.47783159347635,formal_derived_curve_data_geometry,460,460,0,0
mfh-90deg,0,0.04626086956521736,72.57039053646722,formal_derived_curve_data_geometry,460,460,0,0
mfh-90deg,0,0.04643478260869562,72.6763740501313,formal_derived_curve_data_geometry,460,460,0,0
mfh-90deg,0,0.04660869565217388,72.76893299312216,formal_derived_curve_data_geometry,460,460,0,0
mfh-90deg,0,0.04678260869565214,72.87491650678626,formal_derived_curve_data_geometry,460,460,0,0
mfh-90deg,0,0.046956521739130404,72.96747544977714,formal_derived_curve_data_geometry,460,460,0,0
mfh-90deg,0,0.047130434782608664,73.06003439276799,formal_derived_curve_data_geometry,460,460,0,0
mfh-90deg,0,0.047304347826086925,73.15259333575884,formal_derived_curve_data_geometry,460,460,0,0
mfh-90deg,0,0.047478260869565185,73.23172770807642,formal_derived_curve_data_geometry,460,460,0,0
mfh-90deg,0,0.047652173913043445,73.31086208039402,formal_derived_curve_data_geometry,460,460,0,0
mfh-90deg,0,0.047826086956521706,73.4034210233849,formal_derived_curve_data_geometry,460,460,0,0
mfh-90deg,0,0.047999999999999966,73.3818347218789,formal_derived_curve_data_geometry,460,460,0,0
mfh-90deg,0,0.04817391304347823,73.25960053409766,formal_derived_curve_data_geometry,460,460,0,0
mfh-90deg,0,0.04834782608695649,73.15081052156269,formal_derived_curve_data_geometry,460,460,0,0
mfh-90deg,0,0.04852173913043475,73.0454618222426,formal_derived_curve_data_geometry,460,460,0,0
mfh-90deg,0,0.04869565217391301,72.95706280515165,formal_derived_curve_data_geometry,460,460,0,0
mfh-90deg,0,0.04886956521739127,72.885700938895,formal_derived_curve_data_geometry,460,460,0,0
mfh-90deg,0,0.04904347826086953,72.81804279166889,formal_derived_curve_data_geometry,460,460,0,0
mfh-90deg,0,0.04921739130434779,72.76760774328012,formal_derived_curve_data_geometry,460,460,0,0
mfh-90deg,0,0.04939130434782605,72.72106970245326,formal_derived_curve_data_geometry,460,460,0,0
mfh-90deg,0,0.04956521739130431,72.69195538952364,formal_derived_curve_data_geometry,460,460,0,0
mfh-90deg,0,0.04973913043478257,72.68037062441755,formal_derived_curve_data_geometry,460,460,0,0
mfh-90deg,0,0.049913043478260845,72.68642489732541,formal_derived_curve_data_geometry,460,460,0,0
mfh-90deg,0,0.050086956521739105,72.6963951019959,formal_derived_curve_data_geometry,460,460,0,0
mfh-90deg,0,0.050260869565217366,72.72333676466954,formal_derived_curve_data_geometry,460,460,0,0
mfh-90deg,0,0.050434782608695626,72.75383454697767,formal_derived_curve_data_geometry,460,460,0,0
mfh-90deg,0,0.050608695652173886,72.81475049283567,formal_derived_curve_data_geometry,460,460,0,0
mfh-90deg,0,0.05078260869565215,72.87925203373013,formal_derived_curve_data_geometry,460,460,0,0
mfh-90deg,0,0.05095652173913041,72.96078398343158,formal_derived_curve_data_geometry,460,460,0,0
mfh-90deg,0,0.05113043478260867,73.04220130790866,formal_derived_curve_data_geometry,460,460,0,0
mfh-90deg,0,0.05130434782608693,73.1235202561038,formal_derived_curve_data_geometry,460,460,0,0
mfh-90deg,0,0.05147826086956519,73.19133780479473,formal_derived_curve_data_geometry,460,460,0,0
mfh-90deg,0,0.05165217391304345,73.35982604443777,formal_derived_curve_data_geometry,460,460,0,0
mfh-90deg,0,0.05182608695652171,73.64236890262582,formal_derived_curve_data_geometry,460,460,0,0
mfh-90deg,0,0.05199999999999997,73.91148719014062,formal_derived_curve_data_geometry,460,460,0,0
mfh-90deg,0,0.05217391304347823,74.17722651049847,formal_derived_curve_data_geometry,460,460,0,0
mfh-90deg,0,0.05234782608695649,74.42612653467862,formal_derived_curve_data_geometry,460,460,0,0
mfh-90deg,0,0.05252173913043475,74.65815313257787,formal_derived_curve_data_geometry,460,460,0,0
mfh-90deg,0,0.05269565217391301,74.87327380233722,formal_derived_curve_data_geometry,460,460,0,0
mfh-90deg,0,0.05286956521739127,75.08488224101531,formal_derived_curve_data_geometry,460,460,0,0
mfh-90deg,0,0.05304347826086953,75.27952463256851,formal_derived_curve_data_geometry,460,460,0,0
mfh-90deg,0,0.05321739130434779,75.45717335987072,formal_derived_curve_data_geometry,460,460,0,0
mfh-90deg,0,0.05339130434782605,75.61780243404019,formal_derived_curve_data_geometry,460,460,0,0
mfh-90deg,0,0.053565217391304314,75.77481206511256,formal_derived_curve_data_geometry,460,460,0,0
mfh-90deg,0,0.053739130434782574,75.9147549500214,formal_derived_curve_data_geometry,460,460,0,0
mfh-90deg,0,0.053913043478260834,76.03760998461779,formal_derived_curve_data_geometry,460,460,0,0
mfh-90deg,0,0.054086956521739095,76.14335769299703,formal_derived_curve_data_geometry,460,460,0,0
mfh-90deg,0,0.054260869565217355,76.23198022749877,formal_derived_curve_data_geometry,460,460,0,0
mfh-90deg,0,0.054434782608695616,76.3034613687069,formal_derived_curve_data_geometry,460,460,0,0
mfh-90deg,0,0.054608695652173876,76.37121109612288,formal_derived_curve_data_geometry,460,460,0,0
mfh-90deg,0,0.05478260869565214,76.43896082353884,formal_derived_curve_data_geometry,460,460,0,0
mfh-90deg,0,0.0549565217391304,76.50671055095482,formal_derived_curve_data_geometry,460,460,0,0
mfh-90deg,0,0.05513043478260866,76.5744602783708,formal_derived_curve_data_geometry,460,460,0,0
mfh-90deg,0,0.05530434782608692,76.64221000578677,formal_derived_curve_data_geometry,460,460,0,0
mfh-90deg,0,0.05547826086956518,76.70995973320277,formal_derived_curve_data_geometry,460,460,0,0
mfh-90deg,0,0.05565217391304344,76.77770946061872,formal_derived_curve_data_geometry,460,460,0,0
mfh-90deg,0,0.0558260869565217,76.83203461736144,formal_derived_curve_data_geometry,460,460,0,0
mfh-90deg,0,0.05599999999999996,76.88635977410416,formal_derived_curve_data_geometry,460,460,0,0
mfh-90deg,0,0.05617391304347822,76.94068493084687,formal_derived_curve_data_geometry,460,460,0,0
mfh-90deg,0,0.05634782608695648,76.99501008758959,formal_derived_curve_data_geometry,460,460,0,0
mfh-90deg,0,0.05652173913043474,77.0493352443323,formal_derived_curve_data_geometry,460,460,0,0
mfh-90deg,0,0.056695652173913015,77.10366040107503,formal_derived_curve_data_geometry,460,460,0,0
mfh-90deg,0,0.056869565217391276,77.15798555781774,formal_derived_curve_data_geometry,460,460,0,0
mfh-90deg,0,0.057043478260869536,77.21422472331506,formal_derived_curve_data_geometry,460,460,0,0
mfh-90deg,0,0.057217391304347796,77.25890930127132,formal_derived_curve_data_geometry,460,460,0,0
mfh-90deg,0,0.05739130434782606,77.30541820849297,formal_derived_curve_data_geometry,460,460,0,0
mfh-90deg,0,0.05756521739130432,77.35370416286902,formal_derived_curve_data_geometry,460,460,0,0
mfh-90deg,0,0.05773913043478258,77.40371825404415,formal_derived_curve_data_geometry,460,460,0,0
mfh-90deg,0,0.05791304347826084,77.45540994341879,formal_derived_curve_data_geometry,460,460,0,0
mfh-90deg,0,0.0580869565217391,77.5087270641491,formal_derived_curve_data_geometry,460,460,0,0
mfh-90deg,0,0.05826086956521736,77.5501912504736,formal_derived_curve_data_geometry,460,460,0,0
mfh-90deg,0,0.05843478260869562,77.59317164973314,formal_derived_curve_data_geometry,460,460,0,0
mfh-90deg,0,0.05860869565217388,77.63761121035093,formal_derived_curve_data_geometry,460,460,0,0
mfh-90deg,0,0.05878260869565214,77.68345125250603,formal_derived_curve_data_geometry,460,460,0,0
mfh-90deg,0,0.0589565217391304,77.73063146813308,formal_derived_curve_data_geometry,460,460,0,0
mfh-90deg,0,0.05913043478260866,77.76566535024932,formal_derived_curve_data_geometry,460,460,0,0
mfh-90deg,0,0.05930434782608692,77.80191390497403,formal_derived_curve_data_geometry,460,460,0,0
mfh-90deg,0,0.05947826086956518,77.83931193950912,formal_derived_curve_data_geometry,460,460,0,0
mfh-90deg,0,0.05965217391304344,77.87779263281213,formal_derived_curve_data_geometry,460,460,0,0
mfh-90deg,0,0.0598260869565217,77.92905890483239,formal_derived_curve_data_geometry,460,460,0,0
mfh-90deg,0,0.05999999999999996,77.97961234223877,formal_derived_curve_data_geometry,460,460,0,0
mfh-90deg,0,0.060173913043478224,78.01675572179435,formal_derived_curve_data_geometry,460,460,0,0
mfh-90deg,0,0.060347826086956484,78.05463730999524,formal_derived_curve_data_geometry,460,460,0,0
mfh-90deg,0,0.060521739130434744,78.09317820810355,formal_derived_curve_data_geometry,460,460,0,0
mfh-90deg,0,0.060695652173913005,78.13038578952013,formal_derived_curve_data_geometry,460,460,0,0
mfh-90deg,0,0.060869565217391265,78.16622574291624,formal_derived_curve_data_geometry,460,460,0,0
mfh-90deg,0,0.061043478260869526,78.2006656661007,formal_derived_curve_data_geometry,460,460,0,0
mfh-90deg,0,0.061217391304347786,78.23367506602004,formal_derived_curve_data_geometry,460,460,0,0
mfh-90deg,0,0.061391304347826046,78.2786499294316,formal_derived_curve_data_geometry,460,460,0,0
mfh-90deg,0,0.06156521739130431,78.32213901088382,formal_derived_curve_data_geometry,460,460,0,0
mfh-90deg,0,0.06173913043478257,78.3641175447361,formal_derived_curve_data_geometry,460,460,0,0
mfh-90deg,0,0.06191304347826083,78.40456267448539,formal_derived_curve_data_geometry,460,460,0,0
mfh-90deg,0,0.06208695652173909,78.44345345276628,formal_derived_curve_data_geometry,460,460,0,0
mfh-90deg,0,0.06226086956521735,78.480770841351,formal_derived_curve_data_geometry,460,460,0,0
mfh-90deg,0,0.06243478260869561,78.51649771114941,formal_derived_curve_data_geometry,460,460,0,0
mfh-90deg,0,0.06260869565217386,78.55061884220889,formal_derived_curve_data_geometry,460,460,0,0
mfh-90deg,0,0.06278260869565214,78.58312092371463,formal_derived_curve_data_geometry,460,460,0,0
mfh-90deg,0,0.06295652173913038,78.61399255398926,formal_derived_curve_data_geometry,460,460,0,0
mfh-90deg,0,0.06313043478260866,78.64322424049311,formal_derived_curve_data_geometry,460,460,0,0
mfh-90deg,0,0.0633043478260869,78.6708083998242,formal_derived_curve_data_geometry,460,460,0,0
mfh-90deg,0,0.06347826086956518,78.69839255915528,formal_derived_curve_data_geometry,460,460,0,0
mfh-90deg,0,0.06365217391304345,78.72597671848636,formal_derived_curve_data_geometry,460,460,0,0
mfh-90deg,0,0.0638260869565217,78.75356087781742,formal_derived_curve_data_geometry,460,460,0,0
mfh-90deg,0,0.06399999999999997,78.78114503714848,formal_derived_curve_data_geometry,460,460,0,0
mfh-90deg,0,0.06417391304347822,78.80872919647953,formal_derived_curve_data_geometry,460,460,0,0
mfh-90deg,0,0.0643478260869565,78.83631335581063,formal_derived_curve_data_geometry,460,460,0,0
mfh-90deg,0,0.06452173913043474,78.86389751514169,formal_derived_curve_data_geometry,460,460,0,0
mfh-90deg,0,0.06469565217391302,78.89148167447276,formal_derived_curve_data_geometry,460,460,0,0
mfh-90deg,0,0.06486956521739126,78.91906583380383,formal_derived_curve_data_geometry,460,460,0,0
mfh-90deg,0,0.06504347826086954,78.93322542246163,formal_derived_curve_data_geometry,460,460,0,0
mfh-90deg,0,0.06521739130434778,78.94738501111947,formal_derived_curve_data_geometry,460,460,0,0
mfh-90deg,0,0.06539130434782606,78.96154459977728,formal_derived_curve_data_geometry,460,460,0,0
mfh-90deg,0,0.0655652173913043,78.9757041884351,formal_derived_curve_data_geometry,460,460,0,0
mfh-90deg,0,0.06573913043478258,79.00328834776614,formal_derived_curve_data_geometry,460,460,0,0
mfh-90deg,0,0.06591304347826082,79.03222320561046,formal_derived_curve_data_geometry,460,460,0,0
mfh-90deg,0,0.0660869565217391,79.06244570727806,formal_derived_curve_data_geometry,460,460,0,0
mfh-90deg,0,0.06626086956521735,79.0938908889413,formal_derived_curve_data_geometry,460,460,0,0
mfh-90deg,0,0.06643478260869562,79.12649187763505,formal_derived_curve_data_geometry,460,460,0,0
mfh-90deg,0,0.06660869565217387,79.16017989125636,formal_derived_curve_data_geometry,460,460,0,0
mfh-90deg,0,0.06678260869565214,79.19488423856487,formal_derived_curve_data_geometry,460,460,0,0
mfh-90deg,0,0.06695652173913039,79.23053231918243,formal_derived_curve_data_geometry,460,460,0,0
mfh-90deg,0,0.06713043478260866,79.25362505292009,formal_derived_curve_data_geometry,460,460,0,0
mfh-90deg,0,0.06730434782608691,79.2775105917978,formal_derived_curve_data_geometry,460,460,0,0
mfh-90deg,0,0.06747826086956518,79.30211060802459,formal_derived_curve_data_geometry,460,460,0,0
mfh-90deg,0,0.06765217391304343,79.3273448646719,formal_derived_curve_data_geometry,460,460,0,0
mfh-90deg,0,0.0678260869565217,79.35313121567354,formal_derived_curve_data_geometry,460,460,0,0
mfh-90deg,0,0.06799999999999995,79.37938560582568,formal_derived_curve_data_geometry,460,460,0,0
mfh-90deg,0,0.06817391304347822,79.40602207078686,formal_derived_curve_data_geometry,460,460,0,0
mfh-90deg,0,0.06834782608695647,79.43295273707804,formal_derived_curve_data_geometry,460,460,0,0
mfh-90deg,0,0.06852173913043474,79.46008782208256,formal_derived_curve_data_geometry,460,460,0,0
mfh-90deg,0,0.06869565217391299,79.48733563404606,formal_derived_curve_data_geometry,460,460,0,0
mfh-90deg,0,0.06886956521739127,79.51460257207664,formal_derived_curve_data_geometry,460,460,0,0
mfh-90deg,0,0.06904347826086951,79.54161616360213,formal_derived_curve_data_geometry,460,460,0,0
mfh-90deg,0,0.06921739130434779,79.56829846881986,formal_derived_curve_data_geometry,460,460,0,0
mfh-90deg,0,0.06939130434782603,79.58114449519378,formal_derived_curve_data_geometry,460,460,0,0
mfh-90deg,0,0.06956521739130431,79.59214521096108,formal_derived_curve_data_geometry,460,460,0,0
mfh-90deg,0,0.06973913043478255,79.60127828482877,formal_derived_curve_data_geometry,460,460,0,0
mfh-90deg,0,0.06991304347826083,79.6085208125813,formal_derived_curve_data_geometry,460,460,0,0
mfh-90deg,0,0.07008695652173907,79.61384931708074,formal_derived_curve_data_geometry,460,460,0,0
mfh-90deg,0,0.07026086956521735,79.6179625568803,formal_derived_curve_data_geometry,460,460,0,0
mfh-90deg,0,0.07043478260869562,79.62159346645225,formal_derived_curve_data_geometry,460,460,0,0
mfh-90deg,0,0.07060869565217387,79.62476897315345,formal_derived_curve_data_geometry,460,460,0,0
mfh-90deg,0,0.07078260869565214,79.62751543141822,formal_derived_curve_data_geometry,460,460,0,0
mfh-90deg,0,0.07095652173913039,79.62985862275843,formal_derived_curve_data_geometry,460,460,0,0
mfh-90deg,0,0.07113043478260866,79.63182375576345,formal_derived_curve_data_geometry,460,460,0,0
mfh-90deg,0,0.07130434782608691,79.63343546610021,formal_derived_curve_data_geometry,460,460,0,0
mfh-90deg,0,0.07147826086956519,79.63471781651309,formal_derived_curve_data_geometry,460,460,0,0
mfh-90deg,0,0.07165217391304343,79.635694296824,formal_derived_curve_data_geometry,460,460,0,0
mfh-90deg,0,0.0718260869565217,79.63638782393238,formal_derived_curve_data_geometry,460,460,0,0
mfh-90deg,0,0.07199999999999995,79.6368207418152,formal_derived_curve_data_geometry,460,460,0,0
mfh-90deg,0,0.07217391304347823,79.6370148215269,formal_derived_curve_data_geometry,460,460,0,0
mfh-90deg,0,0.07234782608695647,79.6369912611995,formal_derived_curve_data_geometry,460,460,0,0
mfh-90deg,0,0.07252173913043475,79.63677068604244,formal_derived_curve_data_geometry,460,460,0,0
mfh-90deg,0,0.072695652173913,79.63655011088538,formal_derived_curve_data_geometry,460,460,0,0
mfh-90deg,0,0.07286956521739127,79.64975410640156,formal_derived_curve_data_geometry,460,460,0,0
mfh-90deg,0,0.07304347826086952,79.66295810191777,formal_derived_curve_data_geometry,460,460,0,0
mfh-90deg,0,0.07321739130434779,79.67616209743395,formal_derived_curve_data_geometry,460,460,0,0
mfh-90deg,0,0.07339130434782604,79.68936609295015,formal_derived_curve_data_geometry,460,460,0,0
mfh-90deg,0,0.07356521739130431,79.70257008846635,formal_derived_curve_data_geometry,460,460,0,0
mfh-90deg,0,0.07373913043478256,79.71577408398254,formal_derived_curve_data_geometry,460,460,0,0
mfh-90deg,0,0.07391304347826083,79.72897807949873,formal_derived_curve_data_geometry,460,460,0,0
mfh-90deg,0,0.07408695652173908,79.74218207501492,formal_derived_curve_data_geometry,460,460,0,0
mfh-90deg,0,0.07426086956521735,79.75538607053112,formal_derived_curve_data_geometry,460,460,0,0
mfh-90deg,0,0.0744347826086956,79.76859006604731,formal_derived_curve_data_geometry,460,460,0,0
mfh-90deg,0,0.07460869565217387,79.79521863223677,formal_derived_curve_data_geometry,460,460,0,0
mfh-90deg,0,0.07478260869565212,79.8218471984262,formal_derived_curve_data_geometry,460,460,0,0
mfh-90deg,0,0.0749565217391304,79.83505119394239,formal_derived_curve_data_geometry,460,460,0,0
mfh-90deg,0,0.07513043478260864,79.84901736980709,formal_derived_curve_data_geometry,460,460,0,0
mfh-90deg,0,0.07530434782608691,79.86374629894281,formal_derived_curve_data_geometry,460,460,0,0
mfh-90deg,0,0.07547826086956516,79.8792391271945,formal_derived_curve_data_geometry,460,460,0,0
mfh-90deg,0,0.07565217391304344,79.8954975733296,formal_derived_curve_data_geometry,460,460,0,0
mfh-90deg,0,0.07582608695652168,79.91252392903812,formal_derived_curve_data_geometry,460,460,0,0
mfh-90deg,0,0.07599999999999996,79.93032105893242,formal_derived_curve_data_geometry,460,460,0,0
mfh-90deg,0,0.0761739130434782,79.94889240054745,formal_derived_curve_data_geometry,460,460,0,0
mfh-90deg,0,0.07634782608695648,79.96824196434058,formal_derived_curve_data_geometry,460,460,0,0
mfh-90deg,0,0.07652173913043472,79.97494976301847,formal_derived_curve_data_geometry,460,460,0,0
mfh-90deg,0,0.076695652173913,79.98244552355673,formal_derived_curve_data_geometry,460,460,0,0
mfh-90deg,0,0.07686956521739124,79.99073497518026,formal_derived_curve_data_geometry,460,460,0,0
mfh-90deg,0,0.07704347826086952,79.99982442003636,formal_derived_curve_data_geometry,460,460,0,0
mfh-90deg,0,0.07721739130434777,80.00972073319487,formal_derived_curve_data_geometry,460,460,0,0
mfh-90deg,0,0.07739130434782604,80.0204313626481,formal_derived_curve_data_geometry,460,460,0,0
mfh-90deg,0,0.07756521739130431,80.03196432931087,formal_derived_curve_data_geometry,460,460,0,0
mfh-90deg,0,0.07773913043478256,80.04432822702047,formal_derived_curve_data_geometry,460,460,0,0
mfh-90deg,0,0.07791304347826083,80.05753222253666,formal_derived_curve_data_geometry,460,460,0,0
mfh-90deg,0,0.07808695652173908,80.07073621805287,formal_derived_curve_data_geometry,460,460,0,0
mfh-90deg,0,0.07826086956521736,80.07051564289581,formal_derived_curve_data_geometry,460,460,0,0
mfh-90deg,0,0.0784347826086956,80.07077164355692,formal_derived_curve_data_geometry,460,460,0,0
mfh-90deg,0,0.07860869565217388,80.08494024915919,formal_derived_curve_data_geometry,460,460,0,0
mfh-90deg,0,0.07878260869565212,80.09884674005305,formal_derived_curve_data_geometry,460,460,0,0
mfh-90deg,0,0.0789565217391304,80.11250314761068,formal_derived_curve_data_geometry,460,460,0,0
mfh-90deg,0,0.07913043478260864,80.12592150320431,formal_derived_curve_data_geometry,460,460,0,0
mfh-90deg,0,0.07930434782608692,80.13911383820616,formal_derived_curve_data_geometry,460,460,0,0
mfh-90deg,0,0.07947826086956516,80.15209218398837,formal_derived_curve_data_geometry,460,460,0,0
mfh-90deg,0,0.07965217391304344,80.16486857192318,formal_derived_curve_data_geometry,460,460,0,0
mfh-90deg,0,0.07982608695652169,80.17745503338281,formal_derived_curve_data_geometry,460,460,0,0
mfh-90deg,0,0.07999999999999996,80.18986359973944,formal_derived_curve_data_geometry,460,460,0,0
