series,segment,x,y,provenance,observed_anchor_count,display_anchor_count,discarded_or_thinned_count,derived_point_count
simulation-a11,0,0.0405664244128387,0.7515242676276122,accepted_observation_geometry,11,11,0,0
simulation-a11,0,0.04343468622326374,0.7515242676276122,accepted_observation_geometry,11,11,0,0
simulation-a11,0,0.04630294803368873,0.7538971380769293,accepted_observation_geometry,11,11,0,0
simulation-a11,0,0.04917120984411372,0.7538971380769293,accepted_observation_geometry,11,11,0,0
simulation-a11,0,0.052039471654538705,0.7538971380769293,accepted_observation_geometry,11,11,0,0
simulation-a11,0,0.05490773346496369,0.7538971380769293,accepted_observation_geometry,11,11,0,0
simulation-a11,0,0.05777599527538868,0.7586428789755635,accepted_observation_geometry,11,11,0,0
simulation-a11,0,0.06064425708581367,0.7586428789755635,accepted_observation_geometry,11,11,0,0
simulation-a11,0,0.06351251889623871,0.7633886198741977,accepted_observation_geometry,11,11,0,0
simulation-a11,0,0.0663807807066637,0.7610157494248806,accepted_observation_geometry,11,11,0,0
simulation-a11,0,0.06924904251708869,0.7610157494248806,accepted_observation_geometry,11,11,0,0
simulation-a11,1,0.11227296967346362,0.772880101671466,accepted_observation_geometry,15,15,0,0
simulation-a11,1,0.1151412314838886,0.7705072312221489,accepted_observation_geometry,15,15,0,0
simulation-a11,1,0.1180094932943136,0.7681343607728319,accepted_observation_geometry,15,15,0,0
simulation-a11,1,0.12087775510473858,0.7681343607728319,accepted_observation_geometry,15,15,0,0
simulation-a11,1,0.12374601691516357,0.7681343607728319,accepted_observation_geometry,15,15,0,0
simulation-a11,1,0.1266142787255886,0.7681343607728319,accepted_observation_geometry,15,15,0,0
simulation-a11,1,0.1294825405360136,0.7705072312221489,accepted_observation_geometry,15,15,0,0
simulation-a11,1,0.1323508023464386,0.7705072312221489,accepted_observation_geometry,15,15,0,0
simulation-a11,1,0.13521906415686358,0.7705072312221489,accepted_observation_geometry,15,15,0,0
simulation-a11,1,0.13808732596728857,0.7681343607728319,accepted_observation_geometry,15,15,0,0
simulation-a11,1,0.14095558777771355,0.7871173243673686,accepted_observation_geometry,15,15,0,0
simulation-a11,1,0.14382384958813854,0.7894901948166857,accepted_observation_geometry,15,15,0,0
simulation-a11,1,0.14669211139856353,0.7918630652660028,accepted_observation_geometry,15,15,0,0
simulation-a11,1,0.14956037320898852,0.7942359357153199,accepted_observation_geometry,15,15,0,0
simulation-a11,1,0.1524286350194135,0.7989816766139541,accepted_observation_geometry,15,15,0,0
simulation-a11,2,0.16103342045068858,0.8061002879619054,accepted_observation_geometry,126,126,0,0
simulation-a11,2,0.16390168226111357,0.8084731584112225,accepted_observation_geometry,126,126,0,0
simulation-a11,2,0.16676994407153856,0.8108460288605396,accepted_observation_geometry,126,126,0,0
simulation-a11,2,0.16963820588196354,0.8132188993098567,accepted_observation_geometry,126,126,0,0
simulation-a11,2,0.17250646769238853,0.8155917697591737,accepted_observation_geometry,126,126,0,0
simulation-a11,2,0.17537472950281352,0.8179646402084908,accepted_observation_geometry,126,126,0,0
simulation-a11,2,0.1782429913132385,0.822710381107125,accepted_observation_geometry,126,126,0,0
simulation-a11,2,0.1811112531236635,0.8250832515564421,accepted_observation_geometry,126,126,0,0
simulation-a11,2,0.18397951493408848,0.8274561220057592,accepted_observation_geometry,126,126,0,0
simulation-a11,2,0.18684777674451347,0.8298289924550764,accepted_observation_geometry,126,126,0,0
simulation-a11,2,0.18971603855493846,0.8322018629043935,accepted_observation_geometry,126,126,0,0
simulation-a11,2,0.19258430036536345,0.8322018629043935,accepted_observation_geometry,126,126,0,0
simulation-a11,2,0.19545256217578855,0.8322018629043935,accepted_observation_geometry,126,126,0,0
simulation-a11,2,0.19832082398621353,0.8345747333537106,accepted_observation_geometry,126,126,0,0
simulation-a11,2,0.20118908579663852,0.8369476038030277,accepted_observation_geometry,126,126,0,0
simulation-a11,2,0.2040573476070635,0.8345747333537106,accepted_observation_geometry,126,126,0,0
simulation-a11,2,0.2069256094174885,0.8345747333537106,accepted_observation_geometry,126,126,0,0
simulation-a11,2,0.2097938712279135,0.8345747333537106,accepted_observation_geometry,126,126,0,0
simulation-a11,2,0.21266213303833847,0.8345747333537106,accepted_observation_geometry,126,126,0,0
simulation-a11,2,0.21553039484876346,0.8345747333537106,accepted_observation_geometry,126,126,0,0
simulation-a11,2,0.21839865665918845,0.8369476038030277,accepted_observation_geometry,126,126,0,0
simulation-a11,2,0.22126691846961344,0.8345747333537106,accepted_observation_geometry,126,126,0,0
simulation-a11,2,0.22413518028003843,0.8345747333537106,accepted_observation_geometry,126,126,0,0
simulation-a11,2,0.22700344209046341,0.8535576969482472,accepted_observation_geometry,126,126,0,0
simulation-a11,2,0.2298717039008884,0.8535576969482472,accepted_observation_geometry,126,126,0,0
simulation-a11,2,0.2327399657113134,0.8535576969482472,accepted_observation_geometry,126,126,0,0
simulation-a11,2,0.23560822752173838,0.8559305673975643,accepted_observation_geometry,126,126,0,0
simulation-a11,2,0.23847648933216348,0.8559305673975643,accepted_observation_geometry,126,126,0,0
simulation-a11,2,0.24134475114258847,0.8583034378468815,accepted_observation_geometry,126,126,0,0
simulation-a11,2,0.24421301295301345,0.8583034378468815,accepted_observation_geometry,126,126,0,0
simulation-a11,2,0.24708127476343844,0.8583034378468815,accepted_observation_geometry,126,126,0,0
simulation-a11,2,0.24994953657386343,0.8606763082961986,accepted_observation_geometry,126,126,0,0
simulation-a11,2,0.2528177983842884,0.8606763082961986,accepted_observation_geometry,126,126,0,0
simulation-a11,2,0.2556860601947134,0.8606763082961986,accepted_observation_geometry,126,126,0,0
simulation-a11,2,0.2585543220051384,0.8606763082961986,accepted_observation_geometry,126,126,0,0
simulation-a11,2,0.2614225838155634,0.8606763082961986,accepted_observation_geometry,126,126,0,0
simulation-a11,2,0.26429084562598837,0.8606763082961986,accepted_observation_geometry,126,126,0,0
simulation-a11,2,0.26715910743641336,0.8630491787455157,accepted_observation_geometry,126,126,0,0
simulation-a11,2,0.27002736924683834,0.8630491787455157,accepted_observation_geometry,126,126,0,0
simulation-a11,2,0.27289563105726333,0.8630491787455157,accepted_observation_geometry,126,126,0,0
simulation-a11,2,0.2757638928676883,0.8630491787455157,accepted_observation_geometry,126,126,0,0
simulation-a11,2,0.2786321546781134,0.8606763082961986,accepted_observation_geometry,126,126,0,0
simulation-a11,2,0.2815004164885384,0.8606763082961986,accepted_observation_geometry,126,126,0,0
simulation-a11,2,0.2843686782989634,0.8630491787455157,accepted_observation_geometry,126,126,0,0
simulation-a11,2,0.2872369401093884,0.8654220491948328,accepted_observation_geometry,126,126,0,0
simulation-a11,2,0.29010520191981337,0.8677949196441499,accepted_observation_geometry,126,126,0,0
simulation-a11,2,0.29297346373023836,0.8654220491948328,accepted_observation_geometry,126,126,0,0
simulation-a11,2,0.29584172554066335,0.8630491787455157,accepted_observation_geometry,126,126,0,0
simulation-a11,2,0.29870998735108834,0.8630491787455157,accepted_observation_geometry,126,126,0,0
simulation-a11,2,0.3015782491615133,0.8654220491948328,accepted_observation_geometry,126,126,0,0
simulation-a11,2,0.3044465109719383,0.8677949196441499,accepted_observation_geometry,126,126,0,0
simulation-a11,2,0.3073147727823633,0.8677949196441499,accepted_observation_geometry,126,126,0,0
simulation-a11,2,0.3101830345927883,0.8677949196441499,accepted_observation_geometry,126,126,0,0
simulation-a11,2,0.3130512964032133,0.8677949196441499,accepted_observation_geometry,126,126,0,0
simulation-a11,2,0.31591955821363826,0.8677949196441499,accepted_observation_geometry,126,126,0,0
simulation-a11,2,0.31878782002406336,0.8677949196441499,accepted_observation_geometry,126,126,0,0
simulation-a11,2,0.32165608183448835,0.8677949196441499,accepted_observation_geometry,126,126,0,0
simulation-a11,2,0.32452434364491334,0.870167790093467,accepted_observation_geometry,126,126,0,0
simulation-a11,2,0.3273926054553383,0.870167790093467,accepted_observation_geometry,126,126,0,0
simulation-a11,2,0.3302608672657633,0.870167790093467,accepted_observation_geometry,126,126,0,0
simulation-a11,2,0.3331291290761883,0.870167790093467,accepted_observation_geometry,126,126,0,0
simulation-a11,2,0.3359973908866133,0.870167790093467,accepted_observation_geometry,126,126,0,0
simulation-a11,2,0.3388656526970383,0.870167790093467,accepted_observation_geometry,126,126,0,0
simulation-a11,2,0.34173391450746327,0.870167790093467,accepted_observation_geometry,126,126,0,0
simulation-a11,2,0.34460217631788825,0.870167790093467,accepted_observation_geometry,126,126,0,0
simulation-a11,2,0.34747043812831324,0.870167790093467,accepted_observation_geometry,126,126,0,0
simulation-a11,2,0.35033869993873823,0.870167790093467,accepted_observation_geometry,126,126,0,0
simulation-a11,2,0.3532069617491632,0.8677949196441499,accepted_observation_geometry,126,126,0,0
simulation-a11,2,0.3560752235595882,0.8677949196441499,accepted_observation_geometry,126,126,0,0
simulation-a11,2,0.3589434853700133,0.8677949196441499,accepted_observation_geometry,126,126,0,0
simulation-a11,2,0.3618117471804383,0.8630491787455157,accepted_observation_geometry,126,126,0,0
simulation-a11,2,0.3646800089908633,0.8654220491948328,accepted_observation_geometry,126,126,0,0
simulation-a11,2,0.36754827080128827,0.8654220491948328,accepted_observation_geometry,126,126,0,0
simulation-a11,2,0.37041653261171326,0.8677949196441499,accepted_observation_geometry,126,126,0,0
simulation-a11,2,0.37328479442213824,0.8677949196441499,accepted_observation_geometry,126,126,0,0
simulation-a11,2,0.37615305623256323,0.8677949196441499,accepted_observation_geometry,126,126,0,0
simulation-a11,2,0.3790213180429882,0.8654220491948328,accepted_observation_geometry,126,126,0,0
simulation-a11,2,0.3818895798534132,0.8654220491948328,accepted_observation_geometry,126,126,0,0
simulation-a11,2,0.3847578416638382,0.8654220491948328,accepted_observation_geometry,126,126,0,0
simulation-a11,2,0.3876261034742632,0.8677949196441499,accepted_observation_geometry,126,126,0,0
simulation-a11,2,0.39049436528468817,0.8677949196441499,accepted_observation_geometry,126,126,0,0
simulation-a11,2,0.39336262709511316,0.8677949196441499,accepted_observation_geometry,126,126,0,0
simulation-a11,2,0.39623088890553815,0.8677949196441499,accepted_observation_geometry,126,126,0,0
simulation-a11,2,0.39909915071596314,0.8677949196441499,accepted_observation_geometry,126,126,0,0
simulation-a11,2,0.40196741252638823,0.8677949196441499,accepted_observation_geometry,126,126,0,0
simulation-a11,2,0.4048356743368132,0.8677949196441499,accepted_observation_geometry,126,126,0,0
simulation-a11,2,0.4077039361472382,0.8677949196441499,accepted_observation_geometry,126,126,0,0
simulation-a11,2,0.4105721979576632,0.8677949196441499,accepted_observation_geometry,126,126,0,0
simulation-a11,2,0.4134404597680882,0.8677949196441499,accepted_observation_geometry,126,126,0,0
simulation-a11,2,0.4163087215785132,0.8677949196441499,accepted_observation_geometry,126,126,0,0
simulation-a11,2,0.41917698338893816,0.8677949196441499,accepted_observation_geometry,126,126,0,0
simulation-a11,2,0.42204524519936315,0.8677949196441499,accepted_observation_geometry,126,126,0,0
simulation-a11,2,0.42491350700978814,0.8677949196441499,accepted_observation_geometry,126,126,0,0
simulation-a11,2,0.4277817688202131,0.8677949196441499,accepted_observation_geometry,126,126,0,0
simulation-a11,2,0.4306500306306381,0.8677949196441499,accepted_observation_geometry,126,126,0,0
simulation-a11,2,0.4335182924410631,0.8654220491948328,accepted_observation_geometry,126,126,0,0
simulation-a11,2,0.4363865542514881,0.8654220491948328,accepted_observation_geometry,126,126,0,0
simulation-a11,2,0.4392548160619131,0.8654220491948328,accepted_observation_geometry,126,126,0,0
simulation-a11,2,0.4421230778723382,0.8654220491948328,accepted_observation_geometry,126,126,0,0
simulation-a11,2,0.44499133968276317,0.8559305673975643,accepted_observation_geometry,126,126,0,0
simulation-a11,2,0.44785960149318815,0.8583034378468815,accepted_observation_geometry,126,126,0,0
simulation-a11,2,0.45072786330361314,0.8583034378468815,accepted_observation_geometry,126,126,0,0
simulation-a11,2,0.45359612511403813,0.8583034378468815,accepted_observation_geometry,126,126,0,0
simulation-a11,2,0.4564643869244631,0.8583034378468815,accepted_observation_geometry,126,126,0,0
simulation-a11,2,0.4593326487348881,0.8583034378468815,accepted_observation_geometry,126,126,0,0
simulation-a11,2,0.4622009105453131,0.8559305673975643,accepted_observation_geometry,126,126,0,0
simulation-a11,2,0.4650691723557381,0.8559305673975643,accepted_observation_geometry,126,126,0,0
simulation-a11,2,0.46793743416616307,0.8535576969482472,accepted_observation_geometry,126,126,0,0
simulation-a11,2,0.47080569597658806,0.8535576969482472,accepted_observation_geometry,126,126,0,0
simulation-a11,2,0.47367395778701304,0.8511848264989301,accepted_observation_geometry,126,126,0,0
simulation-a11,2,0.47654221959743803,0.8511848264989301,accepted_observation_geometry,126,126,0,0
simulation-a11,2,0.479410481407863,0.8488119560496131,accepted_observation_geometry,126,126,0,0
simulation-a11,2,0.4822787432182881,0.846439085600296,accepted_observation_geometry,126,126,0,0
simulation-a11,2,0.4851470050287131,0.8440662151509789,accepted_observation_geometry,126,126,0,0
simulation-a11,2,0.4880152668391381,0.8416933447016618,accepted_observation_geometry,126,126,0,0
simulation-a11,2,0.4908835286495631,0.8416933447016618,accepted_observation_geometry,126,126,0,0
simulation-a11,2,0.49375179045998807,0.8393204742523447,accepted_observation_geometry,126,126,0,0
simulation-a11,2,0.49662005227041306,0.8369476038030277,accepted_observation_geometry,126,126,0,0
simulation-a11,2,0.49948831408083805,0.8345747333537106,accepted_observation_geometry,126,126,0,0
simulation-a11,2,0.502356575891263,0.8322018629043935,accepted_observation_geometry,126,126,0,0
simulation-a11,2,0.505224837701688,0.8298289924550764,accepted_observation_geometry,126,126,0,0
simulation-a11,2,0.508093099512113,0.8298289924550764,accepted_observation_geometry,126,126,0,0
simulation-a11,2,0.510961361322538,0.8274561220057592,accepted_observation_geometry,126,126,0,0
simulation-a11,2,0.513829623132963,0.8250832515564421,accepted_observation_geometry,126,126,0,0
simulation-a11,2,0.516697884943388,0.8250832515564421,accepted_observation_geometry,126,126,0,0
simulation-a11,2,0.519566146753813,0.822710381107125,accepted_observation_geometry,126,126,0,0
simulation-a11,3,0.533907455805938,0.8179646402084908,accepted_observation_geometry,4,4,0,0
simulation-a11,3,0.536775717616363,0.8179646402084908,accepted_observation_geometry,4,4,0,0
simulation-a11,3,0.539643979426788,0.8155917697591737,accepted_observation_geometry,4,4,0,0
simulation-a11,3,0.542512241237213,0.8132188993098567,accepted_observation_geometry,4,4,0,0
simulation-a11,4,0.5998774774457128,0.7989816766139541,accepted_observation_geometry,1,1,0,0
simulation-a11,5,0.6170870483082629,0.7894901948166857,accepted_observation_geometry,4,4,0,0
simulation-a11,5,0.6199553101186879,0.7847444539180515,accepted_observation_geometry,4,4,0,0
simulation-a11,5,0.6228235719291129,0.7823715834687344,accepted_observation_geometry,4,4,0,0
simulation-a11,5,0.6256918337395379,0.7823715834687344,accepted_observation_geometry,4,4,0,0
simulation-a11,6,0.6400331427916628,0.7538971380769293,accepted_observation_geometry,26,26,0,0
simulation-a11,6,0.6429014046020878,0.7515242676276122,accepted_observation_geometry,26,26,0,0
simulation-a11,6,0.6457696664125128,0.749151397178295,accepted_observation_geometry,26,26,0,0
simulation-a11,6,0.6486379282229378,0.7444056562796608,accepted_observation_geometry,26,26,0,0
simulation-a11,6,0.6515061900333627,0.7420327858303437,accepted_observation_geometry,26,26,0,0
simulation-a11,6,0.6543744518437877,0.7372870449317096,accepted_observation_geometry,26,26,0,0
simulation-a11,6,0.6572427136542127,0.7349141744823925,accepted_observation_geometry,26,26,0,0
simulation-a11,6,0.6601109754646377,0.7301684335837584,accepted_observation_geometry,26,26,0,0
simulation-a11,6,0.6629792372750627,0.7254226926851242,accepted_observation_geometry,26,26,0,0
simulation-a11,6,0.6658474990854879,0.7206769517864899,accepted_observation_geometry,26,26,0,0
simulation-a11,6,0.6687157608959129,0.7183040813371728,accepted_observation_geometry,26,26,0,0
simulation-a11,6,0.6715840227063379,0.7135583404385386,accepted_observation_geometry,26,26,0,0
simulation-a11,6,0.6744522845167629,0.7088125995399044,accepted_observation_geometry,26,26,0,0
simulation-a11,6,0.6773205463271879,0.7064397290905873,accepted_observation_geometry,26,26,0,0
simulation-a11,6,0.6801888081376128,0.7040668586412703,accepted_observation_geometry,26,26,0,0
simulation-a11,6,0.6830570699480378,0.6993211177426361,accepted_observation_geometry,26,26,0,0
simulation-a11,6,0.6859253317584628,0.6922025063946848,accepted_observation_geometry,26,26,0,0
simulation-a11,6,0.6887935935688878,0.6898296359453677,accepted_observation_geometry,26,26,0,0
simulation-a11,6,0.6916618553793128,0.6850838950467335,accepted_observation_geometry,26,26,0,0
simulation-a11,6,0.6945301171897378,0.6827110245974164,accepted_observation_geometry,26,26,0,0
simulation-a11,6,0.6973983790001628,0.6803381541480993,accepted_observation_geometry,26,26,0,0
simulation-a11,6,0.7002666408105878,0.6803381541480993,accepted_observation_geometry,26,26,0,0
simulation-a11,6,0.7031349026210127,0.6779652836987822,accepted_observation_geometry,26,26,0,0
simulation-a11,6,0.7060031644314377,0.673219542800148,accepted_observation_geometry,26,26,0,0
simulation-a11,6,0.7088714262418627,0.6684738019015138,accepted_observation_geometry,26,26,0,0
simulation-a11,6,0.7117396880522877,0.6637280610028796,accepted_observation_geometry,26,26,0,0
simulation-a11,7,0.7432905679669626,0.6447450974083428,accepted_observation_geometry,18,18,0,0
simulation-a11,7,0.7461588297773878,0.6447450974083428,accepted_observation_geometry,18,18,0,0
simulation-a11,7,0.7490270915878128,0.6423722269590257,accepted_observation_geometry,18,18,0,0
simulation-a11,7,0.7518953533982378,0.6423722269590257,accepted_observation_geometry,18,18,0,0
simulation-a11,7,0.7547636152086628,0.6399993565097086,accepted_observation_geometry,18,18,0,0
simulation-a11,7,0.7576318770190877,0.6399993565097086,accepted_observation_geometry,18,18,0,0
simulation-a11,7,0.7605001388295127,0.6399993565097086,accepted_observation_geometry,18,18,0,0
simulation-a11,7,0.7633684006399377,0.6376264860603915,accepted_observation_geometry,18,18,0,0
simulation-a11,7,0.7662366624503627,0.6376264860603915,accepted_observation_geometry,18,18,0,0
simulation-a11,7,0.7691049242607877,0.6352536156110744,accepted_observation_geometry,18,18,0,0
simulation-a11,7,0.7719731860712127,0.6328807451617574,accepted_observation_geometry,18,18,0,0
simulation-a11,7,0.7748414478816377,0.6305078747124403,accepted_observation_geometry,18,18,0,0
simulation-a11,7,0.7777097096920627,0.6305078747124403,accepted_observation_geometry,18,18,0,0
simulation-a11,7,0.7805779715024876,0.6376264860603915,accepted_observation_geometry,18,18,0,0
simulation-a11,7,0.7834462333129126,0.6399993565097086,accepted_observation_geometry,18,18,0,0
simulation-a11,7,0.7863144951233376,0.6328807451617574,accepted_observation_geometry,18,18,0,0
simulation-a11,7,0.7891827569337626,0.6328807451617574,accepted_observation_geometry,18,18,0,0
simulation-a11,7,0.7920510187441876,0.6305078747124403,accepted_observation_geometry,18,18,0,0
simulation-a11,8,0.7977875423650376,0.6233892633644891,accepted_observation_geometry,27,27,0,0
simulation-a11,8,0.8006558041754626,0.6399993565097086,accepted_observation_geometry,27,27,0,0
simulation-a11,8,0.8035240659858875,0.6305078747124403,accepted_observation_geometry,27,27,0,0
simulation-a11,8,0.8063923277963125,0.6305078747124403,accepted_observation_geometry,27,27,0,0
simulation-a11,8,0.8092605896067375,0.6305078747124403,accepted_observation_geometry,27,27,0,0
simulation-a11,8,0.8121288514171625,0.6305078747124403,accepted_observation_geometry,27,27,0,0
simulation-a11,8,0.8149971132275875,0.6305078747124403,accepted_observation_geometry,27,27,0,0
simulation-a11,8,0.8178653750380125,0.6305078747124403,accepted_observation_geometry,27,27,0,0
simulation-a11,8,0.8207336368484375,0.6305078747124403,accepted_observation_geometry,27,27,0,0
simulation-a11,8,0.8236018986588625,0.6305078747124403,accepted_observation_geometry,27,27,0,0
simulation-a11,8,0.8264701604692875,0.6305078747124403,accepted_observation_geometry,27,27,0,0
simulation-a11,8,0.8293384222797127,0.6328807451617574,accepted_observation_geometry,27,27,0,0
simulation-a11,8,0.8322066840901376,0.6328807451617574,accepted_observation_geometry,27,27,0,0
simulation-a11,8,0.8350749459005626,0.6328807451617574,accepted_observation_geometry,27,27,0,0
simulation-a11,8,0.8379432077109876,0.6328807451617574,accepted_observation_geometry,27,27,0,0
simulation-a11,8,0.8408114695214126,0.6566094496549284,accepted_observation_geometry,27,27,0,0
simulation-a11,8,0.8436797313318376,0.6518637087562942,accepted_observation_geometry,27,27,0,0
simulation-a11,8,0.8465479931422626,0.6447450974083428,accepted_observation_geometry,27,27,0,0
simulation-a11,8,0.8494162549526876,0.6708466723508308,accepted_observation_geometry,27,27,0,0
simulation-a11,8,0.8522845167631126,0.6661009314521967,accepted_observation_geometry,27,27,0,0
simulation-a11,8,0.8551527785735376,0.6637280610028796,accepted_observation_geometry,27,27,0,0
simulation-a11,8,0.8580210403839625,0.6518637087562942,accepted_observation_geometry,27,27,0,0
simulation-a11,8,0.8608893021943875,0.64711796785766,accepted_observation_geometry,27,27,0,0
simulation-a11,8,0.8637575640048125,0.6494908383069771,accepted_observation_geometry,27,27,0,0
simulation-a11,8,0.8666258258152375,0.64711796785766,accepted_observation_geometry,27,27,0,0
simulation-a11,8,0.8694940876256625,0.6494908383069771,accepted_observation_geometry,27,27,0,0
simulation-a11,8,0.8723623494360875,0.6447450974083428,accepted_observation_geometry,27,27,0,0
simulation-a11,9,0.9956976072843624,0.7467785267289779,accepted_observation_geometry,2,2,0,0
simulation-a11,9,0.9985658690947874,0.749151397178295,accepted_observation_geometry,2,2,0,0
simulation-a11,10,1.0243802253886123,0.7894901948166857,accepted_observation_geometry,19,19,0,0
simulation-a11,10,1.0272484871990373,0.7894901948166857,accepted_observation_geometry,19,19,0,0
simulation-a11,10,1.0301167490094623,0.796608806164637,accepted_observation_geometry,19,19,0,0
simulation-a11,10,1.0329850108198873,0.7942359357153199,accepted_observation_geometry,19,19,0,0
simulation-a11,10,1.0358532726303122,0.7918630652660028,accepted_observation_geometry,19,19,0,0
simulation-a11,10,1.0387215344407372,0.7918630652660028,accepted_observation_geometry,19,19,0,0
simulation-a11,10,1.0415897962511622,0.7942359357153199,accepted_observation_geometry,19,19,0,0
simulation-a11,10,1.0444580580615872,0.796608806164637,accepted_observation_geometry,19,19,0,0
simulation-a11,10,1.0473263198720122,0.7989816766139541,accepted_observation_geometry,19,19,0,0
simulation-a11,10,1.0501945816824372,0.8013545470632712,accepted_observation_geometry,19,19,0,0
simulation-a11,10,1.0530628434928622,0.8013545470632712,accepted_observation_geometry,19,19,0,0
simulation-a11,10,1.0559311053032872,0.8013545470632712,accepted_observation_geometry,19,19,0,0
simulation-a11,10,1.0587993671137121,0.8037274175125882,accepted_observation_geometry,19,19,0,0
simulation-a11,10,1.0616676289241371,0.8037274175125882,accepted_observation_geometry,19,19,0,0
simulation-a11,10,1.0645358907345621,0.8037274175125882,accepted_observation_geometry,19,19,0,0
simulation-a11,10,1.067404152544987,0.8061002879619054,accepted_observation_geometry,19,19,0,0
simulation-a11,10,1.070272414355412,0.8084731584112225,accepted_observation_geometry,19,19,0,0
simulation-a11,10,1.0731406761658373,0.8084731584112225,accepted_observation_geometry,19,19,0,0
simulation-a11,10,1.0760089379762623,0.8084731584112225,accepted_observation_geometry,19,19,0,0
simulation-a11,11,1.0903502470283872,0.8108460288605396,accepted_observation_geometry,168,168,0,0
simulation-a11,11,1.0932185088388122,0.8108460288605396,accepted_observation_geometry,168,168,0,0
simulation-a11,11,1.0960867706492372,0.8108460288605396,accepted_observation_geometry,168,168,0,0
simulation-a11,11,1.0989550324596622,0.8108460288605396,accepted_observation_geometry,168,168,0,0
simulation-a11,11,1.1018232942700872,0.8108460288605396,accepted_observation_geometry,168,168,0,0
simulation-a11,11,1.1046915560805122,0.8108460288605396,accepted_observation_geometry,168,168,0,0
simulation-a11,11,1.1075598178909372,0.8132188993098567,accepted_observation_geometry,168,168,0,0
simulation-a11,11,1.1104280797013621,0.8179646402084908,accepted_observation_geometry,168,168,0,0
simulation-a11,11,1.1132963415117871,0.822710381107125,accepted_observation_geometry,168,168,0,0
simulation-a11,11,1.1161646033222121,0.822710381107125,accepted_observation_geometry,168,168,0,0
simulation-a11,11,1.1190328651326371,0.8203375106578079,accepted_observation_geometry,168,168,0,0
simulation-a11,11,1.121901126943062,0.8203375106578079,accepted_observation_geometry,168,168,0,0
simulation-a11,11,1.124769388753487,0.8203375106578079,accepted_observation_geometry,168,168,0,0
simulation-a11,11,1.127637650563912,0.822710381107125,accepted_observation_geometry,168,168,0,0
simulation-a11,11,1.130505912374337,0.8250832515564421,accepted_observation_geometry,168,168,0,0
simulation-a11,11,1.133374174184762,0.8250832515564421,accepted_observation_geometry,168,168,0,0
simulation-a11,11,1.136242435995187,0.8274561220057592,accepted_observation_geometry,168,168,0,0
simulation-a11,11,1.139110697805612,0.8298289924550764,accepted_observation_geometry,168,168,0,0
simulation-a11,11,1.141978959616037,0.8322018629043935,accepted_observation_geometry,168,168,0,0
simulation-a11,11,1.144847221426462,0.8345747333537106,accepted_observation_geometry,168,168,0,0
simulation-a11,11,1.147715483236887,0.8369476038030277,accepted_observation_geometry,168,168,0,0
simulation-a11,11,1.150583745047312,0.8369476038030277,accepted_observation_geometry,168,168,0,0
simulation-a11,11,1.153452006857737,0.8393204742523447,accepted_observation_geometry,168,168,0,0
simulation-a11,11,1.1563202686681622,0.8416933447016618,accepted_observation_geometry,168,168,0,0
simulation-a11,11,1.1591885304785872,0.8416933447016618,accepted_observation_geometry,168,168,0,0
simulation-a11,11,1.1620567922890122,0.8488119560496131,accepted_observation_geometry,168,168,0,0
simulation-a11,11,1.1649250540994371,0.8488119560496131,accepted_observation_geometry,168,168,0,0
simulation-a11,11,1.1677933159098621,0.8511848264989301,accepted_observation_geometry,168,168,0,0
simulation-a11,11,1.1706615777202871,0.8511848264989301,accepted_observation_geometry,168,168,0,0
simulation-a11,11,1.173529839530712,0.8511848264989301,accepted_observation_geometry,168,168,0,0
simulation-a11,11,1.176398101341137,0.8535576969482472,accepted_observation_geometry,168,168,0,0
simulation-a11,11,1.179266363151562,0.8559305673975643,accepted_observation_geometry,168,168,0,0
simulation-a11,11,1.182134624961987,0.8559305673975643,accepted_observation_geometry,168,168,0,0
simulation-a11,11,1.185002886772412,0.8583034378468815,accepted_observation_geometry,168,168,0,0
simulation-a11,11,1.187871148582837,0.8583034378468815,accepted_observation_geometry,168,168,0,0
simulation-a11,11,1.190739410393262,0.8606763082961986,accepted_observation_geometry,168,168,0,0
simulation-a11,11,1.193607672203687,0.8630491787455157,accepted_observation_geometry,168,168,0,0
simulation-a11,11,1.196475934014112,0.8630491787455157,accepted_observation_geometry,168,168,0,0
simulation-a11,11,1.199344195824537,0.8654220491948328,accepted_observation_geometry,168,168,0,0
simulation-a11,11,1.202212457634962,0.8654220491948328,accepted_observation_geometry,168,168,0,0
simulation-a11,11,1.205080719445387,0.8630491787455157,accepted_observation_geometry,168,168,0,0
simulation-a11,11,1.207948981255812,0.8654220491948328,accepted_observation_geometry,168,168,0,0
simulation-a11,11,1.210817243066237,0.8677949196441499,accepted_observation_geometry,168,168,0,0
simulation-a11,11,1.213685504876662,0.8677949196441499,accepted_observation_geometry,168,168,0,0
simulation-a11,11,1.216553766687087,0.870167790093467,accepted_observation_geometry,168,168,0,0
simulation-a11,11,1.219422028497512,0.870167790093467,accepted_observation_geometry,168,168,0,0
simulation-a11,11,1.222290290307937,0.870167790093467,accepted_observation_geometry,168,168,0,0
simulation-a11,11,1.2251585521183619,0.870167790093467,accepted_observation_geometry,168,168,0,0
simulation-a11,11,1.2280268139287869,0.870167790093467,accepted_observation_geometry,168,168,0,0
simulation-a11,11,1.2308950757392119,0.870167790093467,accepted_observation_geometry,168,168,0,0
simulation-a11,11,1.2337633375496369,0.870167790093467,accepted_observation_geometry,168,168,0,0
simulation-a11,11,1.236631599360062,0.870167790093467,accepted_observation_geometry,168,168,0,0
simulation-a11,11,1.239499861170487,0.870167790093467,accepted_observation_geometry,168,168,0,0
simulation-a11,11,1.242368122980912,0.870167790093467,accepted_observation_geometry,168,168,0,0
simulation-a11,11,1.245236384791337,0.870167790093467,accepted_observation_geometry,168,168,0,0
simulation-a11,11,1.248104646601762,0.870167790093467,accepted_observation_geometry,168,168,0,0
simulation-a11,11,1.250972908412187,0.870167790093467,accepted_observation_geometry,168,168,0,0
simulation-a11,11,1.253841170222612,0.870167790093467,accepted_observation_geometry,168,168,0,0
simulation-a11,11,1.256709432033037,0.870167790093467,accepted_observation_geometry,168,168,0,0
simulation-a11,11,1.259577693843462,0.870167790093467,accepted_observation_geometry,168,168,0,0
simulation-a11,11,1.262445955653887,0.870167790093467,accepted_observation_geometry,168,168,0,0
simulation-a11,11,1.265314217464312,0.870167790093467,accepted_observation_geometry,168,168,0,0
simulation-a11,11,1.268182479274737,0.8677949196441499,accepted_observation_geometry,168,168,0,0
simulation-a11,11,1.271050741085162,0.8677949196441499,accepted_observation_geometry,168,168,0,0
simulation-a11,11,1.273919002895587,0.8677949196441499,accepted_observation_geometry,168,168,0,0
simulation-a11,11,1.276787264706012,0.870167790093467,accepted_observation_geometry,168,168,0,0
simulation-a11,11,1.2796555265164369,0.8677949196441499,accepted_observation_geometry,168,168,0,0
simulation-a11,11,1.2825237883268619,0.8677949196441499,accepted_observation_geometry,168,168,0,0
simulation-a11,11,1.2853920501372869,0.8677949196441499,accepted_observation_geometry,168,168,0,0
simulation-a11,11,1.2882603119477118,0.8677949196441499,accepted_observation_geometry,168,168,0,0
simulation-a11,11,1.2911285737581368,0.8677949196441499,accepted_observation_geometry,168,168,0,0
simulation-a11,11,1.2939968355685618,0.870167790093467,accepted_observation_geometry,168,168,0,0
simulation-a11,11,1.2968650973789868,0.870167790093467,accepted_observation_geometry,168,168,0,0
simulation-a11,11,1.2997333591894118,0.870167790093467,accepted_observation_geometry,168,168,0,0
simulation-a11,11,1.3026016209998368,0.870167790093467,accepted_observation_geometry,168,168,0,0
simulation-a11,11,1.3054698828102618,0.870167790093467,accepted_observation_geometry,168,168,0,0
simulation-a11,11,1.3083381446206868,0.870167790093467,accepted_observation_geometry,168,168,0,0
simulation-a11,11,1.3112064064311117,0.870167790093467,accepted_observation_geometry,168,168,0,0
simulation-a11,11,1.3140746682415367,0.870167790093467,accepted_observation_geometry,168,168,0,0
simulation-a11,11,1.3169429300519617,0.870167790093467,accepted_observation_geometry,168,168,0,0
simulation-a11,11,1.319811191862387,0.870167790093467,accepted_observation_geometry,168,168,0,0
simulation-a11,11,1.322679453672812,0.870167790093467,accepted_observation_geometry,168,168,0,0
simulation-a11,11,1.325547715483237,0.870167790093467,accepted_observation_geometry,168,168,0,0
simulation-a11,11,1.328415977293662,0.870167790093467,accepted_observation_geometry,168,168,0,0
simulation-a11,11,1.3312842391040869,0.870167790093467,accepted_observation_geometry,168,168,0,0
simulation-a11,11,1.3341525009145119,0.870167790093467,accepted_observation_geometry,168,168,0,0
simulation-a11,11,1.3370207627249369,0.870167790093467,accepted_observation_geometry,168,168,0,0
simulation-a11,11,1.3398890245353618,0.870167790093467,accepted_observation_geometry,168,168,0,0
simulation-a11,11,1.3427572863457868,0.8677949196441499,accepted_observation_geometry,168,168,0,0
simulation-a11,11,1.3456255481562118,0.8677949196441499,accepted_observation_geometry,168,168,0,0
simulation-a11,11,1.3484938099666368,0.8654220491948328,accepted_observation_geometry,168,168,0,0
simulation-a11,11,1.3513620717770618,0.8630491787455157,accepted_observation_geometry,168,168,0,0
simulation-a11,11,1.3542303335874868,0.8630491787455157,accepted_observation_geometry,168,168,0,0
simulation-a11,11,1.3570985953979118,0.8654220491948328,accepted_observation_geometry,168,168,0,0
simulation-a11,11,1.3599668572083368,0.8654220491948328,accepted_observation_geometry,168,168,0,0
simulation-a11,11,1.3628351190187618,0.8630491787455157,accepted_observation_geometry,168,168,0,0
simulation-a11,11,1.3657033808291867,0.8630491787455157,accepted_observation_geometry,168,168,0,0
simulation-a11,11,1.3685716426396117,0.8630491787455157,accepted_observation_geometry,168,168,0,0
simulation-a11,11,1.3714399044500367,0.8606763082961986,accepted_observation_geometry,168,168,0,0
simulation-a11,11,1.3743081662604617,0.8606763082961986,accepted_observation_geometry,168,168,0,0
simulation-a11,11,1.3771764280708867,0.8654220491948328,accepted_observation_geometry,168,168,0,0
simulation-a11,11,1.3800446898813117,0.8654220491948328,accepted_observation_geometry,168,168,0,0
simulation-a11,11,1.3829129516917367,0.8654220491948328,accepted_observation_geometry,168,168,0,0
simulation-a11,11,1.3857812135021617,0.8654220491948328,accepted_observation_geometry,168,168,0,0
simulation-a11,11,1.3886494753125866,0.8630491787455157,accepted_observation_geometry,168,168,0,0
simulation-a11,11,1.3915177371230116,0.8630491787455157,accepted_observation_geometry,168,168,0,0
simulation-a11,11,1.3943859989334366,0.8630491787455157,accepted_observation_geometry,168,168,0,0
simulation-a11,11,1.3972542607438616,0.8630491787455157,accepted_observation_geometry,168,168,0,0
simulation-a11,11,1.4001225225542868,0.8630491787455157,accepted_observation_geometry,168,168,0,0
simulation-a11,11,1.4029907843647118,0.8630491787455157,accepted_observation_geometry,168,168,0,0
simulation-a11,11,1.4058590461751368,0.8630491787455157,accepted_observation_geometry,168,168,0,0
simulation-a11,11,1.4087273079855618,0.8630491787455157,accepted_observation_geometry,168,168,0,0
simulation-a11,11,1.4115955697959868,0.8606763082961986,accepted_observation_geometry,168,168,0,0
simulation-a11,11,1.4144638316064118,0.8606763082961986,accepted_observation_geometry,168,168,0,0
simulation-a11,11,1.4173320934168367,0.8606763082961986,accepted_observation_geometry,168,168,0,0
simulation-a11,11,1.4202003552272617,0.8606763082961986,accepted_observation_geometry,168,168,0,0
simulation-a11,11,1.4230686170376867,0.8583034378468815,accepted_observation_geometry,168,168,0,0
simulation-a11,11,1.4259368788481117,0.8583034378468815,accepted_observation_geometry,168,168,0,0
simulation-a11,11,1.4288051406585367,0.8583034378468815,accepted_observation_geometry,168,168,0,0
simulation-a11,11,1.4316734024689617,0.8535576969482472,accepted_observation_geometry,168,168,0,0
simulation-a11,11,1.4345416642793867,0.8511848264989301,accepted_observation_geometry,168,168,0,0
simulation-a11,11,1.4374099260898117,0.8488119560496131,accepted_observation_geometry,168,168,0,0
simulation-a11,11,1.4402781879002367,0.8488119560496131,accepted_observation_geometry,168,168,0,0
simulation-a11,11,1.4431464497106616,0.8488119560496131,accepted_observation_geometry,168,168,0,0
simulation-a11,11,1.4460147115210866,0.8488119560496131,accepted_observation_geometry,168,168,0,0
simulation-a11,11,1.4488829733315116,0.846439085600296,accepted_observation_geometry,168,168,0,0
simulation-a11,11,1.4517512351419366,0.846439085600296,accepted_observation_geometry,168,168,0,0
simulation-a11,11,1.4546194969523616,0.8440662151509789,accepted_observation_geometry,168,168,0,0
simulation-a11,11,1.4574877587627866,0.8416933447016618,accepted_observation_geometry,168,168,0,0
simulation-a11,11,1.4603560205732116,0.8393204742523447,accepted_observation_geometry,168,168,0,0
simulation-a11,11,1.4632242823836366,0.8393204742523447,accepted_observation_geometry,168,168,0,0
simulation-a11,11,1.4660925441940615,0.8369476038030277,accepted_observation_geometry,168,168,0,0
simulation-a11,11,1.4689608060044865,0.8322018629043935,accepted_observation_geometry,168,168,0,0
simulation-a11,11,1.4718290678149115,0.8322018629043935,accepted_observation_geometry,168,168,0,0
simulation-a11,11,1.4746973296253365,0.8274561220057592,accepted_observation_geometry,168,168,0,0
simulation-a11,11,1.4775655914357615,0.8274561220057592,accepted_observation_geometry,168,168,0,0
simulation-a11,11,1.4804338532461865,0.822710381107125,accepted_observation_geometry,168,168,0,0
simulation-a11,11,1.4833021150566117,0.822710381107125,accepted_observation_geometry,168,168,0,0
simulation-a11,11,1.4861703768670367,0.8203375106578079,accepted_observation_geometry,168,168,0,0
simulation-a11,11,1.4890386386774617,0.8179646402084908,accepted_observation_geometry,168,168,0,0
simulation-a11,11,1.4919069004878867,0.8155917697591737,accepted_observation_geometry,168,168,0,0
simulation-a11,11,1.4947751622983116,0.8108460288605396,accepted_observation_geometry,168,168,0,0
simulation-a11,11,1.4976434241087366,0.8084731584112225,accepted_observation_geometry,168,168,0,0
simulation-a11,11,1.5005116859191616,0.8061002879619054,accepted_observation_geometry,168,168,0,0
simulation-a11,11,1.5033799477295866,0.8037274175125882,accepted_observation_geometry,168,168,0,0
simulation-a11,11,1.5062482095400116,0.8037274175125882,accepted_observation_geometry,168,168,0,0
simulation-a11,11,1.5091164713504366,0.8013545470632712,accepted_observation_geometry,168,168,0,0
simulation-a11,11,1.5119847331608616,0.7989816766139541,accepted_observation_geometry,168,168,0,0
simulation-a11,11,1.5148529949712866,0.796608806164637,accepted_observation_geometry,168,168,0,0
simulation-a11,11,1.5177212567817115,0.7942359357153199,accepted_observation_geometry,168,168,0,0
simulation-a11,11,1.5205895185921365,0.7918630652660028,accepted_observation_geometry,168,168,0,0
simulation-a11,11,1.5234577804025615,0.7942359357153199,accepted_observation_geometry,168,168,0,0
simulation-a11,11,1.5263260422129865,0.7918630652660028,accepted_observation_geometry,168,168,0,0
simulation-a11,11,1.5291943040234115,0.7918630652660028,accepted_observation_geometry,168,168,0,0
simulation-a11,11,1.5320625658338365,0.7871173243673686,accepted_observation_geometry,168,168,0,0
simulation-a11,11,1.5349308276442615,0.7847444539180515,accepted_observation_geometry,168,168,0,0
simulation-a11,11,1.5377990894546865,0.7823715834687344,accepted_observation_geometry,168,168,0,0
simulation-a11,11,1.5406673512651115,0.7823715834687344,accepted_observation_geometry,168,168,0,0
simulation-a11,11,1.5435356130755364,0.7799987130194173,accepted_observation_geometry,168,168,0,0
simulation-a11,11,1.5464038748859614,0.7799987130194173,accepted_observation_geometry,168,168,0,0
simulation-a11,11,1.5492721366963864,0.7776258425701001,accepted_observation_geometry,168,168,0,0
simulation-a11,11,1.5521403985068114,0.7776258425701001,accepted_observation_geometry,168,168,0,0
simulation-a11,11,1.5550086603172364,0.7752529721207831,accepted_observation_geometry,168,168,0,0
simulation-a11,11,1.5578769221276614,0.7752529721207831,accepted_observation_geometry,168,168,0,0
simulation-a11,11,1.5607451839380864,0.772880101671466,accepted_observation_geometry,168,168,0,0
simulation-a11,11,1.5636134457485116,0.772880101671466,accepted_observation_geometry,168,168,0,0
simulation-a11,11,1.5664817075589366,0.772880101671466,accepted_observation_geometry,168,168,0,0
simulation-a11,11,1.5693499693693616,0.772880101671466,accepted_observation_geometry,168,168,0,0
simulation-a11,12,1.5750864929902115,0.7705072312221489,accepted_observation_geometry,17,17,0,0
simulation-a11,12,1.5779547548006365,0.7705072312221489,accepted_observation_geometry,17,17,0,0
simulation-a11,12,1.5808230166110615,0.7681343607728319,accepted_observation_geometry,17,17,0,0
simulation-a11,12,1.5836912784214865,0.7681343607728319,accepted_observation_geometry,17,17,0,0
simulation-a11,12,1.5865595402319115,0.7657614903235148,accepted_observation_geometry,17,17,0,0
simulation-a11,12,1.5894278020423365,0.7657614903235148,accepted_observation_geometry,17,17,0,0
simulation-a11,12,1.5922960638527615,0.7657614903235148,accepted_observation_geometry,17,17,0,0
simulation-a11,12,1.5951643256631864,0.7633886198741977,accepted_observation_geometry,17,17,0,0
simulation-a11,12,1.5980325874736114,0.7610157494248806,accepted_observation_geometry,17,17,0,0
simulation-a11,12,1.6009008492840364,0.7586428789755635,accepted_observation_geometry,17,17,0,0
simulation-a11,12,1.6037691110944614,0.7586428789755635,accepted_observation_geometry,17,17,0,0
simulation-a11,12,1.6066373729048864,0.7586428789755635,accepted_observation_geometry,17,17,0,0
simulation-a11,12,1.6095056347153114,0.7562700085262464,accepted_observation_geometry,17,17,0,0
simulation-a11,12,1.6123738965257364,0.7562700085262464,accepted_observation_geometry,17,17,0,0
simulation-a11,12,1.6152421583361614,0.7538971380769293,accepted_observation_geometry,17,17,0,0
simulation-a11,12,1.6181104201465863,0.7515242676276122,accepted_observation_geometry,17,17,0,0
simulation-a11,12,1.6209786819570113,0.749151397178295,accepted_observation_geometry,17,17,0,0
simulation-a22,0,0.0405664244128387,0.2128826756326314,accepted_observation_geometry,107,107,0,0
simulation-a22,0,0.04343468622326374,0.2128826756326314,accepted_observation_geometry,107,107,0,0
simulation-a22,0,0.04630294803368873,0.2105098051833143,accepted_observation_geometry,107,107,0,0
simulation-a22,0,0.04917120984411372,0.2105098051833143,accepted_observation_geometry,107,107,0,0
simulation-a22,0,0.052039471654538705,0.2081369347339973,accepted_observation_geometry,107,107,0,0
simulation-a22,0,0.05490773346496369,0.2057640642846802,accepted_observation_geometry,107,107,0,0
simulation-a22,0,0.05777599527538868,0.2081369347339973,accepted_observation_geometry,107,107,0,0
simulation-a22,0,0.06064425708581367,0.2081369347339973,accepted_observation_geometry,107,107,0,0
simulation-a22,0,0.06351251889623871,0.2081369347339973,accepted_observation_geometry,107,107,0,0
simulation-a22,0,0.0663807807066637,0.2081369347339973,accepted_observation_geometry,107,107,0,0
simulation-a22,0,0.06924904251708869,0.2081369347339973,accepted_observation_geometry,107,107,0,0
simulation-a22,0,0.07211730432751368,0.2081369347339973,accepted_observation_geometry,107,107,0,0
simulation-a22,0,0.07498556613793866,0.2081369347339973,accepted_observation_geometry,107,107,0,0
simulation-a22,0,0.07785382794836365,0.20339119383536308,accepted_observation_geometry,107,107,0,0
simulation-a22,0,0.08072208975878864,0.20339119383536308,accepted_observation_geometry,107,107,0,0
simulation-a22,0,0.08359035156921368,0.20339119383536308,accepted_observation_geometry,107,107,0,0
simulation-a22,0,0.08645861337963867,0.2057640642846802,accepted_observation_geometry,107,107,0,0
simulation-a22,0,0.08932687519006366,0.2057640642846802,accepted_observation_geometry,107,107,0,0
simulation-a22,0,0.09219513700048865,0.20339119383536308,accepted_observation_geometry,107,107,0,0
simulation-a22,0,0.09506339881091364,0.20101832338604597,accepted_observation_geometry,107,107,0,0
simulation-a22,0,0.09793166062133862,0.20101832338604597,accepted_observation_geometry,107,107,0,0
simulation-a22,0,0.10079992243176361,0.17728961889287498,accepted_observation_geometry,107,107,0,0
simulation-a22,0,0.1036681842421886,0.19864545293672886,accepted_observation_geometry,107,107,0,0
simulation-a22,0,0.10653644605261364,0.19627258248741175,accepted_observation_geometry,107,107,0,0
simulation-a22,0,0.10940470786303863,0.18915397113946053,accepted_observation_geometry,107,107,0,0
simulation-a22,0,0.11227296967346362,0.18915397113946053,accepted_observation_geometry,107,107,0,0
simulation-a22,0,0.1151412314838886,0.18678110069014342,accepted_observation_geometry,107,107,0,0
simulation-a22,0,0.1180094932943136,0.18678110069014342,accepted_observation_geometry,107,107,0,0
simulation-a22,0,0.12087775510473858,0.18678110069014342,accepted_observation_geometry,107,107,0,0
simulation-a22,0,0.12374601691516357,0.18915397113946053,accepted_observation_geometry,107,107,0,0
simulation-a22,0,0.1266142787255886,0.18678110069014342,accepted_observation_geometry,107,107,0,0
simulation-a22,0,0.1294825405360136,0.1844082302408263,accepted_observation_geometry,107,107,0,0
simulation-a22,0,0.1323508023464386,0.1796624893421921,accepted_observation_geometry,107,107,0,0
simulation-a22,0,0.13521906415686358,0.1796624893421921,accepted_observation_geometry,107,107,0,0
simulation-a22,0,0.13808732596728857,0.1820353597915092,accepted_observation_geometry,107,107,0,0
simulation-a22,0,0.14095558777771355,0.1796624893421921,accepted_observation_geometry,107,107,0,0
simulation-a22,0,0.14382384958813854,0.17491674844355787,accepted_observation_geometry,107,107,0,0
simulation-a22,0,0.14669211139856353,0.17254387799424087,accepted_observation_geometry,107,107,0,0
simulation-a22,0,0.14956037320898852,0.17254387799424087,accepted_observation_geometry,107,107,0,0
simulation-a22,0,0.1524286350194135,0.17017100754492376,accepted_observation_geometry,107,107,0,0
simulation-a22,0,0.1552968968298386,0.16305239619697243,accepted_observation_geometry,107,107,0,0
simulation-a22,0,0.1581651586402636,0.16067952574765532,accepted_observation_geometry,107,107,0,0
simulation-a22,0,0.16103342045068858,0.16067952574765532,accepted_observation_geometry,107,107,0,0
simulation-a22,0,0.16390168226111357,0.1583066552983382,accepted_observation_geometry,107,107,0,0
simulation-a22,0,0.16676994407153856,0.1583066552983382,accepted_observation_geometry,107,107,0,0
simulation-a22,0,0.16963820588196354,0.1535609143997041,accepted_observation_geometry,107,107,0,0
simulation-a22,0,0.17250646769238853,0.15118804395038699,accepted_observation_geometry,107,107,0,0
simulation-a22,0,0.17537472950281352,0.14406943260243565,accepted_observation_geometry,107,107,0,0
simulation-a22,0,0.1782429913132385,0.14644230305175276,accepted_observation_geometry,107,107,0,0
simulation-a22,0,0.1811112531236635,0.14169656215311854,accepted_observation_geometry,107,107,0,0
simulation-a22,0,0.18397951493408848,0.13932369170380143,accepted_observation_geometry,107,107,0,0
simulation-a22,0,0.18684777674451347,0.13695082125448443,accepted_observation_geometry,107,107,0,0
simulation-a22,0,0.18971603855493846,0.13457795080516732,accepted_observation_geometry,107,107,0,0
simulation-a22,0,0.19258430036536345,0.1298322099065331,accepted_observation_geometry,107,107,0,0
simulation-a22,0,0.19545256217578855,0.1298322099065331,accepted_observation_geometry,107,107,0,0
simulation-a22,0,0.19832082398621353,0.127459339457216,accepted_observation_geometry,107,107,0,0
simulation-a22,0,0.20118908579663852,0.1298322099065331,accepted_observation_geometry,107,107,0,0
simulation-a22,0,0.2040573476070635,0.1322050803558502,accepted_observation_geometry,107,107,0,0
simulation-a22,0,0.2069256094174885,0.12508646900789888,accepted_observation_geometry,107,107,0,0
simulation-a22,0,0.2097938712279135,0.13457795080516732,accepted_observation_geometry,107,107,0,0
simulation-a22,0,0.21266213303833847,0.1298322099065331,accepted_observation_geometry,107,107,0,0
simulation-a22,0,0.21553039484876346,0.127459339457216,accepted_observation_geometry,107,107,0,0
simulation-a22,0,0.21839865665918845,0.127459339457216,accepted_observation_geometry,107,107,0,0
simulation-a22,0,0.22126691846961344,0.127459339457216,accepted_observation_geometry,107,107,0,0
simulation-a22,0,0.22413518028003843,0.12508646900789888,accepted_observation_geometry,107,107,0,0
simulation-a22,0,0.22700344209046341,0.12034072810926477,accepted_observation_geometry,107,107,0,0
simulation-a22,0,0.2298717039008884,0.11796785765994766,accepted_observation_geometry,107,107,0,0
simulation-a22,0,0.2327399657113134,0.11559498721063055,accepted_observation_geometry,107,107,0,0
simulation-a22,0,0.23560822752173838,0.11559498721063055,accepted_observation_geometry,107,107,0,0
simulation-a22,0,0.23847648933216348,0.11559498721063055,accepted_observation_geometry,107,107,0,0
simulation-a22,0,0.24134475114258847,0.11322211676131344,accepted_observation_geometry,107,107,0,0
simulation-a22,0,0.24421301295301345,0.11084924631199633,accepted_observation_geometry,107,107,0,0
simulation-a22,0,0.24708127476343844,0.12034072810926477,accepted_observation_geometry,107,107,0,0
simulation-a22,0,0.24994953657386343,0.11322211676131344,accepted_observation_geometry,107,107,0,0
simulation-a22,0,0.2528177983842884,0.11084924631199633,accepted_observation_geometry,107,107,0,0
simulation-a22,0,0.2556860601947134,0.10847637586267922,accepted_observation_geometry,107,107,0,0
simulation-a22,0,0.2585543220051384,0.10847637586267922,accepted_observation_geometry,107,107,0,0
simulation-a22,0,0.2614225838155634,0.11084924631199633,accepted_observation_geometry,107,107,0,0
simulation-a22,0,0.26429084562598837,0.11322211676131344,accepted_observation_geometry,107,107,0,0
simulation-a22,0,0.26715910743641336,0.11322211676131344,accepted_observation_geometry,107,107,0,0
simulation-a22,0,0.27002736924683834,0.10847637586267922,accepted_observation_geometry,107,107,0,0
simulation-a22,0,0.27289563105726333,0.10847637586267922,accepted_observation_geometry,107,107,0,0
simulation-a22,0,0.2757638928676883,0.10847637586267922,accepted_observation_geometry,107,107,0,0
simulation-a22,0,0.2786321546781134,0.11322211676131344,accepted_observation_geometry,107,107,0,0
simulation-a22,0,0.2815004164885384,0.11322211676131344,accepted_observation_geometry,107,107,0,0
simulation-a22,0,0.2843686782989634,0.11084924631199633,accepted_observation_geometry,107,107,0,0
simulation-a22,0,0.2872369401093884,0.11084924631199633,accepted_observation_geometry,107,107,0,0
simulation-a22,0,0.29010520191981337,0.10847637586267922,accepted_observation_geometry,107,107,0,0
simulation-a22,0,0.29297346373023836,0.11084924631199633,accepted_observation_geometry,107,107,0,0
simulation-a22,0,0.29584172554066335,0.11084924631199633,accepted_observation_geometry,107,107,0,0
simulation-a22,0,0.29870998735108834,0.103730634964045,accepted_observation_geometry,107,107,0,0
simulation-a22,0,0.3015782491615133,0.11559498721063055,accepted_observation_geometry,107,107,0,0
simulation-a22,0,0.3044465109719383,0.11322211676131344,accepted_observation_geometry,107,107,0,0
simulation-a22,0,0.3073147727823633,0.10847637586267922,accepted_observation_geometry,107,107,0,0
simulation-a22,0,0.3101830345927883,0.103730634964045,accepted_observation_geometry,107,107,0,0
simulation-a22,0,0.3130512964032133,0.101357764514728,accepted_observation_geometry,107,107,0,0
simulation-a22,0,0.31591955821363826,0.101357764514728,accepted_observation_geometry,107,107,0,0
simulation-a22,0,0.31878782002406336,0.101357764514728,accepted_observation_geometry,107,107,0,0
simulation-a22,0,0.32165608183448835,0.103730634964045,accepted_observation_geometry,107,107,0,0
simulation-a22,0,0.32452434364491334,0.103730634964045,accepted_observation_geometry,107,107,0,0
simulation-a22,0,0.3273926054553383,0.101357764514728,accepted_observation_geometry,107,107,0,0
simulation-a22,0,0.3302608672657633,0.101357764514728,accepted_observation_geometry,107,107,0,0
simulation-a22,0,0.3331291290761883,0.103730634964045,accepted_observation_geometry,107,107,0,0
simulation-a22,0,0.3359973908866133,0.103730634964045,accepted_observation_geometry,107,107,0,0
simulation-a22,0,0.3388656526970383,0.101357764514728,accepted_observation_geometry,107,107,0,0
simulation-a22,0,0.34173391450746327,0.09898489406541089,accepted_observation_geometry,107,107,0,0
simulation-a22,0,0.34460217631788825,0.12508646900789888,accepted_observation_geometry,107,107,0,0
simulation-a22,1,0.35033869993873823,0.09661202361609378,accepted_observation_geometry,73,73,0,0
simulation-a22,1,0.3532069617491632,0.10847637586267922,accepted_observation_geometry,73,73,0,0
simulation-a22,1,0.3560752235595882,0.10610350541336211,accepted_observation_geometry,73,73,0,0
simulation-a22,1,0.3589434853700133,0.10610350541336211,accepted_observation_geometry,73,73,0,0
simulation-a22,1,0.3618117471804383,0.10610350541336211,accepted_observation_geometry,73,73,0,0
simulation-a22,1,0.3646800089908633,0.10610350541336211,accepted_observation_geometry,73,73,0,0
simulation-a22,1,0.36754827080128827,0.10610350541336211,accepted_observation_geometry,73,73,0,0
simulation-a22,1,0.37041653261171326,0.10610350541336211,accepted_observation_geometry,73,73,0,0
simulation-a22,1,0.37328479442213824,0.10610350541336211,accepted_observation_geometry,73,73,0,0
simulation-a22,1,0.37615305623256323,0.10610350541336211,accepted_observation_geometry,73,73,0,0
simulation-a22,1,0.3790213180429882,0.10610350541336211,accepted_observation_geometry,73,73,0,0
simulation-a22,1,0.3818895798534132,0.10610350541336211,accepted_observation_geometry,73,73,0,0
simulation-a22,1,0.3847578416638382,0.10847637586267922,accepted_observation_geometry,73,73,0,0
simulation-a22,1,0.3876261034742632,0.10847637586267922,accepted_observation_geometry,73,73,0,0
simulation-a22,1,0.39049436528468817,0.103730634964045,accepted_observation_geometry,73,73,0,0
simulation-a22,1,0.39336262709511316,0.103730634964045,accepted_observation_geometry,73,73,0,0
simulation-a22,1,0.39623088890553815,0.101357764514728,accepted_observation_geometry,73,73,0,0
simulation-a22,1,0.39909915071596314,0.101357764514728,accepted_observation_geometry,73,73,0,0
simulation-a22,1,0.40196741252638823,0.101357764514728,accepted_observation_geometry,73,73,0,0
simulation-a22,1,0.4048356743368132,0.101357764514728,accepted_observation_geometry,73,73,0,0
simulation-a22,1,0.4077039361472382,0.101357764514728,accepted_observation_geometry,73,73,0,0
simulation-a22,1,0.4105721979576632,0.103730634964045,accepted_observation_geometry,73,73,0,0
simulation-a22,1,0.4134404597680882,0.11796785765994766,accepted_observation_geometry,73,73,0,0
simulation-a22,1,0.4163087215785132,0.11796785765994766,accepted_observation_geometry,73,73,0,0
simulation-a22,1,0.41917698338893816,0.103730634964045,accepted_observation_geometry,73,73,0,0
simulation-a22,1,0.42204524519936315,0.101357764514728,accepted_observation_geometry,73,73,0,0
simulation-a22,1,0.42491350700978814,0.103730634964045,accepted_observation_geometry,73,73,0,0
simulation-a22,1,0.4277817688202131,0.11559498721063055,accepted_observation_geometry,73,73,0,0
simulation-a22,1,0.4306500306306381,0.101357764514728,accepted_observation_geometry,73,73,0,0
simulation-a22,1,0.4335182924410631,0.11322211676131344,accepted_observation_geometry,73,73,0,0
simulation-a22,1,0.4363865542514881,0.11322211676131344,accepted_observation_geometry,73,73,0,0
simulation-a22,1,0.4392548160619131,0.11084924631199633,accepted_observation_geometry,73,73,0,0
simulation-a22,1,0.4421230778723382,0.11796785765994766,accepted_observation_geometry,73,73,0,0
simulation-a22,1,0.44499133968276317,0.11796785765994766,accepted_observation_geometry,73,73,0,0
simulation-a22,1,0.44785960149318815,0.11796785765994766,accepted_observation_geometry,73,73,0,0
simulation-a22,1,0.45072786330361314,0.11559498721063055,accepted_observation_geometry,73,73,0,0
simulation-a22,1,0.45359612511403813,0.11559498721063055,accepted_observation_geometry,73,73,0,0
simulation-a22,1,0.4564643869244631,0.11559498721063055,accepted_observation_geometry,73,73,0,0
simulation-a22,1,0.4593326487348881,0.11559498721063055,accepted_observation_geometry,73,73,0,0
simulation-a22,1,0.4622009105453131,0.11796785765994766,accepted_observation_geometry,73,73,0,0
simulation-a22,1,0.4650691723557381,0.11796785765994766,accepted_observation_geometry,73,73,0,0
simulation-a22,1,0.46793743416616307,0.11796785765994766,accepted_observation_geometry,73,73,0,0
simulation-a22,1,0.47080569597658806,0.12034072810926477,accepted_observation_geometry,73,73,0,0
simulation-a22,1,0.47367395778701304,0.12034072810926477,accepted_observation_geometry,73,73,0,0
simulation-a22,1,0.47654221959743803,0.12034072810926477,accepted_observation_geometry,73,73,0,0
simulation-a22,1,0.479410481407863,0.12271359855858177,accepted_observation_geometry,73,73,0,0
simulation-a22,1,0.4822787432182881,0.12034072810926477,accepted_observation_geometry,73,73,0,0
simulation-a22,1,0.4851470050287131,0.12508646900789888,accepted_observation_geometry,73,73,0,0
simulation-a22,1,0.4880152668391381,0.12508646900789888,accepted_observation_geometry,73,73,0,0
simulation-a22,1,0.4908835286495631,0.12508646900789888,accepted_observation_geometry,73,73,0,0
simulation-a22,1,0.49375179045998807,0.127459339457216,accepted_observation_geometry,73,73,0,0
simulation-a22,1,0.49662005227041306,0.1298322099065331,accepted_observation_geometry,73,73,0,0
simulation-a22,1,0.49948831408083805,0.1298322099065331,accepted_observation_geometry,73,73,0,0
simulation-a22,1,0.502356575891263,0.1322050803558502,accepted_observation_geometry,73,73,0,0
simulation-a22,1,0.505224837701688,0.13457795080516732,accepted_observation_geometry,73,73,0,0
simulation-a22,1,0.508093099512113,0.13457795080516732,accepted_observation_geometry,73,73,0,0
simulation-a22,1,0.510961361322538,0.14169656215311854,accepted_observation_geometry,73,73,0,0
simulation-a22,1,0.513829623132963,0.13457795080516732,accepted_observation_geometry,73,73,0,0
simulation-a22,1,0.516697884943388,0.13457795080516732,accepted_observation_geometry,73,73,0,0
simulation-a22,1,0.519566146753813,0.1322050803558502,accepted_observation_geometry,73,73,0,0
simulation-a22,1,0.5224344085642381,0.14881517350106988,accepted_observation_geometry,73,73,0,0
simulation-a22,1,0.525302670374663,0.15118804395038699,accepted_observation_geometry,73,73,0,0
simulation-a22,1,0.528170932185088,0.13457795080516732,accepted_observation_geometry,73,73,0,0
simulation-a22,1,0.531039193995513,0.14644230305175276,accepted_observation_geometry,73,73,0,0
simulation-a22,1,0.533907455805938,0.14644230305175276,accepted_observation_geometry,73,73,0,0
simulation-a22,1,0.536775717616363,0.14881517350106988,accepted_observation_geometry,73,73,0,0
simulation-a22,1,0.539643979426788,0.14406943260243565,accepted_observation_geometry,73,73,0,0
simulation-a22,1,0.542512241237213,0.14406943260243565,accepted_observation_geometry,73,73,0,0
simulation-a22,1,0.545380503047638,0.14406943260243565,accepted_observation_geometry,73,73,0,0
simulation-a22,1,0.548248764858063,0.14406943260243565,accepted_observation_geometry,73,73,0,0
simulation-a22,1,0.5511170266684879,0.14169656215311854,accepted_observation_geometry,73,73,0,0
simulation-a22,1,0.5539852884789129,0.1559337848490212,accepted_observation_geometry,73,73,0,0
simulation-a22,1,0.5568535502893379,0.127459339457216,accepted_observation_geometry,73,73,0,0
simulation-a22,2,0.5625900739101879,0.16542526664628954,accepted_observation_geometry,29,29,0,0
simulation-a22,2,0.565458335720613,0.16542526664628954,accepted_observation_geometry,29,29,0,0
simulation-a22,2,0.568326597531038,0.16542526664628954,accepted_observation_geometry,29,29,0,0
simulation-a22,2,0.571194859341463,0.14169656215311854,accepted_observation_geometry,29,29,0,0
simulation-a22,2,0.574063121151888,0.14169656215311854,accepted_observation_geometry,29,29,0,0
simulation-a22,2,0.5769313829623129,0.16779813709560665,accepted_observation_geometry,29,29,0,0
simulation-a22,2,0.5797996447727379,0.14406943260243565,accepted_observation_geometry,29,29,0,0
simulation-a22,2,0.5826679065831629,0.17017100754492376,accepted_observation_geometry,29,29,0,0
simulation-a22,2,0.5855361683935879,0.14644230305175276,accepted_observation_geometry,29,29,0,0
simulation-a22,2,0.5884044302040129,0.14644230305175276,accepted_observation_geometry,29,29,0,0
simulation-a22,2,0.5912726920144379,0.14881517350106988,accepted_observation_geometry,29,29,0,0
simulation-a22,2,0.5941409538248629,0.14881517350106988,accepted_observation_geometry,29,29,0,0
simulation-a22,2,0.5970092156352879,0.17254387799424087,accepted_observation_geometry,29,29,0,0
simulation-a22,2,0.5998774774457128,0.15118804395038699,accepted_observation_geometry,29,29,0,0
simulation-a22,2,0.6027457392561378,0.1535609143997041,accepted_observation_geometry,29,29,0,0
simulation-a22,2,0.6056140010665629,0.1535609143997041,accepted_observation_geometry,29,29,0,0
simulation-a22,2,0.6084822628769879,0.1559337848490212,accepted_observation_geometry,29,29,0,0
simulation-a22,2,0.6113505246874129,0.1583066552983382,accepted_observation_geometry,29,29,0,0
simulation-a22,2,0.6142187864978379,0.17491674844355787,accepted_observation_geometry,29,29,0,0
simulation-a22,2,0.6170870483082629,0.17491674844355787,accepted_observation_geometry,29,29,0,0
simulation-a22,2,0.6199553101186879,0.17254387799424087,accepted_observation_geometry,29,29,0,0
simulation-a22,2,0.6228235719291129,0.17491674844355787,accepted_observation_geometry,29,29,0,0
simulation-a22,2,0.6256918337395379,0.17728961889287498,accepted_observation_geometry,29,29,0,0
simulation-a22,2,0.6285600955499628,0.1796624893421921,accepted_observation_geometry,29,29,0,0
simulation-a22,2,0.6314283573603878,0.1796624893421921,accepted_observation_geometry,29,29,0,0
simulation-a22,2,0.6342966191708128,0.1820353597915092,accepted_observation_geometry,29,29,0,0
simulation-a22,2,0.6371648809812378,0.1820353597915092,accepted_observation_geometry,29,29,0,0
simulation-a22,2,0.6400331427916628,0.20339119383536308,accepted_observation_geometry,29,29,0,0
simulation-a22,2,0.6429014046020878,0.2057640642846802,accepted_observation_geometry,29,29,0,0
simulation-a22,3,0.6486379282229378,0.17017100754492376,accepted_observation_geometry,4,4,0,0
simulation-a22,3,0.6515061900333627,0.17254387799424087,accepted_observation_geometry,4,4,0,0
simulation-a22,3,0.6543744518437877,0.17254387799424087,accepted_observation_geometry,4,4,0,0
simulation-a22,3,0.6572427136542127,0.17254387799424087,accepted_observation_geometry,4,4,0,0
simulation-a22,4,0.6916618553793128,0.27220443686555884,accepted_observation_geometry,6,6,0,0
simulation-a22,4,0.6945301171897378,0.27457730731487595,accepted_observation_geometry,6,6,0,0
simulation-a22,4,0.6973983790001628,0.27695017776419306,accepted_observation_geometry,6,6,0,0
simulation-a22,4,0.7002666408105878,0.2888145300107785,accepted_observation_geometry,6,6,0,0
simulation-a22,4,0.7031349026210127,0.29830601180804694,accepted_observation_geometry,6,6,0,0
simulation-a22,4,0.7060031644314377,0.30067888225736394,accepted_observation_geometry,6,6,0,0
simulation-a22,5,0.7633684006399377,0.547457408986342,accepted_observation_geometry,14,14,0,0
simulation-a22,5,0.7662366624503627,0.547457408986342,accepted_observation_geometry,14,14,0,0
simulation-a22,5,0.7691049242607877,0.5759318543781471,accepted_observation_geometry,14,14,0,0
simulation-a22,5,0.7719731860712127,0.5806775952767813,accepted_observation_geometry,14,14,0,0
simulation-a22,5,0.7748414478816377,0.5901690770740496,accepted_observation_geometry,14,14,0,0
simulation-a22,5,0.7777097096920627,0.6162706520165377,accepted_observation_geometry,14,14,0,0
simulation-a22,5,0.7805779715024876,0.6186435224658549,accepted_observation_geometry,14,14,0,0
simulation-a22,5,0.7834462333129126,0.621016392915172,accepted_observation_geometry,14,14,0,0
simulation-a22,5,0.7863144951233376,0.6281350042631232,accepted_observation_geometry,14,14,0,0
simulation-a22,5,0.7891827569337626,0.6233892633644891,accepted_observation_geometry,14,14,0,0
simulation-a22,5,0.7920510187441876,0.621016392915172,accepted_observation_geometry,14,14,0,0
simulation-a22,5,0.7949192805546126,0.6257621338138061,accepted_observation_geometry,14,14,0,0
simulation-a22,5,0.7977875423650376,0.6281350042631232,accepted_observation_geometry,14,14,0,0
simulation-a22,5,0.8006558041754626,0.6328807451617574,accepted_observation_geometry,14,14,0,0
simulation-a22,6,0.8379432077109876,0.6589823201042455,accepted_observation_geometry,2,2,0,0
simulation-a22,6,0.8408114695214126,0.6542365792056113,accepted_observation_geometry,2,2,0,0
simulation-a22,7,0.8465479931422626,0.6399993565097086,accepted_observation_geometry,8,8,0,0
simulation-a22,7,0.8494162549526876,0.6376264860603915,accepted_observation_geometry,8,8,0,0
simulation-a22,7,0.8522845167631126,0.6376264860603915,accepted_observation_geometry,8,8,0,0
simulation-a22,7,0.8551527785735376,0.6257621338138061,accepted_observation_geometry,8,8,0,0
simulation-a22,7,0.8580210403839625,0.6138977815672206,accepted_observation_geometry,8,8,0,0
simulation-a22,7,0.8608893021943875,0.5925419475233668,accepted_observation_geometry,8,8,0,0
simulation-a22,7,0.8637575640048125,0.5901690770740496,accepted_observation_geometry,8,8,0,0
simulation-a22,7,0.8666258258152375,0.5759318543781471,accepted_observation_geometry,8,8,0,0
simulation-a22,8,0.8723623494360875,0.6020334293206351,accepted_observation_geometry,1,1,0,0
simulation-a22,9,0.8780988730569375,0.5759318543781471,accepted_observation_geometry,1,1,0,0
simulation-a22,10,0.8867036584882124,0.5355930567397564,accepted_observation_geometry,2,2,0,0
simulation-a22,10,0.8895719202986374,0.5118643522465856,accepted_observation_geometry,2,2,0,0
simulation-a22,11,0.9039132293507623,0.4477968501150239,accepted_observation_geometry,1,1,0,0
simulation-a22,12,0.9412006328862874,0.2935602709094127,accepted_observation_geometry,194,194,0,0
simulation-a22,12,0.9440688946967124,0.2911874004600956,accepted_observation_geometry,194,194,0,0
simulation-a22,12,0.9469371565071374,0.2888145300107785,accepted_observation_geometry,194,194,0,0
simulation-a22,12,0.9498054183175624,0.27220443686555884,accepted_observation_geometry,194,194,0,0
simulation-a22,12,0.9526736801279874,0.26983156641624173,accepted_observation_geometry,194,194,0,0
simulation-a22,12,0.9555419419384124,0.26983156641624173,accepted_observation_geometry,194,194,0,0
simulation-a22,12,0.9584102037488373,0.2674586959669246,accepted_observation_geometry,194,194,0,0
simulation-a22,12,0.9612784655592623,0.2650858255176075,accepted_observation_geometry,194,194,0,0
simulation-a22,12,0.9641467273696873,0.2627129550682905,accepted_observation_geometry,194,194,0,0
simulation-a22,12,0.9670149891801123,0.2603400846189734,accepted_observation_geometry,194,194,0,0
simulation-a22,12,0.9698832509905373,0.2555943437203392,accepted_observation_geometry,194,194,0,0
simulation-a22,12,0.9727515128009623,0.25322147327102207,accepted_observation_geometry,194,194,0,0
simulation-a22,12,0.9756197746113873,0.24610286192307074,accepted_observation_geometry,194,194,0,0
simulation-a22,12,0.9784880364218123,0.24372999147375374,accepted_observation_geometry,194,194,0,0
simulation-a22,12,0.9813562982322372,0.23898425057511952,accepted_observation_geometry,194,194,0,0
simulation-a22,12,0.9842245600426622,0.2366113801258024,accepted_observation_geometry,194,194,0,0
simulation-a22,12,0.9870928218530872,0.23186563922716819,accepted_observation_geometry,194,194,0,0
simulation-a22,12,0.9899610836635122,0.22949276877785107,accepted_observation_geometry,194,194,0,0
simulation-a22,12,0.9928293454739374,0.22474702787921697,accepted_observation_geometry,194,194,0,0
simulation-a22,12,0.9956976072843624,0.22000128698058274,accepted_observation_geometry,194,194,0,0
simulation-a22,12,0.9985658690947874,0.21762841653126563,accepted_observation_geometry,194,194,0,0
simulation-a22,12,1.0014341309052124,0.2105098051833143,accepted_observation_geometry,194,194,0,0
simulation-a22,12,1.0043023927156374,0.2081369347339973,accepted_observation_geometry,194,194,0,0
simulation-a22,12,1.0071706545260624,0.20101832338604597,accepted_observation_geometry,194,194,0,0
simulation-a22,12,1.0100389163364873,0.20101832338604597,accepted_observation_geometry,194,194,0,0
simulation-a22,12,1.0129071781469123,0.20101832338604597,accepted_observation_geometry,194,194,0,0
simulation-a22,12,1.0157754399573373,0.19389971203809464,accepted_observation_geometry,194,194,0,0
simulation-a22,12,1.0186437017677623,0.18915397113946053,accepted_observation_geometry,194,194,0,0
simulation-a22,12,1.0215119635781873,0.18678110069014342,accepted_observation_geometry,194,194,0,0
simulation-a22,12,1.0243802253886123,0.1820353597915092,accepted_observation_geometry,194,194,0,0
simulation-a22,12,1.0272484871990373,0.1820353597915092,accepted_observation_geometry,194,194,0,0
simulation-a22,12,1.0301167490094623,0.1820353597915092,accepted_observation_geometry,194,194,0,0
simulation-a22,12,1.0329850108198873,0.1796624893421921,accepted_observation_geometry,194,194,0,0
simulation-a22,12,1.0358532726303122,0.17728961889287498,accepted_observation_geometry,194,194,0,0
simulation-a22,12,1.0387215344407372,0.17491674844355787,accepted_observation_geometry,194,194,0,0
simulation-a22,12,1.0415897962511622,0.17491674844355787,accepted_observation_geometry,194,194,0,0
simulation-a22,12,1.0444580580615872,0.17491674844355787,accepted_observation_geometry,194,194,0,0
simulation-a22,12,1.0473263198720122,0.17491674844355787,accepted_observation_geometry,194,194,0,0
simulation-a22,12,1.0501945816824372,0.17017100754492376,accepted_observation_geometry,194,194,0,0
simulation-a22,12,1.0530628434928622,0.16779813709560665,accepted_observation_geometry,194,194,0,0
simulation-a22,12,1.0559311053032872,0.16779813709560665,accepted_observation_geometry,194,194,0,0
simulation-a22,12,1.0587993671137121,0.16542526664628954,accepted_observation_geometry,194,194,0,0
simulation-a22,12,1.0616676289241371,0.16542526664628954,accepted_observation_geometry,194,194,0,0
simulation-a22,12,1.0645358907345621,0.16542526664628954,accepted_observation_geometry,194,194,0,0
simulation-a22,12,1.067404152544987,0.16305239619697243,accepted_observation_geometry,194,194,0,0
simulation-a22,12,1.070272414355412,0.16305239619697243,accepted_observation_geometry,194,194,0,0
simulation-a22,12,1.0731406761658373,0.16305239619697243,accepted_observation_geometry,194,194,0,0
simulation-a22,12,1.0760089379762623,0.16305239619697243,accepted_observation_geometry,194,194,0,0
simulation-a22,12,1.0788771997866873,0.16305239619697243,accepted_observation_geometry,194,194,0,0
simulation-a22,12,1.0817454615971123,0.16067952574765532,accepted_observation_geometry,194,194,0,0
simulation-a22,12,1.0846137234075373,0.16067952574765532,accepted_observation_geometry,194,194,0,0
simulation-a22,12,1.0874819852179622,0.1583066552983382,accepted_observation_geometry,194,194,0,0
simulation-a22,12,1.0903502470283872,0.1583066552983382,accepted_observation_geometry,194,194,0,0
simulation-a22,12,1.0932185088388122,0.1583066552983382,accepted_observation_geometry,194,194,0,0
simulation-a22,12,1.0960867706492372,0.1583066552983382,accepted_observation_geometry,194,194,0,0
simulation-a22,12,1.0989550324596622,0.15118804395038699,accepted_observation_geometry,194,194,0,0
simulation-a22,12,1.1018232942700872,0.14406943260243565,accepted_observation_geometry,194,194,0,0
simulation-a22,12,1.1046915560805122,0.14406943260243565,accepted_observation_geometry,194,194,0,0
simulation-a22,12,1.1075598178909372,0.14881517350106988,accepted_observation_geometry,194,194,0,0
simulation-a22,12,1.1104280797013621,0.13695082125448443,accepted_observation_geometry,194,194,0,0
simulation-a22,12,1.1132963415117871,0.14644230305175276,accepted_observation_geometry,194,194,0,0
simulation-a22,12,1.1161646033222121,0.14644230305175276,accepted_observation_geometry,194,194,0,0
simulation-a22,12,1.1190328651326371,0.13695082125448443,accepted_observation_geometry,194,194,0,0
simulation-a22,12,1.121901126943062,0.13932369170380143,accepted_observation_geometry,194,194,0,0
simulation-a22,12,1.124769388753487,0.13695082125448443,accepted_observation_geometry,194,194,0,0
simulation-a22,12,1.127637650563912,0.13932369170380143,accepted_observation_geometry,194,194,0,0
simulation-a22,12,1.130505912374337,0.13932369170380143,accepted_observation_geometry,194,194,0,0
simulation-a22,12,1.133374174184762,0.13932369170380143,accepted_observation_geometry,194,194,0,0
simulation-a22,12,1.136242435995187,0.13695082125448443,accepted_observation_geometry,194,194,0,0
simulation-a22,12,1.139110697805612,0.13695082125448443,accepted_observation_geometry,194,194,0,0
simulation-a22,12,1.141978959616037,0.13457795080516732,accepted_observation_geometry,194,194,0,0
simulation-a22,12,1.144847221426462,0.1322050803558502,accepted_observation_geometry,194,194,0,0
simulation-a22,12,1.147715483236887,0.1322050803558502,accepted_observation_geometry,194,194,0,0
simulation-a22,12,1.150583745047312,0.1322050803558502,accepted_observation_geometry,194,194,0,0
simulation-a22,12,1.153452006857737,0.13457795080516732,accepted_observation_geometry,194,194,0,0
simulation-a22,12,1.1563202686681622,0.10847637586267922,accepted_observation_geometry,194,194,0,0
simulation-a22,12,1.1591885304785872,0.12034072810926477,accepted_observation_geometry,194,194,0,0
simulation-a22,12,1.1620567922890122,0.12034072810926477,accepted_observation_geometry,194,194,0,0
simulation-a22,12,1.1649250540994371,0.11796785765994766,accepted_observation_geometry,194,194,0,0
simulation-a22,12,1.1677933159098621,0.11796785765994766,accepted_observation_geometry,194,194,0,0
simulation-a22,12,1.1706615777202871,0.11796785765994766,accepted_observation_geometry,194,194,0,0
simulation-a22,12,1.173529839530712,0.11559498721063055,accepted_observation_geometry,194,194,0,0
simulation-a22,12,1.176398101341137,0.11322211676131344,accepted_observation_geometry,194,194,0,0
simulation-a22,12,1.179266363151562,0.11084924631199633,accepted_observation_geometry,194,194,0,0
simulation-a22,12,1.182134624961987,0.11084924631199633,accepted_observation_geometry,194,194,0,0
simulation-a22,12,1.185002886772412,0.10847637586267922,accepted_observation_geometry,194,194,0,0
simulation-a22,12,1.187871148582837,0.10847637586267922,accepted_observation_geometry,194,194,0,0
simulation-a22,12,1.190739410393262,0.10847637586267922,accepted_observation_geometry,194,194,0,0
simulation-a22,12,1.193607672203687,0.11084924631199633,accepted_observation_geometry,194,194,0,0
simulation-a22,12,1.196475934014112,0.10610350541336211,accepted_observation_geometry,194,194,0,0
simulation-a22,12,1.199344195824537,0.10610350541336211,accepted_observation_geometry,194,194,0,0
simulation-a22,12,1.202212457634962,0.10610350541336211,accepted_observation_geometry,194,194,0,0
simulation-a22,12,1.205080719445387,0.11559498721063055,accepted_observation_geometry,194,194,0,0
simulation-a22,12,1.207948981255812,0.11559498721063055,accepted_observation_geometry,194,194,0,0
simulation-a22,12,1.210817243066237,0.11084924631199633,accepted_observation_geometry,194,194,0,0
simulation-a22,12,1.213685504876662,0.11084924631199633,accepted_observation_geometry,194,194,0,0
simulation-a22,12,1.216553766687087,0.10610350541336211,accepted_observation_geometry,194,194,0,0
simulation-a22,12,1.219422028497512,0.103730634964045,accepted_observation_geometry,194,194,0,0
simulation-a22,12,1.222290290307937,0.103730634964045,accepted_observation_geometry,194,194,0,0
simulation-a22,12,1.2251585521183619,0.103730634964045,accepted_observation_geometry,194,194,0,0
simulation-a22,12,1.2280268139287869,0.10610350541336211,accepted_observation_geometry,194,194,0,0
simulation-a22,12,1.2308950757392119,0.09898489406541089,accepted_observation_geometry,194,194,0,0
simulation-a22,12,1.2337633375496369,0.10847637586267922,accepted_observation_geometry,194,194,0,0
simulation-a22,12,1.236631599360062,0.10847637586267922,accepted_observation_geometry,194,194,0,0
simulation-a22,12,1.239499861170487,0.10847637586267922,accepted_observation_geometry,194,194,0,0
simulation-a22,12,1.242368122980912,0.101357764514728,accepted_observation_geometry,194,194,0,0
simulation-a22,12,1.245236384791337,0.10847637586267922,accepted_observation_geometry,194,194,0,0
simulation-a22,12,1.248104646601762,0.10847637586267922,accepted_observation_geometry,194,194,0,0
simulation-a22,12,1.250972908412187,0.09898489406541089,accepted_observation_geometry,194,194,0,0
simulation-a22,12,1.253841170222612,0.101357764514728,accepted_observation_geometry,194,194,0,0
simulation-a22,12,1.256709432033037,0.101357764514728,accepted_observation_geometry,194,194,0,0
simulation-a22,12,1.259577693843462,0.10610350541336211,accepted_observation_geometry,194,194,0,0
simulation-a22,12,1.262445955653887,0.103730634964045,accepted_observation_geometry,194,194,0,0
simulation-a22,12,1.265314217464312,0.10610350541336211,accepted_observation_geometry,194,194,0,0
simulation-a22,12,1.268182479274737,0.10847637586267922,accepted_observation_geometry,194,194,0,0
simulation-a22,12,1.271050741085162,0.10847637586267922,accepted_observation_geometry,194,194,0,0
simulation-a22,12,1.273919002895587,0.10610350541336211,accepted_observation_geometry,194,194,0,0
simulation-a22,12,1.276787264706012,0.103730634964045,accepted_observation_geometry,194,194,0,0
simulation-a22,12,1.2796555265164369,0.103730634964045,accepted_observation_geometry,194,194,0,0
simulation-a22,12,1.2825237883268619,0.10610350541336211,accepted_observation_geometry,194,194,0,0
simulation-a22,12,1.2853920501372869,0.10610350541336211,accepted_observation_geometry,194,194,0,0
simulation-a22,12,1.2882603119477118,0.10610350541336211,accepted_observation_geometry,194,194,0,0
simulation-a22,12,1.2911285737581368,0.10610350541336211,accepted_observation_geometry,194,194,0,0
simulation-a22,12,1.2939968355685618,0.103730634964045,accepted_observation_geometry,194,194,0,0
simulation-a22,12,1.2968650973789868,0.101357764514728,accepted_observation_geometry,194,194,0,0
simulation-a22,12,1.2997333591894118,0.09661202361609378,accepted_observation_geometry,194,194,0,0
simulation-a22,12,1.3026016209998368,0.09661202361609378,accepted_observation_geometry,194,194,0,0
simulation-a22,12,1.3054698828102618,0.09898489406541089,accepted_observation_geometry,194,194,0,0
simulation-a22,12,1.3083381446206868,0.09898489406541089,accepted_observation_geometry,194,194,0,0
simulation-a22,12,1.3112064064311117,0.101357764514728,accepted_observation_geometry,194,194,0,0
simulation-a22,12,1.3140746682415367,0.101357764514728,accepted_observation_geometry,194,194,0,0
simulation-a22,12,1.3169429300519617,0.09898489406541089,accepted_observation_geometry,194,194,0,0
simulation-a22,12,1.319811191862387,0.09898489406541089,accepted_observation_geometry,194,194,0,0
simulation-a22,12,1.322679453672812,0.09898489406541089,accepted_observation_geometry,194,194,0,0
simulation-a22,12,1.325547715483237,0.09898489406541089,accepted_observation_geometry,194,194,0,0
simulation-a22,12,1.328415977293662,0.101357764514728,accepted_observation_geometry,194,194,0,0
simulation-a22,12,1.3312842391040869,0.101357764514728,accepted_observation_geometry,194,194,0,0
simulation-a22,12,1.3341525009145119,0.101357764514728,accepted_observation_geometry,194,194,0,0
simulation-a22,12,1.3370207627249369,0.09898489406541089,accepted_observation_geometry,194,194,0,0
simulation-a22,12,1.3398890245353618,0.101357764514728,accepted_observation_geometry,194,194,0,0
simulation-a22,12,1.3427572863457868,0.103730634964045,accepted_observation_geometry,194,194,0,0
simulation-a22,12,1.3456255481562118,0.10610350541336211,accepted_observation_geometry,194,194,0,0
simulation-a22,12,1.3484938099666368,0.10610350541336211,accepted_observation_geometry,194,194,0,0
simulation-a22,12,1.3513620717770618,0.10847637586267922,accepted_observation_geometry,194,194,0,0
simulation-a22,12,1.3542303335874868,0.11084924631199633,accepted_observation_geometry,194,194,0,0
simulation-a22,12,1.3570985953979118,0.11084924631199633,accepted_observation_geometry,194,194,0,0
simulation-a22,12,1.3599668572083368,0.10610350541336211,accepted_observation_geometry,194,194,0,0
simulation-a22,12,1.3628351190187618,0.103730634964045,accepted_observation_geometry,194,194,0,0
simulation-a22,12,1.3657033808291867,0.103730634964045,accepted_observation_geometry,194,194,0,0
simulation-a22,12,1.3685716426396117,0.103730634964045,accepted_observation_geometry,194,194,0,0
simulation-a22,12,1.3714399044500367,0.10610350541336211,accepted_observation_geometry,194,194,0,0
simulation-a22,12,1.3743081662604617,0.10610350541336211,accepted_observation_geometry,194,194,0,0
simulation-a22,12,1.3771764280708867,0.10610350541336211,accepted_observation_geometry,194,194,0,0
simulation-a22,12,1.3800446898813117,0.10610350541336211,accepted_observation_geometry,194,194,0,0
simulation-a22,12,1.3829129516917367,0.10610350541336211,accepted_observation_geometry,194,194,0,0
simulation-a22,12,1.3857812135021617,0.10610350541336211,accepted_observation_geometry,194,194,0,0
simulation-a22,12,1.3886494753125866,0.10847637586267922,accepted_observation_geometry,194,194,0,0
simulation-a22,12,1.3915177371230116,0.10847637586267922,accepted_observation_geometry,194,194,0,0
simulation-a22,12,1.3943859989334366,0.10610350541336211,accepted_observation_geometry,194,194,0,0
simulation-a22,12,1.3972542607438616,0.10610350541336211,accepted_observation_geometry,194,194,0,0
simulation-a22,12,1.4001225225542868,0.10847637586267922,accepted_observation_geometry,194,194,0,0
simulation-a22,12,1.4029907843647118,0.10610350541336211,accepted_observation_geometry,194,194,0,0
simulation-a22,12,1.4058590461751368,0.11084924631199633,accepted_observation_geometry,194,194,0,0
simulation-a22,12,1.4087273079855618,0.10610350541336211,accepted_observation_geometry,194,194,0,0
simulation-a22,12,1.4115955697959868,0.10610350541336211,accepted_observation_geometry,194,194,0,0
simulation-a22,12,1.4144638316064118,0.10610350541336211,accepted_observation_geometry,194,194,0,0
simulation-a22,12,1.4173320934168367,0.10847637586267922,accepted_observation_geometry,194,194,0,0
simulation-a22,12,1.4202003552272617,0.10847637586267922,accepted_observation_geometry,194,194,0,0
simulation-a22,12,1.4230686170376867,0.11322211676131344,accepted_observation_geometry,194,194,0,0
simulation-a22,12,1.4259368788481117,0.11322211676131344,accepted_observation_geometry,194,194,0,0
simulation-a22,12,1.4288051406585367,0.11084924631199633,accepted_observation_geometry,194,194,0,0
simulation-a22,12,1.4316734024689617,0.12034072810926477,accepted_observation_geometry,194,194,0,0
simulation-a22,12,1.4345416642793867,0.12034072810926477,accepted_observation_geometry,194,194,0,0
simulation-a22,12,1.4374099260898117,0.11796785765994766,accepted_observation_geometry,194,194,0,0
simulation-a22,12,1.4402781879002367,0.11796785765994766,accepted_observation_geometry,194,194,0,0
simulation-a22,12,1.4431464497106616,0.11796785765994766,accepted_observation_geometry,194,194,0,0
simulation-a22,12,1.4460147115210866,0.11796785765994766,accepted_observation_geometry,194,194,0,0
simulation-a22,12,1.4488829733315116,0.12034072810926477,accepted_observation_geometry,194,194,0,0
simulation-a22,12,1.4517512351419366,0.11796785765994766,accepted_observation_geometry,194,194,0,0
simulation-a22,12,1.4546194969523616,0.11322211676131344,accepted_observation_geometry,194,194,0,0
simulation-a22,12,1.4574877587627866,0.11796785765994766,accepted_observation_geometry,194,194,0,0
simulation-a22,12,1.4603560205732116,0.11796785765994766,accepted_observation_geometry,194,194,0,0
simulation-a22,12,1.4632242823836366,0.12271359855858177,accepted_observation_geometry,194,194,0,0
simulation-a22,12,1.4660925441940615,0.13457795080516732,accepted_observation_geometry,194,194,0,0
simulation-a22,12,1.4689608060044865,0.14169656215311854,accepted_observation_geometry,194,194,0,0
simulation-a22,12,1.4718290678149115,0.14169656215311854,accepted_observation_geometry,194,194,0,0
simulation-a22,12,1.4746973296253365,0.13932369170380143,accepted_observation_geometry,194,194,0,0
simulation-a22,12,1.4775655914357615,0.14169656215311854,accepted_observation_geometry,194,194,0,0
simulation-a22,12,1.4804338532461865,0.14406943260243565,accepted_observation_geometry,194,194,0,0
simulation-a22,12,1.4833021150566117,0.14644230305175276,accepted_observation_geometry,194,194,0,0
simulation-a22,12,1.4861703768670367,0.14881517350106988,accepted_observation_geometry,194,194,0,0
simulation-a22,12,1.4890386386774617,0.15118804395038699,accepted_observation_geometry,194,194,0,0
simulation-a22,12,1.4919069004878867,0.1535609143997041,accepted_observation_geometry,194,194,0,0
simulation-a22,12,1.4947751622983116,0.1559337848490212,accepted_observation_geometry,194,194,0,0
simulation-a22,13,1.5005116859191616,0.1583066552983382,accepted_observation_geometry,1,1,0,0
simulation-a22,14,1.5062482095400116,0.16067952574765532,accepted_observation_geometry,15,15,0,0
simulation-a22,14,1.5091164713504366,0.16305239619697243,accepted_observation_geometry,15,15,0,0
simulation-a22,14,1.5119847331608616,0.16542526664628954,accepted_observation_geometry,15,15,0,0
simulation-a22,14,1.5148529949712866,0.16542526664628954,accepted_observation_geometry,15,15,0,0
simulation-a22,14,1.5177212567817115,0.16779813709560665,accepted_observation_geometry,15,15,0,0
simulation-a22,14,1.5205895185921365,0.17017100754492376,accepted_observation_geometry,15,15,0,0
simulation-a22,14,1.5234577804025615,0.17017100754492376,accepted_observation_geometry,15,15,0,0
simulation-a22,14,1.5263260422129865,0.17017100754492376,accepted_observation_geometry,15,15,0,0
simulation-a22,14,1.5291943040234115,0.17017100754492376,accepted_observation_geometry,15,15,0,0
simulation-a22,14,1.5320625658338365,0.17254387799424087,accepted_observation_geometry,15,15,0,0
simulation-a22,14,1.5349308276442615,0.17254387799424087,accepted_observation_geometry,15,15,0,0
simulation-a22,14,1.5377990894546865,0.17491674844355787,accepted_observation_geometry,15,15,0,0
simulation-a22,14,1.5406673512651115,0.17491674844355787,accepted_observation_geometry,15,15,0,0
simulation-a22,14,1.5435356130755364,0.17728961889287498,accepted_observation_geometry,15,15,0,0
simulation-a22,14,1.5464038748859614,0.17728961889287498,accepted_observation_geometry,15,15,0,0
simulation-a22,15,1.5521403985068114,0.18915397113946053,accepted_observation_geometry,2,2,0,0
simulation-a22,15,1.5550086603172364,0.18678110069014342,accepted_observation_geometry,2,2,0,0
simulation-a22,16,1.5636134457485116,0.16542526664628954,accepted_observation_geometry,21,21,0,0
simulation-a22,16,1.5664817075589366,0.19627258248741175,accepted_observation_geometry,21,21,0,0
simulation-a22,16,1.5693499693693616,0.16542526664628954,accepted_observation_geometry,21,21,0,0
simulation-a22,16,1.5722182311797865,0.17017100754492376,accepted_observation_geometry,21,21,0,0
simulation-a22,16,1.5750864929902115,0.16542526664628954,accepted_observation_geometry,21,21,0,0
simulation-a22,16,1.5779547548006365,0.19864545293672886,accepted_observation_geometry,21,21,0,0
simulation-a22,16,1.5808230166110615,0.19864545293672886,accepted_observation_geometry,21,21,0,0
simulation-a22,16,1.5836912784214865,0.20101832338604597,accepted_observation_geometry,21,21,0,0
simulation-a22,16,1.5865595402319115,0.20101832338604597,accepted_observation_geometry,21,21,0,0
simulation-a22,16,1.5894278020423365,0.20101832338604597,accepted_observation_geometry,21,21,0,0
simulation-a22,16,1.5922960638527615,0.20339119383536308,accepted_observation_geometry,21,21,0,0
simulation-a22,16,1.5951643256631864,0.20101832338604597,accepted_observation_geometry,21,21,0,0
simulation-a22,16,1.5980325874736114,0.19864545293672886,accepted_observation_geometry,21,21,0,0
simulation-a22,16,1.6009008492840364,0.19864545293672886,accepted_observation_geometry,21,21,0,0
simulation-a22,16,1.6037691110944614,0.19389971203809464,accepted_observation_geometry,21,21,0,0
simulation-a22,16,1.6066373729048864,0.19627258248741175,accepted_observation_geometry,21,21,0,0
simulation-a22,16,1.6095056347153114,0.20101832338604597,accepted_observation_geometry,21,21,0,0
simulation-a22,16,1.6123738965257364,0.20101832338604597,accepted_observation_geometry,21,21,0,0
simulation-a22,16,1.6152421583361614,0.20101832338604597,accepted_observation_geometry,21,21,0,0
simulation-a22,16,1.6181104201465863,0.20101832338604597,accepted_observation_geometry,21,21,0,0
simulation-a22,16,1.6209786819570113,0.20101832338604597,accepted_observation_geometry,21,21,0,0
simulation-a33,0,0.0405664244128387,0.031358086259873685,accepted_observation_geometry,545,545,0,0
simulation-a33,0,0.04343468622326374,0.03017165103521502,accepted_observation_geometry,545,545,0,0
simulation-a33,0,0.04630294803368873,0.03017165103521502,accepted_observation_geometry,545,545,0,0
simulation-a33,0,0.04917120984411372,0.03017165103521502,accepted_observation_geometry,545,545,0,0
simulation-a33,0,0.052039471654538705,0.02779878058589791,accepted_observation_geometry,545,545,0,0
simulation-a33,0,0.05490773346496369,0.026612345361239464,accepted_observation_geometry,545,545,0,0
simulation-a33,0,0.05777599527538868,0.03017165103521502,accepted_observation_geometry,545,545,0,0
simulation-a33,0,0.06064425708581367,0.03017165103521502,accepted_observation_geometry,545,545,0,0
simulation-a33,0,0.06351251889623871,0.03017165103521502,accepted_observation_geometry,545,545,0,0
simulation-a33,0,0.0663807807066637,0.03017165103521502,accepted_observation_geometry,545,545,0,0
simulation-a33,0,0.06924904251708869,0.03017165103521502,accepted_observation_geometry,545,545,0,0
simulation-a33,0,0.07211730432751368,0.03017165103521502,accepted_observation_geometry,545,545,0,0
simulation-a33,0,0.07498556613793866,0.03017165103521502,accepted_observation_geometry,545,545,0,0
simulation-a33,0,0.07785382794836365,0.03017165103521502,accepted_observation_geometry,545,545,0,0
simulation-a33,0,0.08072208975878864,0.03017165103521502,accepted_observation_geometry,545,545,0,0
simulation-a33,0,0.08359035156921368,0.03017165103521502,accepted_observation_geometry,545,545,0,0
simulation-a33,0,0.08645861337963867,0.03017165103521502,accepted_observation_geometry,545,545,0,0
simulation-a33,0,0.08932687519006366,0.03017165103521502,accepted_observation_geometry,545,545,0,0
simulation-a33,0,0.09219513700048865,0.03017165103521502,accepted_observation_geometry,545,545,0,0
simulation-a33,0,0.09506339881091364,0.028985215810556575,accepted_observation_geometry,545,545,0,0
simulation-a33,0,0.09793166062133862,0.028985215810556575,accepted_observation_geometry,545,545,0,0
simulation-a33,0,0.10079992243176361,0.028985215810556575,accepted_observation_geometry,545,545,0,0
simulation-a33,0,0.1036681842421886,0.028985215810556575,accepted_observation_geometry,545,545,0,0
simulation-a33,0,0.10653644605261364,0.028985215810556575,accepted_observation_geometry,545,545,0,0
simulation-a33,0,0.10940470786303863,0.02779878058589791,accepted_observation_geometry,545,545,0,0
simulation-a33,0,0.11227296967346362,0.02779878058589791,accepted_observation_geometry,545,545,0,0
simulation-a33,0,0.1151412314838886,0.02779878058589791,accepted_observation_geometry,545,545,0,0
simulation-a33,0,0.1180094932943136,0.03017165103521502,accepted_observation_geometry,545,545,0,0
simulation-a33,0,0.12087775510473858,0.03017165103521502,accepted_observation_geometry,545,545,0,0
simulation-a33,0,0.12374601691516357,0.028985215810556575,accepted_observation_geometry,545,545,0,0
simulation-a33,0,0.1266142787255886,0.028985215810556575,accepted_observation_geometry,545,545,0,0
simulation-a33,0,0.1294825405360136,0.028985215810556575,accepted_observation_geometry,545,545,0,0
simulation-a33,0,0.1323508023464386,0.028985215810556575,accepted_observation_geometry,545,545,0,0
simulation-a33,0,0.13521906415686358,0.026612345361239464,accepted_observation_geometry,545,545,0,0
simulation-a33,0,0.13808732596728857,0.02779878058589791,accepted_observation_geometry,545,545,0,0
simulation-a33,0,0.14095558777771355,0.02779878058589791,accepted_observation_geometry,545,545,0,0
simulation-a33,0,0.14382384958813854,0.02779878058589791,accepted_observation_geometry,545,545,0,0
simulation-a33,0,0.14669211139856353,0.03017165103521502,accepted_observation_geometry,545,545,0,0
simulation-a33,0,0.14956037320898852,0.03017165103521502,accepted_observation_geometry,545,545,0,0
simulation-a33,0,0.1524286350194135,0.03017165103521502,accepted_observation_geometry,545,545,0,0
simulation-a33,0,0.1552968968298386,0.03017165103521502,accepted_observation_geometry,545,545,0,0
simulation-a33,0,0.1581651586402636,0.03017165103521502,accepted_observation_geometry,545,545,0,0
simulation-a33,0,0.16103342045068858,0.03017165103521502,accepted_observation_geometry,545,545,0,0
simulation-a33,0,0.16390168226111357,0.03017165103521502,accepted_observation_geometry,545,545,0,0
simulation-a33,0,0.16676994407153856,0.03017165103521502,accepted_observation_geometry,545,545,0,0
simulation-a33,0,0.16963820588196354,0.03017165103521502,accepted_observation_geometry,545,545,0,0
simulation-a33,0,0.17250646769238853,0.03017165103521502,accepted_observation_geometry,545,545,0,0
simulation-a33,0,0.17537472950281352,0.03017165103521502,accepted_observation_geometry,545,545,0,0
simulation-a33,0,0.1782429913132385,0.03017165103521502,accepted_observation_geometry,545,545,0,0
simulation-a33,0,0.1811112531236635,0.03017165103521502,accepted_observation_geometry,545,545,0,0
simulation-a33,0,0.18397951493408848,0.03017165103521502,accepted_observation_geometry,545,545,0,0
simulation-a33,0,0.18684777674451347,0.03017165103521502,accepted_observation_geometry,545,545,0,0
simulation-a33,0,0.18971603855493846,0.03017165103521502,accepted_observation_geometry,545,545,0,0
simulation-a33,0,0.19258430036536345,0.03017165103521502,accepted_observation_geometry,545,545,0,0
simulation-a33,0,0.19545256217578855,0.03017165103521502,accepted_observation_geometry,545,545,0,0
simulation-a33,0,0.19832082398621353,0.02779878058589791,accepted_observation_geometry,545,545,0,0
simulation-a33,0,0.20118908579663852,0.031358086259873685,accepted_observation_geometry,545,545,0,0
simulation-a33,0,0.2040573476070635,0.031358086259873685,accepted_observation_geometry,545,545,0,0
simulation-a33,0,0.2069256094174885,0.03017165103521502,accepted_observation_geometry,545,545,0,0
simulation-a33,0,0.2097938712279135,0.03017165103521502,accepted_observation_geometry,545,545,0,0
simulation-a33,0,0.21266213303833847,0.031358086259873685,accepted_observation_geometry,545,545,0,0
simulation-a33,0,0.21553039484876346,0.03017165103521502,accepted_observation_geometry,545,545,0,0
simulation-a33,0,0.21839865665918845,0.03017165103521502,accepted_observation_geometry,545,545,0,0
simulation-a33,0,0.22126691846961344,0.03017165103521502,accepted_observation_geometry,545,545,0,0
simulation-a33,0,0.22413518028003843,0.03017165103521502,accepted_observation_geometry,545,545,0,0
simulation-a33,0,0.22700344209046341,0.03017165103521502,accepted_observation_geometry,545,545,0,0
simulation-a33,0,0.2298717039008884,0.03017165103521502,accepted_observation_geometry,545,545,0,0
simulation-a33,0,0.2327399657113134,0.03017165103521502,accepted_observation_geometry,545,545,0,0
simulation-a33,0,0.23560822752173838,0.03017165103521502,accepted_observation_geometry,545,545,0,0
simulation-a33,0,0.23847648933216348,0.03017165103521502,accepted_observation_geometry,545,545,0,0
simulation-a33,0,0.24134475114258847,0.03017165103521502,accepted_observation_geometry,545,545,0,0
simulation-a33,0,0.24421301295301345,0.03017165103521502,accepted_observation_geometry,545,545,0,0
simulation-a33,0,0.24708127476343844,0.03017165103521502,accepted_observation_geometry,545,545,0,0
simulation-a33,0,0.24994953657386343,0.03017165103521502,accepted_observation_geometry,545,545,0,0
simulation-a33,0,0.2528177983842884,0.03017165103521502,accepted_observation_geometry,545,545,0,0
simulation-a33,0,0.2556860601947134,0.03017165103521502,accepted_observation_geometry,545,545,0,0
simulation-a33,0,0.2585543220051384,0.03017165103521502,accepted_observation_geometry,545,545,0,0
simulation-a33,0,0.2614225838155634,0.03017165103521502,accepted_observation_geometry,545,545,0,0
simulation-a33,0,0.26429084562598837,0.03017165103521502,accepted_observation_geometry,545,545,0,0
simulation-a33,0,0.26715910743641336,0.03017165103521502,accepted_observation_geometry,545,545,0,0
simulation-a33,0,0.27002736924683834,0.03017165103521502,accepted_observation_geometry,545,545,0,0
simulation-a33,0,0.27289563105726333,0.03017165103521502,accepted_observation_geometry,545,545,0,0
simulation-a33,0,0.2757638928676883,0.031358086259873685,accepted_observation_geometry,545,545,0,0
simulation-a33,0,0.2786321546781134,0.031358086259873685,accepted_observation_geometry,545,545,0,0
simulation-a33,0,0.2815004164885384,0.031358086259873685,accepted_observation_geometry,545,545,0,0
simulation-a33,0,0.2843686782989634,0.031358086259873685,accepted_observation_geometry,545,545,0,0
simulation-a33,0,0.2872369401093884,0.031358086259873685,accepted_observation_geometry,545,545,0,0
simulation-a33,0,0.29010520191981337,0.031358086259873685,accepted_observation_geometry,545,545,0,0
simulation-a33,0,0.29297346373023836,0.031358086259873685,accepted_observation_geometry,545,545,0,0
simulation-a33,0,0.29584172554066335,0.031358086259873685,accepted_observation_geometry,545,545,0,0
simulation-a33,0,0.29870998735108834,0.031358086259873685,accepted_observation_geometry,545,545,0,0
simulation-a33,0,0.3015782491615133,0.03254452148453213,accepted_observation_geometry,545,545,0,0
simulation-a33,0,0.3044465109719383,0.03254452148453213,accepted_observation_geometry,545,545,0,0
simulation-a33,0,0.3073147727823633,0.03254452148453213,accepted_observation_geometry,545,545,0,0
simulation-a33,0,0.3101830345927883,0.03254452148453213,accepted_observation_geometry,545,545,0,0
simulation-a33,0,0.3130512964032133,0.03254452148453213,accepted_observation_geometry,545,545,0,0
simulation-a33,0,0.31591955821363826,0.03254452148453213,accepted_observation_geometry,545,545,0,0
simulation-a33,0,0.31878782002406336,0.03254452148453213,accepted_observation_geometry,545,545,0,0
simulation-a33,0,0.32165608183448835,0.03254452148453213,accepted_observation_geometry,545,545,0,0
simulation-a33,0,0.32452434364491334,0.03254452148453213,accepted_observation_geometry,545,545,0,0
simulation-a33,0,0.3273926054553383,0.03254452148453213,accepted_observation_geometry,545,545,0,0
simulation-a33,0,0.3302608672657633,0.03254452148453213,accepted_observation_geometry,545,545,0,0
simulation-a33,0,0.3331291290761883,0.03254452148453213,accepted_observation_geometry,545,545,0,0
simulation-a33,0,0.3359973908866133,0.03254452148453213,accepted_observation_geometry,545,545,0,0
simulation-a33,0,0.3388656526970383,0.03254452148453213,accepted_observation_geometry,545,545,0,0
simulation-a33,0,0.34173391450746327,0.03254452148453213,accepted_observation_geometry,545,545,0,0
simulation-a33,0,0.34460217631788825,0.03254452148453213,accepted_observation_geometry,545,545,0,0
simulation-a33,0,0.34747043812831324,0.03254452148453213,accepted_observation_geometry,545,545,0,0
simulation-a33,0,0.35033869993873823,0.03254452148453213,accepted_observation_geometry,545,545,0,0
simulation-a33,0,0.3532069617491632,0.03254452148453213,accepted_observation_geometry,545,545,0,0
simulation-a33,0,0.3560752235595882,0.03254452148453213,accepted_observation_geometry,545,545,0,0
simulation-a33,0,0.3589434853700133,0.03254452148453213,accepted_observation_geometry,545,545,0,0
simulation-a33,0,0.3618117471804383,0.03254452148453213,accepted_observation_geometry,545,545,0,0
simulation-a33,0,0.3646800089908633,0.03017165103521502,accepted_observation_geometry,545,545,0,0
simulation-a33,0,0.36754827080128827,0.033730956709190796,accepted_observation_geometry,545,545,0,0
simulation-a33,0,0.37041653261171326,0.03254452148453213,accepted_observation_geometry,545,545,0,0
simulation-a33,0,0.37328479442213824,0.03254452148453213,accepted_observation_geometry,545,545,0,0
simulation-a33,0,0.37615305623256323,0.03254452148453213,accepted_observation_geometry,545,545,0,0
simulation-a33,0,0.3790213180429882,0.03254452148453213,accepted_observation_geometry,545,545,0,0
simulation-a33,0,0.3818895798534132,0.03017165103521502,accepted_observation_geometry,545,545,0,0
simulation-a33,0,0.3847578416638382,0.028985215810556575,accepted_observation_geometry,545,545,0,0
simulation-a33,0,0.3876261034742632,0.03254452148453213,accepted_observation_geometry,545,545,0,0
simulation-a33,0,0.39049436528468817,0.03254452148453213,accepted_observation_geometry,545,545,0,0
simulation-a33,0,0.39336262709511316,0.03254452148453213,accepted_observation_geometry,545,545,0,0
simulation-a33,0,0.39623088890553815,0.03254452148453213,accepted_observation_geometry,545,545,0,0
simulation-a33,0,0.39909915071596314,0.03254452148453213,accepted_observation_geometry,545,545,0,0
simulation-a33,0,0.40196741252638823,0.03254452148453213,accepted_observation_geometry,545,545,0,0
simulation-a33,0,0.4048356743368132,0.03254452148453213,accepted_observation_geometry,545,545,0,0
simulation-a33,0,0.4077039361472382,0.03254452148453213,accepted_observation_geometry,545,545,0,0
simulation-a33,0,0.4105721979576632,0.03254452148453213,accepted_observation_geometry,545,545,0,0
simulation-a33,0,0.4134404597680882,0.03254452148453213,accepted_observation_geometry,545,545,0,0
simulation-a33,0,0.4163087215785132,0.03254452148453213,accepted_observation_geometry,545,545,0,0
simulation-a33,0,0.41917698338893816,0.03254452148453213,accepted_observation_geometry,545,545,0,0
simulation-a33,0,0.42204524519936315,0.03254452148453213,accepted_observation_geometry,545,545,0,0
simulation-a33,0,0.42491350700978814,0.03254452148453213,accepted_observation_geometry,545,545,0,0
simulation-a33,0,0.4277817688202131,0.03254452148453213,accepted_observation_geometry,545,545,0,0
simulation-a33,0,0.4306500306306381,0.03254452148453213,accepted_observation_geometry,545,545,0,0
simulation-a33,0,0.4335182924410631,0.03254452148453213,accepted_observation_geometry,545,545,0,0
simulation-a33,0,0.4363865542514881,0.03254452148453213,accepted_observation_geometry,545,545,0,0
simulation-a33,0,0.4392548160619131,0.03254452148453213,accepted_observation_geometry,545,545,0,0
simulation-a33,0,0.4421230778723382,0.03254452148453213,accepted_observation_geometry,545,545,0,0
simulation-a33,0,0.44499133968276317,0.031358086259873685,accepted_observation_geometry,545,545,0,0
simulation-a33,0,0.44785960149318815,0.03017165103521502,accepted_observation_geometry,545,545,0,0
simulation-a33,0,0.45072786330361314,0.03254452148453213,accepted_observation_geometry,545,545,0,0
simulation-a33,0,0.45359612511403813,0.03254452148453213,accepted_observation_geometry,545,545,0,0
simulation-a33,0,0.4564643869244631,0.03254452148453213,accepted_observation_geometry,545,545,0,0
simulation-a33,0,0.4593326487348881,0.03254452148453213,accepted_observation_geometry,545,545,0,0
simulation-a33,0,0.4622009105453131,0.033730956709190796,accepted_observation_geometry,545,545,0,0
simulation-a33,0,0.4650691723557381,0.03017165103521502,accepted_observation_geometry,545,545,0,0
simulation-a33,0,0.46793743416616307,0.03254452148453213,accepted_observation_geometry,545,545,0,0
simulation-a33,0,0.47080569597658806,0.03254452148453213,accepted_observation_geometry,545,545,0,0
simulation-a33,0,0.47367395778701304,0.03254452148453213,accepted_observation_geometry,545,545,0,0
simulation-a33,0,0.47654221959743803,0.031358086259873685,accepted_observation_geometry,545,545,0,0
simulation-a33,0,0.479410481407863,0.03017165103521502,accepted_observation_geometry,545,545,0,0
simulation-a33,0,0.4822787432182881,0.031358086259873685,accepted_observation_geometry,545,545,0,0
simulation-a33,0,0.4851470050287131,0.031358086259873685,accepted_observation_geometry,545,545,0,0
simulation-a33,0,0.4880152668391381,0.031358086259873685,accepted_observation_geometry,545,545,0,0
simulation-a33,0,0.4908835286495631,0.031358086259873685,accepted_observation_geometry,545,545,0,0
simulation-a33,0,0.49375179045998807,0.03017165103521502,accepted_observation_geometry,545,545,0,0
simulation-a33,0,0.49662005227041306,0.03017165103521502,accepted_observation_geometry,545,545,0,0
simulation-a33,0,0.49948831408083805,0.03017165103521502,accepted_observation_geometry,545,545,0,0
simulation-a33,0,0.502356575891263,0.03017165103521502,accepted_observation_geometry,545,545,0,0
simulation-a33,0,0.505224837701688,0.03017165103521502,accepted_observation_geometry,545,545,0,0
simulation-a33,0,0.508093099512113,0.03017165103521502,accepted_observation_geometry,545,545,0,0
simulation-a33,0,0.510961361322538,0.03017165103521502,accepted_observation_geometry,545,545,0,0
simulation-a33,0,0.513829623132963,0.03017165103521502,accepted_observation_geometry,545,545,0,0
simulation-a33,0,0.516697884943388,0.03017165103521502,accepted_observation_geometry,545,545,0,0
simulation-a33,0,0.519566146753813,0.03017165103521502,accepted_observation_geometry,545,545,0,0
simulation-a33,0,0.5224344085642381,0.03017165103521502,accepted_observation_geometry,545,545,0,0
simulation-a33,0,0.525302670374663,0.03017165103521502,accepted_observation_geometry,545,545,0,0
simulation-a33,0,0.528170932185088,0.03017165103521502,accepted_observation_geometry,545,545,0,0
simulation-a33,0,0.531039193995513,0.031358086259873685,accepted_observation_geometry,545,545,0,0
simulation-a33,0,0.533907455805938,0.031358086259873685,accepted_observation_geometry,545,545,0,0
simulation-a33,0,0.536775717616363,0.03017165103521502,accepted_observation_geometry,545,545,0,0
simulation-a33,0,0.539643979426788,0.031358086259873685,accepted_observation_geometry,545,545,0,0
simulation-a33,0,0.542512241237213,0.03017165103521502,accepted_observation_geometry,545,545,0,0
simulation-a33,0,0.545380503047638,0.031358086259873685,accepted_observation_geometry,545,545,0,0
simulation-a33,0,0.548248764858063,0.03017165103521502,accepted_observation_geometry,545,545,0,0
simulation-a33,0,0.5511170266684879,0.03017165103521502,accepted_observation_geometry,545,545,0,0
simulation-a33,0,0.5539852884789129,0.03017165103521502,accepted_observation_geometry,545,545,0,0
simulation-a33,0,0.5568535502893379,0.03017165103521502,accepted_observation_geometry,545,545,0,0
simulation-a33,0,0.5597218120997629,0.03017165103521502,accepted_observation_geometry,545,545,0,0
simulation-a33,0,0.5625900739101879,0.03017165103521502,accepted_observation_geometry,545,545,0,0
simulation-a33,0,0.565458335720613,0.03017165103521502,accepted_observation_geometry,545,545,0,0
simulation-a33,0,0.568326597531038,0.03017165103521502,accepted_observation_geometry,545,545,0,0
simulation-a33,0,0.571194859341463,0.03017165103521502,accepted_observation_geometry,545,545,0,0
simulation-a33,0,0.574063121151888,0.03017165103521502,accepted_observation_geometry,545,545,0,0
simulation-a33,0,0.5769313829623129,0.03017165103521502,accepted_observation_geometry,545,545,0,0
simulation-a33,0,0.5797996447727379,0.03017165103521502,accepted_observation_geometry,545,545,0,0
simulation-a33,0,0.5826679065831629,0.03017165103521502,accepted_observation_geometry,545,545,0,0
simulation-a33,0,0.5855361683935879,0.03017165103521502,accepted_observation_geometry,545,545,0,0
simulation-a33,0,0.5884044302040129,0.03017165103521502,accepted_observation_geometry,545,545,0,0
simulation-a33,0,0.5912726920144379,0.03017165103521502,accepted_observation_geometry,545,545,0,0
simulation-a33,0,0.5941409538248629,0.03017165103521502,accepted_observation_geometry,545,545,0,0
simulation-a33,0,0.5970092156352879,0.03017165103521502,accepted_observation_geometry,545,545,0,0
simulation-a33,0,0.5998774774457128,0.03017165103521502,accepted_observation_geometry,545,545,0,0
simulation-a33,0,0.6027457392561378,0.03017165103521502,accepted_observation_geometry,545,545,0,0
simulation-a33,0,0.6056140010665629,0.03017165103521502,accepted_observation_geometry,545,545,0,0
simulation-a33,0,0.6084822628769879,0.031358086259873685,accepted_observation_geometry,545,545,0,0
simulation-a33,0,0.6113505246874129,0.03017165103521502,accepted_observation_geometry,545,545,0,0
simulation-a33,0,0.6142187864978379,0.031358086259873685,accepted_observation_geometry,545,545,0,0
simulation-a33,0,0.6170870483082629,0.031358086259873685,accepted_observation_geometry,545,545,0,0
simulation-a33,0,0.6199553101186879,0.031358086259873685,accepted_observation_geometry,545,545,0,0
simulation-a33,0,0.6228235719291129,0.031358086259873685,accepted_observation_geometry,545,545,0,0
simulation-a33,0,0.6256918337395379,0.031358086259873685,accepted_observation_geometry,545,545,0,0
simulation-a33,0,0.6285600955499628,0.03491739193384924,accepted_observation_geometry,545,545,0,0
simulation-a33,0,0.6314283573603878,0.03254452148453213,accepted_observation_geometry,545,545,0,0
simulation-a33,0,0.6342966191708128,0.03254452148453213,accepted_observation_geometry,545,545,0,0
simulation-a33,0,0.6371648809812378,0.03254452148453213,accepted_observation_geometry,545,545,0,0
simulation-a33,0,0.6400331427916628,0.03254452148453213,accepted_observation_geometry,545,545,0,0
simulation-a33,0,0.6429014046020878,0.03254452148453213,accepted_observation_geometry,545,545,0,0
simulation-a33,0,0.6457696664125128,0.03254452148453213,accepted_observation_geometry,545,545,0,0
simulation-a33,0,0.6486379282229378,0.033730956709190796,accepted_observation_geometry,545,545,0,0
simulation-a33,0,0.6515061900333627,0.03491739193384924,accepted_observation_geometry,545,545,0,0
simulation-a33,0,0.6543744518437877,0.03491739193384924,accepted_observation_geometry,545,545,0,0
simulation-a33,0,0.6572427136542127,0.03491739193384924,accepted_observation_geometry,545,545,0,0
simulation-a33,0,0.6601109754646377,0.03491739193384924,accepted_observation_geometry,545,545,0,0
simulation-a33,0,0.6629792372750627,0.036103827158507906,accepted_observation_geometry,545,545,0,0
simulation-a33,0,0.6658474990854879,0.036103827158507906,accepted_observation_geometry,545,545,0,0
simulation-a33,0,0.6687157608959129,0.036103827158507906,accepted_observation_geometry,545,545,0,0
simulation-a33,0,0.6715840227063379,0.03729026238316635,accepted_observation_geometry,545,545,0,0
simulation-a33,0,0.6744522845167629,0.03729026238316635,accepted_observation_geometry,545,545,0,0
simulation-a33,0,0.6773205463271879,0.03729026238316635,accepted_observation_geometry,545,545,0,0
simulation-a33,0,0.6801888081376128,0.03729026238316635,accepted_observation_geometry,545,545,0,0
simulation-a33,0,0.6830570699480378,0.03847669760782502,accepted_observation_geometry,545,545,0,0
simulation-a33,0,0.6859253317584628,0.03847669760782502,accepted_observation_geometry,545,545,0,0
simulation-a33,0,0.6887935935688878,0.03847669760782502,accepted_observation_geometry,545,545,0,0
simulation-a33,0,0.6916618553793128,0.03017165103521502,accepted_observation_geometry,545,545,0,0
simulation-a33,0,0.6945301171897378,0.03729026238316635,accepted_observation_geometry,545,545,0,0
simulation-a33,0,0.6973983790001628,0.040849568057141905,accepted_observation_geometry,545,545,0,0
simulation-a33,0,0.7002666408105878,0.03966313283248346,accepted_observation_geometry,545,545,0,0
simulation-a33,0,0.7031349026210127,0.03966313283248346,accepted_observation_geometry,545,545,0,0
simulation-a33,0,0.7060031644314377,0.03966313283248346,accepted_observation_geometry,545,545,0,0
simulation-a33,0,0.7088714262418627,0.03966313283248346,accepted_observation_geometry,545,545,0,0
simulation-a33,0,0.7117396880522877,0.03966313283248346,accepted_observation_geometry,545,545,0,0
simulation-a33,0,0.7146079498627127,0.031358086259873685,accepted_observation_geometry,545,545,0,0
simulation-a33,0,0.7174762116731377,0.02779878058589791,accepted_observation_geometry,545,545,0,0
simulation-a33,0,0.7203444734835627,0.040849568057141905,accepted_observation_geometry,545,545,0,0
simulation-a33,0,0.7232127352939877,0.040849568057141905,accepted_observation_geometry,545,545,0,0
simulation-a33,0,0.7260809971044127,0.040849568057141905,accepted_observation_geometry,545,545,0,0
simulation-a33,0,0.7289492589148376,0.04203600328180057,accepted_observation_geometry,545,545,0,0
simulation-a33,0,0.7318175207252626,0.04203600328180057,accepted_observation_geometry,545,545,0,0
simulation-a33,0,0.7346857825356876,0.04203600328180057,accepted_observation_geometry,545,545,0,0
simulation-a33,0,0.7375540443461126,0.04203600328180057,accepted_observation_geometry,545,545,0,0
simulation-a33,0,0.7404223061565376,0.04203600328180057,accepted_observation_geometry,545,545,0,0
simulation-a33,0,0.7432905679669626,0.04203600328180057,accepted_observation_geometry,545,545,0,0
simulation-a33,0,0.7461588297773878,0.04203600328180057,accepted_observation_geometry,545,545,0,0
simulation-a33,0,0.7490270915878128,0.04203600328180057,accepted_observation_geometry,545,545,0,0
simulation-a33,0,0.7518953533982378,0.04203600328180057,accepted_observation_geometry,545,545,0,0
simulation-a33,0,0.7547636152086628,0.04203600328180057,accepted_observation_geometry,545,545,0,0
simulation-a33,0,0.7576318770190877,0.04322243850645913,accepted_observation_geometry,545,545,0,0
simulation-a33,0,0.7605001388295127,0.04322243850645913,accepted_observation_geometry,545,545,0,0
simulation-a33,0,0.7633684006399377,0.04322243850645913,accepted_observation_geometry,545,545,0,0
simulation-a33,0,0.7662366624503627,0.04322243850645913,accepted_observation_geometry,545,545,0,0
simulation-a33,0,0.7691049242607877,0.04322243850645913,accepted_observation_geometry,545,545,0,0
simulation-a33,0,0.7719731860712127,0.04322243850645913,accepted_observation_geometry,545,545,0,0
simulation-a33,0,0.7748414478816377,0.04322243850645913,accepted_observation_geometry,545,545,0,0
simulation-a33,0,0.7777097096920627,0.04440887373111768,accepted_observation_geometry,545,545,0,0
simulation-a33,0,0.7805779715024876,0.04322243850645913,accepted_observation_geometry,545,545,0,0
simulation-a33,0,0.7834462333129126,0.04440887373111768,accepted_observation_geometry,545,545,0,0
simulation-a33,0,0.7863144951233376,0.04440887373111768,accepted_observation_geometry,545,545,0,0
simulation-a33,0,0.7891827569337626,0.04322243850645913,accepted_observation_geometry,545,545,0,0
simulation-a33,0,0.7920510187441876,0.04322243850645913,accepted_observation_geometry,545,545,0,0
simulation-a33,0,0.7949192805546126,0.036103827158507906,accepted_observation_geometry,545,545,0,0
simulation-a33,0,0.7977875423650376,0.04322243850645913,accepted_observation_geometry,545,545,0,0
simulation-a33,0,0.8006558041754626,0.04322243850645913,accepted_observation_geometry,545,545,0,0
simulation-a33,0,0.8035240659858875,0.04440887373111768,accepted_observation_geometry,545,545,0,0
simulation-a33,0,0.8063923277963125,0.04440887373111768,accepted_observation_geometry,545,545,0,0
simulation-a33,0,0.8092605896067375,0.04440887373111768,accepted_observation_geometry,545,545,0,0
simulation-a33,0,0.8121288514171625,0.04440887373111768,accepted_observation_geometry,545,545,0,0
simulation-a33,0,0.8149971132275875,0.04440887373111768,accepted_observation_geometry,545,545,0,0
simulation-a33,0,0.8178653750380125,0.04440887373111768,accepted_observation_geometry,545,545,0,0
simulation-a33,0,0.8207336368484375,0.04440887373111768,accepted_observation_geometry,545,545,0,0
simulation-a33,0,0.8236018986588625,0.04440887373111768,accepted_observation_geometry,545,545,0,0
simulation-a33,0,0.8264701604692875,0.04440887373111768,accepted_observation_geometry,545,545,0,0
simulation-a33,0,0.8293384222797127,0.04440887373111768,accepted_observation_geometry,545,545,0,0
simulation-a33,0,0.8322066840901376,0.04440887373111768,accepted_observation_geometry,545,545,0,0
simulation-a33,0,0.8350749459005626,0.04440887373111768,accepted_observation_geometry,545,545,0,0
simulation-a33,0,0.8379432077109876,0.04322243850645913,accepted_observation_geometry,545,545,0,0
simulation-a33,0,0.8408114695214126,0.04440887373111768,accepted_observation_geometry,545,545,0,0
simulation-a33,0,0.8436797313318376,0.04322243850645913,accepted_observation_geometry,545,545,0,0
simulation-a33,0,0.8465479931422626,0.04322243850645913,accepted_observation_geometry,545,545,0,0
simulation-a33,0,0.8494162549526876,0.04322243850645913,accepted_observation_geometry,545,545,0,0
simulation-a33,0,0.8522845167631126,0.04322243850645913,accepted_observation_geometry,545,545,0,0
simulation-a33,0,0.8551527785735376,0.04322243850645913,accepted_observation_geometry,545,545,0,0
simulation-a33,0,0.8580210403839625,0.04322243850645913,accepted_observation_geometry,545,545,0,0
simulation-a33,0,0.8608893021943875,0.04322243850645913,accepted_observation_geometry,545,545,0,0
simulation-a33,0,0.8637575640048125,0.04322243850645913,accepted_observation_geometry,545,545,0,0
simulation-a33,0,0.8666258258152375,0.04322243850645913,accepted_observation_geometry,545,545,0,0
simulation-a33,0,0.8694940876256625,0.04322243850645913,accepted_observation_geometry,545,545,0,0
simulation-a33,0,0.8723623494360875,0.04322243850645913,accepted_observation_geometry,545,545,0,0
simulation-a33,0,0.8752306112465125,0.04440887373111768,accepted_observation_geometry,545,545,0,0
simulation-a33,0,0.8780988730569375,0.04203600328180057,accepted_observation_geometry,545,545,0,0
simulation-a33,0,0.8809671348673624,0.04322243850645913,accepted_observation_geometry,545,545,0,0
simulation-a33,0,0.8838353966777874,0.04203600328180057,accepted_observation_geometry,545,545,0,0
simulation-a33,0,0.8867036584882124,0.04203600328180057,accepted_observation_geometry,545,545,0,0
simulation-a33,0,0.8895719202986374,0.04203600328180057,accepted_observation_geometry,545,545,0,0
simulation-a33,0,0.8924401821090624,0.04203600328180057,accepted_observation_geometry,545,545,0,0
simulation-a33,0,0.8953084439194874,0.04203600328180057,accepted_observation_geometry,545,545,0,0
simulation-a33,0,0.8981767057299124,0.04203600328180057,accepted_observation_geometry,545,545,0,0
simulation-a33,0,0.9010449675403374,0.04203600328180057,accepted_observation_geometry,545,545,0,0
simulation-a33,0,0.9039132293507623,0.04203600328180057,accepted_observation_geometry,545,545,0,0
simulation-a33,0,0.9067814911611873,0.04203600328180057,accepted_observation_geometry,545,545,0,0
simulation-a33,0,0.9096497529716125,0.04203600328180057,accepted_observation_geometry,545,545,0,0
simulation-a33,0,0.9125180147820375,0.04203600328180057,accepted_observation_geometry,545,545,0,0
simulation-a33,0,0.9153862765924625,0.04203600328180057,accepted_observation_geometry,545,545,0,0
simulation-a33,0,0.9182545384028875,0.040849568057141905,accepted_observation_geometry,545,545,0,0
simulation-a33,0,0.9211228002133125,0.040849568057141905,accepted_observation_geometry,545,545,0,0
simulation-a33,0,0.9239910620237375,0.040849568057141905,accepted_observation_geometry,545,545,0,0
simulation-a33,0,0.9268593238341625,0.040849568057141905,accepted_observation_geometry,545,545,0,0
simulation-a33,0,0.9297275856445875,0.040849568057141905,accepted_observation_geometry,545,545,0,0
simulation-a33,0,0.9325958474550124,0.040849568057141905,accepted_observation_geometry,545,545,0,0
simulation-a33,0,0.9354641092654374,0.040849568057141905,accepted_observation_geometry,545,545,0,0
simulation-a33,0,0.9383323710758624,0.040849568057141905,accepted_observation_geometry,545,545,0,0
simulation-a33,0,0.9412006328862874,0.03966313283248346,accepted_observation_geometry,545,545,0,0
simulation-a33,0,0.9440688946967124,0.03966313283248346,accepted_observation_geometry,545,545,0,0
simulation-a33,0,0.9469371565071374,0.03966313283248346,accepted_observation_geometry,545,545,0,0
simulation-a33,0,0.9498054183175624,0.03966313283248346,accepted_observation_geometry,545,545,0,0
simulation-a33,0,0.9526736801279874,0.03966313283248346,accepted_observation_geometry,545,545,0,0
simulation-a33,0,0.9555419419384124,0.03966313283248346,accepted_observation_geometry,545,545,0,0
simulation-a33,0,0.9584102037488373,0.03729026238316635,accepted_observation_geometry,545,545,0,0
simulation-a33,0,0.9612784655592623,0.03847669760782502,accepted_observation_geometry,545,545,0,0
simulation-a33,0,0.9641467273696873,0.03847669760782502,accepted_observation_geometry,545,545,0,0
simulation-a33,0,0.9670149891801123,0.03847669760782502,accepted_observation_geometry,545,545,0,0
simulation-a33,0,0.9698832509905373,0.03847669760782502,accepted_observation_geometry,545,545,0,0
simulation-a33,0,0.9727515128009623,0.03729026238316635,accepted_observation_geometry,545,545,0,0
simulation-a33,0,0.9756197746113873,0.03729026238316635,accepted_observation_geometry,545,545,0,0
simulation-a33,0,0.9784880364218123,0.03729026238316635,accepted_observation_geometry,545,545,0,0
simulation-a33,0,0.9813562982322372,0.03729026238316635,accepted_observation_geometry,545,545,0,0
simulation-a33,0,0.9842245600426622,0.036103827158507906,accepted_observation_geometry,545,545,0,0
simulation-a33,0,0.9870928218530872,0.036103827158507906,accepted_observation_geometry,545,545,0,0
simulation-a33,0,0.9899610836635122,0.036103827158507906,accepted_observation_geometry,545,545,0,0
simulation-a33,0,0.9928293454739374,0.036103827158507906,accepted_observation_geometry,545,545,0,0
simulation-a33,0,0.9956976072843624,0.03491739193384924,accepted_observation_geometry,545,545,0,0
simulation-a33,0,0.9985658690947874,0.03491739193384924,accepted_observation_geometry,545,545,0,0
simulation-a33,0,1.0014341309052124,0.03491739193384924,accepted_observation_geometry,545,545,0,0
simulation-a33,0,1.0043023927156374,0.03491739193384924,accepted_observation_geometry,545,545,0,0
simulation-a33,0,1.0071706545260624,0.03491739193384924,accepted_observation_geometry,545,545,0,0
simulation-a33,0,1.0100389163364873,0.03254452148453213,accepted_observation_geometry,545,545,0,0
simulation-a33,0,1.0129071781469123,0.03254452148453213,accepted_observation_geometry,545,545,0,0
simulation-a33,0,1.0157754399573373,0.03254452148453213,accepted_observation_geometry,545,545,0,0
simulation-a33,0,1.0186437017677623,0.03254452148453213,accepted_observation_geometry,545,545,0,0
simulation-a33,0,1.0215119635781873,0.03254452148453213,accepted_observation_geometry,545,545,0,0
simulation-a33,0,1.0243802253886123,0.033730956709190796,accepted_observation_geometry,545,545,0,0
simulation-a33,0,1.0272484871990373,0.03254452148453213,accepted_observation_geometry,545,545,0,0
simulation-a33,0,1.0301167490094623,0.03254452148453213,accepted_observation_geometry,545,545,0,0
simulation-a33,0,1.0329850108198873,0.03254452148453213,accepted_observation_geometry,545,545,0,0
simulation-a33,0,1.0358532726303122,0.03254452148453213,accepted_observation_geometry,545,545,0,0
simulation-a33,0,1.0387215344407372,0.03254452148453213,accepted_observation_geometry,545,545,0,0
simulation-a33,0,1.0415897962511622,0.03254452148453213,accepted_observation_geometry,545,545,0,0
simulation-a33,0,1.0444580580615872,0.03254452148453213,accepted_observation_geometry,545,545,0,0
simulation-a33,0,1.0473263198720122,0.03254452148453213,accepted_observation_geometry,545,545,0,0
simulation-a33,0,1.0501945816824372,0.03254452148453213,accepted_observation_geometry,545,545,0,0
simulation-a33,0,1.0530628434928622,0.031358086259873685,accepted_observation_geometry,545,545,0,0
simulation-a33,0,1.0559311053032872,0.03254452148453213,accepted_observation_geometry,545,545,0,0
simulation-a33,0,1.0587993671137121,0.031358086259873685,accepted_observation_geometry,545,545,0,0
simulation-a33,0,1.0616676289241371,0.03254452148453213,accepted_observation_geometry,545,545,0,0
simulation-a33,0,1.0645358907345621,0.031358086259873685,accepted_observation_geometry,545,545,0,0
simulation-a33,0,1.067404152544987,0.03017165103521502,accepted_observation_geometry,545,545,0,0
simulation-a33,0,1.070272414355412,0.03017165103521502,accepted_observation_geometry,545,545,0,0
simulation-a33,0,1.0731406761658373,0.03017165103521502,accepted_observation_geometry,545,545,0,0
simulation-a33,0,1.0760089379762623,0.03017165103521502,accepted_observation_geometry,545,545,0,0
simulation-a33,0,1.0788771997866873,0.031358086259873685,accepted_observation_geometry,545,545,0,0
simulation-a33,0,1.0817454615971123,0.031358086259873685,accepted_observation_geometry,545,545,0,0
simulation-a33,0,1.0846137234075373,0.031358086259873685,accepted_observation_geometry,545,545,0,0
simulation-a33,0,1.0874819852179622,0.031358086259873685,accepted_observation_geometry,545,545,0,0
simulation-a33,0,1.0903502470283872,0.03254452148453213,accepted_observation_geometry,545,545,0,0
simulation-a33,0,1.0932185088388122,0.03254452148453213,accepted_observation_geometry,545,545,0,0
simulation-a33,0,1.0960867706492372,0.03254452148453213,accepted_observation_geometry,545,545,0,0
simulation-a33,0,1.0989550324596622,0.03254452148453213,accepted_observation_geometry,545,545,0,0
simulation-a33,0,1.1018232942700872,0.03254452148453213,accepted_observation_geometry,545,545,0,0
simulation-a33,0,1.1046915560805122,0.028985215810556575,accepted_observation_geometry,545,545,0,0
simulation-a33,0,1.1075598178909372,0.03017165103521502,accepted_observation_geometry,545,545,0,0
simulation-a33,0,1.1104280797013621,0.03254452148453213,accepted_observation_geometry,545,545,0,0
simulation-a33,0,1.1132963415117871,0.03254452148453213,accepted_observation_geometry,545,545,0,0
simulation-a33,0,1.1161646033222121,0.03254452148453213,accepted_observation_geometry,545,545,0,0
simulation-a33,0,1.1190328651326371,0.03254452148453213,accepted_observation_geometry,545,545,0,0
simulation-a33,0,1.121901126943062,0.033730956709190796,accepted_observation_geometry,545,545,0,0
simulation-a33,0,1.124769388753487,0.03017165103521502,accepted_observation_geometry,545,545,0,0
simulation-a33,0,1.127637650563912,0.03254452148453213,accepted_observation_geometry,545,545,0,0
simulation-a33,0,1.130505912374337,0.03254452148453213,accepted_observation_geometry,545,545,0,0
simulation-a33,0,1.133374174184762,0.03254452148453213,accepted_observation_geometry,545,545,0,0
simulation-a33,0,1.136242435995187,0.03254452148453213,accepted_observation_geometry,545,545,0,0
simulation-a33,0,1.139110697805612,0.03254452148453213,accepted_observation_geometry,545,545,0,0
simulation-a33,0,1.141978959616037,0.03254452148453213,accepted_observation_geometry,545,545,0,0
simulation-a33,0,1.144847221426462,0.03254452148453213,accepted_observation_geometry,545,545,0,0
simulation-a33,0,1.147715483236887,0.03254452148453213,accepted_observation_geometry,545,545,0,0
simulation-a33,0,1.150583745047312,0.03254452148453213,accepted_observation_geometry,545,545,0,0
simulation-a33,0,1.153452006857737,0.03254452148453213,accepted_observation_geometry,545,545,0,0
simulation-a33,0,1.1563202686681622,0.03254452148453213,accepted_observation_geometry,545,545,0,0
simulation-a33,0,1.1591885304785872,0.03254452148453213,accepted_observation_geometry,545,545,0,0
simulation-a33,0,1.1620567922890122,0.03254452148453213,accepted_observation_geometry,545,545,0,0
simulation-a33,0,1.1649250540994371,0.03254452148453213,accepted_observation_geometry,545,545,0,0
simulation-a33,0,1.1677933159098621,0.03254452148453213,accepted_observation_geometry,545,545,0,0
simulation-a33,0,1.1706615777202871,0.03254452148453213,accepted_observation_geometry,545,545,0,0
simulation-a33,0,1.173529839530712,0.03254452148453213,accepted_observation_geometry,545,545,0,0
simulation-a33,0,1.176398101341137,0.03254452148453213,accepted_observation_geometry,545,545,0,0
simulation-a33,0,1.179266363151562,0.03254452148453213,accepted_observation_geometry,545,545,0,0
simulation-a33,0,1.182134624961987,0.03254452148453213,accepted_observation_geometry,545,545,0,0
simulation-a33,0,1.185002886772412,0.03254452148453213,accepted_observation_geometry,545,545,0,0
simulation-a33,0,1.187871148582837,0.03017165103521502,accepted_observation_geometry,545,545,0,0
simulation-a33,0,1.190739410393262,0.033730956709190796,accepted_observation_geometry,545,545,0,0
simulation-a33,0,1.193607672203687,0.031358086259873685,accepted_observation_geometry,545,545,0,0
simulation-a33,0,1.196475934014112,0.03254452148453213,accepted_observation_geometry,545,545,0,0
simulation-a33,0,1.199344195824537,0.03254452148453213,accepted_observation_geometry,545,545,0,0
simulation-a33,0,1.202212457634962,0.03254452148453213,accepted_observation_geometry,545,545,0,0
simulation-a33,0,1.205080719445387,0.03254452148453213,accepted_observation_geometry,545,545,0,0
simulation-a33,0,1.207948981255812,0.031358086259873685,accepted_observation_geometry,545,545,0,0
simulation-a33,0,1.210817243066237,0.03254452148453213,accepted_observation_geometry,545,545,0,0
simulation-a33,0,1.213685504876662,0.03254452148453213,accepted_observation_geometry,545,545,0,0
simulation-a33,0,1.216553766687087,0.03254452148453213,accepted_observation_geometry,545,545,0,0
simulation-a33,0,1.219422028497512,0.03254452148453213,accepted_observation_geometry,545,545,0,0
simulation-a33,0,1.222290290307937,0.03254452148453213,accepted_observation_geometry,545,545,0,0
simulation-a33,0,1.2251585521183619,0.03254452148453213,accepted_observation_geometry,545,545,0,0
simulation-a33,0,1.2280268139287869,0.03254452148453213,accepted_observation_geometry,545,545,0,0
simulation-a33,0,1.2308950757392119,0.03254452148453213,accepted_observation_geometry,545,545,0,0
simulation-a33,0,1.2337633375496369,0.03254452148453213,accepted_observation_geometry,545,545,0,0
simulation-a33,0,1.236631599360062,0.03254452148453213,accepted_observation_geometry,545,545,0,0
simulation-a33,0,1.239499861170487,0.03254452148453213,accepted_observation_geometry,545,545,0,0
simulation-a33,0,1.242368122980912,0.03254452148453213,accepted_observation_geometry,545,545,0,0
simulation-a33,0,1.245236384791337,0.03254452148453213,accepted_observation_geometry,545,545,0,0
simulation-a33,0,1.248104646601762,0.03254452148453213,accepted_observation_geometry,545,545,0,0
simulation-a33,0,1.250972908412187,0.03254452148453213,accepted_observation_geometry,545,545,0,0
simulation-a33,0,1.253841170222612,0.03254452148453213,accepted_observation_geometry,545,545,0,0
simulation-a33,0,1.256709432033037,0.03254452148453213,accepted_observation_geometry,545,545,0,0
simulation-a33,0,1.259577693843462,0.03254452148453213,accepted_observation_geometry,545,545,0,0
simulation-a33,0,1.262445955653887,0.03254452148453213,accepted_observation_geometry,545,545,0,0
simulation-a33,0,1.265314217464312,0.03254452148453213,accepted_observation_geometry,545,545,0,0
simulation-a33,0,1.268182479274737,0.03254452148453213,accepted_observation_geometry,545,545,0,0
simulation-a33,0,1.271050741085162,0.03254452148453213,accepted_observation_geometry,545,545,0,0
simulation-a33,0,1.273919002895587,0.03254452148453213,accepted_observation_geometry,545,545,0,0
simulation-a33,0,1.276787264706012,0.03254452148453213,accepted_observation_geometry,545,545,0,0
simulation-a33,0,1.2796555265164369,0.03254452148453213,accepted_observation_geometry,545,545,0,0
simulation-a33,0,1.2825237883268619,0.033730956709190796,accepted_observation_geometry,545,545,0,0
simulation-a33,0,1.2853920501372869,0.033730956709190796,accepted_observation_geometry,545,545,0,0
simulation-a33,0,1.2882603119477118,0.03017165103521502,accepted_observation_geometry,545,545,0,0
simulation-a33,0,1.2911285737581368,0.03254452148453213,accepted_observation_geometry,545,545,0,0
simulation-a33,0,1.2939968355685618,0.03254452148453213,accepted_observation_geometry,545,545,0,0
simulation-a33,0,1.2968650973789868,0.03254452148453213,accepted_observation_geometry,545,545,0,0
simulation-a33,0,1.2997333591894118,0.03254452148453213,accepted_observation_geometry,545,545,0,0
simulation-a33,0,1.3026016209998368,0.03254452148453213,accepted_observation_geometry,545,545,0,0
simulation-a33,0,1.3054698828102618,0.03254452148453213,accepted_observation_geometry,545,545,0,0
simulation-a33,0,1.3083381446206868,0.03254452148453213,accepted_observation_geometry,545,545,0,0
simulation-a33,0,1.3112064064311117,0.03254452148453213,accepted_observation_geometry,545,545,0,0
simulation-a33,0,1.3140746682415367,0.03254452148453213,accepted_observation_geometry,545,545,0,0
simulation-a33,0,1.3169429300519617,0.03254452148453213,accepted_observation_geometry,545,545,0,0
simulation-a33,0,1.319811191862387,0.03254452148453213,accepted_observation_geometry,545,545,0,0
simulation-a33,0,1.322679453672812,0.03254452148453213,accepted_observation_geometry,545,545,0,0
simulation-a33,0,1.325547715483237,0.03254452148453213,accepted_observation_geometry,545,545,0,0
simulation-a33,0,1.328415977293662,0.03254452148453213,accepted_observation_geometry,545,545,0,0
simulation-a33,0,1.3312842391040869,0.03254452148453213,accepted_observation_geometry,545,545,0,0
simulation-a33,0,1.3341525009145119,0.03254452148453213,accepted_observation_geometry,545,545,0,0
simulation-a33,0,1.3370207627249369,0.03254452148453213,accepted_observation_geometry,545,545,0,0
simulation-a33,0,1.3398890245353618,0.03254452148453213,accepted_observation_geometry,545,545,0,0
simulation-a33,0,1.3427572863457868,0.03254452148453213,accepted_observation_geometry,545,545,0,0
simulation-a33,0,1.3456255481562118,0.03254452148453213,accepted_observation_geometry,545,545,0,0
simulation-a33,0,1.3484938099666368,0.03254452148453213,accepted_observation_geometry,545,545,0,0
simulation-a33,0,1.3513620717770618,0.03017165103521502,accepted_observation_geometry,545,545,0,0
simulation-a33,0,1.3542303335874868,0.033730956709190796,accepted_observation_geometry,545,545,0,0
simulation-a33,0,1.3570985953979118,0.03254452148453213,accepted_observation_geometry,545,545,0,0
simulation-a33,0,1.3599668572083368,0.03254452148453213,accepted_observation_geometry,545,545,0,0
simulation-a33,0,1.3628351190187618,0.03254452148453213,accepted_observation_geometry,545,545,0,0
simulation-a33,0,1.3657033808291867,0.03254452148453213,accepted_observation_geometry,545,545,0,0
simulation-a33,0,1.3685716426396117,0.03017165103521502,accepted_observation_geometry,545,545,0,0
simulation-a33,0,1.3714399044500367,0.028985215810556575,accepted_observation_geometry,545,545,0,0
simulation-a33,0,1.3743081662604617,0.03254452148453213,accepted_observation_geometry,545,545,0,0
simulation-a33,0,1.3771764280708867,0.03254452148453213,accepted_observation_geometry,545,545,0,0
simulation-a33,0,1.3800446898813117,0.031358086259873685,accepted_observation_geometry,545,545,0,0
simulation-a33,0,1.3829129516917367,0.03254452148453213,accepted_observation_geometry,545,545,0,0
simulation-a33,0,1.3857812135021617,0.03254452148453213,accepted_observation_geometry,545,545,0,0
simulation-a33,0,1.3886494753125866,0.03254452148453213,accepted_observation_geometry,545,545,0,0
simulation-a33,0,1.3915177371230116,0.03254452148453213,accepted_observation_geometry,545,545,0,0
simulation-a33,0,1.3943859989334366,0.03254452148453213,accepted_observation_geometry,545,545,0,0
simulation-a33,0,1.3972542607438616,0.03017165103521502,accepted_observation_geometry,545,545,0,0
simulation-a33,0,1.4001225225542868,0.03017165103521502,accepted_observation_geometry,545,545,0,0
simulation-a33,0,1.4029907843647118,0.03017165103521502,accepted_observation_geometry,545,545,0,0
simulation-a33,0,1.4058590461751368,0.03017165103521502,accepted_observation_geometry,545,545,0,0
simulation-a33,0,1.4087273079855618,0.03017165103521502,accepted_observation_geometry,545,545,0,0
simulation-a33,0,1.4115955697959868,0.03017165103521502,accepted_observation_geometry,545,545,0,0
simulation-a33,0,1.4144638316064118,0.03017165103521502,accepted_observation_geometry,545,545,0,0
simulation-a33,0,1.4173320934168367,0.03017165103521502,accepted_observation_geometry,545,545,0,0
simulation-a33,0,1.4202003552272617,0.03017165103521502,accepted_observation_geometry,545,545,0,0
simulation-a33,0,1.4230686170376867,0.03017165103521502,accepted_observation_geometry,545,545,0,0
simulation-a33,0,1.4259368788481117,0.03017165103521502,accepted_observation_geometry,545,545,0,0
simulation-a33,0,1.4288051406585367,0.03017165103521502,accepted_observation_geometry,545,545,0,0
simulation-a33,0,1.4316734024689617,0.03017165103521502,accepted_observation_geometry,545,545,0,0
simulation-a33,0,1.4345416642793867,0.03017165103521502,accepted_observation_geometry,545,545,0,0
simulation-a33,0,1.4374099260898117,0.031358086259873685,accepted_observation_geometry,545,545,0,0
simulation-a33,0,1.4402781879002367,0.031358086259873685,accepted_observation_geometry,545,545,0,0
simulation-a33,0,1.4431464497106616,0.03017165103521502,accepted_observation_geometry,545,545,0,0
simulation-a33,0,1.4460147115210866,0.03017165103521502,accepted_observation_geometry,545,545,0,0
simulation-a33,0,1.4488829733315116,0.031358086259873685,accepted_observation_geometry,545,545,0,0
simulation-a33,0,1.4517512351419366,0.031358086259873685,accepted_observation_geometry,545,545,0,0
simulation-a33,0,1.4546194969523616,0.02779878058589791,accepted_observation_geometry,545,545,0,0
simulation-a33,0,1.4574877587627866,0.03017165103521502,accepted_observation_geometry,545,545,0,0
simulation-a33,0,1.4603560205732116,0.03017165103521502,accepted_observation_geometry,545,545,0,0
simulation-a33,0,1.4632242823836366,0.03017165103521502,accepted_observation_geometry,545,545,0,0
simulation-a33,0,1.4660925441940615,0.03017165103521502,accepted_observation_geometry,545,545,0,0
simulation-a33,0,1.4689608060044865,0.03017165103521502,accepted_observation_geometry,545,545,0,0
simulation-a33,0,1.4718290678149115,0.03017165103521502,accepted_observation_geometry,545,545,0,0
simulation-a33,0,1.4746973296253365,0.03017165103521502,accepted_observation_geometry,545,545,0,0
simulation-a33,0,1.4775655914357615,0.03017165103521502,accepted_observation_geometry,545,545,0,0
simulation-a33,0,1.4804338532461865,0.03017165103521502,accepted_observation_geometry,545,545,0,0
simulation-a33,0,1.4833021150566117,0.03017165103521502,accepted_observation_geometry,545,545,0,0
simulation-a33,0,1.4861703768670367,0.03017165103521502,accepted_observation_geometry,545,545,0,0
simulation-a33,0,1.4890386386774617,0.03017165103521502,accepted_observation_geometry,545,545,0,0
simulation-a33,0,1.4919069004878867,0.03017165103521502,accepted_observation_geometry,545,545,0,0
simulation-a33,0,1.4947751622983116,0.03017165103521502,accepted_observation_geometry,545,545,0,0
simulation-a33,0,1.4976434241087366,0.03017165103521502,accepted_observation_geometry,545,545,0,0
simulation-a33,0,1.5005116859191616,0.03017165103521502,accepted_observation_geometry,545,545,0,0
simulation-a33,0,1.5033799477295866,0.03017165103521502,accepted_observation_geometry,545,545,0,0
simulation-a33,0,1.5062482095400116,0.03017165103521502,accepted_observation_geometry,545,545,0,0
simulation-a33,0,1.5091164713504366,0.03017165103521502,accepted_observation_geometry,545,545,0,0
simulation-a33,0,1.5119847331608616,0.03017165103521502,accepted_observation_geometry,545,545,0,0
simulation-a33,0,1.5148529949712866,0.03017165103521502,accepted_observation_geometry,545,545,0,0
simulation-a33,0,1.5177212567817115,0.02779878058589791,accepted_observation_geometry,545,545,0,0
simulation-a33,0,1.5205895185921365,0.031358086259873685,accepted_observation_geometry,545,545,0,0
simulation-a33,0,1.5234577804025615,0.031358086259873685,accepted_observation_geometry,545,545,0,0
simulation-a33,0,1.5263260422129865,0.03017165103521502,accepted_observation_geometry,545,545,0,0
simulation-a33,0,1.5291943040234115,0.031358086259873685,accepted_observation_geometry,545,545,0,0
simulation-a33,0,1.5320625658338365,0.03017165103521502,accepted_observation_geometry,545,545,0,0
simulation-a33,0,1.5349308276442615,0.031358086259873685,accepted_observation_geometry,545,545,0,0
simulation-a33,0,1.5377990894546865,0.03017165103521502,accepted_observation_geometry,545,545,0,0
simulation-a33,0,1.5406673512651115,0.03017165103521502,accepted_observation_geometry,545,545,0,0
simulation-a33,0,1.5435356130755364,0.03017165103521502,accepted_observation_geometry,545,545,0,0
simulation-a33,0,1.5464038748859614,0.03017165103521502,accepted_observation_geometry,545,545,0,0
simulation-a33,0,1.5492721366963864,0.03017165103521502,accepted_observation_geometry,545,545,0,0
simulation-a33,0,1.5521403985068114,0.03017165103521502,accepted_observation_geometry,545,545,0,0
simulation-a33,0,1.5550086603172364,0.03017165103521502,accepted_observation_geometry,545,545,0,0
simulation-a33,0,1.5578769221276614,0.03017165103521502,accepted_observation_geometry,545,545,0,0
simulation-a33,0,1.5607451839380864,0.03017165103521502,accepted_observation_geometry,545,545,0,0
simulation-a33,0,1.5636134457485116,0.03017165103521502,accepted_observation_geometry,545,545,0,0
simulation-a33,0,1.5664817075589366,0.03017165103521502,accepted_observation_geometry,545,545,0,0
simulation-a33,0,1.5693499693693616,0.03017165103521502,accepted_observation_geometry,545,545,0,0
simulation-a33,0,1.5722182311797865,0.03017165103521502,accepted_observation_geometry,545,545,0,0
simulation-a33,0,1.5750864929902115,0.031358086259873685,accepted_observation_geometry,545,545,0,0
simulation-a33,0,1.5779547548006365,0.031358086259873685,accepted_observation_geometry,545,545,0,0
simulation-a33,0,1.5808230166110615,0.03254452148453213,accepted_observation_geometry,545,545,0,0
simulation-a33,0,1.5836912784214865,0.03254452148453213,accepted_observation_geometry,545,545,0,0
simulation-a33,0,1.5865595402319115,0.03254452148453213,accepted_observation_geometry,545,545,0,0
simulation-a33,0,1.5894278020423365,0.03254452148453213,accepted_observation_geometry,545,545,0,0
simulation-a33,0,1.5922960638527615,0.03254452148453213,accepted_observation_geometry,545,545,0,0
simulation-a33,0,1.5951643256631864,0.03254452148453213,accepted_observation_geometry,545,545,0,0
simulation-a33,0,1.5980325874736114,0.031358086259873685,accepted_observation_geometry,545,545,0,0
simulation-a33,0,1.6009008492840364,0.03254452148453213,accepted_observation_geometry,545,545,0,0
uct-test-a33,0,0.07498556613793866,0.0622054021009959,accepted_observation_geometry,15,15,0,0
uct-test-a33,0,0.07785382794836365,0.06339183732565445,accepted_observation_geometry,15,15,0,0
uct-test-a33,0,0.08072208975878864,0.0622054021009959,accepted_observation_geometry,15,15,0,0
uct-test-a33,0,0.08359035156921368,0.06339183732565445,accepted_observation_geometry,15,15,0,0
uct-test-a33,0,0.08645861337963867,0.06457827255031301,accepted_observation_geometry,15,15,0,0
uct-test-a33,0,0.08932687519006366,0.06576470777497156,accepted_observation_geometry,15,15,0,0
uct-test-a33,0,0.09219513700048865,0.06576470777497156,accepted_observation_geometry,15,15,0,0
uct-test-a33,0,0.09506339881091364,0.06576470777497156,accepted_observation_geometry,15,15,0,0
uct-test-a33,0,0.09793166062133862,0.06576470777497156,accepted_observation_geometry,15,15,0,0
uct-test-a33,0,0.10079992243176361,0.06576470777497156,accepted_observation_geometry,15,15,0,0
uct-test-a33,0,0.1036681842421886,0.06813757822428856,accepted_observation_geometry,15,15,0,0
uct-test-a33,0,0.10653644605261364,0.06813757822428856,accepted_observation_geometry,15,15,0,0
uct-test-a33,0,0.10940470786303863,0.06932401344894712,accepted_observation_geometry,15,15,0,0
uct-test-a33,0,0.11227296967346362,0.06932401344894712,accepted_observation_geometry,15,15,0,0
uct-test-a33,0,0.1151412314838886,0.06813757822428856,accepted_observation_geometry,15,15,0,0
uct-test-a33,1,0.13521906415686358,0.07169688389826423,accepted_observation_geometry,15,15,0,0
uct-test-a33,1,0.13808732596728857,0.07169688389826423,accepted_observation_geometry,15,15,0,0
uct-test-a33,1,0.14095558777771355,0.07051044867360567,accepted_observation_geometry,15,15,0,0
uct-test-a33,1,0.14382384958813854,0.07051044867360567,accepted_observation_geometry,15,15,0,0
uct-test-a33,1,0.14669211139856353,0.06813757822428856,accepted_observation_geometry,15,15,0,0
uct-test-a33,1,0.14956037320898852,0.06813757822428856,accepted_observation_geometry,15,15,0,0
uct-test-a33,1,0.1524286350194135,0.06695114299963012,accepted_observation_geometry,15,15,0,0
uct-test-a33,1,0.1552968968298386,0.06695114299963012,accepted_observation_geometry,15,15,0,0
uct-test-a33,1,0.1581651586402636,0.06576470777497156,accepted_observation_geometry,15,15,0,0
uct-test-a33,1,0.16103342045068858,0.06576470777497156,accepted_observation_geometry,15,15,0,0
uct-test-a33,1,0.16390168226111357,0.06576470777497156,accepted_observation_geometry,15,15,0,0
uct-test-a33,1,0.16676994407153856,0.06576470777497156,accepted_observation_geometry,15,15,0,0
uct-test-a33,1,0.16963820588196354,0.06457827255031301,accepted_observation_geometry,15,15,0,0
uct-test-a33,1,0.17250646769238853,0.06457827255031301,accepted_observation_geometry,15,15,0,0
uct-test-a33,1,0.17537472950281352,0.06339183732565445,accepted_observation_geometry,15,15,0,0
uct-test-a33,2,0.19545256217578855,0.05864609642702023,accepted_observation_geometry,15,15,0,0
uct-test-a33,2,0.19832082398621353,0.05745966120236168,accepted_observation_geometry,15,15,0,0
uct-test-a33,2,0.20118908579663852,0.05745966120236168,accepted_observation_geometry,15,15,0,0
uct-test-a33,2,0.2040573476070635,0.05745966120236168,accepted_observation_geometry,15,15,0,0
uct-test-a33,2,0.2069256094174885,0.05864609642702023,accepted_observation_geometry,15,15,0,0
uct-test-a33,2,0.2097938712279135,0.05983253165167879,accepted_observation_geometry,15,15,0,0
uct-test-a33,2,0.21266213303833847,0.05983253165167879,accepted_observation_geometry,15,15,0,0
uct-test-a33,2,0.21553039484876346,0.05983253165167879,accepted_observation_geometry,15,15,0,0
uct-test-a33,2,0.21839865665918845,0.05983253165167879,accepted_observation_geometry,15,15,0,0
uct-test-a33,2,0.22126691846961344,0.05983253165167879,accepted_observation_geometry,15,15,0,0
uct-test-a33,2,0.22413518028003843,0.05983253165167879,accepted_observation_geometry,15,15,0,0
uct-test-a33,2,0.22700344209046341,0.05983253165167879,accepted_observation_geometry,15,15,0,0
uct-test-a33,2,0.2298717039008884,0.05745966120236168,accepted_observation_geometry,15,15,0,0
uct-test-a33,2,0.2327399657113134,0.05864609642702023,accepted_observation_geometry,15,15,0,0
uct-test-a33,2,0.23560822752173838,0.05864609642702023,accepted_observation_geometry,15,15,0,0
uct-test-a33,3,0.2556860601947134,0.05983253165167879,accepted_observation_geometry,15,15,0,0
uct-test-a33,3,0.2585543220051384,0.05983253165167879,accepted_observation_geometry,15,15,0,0
uct-test-a33,3,0.2614225838155634,0.05983253165167879,accepted_observation_geometry,15,15,0,0
uct-test-a33,3,0.26429084562598837,0.05983253165167879,accepted_observation_geometry,15,15,0,0
uct-test-a33,3,0.26715910743641336,0.05983253165167879,accepted_observation_geometry,15,15,0,0
uct-test-a33,3,0.27002736924683834,0.05983253165167879,accepted_observation_geometry,15,15,0,0
uct-test-a33,3,0.27289563105726333,0.05983253165167879,accepted_observation_geometry,15,15,0,0
uct-test-a33,3,0.2757638928676883,0.061018966876337344,accepted_observation_geometry,15,15,0,0
uct-test-a33,3,0.2786321546781134,0.0622054021009959,accepted_observation_geometry,15,15,0,0
uct-test-a33,3,0.2815004164885384,0.0622054021009959,accepted_observation_geometry,15,15,0,0
uct-test-a33,3,0.2843686782989634,0.0622054021009959,accepted_observation_geometry,15,15,0,0
uct-test-a33,3,0.2872369401093884,0.0622054021009959,accepted_observation_geometry,15,15,0,0
uct-test-a33,3,0.29010520191981337,0.0622054021009959,accepted_observation_geometry,15,15,0,0
uct-test-a33,3,0.29297346373023836,0.0622054021009959,accepted_observation_geometry,15,15,0,0
uct-test-a33,3,0.29584172554066335,0.0622054021009959,accepted_observation_geometry,15,15,0,0
uct-test-a33,4,0.31591955821363826,0.06339183732565445,accepted_observation_geometry,15,15,0,0
uct-test-a33,4,0.31878782002406336,0.06339183732565445,accepted_observation_geometry,15,15,0,0
uct-test-a33,4,0.32165608183448835,0.06339183732565445,accepted_observation_geometry,15,15,0,0
uct-test-a33,4,0.32452434364491334,0.0622054021009959,accepted_observation_geometry,15,15,0,0
uct-test-a33,4,0.3273926054553383,0.0622054021009959,accepted_observation_geometry,15,15,0,0
uct-test-a33,4,0.3302608672657633,0.0622054021009959,accepted_observation_geometry,15,15,0,0
uct-test-a33,4,0.3331291290761883,0.0622054021009959,accepted_observation_geometry,15,15,0,0
uct-test-a33,4,0.3359973908866133,0.0622054021009959,accepted_observation_geometry,15,15,0,0
uct-test-a33,4,0.3388656526970383,0.0622054021009959,accepted_observation_geometry,15,15,0,0
uct-test-a33,4,0.34173391450746327,0.0622054021009959,accepted_observation_geometry,15,15,0,0
uct-test-a33,4,0.34460217631788825,0.0622054021009959,accepted_observation_geometry,15,15,0,0
uct-test-a33,4,0.34747043812831324,0.0622054021009959,accepted_observation_geometry,15,15,0,0
uct-test-a33,4,0.35033869993873823,0.0622054021009959,accepted_observation_geometry,15,15,0,0
uct-test-a33,4,0.3532069617491632,0.0622054021009959,accepted_observation_geometry,15,15,0,0
uct-test-a33,4,0.3560752235595882,0.06339183732565445,accepted_observation_geometry,15,15,0,0
uct-test-a33,5,0.3790213180429882,0.06339183732565445,accepted_observation_geometry,15,15,0,0
uct-test-a33,5,0.3818895798534132,0.06339183732565445,accepted_observation_geometry,15,15,0,0
uct-test-a33,5,0.3847578416638382,0.06457827255031301,accepted_observation_geometry,15,15,0,0
uct-test-a33,5,0.3876261034742632,0.06457827255031301,accepted_observation_geometry,15,15,0,0
uct-test-a33,5,0.39049436528468817,0.06457827255031301,accepted_observation_geometry,15,15,0,0
uct-test-a33,5,0.39336262709511316,0.06576470777497156,accepted_observation_geometry,15,15,0,0
uct-test-a33,5,0.39623088890553815,0.06576470777497156,accepted_observation_geometry,15,15,0,0
uct-test-a33,5,0.39909915071596314,0.06576470777497156,accepted_observation_geometry,15,15,0,0
uct-test-a33,5,0.40196741252638823,0.06576470777497156,accepted_observation_geometry,15,15,0,0
uct-test-a33,5,0.4048356743368132,0.06695114299963012,accepted_observation_geometry,15,15,0,0
uct-test-a33,5,0.4077039361472382,0.06695114299963012,accepted_observation_geometry,15,15,0,0
uct-test-a33,5,0.4105721979576632,0.06695114299963012,accepted_observation_geometry,15,15,0,0
uct-test-a33,5,0.4134404597680882,0.06695114299963012,accepted_observation_geometry,15,15,0,0
uct-test-a33,5,0.4163087215785132,0.06695114299963012,accepted_observation_geometry,15,15,0,0
uct-test-a33,5,0.41917698338893816,0.06695114299963012,accepted_observation_geometry,15,15,0,0
uct-test-a33,6,0.4392548160619131,0.06695114299963012,accepted_observation_geometry,15,15,0,0
uct-test-a33,6,0.4421230778723382,0.06695114299963012,accepted_observation_geometry,15,15,0,0
uct-test-a33,6,0.44499133968276317,0.06695114299963012,accepted_observation_geometry,15,15,0,0
uct-test-a33,6,0.44785960149318815,0.06576470777497156,accepted_observation_geometry,15,15,0,0
uct-test-a33,6,0.45072786330361314,0.06576470777497156,accepted_observation_geometry,15,15,0,0
uct-test-a33,6,0.45359612511403813,0.06695114299963012,accepted_observation_geometry,15,15,0,0
uct-test-a33,6,0.4564643869244631,0.06695114299963012,accepted_observation_geometry,15,15,0,0
uct-test-a33,6,0.4593326487348881,0.06576470777497156,accepted_observation_geometry,15,15,0,0
uct-test-a33,6,0.4622009105453131,0.06576470777497156,accepted_observation_geometry,15,15,0,0
uct-test-a33,6,0.4650691723557381,0.06576470777497156,accepted_observation_geometry,15,15,0,0
uct-test-a33,6,0.46793743416616307,0.06457827255031301,accepted_observation_geometry,15,15,0,0
uct-test-a33,6,0.47080569597658806,0.06457827255031301,accepted_observation_geometry,15,15,0,0
uct-test-a33,6,0.47367395778701304,0.06576470777497156,accepted_observation_geometry,15,15,0,0
uct-test-a33,6,0.47654221959743803,0.06457827255031301,accepted_observation_geometry,15,15,0,0
uct-test-a33,6,0.479410481407863,0.06457827255031301,accepted_observation_geometry,15,15,0,0
uct-test-a33,7,0.49948831408083805,0.06813757822428856,accepted_observation_geometry,15,15,0,0
uct-test-a33,7,0.502356575891263,0.06932401344894712,accepted_observation_geometry,15,15,0,0
uct-test-a33,7,0.505224837701688,0.06813757822428856,accepted_observation_geometry,15,15,0,0
uct-test-a33,7,0.508093099512113,0.06813757822428856,accepted_observation_geometry,15,15,0,0
uct-test-a33,7,0.510961361322538,0.06813757822428856,accepted_observation_geometry,15,15,0,0
uct-test-a33,7,0.513829623132963,0.06695114299963012,accepted_observation_geometry,15,15,0,0
uct-test-a33,7,0.516697884943388,0.06695114299963012,accepted_observation_geometry,15,15,0,0
uct-test-a33,7,0.519566146753813,0.06813757822428856,accepted_observation_geometry,15,15,0,0
uct-test-a33,7,0.5224344085642381,0.06813757822428856,accepted_observation_geometry,15,15,0,0
uct-test-a33,7,0.525302670374663,0.06813757822428856,accepted_observation_geometry,15,15,0,0
uct-test-a33,7,0.528170932185088,0.06813757822428856,accepted_observation_geometry,15,15,0,0
uct-test-a33,7,0.531039193995513,0.06813757822428856,accepted_observation_geometry,15,15,0,0
uct-test-a33,7,0.533907455805938,0.06813757822428856,accepted_observation_geometry,15,15,0,0
uct-test-a33,7,0.536775717616363,0.06813757822428856,accepted_observation_geometry,15,15,0,0
uct-test-a33,7,0.539643979426788,0.06813757822428856,accepted_observation_geometry,15,15,0,0
uct-test-a33,8,0.5625900739101879,0.07051044867360567,accepted_observation_geometry,15,15,0,0
uct-test-a33,8,0.565458335720613,0.07051044867360567,accepted_observation_geometry,15,15,0,0
uct-test-a33,8,0.568326597531038,0.07051044867360567,accepted_observation_geometry,15,15,0,0
uct-test-a33,8,0.571194859341463,0.07051044867360567,accepted_observation_geometry,15,15,0,0
uct-test-a33,8,0.574063121151888,0.07169688389826423,accepted_observation_geometry,15,15,0,0
uct-test-a33,8,0.5769313829623129,0.07051044867360567,accepted_observation_geometry,15,15,0,0
uct-test-a33,8,0.5797996447727379,0.07051044867360567,accepted_observation_geometry,15,15,0,0
uct-test-a33,8,0.5826679065831629,0.07051044867360567,accepted_observation_geometry,15,15,0,0
uct-test-a33,8,0.5855361683935879,0.07169688389826423,accepted_observation_geometry,15,15,0,0
uct-test-a33,8,0.5884044302040129,0.07288331912292279,accepted_observation_geometry,15,15,0,0
uct-test-a33,8,0.5912726920144379,0.07169688389826423,accepted_observation_geometry,15,15,0,0
uct-test-a33,8,0.5941409538248629,0.07169688389826423,accepted_observation_geometry,15,15,0,0
uct-test-a33,8,0.5970092156352879,0.07169688389826423,accepted_observation_geometry,15,15,0,0
uct-test-a33,8,0.5998774774457128,0.07169688389826423,accepted_observation_geometry,15,15,0,0
uct-test-a33,8,0.6027457392561378,0.07169688389826423,accepted_observation_geometry,15,15,0,0
uct-test-a33,9,0.6228235719291129,0.07406975434758134,accepted_observation_geometry,15,15,0,0
uct-test-a33,9,0.6256918337395379,0.07406975434758134,accepted_observation_geometry,15,15,0,0
uct-test-a33,9,0.6285600955499628,0.07406975434758134,accepted_observation_geometry,15,15,0,0
uct-test-a33,9,0.6314283573603878,0.07406975434758134,accepted_observation_geometry,15,15,0,0
uct-test-a33,9,0.6342966191708128,0.07406975434758134,accepted_observation_geometry,15,15,0,0
uct-test-a33,9,0.6371648809812378,0.07406975434758134,accepted_observation_geometry,15,15,0,0
uct-test-a33,9,0.6400331427916628,0.07406975434758134,accepted_observation_geometry,15,15,0,0
uct-test-a33,9,0.6429014046020878,0.07406975434758134,accepted_observation_geometry,15,15,0,0
uct-test-a33,9,0.6457696664125128,0.07406975434758134,accepted_observation_geometry,15,15,0,0
uct-test-a33,9,0.6486379282229378,0.0752561895722399,accepted_observation_geometry,15,15,0,0
uct-test-a33,9,0.6515061900333627,0.0752561895722399,accepted_observation_geometry,15,15,0,0
uct-test-a33,9,0.6543744518437877,0.0752561895722399,accepted_observation_geometry,15,15,0,0
uct-test-a33,9,0.6572427136542127,0.07644262479689845,accepted_observation_geometry,15,15,0,0
uct-test-a33,9,0.6601109754646377,0.0752561895722399,accepted_observation_geometry,15,15,0,0
uct-test-a33,9,0.6629792372750627,0.0752561895722399,accepted_observation_geometry,15,15,0,0
uct-test-a33,10,0.6830570699480378,0.07881549524621556,accepted_observation_geometry,15,15,0,0
uct-test-a33,10,0.6859253317584628,0.07881549524621556,accepted_observation_geometry,15,15,0,0
uct-test-a33,10,0.6887935935688878,0.07881549524621556,accepted_observation_geometry,15,15,0,0
uct-test-a33,10,0.6916618553793128,0.08000193047087412,accepted_observation_geometry,15,15,0,0
uct-test-a33,10,0.6945301171897378,0.08118836569553267,accepted_observation_geometry,15,15,0,0
uct-test-a33,10,0.6973983790001628,0.08118836569553267,accepted_observation_geometry,15,15,0,0
uct-test-a33,10,0.7002666408105878,0.08118836569553267,accepted_observation_geometry,15,15,0,0
uct-test-a33,10,0.7031349026210127,0.08118836569553267,accepted_observation_geometry,15,15,0,0
uct-test-a33,10,0.7060031644314377,0.08118836569553267,accepted_observation_geometry,15,15,0,0
uct-test-a33,10,0.7088714262418627,0.08118836569553267,accepted_observation_geometry,15,15,0,0
uct-test-a33,10,0.7117396880522877,0.08118836569553267,accepted_observation_geometry,15,15,0,0
uct-test-a33,10,0.7146079498627127,0.08118836569553267,accepted_observation_geometry,15,15,0,0
uct-test-a33,10,0.7174762116731377,0.08118836569553267,accepted_observation_geometry,15,15,0,0
uct-test-a33,10,0.7203444734835627,0.08118836569553267,accepted_observation_geometry,15,15,0,0
uct-test-a33,10,0.7232127352939877,0.08118836569553267,accepted_observation_geometry,15,15,0,0
uct-test-a33,11,0.7432905679669626,0.08949341226814245,accepted_observation_geometry,15,15,0,0
uct-test-a33,11,0.7461588297773878,0.08830697704348389,accepted_observation_geometry,15,15,0,0
uct-test-a33,11,0.7490270915878128,0.08949341226814245,accepted_observation_geometry,15,15,0,0
uct-test-a33,11,0.7518953533982378,0.08949341226814245,accepted_observation_geometry,15,15,0,0
uct-test-a33,11,0.7547636152086628,0.08949341226814245,accepted_observation_geometry,15,15,0,0
uct-test-a33,11,0.7576318770190877,0.08949341226814245,accepted_observation_geometry,15,15,0,0
uct-test-a33,11,0.7605001388295127,0.08949341226814245,accepted_observation_geometry,15,15,0,0
uct-test-a33,11,0.7633684006399377,0.08949341226814245,accepted_observation_geometry,15,15,0,0
uct-test-a33,11,0.7662366624503627,0.08712054181882534,accepted_observation_geometry,15,15,0,0
uct-test-a33,11,0.7691049242607877,0.08712054181882534,accepted_observation_geometry,15,15,0,0
uct-test-a33,11,0.7719731860712127,0.08712054181882534,accepted_observation_geometry,15,15,0,0
uct-test-a33,11,0.7748414478816377,0.08712054181882534,accepted_observation_geometry,15,15,0,0
uct-test-a33,11,0.7777097096920627,0.08712054181882534,accepted_observation_geometry,15,15,0,0
uct-test-a33,11,0.7805779715024876,0.08593410659416678,accepted_observation_geometry,15,15,0,0
uct-test-a33,11,0.7834462333129126,0.08593410659416678,accepted_observation_geometry,15,15,0,0
uct-test-a33,12,0.8035240659858875,0.08118836569553267,accepted_observation_geometry,15,15,0,0
uct-test-a33,12,0.8063923277963125,0.08118836569553267,accepted_observation_geometry,15,15,0,0
uct-test-a33,12,0.8092605896067375,0.08118836569553267,accepted_observation_geometry,15,15,0,0
uct-test-a33,12,0.8121288514171625,0.08118836569553267,accepted_observation_geometry,15,15,0,0
uct-test-a33,12,0.8149971132275875,0.08118836569553267,accepted_observation_geometry,15,15,0,0
uct-test-a33,12,0.8178653750380125,0.07881549524621556,accepted_observation_geometry,15,15,0,0
uct-test-a33,12,0.8207336368484375,0.07881549524621556,accepted_observation_geometry,15,15,0,0
uct-test-a33,12,0.8236018986588625,0.07881549524621556,accepted_observation_geometry,15,15,0,0
uct-test-a33,12,0.8264701604692875,0.07881549524621556,accepted_observation_geometry,15,15,0,0
uct-test-a33,12,0.8293384222797127,0.08000193047087412,accepted_observation_geometry,15,15,0,0
uct-test-a33,12,0.8322066840901376,0.07881549524621556,accepted_observation_geometry,15,15,0,0
uct-test-a33,12,0.8350749459005626,0.07881549524621556,accepted_observation_geometry,15,15,0,0
uct-test-a33,12,0.8379432077109876,0.07881549524621556,accepted_observation_geometry,15,15,0,0
uct-test-a33,12,0.8408114695214126,0.077629060021557,accepted_observation_geometry,15,15,0,0
uct-test-a33,12,0.8436797313318376,0.07881549524621556,accepted_observation_geometry,15,15,0,0
uct-test-a33,13,0.8637575640048125,0.08000193047087412,accepted_observation_geometry,15,15,0,0
uct-test-a33,13,0.8666258258152375,0.08000193047087412,accepted_observation_geometry,15,15,0,0
uct-test-a33,13,0.8694940876256625,0.07881549524621556,accepted_observation_geometry,15,15,0,0
uct-test-a33,13,0.8723623494360875,0.07881549524621556,accepted_observation_geometry,15,15,0,0
uct-test-a33,13,0.8752306112465125,0.08118836569553267,accepted_observation_geometry,15,15,0,0
uct-test-a33,13,0.8780988730569375,0.08118836569553267,accepted_observation_geometry,15,15,0,0
uct-test-a33,13,0.8809671348673624,0.08118836569553267,accepted_observation_geometry,15,15,0,0
uct-test-a33,13,0.8838353966777874,0.08237480092019123,accepted_observation_geometry,15,15,0,0
uct-test-a33,13,0.8867036584882124,0.08118836569553267,accepted_observation_geometry,15,15,0,0
uct-test-a33,13,0.8895719202986374,0.08118836569553267,accepted_observation_geometry,15,15,0,0
uct-test-a33,13,0.8924401821090624,0.08118836569553267,accepted_observation_geometry,15,15,0,0
uct-test-a33,13,0.8953084439194874,0.08118836569553267,accepted_observation_geometry,15,15,0,0
uct-test-a33,13,0.8981767057299124,0.08118836569553267,accepted_observation_geometry,15,15,0,0
uct-test-a33,13,0.9010449675403374,0.08118836569553267,accepted_observation_geometry,15,15,0,0
uct-test-a33,13,0.9039132293507623,0.08237480092019123,accepted_observation_geometry,15,15,0,0
uct-test-a33,14,0.9268593238341625,0.08118836569553267,accepted_observation_geometry,14,14,0,0
uct-test-a33,14,0.9297275856445875,0.08118836569553267,accepted_observation_geometry,14,14,0,0
uct-test-a33,14,0.9325958474550124,0.08118836569553267,accepted_observation_geometry,14,14,0,0
uct-test-a33,14,0.9354641092654374,0.08118836569553267,accepted_observation_geometry,14,14,0,0
uct-test-a33,14,0.9383323710758624,0.08118836569553267,accepted_observation_geometry,14,14,0,0
uct-test-a33,14,0.9412006328862874,0.08118836569553267,accepted_observation_geometry,14,14,0,0
uct-test-a33,14,0.9440688946967124,0.08000193047087412,accepted_observation_geometry,14,14,0,0
uct-test-a33,14,0.9469371565071374,0.08000193047087412,accepted_observation_geometry,14,14,0,0
uct-test-a33,14,0.9498054183175624,0.08118836569553267,accepted_observation_geometry,14,14,0,0
uct-test-a33,14,0.9526736801279874,0.08118836569553267,accepted_observation_geometry,14,14,0,0
uct-test-a33,14,0.9555419419384124,0.08118836569553267,accepted_observation_geometry,14,14,0,0
uct-test-a33,14,0.9584102037488373,0.08118836569553267,accepted_observation_geometry,14,14,0,0
uct-test-a33,14,0.9612784655592623,0.08118836569553267,accepted_observation_geometry,14,14,0,0
uct-test-a33,14,0.9641467273696873,0.08000193047087412,accepted_observation_geometry,14,14,0,0
uct-test-a33,15,0.9870928218530872,0.07644262479689845,accepted_observation_geometry,15,15,0,0
uct-test-a33,15,0.9899610836635122,0.07644262479689845,accepted_observation_geometry,15,15,0,0
uct-test-a33,15,0.9928293454739374,0.07644262479689845,accepted_observation_geometry,15,15,0,0
uct-test-a33,15,0.9956976072843624,0.07644262479689845,accepted_observation_geometry,15,15,0,0
uct-test-a33,15,0.9985658690947874,0.077629060021557,accepted_observation_geometry,15,15,0,0
uct-test-a33,15,1.0014341309052124,0.077629060021557,accepted_observation_geometry,15,15,0,0
uct-test-a33,15,1.0043023927156374,0.07881549524621556,accepted_observation_geometry,15,15,0,0
uct-test-a33,15,1.0071706545260624,0.07881549524621556,accepted_observation_geometry,15,15,0,0
uct-test-a33,15,1.0100389163364873,0.07881549524621556,accepted_observation_geometry,15,15,0,0
uct-test-a33,15,1.0129071781469123,0.07881549524621556,accepted_observation_geometry,15,15,0,0
uct-test-a33,15,1.0157754399573373,0.077629060021557,accepted_observation_geometry,15,15,0,0
uct-test-a33,15,1.0186437017677623,0.07644262479689845,accepted_observation_geometry,15,15,0,0
uct-test-a33,15,1.0215119635781873,0.07644262479689845,accepted_observation_geometry,15,15,0,0
uct-test-a33,15,1.0243802253886123,0.07644262479689845,accepted_observation_geometry,15,15,0,0
uct-test-a33,15,1.0272484871990373,0.07644262479689845,accepted_observation_geometry,15,15,0,0
uct-test-a33,16,1.0473263198720122,0.07644262479689845,accepted_observation_geometry,15,15,0,0
uct-test-a33,16,1.0501945816824372,0.07644262479689845,accepted_observation_geometry,15,15,0,0
uct-test-a33,16,1.0530628434928622,0.07644262479689845,accepted_observation_geometry,15,15,0,0
uct-test-a33,16,1.0559311053032872,0.07644262479689845,accepted_observation_geometry,15,15,0,0
uct-test-a33,16,1.0587993671137121,0.07644262479689845,accepted_observation_geometry,15,15,0,0
uct-test-a33,16,1.0616676289241371,0.07406975434758134,accepted_observation_geometry,15,15,0,0
uct-test-a33,16,1.0645358907345621,0.07406975434758134,accepted_observation_geometry,15,15,0,0
uct-test-a33,16,1.067404152544987,0.07288331912292279,accepted_observation_geometry,15,15,0,0
uct-test-a33,16,1.070272414355412,0.07406975434758134,accepted_observation_geometry,15,15,0,0
uct-test-a33,16,1.0731406761658373,0.07406975434758134,accepted_observation_geometry,15,15,0,0
uct-test-a33,16,1.0760089379762623,0.07406975434758134,accepted_observation_geometry,15,15,0,0
uct-test-a33,16,1.0788771997866873,0.07288331912292279,accepted_observation_geometry,15,15,0,0
uct-test-a33,16,1.0817454615971123,0.07288331912292279,accepted_observation_geometry,15,15,0,0
uct-test-a33,16,1.0846137234075373,0.07288331912292279,accepted_observation_geometry,15,15,0,0
uct-test-a33,16,1.0874819852179622,0.07406975434758134,accepted_observation_geometry,15,15,0,0
uct-test-a33,17,1.1104280797013621,0.07288331912292279,accepted_observation_geometry,14,14,0,0
uct-test-a33,17,1.1132963415117871,0.07288331912292279,accepted_observation_geometry,14,14,0,0
uct-test-a33,17,1.1161646033222121,0.07288331912292279,accepted_observation_geometry,14,14,0,0
uct-test-a33,17,1.1190328651326371,0.07051044867360567,accepted_observation_geometry,14,14,0,0
uct-test-a33,17,1.121901126943062,0.07051044867360567,accepted_observation_geometry,14,14,0,0
uct-test-a33,17,1.124769388753487,0.06932401344894712,accepted_observation_geometry,14,14,0,0
uct-test-a33,17,1.127637650563912,0.06932401344894712,accepted_observation_geometry,14,14,0,0
uct-test-a33,17,1.130505912374337,0.07051044867360567,accepted_observation_geometry,14,14,0,0
uct-test-a33,17,1.133374174184762,0.07051044867360567,accepted_observation_geometry,14,14,0,0
uct-test-a33,17,1.136242435995187,0.07169688389826423,accepted_observation_geometry,14,14,0,0
uct-test-a33,17,1.139110697805612,0.07169688389826423,accepted_observation_geometry,14,14,0,0
uct-test-a33,17,1.141978959616037,0.07169688389826423,accepted_observation_geometry,14,14,0,0
uct-test-a33,17,1.144847221426462,0.07169688389826423,accepted_observation_geometry,14,14,0,0
uct-test-a33,17,1.147715483236887,0.07169688389826423,accepted_observation_geometry,14,14,0,0
uct-test-a33,18,1.1706615777202871,0.07169688389826423,accepted_observation_geometry,15,15,0,0
uct-test-a33,18,1.173529839530712,0.07169688389826423,accepted_observation_geometry,15,15,0,0
uct-test-a33,18,1.176398101341137,0.07169688389826423,accepted_observation_geometry,15,15,0,0
uct-test-a33,18,1.179266363151562,0.07051044867360567,accepted_observation_geometry,15,15,0,0
uct-test-a33,18,1.182134624961987,0.07051044867360567,accepted_observation_geometry,15,15,0,0
uct-test-a33,18,1.185002886772412,0.07051044867360567,accepted_observation_geometry,15,15,0,0
uct-test-a33,18,1.187871148582837,0.07051044867360567,accepted_observation_geometry,15,15,0,0
uct-test-a33,18,1.190739410393262,0.07051044867360567,accepted_observation_geometry,15,15,0,0
uct-test-a33,18,1.193607672203687,0.07051044867360567,accepted_observation_geometry,15,15,0,0
uct-test-a33,18,1.196475934014112,0.06932401344894712,accepted_observation_geometry,15,15,0,0
uct-test-a33,18,1.199344195824537,0.06932401344894712,accepted_observation_geometry,15,15,0,0
uct-test-a33,18,1.202212457634962,0.06932401344894712,accepted_observation_geometry,15,15,0,0
uct-test-a33,18,1.205080719445387,0.06932401344894712,accepted_observation_geometry,15,15,0,0
uct-test-a33,18,1.207948981255812,0.06932401344894712,accepted_observation_geometry,15,15,0,0
uct-test-a33,18,1.210817243066237,0.06932401344894712,accepted_observation_geometry,15,15,0,0
uct-test-a33,19,1.2308950757392119,0.06932401344894712,accepted_observation_geometry,15,15,0,0
uct-test-a33,19,1.2337633375496369,0.06932401344894712,accepted_observation_geometry,15,15,0,0
uct-test-a33,19,1.236631599360062,0.07051044867360567,accepted_observation_geometry,15,15,0,0
uct-test-a33,19,1.239499861170487,0.07051044867360567,accepted_observation_geometry,15,15,0,0
uct-test-a33,19,1.242368122980912,0.07051044867360567,accepted_observation_geometry,15,15,0,0
uct-test-a33,19,1.245236384791337,0.07051044867360567,accepted_observation_geometry,15,15,0,0
uct-test-a33,19,1.248104646601762,0.07051044867360567,accepted_observation_geometry,15,15,0,0
uct-test-a33,19,1.250972908412187,0.06813757822428856,accepted_observation_geometry,15,15,0,0
uct-test-a33,19,1.253841170222612,0.06813757822428856,accepted_observation_geometry,15,15,0,0
uct-test-a33,19,1.256709432033037,0.06932401344894712,accepted_observation_geometry,15,15,0,0
uct-test-a33,19,1.259577693843462,0.06932401344894712,accepted_observation_geometry,15,15,0,0
uct-test-a33,19,1.262445955653887,0.06932401344894712,accepted_observation_geometry,15,15,0,0
uct-test-a33,19,1.265314217464312,0.06932401344894712,accepted_observation_geometry,15,15,0,0
uct-test-a33,19,1.268182479274737,0.06932401344894712,accepted_observation_geometry,15,15,0,0
uct-test-a33,19,1.271050741085162,0.06932401344894712,accepted_observation_geometry,15,15,0,0
uct-test-a33,20,1.2911285737581368,0.06932401344894712,accepted_observation_geometry,15,15,0,0
uct-test-a33,20,1.2939968355685618,0.06932401344894712,accepted_observation_geometry,15,15,0,0
uct-test-a33,20,1.2968650973789868,0.06932401344894712,accepted_observation_geometry,15,15,0,0
uct-test-a33,20,1.2997333591894118,0.06932401344894712,accepted_observation_geometry,15,15,0,0
uct-test-a33,20,1.3026016209998368,0.07051044867360567,accepted_observation_geometry,15,15,0,0
uct-test-a33,20,1.3054698828102618,0.07051044867360567,accepted_observation_geometry,15,15,0,0
uct-test-a33,20,1.3083381446206868,0.06932401344894712,accepted_observation_geometry,15,15,0,0
uct-test-a33,20,1.3112064064311117,0.06932401344894712,accepted_observation_geometry,15,15,0,0
uct-test-a33,20,1.3140746682415367,0.06813757822428856,accepted_observation_geometry,15,15,0,0
uct-test-a33,20,1.3169429300519617,0.06813757822428856,accepted_observation_geometry,15,15,0,0
uct-test-a33,20,1.319811191862387,0.06932401344894712,accepted_observation_geometry,15,15,0,0
uct-test-a33,20,1.322679453672812,0.06813757822428856,accepted_observation_geometry,15,15,0,0
uct-test-a33,20,1.325547715483237,0.06813757822428856,accepted_observation_geometry,15,15,0,0
uct-test-a33,20,1.328415977293662,0.06813757822428856,accepted_observation_geometry,15,15,0,0
uct-test-a33,20,1.3312842391040869,0.06813757822428856,accepted_observation_geometry,15,15,0,0
uct-test-a33,21,1.3542303335874868,0.06695114299963012,accepted_observation_geometry,15,15,0,0
uct-test-a33,21,1.3570985953979118,0.06695114299963012,accepted_observation_geometry,15,15,0,0
uct-test-a33,21,1.3599668572083368,0.06695114299963012,accepted_observation_geometry,15,15,0,0
uct-test-a33,21,1.3628351190187618,0.06813757822428856,accepted_observation_geometry,15,15,0,0
uct-test-a33,21,1.3657033808291867,0.06813757822428856,accepted_observation_geometry,15,15,0,0
uct-test-a33,21,1.3685716426396117,0.06813757822428856,accepted_observation_geometry,15,15,0,0
uct-test-a33,21,1.3714399044500367,0.06813757822428856,accepted_observation_geometry,15,15,0,0
uct-test-a33,21,1.3743081662604617,0.06695114299963012,accepted_observation_geometry,15,15,0,0
uct-test-a33,21,1.3771764280708867,0.06695114299963012,accepted_observation_geometry,15,15,0,0
uct-test-a33,21,1.3800446898813117,0.06576470777497156,accepted_observation_geometry,15,15,0,0
uct-test-a33,21,1.3829129516917367,0.06576470777497156,accepted_observation_geometry,15,15,0,0
uct-test-a33,21,1.3857812135021617,0.06576470777497156,accepted_observation_geometry,15,15,0,0
uct-test-a33,21,1.3886494753125866,0.06695114299963012,accepted_observation_geometry,15,15,0,0
uct-test-a33,21,1.3915177371230116,0.06695114299963012,accepted_observation_geometry,15,15,0,0
uct-test-a33,21,1.3943859989334366,0.06576470777497156,accepted_observation_geometry,15,15,0,0
uct-test-a33,22,1.4144638316064118,0.06695114299963012,accepted_observation_geometry,15,15,0,0
uct-test-a33,22,1.4173320934168367,0.06695114299963012,accepted_observation_geometry,15,15,0,0
uct-test-a33,22,1.4202003552272617,0.06695114299963012,accepted_observation_geometry,15,15,0,0
uct-test-a33,22,1.4230686170376867,0.06695114299963012,accepted_observation_geometry,15,15,0,0
uct-test-a33,22,1.4259368788481117,0.06695114299963012,accepted_observation_geometry,15,15,0,0
uct-test-a33,22,1.4288051406585367,0.06695114299963012,accepted_observation_geometry,15,15,0,0
uct-test-a33,22,1.4316734024689617,0.06695114299963012,accepted_observation_geometry,15,15,0,0
uct-test-a33,22,1.4345416642793867,0.06813757822428856,accepted_observation_geometry,15,15,0,0
uct-test-a33,22,1.4374099260898117,0.06813757822428856,accepted_observation_geometry,15,15,0,0
uct-test-a33,22,1.4402781879002367,0.06813757822428856,accepted_observation_geometry,15,15,0,0
uct-test-a33,22,1.4431464497106616,0.06813757822428856,accepted_observation_geometry,15,15,0,0
uct-test-a33,22,1.4460147115210866,0.06813757822428856,accepted_observation_geometry,15,15,0,0
uct-test-a33,22,1.4488829733315116,0.06932401344894712,accepted_observation_geometry,15,15,0,0
uct-test-a33,22,1.4517512351419366,0.06932401344894712,accepted_observation_geometry,15,15,0,0
uct-test-a33,22,1.4546194969523616,0.06932401344894712,accepted_observation_geometry,15,15,0,0
uct-test-a33,23,1.4746973296253365,0.07644262479689845,accepted_observation_geometry,15,15,0,0
uct-test-a33,23,1.4775655914357615,0.07644262479689845,accepted_observation_geometry,15,15,0,0
uct-test-a33,23,1.4804338532461865,0.07644262479689845,accepted_observation_geometry,15,15,0,0
uct-test-a33,23,1.4833021150566117,0.07644262479689845,accepted_observation_geometry,15,15,0,0
uct-test-a33,23,1.4861703768670367,0.077629060021557,accepted_observation_geometry,15,15,0,0
uct-test-a33,23,1.4890386386774617,0.07881549524621556,accepted_observation_geometry,15,15,0,0
uct-test-a33,23,1.4919069004878867,0.07881549524621556,accepted_observation_geometry,15,15,0,0
uct-test-a33,23,1.4947751622983116,0.07881549524621556,accepted_observation_geometry,15,15,0,0
uct-test-a33,23,1.4976434241087366,0.07881549524621556,accepted_observation_geometry,15,15,0,0
uct-test-a33,23,1.5005116859191616,0.08000193047087412,accepted_observation_geometry,15,15,0,0
uct-test-a33,23,1.5033799477295866,0.08118836569553267,accepted_observation_geometry,15,15,0,0
uct-test-a33,23,1.5062482095400116,0.08118836569553267,accepted_observation_geometry,15,15,0,0
uct-test-a33,23,1.5091164713504366,0.08118836569553267,accepted_observation_geometry,15,15,0,0
uct-test-a33,23,1.5119847331608616,0.08237480092019123,accepted_observation_geometry,15,15,0,0
uct-test-a33,23,1.5148529949712866,0.08237480092019123,accepted_observation_geometry,15,15,0,0
uct-test-a33,24,1.5349308276442615,0.08949341226814245,accepted_observation_geometry,7,7,0,0
uct-test-a33,24,1.5377990894546865,0.090679847492801,accepted_observation_geometry,7,7,0,0
uct-test-a33,24,1.5406673512651115,0.08949341226814245,accepted_observation_geometry,7,7,0,0
uct-test-a33,24,1.5435356130755364,0.08949341226814245,accepted_observation_geometry,7,7,0,0
uct-test-a33,24,1.5464038748859614,0.08949341226814245,accepted_observation_geometry,7,7,0,0
uct-test-a33,24,1.5492721366963864,0.08949341226814245,accepted_observation_geometry,7,7,0,0
uct-test-a33,24,1.5521403985068114,0.08712054181882534,accepted_observation_geometry,7,7,0,0
uct-test-a11,0,0.10653644605261364,0.7444056562796608,accepted_observation_geometry,226,226,0,0
uct-test-a11,0,0.10940470786303863,0.7396599153810267,accepted_observation_geometry,226,226,0,0
uct-test-a11,0,0.11227296967346362,0.7372870449317096,accepted_observation_geometry,226,226,0,0
uct-test-a11,0,0.1151412314838886,0.7372870449317096,accepted_observation_geometry,226,226,0,0
uct-test-a11,0,0.1180094932943136,0.7349141744823925,accepted_observation_geometry,226,226,0,0
uct-test-a11,0,0.12087775510473858,0.7301684335837584,accepted_observation_geometry,226,226,0,0
uct-test-a11,0,0.12374601691516357,0.7277955631344413,accepted_observation_geometry,226,226,0,0
uct-test-a11,0,0.1266142787255886,0.7254226926851242,accepted_observation_geometry,226,226,0,0
uct-test-a11,0,0.1294825405360136,0.7254226926851242,accepted_observation_geometry,226,226,0,0
uct-test-a11,0,0.1323508023464386,0.723049822235807,accepted_observation_geometry,226,226,0,0
uct-test-a11,0,0.13521906415686358,0.7254226926851242,accepted_observation_geometry,226,226,0,0
uct-test-a11,0,0.13808732596728857,0.7254226926851242,accepted_observation_geometry,226,226,0,0
uct-test-a11,0,0.14095558777771355,0.7277955631344413,accepted_observation_geometry,226,226,0,0
uct-test-a11,0,0.14382384958813854,0.7325413040330755,accepted_observation_geometry,226,226,0,0
uct-test-a11,0,0.14669211139856353,0.7349141744823925,accepted_observation_geometry,226,226,0,0
uct-test-a11,0,0.14956037320898852,0.7396599153810267,accepted_observation_geometry,226,226,0,0
uct-test-a11,0,0.1524286350194135,0.7444056562796608,accepted_observation_geometry,226,226,0,0
uct-test-a11,0,0.1552968968298386,0.749151397178295,accepted_observation_geometry,226,226,0,0
uct-test-a11,0,0.1581651586402636,0.7538971380769293,accepted_observation_geometry,226,226,0,0
uct-test-a11,0,0.16103342045068858,0.7562700085262464,accepted_observation_geometry,226,226,0,0
uct-test-a11,0,0.16390168226111357,0.7586428789755635,accepted_observation_geometry,226,226,0,0
uct-test-a11,0,0.16676994407153856,0.7633886198741977,accepted_observation_geometry,226,226,0,0
uct-test-a11,0,0.16963820588196354,0.7681343607728319,accepted_observation_geometry,226,226,0,0
uct-test-a11,0,0.17250646769238853,0.7705072312221489,accepted_observation_geometry,226,226,0,0
uct-test-a11,0,0.17537472950281352,0.772880101671466,accepted_observation_geometry,226,226,0,0
uct-test-a11,0,0.1782429913132385,0.7776258425701001,accepted_observation_geometry,226,226,0,0
uct-test-a11,0,0.1811112531236635,0.7823715834687344,accepted_observation_geometry,226,226,0,0
uct-test-a11,0,0.18397951493408848,0.7871173243673686,accepted_observation_geometry,226,226,0,0
uct-test-a11,0,0.18684777674451347,0.7894901948166857,accepted_observation_geometry,226,226,0,0
uct-test-a11,0,0.18971603855493846,0.7942359357153199,accepted_observation_geometry,226,226,0,0
uct-test-a11,0,0.19258430036536345,0.796608806164637,accepted_observation_geometry,226,226,0,0
uct-test-a11,0,0.19545256217578855,0.8013545470632712,accepted_observation_geometry,226,226,0,0
uct-test-a11,0,0.19832082398621353,0.8037274175125882,accepted_observation_geometry,226,226,0,0
uct-test-a11,0,0.20118908579663852,0.8084731584112225,accepted_observation_geometry,226,226,0,0
uct-test-a11,0,0.2040573476070635,0.8108460288605396,accepted_observation_geometry,226,226,0,0
uct-test-a11,0,0.2069256094174885,0.8132188993098567,accepted_observation_geometry,226,226,0,0
uct-test-a11,0,0.2097938712279135,0.8132188993098567,accepted_observation_geometry,226,226,0,0
uct-test-a11,0,0.21266213303833847,0.8132188993098567,accepted_observation_geometry,226,226,0,0
uct-test-a11,0,0.21553039484876346,0.8155917697591737,accepted_observation_geometry,226,226,0,0
uct-test-a11,0,0.21839865665918845,0.8155917697591737,accepted_observation_geometry,226,226,0,0
uct-test-a11,0,0.22126691846961344,0.8155917697591737,accepted_observation_geometry,226,226,0,0
uct-test-a11,0,0.22413518028003843,0.8155917697591737,accepted_observation_geometry,226,226,0,0
uct-test-a11,0,0.22700344209046341,0.8155917697591737,accepted_observation_geometry,226,226,0,0
uct-test-a11,0,0.2298717039008884,0.8155917697591737,accepted_observation_geometry,226,226,0,0
uct-test-a11,0,0.2327399657113134,0.8155917697591737,accepted_observation_geometry,226,226,0,0
uct-test-a11,0,0.23560822752173838,0.8179646402084908,accepted_observation_geometry,226,226,0,0
uct-test-a11,0,0.23847648933216348,0.8203375106578079,accepted_observation_geometry,226,226,0,0
uct-test-a11,0,0.24134475114258847,0.822710381107125,accepted_observation_geometry,226,226,0,0
uct-test-a11,0,0.24421301295301345,0.8250832515564421,accepted_observation_geometry,226,226,0,0
uct-test-a11,0,0.24708127476343844,0.8250832515564421,accepted_observation_geometry,226,226,0,0
uct-test-a11,0,0.24994953657386343,0.8274561220057592,accepted_observation_geometry,226,226,0,0
uct-test-a11,0,0.2528177983842884,0.8250832515564421,accepted_observation_geometry,226,226,0,0
uct-test-a11,0,0.2556860601947134,0.8250832515564421,accepted_observation_geometry,226,226,0,0
uct-test-a11,0,0.2585543220051384,0.8203375106578079,accepted_observation_geometry,226,226,0,0
uct-test-a11,0,0.2614225838155634,0.8179646402084908,accepted_observation_geometry,226,226,0,0
uct-test-a11,0,0.26429084562598837,0.8179646402084908,accepted_observation_geometry,226,226,0,0
uct-test-a11,0,0.26715910743641336,0.8155917697591737,accepted_observation_geometry,226,226,0,0
uct-test-a11,0,0.27002736924683834,0.8155917697591737,accepted_observation_geometry,226,226,0,0
uct-test-a11,0,0.27289563105726333,0.8155917697591737,accepted_observation_geometry,226,226,0,0
uct-test-a11,0,0.2757638928676883,0.8155917697591737,accepted_observation_geometry,226,226,0,0
uct-test-a11,0,0.2786321546781134,0.8155917697591737,accepted_observation_geometry,226,226,0,0
uct-test-a11,0,0.2815004164885384,0.8132188993098567,accepted_observation_geometry,226,226,0,0
uct-test-a11,0,0.2843686782989634,0.8108460288605396,accepted_observation_geometry,226,226,0,0
uct-test-a11,0,0.2872369401093884,0.8108460288605396,accepted_observation_geometry,226,226,0,0
uct-test-a11,0,0.29010520191981337,0.8108460288605396,accepted_observation_geometry,226,226,0,0
uct-test-a11,0,0.29297346373023836,0.8108460288605396,accepted_observation_geometry,226,226,0,0
uct-test-a11,0,0.29584172554066335,0.8132188993098567,accepted_observation_geometry,226,226,0,0
uct-test-a11,0,0.29870998735108834,0.8155917697591737,accepted_observation_geometry,226,226,0,0
uct-test-a11,0,0.3015782491615133,0.8155917697591737,accepted_observation_geometry,226,226,0,0
uct-test-a11,0,0.3044465109719383,0.8179646402084908,accepted_observation_geometry,226,226,0,0
uct-test-a11,0,0.3073147727823633,0.8179646402084908,accepted_observation_geometry,226,226,0,0
uct-test-a11,0,0.3101830345927883,0.8179646402084908,accepted_observation_geometry,226,226,0,0
uct-test-a11,0,0.3130512964032133,0.8179646402084908,accepted_observation_geometry,226,226,0,0
uct-test-a11,0,0.31591955821363826,0.8179646402084908,accepted_observation_geometry,226,226,0,0
uct-test-a11,0,0.31878782002406336,0.8179646402084908,accepted_observation_geometry,226,226,0,0
uct-test-a11,0,0.32165608183448835,0.8155917697591737,accepted_observation_geometry,226,226,0,0
uct-test-a11,0,0.32452434364491334,0.8179646402084908,accepted_observation_geometry,226,226,0,0
uct-test-a11,0,0.3273926054553383,0.8179646402084908,accepted_observation_geometry,226,226,0,0
uct-test-a11,0,0.3302608672657633,0.8179646402084908,accepted_observation_geometry,226,226,0,0
uct-test-a11,0,0.3331291290761883,0.8179646402084908,accepted_observation_geometry,226,226,0,0
uct-test-a11,0,0.3359973908866133,0.8179646402084908,accepted_observation_geometry,226,226,0,0
uct-test-a11,0,0.3388656526970383,0.8203375106578079,accepted_observation_geometry,226,226,0,0
uct-test-a11,0,0.34173391450746327,0.8203375106578079,accepted_observation_geometry,226,226,0,0
uct-test-a11,0,0.34460217631788825,0.8203375106578079,accepted_observation_geometry,226,226,0,0
uct-test-a11,0,0.34747043812831324,0.8203375106578079,accepted_observation_geometry,226,226,0,0
uct-test-a11,0,0.35033869993873823,0.822710381107125,accepted_observation_geometry,226,226,0,0
uct-test-a11,0,0.3532069617491632,0.822710381107125,accepted_observation_geometry,226,226,0,0
uct-test-a11,0,0.3560752235595882,0.822710381107125,accepted_observation_geometry,226,226,0,0
uct-test-a11,0,0.3589434853700133,0.822710381107125,accepted_observation_geometry,226,226,0,0
uct-test-a11,0,0.3618117471804383,0.822710381107125,accepted_observation_geometry,226,226,0,0
uct-test-a11,0,0.3646800089908633,0.822710381107125,accepted_observation_geometry,226,226,0,0
uct-test-a11,0,0.36754827080128827,0.8203375106578079,accepted_observation_geometry,226,226,0,0
uct-test-a11,0,0.37041653261171326,0.8203375106578079,accepted_observation_geometry,226,226,0,0
uct-test-a11,0,0.37328479442213824,0.8203375106578079,accepted_observation_geometry,226,226,0,0
uct-test-a11,0,0.37615305623256323,0.8179646402084908,accepted_observation_geometry,226,226,0,0
uct-test-a11,0,0.3790213180429882,0.8179646402084908,accepted_observation_geometry,226,226,0,0
uct-test-a11,0,0.3818895798534132,0.8179646402084908,accepted_observation_geometry,226,226,0,0
uct-test-a11,0,0.3847578416638382,0.8179646402084908,accepted_observation_geometry,226,226,0,0
uct-test-a11,0,0.3876261034742632,0.8179646402084908,accepted_observation_geometry,226,226,0,0
uct-test-a11,0,0.39049436528468817,0.8179646402084908,accepted_observation_geometry,226,226,0,0
uct-test-a11,0,0.39336262709511316,0.8155917697591737,accepted_observation_geometry,226,226,0,0
uct-test-a11,0,0.39623088890553815,0.8155917697591737,accepted_observation_geometry,226,226,0,0
uct-test-a11,0,0.39909915071596314,0.8155917697591737,accepted_observation_geometry,226,226,0,0
uct-test-a11,0,0.40196741252638823,0.8132188993098567,accepted_observation_geometry,226,226,0,0
uct-test-a11,0,0.4048356743368132,0.8132188993098567,accepted_observation_geometry,226,226,0,0
uct-test-a11,0,0.4077039361472382,0.8108460288605396,accepted_observation_geometry,226,226,0,0
uct-test-a11,0,0.4105721979576632,0.8108460288605396,accepted_observation_geometry,226,226,0,0
uct-test-a11,0,0.4134404597680882,0.8108460288605396,accepted_observation_geometry,226,226,0,0
uct-test-a11,0,0.4163087215785132,0.8132188993098567,accepted_observation_geometry,226,226,0,0
uct-test-a11,0,0.41917698338893816,0.8132188993098567,accepted_observation_geometry,226,226,0,0
uct-test-a11,0,0.42204524519936315,0.8132188993098567,accepted_observation_geometry,226,226,0,0
uct-test-a11,0,0.42491350700978814,0.8155917697591737,accepted_observation_geometry,226,226,0,0
uct-test-a11,0,0.4277817688202131,0.8155917697591737,accepted_observation_geometry,226,226,0,0
uct-test-a11,0,0.4306500306306381,0.8155917697591737,accepted_observation_geometry,226,226,0,0
uct-test-a11,0,0.4335182924410631,0.8155917697591737,accepted_observation_geometry,226,226,0,0
uct-test-a11,0,0.4363865542514881,0.8155917697591737,accepted_observation_geometry,226,226,0,0
uct-test-a11,0,0.4392548160619131,0.8155917697591737,accepted_observation_geometry,226,226,0,0
uct-test-a11,0,0.4421230778723382,0.8132188993098567,accepted_observation_geometry,226,226,0,0
uct-test-a11,0,0.44499133968276317,0.8132188993098567,accepted_observation_geometry,226,226,0,0
uct-test-a11,0,0.44785960149318815,0.8132188993098567,accepted_observation_geometry,226,226,0,0
uct-test-a11,0,0.45072786330361314,0.8132188993098567,accepted_observation_geometry,226,226,0,0
uct-test-a11,0,0.45359612511403813,0.8155917697591737,accepted_observation_geometry,226,226,0,0
uct-test-a11,0,0.4564643869244631,0.8155917697591737,accepted_observation_geometry,226,226,0,0
uct-test-a11,0,0.4593326487348881,0.8179646402084908,accepted_observation_geometry,226,226,0,0
uct-test-a11,0,0.4622009105453131,0.8179646402084908,accepted_observation_geometry,226,226,0,0
uct-test-a11,0,0.4650691723557381,0.8179646402084908,accepted_observation_geometry,226,226,0,0
uct-test-a11,0,0.46793743416616307,0.8179646402084908,accepted_observation_geometry,226,226,0,0
uct-test-a11,0,0.47080569597658806,0.8179646402084908,accepted_observation_geometry,226,226,0,0
uct-test-a11,0,0.47367395778701304,0.8155917697591737,accepted_observation_geometry,226,226,0,0
uct-test-a11,0,0.47654221959743803,0.8155917697591737,accepted_observation_geometry,226,226,0,0
uct-test-a11,0,0.479410481407863,0.8155917697591737,accepted_observation_geometry,226,226,0,0
uct-test-a11,0,0.4822787432182881,0.8155917697591737,accepted_observation_geometry,226,226,0,0
uct-test-a11,0,0.4851470050287131,0.8155917697591737,accepted_observation_geometry,226,226,0,0
uct-test-a11,0,0.4880152668391381,0.8155917697591737,accepted_observation_geometry,226,226,0,0
uct-test-a11,0,0.4908835286495631,0.8155917697591737,accepted_observation_geometry,226,226,0,0
uct-test-a11,0,0.49375179045998807,0.8155917697591737,accepted_observation_geometry,226,226,0,0
uct-test-a11,0,0.49662005227041306,0.8155917697591737,accepted_observation_geometry,226,226,0,0
uct-test-a11,0,0.49948831408083805,0.8132188993098567,accepted_observation_geometry,226,226,0,0
uct-test-a11,0,0.502356575891263,0.8108460288605396,accepted_observation_geometry,226,226,0,0
uct-test-a11,0,0.505224837701688,0.8108460288605396,accepted_observation_geometry,226,226,0,0
uct-test-a11,0,0.508093099512113,0.8084731584112225,accepted_observation_geometry,226,226,0,0
uct-test-a11,0,0.510961361322538,0.8084731584112225,accepted_observation_geometry,226,226,0,0
uct-test-a11,0,0.513829623132963,0.8084731584112225,accepted_observation_geometry,226,226,0,0
uct-test-a11,0,0.516697884943388,0.8084731584112225,accepted_observation_geometry,226,226,0,0
uct-test-a11,0,0.519566146753813,0.8084731584112225,accepted_observation_geometry,226,226,0,0
uct-test-a11,0,0.5224344085642381,0.8084731584112225,accepted_observation_geometry,226,226,0,0
uct-test-a11,0,0.525302670374663,0.8084731584112225,accepted_observation_geometry,226,226,0,0
uct-test-a11,0,0.528170932185088,0.8084731584112225,accepted_observation_geometry,226,226,0,0
uct-test-a11,0,0.531039193995513,0.8061002879619054,accepted_observation_geometry,226,226,0,0
uct-test-a11,0,0.533907455805938,0.8061002879619054,accepted_observation_geometry,226,226,0,0
uct-test-a11,0,0.536775717616363,0.8013545470632712,accepted_observation_geometry,226,226,0,0
uct-test-a11,0,0.539643979426788,0.8013545470632712,accepted_observation_geometry,226,226,0,0
uct-test-a11,0,0.542512241237213,0.7989816766139541,accepted_observation_geometry,226,226,0,0
uct-test-a11,0,0.545380503047638,0.796608806164637,accepted_observation_geometry,226,226,0,0
uct-test-a11,0,0.548248764858063,0.796608806164637,accepted_observation_geometry,226,226,0,0
uct-test-a11,0,0.5511170266684879,0.796608806164637,accepted_observation_geometry,226,226,0,0
uct-test-a11,0,0.5539852884789129,0.796608806164637,accepted_observation_geometry,226,226,0,0
uct-test-a11,0,0.5568535502893379,0.796608806164637,accepted_observation_geometry,226,226,0,0
uct-test-a11,0,0.5597218120997629,0.796608806164637,accepted_observation_geometry,226,226,0,0
uct-test-a11,0,0.5625900739101879,0.796608806164637,accepted_observation_geometry,226,226,0,0
uct-test-a11,0,0.565458335720613,0.796608806164637,accepted_observation_geometry,226,226,0,0
uct-test-a11,0,0.568326597531038,0.796608806164637,accepted_observation_geometry,226,226,0,0
uct-test-a11,0,0.571194859341463,0.796608806164637,accepted_observation_geometry,226,226,0,0
uct-test-a11,0,0.574063121151888,0.796608806164637,accepted_observation_geometry,226,226,0,0
uct-test-a11,0,0.5769313829623129,0.7942359357153199,accepted_observation_geometry,226,226,0,0
uct-test-a11,0,0.5797996447727379,0.7942359357153199,accepted_observation_geometry,226,226,0,0
uct-test-a11,0,0.5826679065831629,0.7918630652660028,accepted_observation_geometry,226,226,0,0
uct-test-a11,0,0.5855361683935879,0.7918630652660028,accepted_observation_geometry,226,226,0,0
uct-test-a11,0,0.5884044302040129,0.7918630652660028,accepted_observation_geometry,226,226,0,0
uct-test-a11,0,0.5912726920144379,0.7894901948166857,accepted_observation_geometry,226,226,0,0
uct-test-a11,0,0.5941409538248629,0.7894901948166857,accepted_observation_geometry,226,226,0,0
uct-test-a11,0,0.5970092156352879,0.7871173243673686,accepted_observation_geometry,226,226,0,0
uct-test-a11,0,0.5998774774457128,0.7871173243673686,accepted_observation_geometry,226,226,0,0
uct-test-a11,0,0.6027457392561378,0.7847444539180515,accepted_observation_geometry,226,226,0,0
uct-test-a11,0,0.6056140010665629,0.7847444539180515,accepted_observation_geometry,226,226,0,0
uct-test-a11,0,0.6084822628769879,0.7799987130194173,accepted_observation_geometry,226,226,0,0
uct-test-a11,0,0.6113505246874129,0.7776258425701001,accepted_observation_geometry,226,226,0,0
uct-test-a11,0,0.6142187864978379,0.7752529721207831,accepted_observation_geometry,226,226,0,0
uct-test-a11,0,0.6170870483082629,0.772880101671466,accepted_observation_geometry,226,226,0,0
uct-test-a11,0,0.6199553101186879,0.7705072312221489,accepted_observation_geometry,226,226,0,0
uct-test-a11,0,0.6228235719291129,0.7705072312221489,accepted_observation_geometry,226,226,0,0
uct-test-a11,0,0.6256918337395379,0.7705072312221489,accepted_observation_geometry,226,226,0,0
uct-test-a11,0,0.6285600955499628,0.772880101671466,accepted_observation_geometry,226,226,0,0
uct-test-a11,0,0.6314283573603878,0.772880101671466,accepted_observation_geometry,226,226,0,0
uct-test-a11,0,0.6342966191708128,0.7705072312221489,accepted_observation_geometry,226,226,0,0
uct-test-a11,0,0.6371648809812378,0.7705072312221489,accepted_observation_geometry,226,226,0,0
uct-test-a11,0,0.6400331427916628,0.7705072312221489,accepted_observation_geometry,226,226,0,0
uct-test-a11,0,0.6429014046020878,0.7681343607728319,accepted_observation_geometry,226,226,0,0
uct-test-a11,0,0.6457696664125128,0.7657614903235148,accepted_observation_geometry,226,226,0,0
uct-test-a11,0,0.6486379282229378,0.7633886198741977,accepted_observation_geometry,226,226,0,0
uct-test-a11,0,0.6515061900333627,0.7610157494248806,accepted_observation_geometry,226,226,0,0
uct-test-a11,0,0.6543744518437877,0.7610157494248806,accepted_observation_geometry,226,226,0,0
uct-test-a11,0,0.6572427136542127,0.7586428789755635,accepted_observation_geometry,226,226,0,0
uct-test-a11,0,0.6601109754646377,0.7562700085262464,accepted_observation_geometry,226,226,0,0
uct-test-a11,0,0.6629792372750627,0.7562700085262464,accepted_observation_geometry,226,226,0,0
uct-test-a11,0,0.6658474990854879,0.7515242676276122,accepted_observation_geometry,226,226,0,0
uct-test-a11,0,0.6687157608959129,0.749151397178295,accepted_observation_geometry,226,226,0,0
uct-test-a11,0,0.6715840227063379,0.7444056562796608,accepted_observation_geometry,226,226,0,0
uct-test-a11,0,0.6744522845167629,0.7420327858303437,accepted_observation_geometry,226,226,0,0
uct-test-a11,0,0.6773205463271879,0.7396599153810267,accepted_observation_geometry,226,226,0,0
uct-test-a11,0,0.6801888081376128,0.7349141744823925,accepted_observation_geometry,226,226,0,0
uct-test-a11,0,0.6830570699480378,0.7301684335837584,accepted_observation_geometry,226,226,0,0
uct-test-a11,0,0.6859253317584628,0.7254226926851242,accepted_observation_geometry,226,226,0,0
uct-test-a11,0,0.6887935935688878,0.723049822235807,accepted_observation_geometry,226,226,0,0
uct-test-a11,0,0.6916618553793128,0.7206769517864899,accepted_observation_geometry,226,226,0,0
uct-test-a11,0,0.6945301171897378,0.7183040813371728,accepted_observation_geometry,226,226,0,0
uct-test-a11,0,0.6973983790001628,0.7135583404385386,accepted_observation_geometry,226,226,0,0
uct-test-a11,0,0.7002666408105878,0.7088125995399044,accepted_observation_geometry,226,226,0,0
uct-test-a11,0,0.7031349026210127,0.7040668586412703,accepted_observation_geometry,226,226,0,0
uct-test-a11,0,0.7060031644314377,0.6993211177426361,accepted_observation_geometry,226,226,0,0
uct-test-a11,0,0.7088714262418627,0.694575376844002,accepted_observation_geometry,226,226,0,0
uct-test-a11,0,0.7117396880522877,0.6898296359453677,accepted_observation_geometry,226,226,0,0
uct-test-a11,0,0.7146079498627127,0.6827110245974164,accepted_observation_geometry,226,226,0,0
uct-test-a11,0,0.7174762116731377,0.6779652836987822,accepted_observation_geometry,226,226,0,0
uct-test-a11,0,0.7203444734835627,0.6708466723508308,accepted_observation_geometry,226,226,0,0
uct-test-a11,0,0.7232127352939877,0.6637280610028796,accepted_observation_geometry,226,226,0,0
uct-test-a11,0,0.7260809971044127,0.6589823201042455,accepted_observation_geometry,226,226,0,0
uct-test-a11,0,0.7289492589148376,0.6518637087562942,accepted_observation_geometry,226,226,0,0
uct-test-a11,0,0.7318175207252626,0.6399993565097086,accepted_observation_geometry,226,226,0,0
uct-test-a11,0,0.7346857825356876,0.6328807451617574,accepted_observation_geometry,226,226,0,0
uct-test-a11,0,0.7375540443461126,0.621016392915172,accepted_observation_geometry,226,226,0,0
uct-test-a11,0,0.7404223061565376,0.6020334293206351,accepted_observation_geometry,226,226,0,0
uct-test-a11,0,0.7432905679669626,0.5925419475233668,accepted_observation_geometry,226,226,0,0
uct-test-a11,0,0.7461588297773878,0.5759318543781471,accepted_observation_geometry,226,226,0,0
uct-test-a11,0,0.7490270915878128,0.5616946316822445,accepted_observation_geometry,226,226,0,0
uct-test-a11,0,0.7518953533982378,0.5427116680877078,accepted_observation_geometry,226,226,0,0
uct-test-a11,1,0.7662366624503627,0.3955937002300478,accepted_observation_geometry,42,42,0,0
uct-test-a11,1,0.7691049242607877,0.38372934798346237,accepted_observation_geometry,42,42,0,0
uct-test-a11,1,0.7719731860712127,0.36000064349029137,accepted_observation_geometry,42,42,0,0
uct-test-a11,1,0.7748414478816377,0.3410176798957546,accepted_observation_geometry,42,42,0,0
uct-test-a11,1,0.7777097096920627,0.32678045719985205,accepted_observation_geometry,42,42,0,0
uct-test-a11,1,0.7805779715024876,0.3101703640546324,accepted_observation_geometry,42,42,0,0
uct-test-a11,1,0.7834462333129126,0.30305175270668105,accepted_observation_geometry,42,42,0,0
uct-test-a11,1,0.7863144951233376,0.2935602709094127,accepted_observation_geometry,42,42,0,0
uct-test-a11,1,0.7891827569337626,0.2840687891121443,accepted_observation_geometry,42,42,0,0
uct-test-a11,1,0.7920510187441876,0.27457730731487595,accepted_observation_geometry,42,42,0,0
uct-test-a11,1,0.7949192805546126,0.2674586959669246,accepted_observation_geometry,42,42,0,0
uct-test-a11,1,0.7977875423650376,0.2603400846189734,accepted_observation_geometry,42,42,0,0
uct-test-a11,1,0.8006558041754626,0.2555943437203392,accepted_observation_geometry,42,42,0,0
uct-test-a11,1,0.8035240659858875,0.25084860282170496,accepted_observation_geometry,42,42,0,0
uct-test-a11,1,0.8063923277963125,0.24610286192307074,accepted_observation_geometry,42,42,0,0
uct-test-a11,1,0.8092605896067375,0.24372999147375374,accepted_observation_geometry,42,42,0,0
uct-test-a11,1,0.8121288514171625,0.24135712102443663,accepted_observation_geometry,42,42,0,0
uct-test-a11,1,0.8149971132275875,0.23898425057511952,accepted_observation_geometry,42,42,0,0
uct-test-a11,1,0.8178653750380125,0.2366113801258024,accepted_observation_geometry,42,42,0,0
uct-test-a11,1,0.8207336368484375,0.2342385096764853,accepted_observation_geometry,42,42,0,0
uct-test-a11,1,0.8236018986588625,0.2342385096764853,accepted_observation_geometry,42,42,0,0
uct-test-a11,1,0.8264701604692875,0.2342385096764853,accepted_observation_geometry,42,42,0,0
uct-test-a11,1,0.8293384222797127,0.2366113801258024,accepted_observation_geometry,42,42,0,0
uct-test-a11,1,0.8322066840901376,0.2366113801258024,accepted_observation_geometry,42,42,0,0
uct-test-a11,1,0.8350749459005626,0.23898425057511952,accepted_observation_geometry,42,42,0,0
uct-test-a11,1,0.8379432077109876,0.24372999147375374,accepted_observation_geometry,42,42,0,0
uct-test-a11,1,0.8408114695214126,0.24847573237238785,accepted_observation_geometry,42,42,0,0
uct-test-a11,1,0.8436797313318376,0.25084860282170496,accepted_observation_geometry,42,42,0,0
uct-test-a11,1,0.8465479931422626,0.2579672141696563,accepted_observation_geometry,42,42,0,0
uct-test-a11,1,0.8494162549526876,0.2627129550682905,accepted_observation_geometry,42,42,0,0
uct-test-a11,1,0.8522845167631126,0.2650858255176075,accepted_observation_geometry,42,42,0,0
uct-test-a11,1,0.8551527785735376,0.27457730731487595,accepted_observation_geometry,42,42,0,0
uct-test-a11,1,0.8580210403839625,0.27932304821351017,accepted_observation_geometry,42,42,0,0
uct-test-a11,1,0.8608893021943875,0.2864416595614614,accepted_observation_geometry,42,42,0,0
uct-test-a11,1,0.8637575640048125,0.29593314135872983,accepted_observation_geometry,42,42,0,0
uct-test-a11,1,0.8666258258152375,0.3101703640546324,accepted_observation_geometry,42,42,0,0
uct-test-a11,1,0.8694940876256625,0.3196618458519007,accepted_observation_geometry,42,42,0,0
uct-test-a11,1,0.8723623494360875,0.32915332764916916,accepted_observation_geometry,42,42,0,0
uct-test-a11,1,0.8752306112465125,0.3386448094464375,accepted_observation_geometry,42,42,0,0
uct-test-a11,1,0.8780988730569375,0.35288203214234015,accepted_observation_geometry,42,42,0,0
uct-test-a11,1,0.8809671348673624,0.3647463843889256,accepted_observation_geometry,42,42,0,0
uct-test-a11,1,0.8838353966777874,0.38372934798346237,accepted_observation_geometry,42,42,0,0
uct-test-a11,2,0.9039132293507623,0.4976271295506829,accepted_observation_geometry,1,1,0,0
uct-test-a11,3,0.9297275856445875,0.6399993565097086,accepted_observation_geometry,224,224,0,0
uct-test-a11,3,0.9325958474550124,0.6494908383069771,accepted_observation_geometry,224,224,0,0
uct-test-a11,3,0.9354641092654374,0.6589823201042455,accepted_observation_geometry,224,224,0,0
uct-test-a11,3,0.9383323710758624,0.6661009314521967,accepted_observation_geometry,224,224,0,0
uct-test-a11,3,0.9412006328862874,0.673219542800148,accepted_observation_geometry,224,224,0,0
uct-test-a11,3,0.9440688946967124,0.6779652836987822,accepted_observation_geometry,224,224,0,0
uct-test-a11,3,0.9469371565071374,0.6827110245974164,accepted_observation_geometry,224,224,0,0
uct-test-a11,3,0.9498054183175624,0.6898296359453677,accepted_observation_geometry,224,224,0,0
uct-test-a11,3,0.9526736801279874,0.694575376844002,accepted_observation_geometry,224,224,0,0
uct-test-a11,3,0.9555419419384124,0.7016939881919532,accepted_observation_geometry,224,224,0,0
uct-test-a11,3,0.9584102037488373,0.7064397290905873,accepted_observation_geometry,224,224,0,0
uct-test-a11,3,0.9612784655592623,0.7135583404385386,accepted_observation_geometry,224,224,0,0
uct-test-a11,3,0.9641467273696873,0.7183040813371728,accepted_observation_geometry,224,224,0,0
uct-test-a11,3,0.9670149891801123,0.7206769517864899,accepted_observation_geometry,224,224,0,0
uct-test-a11,3,0.9698832509905373,0.7254226926851242,accepted_observation_geometry,224,224,0,0
uct-test-a11,3,0.9727515128009623,0.7277955631344413,accepted_observation_geometry,224,224,0,0
uct-test-a11,3,0.9756197746113873,0.7325413040330755,accepted_observation_geometry,224,224,0,0
uct-test-a11,3,0.9784880364218123,0.7372870449317096,accepted_observation_geometry,224,224,0,0
uct-test-a11,3,0.9813562982322372,0.7467785267289779,accepted_observation_geometry,224,224,0,0
uct-test-a11,3,0.9842245600426622,0.7515242676276122,accepted_observation_geometry,224,224,0,0
uct-test-a11,3,0.9870928218530872,0.7538971380769293,accepted_observation_geometry,224,224,0,0
uct-test-a11,3,0.9899610836635122,0.7586428789755635,accepted_observation_geometry,224,224,0,0
uct-test-a11,3,0.9928293454739374,0.7586428789755635,accepted_observation_geometry,224,224,0,0
uct-test-a11,3,0.9956976072843624,0.7610157494248806,accepted_observation_geometry,224,224,0,0
uct-test-a11,3,0.9985658690947874,0.7610157494248806,accepted_observation_geometry,224,224,0,0
uct-test-a11,3,1.0014341309052124,0.7610157494248806,accepted_observation_geometry,224,224,0,0
uct-test-a11,3,1.0043023927156374,0.7610157494248806,accepted_observation_geometry,224,224,0,0
uct-test-a11,3,1.0071706545260624,0.7610157494248806,accepted_observation_geometry,224,224,0,0
uct-test-a11,3,1.0100389163364873,0.7633886198741977,accepted_observation_geometry,224,224,0,0
uct-test-a11,3,1.0129071781469123,0.7657614903235148,accepted_observation_geometry,224,224,0,0
uct-test-a11,3,1.0157754399573373,0.7681343607728319,accepted_observation_geometry,224,224,0,0
uct-test-a11,3,1.0186437017677623,0.7705072312221489,accepted_observation_geometry,224,224,0,0
uct-test-a11,3,1.0215119635781873,0.7752529721207831,accepted_observation_geometry,224,224,0,0
uct-test-a11,3,1.0243802253886123,0.7752529721207831,accepted_observation_geometry,224,224,0,0
uct-test-a11,3,1.0272484871990373,0.7776258425701001,accepted_observation_geometry,224,224,0,0
uct-test-a11,3,1.0301167490094623,0.7776258425701001,accepted_observation_geometry,224,224,0,0
uct-test-a11,3,1.0329850108198873,0.7776258425701001,accepted_observation_geometry,224,224,0,0
uct-test-a11,3,1.0358532726303122,0.7776258425701001,accepted_observation_geometry,224,224,0,0
uct-test-a11,3,1.0387215344407372,0.7752529721207831,accepted_observation_geometry,224,224,0,0
uct-test-a11,3,1.0415897962511622,0.7752529721207831,accepted_observation_geometry,224,224,0,0
uct-test-a11,3,1.0444580580615872,0.7776258425701001,accepted_observation_geometry,224,224,0,0
uct-test-a11,3,1.0473263198720122,0.7776258425701001,accepted_observation_geometry,224,224,0,0
uct-test-a11,3,1.0501945816824372,0.7799987130194173,accepted_observation_geometry,224,224,0,0
uct-test-a11,3,1.0530628434928622,0.7823715834687344,accepted_observation_geometry,224,224,0,0
uct-test-a11,3,1.0559311053032872,0.7847444539180515,accepted_observation_geometry,224,224,0,0
uct-test-a11,3,1.0587993671137121,0.7871173243673686,accepted_observation_geometry,224,224,0,0
uct-test-a11,3,1.0616676289241371,0.7918630652660028,accepted_observation_geometry,224,224,0,0
uct-test-a11,3,1.0645358907345621,0.7918630652660028,accepted_observation_geometry,224,224,0,0
uct-test-a11,3,1.067404152544987,0.7942359357153199,accepted_observation_geometry,224,224,0,0
uct-test-a11,3,1.070272414355412,0.7942359357153199,accepted_observation_geometry,224,224,0,0
uct-test-a11,3,1.0731406761658373,0.7942359357153199,accepted_observation_geometry,224,224,0,0
uct-test-a11,3,1.0760089379762623,0.7942359357153199,accepted_observation_geometry,224,224,0,0
uct-test-a11,3,1.0788771997866873,0.796608806164637,accepted_observation_geometry,224,224,0,0
uct-test-a11,3,1.0817454615971123,0.796608806164637,accepted_observation_geometry,224,224,0,0
uct-test-a11,3,1.0846137234075373,0.7989816766139541,accepted_observation_geometry,224,224,0,0
uct-test-a11,3,1.0874819852179622,0.7989816766139541,accepted_observation_geometry,224,224,0,0
uct-test-a11,3,1.0903502470283872,0.796608806164637,accepted_observation_geometry,224,224,0,0
uct-test-a11,3,1.0932185088388122,0.796608806164637,accepted_observation_geometry,224,224,0,0
uct-test-a11,3,1.0960867706492372,0.796608806164637,accepted_observation_geometry,224,224,0,0
uct-test-a11,3,1.0989550324596622,0.7942359357153199,accepted_observation_geometry,224,224,0,0
uct-test-a11,3,1.1018232942700872,0.7942359357153199,accepted_observation_geometry,224,224,0,0
uct-test-a11,3,1.1046915560805122,0.796608806164637,accepted_observation_geometry,224,224,0,0
uct-test-a11,3,1.1075598178909372,0.796608806164637,accepted_observation_geometry,224,224,0,0
uct-test-a11,3,1.1104280797013621,0.7989816766139541,accepted_observation_geometry,224,224,0,0
uct-test-a11,3,1.1132963415117871,0.8013545470632712,accepted_observation_geometry,224,224,0,0
uct-test-a11,3,1.1161646033222121,0.8013545470632712,accepted_observation_geometry,224,224,0,0
uct-test-a11,3,1.1190328651326371,0.8037274175125882,accepted_observation_geometry,224,224,0,0
uct-test-a11,3,1.121901126943062,0.8061002879619054,accepted_observation_geometry,224,224,0,0
uct-test-a11,3,1.124769388753487,0.8061002879619054,accepted_observation_geometry,224,224,0,0
uct-test-a11,3,1.127637650563912,0.8037274175125882,accepted_observation_geometry,224,224,0,0
uct-test-a11,3,1.130505912374337,0.8013545470632712,accepted_observation_geometry,224,224,0,0
uct-test-a11,3,1.133374174184762,0.8013545470632712,accepted_observation_geometry,224,224,0,0
uct-test-a11,3,1.136242435995187,0.8013545470632712,accepted_observation_geometry,224,224,0,0
uct-test-a11,3,1.139110697805612,0.8013545470632712,accepted_observation_geometry,224,224,0,0
uct-test-a11,3,1.141978959616037,0.8013545470632712,accepted_observation_geometry,224,224,0,0
uct-test-a11,3,1.144847221426462,0.8037274175125882,accepted_observation_geometry,224,224,0,0
uct-test-a11,3,1.147715483236887,0.8061002879619054,accepted_observation_geometry,224,224,0,0
uct-test-a11,3,1.150583745047312,0.8084731584112225,accepted_observation_geometry,224,224,0,0
uct-test-a11,3,1.153452006857737,0.8108460288605396,accepted_observation_geometry,224,224,0,0
uct-test-a11,3,1.1563202686681622,0.8132188993098567,accepted_observation_geometry,224,224,0,0
uct-test-a11,3,1.1591885304785872,0.8155917697591737,accepted_observation_geometry,224,224,0,0
uct-test-a11,3,1.1620567922890122,0.8155917697591737,accepted_observation_geometry,224,224,0,0
uct-test-a11,3,1.1649250540994371,0.8179646402084908,accepted_observation_geometry,224,224,0,0
uct-test-a11,3,1.1677933159098621,0.8179646402084908,accepted_observation_geometry,224,224,0,0
uct-test-a11,3,1.1706615777202871,0.8179646402084908,accepted_observation_geometry,224,224,0,0
uct-test-a11,3,1.173529839530712,0.8179646402084908,accepted_observation_geometry,224,224,0,0
uct-test-a11,3,1.176398101341137,0.8179646402084908,accepted_observation_geometry,224,224,0,0
uct-test-a11,3,1.179266363151562,0.8179646402084908,accepted_observation_geometry,224,224,0,0
uct-test-a11,3,1.182134624961987,0.8179646402084908,accepted_observation_geometry,224,224,0,0
uct-test-a11,3,1.185002886772412,0.8179646402084908,accepted_observation_geometry,224,224,0,0
uct-test-a11,3,1.187871148582837,0.8179646402084908,accepted_observation_geometry,224,224,0,0
uct-test-a11,3,1.190739410393262,0.8179646402084908,accepted_observation_geometry,224,224,0,0
uct-test-a11,3,1.193607672203687,0.8179646402084908,accepted_observation_geometry,224,224,0,0
uct-test-a11,3,1.196475934014112,0.8179646402084908,accepted_observation_geometry,224,224,0,0
uct-test-a11,3,1.199344195824537,0.8179646402084908,accepted_observation_geometry,224,224,0,0
uct-test-a11,3,1.202212457634962,0.8179646402084908,accepted_observation_geometry,224,224,0,0
uct-test-a11,3,1.205080719445387,0.8203375106578079,accepted_observation_geometry,224,224,0,0
uct-test-a11,3,1.207948981255812,0.8203375106578079,accepted_observation_geometry,224,224,0,0
uct-test-a11,3,1.210817243066237,0.8203375106578079,accepted_observation_geometry,224,224,0,0
uct-test-a11,3,1.213685504876662,0.8203375106578079,accepted_observation_geometry,224,224,0,0
uct-test-a11,3,1.216553766687087,0.8179646402084908,accepted_observation_geometry,224,224,0,0
uct-test-a11,3,1.219422028497512,0.8179646402084908,accepted_observation_geometry,224,224,0,0
uct-test-a11,3,1.222290290307937,0.8179646402084908,accepted_observation_geometry,224,224,0,0
uct-test-a11,3,1.2251585521183619,0.8179646402084908,accepted_observation_geometry,224,224,0,0
uct-test-a11,3,1.2280268139287869,0.8155917697591737,accepted_observation_geometry,224,224,0,0
uct-test-a11,3,1.2308950757392119,0.8155917697591737,accepted_observation_geometry,224,224,0,0
uct-test-a11,3,1.2337633375496369,0.8155917697591737,accepted_observation_geometry,224,224,0,0
uct-test-a11,3,1.236631599360062,0.8155917697591737,accepted_observation_geometry,224,224,0,0
uct-test-a11,3,1.239499861170487,0.8155917697591737,accepted_observation_geometry,224,224,0,0
uct-test-a11,3,1.242368122980912,0.8155917697591737,accepted_observation_geometry,224,224,0,0
uct-test-a11,3,1.245236384791337,0.8155917697591737,accepted_observation_geometry,224,224,0,0
uct-test-a11,3,1.248104646601762,0.8155917697591737,accepted_observation_geometry,224,224,0,0
uct-test-a11,3,1.250972908412187,0.8179646402084908,accepted_observation_geometry,224,224,0,0
uct-test-a11,3,1.253841170222612,0.8179646402084908,accepted_observation_geometry,224,224,0,0
uct-test-a11,3,1.256709432033037,0.8179646402084908,accepted_observation_geometry,224,224,0,0
uct-test-a11,3,1.259577693843462,0.8179646402084908,accepted_observation_geometry,224,224,0,0
uct-test-a11,3,1.262445955653887,0.8179646402084908,accepted_observation_geometry,224,224,0,0
uct-test-a11,3,1.265314217464312,0.8179646402084908,accepted_observation_geometry,224,224,0,0
uct-test-a11,3,1.268182479274737,0.8179646402084908,accepted_observation_geometry,224,224,0,0
uct-test-a11,3,1.271050741085162,0.8179646402084908,accepted_observation_geometry,224,224,0,0
uct-test-a11,3,1.273919002895587,0.8179646402084908,accepted_observation_geometry,224,224,0,0
uct-test-a11,3,1.276787264706012,0.8179646402084908,accepted_observation_geometry,224,224,0,0
uct-test-a11,3,1.2796555265164369,0.8179646402084908,accepted_observation_geometry,224,224,0,0
uct-test-a11,3,1.2825237883268619,0.8203375106578079,accepted_observation_geometry,224,224,0,0
uct-test-a11,3,1.2853920501372869,0.8179646402084908,accepted_observation_geometry,224,224,0,0
uct-test-a11,3,1.2882603119477118,0.8179646402084908,accepted_observation_geometry,224,224,0,0
uct-test-a11,3,1.2911285737581368,0.8179646402084908,accepted_observation_geometry,224,224,0,0
uct-test-a11,3,1.2939968355685618,0.8179646402084908,accepted_observation_geometry,224,224,0,0
uct-test-a11,3,1.2968650973789868,0.8179646402084908,accepted_observation_geometry,224,224,0,0
uct-test-a11,3,1.2997333591894118,0.8155917697591737,accepted_observation_geometry,224,224,0,0
uct-test-a11,3,1.3026016209998368,0.8179646402084908,accepted_observation_geometry,224,224,0,0
uct-test-a11,3,1.3054698828102618,0.8179646402084908,accepted_observation_geometry,224,224,0,0
uct-test-a11,3,1.3083381446206868,0.8179646402084908,accepted_observation_geometry,224,224,0,0
uct-test-a11,3,1.3112064064311117,0.8179646402084908,accepted_observation_geometry,224,224,0,0
uct-test-a11,3,1.3140746682415367,0.8203375106578079,accepted_observation_geometry,224,224,0,0
uct-test-a11,3,1.3169429300519617,0.822710381107125,accepted_observation_geometry,224,224,0,0
uct-test-a11,3,1.319811191862387,0.8250832515564421,accepted_observation_geometry,224,224,0,0
uct-test-a11,3,1.322679453672812,0.8274561220057592,accepted_observation_geometry,224,224,0,0
uct-test-a11,3,1.325547715483237,0.8274561220057592,accepted_observation_geometry,224,224,0,0
uct-test-a11,3,1.328415977293662,0.8274561220057592,accepted_observation_geometry,224,224,0,0
uct-test-a11,3,1.3312842391040869,0.8274561220057592,accepted_observation_geometry,224,224,0,0
uct-test-a11,3,1.3341525009145119,0.8274561220057592,accepted_observation_geometry,224,224,0,0
uct-test-a11,3,1.3370207627249369,0.8298289924550764,accepted_observation_geometry,224,224,0,0
uct-test-a11,3,1.3398890245353618,0.8298289924550764,accepted_observation_geometry,224,224,0,0
uct-test-a11,3,1.3427572863457868,0.8274561220057592,accepted_observation_geometry,224,224,0,0
uct-test-a11,3,1.3456255481562118,0.8274561220057592,accepted_observation_geometry,224,224,0,0
uct-test-a11,3,1.3484938099666368,0.8298289924550764,accepted_observation_geometry,224,224,0,0
uct-test-a11,3,1.3513620717770618,0.8298289924550764,accepted_observation_geometry,224,224,0,0
uct-test-a11,3,1.3542303335874868,0.8274561220057592,accepted_observation_geometry,224,224,0,0
uct-test-a11,3,1.3570985953979118,0.8274561220057592,accepted_observation_geometry,224,224,0,0
uct-test-a11,3,1.3599668572083368,0.8274561220057592,accepted_observation_geometry,224,224,0,0
uct-test-a11,3,1.3628351190187618,0.8274561220057592,accepted_observation_geometry,224,224,0,0
uct-test-a11,3,1.3657033808291867,0.8250832515564421,accepted_observation_geometry,224,224,0,0
uct-test-a11,3,1.3685716426396117,0.8250832515564421,accepted_observation_geometry,224,224,0,0
uct-test-a11,3,1.3714399044500367,0.8274561220057592,accepted_observation_geometry,224,224,0,0
uct-test-a11,3,1.3743081662604617,0.8274561220057592,accepted_observation_geometry,224,224,0,0
uct-test-a11,3,1.3771764280708867,0.8274561220057592,accepted_observation_geometry,224,224,0,0
uct-test-a11,3,1.3800446898813117,0.8298289924550764,accepted_observation_geometry,224,224,0,0
uct-test-a11,3,1.3829129516917367,0.8298289924550764,accepted_observation_geometry,224,224,0,0
uct-test-a11,3,1.3857812135021617,0.8274561220057592,accepted_observation_geometry,224,224,0,0
uct-test-a11,3,1.3886494753125866,0.8250832515564421,accepted_observation_geometry,224,224,0,0
uct-test-a11,3,1.3915177371230116,0.8250832515564421,accepted_observation_geometry,224,224,0,0
uct-test-a11,3,1.3943859989334366,0.8250832515564421,accepted_observation_geometry,224,224,0,0
uct-test-a11,3,1.3972542607438616,0.822710381107125,accepted_observation_geometry,224,224,0,0
uct-test-a11,3,1.4001225225542868,0.822710381107125,accepted_observation_geometry,224,224,0,0
uct-test-a11,3,1.4029907843647118,0.822710381107125,accepted_observation_geometry,224,224,0,0
uct-test-a11,3,1.4058590461751368,0.822710381107125,accepted_observation_geometry,224,224,0,0
uct-test-a11,3,1.4087273079855618,0.8203375106578079,accepted_observation_geometry,224,224,0,0
uct-test-a11,3,1.4115955697959868,0.8179646402084908,accepted_observation_geometry,224,224,0,0
uct-test-a11,3,1.4144638316064118,0.8179646402084908,accepted_observation_geometry,224,224,0,0
uct-test-a11,3,1.4173320934168367,0.8155917697591737,accepted_observation_geometry,224,224,0,0
uct-test-a11,3,1.4202003552272617,0.8155917697591737,accepted_observation_geometry,224,224,0,0
uct-test-a11,3,1.4230686170376867,0.8155917697591737,accepted_observation_geometry,224,224,0,0
uct-test-a11,3,1.4259368788481117,0.8155917697591737,accepted_observation_geometry,224,224,0,0
uct-test-a11,3,1.4288051406585367,0.8155917697591737,accepted_observation_geometry,224,224,0,0
uct-test-a11,3,1.4316734024689617,0.8155917697591737,accepted_observation_geometry,224,224,0,0
uct-test-a11,3,1.4345416642793867,0.8155917697591737,accepted_observation_geometry,224,224,0,0
uct-test-a11,3,1.4374099260898117,0.8155917697591737,accepted_observation_geometry,224,224,0,0
uct-test-a11,3,1.4402781879002367,0.8132188993098567,accepted_observation_geometry,224,224,0,0
uct-test-a11,3,1.4431464497106616,0.8108460288605396,accepted_observation_geometry,224,224,0,0
uct-test-a11,3,1.4460147115210866,0.8037274175125882,accepted_observation_geometry,224,224,0,0
uct-test-a11,3,1.4488829733315116,0.8013545470632712,accepted_observation_geometry,224,224,0,0
uct-test-a11,3,1.4517512351419366,0.796608806164637,accepted_observation_geometry,224,224,0,0
uct-test-a11,3,1.4546194969523616,0.7942359357153199,accepted_observation_geometry,224,224,0,0
uct-test-a11,3,1.4574877587627866,0.7918630652660028,accepted_observation_geometry,224,224,0,0
uct-test-a11,3,1.4603560205732116,0.7871173243673686,accepted_observation_geometry,224,224,0,0
uct-test-a11,3,1.4632242823836366,0.7847444539180515,accepted_observation_geometry,224,224,0,0
uct-test-a11,3,1.4660925441940615,0.7823715834687344,accepted_observation_geometry,224,224,0,0
uct-test-a11,3,1.4689608060044865,0.7799987130194173,accepted_observation_geometry,224,224,0,0
uct-test-a11,3,1.4718290678149115,0.7776258425701001,accepted_observation_geometry,224,224,0,0
uct-test-a11,3,1.4746973296253365,0.772880101671466,accepted_observation_geometry,224,224,0,0
uct-test-a11,3,1.4775655914357615,0.7705072312221489,accepted_observation_geometry,224,224,0,0
uct-test-a11,3,1.4804338532461865,0.7657614903235148,accepted_observation_geometry,224,224,0,0
uct-test-a11,3,1.4833021150566117,0.7633886198741977,accepted_observation_geometry,224,224,0,0
uct-test-a11,3,1.4861703768670367,0.7610157494248806,accepted_observation_geometry,224,224,0,0
uct-test-a11,3,1.4890386386774617,0.7610157494248806,accepted_observation_geometry,224,224,0,0
uct-test-a11,3,1.4919069004878867,0.7586428789755635,accepted_observation_geometry,224,224,0,0
uct-test-a11,3,1.4947751622983116,0.7562700085262464,accepted_observation_geometry,224,224,0,0
uct-test-a11,3,1.4976434241087366,0.7562700085262464,accepted_observation_geometry,224,224,0,0
uct-test-a11,3,1.5005116859191616,0.7538971380769293,accepted_observation_geometry,224,224,0,0
uct-test-a11,3,1.5033799477295866,0.7515242676276122,accepted_observation_geometry,224,224,0,0
uct-test-a11,3,1.5062482095400116,0.749151397178295,accepted_observation_geometry,224,224,0,0
uct-test-a11,3,1.5091164713504366,0.7467785267289779,accepted_observation_geometry,224,224,0,0
uct-test-a11,3,1.5119847331608616,0.7444056562796608,accepted_observation_geometry,224,224,0,0
uct-test-a11,3,1.5148529949712866,0.7396599153810267,accepted_observation_geometry,224,224,0,0
uct-test-a11,3,1.5177212567817115,0.7372870449317096,accepted_observation_geometry,224,224,0,0
uct-test-a11,3,1.5205895185921365,0.7325413040330755,accepted_observation_geometry,224,224,0,0
uct-test-a11,3,1.5234577804025615,0.7301684335837584,accepted_observation_geometry,224,224,0,0
uct-test-a11,3,1.5263260422129865,0.7277955631344413,accepted_observation_geometry,224,224,0,0
uct-test-a11,3,1.5291943040234115,0.7254226926851242,accepted_observation_geometry,224,224,0,0
uct-test-a11,3,1.5320625658338365,0.723049822235807,accepted_observation_geometry,224,224,0,0
uct-test-a11,3,1.5349308276442615,0.723049822235807,accepted_observation_geometry,224,224,0,0
uct-test-a11,3,1.5377990894546865,0.723049822235807,accepted_observation_geometry,224,224,0,0
uct-test-a11,3,1.5406673512651115,0.723049822235807,accepted_observation_geometry,224,224,0,0
uct-test-a11,3,1.5435356130755364,0.7254226926851242,accepted_observation_geometry,224,224,0,0
uct-test-a11,3,1.5464038748859614,0.7277955631344413,accepted_observation_geometry,224,224,0,0
uct-test-a11,3,1.5492721366963864,0.7277955631344413,accepted_observation_geometry,224,224,0,0
uct-test-a11,3,1.5521403985068114,0.7301684335837584,accepted_observation_geometry,224,224,0,0
uct-test-a11,3,1.5550086603172364,0.7325413040330755,accepted_observation_geometry,224,224,0,0
uct-test-a11,3,1.5578769221276614,0.7349141744823925,accepted_observation_geometry,224,224,0,0
uct-test-a11,3,1.5607451839380864,0.7372870449317096,accepted_observation_geometry,224,224,0,0
uct-test-a11,3,1.5636134457485116,0.7396599153810267,accepted_observation_geometry,224,224,0,0
uct-test-a11,3,1.5664817075589366,0.7420327858303437,accepted_observation_geometry,224,224,0,0
uct-test-a11,3,1.5693499693693616,0.749151397178295,accepted_observation_geometry,224,224,0,0
uct-test-a22,0,0.0405664244128387,0.19864545293672886,accepted_observation_geometry,3,3,0,0
uct-test-a22,0,0.04343468622326374,0.19627258248741175,accepted_observation_geometry,3,3,0,0
uct-test-a22,0,0.04630294803368873,0.19627258248741175,accepted_observation_geometry,3,3,0,0
uct-test-a22,1,0.052039471654538705,0.19864545293672886,accepted_observation_geometry,6,6,0,0
uct-test-a22,1,0.05490773346496369,0.19864545293672886,accepted_observation_geometry,6,6,0,0
uct-test-a22,1,0.05777599527538868,0.20101832338604597,accepted_observation_geometry,6,6,0,0
uct-test-a22,1,0.06064425708581367,0.20339119383536308,accepted_observation_geometry,6,6,0,0
uct-test-a22,1,0.06351251889623871,0.2057640642846802,accepted_observation_geometry,6,6,0,0
uct-test-a22,1,0.0663807807066637,0.2057640642846802,accepted_observation_geometry,6,6,0,0
uct-test-a22,2,0.07498556613793866,0.17254387799424087,accepted_observation_geometry,7,7,0,0
uct-test-a22,2,0.07785382794836365,0.17491674844355787,accepted_observation_geometry,7,7,0,0
uct-test-a22,2,0.08072208975878864,0.1796624893421921,accepted_observation_geometry,7,7,0,0
uct-test-a22,2,0.08359035156921368,0.1796624893421921,accepted_observation_geometry,7,7,0,0
uct-test-a22,2,0.08645861337963867,0.1796624893421921,accepted_observation_geometry,7,7,0,0
uct-test-a22,2,0.08932687519006366,0.17491674844355787,accepted_observation_geometry,7,7,0,0
uct-test-a22,2,0.09219513700048865,0.17017100754492376,accepted_observation_geometry,7,7,0,0
uct-test-a22,3,0.09793166062133862,0.1559337848490212,accepted_observation_geometry,6,6,0,0
uct-test-a22,3,0.10079992243176361,0.17254387799424087,accepted_observation_geometry,6,6,0,0
uct-test-a22,3,0.1036681842421886,0.1796624893421921,accepted_observation_geometry,6,6,0,0
uct-test-a22,3,0.10653644605261364,0.16305239619697243,accepted_observation_geometry,6,6,0,0
uct-test-a22,3,0.10940470786303863,0.16542526664628954,accepted_observation_geometry,6,6,0,0
uct-test-a22,3,0.11227296967346362,0.16542526664628954,accepted_observation_geometry,6,6,0,0
uct-test-a22,4,0.1266142787255886,0.17491674844355787,accepted_observation_geometry,2,2,0,0
uct-test-a22,4,0.1294825405360136,0.17491674844355787,accepted_observation_geometry,2,2,0,0
uct-test-a22,5,0.17250646769238853,0.14644230305175276,accepted_observation_geometry,1,1,0,0
uct-test-a22,6,0.1811112531236635,0.13932369170380143,accepted_observation_geometry,9,9,0,0
uct-test-a22,6,0.18397951493408848,0.13695082125448443,accepted_observation_geometry,9,9,0,0
uct-test-a22,6,0.18684777674451347,0.13457795080516732,accepted_observation_geometry,9,9,0,0
uct-test-a22,6,0.18971603855493846,0.12508646900789888,accepted_observation_geometry,9,9,0,0
uct-test-a22,6,0.19258430036536345,0.11559498721063055,accepted_observation_geometry,9,9,0,0
uct-test-a22,6,0.19545256217578855,0.11559498721063055,accepted_observation_geometry,9,9,0,0
uct-test-a22,6,0.19832082398621353,0.11322211676131344,accepted_observation_geometry,9,9,0,0
uct-test-a22,6,0.20118908579663852,0.10847637586267922,accepted_observation_geometry,9,9,0,0
uct-test-a22,6,0.2040573476070635,0.10847637586267922,accepted_observation_geometry,9,9,0,0
uct-test-a22,7,0.21553039484876346,0.11084924631199633,accepted_observation_geometry,54,54,0,0
uct-test-a22,7,0.21839865665918845,0.11322211676131344,accepted_observation_geometry,54,54,0,0
uct-test-a22,7,0.22126691846961344,0.11559498721063055,accepted_observation_geometry,54,54,0,0
uct-test-a22,7,0.22413518028003843,0.11559498721063055,accepted_observation_geometry,54,54,0,0
uct-test-a22,7,0.22700344209046341,0.11559498721063055,accepted_observation_geometry,54,54,0,0
uct-test-a22,7,0.2298717039008884,0.11322211676131344,accepted_observation_geometry,54,54,0,0
uct-test-a22,7,0.2327399657113134,0.11084924631199633,accepted_observation_geometry,54,54,0,0
uct-test-a22,7,0.23560822752173838,0.11084924631199633,accepted_observation_geometry,54,54,0,0
uct-test-a22,7,0.23847648933216348,0.10847637586267922,accepted_observation_geometry,54,54,0,0
uct-test-a22,7,0.24134475114258847,0.10847637586267922,accepted_observation_geometry,54,54,0,0
uct-test-a22,7,0.24421301295301345,0.10610350541336211,accepted_observation_geometry,54,54,0,0
uct-test-a22,7,0.24708127476343844,0.11322211676131344,accepted_observation_geometry,54,54,0,0
uct-test-a22,7,0.24994953657386343,0.11322211676131344,accepted_observation_geometry,54,54,0,0
uct-test-a22,7,0.2528177983842884,0.11084924631199633,accepted_observation_geometry,54,54,0,0
uct-test-a22,7,0.2556860601947134,0.11084924631199633,accepted_observation_geometry,54,54,0,0
uct-test-a22,7,0.2585543220051384,0.11084924631199633,accepted_observation_geometry,54,54,0,0
uct-test-a22,7,0.2614225838155634,0.10610350541336211,accepted_observation_geometry,54,54,0,0
uct-test-a22,7,0.26429084562598837,0.10610350541336211,accepted_observation_geometry,54,54,0,0
uct-test-a22,7,0.26715910743641336,0.11559498721063055,accepted_observation_geometry,54,54,0,0
uct-test-a22,7,0.27002736924683834,0.103730634964045,accepted_observation_geometry,54,54,0,0
uct-test-a22,7,0.27289563105726333,0.101357764514728,accepted_observation_geometry,54,54,0,0
uct-test-a22,7,0.2757638928676883,0.10847637586267922,accepted_observation_geometry,54,54,0,0
uct-test-a22,7,0.2786321546781134,0.11084924631199633,accepted_observation_geometry,54,54,0,0
uct-test-a22,7,0.2815004164885384,0.09898489406541089,accepted_observation_geometry,54,54,0,0
uct-test-a22,7,0.2843686782989634,0.08949341226814245,accepted_observation_geometry,54,54,0,0
uct-test-a22,7,0.2872369401093884,0.08949341226814245,accepted_observation_geometry,54,54,0,0
uct-test-a22,7,0.29010520191981337,0.08712054181882534,accepted_observation_geometry,54,54,0,0
uct-test-a22,7,0.29297346373023836,0.08712054181882534,accepted_observation_geometry,54,54,0,0
uct-test-a22,7,0.29584172554066335,0.11559498721063055,accepted_observation_geometry,54,54,0,0
uct-test-a22,7,0.29870998735108834,0.08949341226814245,accepted_observation_geometry,54,54,0,0
uct-test-a22,7,0.3015782491615133,0.09186628271745956,accepted_observation_geometry,54,54,0,0
uct-test-a22,7,0.3044465109719383,0.09423915316677667,accepted_observation_geometry,54,54,0,0
uct-test-a22,7,0.3073147727823633,0.09661202361609378,accepted_observation_geometry,54,54,0,0
uct-test-a22,7,0.3101830345927883,0.101357764514728,accepted_observation_geometry,54,54,0,0
uct-test-a22,7,0.3130512964032133,0.101357764514728,accepted_observation_geometry,54,54,0,0
uct-test-a22,7,0.31591955821363826,0.09898489406541089,accepted_observation_geometry,54,54,0,0
uct-test-a22,7,0.31878782002406336,0.103730634964045,accepted_observation_geometry,54,54,0,0
uct-test-a22,7,0.32165608183448835,0.103730634964045,accepted_observation_geometry,54,54,0,0
uct-test-a22,7,0.32452434364491334,0.11559498721063055,accepted_observation_geometry,54,54,0,0
uct-test-a22,7,0.3273926054553383,0.09898489406541089,accepted_observation_geometry,54,54,0,0
uct-test-a22,7,0.3302608672657633,0.09898489406541089,accepted_observation_geometry,54,54,0,0
uct-test-a22,7,0.3331291290761883,0.101357764514728,accepted_observation_geometry,54,54,0,0
uct-test-a22,7,0.3359973908866133,0.09898489406541089,accepted_observation_geometry,54,54,0,0
uct-test-a22,7,0.3388656526970383,0.09898489406541089,accepted_observation_geometry,54,54,0,0
uct-test-a22,7,0.34173391450746327,0.103730634964045,accepted_observation_geometry,54,54,0,0
uct-test-a22,7,0.34460217631788825,0.09661202361609378,accepted_observation_geometry,54,54,0,0
uct-test-a22,7,0.34747043812831324,0.09661202361609378,accepted_observation_geometry,54,54,0,0
uct-test-a22,7,0.35033869993873823,0.103730634964045,accepted_observation_geometry,54,54,0,0
uct-test-a22,7,0.3532069617491632,0.103730634964045,accepted_observation_geometry,54,54,0,0
uct-test-a22,7,0.3560752235595882,0.09661202361609378,accepted_observation_geometry,54,54,0,0
uct-test-a22,7,0.3589434853700133,0.09423915316677667,accepted_observation_geometry,54,54,0,0
uct-test-a22,7,0.3618117471804383,0.10610350541336211,accepted_observation_geometry,54,54,0,0
uct-test-a22,7,0.3646800089908633,0.08474767136950834,accepted_observation_geometry,54,54,0,0
uct-test-a22,7,0.36754827080128827,0.11322211676131344,accepted_observation_geometry,54,54,0,0
uct-test-a22,8,0.37328479442213824,0.101357764514728,accepted_observation_geometry,21,21,0,0
uct-test-a22,8,0.37615305623256323,0.103730634964045,accepted_observation_geometry,21,21,0,0
uct-test-a22,8,0.3790213180429882,0.103730634964045,accepted_observation_geometry,21,21,0,0
uct-test-a22,8,0.3818895798534132,0.103730634964045,accepted_observation_geometry,21,21,0,0
uct-test-a22,8,0.3847578416638382,0.103730634964045,accepted_observation_geometry,21,21,0,0
uct-test-a22,8,0.3876261034742632,0.10847637586267922,accepted_observation_geometry,21,21,0,0
uct-test-a22,8,0.39049436528468817,0.103730634964045,accepted_observation_geometry,21,21,0,0
uct-test-a22,8,0.39336262709511316,0.09661202361609378,accepted_observation_geometry,21,21,0,0
uct-test-a22,8,0.39623088890553815,0.09661202361609378,accepted_observation_geometry,21,21,0,0
uct-test-a22,8,0.39909915071596314,0.09898489406541089,accepted_observation_geometry,21,21,0,0
uct-test-a22,8,0.40196741252638823,0.103730634964045,accepted_observation_geometry,21,21,0,0
uct-test-a22,8,0.4048356743368132,0.103730634964045,accepted_observation_geometry,21,21,0,0
uct-test-a22,8,0.4077039361472382,0.103730634964045,accepted_observation_geometry,21,21,0,0
uct-test-a22,8,0.4105721979576632,0.103730634964045,accepted_observation_geometry,21,21,0,0
uct-test-a22,8,0.4134404597680882,0.103730634964045,accepted_observation_geometry,21,21,0,0
uct-test-a22,8,0.4163087215785132,0.103730634964045,accepted_observation_geometry,21,21,0,0
uct-test-a22,8,0.41917698338893816,0.101357764514728,accepted_observation_geometry,21,21,0,0
uct-test-a22,8,0.42204524519936315,0.101357764514728,accepted_observation_geometry,21,21,0,0
uct-test-a22,8,0.42491350700978814,0.11322211676131344,accepted_observation_geometry,21,21,0,0
uct-test-a22,8,0.4277817688202131,0.09898489406541089,accepted_observation_geometry,21,21,0,0
uct-test-a22,8,0.4306500306306381,0.09898489406541089,accepted_observation_geometry,21,21,0,0
uct-test-a22,9,0.4363865542514881,0.12508646900789888,accepted_observation_geometry,1,1,0,0
uct-test-a22,10,0.4421230778723382,0.09898489406541089,accepted_observation_geometry,46,46,0,0
uct-test-a22,10,0.44499133968276317,0.12034072810926477,accepted_observation_geometry,46,46,0,0
uct-test-a22,10,0.44785960149318815,0.09661202361609378,accepted_observation_geometry,46,46,0,0
uct-test-a22,10,0.45072786330361314,0.103730634964045,accepted_observation_geometry,46,46,0,0
uct-test-a22,10,0.45359612511403813,0.10610350541336211,accepted_observation_geometry,46,46,0,0
uct-test-a22,10,0.4564643869244631,0.10610350541336211,accepted_observation_geometry,46,46,0,0
uct-test-a22,10,0.4593326487348881,0.12508646900789888,accepted_observation_geometry,46,46,0,0
uct-test-a22,10,0.4622009105453131,0.101357764514728,accepted_observation_geometry,46,46,0,0
uct-test-a22,10,0.4650691723557381,0.101357764514728,accepted_observation_geometry,46,46,0,0
uct-test-a22,10,0.46793743416616307,0.101357764514728,accepted_observation_geometry,46,46,0,0
uct-test-a22,10,0.47080569597658806,0.12271359855858177,accepted_observation_geometry,46,46,0,0
uct-test-a22,10,0.47367395778701304,0.101357764514728,accepted_observation_geometry,46,46,0,0
uct-test-a22,10,0.47654221959743803,0.11084924631199633,accepted_observation_geometry,46,46,0,0
uct-test-a22,10,0.479410481407863,0.127459339457216,accepted_observation_geometry,46,46,0,0
uct-test-a22,10,0.4822787432182881,0.12034072810926477,accepted_observation_geometry,46,46,0,0
uct-test-a22,10,0.4851470050287131,0.1298322099065331,accepted_observation_geometry,46,46,0,0
uct-test-a22,10,0.4880152668391381,0.12271359855858177,accepted_observation_geometry,46,46,0,0
uct-test-a22,10,0.4908835286495631,0.12271359855858177,accepted_observation_geometry,46,46,0,0
uct-test-a22,10,0.49375179045998807,0.12508646900789888,accepted_observation_geometry,46,46,0,0
uct-test-a22,10,0.49662005227041306,0.12508646900789888,accepted_observation_geometry,46,46,0,0
uct-test-a22,10,0.49948831408083805,0.11559498721063055,accepted_observation_geometry,46,46,0,0
uct-test-a22,10,0.502356575891263,0.11796785765994766,accepted_observation_geometry,46,46,0,0
uct-test-a22,10,0.505224837701688,0.12034072810926477,accepted_observation_geometry,46,46,0,0
uct-test-a22,10,0.508093099512113,0.11796785765994766,accepted_observation_geometry,46,46,0,0
uct-test-a22,10,0.510961361322538,0.13932369170380143,accepted_observation_geometry,46,46,0,0
uct-test-a22,10,0.513829623132963,0.1322050803558502,accepted_observation_geometry,46,46,0,0
uct-test-a22,10,0.516697884943388,0.11796785765994766,accepted_observation_geometry,46,46,0,0
uct-test-a22,10,0.519566146753813,0.12034072810926477,accepted_observation_geometry,46,46,0,0
uct-test-a22,10,0.5224344085642381,0.1322050803558502,accepted_observation_geometry,46,46,0,0
uct-test-a22,10,0.525302670374663,0.1322050803558502,accepted_observation_geometry,46,46,0,0
uct-test-a22,10,0.528170932185088,0.1322050803558502,accepted_observation_geometry,46,46,0,0
uct-test-a22,10,0.531039193995513,0.13695082125448443,accepted_observation_geometry,46,46,0,0
uct-test-a22,10,0.533907455805938,0.13457795080516732,accepted_observation_geometry,46,46,0,0
uct-test-a22,10,0.536775717616363,0.13695082125448443,accepted_observation_geometry,46,46,0,0
uct-test-a22,10,0.539643979426788,0.14169656215311854,accepted_observation_geometry,46,46,0,0
uct-test-a22,10,0.542512241237213,0.13932369170380143,accepted_observation_geometry,46,46,0,0
uct-test-a22,10,0.545380503047638,0.14169656215311854,accepted_observation_geometry,46,46,0,0
uct-test-a22,10,0.548248764858063,0.14406943260243565,accepted_observation_geometry,46,46,0,0
uct-test-a22,10,0.5511170266684879,0.14169656215311854,accepted_observation_geometry,46,46,0,0
uct-test-a22,10,0.5539852884789129,0.13932369170380143,accepted_observation_geometry,46,46,0,0
uct-test-a22,10,0.5568535502893379,0.127459339457216,accepted_observation_geometry,46,46,0,0
uct-test-a22,10,0.5597218120997629,0.127459339457216,accepted_observation_geometry,46,46,0,0
uct-test-a22,10,0.5625900739101879,0.1322050803558502,accepted_observation_geometry,46,46,0,0
uct-test-a22,10,0.565458335720613,0.1322050803558502,accepted_observation_geometry,46,46,0,0
uct-test-a22,10,0.568326597531038,0.1322050803558502,accepted_observation_geometry,46,46,0,0
uct-test-a22,10,0.571194859341463,0.1322050803558502,accepted_observation_geometry,46,46,0,0
uct-test-a22,11,0.5797996447727379,0.14169656215311854,accepted_observation_geometry,5,5,0,0
uct-test-a22,11,0.5826679065831629,0.14169656215311854,accepted_observation_geometry,5,5,0,0
uct-test-a22,11,0.5855361683935879,0.14406943260243565,accepted_observation_geometry,5,5,0,0
uct-test-a22,11,0.5884044302040129,0.14406943260243565,accepted_observation_geometry,5,5,0,0
uct-test-a22,11,0.5912726920144379,0.14881517350106988,accepted_observation_geometry,5,5,0,0
uct-test-a22,12,0.5970092156352879,0.13457795080516732,accepted_observation_geometry,16,16,0,0
uct-test-a22,12,0.5998774774457128,0.13457795080516732,accepted_observation_geometry,16,16,0,0
uct-test-a22,12,0.6027457392561378,0.1535609143997041,accepted_observation_geometry,16,16,0,0
uct-test-a22,12,0.6056140010665629,0.1535609143997041,accepted_observation_geometry,16,16,0,0
uct-test-a22,12,0.6084822628769879,0.1559337848490212,accepted_observation_geometry,16,16,0,0
uct-test-a22,12,0.6113505246874129,0.14406943260243565,accepted_observation_geometry,16,16,0,0
uct-test-a22,12,0.6142187864978379,0.14169656215311854,accepted_observation_geometry,16,16,0,0
uct-test-a22,12,0.6170870483082629,0.14406943260243565,accepted_observation_geometry,16,16,0,0
uct-test-a22,12,0.6199553101186879,0.15118804395038699,accepted_observation_geometry,16,16,0,0
uct-test-a22,12,0.6228235719291129,0.16305239619697243,accepted_observation_geometry,16,16,0,0
uct-test-a22,12,0.6256918337395379,0.16305239619697243,accepted_observation_geometry,16,16,0,0
uct-test-a22,12,0.6285600955499628,0.16305239619697243,accepted_observation_geometry,16,16,0,0
uct-test-a22,12,0.6314283573603878,0.16067952574765532,accepted_observation_geometry,16,16,0,0
uct-test-a22,12,0.6342966191708128,0.17491674844355787,accepted_observation_geometry,16,16,0,0
uct-test-a22,12,0.6371648809812378,0.17728961889287498,accepted_observation_geometry,16,16,0,0
uct-test-a22,12,0.6400331427916628,0.15118804395038699,accepted_observation_geometry,16,16,0,0
uct-test-a22,13,0.6457696664125128,0.1559337848490212,accepted_observation_geometry,7,7,0,0
uct-test-a22,13,0.6486379282229378,0.16779813709560665,accepted_observation_geometry,7,7,0,0
uct-test-a22,13,0.6515061900333627,0.17017100754492376,accepted_observation_geometry,7,7,0,0
uct-test-a22,13,0.6543744518437877,0.17017100754492376,accepted_observation_geometry,7,7,0,0
uct-test-a22,13,0.6572427136542127,0.17254387799424087,accepted_observation_geometry,7,7,0,0
uct-test-a22,13,0.6601109754646377,0.17728961889287498,accepted_observation_geometry,7,7,0,0
uct-test-a22,13,0.6629792372750627,0.1796624893421921,accepted_observation_geometry,7,7,0,0
uct-test-a22,14,0.6715840227063379,0.18678110069014342,accepted_observation_geometry,21,21,0,0
uct-test-a22,14,0.6744522845167629,0.17491674844355787,accepted_observation_geometry,21,21,0,0
uct-test-a22,14,0.6773205463271879,0.17728961889287498,accepted_observation_geometry,21,21,0,0
uct-test-a22,14,0.6801888081376128,0.19864545293672886,accepted_observation_geometry,21,21,0,0
uct-test-a22,14,0.6830570699480378,0.20101832338604597,accepted_observation_geometry,21,21,0,0
uct-test-a22,14,0.6859253317584628,0.19152684158877764,accepted_observation_geometry,21,21,0,0
uct-test-a22,14,0.6887935935688878,0.2105098051833143,accepted_observation_geometry,21,21,0,0
uct-test-a22,14,0.6916618553793128,0.2081369347339973,accepted_observation_geometry,21,21,0,0
uct-test-a22,14,0.6945301171897378,0.21762841653126563,accepted_observation_geometry,21,21,0,0
uct-test-a22,14,0.6973983790001628,0.21525554608194852,accepted_observation_geometry,21,21,0,0
uct-test-a22,14,0.7002666408105878,0.22949276877785107,accepted_observation_geometry,21,21,0,0
uct-test-a22,14,0.7031349026210127,0.22711989832853408,accepted_observation_geometry,21,21,0,0
uct-test-a22,14,0.7060031644314377,0.20339119383536308,accepted_observation_geometry,21,21,0,0
uct-test-a22,14,0.7088714262418627,0.21525554608194852,accepted_observation_geometry,21,21,0,0
uct-test-a22,14,0.7117396880522877,0.24847573237238785,accepted_observation_geometry,21,21,0,0
uct-test-a22,14,0.7146079498627127,0.2555943437203392,accepted_observation_geometry,21,21,0,0
uct-test-a22,14,0.7174762116731377,0.25322147327102207,accepted_observation_geometry,21,21,0,0
uct-test-a22,14,0.7203444734835627,0.27457730731487595,accepted_observation_geometry,21,21,0,0
uct-test-a22,14,0.7232127352939877,0.27457730731487595,accepted_observation_geometry,21,21,0,0
uct-test-a22,14,0.7260809971044127,0.29830601180804694,accepted_observation_geometry,21,21,0,0
uct-test-a22,14,0.7289492589148376,0.30305175270668105,accepted_observation_geometry,21,21,0,0
uct-test-a22,15,0.7346857825356876,0.35050916169302304,accepted_observation_geometry,6,6,0,0
uct-test-a22,15,0.7375540443461126,0.3623735139396085,accepted_observation_geometry,6,6,0,0
uct-test-a22,15,0.7404223061565376,0.37898360708482814,accepted_observation_geometry,6,6,0,0
uct-test-a22,15,0.7432905679669626,0.400339441128682,accepted_observation_geometry,6,6,0,0
uct-test-a22,15,0.7461588297773878,0.42644101607117,accepted_observation_geometry,6,6,0,0
uct-test-a22,15,0.7490270915878128,0.4145766638245846,accepted_observation_geometry,6,6,0,0
uct-test-a22,16,0.7662366624503627,0.5403387976383907,accepted_observation_geometry,12,12,0,0
uct-test-a22,16,0.7691049242607877,0.5593217612329274,accepted_observation_geometry,12,12,0,0
uct-test-a22,16,0.7719731860712127,0.5711861134795129,accepted_observation_geometry,12,12,0,0
uct-test-a22,16,0.7748414478816377,0.5854233361754155,accepted_observation_geometry,12,12,0,0
uct-test-a22,16,0.7777097096920627,0.599660558871318,accepted_observation_geometry,12,12,0,0
uct-test-a22,16,0.7805779715024876,0.6162706520165377,accepted_observation_geometry,12,12,0,0
uct-test-a22,16,0.7834462333129126,0.6305078747124403,accepted_observation_geometry,12,12,0,0
uct-test-a22,16,0.7863144951233376,0.6376264860603915,accepted_observation_geometry,12,12,0,0
uct-test-a22,16,0.7891827569337626,0.6589823201042455,accepted_observation_geometry,12,12,0,0
uct-test-a22,16,0.7920510187441876,0.6661009314521967,accepted_observation_geometry,12,12,0,0
uct-test-a22,16,0.7949192805546126,0.6708466723508308,accepted_observation_geometry,12,12,0,0
uct-test-a22,16,0.7977875423650376,0.6708466723508308,accepted_observation_geometry,12,12,0,0
uct-test-a22,17,0.8035240659858875,0.6589823201042455,accepted_observation_geometry,17,17,0,0
uct-test-a22,17,0.8063923277963125,0.6637280610028796,accepted_observation_geometry,17,17,0,0
uct-test-a22,17,0.8092605896067375,0.6684738019015138,accepted_observation_geometry,17,17,0,0
uct-test-a22,17,0.8121288514171625,0.6898296359453677,accepted_observation_geometry,17,17,0,0
uct-test-a22,17,0.8149971132275875,0.6898296359453677,accepted_observation_geometry,17,17,0,0
uct-test-a22,17,0.8178653750380125,0.6898296359453677,accepted_observation_geometry,17,17,0,0
uct-test-a22,17,0.8207336368484375,0.6922025063946848,accepted_observation_geometry,17,17,0,0
uct-test-a22,17,0.8236018986588625,0.6827110245974164,accepted_observation_geometry,17,17,0,0
uct-test-a22,17,0.8264701604692875,0.694575376844002,accepted_observation_geometry,17,17,0,0
uct-test-a22,17,0.8293384222797127,0.6755924132494651,accepted_observation_geometry,17,17,0,0
uct-test-a22,17,0.8322066840901376,0.6755924132494651,accepted_observation_geometry,17,17,0,0
uct-test-a22,17,0.8350749459005626,0.673219542800148,accepted_observation_geometry,17,17,0,0
uct-test-a22,17,0.8379432077109876,0.6684738019015138,accepted_observation_geometry,17,17,0,0
uct-test-a22,17,0.8408114695214126,0.6542365792056113,accepted_observation_geometry,17,17,0,0
uct-test-a22,17,0.8436797313318376,0.6542365792056113,accepted_observation_geometry,17,17,0,0
uct-test-a22,17,0.8465479931422626,0.6494908383069771,accepted_observation_geometry,17,17,0,0
uct-test-a22,17,0.8494162549526876,0.6423722269590257,accepted_observation_geometry,17,17,0,0
uct-test-a22,18,0.8551527785735376,0.6281350042631232,accepted_observation_geometry,11,11,0,0
uct-test-a22,18,0.8580210403839625,0.6115249111179035,accepted_observation_geometry,11,11,0,0
uct-test-a22,18,0.8608893021943875,0.5949148179726839,accepted_observation_geometry,11,11,0,0
uct-test-a22,18,0.8637575640048125,0.5877962066247326,accepted_observation_geometry,11,11,0,0
uct-test-a22,18,0.8666258258152375,0.5759318543781471,accepted_observation_geometry,11,11,0,0
uct-test-a22,18,0.8694940876256625,0.5450845385370249,accepted_observation_geometry,11,11,0,0
uct-test-a22,18,0.8723623494360875,0.5284744453918052,accepted_observation_geometry,11,11,0,0
uct-test-a22,18,0.8752306112465125,0.5142372226959026,accepted_observation_geometry,11,11,0,0
uct-test-a22,18,0.8780988730569375,0.5118643522465856,accepted_observation_geometry,11,11,0,0
uct-test-a22,18,0.8809671348673624,0.4952542591013659,accepted_observation_geometry,11,11,0,0
uct-test-a22,18,0.8838353966777874,0.46203407281092645,accepted_observation_geometry,11,11,0,0
uct-test-a22,19,0.8924401821090624,0.4193224047232188,accepted_observation_geometry,1,1,0,0
uct-test-a22,20,0.8981767057299124,0.38372934798346237,accepted_observation_geometry,1,1,0,0
uct-test-a22,21,0.9125180147820375,0.35288203214234015,accepted_observation_geometry,9,9,0,0
uct-test-a22,21,0.9153862765924625,0.3386448094464375,accepted_observation_geometry,9,9,0,0
uct-test-a22,21,0.9182545384028875,0.32440758675053494,accepted_observation_geometry,9,9,0,0
uct-test-a22,21,0.9211228002133125,0.29830601180804694,accepted_observation_geometry,9,9,0,0
uct-test-a22,21,0.9239910620237375,0.26983156641624173,accepted_observation_geometry,9,9,0,0
uct-test-a22,21,0.9268593238341625,0.2603400846189734,accepted_observation_geometry,9,9,0,0
uct-test-a22,21,0.9297275856445875,0.25322147327102207,accepted_observation_geometry,9,9,0,0
uct-test-a22,21,0.9325958474550124,0.24610286192307074,accepted_observation_geometry,9,9,0,0
uct-test-a22,21,0.9354641092654374,0.24135712102443663,accepted_observation_geometry,9,9,0,0
uct-test-a22,22,0.9412006328862874,0.23186563922716819,accepted_observation_geometry,20,20,0,0
uct-test-a22,22,0.9440688946967124,0.24847573237238785,accepted_observation_geometry,20,20,0,0
uct-test-a22,22,0.9469371565071374,0.2128826756326314,accepted_observation_geometry,20,20,0,0
uct-test-a22,22,0.9498054183175624,0.2128826756326314,accepted_observation_geometry,20,20,0,0
uct-test-a22,22,0.9526736801279874,0.2057640642846802,accepted_observation_geometry,20,20,0,0
uct-test-a22,22,0.9555419419384124,0.20101832338604597,accepted_observation_geometry,20,20,0,0
uct-test-a22,22,0.9584102037488373,0.19864545293672886,accepted_observation_geometry,20,20,0,0
uct-test-a22,22,0.9612784655592623,0.19389971203809464,accepted_observation_geometry,20,20,0,0
uct-test-a22,22,0.9641467273696873,0.18915397113946053,accepted_observation_geometry,20,20,0,0
uct-test-a22,22,0.9670149891801123,0.18915397113946053,accepted_observation_geometry,20,20,0,0
uct-test-a22,22,0.9698832509905373,0.20101832338604597,accepted_observation_geometry,20,20,0,0
uct-test-a22,22,0.9727515128009623,0.17728961889287498,accepted_observation_geometry,20,20,0,0
uct-test-a22,22,0.9756197746113873,0.19389971203809464,accepted_observation_geometry,20,20,0,0
uct-test-a22,22,0.9784880364218123,0.18915397113946053,accepted_observation_geometry,20,20,0,0
uct-test-a22,22,0.9813562982322372,0.1820353597915092,accepted_observation_geometry,20,20,0,0
uct-test-a22,22,0.9842245600426622,0.1844082302408263,accepted_observation_geometry,20,20,0,0
uct-test-a22,22,0.9870928218530872,0.17254387799424087,accepted_observation_geometry,20,20,0,0
uct-test-a22,22,0.9899610836635122,0.17017100754492376,accepted_observation_geometry,20,20,0,0
uct-test-a22,22,0.9928293454739374,0.1583066552983382,accepted_observation_geometry,20,20,0,0
uct-test-a22,22,0.9956976072843624,0.1583066552983382,accepted_observation_geometry,20,20,0,0
uct-test-a22,23,1.0014341309052124,0.17017100754492376,accepted_observation_geometry,14,14,0,0
uct-test-a22,23,1.0043023927156374,0.17017100754492376,accepted_observation_geometry,14,14,0,0
uct-test-a22,23,1.0071706545260624,0.16542526664628954,accepted_observation_geometry,14,14,0,0
uct-test-a22,23,1.0100389163364873,0.16779813709560665,accepted_observation_geometry,14,14,0,0
uct-test-a22,23,1.0129071781469123,0.16305239619697243,accepted_observation_geometry,14,14,0,0
uct-test-a22,23,1.0157754399573373,0.14881517350106988,accepted_observation_geometry,14,14,0,0
uct-test-a22,23,1.0186437017677623,0.16542526664628954,accepted_observation_geometry,14,14,0,0
uct-test-a22,23,1.0215119635781873,0.14169656215311854,accepted_observation_geometry,14,14,0,0
uct-test-a22,23,1.0243802253886123,0.14169656215311854,accepted_observation_geometry,14,14,0,0
uct-test-a22,23,1.0272484871990373,0.15118804395038699,accepted_observation_geometry,14,14,0,0
uct-test-a22,23,1.0301167490094623,0.15118804395038699,accepted_observation_geometry,14,14,0,0
uct-test-a22,23,1.0329850108198873,0.1535609143997041,accepted_observation_geometry,14,14,0,0
uct-test-a22,23,1.0358532726303122,0.1583066552983382,accepted_observation_geometry,14,14,0,0
uct-test-a22,23,1.0387215344407372,0.1559337848490212,accepted_observation_geometry,14,14,0,0
uct-test-a22,24,1.0444580580615872,0.14169656215311854,accepted_observation_geometry,6,6,0,0
uct-test-a22,24,1.0473263198720122,0.14169656215311854,accepted_observation_geometry,6,6,0,0
uct-test-a22,24,1.0501945816824372,0.13457795080516732,accepted_observation_geometry,6,6,0,0
uct-test-a22,24,1.0530628434928622,0.1322050803558502,accepted_observation_geometry,6,6,0,0
uct-test-a22,24,1.0559311053032872,0.1298322099065331,accepted_observation_geometry,6,6,0,0
uct-test-a22,24,1.0587993671137121,0.127459339457216,accepted_observation_geometry,6,6,0,0
uct-test-a22,25,1.0645358907345621,0.13932369170380143,accepted_observation_geometry,1,1,0,0
uct-test-a22,26,1.0760089379762623,0.12271359855858177,accepted_observation_geometry,1,1,0,0
uct-test-a22,27,1.0817454615971123,0.12034072810926477,accepted_observation_geometry,6,6,0,0
uct-test-a22,27,1.0846137234075373,0.12034072810926477,accepted_observation_geometry,6,6,0,0
uct-test-a22,27,1.0874819852179622,0.12034072810926477,accepted_observation_geometry,6,6,0,0
uct-test-a22,27,1.0903502470283872,0.12508646900789888,accepted_observation_geometry,6,6,0,0
uct-test-a22,27,1.0932185088388122,0.12271359855858177,accepted_observation_geometry,6,6,0,0
uct-test-a22,27,1.0960867706492372,0.127459339457216,accepted_observation_geometry,6,6,0,0
uct-test-a22,28,1.1075598178909372,0.12271359855858177,accepted_observation_geometry,1,1,0,0
uct-test-a22,29,1.1132963415117871,0.12034072810926477,accepted_observation_geometry,2,2,0,0
uct-test-a22,29,1.1161646033222121,0.12034072810926477,accepted_observation_geometry,2,2,0,0
uct-test-a22,30,1.121901126943062,0.11796785765994766,accepted_observation_geometry,1,1,0,0
uct-test-a22,31,1.127637650563912,0.12034072810926477,accepted_observation_geometry,1,1,0,0
uct-test-a22,32,1.141978959616037,0.12034072810926477,accepted_observation_geometry,1,1,0,0
uct-test-a22,33,1.147715483236887,0.11322211676131344,accepted_observation_geometry,3,3,0,0
uct-test-a22,33,1.150583745047312,0.11559498721063055,accepted_observation_geometry,3,3,0,0
uct-test-a22,33,1.153452006857737,0.10610350541336211,accepted_observation_geometry,3,3,0,0
uct-test-a22,34,1.1591885304785872,0.10610350541336211,accepted_observation_geometry,1,1,0,0
uct-test-a22,35,1.1649250540994371,0.11559498721063055,accepted_observation_geometry,8,8,0,0
uct-test-a22,35,1.1677933159098621,0.11559498721063055,accepted_observation_geometry,8,8,0,0
uct-test-a22,35,1.1706615777202871,0.103730634964045,accepted_observation_geometry,8,8,0,0
uct-test-a22,35,1.173529839530712,0.11322211676131344,accepted_observation_geometry,8,8,0,0
uct-test-a22,35,1.176398101341137,0.10610350541336211,accepted_observation_geometry,8,8,0,0
uct-test-a22,35,1.179266363151562,0.103730634964045,accepted_observation_geometry,8,8,0,0
uct-test-a22,35,1.182134624961987,0.09661202361609378,accepted_observation_geometry,8,8,0,0
uct-test-a22,35,1.185002886772412,0.09423915316677667,accepted_observation_geometry,8,8,0,0
uct-test-a22,36,1.190739410393262,0.09186628271745956,accepted_observation_geometry,77,77,0,0
uct-test-a22,36,1.193607672203687,0.08949341226814245,accepted_observation_geometry,77,77,0,0
uct-test-a22,36,1.196475934014112,0.08949341226814245,accepted_observation_geometry,77,77,0,0
uct-test-a22,36,1.199344195824537,0.09423915316677667,accepted_observation_geometry,77,77,0,0
uct-test-a22,36,1.202212457634962,0.09186628271745956,accepted_observation_geometry,77,77,0,0
uct-test-a22,36,1.205080719445387,0.09423915316677667,accepted_observation_geometry,77,77,0,0
uct-test-a22,36,1.207948981255812,0.09423915316677667,accepted_observation_geometry,77,77,0,0
uct-test-a22,36,1.210817243066237,0.09423915316677667,accepted_observation_geometry,77,77,0,0
uct-test-a22,36,1.213685504876662,0.09661202361609378,accepted_observation_geometry,77,77,0,0
uct-test-a22,36,1.216553766687087,0.09661202361609378,accepted_observation_geometry,77,77,0,0
uct-test-a22,36,1.219422028497512,0.09661202361609378,accepted_observation_geometry,77,77,0,0
uct-test-a22,36,1.222290290307937,0.09661202361609378,accepted_observation_geometry,77,77,0,0
uct-test-a22,36,1.2251585521183619,0.09661202361609378,accepted_observation_geometry,77,77,0,0
uct-test-a22,36,1.2280268139287869,0.09661202361609378,accepted_observation_geometry,77,77,0,0
uct-test-a22,36,1.2308950757392119,0.09661202361609378,accepted_observation_geometry,77,77,0,0
uct-test-a22,36,1.2337633375496369,0.09898489406541089,accepted_observation_geometry,77,77,0,0
uct-test-a22,36,1.236631599360062,0.09898489406541089,accepted_observation_geometry,77,77,0,0
uct-test-a22,36,1.239499861170487,0.09661202361609378,accepted_observation_geometry,77,77,0,0
uct-test-a22,36,1.242368122980912,0.101357764514728,accepted_observation_geometry,77,77,0,0
uct-test-a22,36,1.245236384791337,0.09423915316677667,accepted_observation_geometry,77,77,0,0
uct-test-a22,36,1.248104646601762,0.09898489406541089,accepted_observation_geometry,77,77,0,0
uct-test-a22,36,1.250972908412187,0.09661202361609378,accepted_observation_geometry,77,77,0,0
uct-test-a22,36,1.253841170222612,0.09661202361609378,accepted_observation_geometry,77,77,0,0
uct-test-a22,36,1.256709432033037,0.09661202361609378,accepted_observation_geometry,77,77,0,0
uct-test-a22,36,1.259577693843462,0.09423915316677667,accepted_observation_geometry,77,77,0,0
uct-test-a22,36,1.262445955653887,0.09423915316677667,accepted_observation_geometry,77,77,0,0
uct-test-a22,36,1.265314217464312,0.08712054181882534,accepted_observation_geometry,77,77,0,0
uct-test-a22,36,1.268182479274737,0.08474767136950834,accepted_observation_geometry,77,77,0,0
uct-test-a22,36,1.271050741085162,0.08237480092019123,accepted_observation_geometry,77,77,0,0
uct-test-a22,36,1.273919002895587,0.08237480092019123,accepted_observation_geometry,77,77,0,0
uct-test-a22,36,1.276787264706012,0.08237480092019123,accepted_observation_geometry,77,77,0,0
uct-test-a22,36,1.2796555265164369,0.08237480092019123,accepted_observation_geometry,77,77,0,0
uct-test-a22,36,1.2825237883268619,0.08949341226814245,accepted_observation_geometry,77,77,0,0
uct-test-a22,36,1.2853920501372869,0.08949341226814245,accepted_observation_geometry,77,77,0,0
uct-test-a22,36,1.2882603119477118,0.08712054181882534,accepted_observation_geometry,77,77,0,0
uct-test-a22,36,1.2911285737581368,0.08474767136950834,accepted_observation_geometry,77,77,0,0
uct-test-a22,36,1.2939968355685618,0.09186628271745956,accepted_observation_geometry,77,77,0,0
uct-test-a22,36,1.2968650973789868,0.09186628271745956,accepted_observation_geometry,77,77,0,0
uct-test-a22,36,1.2997333591894118,0.09661202361609378,accepted_observation_geometry,77,77,0,0
uct-test-a22,36,1.3026016209998368,0.09423915316677667,accepted_observation_geometry,77,77,0,0
uct-test-a22,36,1.3054698828102618,0.09423915316677667,accepted_observation_geometry,77,77,0,0
uct-test-a22,36,1.3083381446206868,0.09898489406541089,accepted_observation_geometry,77,77,0,0
uct-test-a22,36,1.3112064064311117,0.09423915316677667,accepted_observation_geometry,77,77,0,0
uct-test-a22,36,1.3140746682415367,0.101357764514728,accepted_observation_geometry,77,77,0,0
uct-test-a22,36,1.3169429300519617,0.101357764514728,accepted_observation_geometry,77,77,0,0
uct-test-a22,36,1.319811191862387,0.09898489406541089,accepted_observation_geometry,77,77,0,0
uct-test-a22,36,1.322679453672812,0.09898489406541089,accepted_observation_geometry,77,77,0,0
uct-test-a22,36,1.325547715483237,0.09898489406541089,accepted_observation_geometry,77,77,0,0
uct-test-a22,36,1.328415977293662,0.09661202361609378,accepted_observation_geometry,77,77,0,0
uct-test-a22,36,1.3312842391040869,0.09661202361609378,accepted_observation_geometry,77,77,0,0
uct-test-a22,36,1.3341525009145119,0.09661202361609378,accepted_observation_geometry,77,77,0,0
uct-test-a22,36,1.3370207627249369,0.09661202361609378,accepted_observation_geometry,77,77,0,0
uct-test-a22,36,1.3398890245353618,0.09661202361609378,accepted_observation_geometry,77,77,0,0
uct-test-a22,36,1.3427572863457868,0.09661202361609378,accepted_observation_geometry,77,77,0,0
uct-test-a22,36,1.3456255481562118,0.09661202361609378,accepted_observation_geometry,77,77,0,0
uct-test-a22,36,1.3484938099666368,0.09186628271745956,accepted_observation_geometry,77,77,0,0
uct-test-a22,36,1.3513620717770618,0.08949341226814245,accepted_observation_geometry,77,77,0,0
uct-test-a22,36,1.3542303335874868,0.08712054181882534,accepted_observation_geometry,77,77,0,0
uct-test-a22,36,1.3570985953979118,0.08949341226814245,accepted_observation_geometry,77,77,0,0
uct-test-a22,36,1.3599668572083368,0.08712054181882534,accepted_observation_geometry,77,77,0,0
uct-test-a22,36,1.3628351190187618,0.08712054181882534,accepted_observation_geometry,77,77,0,0
uct-test-a22,36,1.3657033808291867,0.08712054181882534,accepted_observation_geometry,77,77,0,0
uct-test-a22,36,1.3685716426396117,0.08712054181882534,accepted_observation_geometry,77,77,0,0
uct-test-a22,36,1.3714399044500367,0.09423915316677667,accepted_observation_geometry,77,77,0,0
uct-test-a22,36,1.3743081662604617,0.09186628271745956,accepted_observation_geometry,77,77,0,0
uct-test-a22,36,1.3771764280708867,0.09423915316677667,accepted_observation_geometry,77,77,0,0
uct-test-a22,36,1.3800446898813117,0.09661202361609378,accepted_observation_geometry,77,77,0,0
uct-test-a22,36,1.3829129516917367,0.09898489406541089,accepted_observation_geometry,77,77,0,0
uct-test-a22,36,1.3857812135021617,0.09898489406541089,accepted_observation_geometry,77,77,0,0
uct-test-a22,36,1.3886494753125866,0.11322211676131344,accepted_observation_geometry,77,77,0,0
uct-test-a22,36,1.3915177371230116,0.10847637586267922,accepted_observation_geometry,77,77,0,0
uct-test-a22,36,1.3943859989334366,0.101357764514728,accepted_observation_geometry,77,77,0,0
uct-test-a22,36,1.3972542607438616,0.10847637586267922,accepted_observation_geometry,77,77,0,0
uct-test-a22,36,1.4001225225542868,0.103730634964045,accepted_observation_geometry,77,77,0,0
uct-test-a22,36,1.4029907843647118,0.103730634964045,accepted_observation_geometry,77,77,0,0
uct-test-a22,36,1.4058590461751368,0.103730634964045,accepted_observation_geometry,77,77,0,0
uct-test-a22,36,1.4087273079855618,0.103730634964045,accepted_observation_geometry,77,77,0,0
uct-test-a22,37,1.4144638316064118,0.10610350541336211,accepted_observation_geometry,9,9,0,0
uct-test-a22,37,1.4173320934168367,0.10610350541336211,accepted_observation_geometry,9,9,0,0
uct-test-a22,37,1.4202003552272617,0.11322211676131344,accepted_observation_geometry,9,9,0,0
uct-test-a22,37,1.4230686170376867,0.10847637586267922,accepted_observation_geometry,9,9,0,0
uct-test-a22,37,1.4259368788481117,0.10847637586267922,accepted_observation_geometry,9,9,0,0
uct-test-a22,37,1.4288051406585367,0.10847637586267922,accepted_observation_geometry,9,9,0,0
uct-test-a22,37,1.4316734024689617,0.12271359855858177,accepted_observation_geometry,9,9,0,0
uct-test-a22,37,1.4345416642793867,0.10610350541336211,accepted_observation_geometry,9,9,0,0
uct-test-a22,37,1.4374099260898117,0.10610350541336211,accepted_observation_geometry,9,9,0,0
uct-test-a22,38,1.4431464497106616,0.10610350541336211,accepted_observation_geometry,5,5,0,0
uct-test-a22,38,1.4460147115210866,0.10610350541336211,accepted_observation_geometry,5,5,0,0
uct-test-a22,38,1.4488829733315116,0.103730634964045,accepted_observation_geometry,5,5,0,0
uct-test-a22,38,1.4517512351419366,0.10610350541336211,accepted_observation_geometry,5,5,0,0
uct-test-a22,38,1.4546194969523616,0.10847637586267922,accepted_observation_geometry,5,5,0,0
uct-test-a22,39,1.4603560205732116,0.11322211676131344,accepted_observation_geometry,7,7,0,0
uct-test-a22,39,1.4632242823836366,0.12271359855858177,accepted_observation_geometry,7,7,0,0
uct-test-a22,39,1.4660925441940615,0.1298322099065331,accepted_observation_geometry,7,7,0,0
uct-test-a22,39,1.4689608060044865,0.1322050803558502,accepted_observation_geometry,7,7,0,0
uct-test-a22,39,1.4718290678149115,0.13457795080516732,accepted_observation_geometry,7,7,0,0
uct-test-a22,39,1.4746973296253365,0.13695082125448443,accepted_observation_geometry,7,7,0,0
uct-test-a22,39,1.4775655914357615,0.13932369170380143,accepted_observation_geometry,7,7,0,0
uct-test-a22,40,1.4861703768670367,0.14881517350106988,accepted_observation_geometry,5,5,0,0
uct-test-a22,40,1.4890386386774617,0.15118804395038699,accepted_observation_geometry,5,5,0,0
uct-test-a22,40,1.4919069004878867,0.1535609143997041,accepted_observation_geometry,5,5,0,0
uct-test-a22,40,1.4947751622983116,0.16542526664628954,accepted_observation_geometry,5,5,0,0
uct-test-a22,40,1.4976434241087366,0.16779813709560665,accepted_observation_geometry,5,5,0,0
uct-test-a22,41,1.5033799477295866,0.1583066552983382,accepted_observation_geometry,28,28,0,0
uct-test-a22,41,1.5062482095400116,0.16067952574765532,accepted_observation_geometry,28,28,0,0
uct-test-a22,41,1.5091164713504366,0.16305239619697243,accepted_observation_geometry,28,28,0,0
uct-test-a22,41,1.5119847331608616,0.16305239619697243,accepted_observation_geometry,28,28,0,0
uct-test-a22,41,1.5148529949712866,0.16542526664628954,accepted_observation_geometry,28,28,0,0
uct-test-a22,41,1.5177212567817115,0.16542526664628954,accepted_observation_geometry,28,28,0,0
uct-test-a22,41,1.5205895185921365,0.17017100754492376,accepted_observation_geometry,28,28,0,0
uct-test-a22,41,1.5234577804025615,0.17017100754492376,accepted_observation_geometry,28,28,0,0
uct-test-a22,41,1.5263260422129865,0.17017100754492376,accepted_observation_geometry,28,28,0,0
uct-test-a22,41,1.5291943040234115,0.17017100754492376,accepted_observation_geometry,28,28,0,0
uct-test-a22,41,1.5320625658338365,0.1844082302408263,accepted_observation_geometry,28,28,0,0
uct-test-a22,41,1.5349308276442615,0.1820353597915092,accepted_observation_geometry,28,28,0,0
uct-test-a22,41,1.5377990894546865,0.1844082302408263,accepted_observation_geometry,28,28,0,0
uct-test-a22,41,1.5406673512651115,0.1844082302408263,accepted_observation_geometry,28,28,0,0
uct-test-a22,41,1.5435356130755364,0.19389971203809464,accepted_observation_geometry,28,28,0,0
uct-test-a22,41,1.5464038748859614,0.1820353597915092,accepted_observation_geometry,28,28,0,0
uct-test-a22,41,1.5492721366963864,0.17728961889287498,accepted_observation_geometry,28,28,0,0
uct-test-a22,41,1.5521403985068114,0.19864545293672886,accepted_observation_geometry,28,28,0,0
uct-test-a22,41,1.5550086603172364,0.19389971203809464,accepted_observation_geometry,28,28,0,0
uct-test-a22,41,1.5578769221276614,0.19389971203809464,accepted_observation_geometry,28,28,0,0
uct-test-a22,41,1.5607451839380864,0.1820353597915092,accepted_observation_geometry,28,28,0,0
uct-test-a22,41,1.5636134457485116,0.19627258248741175,accepted_observation_geometry,28,28,0,0
uct-test-a22,41,1.5664817075589366,0.19627258248741175,accepted_observation_geometry,28,28,0,0
uct-test-a22,41,1.5693499693693616,0.19627258248741175,accepted_observation_geometry,28,28,0,0
uct-test-a22,41,1.5722182311797865,0.20101832338604597,accepted_observation_geometry,28,28,0,0
uct-test-a22,41,1.5750864929902115,0.19864545293672886,accepted_observation_geometry,28,28,0,0
uct-test-a22,41,1.5779547548006365,0.19864545293672886,accepted_observation_geometry,28,28,0,0
uct-test-a22,41,1.5808230166110615,0.19864545293672886,accepted_observation_geometry,28,28,0,0
uct-test-a22,42,1.5865595402319115,0.20101832338604597,accepted_observation_geometry,6,6,0,0
uct-test-a22,42,1.5894278020423365,0.20101832338604597,accepted_observation_geometry,6,6,0,0
uct-test-a22,42,1.5922960638527615,0.20101832338604597,accepted_observation_geometry,6,6,0,0
uct-test-a22,42,1.5951643256631864,0.19864545293672886,accepted_observation_geometry,6,6,0,0
uct-test-a22,42,1.5980325874736114,0.19627258248741175,accepted_observation_geometry,6,6,0,0
uct-test-a22,42,1.6009008492840364,0.19389971203809464,accepted_observation_geometry,6,6,0,0
uct-test-a22,43,1.6066373729048864,0.19152684158877764,accepted_observation_geometry,3,3,0,0
uct-test-a22,43,1.6095056347153114,0.19152684158877764,accepted_observation_geometry,3,3,0,0
uct-test-a22,43,1.6123738965257364,0.19152684158877764,accepted_observation_geometry,3,3,0,0
uct-test-a22,44,1.6181104201465863,0.19389971203809464,accepted_observation_geometry,2,2,0,0
uct-test-a22,44,1.6209786819570113,0.19864545293672886,accepted_observation_geometry,2,2,0,0
