series,x,y,x_uncertainty,y_uncertainty,pixel_x,pixel_y,pixel_half_height,support_pixels,support_x_min,support_x_max,guide_residual_px,group_assignment_cost,competing_series,line_semantics,evidence_status,segment_break,status,candidate_id
test-0deg,0.0006956521739130382,3.937035141125051,8.695652173913021e-05,0.14095799206918969,131,532.5,0.5,2,131,131,2.123942069182249,10.123942069182249,test-0deg|mfh-0deg,solid,model_assisted_exclusive_assignment,True,visible_candidate,line-test-0deg-000001
test-0deg,0.0013913043478260834,8.870564863546235,8.695652173913021e-05,0.28191598413835095,135,515.0,1.0,3,135,135,2.671597835533248,10.671597835533248,test-0deg|mfh-0deg,solid,model_assisted_exclusive_assignment,True,visible_candidate,line-test-0deg-000002
test-0deg,0.0015652173913043438,9.575354823892098,8.695652173913021e-05,1.2686219286225935,136,512.5,4.5,10,136,136,1.9922312131503759,10.867231213150376,test-0deg|mfh-0deg,solid,model_assisted_exclusive_assignment,False,visible_candidate,line-test-0deg-000003
test-0deg,0.0017391304347826042,10.28014478423799,8.695652173913021e-05,1.973411888968485,137,510.0,7.0,15,137,137,1.3037601147941018,10.178760114794102,test-0deg|mfh-0deg,solid,model_assisted_exclusive_assignment,False,visible_candidate,line-test-0deg-000004
test-0deg,0.0019130434782608646,10.843976752514692,8.695652173913021e-05,1.973411888968485,138,508.0,7.0,15,138,138,0.10228262219044382,8.802282622190443,test-0deg|mfh-0deg,solid,model_assisted_exclusive_assignment,False,visible_candidate,line-test-0deg-000005
test-0deg,0.002086956521739125,11.125892736653043,8.695652173913021e-05,1.973411888968485,139,507.0,7.0,15,139,139,2.1161031829349213,10.466103182934921,,solid,visible_pixel_support,False,visible_candidate,line-test-0deg-000006
test-0deg,0.0022608695652173855,11.548766712860584,8.695652173913021e-05,1.8324538968992954,140,505.5,6.5,14,140,140,3.85529921885626,12.38029921885626,,solid,visible_pixel_support,False,visible_candidate,line-test-0deg-000007
test-0deg,0.002434782608695646,11.971640689068124,8.695652173913021e-05,1.6914959048301341,141,504.0,6.0,13,141,141,5.619207403847724,14.144207403847725,,solid,visible_pixel_support,False,visible_candidate,line-test-0deg-000008
test-0deg,0.0026086956521739063,12.676430649413987,8.695652173913021e-05,0.9867059444842425,142,501.5,3.5,8,142,142,6.4117296561835815,15.286729656183581,,solid,visible_pixel_support,False,visible_candidate,line-test-0deg-000009
test-0deg,0.00278260869565217,14.367926554244121,8.695652173913368e-05,0.14095799206918969,143,495.5,0.5,2,143,143,3.7367678941380973,13.836767894138097,,solid,visible_pixel_support,False,visible_candidate,line-test-0deg-000010
test-0deg,0.0029565217391304306,15.918464467005066,8.695652173913021e-05,0.8457479524150529,144,490.0,3.0,7,144,144,1.5982240359854814,11.523224035985482,,solid,visible_pixel_support,False,visible_candidate,line-test-0deg-000011
test-0deg,0.003130434782608691,16.90517041148931,8.695652173913021e-05,1.5505379127609444,145,486.5,5.5,12,145,145,1.5,10.725,,solid,visible_pixel_support,False,visible_candidate,line-test-0deg-000012
test-0deg,0.0033043478260869515,17.75091836390436,8.695652173913021e-05,1.5505379127609444,146,483.5,5.5,12,146,146,1.9402751612404927,10.990275161240493,,solid,visible_pixel_support,False,visible_candidate,line-test-0deg-000013
test-0deg,0.003478260869565212,19.019540292526955,8.695652173913021e-05,1.6914959048301341,147,479.0,6.0,13,147,147,0.9138749413913843,10.488874941391384,,solid,visible_pixel_support,False,visible_candidate,line-test-0deg-000014
test-0deg,0.0036521739130434723,20.006246237011197,8.695652173913021e-05,1.5505379127609444,148,475.5,5.5,12,148,148,0.9196703286655747,10.144670328665574,,solid,visible_pixel_support,False,visible_candidate,line-test-0deg-000015
test-0deg,0.0038260869565217327,20.71103619735709,8.695652173913021e-05,1.4095799206917832,149,473.0,5.0,11,149,149,1.9565323112757937,10.831532311275794,,solid,visible_pixel_support,False,visible_candidate,line-test-0deg-000016
test-0deg,0.003999999999999993,21.697742141841303,8.695652173913021e-05,1.2686219286225935,150,469.5,4.5,10,150,150,2.0233318774348845,11.248331877434884,,solid,visible_pixel_support,False,visible_candidate,line-test-0deg-000017
test-0deg,0.0041739130434782536,22.402532102187195,8.695652173913021e-05,1.4095799206917548,151,467.0,5.0,11,151,151,3.1189400153556903,11.99394001535569,,solid,visible_pixel_support,False,visible_candidate,line-test-0deg-000018
test-0deg,0.004347826086956514,23.81211202287895,8.695652173913021e-05,0.8457479524150813,152,462.0,3.0,7,152,152,1.7422277132507134,11.492227713250713,,solid,visible_pixel_support,False,visible_candidate,line-test-0deg-000019
test-0deg,0.004521739130434778,24.65785997529403,8.695652173913368e-05,0.8457479524150813,153,459.0,3.0,7,153,153,2.3920659593330242,11.442065959333025,,solid,visible_pixel_support,False,visible_candidate,line-test-0deg-000020
test-0deg,0.004695652173913038,26.490313872193326,8.695652173913021e-05,1.5505379127609444,154,452.5,5.5,12,154,154,0.43267425818464744,10.707674258184648,,solid,visible_pixel_support,False,visible_candidate,line-test-0deg-000021
test-0deg,0.004869565217391299,27.195103832539203,8.695652173913021e-05,1.127663936553418,155,450.0,4.0,9,155,155,0.766878048910371,9.641878048910371,,solid,visible_pixel_support,False,visible_candidate,line-test-0deg-000022
test-0deg,0.005043478260869559,27.899893792885095,8.695652173913021e-05,1.2686219286225935,156,447.5,4.5,10,156,156,1.9895938688309798,10.86459386883098,,solid,visible_pixel_support,False,visible_candidate,line-test-0deg-000023
test-0deg,0.0052173913043478196,29.0275577294385,8.695652173913021e-05,1.8324538968992954,157,443.5,6.5,14,157,157,1.7343441897899083,11.134344189789909,,solid,visible_pixel_support,False,visible_candidate,line-test-0deg-000024
test-0deg,0.00539130434782608,29.591389697715215,8.695652173913021e-05,1.5505379127609444,158,441.5,5.5,12,158,158,3.5,12.2,,solid,visible_pixel_support,False,visible_candidate,line-test-0deg-000025
test-0deg,0.00556521739130434,30.296179658061092,8.695652173913021e-05,1.409579920691769,159,439.0,5.0,11,159,159,4.823848833380623,13.698848833380623,,solid,visible_pixel_support,False,visible_candidate,line-test-0deg-000026
test-0deg,0.005739130434782601,31.14192761047616,8.695652173913021e-05,1.409579920691769,160,436.0,5.0,11,160,160,5.7378062212002305,14.787806221200231,,solid,visible_pixel_support,False,visible_candidate,line-test-0deg-000027
test-0deg,0.005913043478260861,31.846717570822037,8.695652173913021e-05,1.2686219286225935,161,433.5,4.5,10,161,161,7.232685147694951,16.10768514769495,,solid,visible_pixel_support,False,visible_candidate,line-test-0deg-000028
test-0deg,0.006086956521739122,33.39725548358298,8.695652173913368e-05,0.8457479524150671,162,428.0,3.0,7,162,162,5.799298597100744,15.724298597100745,,solid,visible_pixel_support,False,visible_candidate,line-test-0deg-000029
test-0deg,0.0062608695652173856,35.79354134875899,8.695652173913021e-05,0.14095799206917548,163,419.5,0.5,2,163,163,1.4284595536539086,12.403459553653908,,solid,visible_pixel_support,False,visible_candidate,line-test-0deg-000030
test-0deg,0.006434782608695646,36.21641532496652,8.695652173913021e-05,1.69149590483012,164,418.0,6.0,13,164,164,4.110981001590517,12.635981001590517,,solid,visible_pixel_support,False,visible_candidate,line-test-0deg-000031
test-0deg,0.006608695652173906,36.921205285312396,8.695652173913021e-05,1.5505379127609444,165,415.5,5.5,12,165,165,5.837675925146584,14.712675925146584,,solid,visible_pixel_support,False,visible_candidate,line-test-0deg-000032
test-0deg,0.006782608695652167,37.62599524565829,8.695652173913021e-05,1.69149590483012,166,413.0,6.0,13,166,166,7.59935730855841,16.47435730855841,,solid,visible_pixel_support,False,visible_candidate,line-test-0deg-000033
test-0deg,0.006956521739130427,38.330785206004165,8.695652173913021e-05,1.5505379127609444,167,410.5,5.5,12,167,167,9.38683813606201,18.26183813606201,,solid,visible_pixel_support,False,visible_candidate,line-test-0deg-000034
test-0deg,0.00782608695652173,45.37868480946301,8.695652173913368e-05,0.14095799206917548,172,385.5,0.5,2,172,172,5.889688383220914,13.889688383220914,,solid,visible_pixel_support,True,visible_candidate,line-test-0deg-000035
test-0deg,0.011130434782608688,63.5622657863868,8.695652173913021e-05,0.28191598413835095,191,321.0,1.0,3,191,191,8.869969755930697,16.869969755930697,,solid,visible_pixel_support,True,visible_candidate,line-test-0deg-000036
test-0deg,0.011304347826086948,64.12609775466352,8.695652173913021e-05,1.127663936553418,192,319.0,4.0,9,192,192,9.699587676062777,18.399587676062776,,solid,visible_pixel_support,False,visible_candidate,line-test-0deg-000037
test-0deg,0.012869565217391292,72.58357727881412,8.695652173913021e-05,0.5638319682767019,201,289.0,2.0,5,201,201,3.3313369974666216,11.331336997466622,,solid,visible_pixel_support,True,visible_candidate,line-test-0deg-000038
test-0deg,0.013043478260869552,73.00645125502164,8.695652173913021e-05,0.9867059444842425,202,287.5,3.5,8,202,202,4.259114509764174,12.784114509764175,,solid,visible_pixel_support,False,visible_candidate,line-test-0deg-000039
test-0deg,0.013217391304347813,73.42932523122919,8.695652173913021e-05,1.409579920691769,203,286.0,5.0,11,203,203,5.148476656246771,13.673476656246772,,solid,visible_pixel_support,False,visible_candidate,line-test-0deg-000040
test-0deg,0.013391304347826073,74.41603117571341,8.695652173913021e-05,1.2686219286225935,204,282.5,4.5,10,204,204,3.999745014181599,13.224745014181599,,solid,visible_pixel_support,False,visible_candidate,line-test-0deg-000041
test-0deg,0.013565217391304334,74.83890515192095,8.695652173913021e-05,1.127663936553418,205,281.0,4.0,9,205,205,4.8132411608356165,13.338241160835617,,solid,visible_pixel_support,False,visible_candidate,line-test-0deg-000042
test-0deg,0.013739130434782594,75.54369511226683,8.695652173913021e-05,0.7047899603458774,206,278.5,2.5,6,206,206,4.589286673475783,13.464286673475783,,solid,visible_pixel_support,False,visible_candidate,line-test-0deg-000043
test-0deg,0.013913043478260861,75.68465310433601,8.695652173913715e-05,0.28191598413835095,207,278.0,1.0,3,207,207,6.328203129369172,14.503203129369172,,solid,visible_pixel_support,False,visible_candidate,line-test-0deg-000044
test-0deg,0.014608695652173903,81.60488877124143,8.695652173913021e-05,0.28191598413835095,211,257.0,1.0,3,211,211,6.080990069184793,14.080990069184793,,solid,visible_pixel_support,True,visible_candidate,line-test-0deg-000045
test-0deg,0.014782608695652164,81.74584676331061,8.695652173913021e-05,0.7047899603458916,212,256.5,2.5,6,212,212,4.5228952380199985,12.69789523802,,solid,visible_pixel_support,False,visible_candidate,line-test-0deg-000046
test-0deg,0.014956521739130424,82.30967873158731,8.695652173913021e-05,0.9867059444842425,213,254.5,3.5,8,213,213,4.5,13.2,,solid,visible_pixel_support,False,visible_candidate,line-test-0deg-000047
test-0deg,0.015130434782608684,82.87351069986403,8.695652173913021e-05,1.2686219286225935,214,252.5,4.5,10,214,214,4.51775465775188,13.217754657751879,,solid,visible_pixel_support,False,visible_candidate,line-test-0deg-000048
test-0deg,0.015304347826086945,83.43734266814073,8.695652173913021e-05,1.2686219286225935,215,250.5,4.5,10,215,215,4.580240986250118,13.280240986250117,,solid,visible_pixel_support,False,visible_candidate,line-test-0deg-000049
test-0deg,0.015478260869565205,84.1421326284866,8.695652173913021e-05,0.8457479524150671,216,248.0,3.0,7,216,216,5.185084616748867,14.060084616748867,,solid,visible_pixel_support,False,visible_candidate,line-test-0deg-000050
test-0deg,0.015652173913043466,84.42404861262497,8.695652173913021e-05,0.5638319682767161,217,247.0,2.0,5,217,217,4.329911180502023,12.679911180502023,,solid,visible_pixel_support,False,visible_candidate,line-test-0deg-000051
test-0deg,0.026956521739130414,107.96403328817749,8.695652173913021e-05,0.42287397620754064,282,163.5,1.5,4,282,282,9.882452952987904,17.882452952987904,,solid,visible_pixel_support,True,visible_candidate,line-test-0deg-000052
test-0deg,0.027130434782608674,108.52786525645419,8.695652173913021e-05,0.42287397620754064,283,161.5,1.5,4,283,283,8.697149488426703,17.397149488426702,,solid,visible_pixel_support,False,visible_candidate,line-test-0deg-000053
test-0deg,0.027304347826086935,108.66882324852337,8.695652173913021e-05,0.28191598413835095,284,161.0,1.0,3,284,284,8.996901396900796,17.171901396900797,,solid,visible_pixel_support,False,visible_candidate,line-test-0deg-000054
test-0deg,0.027478260869565195,109.79648718507678,8.695652173913021e-05,0.14095799206918969,285,157.0,0.5,1,285,285,5.783227719261589,15.18322771926159,,solid,visible_pixel_support,False,visible_candidate,line-test-0deg-000055
test-0deg,0.027652173913043462,109.6555291930076,8.695652173913715e-05,0.42287397620754064,286,157.5,1.5,4,286,286,7.057647496360346,15.232647496360347,,solid,visible_pixel_support,False,visible_candidate,line-test-0deg-000056
test-0deg,0.027826086956521723,109.79648718507678,8.695652173913021e-05,0.28191598413835095,287,157.0,1.0,3,287,287,7.3216797690484725,15.496679769048473,,solid,visible_pixel_support,False,visible_candidate,line-test-0deg-000057
test-0deg,0.027999999999999983,110.21936116128431,8.695652173913021e-05,0.4228739762075264,288,155.5,1.5,4,288,288,6.576843578177403,15.101843578177403,,solid,visible_pixel_support,False,visible_candidate,line-test-0deg-000058
test-0deg,0.028173913043478244,110.64223513749184,8.695652173913021e-05,0.28191598413835095,289,154.0,1.0,3,289,289,5.824657964598458,14.349657964598459,,solid,visible_pixel_support,False,visible_candidate,line-test-0deg-000059
test-0deg,0.028347826086956504,110.92415112163019,8.695652173913021e-05,0.28191598413835095,290,153.0,1.0,3,290,290,5.5666419691629585,13.916641969162958,,solid,visible_pixel_support,False,visible_candidate,line-test-0deg-000060
test-0deg,0.028521739130434764,111.34702509783773,8.695652173913021e-05,0.42287397620754064,291,151.5,1.5,4,291,291,4.80431463272231,13.32931463272231,,solid,visible_pixel_support,False,visible_candidate,line-test-0deg-000061
test-0deg,0.028695652173913025,111.62894108197608,8.695652173913021e-05,0.42287397620754064,292,150.5,1.5,4,292,292,4.539194996127918,11.860869029674097,,solid,visible_pixel_support,False,visible_candidate,line-test-0deg-000062
mfh-0deg,0.028695652173913025,121.63695851888764,8.695652173913021e-05,0.14095799206918969,292,115.0,0.5,1,292,292,6.971674033546179,11.860869029674097,,dashed,visible_pixel_support,True,visible_candidate,line-mfh-0deg-000001
test-0deg,0.028869565217391285,111.62894108197608,8.695652173913021e-05,0.42287397620754064,293,150.5,1.5,4,293,293,5.272802100231047,12.874484771494267,,solid,visible_pixel_support,False,visible_candidate,line-test-0deg-000063
mfh-0deg,0.028869565217391285,121.63695851888764,8.695652173913021e-05,0.28191598413836516,293,115.0,1.0,3,293,293,7.6016826712632195,12.874484771494267,,dashed,visible_pixel_support,False,visible_candidate,line-mfh-0deg-000002
test-0deg,0.029043478260869546,112.33373104232197,8.695652173913021e-05,0.28191598413836516,294,148.0,1.0,3,294,294,3.5066549858831593,12.286453890658496,,solid,visible_pixel_support,False,visible_candidate,line-test-0deg-000064
mfh-0deg,0.029043478260869546,121.7779165109568,8.695652173913021e-05,0.42287397620754064,294,114.5,1.5,4,294,294,7.729798904775336,12.286453890658496,,dashed,visible_pixel_support,False,visible_candidate,line-mfh-0deg-000003
test-0deg,0.029217391304347806,112.61564702646032,8.695652173913021e-05,0.28191598413835095,295,147.0,1.0,3,295,295,3.2422726939355755,11.299031931276229,,solid,visible_pixel_support,False,visible_candidate,line-test-0deg-000065
mfh-0deg,0.029217391304347806,122.05983249509515,8.695652173913021e-05,0.42287397620754064,295,113.5,1.5,4,295,295,7.356759237340654,11.299031931276229,,dashed,visible_pixel_support,False,visible_candidate,line-mfh-0deg-000004
test-0deg,0.029391304347826067,112.89756301059867,8.695652173913021e-05,0.28191598413835095,296,146.0,1.0,3,296,296,2.9811742652396447,10.664474437456942,,solid,visible_pixel_support,False,visible_candidate,line-test-0deg-000066
mfh-0deg,0.029391304347826067,122.34174847923352,8.695652173913021e-05,0.4228739762075264,296,112.5,1.5,4,296,296,6.983300172217298,10.664474437456942,,dashed,visible_pixel_support,False,visible_candidate,line-mfh-0deg-000005
test-0deg,0.029565217391304327,113.17947899473702,8.695652173913021e-05,0.28191598413835095,297,145.0,1.0,3,297,297,2.7248787406467727,10.360036953310209,,solid,visible_pixel_support,False,visible_candidate,line-test-0deg-000067
mfh-0deg,0.029565217391304327,122.48270647130269,8.695652173913021e-05,0.28191598413835095,297,112.0,1.0,3,297,297,7.1101582126634355,10.360036953310209,,dashed,visible_pixel_support,False,visible_candidate,line-mfh-0deg-000006
test-0deg,0.029739130434782587,113.60235297094455,8.695652173913021e-05,0.4228739762075264,298,143.5,1.5,4,298,298,1.9749051610082802,9.91297502294547,,solid,visible_pixel_support,False,visible_candidate,line-test-0deg-000068
mfh-0deg,0.029739130434782587,122.62366446337187,8.695652173913021e-05,0.4228739762075264,298,111.5,1.5,4,298,298,7.238069861937191,9.91297502294547,,dashed,visible_pixel_support,False,visible_candidate,line-mfh-0deg-000007
test-0deg,0.029913043478260848,113.74331096301373,8.695652173913021e-05,0.28191598413835095,299,143.0,1.0,3,299,299,2.2327725671756014,9.625544190472262,,solid,visible_pixel_support,False,visible_candidate,line-test-0deg-000069
mfh-0deg,0.029913043478260848,122.90558044751022,8.695652173913021e-05,0.4228739762075264,299,110.5,1.5,4,299,299,6.867771623296662,9.625544190472262,,dashed,visible_pixel_support,False,visible_candidate,line-mfh-0deg-000008
test-0deg,0.03008695652173911,114.02522694715208,8.695652173913021e-05,0.28191598413835095,300,142.0,1.0,3,300,300,2.0,9.2,,solid,visible_pixel_support,False,visible_candidate,line-test-0deg-000070
mfh-0deg,0.03008695652173911,123.18749643164857,8.695652173913021e-05,0.4228739762075264,300,109.5,1.5,4,300,300,6.5,9.2,,dashed,visible_pixel_support,False,visible_candidate,line-mfh-0deg-000009
test-0deg,0.03026086956521737,114.30714293129043,8.695652173913021e-05,0.28191598413836516,301,141.0,1.0,3,301,301,1.777356234159953,9.259429288455086,,solid,visible_pixel_support,False,visible_candidate,line-test-0deg-000071
mfh-0deg,0.03026086956521737,123.18749643164857,8.695652173913021e-05,0.4228739762075264,301,109.5,1.5,4,301,301,7.132073054295134,9.259429288455086,,dashed,visible_pixel_support,False,visible_candidate,line-mfh-0deg-000010
test-0deg,0.03043478260869563,114.73001690749797,8.695652173913021e-05,0.42287397620754064,302,139.5,1.5,4,302,302,1.0636534752963485,8.699474915223718,,solid,visible_pixel_support,False,visible_candidate,line-test-0deg-000072
mfh-0deg,0.03043478260869563,123.46941241578693,8.695652173913021e-05,0.42287397620754064,302,108.5,1.5,4,302,302,6.760821439927369,8.699474915223718,,dashed,visible_pixel_support,False,visible_candidate,line-mfh-0deg-000011
test-0deg,0.03060869565217389,115.1528908837055,8.695652173913021e-05,0.28191598413836516,303,138.0,1.0,3,303,303,0.35747591070455087,7.943726458105541,,solid,visible_pixel_support,False,visible_candidate,line-test-0deg-000073
mfh-0deg,0.03060869565217389,123.6103704078561,8.695652173913021e-05,0.5638319682767161,303,108.0,2.0,5,303,303,6.886250547400991,7.943726458105541,,dashed,visible_pixel_support,False,visible_candidate,line-mfh-0deg-000012
test-0deg,0.03078260869565215,115.29384887577467,8.695652173913021e-05,0.14095799206918969,304,137.5,0.5,2,304,304,0.6574077276797823,7.690773494900022,,solid,visible_pixel_support,False,visible_candidate,line-test-0deg-000074
mfh-0deg,0.03078260869565215,123.89228639199446,8.695652173913021e-05,0.28191598413836516,304,107.0,1.0,3,304,304,6.508365767220241,7.690773494900022,,dashed,visible_pixel_support,False,visible_candidate,line-mfh-0deg-000013
test-0deg,0.03095652173913041,115.57576485991302,8.695652173913715e-05,0.14095799206918969,305,136.5,0.5,2,305,305,0.46203311351729326,8.812033113517293,,solid,visible_pixel_support,False,visible_candidate,line-test-0deg-000075
test-0deg,0.031130434782608678,115.71672285198221,8.695652173913021e-05,0.28191598413835095,306,136.0,1.0,3,306,306,0.7699362555123628,8.944936255512363,,solid,visible_pixel_support,False,visible_candidate,line-test-0deg-000076
test-0deg,0.03130434782608694,115.99863883612056,8.695652173913021e-05,0.28191598413835095,307,135.0,1.0,3,307,307,0.5797013409602414,8.929701340960241,,solid,visible_pixel_support,False,visible_candidate,line-test-0deg-000077
test-0deg,0.0314782608695652,116.28055482025891,8.695652173913021e-05,0.28191598413835095,308,134.0,1.0,3,308,308,0.38991255715626494,8.739912557156265,,solid,visible_pixel_support,False,visible_candidate,line-test-0deg-000078
test-0deg,0.03165217391304346,116.56247080439726,8.695652173913021e-05,0.28191598413835095,309,133.0,1.0,3,309,309,0.1991540913955987,8.549154091395598,,solid,visible_pixel_support,False,visible_candidate,line-test-0deg-000079
test-0deg,0.03182608695652172,116.84438678853562,8.695652173913021e-05,0.28191598413835095,310,132.0,1.0,3,310,310,0.00601013097360692,8.356010130973607,,solid,visible_pixel_support,False,visible_candidate,line-test-0deg-000080
test-0deg,0.03199999999999998,116.9853447806048,8.695652173913021e-05,0.42287397620754064,311,131.5,1.5,4,311,311,0.3090648631854833,8.484064863185484,,solid,visible_pixel_support,False,visible_candidate,line-test-0deg-000081
test-0deg,0.03217391304347824,117.26726076474316,8.695652173913021e-05,0.42287397620754064,312,130.5,1.5,4,312,312,0.10690247532647845,8.456902475326478,,solid,visible_pixel_support,False,visible_candidate,line-test-0deg-000082
test-0deg,0.0323478260869565,117.69013474095068,8.695652173913021e-05,0.28191598413836516,313,129.0,1.0,3,313,313,0.601892845308015,9.126892845308015,,solid,visible_pixel_support,False,visible_candidate,line-test-0deg-000083
test-0deg,0.03252173913043476,117.83109273301986,8.695652173913021e-05,0.14095799206917548,314,128.5,0.5,2,314,314,0.3187369114228602,8.493736911422861,,solid,visible_pixel_support,False,visible_candidate,line-test-0deg-000084
test-0deg,0.03269565217391302,117.83109273301986,8.695652173913021e-05,0.14095799206917548,315,128.5,0.5,2,315,315,0.4549544642773071,8.454954464277307,,solid,visible_pixel_support,False,visible_candidate,line-test-0deg-000085
test-0deg,0.03286956521739128,118.11300871715821,8.695652173913021e-05,0.14095799206917548,316,127.5,0.5,2,316,316,0.21776546908766647,8.567765469087666,,solid,visible_pixel_support,False,visible_candidate,line-test-0deg-000086
test-0deg,0.03304347826086954,118.39492470129656,8.695652173913021e-05,0.14095799206918969,317,126.5,0.5,2,317,317,0.03171970969648896,8.381719709696489,,solid,visible_pixel_support,False,visible_candidate,line-test-0deg-000087
test-0deg,0.0332173913043478,118.53588269336575,8.695652173913021e-05,0.28191598413836516,318,126.0,1.0,3,318,318,0.20508311522016243,8.380083115220163,,solid,visible_pixel_support,False,visible_candidate,line-test-0deg-000088
test-0deg,0.03339130434782606,118.8177986775041,8.695652173913021e-05,0.28191598413835095,319,125.0,1.0,3,319,319,0.07324186886717143,8.423241868867171,,solid,visible_pixel_support,False,visible_candidate,line-test-0deg-000089
test-0deg,0.033565217391304324,119.09971466164245,8.695652173913021e-05,0.28191598413835095,320,124.0,1.0,3,320,320,0.36811047466319735,6.234029689476065,,solid,visible_pixel_support,False,visible_candidate,line-test-0deg-000090
mfh-0deg,0.033565217391304324,126.85240422544717,8.695652173913021e-05,0.14095799206918969,320,96.5,0.5,2,320,320,5.515919214812868,6.234029689476065,,dashed,visible_pixel_support,True,visible_candidate,line-mfh-0deg-000014
test-0deg,0.033739130434782584,119.24067265371163,8.695652173913021e-05,0.14095799206917548,321,123.5,0.5,2,321,321,0.1809385148726932,6.113461606532715,,solid,visible_pixel_support,False,visible_candidate,line-test-0deg-000091
mfh-0deg,0.033739130434782584,126.99336221751635,8.695652173913021e-05,0.28191598413836516,321,96.0,1.0,3,321,321,5.582523091660022,6.113461606532715,,dashed,visible_pixel_support,False,visible_candidate,line-mfh-0deg-000015
test-0deg,0.033913043478260844,119.52258863784998,8.695652173913021e-05,0.14095799206917548,322,122.5,0.5,2,322,322,0.5131418022003231,6.684051912129854,,solid,visible_pixel_support,False,visible_candidate,line-test-0deg-000092
mfh-0deg,0.033913043478260844,127.13432020958552,8.695652173913021e-05,0.42287397620754064,322,95.5,1.5,4,322,322,5.645910109929531,6.684051912129854,,dashed,visible_pixel_support,False,visible_candidate,line-mfh-0deg-000016
test-0deg,0.034086956521739105,119.66354662991915,8.695652173913021e-05,0.28191598413835095,323,122.0,1.0,3,323,323,0.366136149350865,6.422221809476545,,solid,visible_pixel_support,False,visible_candidate,line-test-0deg-000093
mfh-0deg,0.034086956521739105,127.2752782016547,8.695652173913021e-05,0.28191598413835095,323,95.0,1.0,3,323,323,5.70608566012568,6.422221809476545,,dashed,visible_pixel_support,False,visible_candidate,line-mfh-0deg-000017
test-0deg,0.034260869565217365,119.66354662991915,8.695652173913021e-05,0.28191598413835095,324,122.0,1.0,3,324,324,0.2586626309709743,6.196717763723657,,solid,visible_pixel_support,False,visible_candidate,line-test-0deg-000094
mfh-0deg,0.034260869565217365,127.41623619372388,8.695652173913021e-05,0.4228739762075264,324,94.5,1.5,4,324,324,5.763055132752683,6.196717763723657,,dashed,visible_pixel_support,False,visible_candidate,line-mfh-0deg-000018
test-0deg,0.03443478260869563,119.9454626140575,8.695652173913715e-05,0.28191598413835095,325,121.0,1.0,3,325,325,0.1401612739395688,6.156985192254393,,solid,visible_pixel_support,False,visible_candidate,line-test-0deg-000095
mfh-0deg,0.03443478260869563,127.69815217786223,8.695652173913715e-05,0.42287397620754064,325,93.5,1.5,4,325,325,5.3168239183148245,6.156985192254393,,dashed,visible_pixel_support,False,visible_candidate,line-mfh-0deg-000019
test-0deg,0.03460869565217389,120.0864206061267,8.695652173913021e-05,0.14095799206918969,326,120.5,0.5,2,326,326,0.0640236767871869,6.1064210841035615,,solid,visible_pixel_support,False,visible_candidate,line-test-0deg-000096
mfh-0deg,0.03460869565217389,127.69815217786223,8.695652173913021e-05,0.42287397620754064,326,93.5,1.5,4,326,326,5.867397407316375,6.1064210841035615,,dashed,visible_pixel_support,False,visible_candidate,line-mfh-0deg-000020
test-0deg,0.034782608695652154,120.22737859819586,8.695652173913021e-05,0.28191598413835095,327,120.0,1.0,3,327,327,0.014340390276643689,5.954121380538219,,solid,visible_pixel_support,False,visible_candidate,line-test-0deg-000097
mfh-0deg,0.034782608695652154,127.98006816200058,8.695652173913021e-05,0.42287397620754064,327,92.5,1.5,4,327,327,5.414780990261576,5.954121380538219,,dashed,visible_pixel_support,False,visible_candidate,line-mfh-0deg-000021
test-0deg,0.034956521739130414,120.5092945823342,8.695652173913021e-05,0.28191598413836516,328,119.0,1.0,3,328,328,0.4925272271126744,6.801507284767373,,solid,visible_pixel_support,False,visible_candidate,line-test-0deg-000098
mfh-0deg,0.034956521739130414,127.98006816200058,8.695652173913021e-05,0.42287397620754064,328,92.5,1.5,4,328,328,5.958980057654699,6.801507284767373,,dashed,visible_pixel_support,False,visible_candidate,line-mfh-0deg-000022
test-0deg,0.035130434782608674,120.5092945823342,8.695652173913021e-05,0.28191598413836516,329,119.0,1.0,3,329,329,0.0,5.85,,solid,visible_pixel_support,False,visible_candidate,line-test-0deg-000099
mfh-0deg,0.035130434782608674,128.26198414613893,8.695652173913021e-05,0.42287397620754064,329,91.5,1.5,4,329,329,5.5,5.85,,dashed,visible_pixel_support,False,visible_candidate,line-mfh-0deg-000023
test-0deg,0.035304347826086935,120.79121056647257,8.695652173913021e-05,0.28191598413836516,330,118.0,1.0,3,330,330,0.5269250953516149,6.590657310635202,,solid,visible_pixel_support,False,visible_candidate,line-test-0deg-000100
mfh-0deg,0.035304347826086935,128.40294213820812,8.695652173913021e-05,0.28191598413835095,330,91.0,1.0,3,330,330,5.538732215283588,6.590657310635202,,dashed,visible_pixel_support,False,visible_candidate,line-mfh-0deg-000024
test-0deg,0.035478260869565195,120.79121056647257,8.695652173913021e-05,0.28191598413836516,331,118.0,1.0,3,331,331,0.06251879053927212,5.813478360487127,,solid,visible_pixel_support,False,visible_candidate,line-test-0deg-000101
mfh-0deg,0.035478260869565195,128.54390013027728,8.695652173913021e-05,0.42287397620754064,331,90.5,1.5,4,331,331,5.575959569947855,5.813478360487127,,dashed,visible_pixel_support,False,visible_candidate,line-mfh-0deg-000025
test-0deg,0.035652173913043456,121.07312655061092,8.695652173913021e-05,0.28191598413835095,332,117.0,1.0,3,332,332,0.6067717347058874,6.743296391887363,,solid,visible_pixel_support,False,visible_candidate,line-test-0deg-000102
mfh-0deg,0.035652173913043456,128.68485812234647,8.695652173913021e-05,0.28191598413835095,332,90.0,1.0,3,332,332,5.6115246571814765,6.743296391887363,,dashed,visible_pixel_support,False,visible_candidate,line-mfh-0deg-000026
test-0deg,0.035826086956521716,121.35504253474927,8.695652173913021e-05,0.28191598413836516,333,116.0,1.0,3,333,333,1.1596745769943624,7.654944647167531,,solid,visible_pixel_support,False,visible_candidate,line-test-0deg-000103
mfh-0deg,0.035826086956521716,128.68485812234647,8.695652173913021e-05,0.14095799206918969,333,90.0,0.5,1,333,333,6.145270070173169,7.654944647167531,,dashed,visible_pixel_support,False,visible_candidate,line-mfh-0deg-000027
test-0deg,0.035999999999999976,121.49600052681845,8.695652173913021e-05,0.14095799206918969,334,115.5,0.5,2,334,334,1.221217966547556,9.396217966547557,,solid,visible_pixel_support,False,visible_candidate,line-test-0deg-000104
test-0deg,0.03617391304347824,121.49600052681845,8.695652173913021e-05,0.14095799206918969,335,115.5,0.5,2,335,335,0.7913925525083982,8.791392552508398,,solid,visible_pixel_support,False,visible_candidate,line-test-0deg-000105
test-0deg,0.0363478260869565,121.7779165109568,8.695652173913021e-05,0.14095799206918969,336,114.5,0.5,2,336,336,1.3701889840197765,9.720188984019776,,solid,visible_pixel_support,False,visible_candidate,line-test-0deg-000106
test-0deg,0.03652173913043476,121.7779165109568,8.695652173913021e-05,0.14095799206918969,337,114.5,0.5,2,337,337,0.9575979102245782,8.957597910224578,,solid,visible_pixel_support,False,visible_candidate,line-test-0deg-000107
test-0deg,0.03669565217391302,121.91887450302599,8.695652173913021e-05,0.28191598413835095,338,114.0,1.0,3,338,338,1.053609980265719,9.22860998026572,,solid,visible_pixel_support,False,visible_candidate,line-test-0deg-000108
test-0deg,0.03686956521739128,122.05983249509515,8.695652173913021e-05,0.14095799206918969,339,113.5,0.5,2,339,339,1.158215843286058,9.333215843286059,,solid,visible_pixel_support,False,visible_candidate,line-test-0deg-000109
test-0deg,0.03704347826086954,122.20079048716434,8.695652173913021e-05,0.28191598413835095,340,113.0,1.0,3,340,340,1.2714061484285253,9.446406148428526,,solid,visible_pixel_support,False,visible_candidate,line-test-0deg-000110
test-0deg,0.0372173913043478,122.20079048716434,8.695652173913021e-05,0.28191598413835095,341,113.0,1.0,3,341,341,0.893171544836008,8.893171544836008,,solid,visible_pixel_support,False,visible_candidate,line-test-0deg-000111
test-0deg,0.03739130434782606,122.34174847923352,8.695652173913021e-05,0.14095799206917548,342,112.5,0.5,2,342,342,1.0235026816513937,9.198502681651394,,solid,visible_pixel_support,False,visible_candidate,line-test-0deg-000112
test-0deg,0.03756521739130432,122.48270647130269,8.695652173913021e-05,0.28191598413835095,343,112.0,1.0,3,343,343,1.1623902080175839,9.337390208017585,,solid,visible_pixel_support,False,visible_candidate,line-test-0deg-000113
test-0deg,0.03773913043478258,122.62366446337187,8.695652173913021e-05,0.14095799206917548,344,111.5,0.5,2,344,344,1.3098247730774801,9.48482477307748,,solid,visible_pixel_support,False,visible_candidate,line-test-0deg-000114
test-0deg,0.03791304347826085,122.90558044751022,8.695652173913715e-05,0.14095799206917548,345,110.5,0.5,2,345,345,1.9657970259739557,10.315797025973955,,solid,visible_pixel_support,False,visible_candidate,line-test-0deg-000115
test-0deg,0.03808695652173911,122.90558044751022,8.695652173913021e-05,0.14095799206917548,346,110.5,0.5,2,346,346,1.6302976158499263,9.630297615849926,,solid,visible_pixel_support,False,visible_candidate,line-test-0deg-000116
test-0deg,0.03826086956521737,122.90558044751022,8.695652173913021e-05,0.14095799206917548,347,110.5,0.5,2,347,347,1.303317191848265,9.303317191848265,,solid,visible_pixel_support,False,visible_candidate,line-test-0deg-000117
test-0deg,0.03843478260869563,123.0465384395794,8.695652173913021e-05,0.28191598413835095,348,110.0,1.0,3,348,348,1.4848464031119022,9.659846403111903,,solid,visible_pixel_support,False,visible_candidate,line-test-0deg-000118
test-0deg,0.03860869565217389,123.0465384395794,8.695652173913021e-05,0.28191598413835095,349,110.0,1.0,3,349,349,1.1748758987837107,5.9841529218957845,,solid,visible_pixel_support,False,visible_candidate,line-test-0deg-000119
mfh-0deg,0.03860869565217389,131.36305997166082,8.695652173913021e-05,0.14095799206918969,349,80.5,0.5,2,349,349,4.809277023112074,5.9841529218957845,,dashed,visible_pixel_support,True,visible_candidate,line-mfh-0deg-000028
test-0deg,0.03878260869565215,123.18749643164857,8.695652173913021e-05,0.14095799206917548,350,109.5,0.5,2,350,350,1.3733963280065922,6.836401059867785,,solid,visible_pixel_support,False,visible_candidate,line-test-0deg-000120
mfh-0deg,0.03878260869565215,131.36305997166082,8.695652173913021e-05,0.14095799206918969,350,80.5,0.5,2,350,350,5.288004731861193,6.836401059867785,,dashed,visible_pixel_support,False,visible_candidate,line-mfh-0deg-000029
test-0deg,0.03895652173913041,123.32845442371774,8.695652173913021e-05,0.28191598413835095,351,109.0,1.0,3,351,351,1.5803983399234482,7.192477783688323,,solid,visible_pixel_support,False,visible_candidate,line-test-0deg-000121
mfh-0deg,0.03895652173913041,131.50401796373,8.695652173913021e-05,0.28191598413835095,351,80.0,1.0,3,351,351,5.2620794437648755,7.192477783688323,,dashed,visible_pixel_support,False,visible_candidate,line-mfh-0deg-000030
test-0deg,0.03913043478260867,123.46941241578693,8.695652173913021e-05,0.14095799206918969,352,108.5,0.5,2,352,352,1.7958725836771663,7.377216335689019,,solid,visible_pixel_support,False,visible_candidate,line-test-0deg-000122
mfh-0deg,0.03913043478260867,131.64497595579917,8.695652173913021e-05,0.42287397620754064,352,79.5,1.5,4,352,352,5.231343752011853,7.377216335689019,,dashed,visible_pixel_support,False,visible_candidate,line-mfh-0deg-000031
test-0deg,0.03930434782608693,123.46941241578693,8.695652173913021e-05,0.14095799206918969,353,108.5,0.5,2,353,353,1.5198097084106195,6.89044995820139,,solid,visible_pixel_support,False,visible_candidate,line-test-0deg-000123
mfh-0deg,0.03930434782608693,131.78593394786836,8.695652173913021e-05,0.28191598413835095,353,79.0,1.0,3,353,353,5.19564024979077,6.89044995820139,,dashed,visible_pixel_support,False,visible_candidate,line-mfh-0deg-000032
test-0deg,0.03947826086956519,123.46941241578693,8.695652173913021e-05,0.14095799206918969,354,108.5,0.5,2,354,354,1.252200363266752,6.582011893557097,,solid,visible_pixel_support,False,visible_candidate,line-test-0deg-000124
mfh-0deg,0.03947826086956519,131.92689193993755,8.695652173913021e-05,0.42287397620754064,354,78.5,1.5,4,354,354,5.1548115302903454,6.582011893557097,,dashed,visible_pixel_support,False,visible_candidate,line-mfh-0deg-000033
test-0deg,0.03965217391304345,123.75132839992528,8.695652173913021e-05,0.14095799206918969,355,107.5,0.5,2,355,355,1.9930351973884228,7.626735384087718,,solid,visible_pixel_support,False,visible_candidate,line-test-0deg-000125
mfh-0deg,0.03965217391304345,132.0678499320067,8.695652173913021e-05,0.28191598413835095,355,78.0,1.0,3,355,355,5.108700186699295,7.626735384087718,,dashed,visible_pixel_support,False,visible_candidate,line-mfh-0deg-000034
test-0deg,0.03982608695652171,123.75132839992528,8.695652173913021e-05,0.14095799206918969,356,107.5,0.5,2,356,356,1.7423048599185478,6.9744536721248265,,solid,visible_pixel_support,False,visible_candidate,line-test-0deg-000126
mfh-0deg,0.03982608695652171,132.20880792407587,8.695652173913021e-05,0.42287397620754064,356,77.5,1.5,4,356,356,5.057148812206279,6.9744536721248265,,dashed,visible_pixel_support,False,visible_candidate,line-mfh-0deg-000035
test-0deg,0.03999999999999997,123.75132839992528,8.695652173913021e-05,0.14095799206918969,357,107.5,0.5,2,357,357,1.5,7.0,,solid,visible_pixel_support,False,visible_candidate,line-test-0deg-000127
mfh-0deg,0.03999999999999997,132.20880792407587,8.695652173913021e-05,0.42287397620754064,357,77.5,1.5,4,357,357,5.5,7.0,,dashed,visible_pixel_support,False,visible_candidate,line-mfh-0deg-000036
test-0deg,0.040173913043478233,124.03324438406364,8.695652173913021e-05,0.14095799206917548,358,106.5,0.5,2,358,358,2.2599307580174894,7.89901050749793,,solid,visible_pixel_support,False,visible_candidate,line-test-0deg-000128
mfh-0deg,0.040173913043478233,132.49072390821425,8.695652173913021e-05,0.42287397620754064,358,76.5,1.5,4,358,358,4.939079749480442,7.89901050749793,,dashed,visible_pixel_support,False,visible_candidate,line-mfh-0deg-000037
test-0deg,0.040347826086956494,124.03324438406364,8.695652173913715e-05,0.14095799206917548,359,106.5,0.5,2,359,359,2.0165208940719026,7.392726792297395,,solid,visible_pixel_support,False,visible_candidate,line-test-0deg-000129
mfh-0deg,0.040347826086956494,132.49072390821425,8.695652173913715e-05,0.42287397620754064,359,76.5,1.5,4,359,359,5.376205898225493,7.392726792297395,,dashed,visible_pixel_support,False,visible_candidate,line-mfh-0deg-000038
test-0deg,0.040521739130434754,124.03324438406364,8.695652173913715e-05,0.14095799206917548,360,106.5,0.5,2,360,360,1.7706814868804628,6.93189028357124,,solid,visible_pixel_support,False,visible_candidate,line-test-0deg-000130
mfh-0deg,0.040521739130434754,132.7726398923526,8.695652173913715e-05,0.42287397620754064,360,75.5,1.5,4,360,360,4.811208796690778,6.93189028357124,,dashed,visible_pixel_support,False,visible_candidate,line-mfh-0deg-000039
test-0deg,0.040695652173913015,124.03324438406364,8.695652173913715e-05,0.14095799206917548,361,106.5,0.5,2,361,361,1.5233236151603506,6.767242410492187,,solid,visible_pixel_support,False,visible_candidate,line-test-0deg-000131
mfh-0deg,0.040695652173913015,132.7726398923526,8.695652173913715e-05,0.42287397620754064,361,75.5,1.5,4,361,361,5.243918795331837,6.767242410492187,,dashed,visible_pixel_support,False,visible_candidate,line-mfh-0deg-000040
test-0deg,0.040869565217391275,124.03324438406364,8.695652173913715e-05,0.14095799206917548,362,106.5,0.5,2,362,362,1.275358357628761,6.624524602233055,,solid,visible_pixel_support,False,visible_candidate,line-test-0deg-000132
mfh-0deg,0.040869565217391275,132.91359788442176,8.695652173913715e-05,0.28191598413835095,362,75.0,1.0,3,362,362,5.174166244604294,6.624524602233055,,dashed,visible_pixel_support,False,visible_candidate,line-mfh-0deg-000041
test-0deg,0.041043478260869536,124.03324438406364,8.695652173913715e-05,0.14095799206917548,363,106.5,0.5,2,363,363,1.0276967930029173,6.629478287966677,,solid,visible_pixel_support,False,visible_candidate,line-test-0deg-000133
mfh-0deg,0.041043478260869536,132.91359788442176,8.695652173913715e-05,0.14095799206918969,363,75.0,0.5,1,363,363,5.60178149496376,6.629478287966677,,dashed,visible_pixel_support,False,visible_candidate,line-mfh-0deg-000042
test-0deg,0.041217391304347796,124.03324438406364,8.695652173913715e-05,0.14095799206917548,364,106.5,0.5,2,364,364,0.78125,8.78125,,solid,visible_pixel_support,False,visible_candidate,line-test-0deg-000134
test-0deg,0.041391304347826056,124.31516036820199,8.695652173913715e-05,0.14095799206917548,365,105.5,0.5,2,365,365,1.5369290573372183,9.886929057337218,,solid,visible_pixel_support,False,visible_candidate,line-test-0deg-000135
test-0deg,0.04156521739130432,124.31516036820199,8.695652173913715e-05,0.14095799206917548,366,105.5,0.5,2,366,366,1.2956450437317812,9.295645043731781,,solid,visible_pixel_support,False,visible_candidate,line-test-0deg-000136
test-0deg,0.04173913043478258,124.31516036820199,8.695652173913715e-05,0.14095799206917548,367,105.5,0.5,2,367,367,1.0583090379008553,9.058309037900855,,solid,visible_pixel_support,False,visible_candidate,line-test-0deg-000137
test-0deg,0.04191304347826084,124.31516036820199,8.695652173913715e-05,0.14095799206917548,368,105.5,0.5,2,368,368,0.8258321185616921,8.825832118561692,,solid,visible_pixel_support,False,visible_candidate,line-test-0deg-000138
test-0deg,0.0420869565217391,124.45611836027116,8.695652173913715e-05,0.28191598413835095,369,105.0,1.0,3,369,369,1.0991253644314725,9.274125364431473,,solid,visible_pixel_support,False,visible_candidate,line-test-0deg-000139
test-0deg,0.04226086956521736,124.45611836027116,8.695652173913715e-05,0.14095799206917548,370,105.0,0.5,1,370,370,0.8790998542274053,8.879099854227405,,solid,visible_pixel_support,False,visible_candidate,line-test-0deg-000140
test-0deg,0.04243478260869562,124.45611836027116,8.695652173913715e-05,0.14095799206917548,371,105.0,0.5,1,371,371,0.6666666666666572,8.666666666666657,,solid,visible_pixel_support,False,visible_candidate,line-test-0deg-000141
test-0deg,0.04260869565217388,124.45611836027116,8.695652173913715e-05,0.14095799206917548,372,105.0,0.5,1,372,372,0.46273688046647976,8.46273688046648,,solid,visible_pixel_support,False,visible_candidate,line-test-0deg-000142
test-0deg,0.04278260869565214,124.59707635234034,8.695652173913715e-05,0.14095799206917548,373,104.5,0.5,2,373,373,0.7682215743440111,8.943221574344012,,solid,visible_pixel_support,False,visible_candidate,line-test-0deg-000143
test-0deg,0.0429565217391304,124.59707635234034,8.695652173913715e-05,0.14095799206917548,374,104.5,0.5,2,374,374,0.5840318270165312,8.584031827016531,,solid,visible_pixel_support,False,visible_candidate,line-test-0deg-000144
test-0deg,0.043130434782608675,124.59707635234034,8.695652173913715e-05,0.14095799206917548,375,104.5,0.5,2,375,375,0.4110787172011783,8.411078717201178,,solid,visible_pixel_support,False,visible_candidate,line-test-0deg-000145
test-0deg,0.043304347826086935,124.59707635234034,8.695652173913715e-05,0.14095799206917548,376,104.5,0.5,2,376,376,0.2502733236151613,8.250273323615161,,solid,visible_pixel_support,False,visible_candidate,line-test-0deg-000146
test-0deg,0.043478260869565195,124.59707635234034,8.695652173913715e-05,0.14095799206917548,377,104.5,0.5,2,377,377,0.1025267249757178,8.102526724975718,,solid,visible_pixel_support,False,visible_candidate,line-test-0deg-000147
test-0deg,0.043652173913043456,124.59707635234034,8.695652173913715e-05,0.14095799206917548,378,104.5,0.5,2,378,378,0.03125,8.03125,,solid,visible_pixel_support,False,visible_candidate,line-test-0deg-000148
test-0deg,0.043826086956521716,124.59707635234034,8.695652173913715e-05,0.14095799206917548,379,104.5,0.5,2,379,379,0.1501457725947546,8.150145772594755,,solid,visible_pixel_support,False,visible_candidate,line-test-0deg-000149
test-0deg,0.04399999999999998,124.59707635234034,8.695652173913715e-05,0.14095799206917548,380,104.5,0.5,2,380,380,0.2532495140913511,4.057373422944629,,solid,visible_pixel_support,False,visible_candidate,line-test-0deg-000150
mfh-0deg,0.04399999999999998,135.30988374959776,8.695652173913715e-05,0.14095799206918969,380,66.5,0.5,2,380,380,3.8041239088532777,4.057373422944629,,dashed,visible_pixel_support,True,visible_candidate,line-mfh-0deg-000043
test-0deg,0.04417391304347824,124.59707635234034,8.695652173913715e-05,0.14095799206917548,381,104.5,0.5,2,381,381,0.33965014577259467,4.4949996524575155,,solid,visible_pixel_support,False,visible_candidate,line-test-0deg-000151
mfh-0deg,0.04417391304347824,135.30988374959776,8.695652173913715e-05,0.42287397620754064,381,66.5,1.5,4,381,381,4.155349506684921,4.4949996524575155,,dashed,visible_pixel_support,False,visible_candidate,line-mfh-0deg-000044
test-0deg,0.0443478260869565,124.73803434440951,8.695652173913715e-05,0.28191598413836516,382,104.0,1.0,3,382,382,0.09156341107872379,4.442282975338548,,solid,visible_pixel_support,False,visible_candidate,line-test-0deg-000152
mfh-0deg,0.0443478260869565,135.45084174166695,8.695652173913715e-05,0.28191598413835095,382,66.0,1.0,3,382,382,4.000719564259825,4.442282975338548,,dashed,visible_pixel_support,False,visible_candidate,line-mfh-0deg-000045
test-0deg,0.04452173913043476,124.73803434440951,8.695652173913715e-05,0.28191598413836516,383,104.0,1.0,3,383,383,0.04130223517979914,4.0563666672133705,,solid,visible_pixel_support,False,visible_candidate,line-test-0deg-000153
mfh-0deg,0.04452173913043476,135.59179973373614,8.695652173913715e-05,0.42287397620754064,383,65.5,1.5,4,383,383,3.8400644320335715,4.0563666672133705,,dashed,visible_pixel_support,False,visible_candidate,line-mfh-0deg-000046
test-0deg,0.04469565217391302,124.73803434440951,8.695652173913715e-05,0.14095799206917548,384,104.0,0.5,1,384,384,0.010477405247812044,3.8586918657095906,,solid,visible_pixel_support,False,visible_candidate,line-test-0deg-000154
mfh-0deg,0.04469565217391302,135.7327577258053,8.695652173913715e-05,0.28191598413835095,384,65.0,1.0,3,384,384,3.6732144604617787,3.8586918657095906,,dashed,visible_pixel_support,False,visible_candidate,line-mfh-0deg-000047
test-0deg,0.04486956521739128,124.59707635234034,8.695652173913715e-05,0.14095799206917548,385,104.5,0.5,2,385,385,0.5,4.675,,solid,visible_pixel_support,False,visible_candidate,line-test-0deg-000155
mfh-0deg,0.04486956521739128,135.7327577258053,8.695652173913715e-05,0.28191598413835095,385,65.0,1.0,3,385,385,4.0,4.675,,dashed,visible_pixel_support,False,visible_candidate,line-mfh-0deg-000048
test-0deg,0.04504347826086954,124.73803434440951,8.695652173913715e-05,0.28191598413836516,386,104.0,1.0,3,386,386,0.014625000000009436,3.860138443396026,,solid,visible_pixel_support,False,visible_candidate,line-test-0deg-000156
mfh-0deg,0.04504347826086954,136.01467370994365,8.695652173913715e-05,0.28191598413835095,386,64.0,1.0,3,386,386,3.320513443396017,3.860138443396026,,dashed,visible_pixel_support,False,visible_candidate,line-mfh-0deg-000049
test-0deg,0.0452173913043478,124.59707635234034,8.695652173913715e-05,0.14095799206917548,387,104.5,0.5,2,387,387,0.44300000000001205,4.253146947823043,,solid,visible_pixel_support,False,visible_candidate,line-test-0deg-000157
mfh-0deg,0.0452173913043478,136.01467370994365,8.695652173913715e-05,0.28191598413835095,387,64.0,1.0,3,387,387,3.6351469478230314,4.253146947823043,,dashed,visible_pixel_support,False,visible_candidate,line-mfh-0deg-000050
test-0deg,0.04539130434782606,124.73803434440951,8.695652173913715e-05,0.14095799206917548,388,104.0,0.5,1,388,388,0.12487500000000296,3.9190555103748093,,solid,visible_pixel_support,False,visible_candidate,line-test-0deg-000158
mfh-0deg,0.04539130434782606,136.15563170201284,8.695652173913715e-05,0.42287397620754064,388,63.5,1.5,4,388,388,3.4441805103748067,3.9190555103748093,,dashed,visible_pixel_support,False,visible_candidate,line-mfh-0deg-000051
test-0deg,0.04556521739130432,124.73803434440951,8.695652173913715e-05,0.14095799206917548,389,104.0,0.5,1,389,389,0.21599999999999397,3.9638941281450855,,solid,visible_pixel_support,False,visible_candidate,line-test-0deg-000159
mfh-0deg,0.04556521739130432,136.15563170201284,8.695652173913715e-05,0.42287397620754064,389,63.5,1.5,4,389,389,3.7478941281450915,3.9638941281450855,,dashed,visible_pixel_support,False,visible_candidate,line-mfh-0deg-000052
test-0deg,0.04573913043478258,124.73803434440951,8.695652173913715e-05,0.14095799206917548,390,104.0,0.5,1,390,390,0.328125,4.049692798227663,,solid,visible_pixel_support,False,visible_candidate,line-test-0deg-000160
mfh-0deg,0.04573913043478258,136.296589694082,8.695652173913715e-05,0.28191598413835095,390,63.0,1.0,3,390,390,3.546567798227663,4.049692798227663,,dashed,visible_pixel_support,False,visible_candidate,line-mfh-0deg-000053
test-0deg,0.04591304347826084,124.73803434440951,8.695652173913715e-05,0.14095799206917548,391,104.0,0.5,1,391,391,0.4590000000000032,3.9744815177162804,,solid,visible_pixel_support,False,visible_candidate,line-test-0deg-000161
mfh-0deg,0.04591304347826084,136.4375476861512,8.695652173913715e-05,0.42287397620754064,391,62.5,1.5,4,391,391,3.3404815177162774,3.9744815177162804,,dashed,visible_pixel_support,False,visible_candidate,line-mfh-0deg-000054
test-0deg,0.0460869565217391,124.73803434440951,8.695652173913715e-05,0.14095799206917548,392,104.0,0.5,1,392,392,0.6063749999999999,3.9112902837047043,,solid,visible_pixel_support,False,visible_candidate,line-test-0deg-000162
mfh-0deg,0.0460869565217391,136.57850567822035,8.695652173913715e-05,0.28191598413835095,392,62.0,1.0,3,392,392,3.1299152837047046,3.9112902837047043,,dashed,visible_pixel_support,False,visible_candidate,line-mfh-0deg-000055
test-0deg,0.04626086956521736,124.73803434440951,8.695652173913715e-05,0.14095799206917548,393,104.0,0.5,1,393,393,0.7680000000000149,4.183149093286687,,solid,visible_pixel_support,False,visible_candidate,line-test-0deg-000163
mfh-0deg,0.04626086956521736,136.57850567822035,8.695652173913715e-05,0.28191598413835095,393,62.0,1.0,3,393,393,3.415149093286672,4.183149093286687,,dashed,visible_pixel_support,False,visible_candidate,line-mfh-0deg-000056
test-0deg,0.04643478260869562,124.59707635234034,8.695652173913715e-05,0.14095799206917548,394,104.5,0.5,2,394,394,0.44162500000000193,4.313087943555995,,solid,visible_pixel_support,False,visible_candidate,line-test-0deg-000164
mfh-0deg,0.04643478260869562,136.57850567822035,8.695652173913715e-05,0.14095799206918969,394,62.0,0.5,1,394,394,3.696462943555993,4.313087943555995,,dashed,visible_pixel_support,False,visible_candidate,line-mfh-0deg-000057
mfh-0deg,0.04939130434782605,138.55191756718884,8.695652173913715e-05,0.14095799206918969,411,55.0,0.5,1,411,411,1.1503618071512633,1.1503618071512633,,dashed,visible_pixel_support,True,visible_candidate,line-mfh-0deg-000058
mfh-0deg,0.04956521739130431,138.55191756718884,8.695652173913715e-05,0.28191598413835095,412,55.0,1.0,3,412,412,1.4089958928258426,1.4089958928258426,,dashed,visible_pixel_support,False,visible_candidate,line-mfh-0deg-000059
mfh-0deg,0.04973913043478257,138.55191756718884,8.695652173913715e-05,0.28191598413835095,413,55.0,1.0,3,413,413,1.6690299639692299,1.6690299639692299,,dashed,visible_pixel_support,False,visible_candidate,line-mfh-0deg-000060
mfh-0deg,0.049913043478260845,138.69287555925803,8.695652173913715e-05,0.42287397620754064,414,54.5,1.5,4,414,414,1.4307440176751882,1.6057440176751883,,dashed,visible_pixel_support,False,visible_candidate,line-mfh-0deg-000061
mfh-0deg,0.050086956521739105,138.8338335513272,8.695652173913715e-05,0.28191598413835095,415,54.0,1.0,3,415,415,1.1944180510374807,1.3694180510374807,,dashed,visible_pixel_support,False,visible_candidate,line-mfh-0deg-000062
mfh-0deg,0.050260869565217366,138.69287555925803,8.695652173913715e-05,0.14095799206918969,416,54.5,0.5,2,416,416,1.9603320611498702,2.13533206114987,,dashed,visible_pixel_support,False,visible_candidate,line-mfh-0deg-000063
test-45deg,0.002434782608695646,8.447690887338695,8.695652173913021e-05,0.14095799206918969,141,516.5,0.5,2,141,141,5.506456068176817,13.506456068176817,,solid,visible_pixel_support,True,visible_candidate,line-test-45deg-000001
test-45deg,0.0026086956521739063,8.588648879407884,8.695652173913021e-05,0.28191598413835095,142,516.0,1.0,3,142,142,7.706276962886818,15.881276962886819,,solid,visible_pixel_support,False,visible_candidate,line-test-45deg-000002
test-45deg,0.00278260869565217,8.729606871477046,8.695652173913368e-05,0.14095799206918969,143,515.5,0.5,2,143,143,9.936076307131259,18.11107630713126,,solid,visible_pixel_support,False,visible_candidate,line-test-45deg-000003
test-45deg,0.015999999999999986,43.96910488877124,8.695652173913021e-05,0.4228739762075264,219,390.5,1.5,4,219,219,9.88614642093637,17.88614642093637,,solid,visible_pixel_support,True,visible_candidate,line-test-45deg-000004
test-45deg,0.016173913043478247,44.67389484911712,8.695652173913021e-05,0.14095799206917548,220,388.0,0.5,1,220,220,7.885877881304566,16.760877881304566,,solid,visible_pixel_support,False,visible_candidate,line-test-45deg-000005
test-45deg,0.016347826086956507,44.95581083325547,8.695652173913021e-05,0.5638319682767161,221,387.0,2.0,5,221,221,7.373459628202227,15.723459628202226,,solid,visible_pixel_support,False,visible_candidate,line-test-45deg-000006
test-45deg,0.016521739130434768,45.37868480946301,8.695652173913021e-05,0.7047899603458916,222,385.5,2.5,6,222,222,6.35125976298383,14.87625976298383,,solid,visible_pixel_support,False,visible_candidate,line-test-45deg-000007
test-45deg,0.016695652173913028,45.80155878567054,8.695652173913021e-05,0.8457479524150671,223,384.0,3.0,7,223,223,5.321646387003682,13.846646387003682,,solid,visible_pixel_support,False,visible_candidate,line-test-45deg-000008
test-45deg,0.01686956521739129,46.08347476980889,8.695652173913021e-05,0.8457479524150671,224,383.0,3.0,7,224,224,4.786987601616204,13.136987601616203,,solid,visible_pixel_support,False,visible_candidate,line-test-45deg-000009
test-45deg,0.01704347826086955,46.22443276187806,8.695652173913021e-05,0.7047899603458916,225,382.5,2.5,6,225,225,4.749651508175816,12.924651508175817,,solid,visible_pixel_support,False,visible_candidate,line-test-45deg-000010
test-45deg,0.01721739130434781,46.506348746016414,8.695652173913715e-05,0.42287397620754064,226,381.5,1.5,4,226,226,4.212006208036939,12.562006208036939,,solid,visible_pixel_support,False,visible_candidate,line-test-45deg-000011
test-45deg,0.017391304347826077,46.78826473015478,8.695652173913021e-05,0.42287397620754064,227,380.5,1.5,4,227,227,3.6764198025538803,12.02641980255388,,solid,visible_pixel_support,False,visible_candidate,line-test-45deg-000012
test-45deg,0.017565217391304337,47.35209669843148,8.695652173913021e-05,0.7047899603458774,228,378.5,2.5,6,228,228,2.1452603930810596,10.845260393081059,,solid,visible_pixel_support,False,visible_candidate,line-test-45deg-000013
test-45deg,0.017739130434782598,47.91592866670818,8.695652173913021e-05,0.14095799206917548,229,376.5,0.5,2,229,229,0.6208960809729547,9.320896080972954,,solid,visible_pixel_support,False,visible_candidate,line-test-45deg-000014
test-45deg,0.017913043478260858,47.49305469050066,8.695652173913021e-05,0.5638319682767019,230,378.0,2.0,5,230,230,2.6056949675837586,11.130694967583759,,solid,visible_pixel_support,False,visible_candidate,line-test-45deg-000015
test-45deg,0.01808695652173912,47.77497067463901,8.695652173913021e-05,0.14095799206917548,231,377.0,0.5,1,231,231,2.1020251542681194,10.452025154268119,,solid,visible_pixel_support,False,visible_candidate,line-test-45deg-000016
test-45deg,0.01826086956521738,48.338802642915724,8.695652173913021e-05,0.28191598413836516,232,375.0,1.0,3,232,232,0.6122547423802303,9.31225474238023,,solid,visible_pixel_support,False,visible_candidate,line-test-45deg-000017
test-45deg,0.01843478260869564,48.76167661912325,8.695652173913021e-05,0.4228739762075264,233,373.5,1.5,4,233,233,0.3612481667253178,8.886248166725318,,solid,visible_pixel_support,False,visible_candidate,line-test-45deg-000018
test-45deg,0.0186086956521739,48.620718627054075,8.695652173913021e-05,0.14095799206917548,234,374.0,0.5,1,234,234,0.6838845283056685,8.85888452830567,,solid,visible_pixel_support,False,visible_candidate,line-test-45deg-000019
test-45deg,0.01878260869565216,49.74838256360749,8.695652173913021e-05,0.8457479524150671,235,370.0,3.0,7,235,235,2.74997907117222,12.14997907117222,,solid,visible_pixel_support,False,visible_candidate,line-test-45deg-000020
test-45deg,0.01895652173913042,50.03029854774584,8.695652173913021e-05,0.8457479524150671,236,369.0,3.0,7,236,236,3.1604708638048464,11.510470863804846,,solid,visible_pixel_support,False,visible_candidate,line-test-45deg-000021
test-45deg,0.01913043478260868,49.6074245715383,8.695652173913021e-05,0.14095799206918969,237,370.5,0.5,2,237,237,1.0452227482375065,9.570222748237507,,solid,visible_pixel_support,False,visible_candidate,line-test-45deg-000022
test-45deg,0.01930434782608694,50.594130516022545,8.695652173913021e-05,0.8457479524150671,238,367.0,3.0,7,238,238,3.901866623116007,13.126866623116006,,solid,visible_pixel_support,False,visible_candidate,line-test-45deg-000023
test-45deg,0.019478260869565202,50.876046500160896,8.695652173913021e-05,0.8457479524150671,239,366.0,3.0,7,239,239,4.228034387085927,12.578034387085927,test-45deg|mfh-45deg,solid,model_assisted_exclusive_assignment,False,visible_candidate,line-test-45deg-000024
test-45deg,0.019652173913043462,51.29892047636844,8.695652173913021e-05,0.7047899603458916,240,364.5,2.5,6,240,240,5.021357938792846,13.546357938792847,test-45deg|mfh-45deg,solid,model_assisted_exclusive_assignment,False,visible_candidate,line-test-45deg-000025
test-45deg,0.019826086956521723,50.73508850809172,8.695652173913021e-05,0.14095799206917548,241,366.5,0.5,2,241,241,2.2794691768822872,10.21786582054018,,solid,visible_pixel_support,False,visible_candidate,line-test-45deg-000026
mfh-45deg,0.019826086956521723,52.003710436714314,8.695652173913021e-05,0.5638319682767019,241,362.0,2.0,5,241,241,7.238396643657893,10.21786582054018,test-45deg|mfh-45deg,dashed,model_assisted_exclusive_assignment,True,visible_candidate,line-mfh-45deg-000001
test-45deg,0.019999999999999983,51.86275244464514,8.695652173913021e-05,0.9867059444842425,242,362.5,3.5,8,242,242,5.5,14.9,test-45deg|mfh-45deg,solid,model_assisted_exclusive_assignment,False,visible_candidate,line-test-45deg-000027
test-45deg,0.020173913043478243,51.72179445257596,8.695652173913021e-05,0.5638319682767161,243,363.0,2.0,5,243,243,4.146466661703812,9.618683986454062,test-45deg|mfh-45deg,solid,model_assisted_exclusive_assignment,False,visible_candidate,line-test-45deg-000028
mfh-45deg,0.020173913043478243,52.99041638119856,8.695652173913021e-05,0.14095799206918969,243,358.5,0.5,2,243,243,5.29721732475025,9.618683986454062,test-45deg|mfh-45deg,dashed,model_assisted_exclusive_assignment,True,visible_candidate,line-mfh-45deg-000002
test-45deg,0.020347826086956504,52.42658441292184,8.695652173913021e-05,0.9867059444842425,244,360.5,3.5,8,244,244,5.68854949908291,14.56354949908291,test-45deg|mfh-45deg,solid,model_assisted_exclusive_assignment,False,visible_candidate,line-test-45deg-000029
test-45deg,0.020521739130434764,52.84945838912937,8.695652173913021e-05,0.8457479524150671,245,359.0,3.0,7,245,245,6.133126536080113,14.658126536080113,test-45deg|mfh-45deg,solid,model_assisted_exclusive_assignment,False,visible_candidate,line-test-45deg-000030
test-45deg,0.020695652173913025,53.13137437326773,8.695652173913715e-05,0.8457479524150671,246,358.0,3.0,7,246,246,5.987075796637782,14.337075796637782,test-45deg|mfh-45deg,solid,model_assisted_exclusive_assignment,False,visible_candidate,line-test-45deg-000031
test-45deg,0.020869565217391292,53.13137437326773,8.695652173913021e-05,0.5638319682767161,247,358.0,2.0,5,247,247,4.757275304698624,12.757275304698624,test-45deg|mfh-45deg,solid,model_assisted_exclusive_assignment,False,visible_candidate,line-test-45deg-000032
test-45deg,0.021043478260869553,53.27233236533691,8.695652173913021e-05,0.42287397620754064,248,357.5,1.5,4,248,248,3.950603084205568,12.125603084205569,test-45deg|mfh-45deg,solid,model_assisted_exclusive_assignment,False,visible_candidate,line-test-45deg-000033
test-45deg,0.021217391304347813,53.27233236533691,8.695652173913021e-05,0.42287397620754064,249,357.5,1.5,4,249,249,2.5739371591009785,10.573937159100979,test-45deg|mfh-45deg,solid,model_assisted_exclusive_assignment,False,visible_candidate,line-test-45deg-000034
test-45deg,0.021391304347826073,53.83616433361361,8.695652173913021e-05,0.4228739762075264,250,355.5,1.5,4,250,250,3.1341555533275027,11.834155553327502,test-45deg|mfh-45deg,solid,model_assisted_exclusive_assignment,False,visible_candidate,line-test-45deg-000035
test-45deg,0.021565217391304334,54.11808031775196,8.695652173913021e-05,0.42287397620754064,251,354.5,1.5,4,251,251,2.6381362908279016,10.988136290827901,test-45deg|mfh-45deg,solid,model_assisted_exclusive_assignment,False,visible_candidate,line-test-45deg-000036
test-45deg,0.021739130434782594,53.977122325682785,8.695652173913021e-05,0.14095799206917548,252,355.0,0.5,1,252,252,0.5927573955447656,8.262133275381348,,solid,visible_pixel_support,False,visible_candidate,line-test-45deg-000037
mfh-45deg,0.021739130434782594,54.82287027809785,8.695652173913021e-05,0.14095799206917548,252,352.0,0.5,1,252,252,7.494375879836582,8.262133275381348,test-45deg|mfh-45deg,dashed,model_assisted_exclusive_assignment,True,visible_candidate,line-mfh-45deg-000003
test-45deg,0.021913043478260855,54.259038309821136,8.695652173913021e-05,0.14095799206917548,253,354.0,0.5,1,253,253,0.004896891420571592,8.354896891420571,,solid,visible_pixel_support,False,visible_candidate,line-test-45deg-000038
test-45deg,0.022086956521739115,54.96382827016703,8.695652173913021e-05,0.4228739762075264,254,351.5,1.5,4,254,254,0.881432802398308,9.756432802398308,test-45deg|mfh-45deg,solid,model_assisted_exclusive_assignment,False,visible_candidate,line-test-45deg-000039
test-45deg,0.022260869565217375,55.24574425430538,8.695652173913021e-05,0.4228739762075264,255,350.5,1.5,4,255,255,0.2292431524202243,8.579243152420224,test-45deg|mfh-45deg,solid,model_assisted_exclusive_assignment,False,visible_candidate,line-test-45deg-000040
test-45deg,0.022434782608695636,55.52766023844373,8.695652173913021e-05,0.4228739762075264,256,349.5,1.5,4,256,256,0.4447940345706911,8.79479403457069,test-45deg|mfh-45deg,solid,model_assisted_exclusive_assignment,False,visible_candidate,line-test-45deg-000041
test-45deg,0.022608695652173896,55.668618230512905,8.695652173913021e-05,0.28191598413835095,257,349.0,1.0,3,257,257,1.633800734632075,9.808800734632076,,solid,visible_pixel_support,False,visible_candidate,line-test-45deg-000042
test-45deg,0.022782608695652157,56.3734081908588,8.695652173913021e-05,0.14095799206917548,258,346.5,0.5,2,258,258,0.8308989238211097,9.70589892382111,test-45deg|mfh-45deg,solid,model_assisted_exclusive_assignment,False,visible_candidate,line-test-45deg-000043
test-45deg,0.022956521739130417,56.51436618292797,8.695652173913021e-05,0.5638319682767161,259,346.0,2.0,5,259,259,2.0292105781952614,10.204210578195262,test-45deg|mfh-45deg,solid,model_assisted_exclusive_assignment,False,visible_candidate,line-test-45deg-000044
test-45deg,0.023130434782608678,56.79628216706632,8.695652173913021e-05,0.5638319682767019,260,345.0,2.0,5,260,260,2.721857673811826,11.071857673811826,test-45deg|mfh-45deg,solid,model_assisted_exclusive_assignment,False,visible_candidate,line-test-45deg-000045
test-45deg,0.023304347826086938,56.9372401591355,8.695652173913021e-05,0.7047899603458916,261,344.5,2.5,6,261,261,3.9019621867282126,12.076962186728213,,solid,visible_pixel_support,False,visible_candidate,line-test-45deg-000046
test-45deg,0.0234782608695652,57.078198151204674,8.695652173913021e-05,0.8457479524150671,262,344.0,3.0,7,262,262,5.062646093001717,13.237646093001718,,solid,visible_pixel_support,False,visible_candidate,line-test-45deg-000047
test-45deg,0.02365217391304346,58.769694056034794,8.695652173913021e-05,0.14095799206917548,263,338.0,0.5,1,263,263,0.6970313686897498,10.79703136868975,test-45deg|mfh-45deg,solid,model_assisted_exclusive_assignment,False,visible_candidate,line-test-45deg-000048
test-45deg,0.02382608695652172,59.051610040173145,8.695652173913021e-05,0.14095799206918969,264,337.0,0.5,1,264,264,1.2982399898496624,9.648239989849662,test-45deg|mfh-45deg,solid,model_assisted_exclusive_assignment,False,visible_candidate,line-test-45deg-000049
test-45deg,0.02399999999999998,58.91065204810397,8.695652173913021e-05,0.14095799206917548,265,337.5,0.5,2,265,265,3.359393932538808,11.534393932538809,test-45deg|mfh-45deg,solid,model_assisted_exclusive_assignment,False,visible_candidate,line-test-45deg-000050
test-45deg,0.024173913043478247,58.20586208775809,8.695652173913715e-05,0.5638319682767019,266,340.0,2.0,5,266,266,7.3736151728145956,16.248615172814596,,solid,visible_pixel_support,False,visible_candidate,line-test-45deg-000051
test-45deg,0.024347826086956507,58.20586208775809,8.695652173913021e-05,0.5638319682767019,267,340.0,2.0,5,267,267,8.834025686734321,16.83402568673432,,solid,visible_pixel_support,False,visible_candidate,line-test-45deg-000052
test-45deg,0.024521739130434768,58.62873606396562,8.695652173913021e-05,0.4228739762075264,268,338.5,1.5,4,268,268,8.733747450355338,17.258747450355337,,solid,visible_pixel_support,False,visible_candidate,line-test-45deg-000053
test-45deg,0.02469565217391303,58.91065204810397,8.695652173913021e-05,0.42287397620754064,269,337.5,1.5,4,269,269,9.065902439735055,17.415902439735056,,solid,visible_pixel_support,False,visible_candidate,line-test-45deg-000054
test-45deg,0.02486956521739129,59.051610040173145,8.695652173913021e-05,0.28191598413836516,270,337.0,1.0,3,270,270,9.823612630930825,17.998612630930825,,solid,visible_pixel_support,False,visible_candidate,line-test-45deg-000055
test-45deg,0.02521739130434781,59.75640000051904,8.695652173913021e-05,0.14095799206917548,272,334.5,0.5,2,272,272,9.628571861512796,17.628571861512796,,solid,visible_pixel_support,True,visible_candidate,line-test-45deg-000056
test-45deg,0.027130434782608674,63.5622657863868,8.695652173913021e-05,0.14095799206917548,283,321.0,0.5,1,283,283,7.781345016297678,15.781345016297678,test-45deg|mfh-45deg,solid,model_assisted_exclusive_assignment,True,visible_candidate,line-test-45deg-000057
test-45deg,0.027304347826086935,63.5622657863868,8.695652173913021e-05,0.14095799206917548,284,321.0,0.5,1,284,284,8.759659748858326,16.759659748858326,test-45deg|mfh-45deg,solid,model_assisted_exclusive_assignment,False,visible_candidate,line-test-45deg-000058
test-45deg,0.03043478260869563,67.36813157225458,8.695652173913021e-05,0.14095799206917548,302,307.5,0.5,2,302,302,9.791819545263195,17.791819545263195,test-45deg|mfh-45deg,solid,model_assisted_exclusive_assignment,True,visible_candidate,line-test-45deg-000059
test-45deg,0.0332173913043478,69.76441743743058,8.695652173913021e-05,0.14095799206917548,318,299.0,0.5,1,318,318,9.730435685038856,17.730435685038856,test-45deg|mfh-45deg,solid,model_assisted_exclusive_assignment,True,visible_candidate,line-test-45deg-000060
test-45deg,0.034782608695652154,71.17399735812235,8.695652173913021e-05,0.14095799206917548,327,294.0,0.5,1,327,327,8.99978128928467,16.99978128928467,test-45deg|mfh-45deg,solid,model_assisted_exclusive_assignment,True,visible_candidate,line-test-45deg-000061
test-45deg,0.03652173913043476,72.44261928674494,8.695652173913021e-05,0.4228739762075264,337,289.5,1.5,4,337,337,9.702058862276601,17.7020588622766,test-45deg|mfh-45deg,solid,model_assisted_exclusive_assignment,True,visible_candidate,line-test-45deg-000062
test-45deg,0.03686956521739128,73.42932523122919,8.695652173913021e-05,0.14095799206917548,339,286.0,0.5,1,339,339,7.270606410571304,15.176392962107911,test-45deg|mfh-45deg,solid,model_assisted_exclusive_assignment,True,visible_candidate,line-test-45deg-000063
mfh-45deg,0.03686956521739128,72.58357727881412,8.695652173913021e-05,0.28191598413835095,339,289.0,1.0,3,339,339,7.9057865515366075,15.176392962107911,,dashed,visible_pixel_support,True,visible_candidate,line-mfh-45deg-000004
mfh-45deg,0.03704347826086954,72.7245352708833,8.695652173913021e-05,0.4228739762075264,340,288.5,1.5,4,340,340,7.767297382968536,32.94229738296853,,dashed,visible_pixel_support,False,visible_candidate,line-mfh-45deg-000005
test-45deg,0.03756521739130432,73.42932523122919,8.695652173913021e-05,0.14095799206917548,343,286.0,0.5,1,343,343,9.388936728621786,17.388936728621786,test-45deg|mfh-45deg,solid,model_assisted_exclusive_assignment,True,visible_candidate,line-test-45deg-000064
mfh-45deg,0.03773913043478258,73.14740924709082,8.695652173913021e-05,0.28191598413836516,344,287.0,1.0,3,344,344,7.674342798263808,32.67434279826381,,dashed,visible_pixel_support,True,visible_candidate,line-mfh-45deg-000006
mfh-45deg,0.03808695652173911,73.42932523122919,8.695652173913021e-05,0.28191598413836516,346,286.0,1.0,3,346,346,7.358345509534729,32.35834550953473,,dashed,visible_pixel_support,True,visible_candidate,line-mfh-45deg-000007
mfh-45deg,0.03826086956521737,73.42932523122919,8.695652173913021e-05,0.14095799206917548,347,286.0,0.5,1,347,347,7.696436553546789,32.69643655354679,,dashed,visible_pixel_support,False,visible_candidate,line-mfh-45deg-000008
test-45deg,0.03843478260869563,73.99315719950589,8.695652173913021e-05,0.14095799206917548,348,284.0,0.5,1,348,348,9.94214165447346,17.94214165447346,test-45deg|mfh-45deg,solid,model_assisted_exclusive_assignment,True,visible_candidate,line-test-45deg-000065
mfh-45deg,0.03860869565217389,73.85219920743671,8.695652173913021e-05,0.14095799206917548,349,284.5,0.5,2,349,349,6.866183286139062,31.866183286139062,,dashed,visible_pixel_support,True,visible_candidate,line-mfh-45deg-000009
mfh-45deg,0.03878260869565215,73.99315719950589,8.695652173913021e-05,0.28191598413835095,350,284.0,1.0,3,350,350,6.698393081845438,31.87339308184544,,dashed,visible_pixel_support,False,visible_candidate,line-mfh-45deg-000010
mfh-45deg,0.03895652173913041,73.85219920743671,8.695652173913021e-05,0.4228739762075264,351,284.5,1.5,4,351,351,7.52919656857614,32.70419656857614,,dashed,visible_pixel_support,False,visible_candidate,line-mfh-45deg-000011
mfh-45deg,0.03913043478260867,73.99315719950589,8.695652173913021e-05,0.5638319682767019,352,284.0,2.0,5,352,352,7.358870799894078,32.533870799894075,,dashed,visible_pixel_support,False,visible_candidate,line-mfh-45deg-000012
mfh-45deg,0.03930434782608693,74.27507318364424,8.695652173913021e-05,0.28191598413835095,353,283.0,1.0,3,353,353,6.687692829362334,32.037692829362335,,dashed,visible_pixel_support,False,visible_candidate,line-mfh-45deg-000013
mfh-45deg,0.03947826086956519,74.69794715985176,8.695652173913021e-05,0.42287397620754064,354,281.5,1.5,4,354,354,5.515939710543989,31.040939710543988,,dashed,visible_pixel_support,False,visible_candidate,line-mfh-45deg-000014
mfh-45deg,0.03965217391304345,74.69794715985176,8.695652173913021e-05,0.42287397620754064,355,281.5,1.5,4,355,355,5.843888497002183,30.843888497002183,,dashed,visible_pixel_support,False,visible_candidate,line-mfh-45deg-000015
mfh-45deg,0.03982608695652171,74.83890515192095,8.695652173913021e-05,0.28191598413836516,356,281.0,1.0,3,356,356,5.671816242299769,30.84681624229977,,dashed,visible_pixel_support,False,visible_candidate,line-mfh-45deg-000016
mfh-45deg,0.03999999999999997,74.83890515192095,8.695652173913021e-05,0.28191598413836516,357,281.0,1.0,3,357,357,6.0,31.0,,dashed,visible_pixel_support,False,visible_candidate,line-mfh-45deg-000017
mfh-45deg,0.040173913043478233,74.97986314399013,8.695652173913021e-05,0.42287397620754064,358,280.5,1.5,4,358,358,5.828974062005784,31.003974062005785,,dashed,visible_pixel_support,False,visible_candidate,line-mfh-45deg-000018
mfh-45deg,0.040347826086956494,74.97986314399013,8.695652173913715e-05,0.42287397620754064,359,280.5,1.5,4,359,359,6.159009514742763,31.159009514742763,,dashed,visible_pixel_support,False,visible_candidate,line-mfh-45deg-000019
mfh-45deg,0.040521739130434754,75.26177912812848,8.695652173913715e-05,0.14095799206917548,360,279.5,0.5,2,360,360,5.489988603558288,30.83998860355829,,dashed,visible_pixel_support,False,visible_candidate,line-mfh-45deg-000020
mfh-45deg,0.040695652173913015,75.26177912812848,8.695652173913715e-05,0.4228739762075264,361,279.5,1.5,4,361,361,5.821793573799539,30.82179357379954,,dashed,visible_pixel_support,False,visible_candidate,line-mfh-45deg-000021
mfh-45deg,0.040869565217391275,75.40273712019766,8.695652173913715e-05,0.28191598413835095,362,279.0,1.0,3,362,362,5.654306670813526,30.829306670813526,,dashed,visible_pixel_support,False,visible_candidate,line-mfh-45deg-000022
mfh-45deg,0.041043478260869536,75.54369511226683,8.695652173913715e-05,0.14095799206917548,363,278.5,0.5,2,363,363,5.487410139947599,30.6624101399476,,dashed,visible_pixel_support,False,visible_candidate,line-mfh-45deg-000023
mfh-45deg,0.041217391304347796,75.68465310433601,8.695652173913715e-05,0.28191598413835095,364,278.0,1.0,3,364,364,5.3209862265488255,30.495986226548826,,dashed,visible_pixel_support,False,visible_candidate,line-mfh-45deg-000024
mfh-45deg,0.041391304347826056,75.68465310433601,8.695652173913715e-05,0.28191598413835095,365,278.0,1.0,3,365,365,5.654917175964499,30.6549171759645,,dashed,visible_pixel_support,False,visible_candidate,line-mfh-45deg-000025
mfh-45deg,0.04156521739130432,75.82561109640518,8.695652173913715e-05,0.14095799206917548,366,277.5,0.5,2,366,366,5.489085233541687,30.664085233541687,,dashed,visible_pixel_support,False,visible_candidate,line-mfh-45deg-000026
mfh-45deg,0.04173913043478258,75.96656908847436,8.695652173913715e-05,0.28191598413835095,367,277.0,1.0,3,367,367,5.323372644627625,30.498372644627626,,dashed,visible_pixel_support,False,visible_candidate,line-mfh-45deg-000027
mfh-45deg,0.04191304347826084,76.10752708054353,8.695652173913715e-05,0.14095799206917548,368,276.5,0.5,2,368,368,5.157661654569495,30.332661654569495,,dashed,visible_pixel_support,False,visible_candidate,line-mfh-45deg-000028
mfh-45deg,0.0420869565217391,75.96656908847436,8.695652173913715e-05,0.28191598413835095,369,277.0,1.0,3,369,369,5.991834508714476,31.166834508714476,,dashed,visible_pixel_support,False,visible_candidate,line-mfh-45deg-000029
mfh-45deg,0.04243478260869562,76.24848507261271,8.695652173913715e-05,0.28191598413836516,371,276.0,1.0,3,371,371,5.659360731002437,30.659360731002437,,dashed,visible_pixel_support,True,visible_candidate,line-mfh-45deg-000030
mfh-45deg,0.04260869565217388,76.53040105675107,8.695652173913715e-05,0.28191598413836516,372,275.0,1.0,3,372,372,4.992478589839834,30.342478589839835,,dashed,visible_pixel_support,False,visible_candidate,line-mfh-45deg-000031
mfh-45deg,0.04278260869565214,76.81231704088943,8.695652173913715e-05,0.5638319682767161,373,274.0,2.0,5,373,373,4.325009274269121,29.675009274269122,,dashed,visible_pixel_support,False,visible_candidate,line-mfh-45deg-000032
mfh-45deg,0.0429565217391304,76.81231704088943,8.695652173913715e-05,0.28191598413835095,374,274.0,1.0,3,374,374,4.656835029637364,29.656835029637364,,dashed,visible_pixel_support,False,visible_candidate,line-mfh-45deg-000033
mfh-45deg,0.043130434782608675,76.81231704088943,8.695652173913715e-05,0.28191598413835095,375,274.0,1.0,3,375,375,4.987838101291857,29.987838101291857,,dashed,visible_pixel_support,False,visible_candidate,line-mfh-45deg-000034
mfh-45deg,0.043304347826086935,77.09423302502778,8.695652173913715e-05,0.5638319682767019,376,273.0,2.0,5,376,376,4.317900734579666,29.667900734579668,,dashed,visible_pixel_support,False,visible_candidate,line-mfh-45deg-000035
mfh-45deg,0.043478260869565195,77.23519101709695,8.695652173913715e-05,0.4228739762075264,377,272.5,1.5,4,377,377,4.146905174847973,29.321905174847974,,dashed,visible_pixel_support,False,visible_candidate,line-mfh-45deg-000036
mfh-45deg,0.043826086956521716,77.09423302502778,8.695652173913715e-05,0.28191598413835095,379,273.0,1.0,3,379,379,5.301268457715082,30.301268457715082,,dashed,visible_pixel_support,True,visible_candidate,line-mfh-45deg-000037
mfh-45deg,0.04399999999999998,77.37614900916613,8.695652173913715e-05,0.28191598413835095,380,272.0,1.0,3,380,380,4.626391791008302,29.976391791008304,,dashed,visible_pixel_support,False,visible_candidate,line-mfh-45deg-000038
mfh-45deg,0.04417391304347824,77.65806499330448,8.695652173913715e-05,0.14095799206917548,381,271.0,0.5,1,381,381,3.9499859126707406,29.299985912670742,,dashed,visible_pixel_support,False,visible_candidate,line-mfh-45deg-000039
mfh-45deg,0.0443478260869565,77.5171070012353,8.695652173913715e-05,0.4228739762075264,382,271.5,1.5,4,382,382,4.771933068049691,29.94693306804969,,dashed,visible_pixel_support,False,visible_candidate,line-mfh-45deg-000040
mfh-45deg,0.04452173913043476,77.65806499330448,8.695652173913715e-05,0.28191598413835095,383,271.0,1.0,3,383,383,4.592115502492163,29.767115502492164,,dashed,visible_pixel_support,False,visible_candidate,line-mfh-45deg-000041
mfh-45deg,0.04469565217391302,77.93998097744283,8.695652173913715e-05,0.14095799206918969,384,270.0,0.5,1,384,384,3.910415461345565,29.260415461345566,,dashed,visible_pixel_support,False,visible_candidate,line-mfh-45deg-000042
mfh-45deg,0.04486956521739128,77.79902298537365,8.695652173913715e-05,0.14095799206917548,385,270.5,0.5,2,385,385,4.726715189956906,29.901715189956906,,dashed,visible_pixel_support,False,visible_candidate,line-mfh-45deg-000043
mfh-45deg,0.04504347826086954,77.79902298537365,8.695652173913715e-05,0.14095799206917548,386,270.5,0.5,2,386,386,5.040896933673423,30.040896933673423,,dashed,visible_pixel_support,False,visible_candidate,line-mfh-45deg-000044
mfh-45deg,0.0452173913043478,77.93998097744283,8.695652173913715e-05,0.28191598413836516,387,270.0,1.0,3,387,387,4.852842937842411,30.02784293784241,,dashed,visible_pixel_support,False,visible_candidate,line-mfh-45deg-000045
mfh-45deg,0.04539130434782606,77.79902298537365,8.695652173913715e-05,0.42287397620754064,388,270.5,1.5,4,388,388,5.662435447810822,30.837435447810822,,dashed,visible_pixel_support,False,visible_candidate,line-mfh-45deg-000046
test-45deg,0.04556521739130432,78.50381294571955,8.695652173913715e-05,0.14095799206917548,389,268.0,0.5,1,389,389,9.71742790310941,15.68698461203553,test-45deg|mfh-45deg,solid,model_assisted_exclusive_assignment,True,visible_candidate,line-test-45deg-000066
mfh-45deg,0.04556521739130432,77.79902298537365,8.695652173913715e-05,0.14095799206917548,389,270.5,0.5,2,389,389,5.96955670892612,15.68698461203553,,dashed,visible_pixel_support,False,visible_candidate,line-mfh-45deg-000047
mfh-45deg,0.04573913043478258,78.2218969615812,8.695652173913715e-05,0.28191598413836516,390,269.0,1.0,3,390,390,4.77408896653526,30.29908896653526,,dashed,visible_pixel_support,False,visible_candidate,line-mfh-45deg-000048
test-45deg,0.04591304347826084,78.7857289298579,8.695652173913715e-05,0.14095799206917548,391,267.0,0.5,1,391,391,9.341335144434254,14.41724961041973,test-45deg|mfh-45deg,solid,model_assisted_exclusive_assignment,True,visible_candidate,line-test-45deg-000067
mfh-45deg,0.04591304347826084,78.2218969615812,8.695652173913715e-05,0.14095799206917548,391,269.0,0.5,1,391,391,5.075914465985477,14.41724961041973,,dashed,visible_pixel_support,False,visible_candidate,line-mfh-45deg-000049
test-45deg,0.0460869565217391,79.3495608981346,8.695652173913715e-05,0.14095799206917548,392,265.0,0.5,1,392,392,7.646584789229223,12.421500241853174,test-45deg|mfh-45deg,solid,model_assisted_exclusive_assignment,False,visible_candidate,line-test-45deg-000068
mfh-45deg,0.0460869565217391,78.7857289298579,8.695652173913715e-05,0.14095799206917548,392,267.0,0.5,1,392,392,3.374915452623952,12.421500241853174,test-45deg|mfh-45deg,dashed,model_assisted_exclusive_assignment,False,visible_candidate,line-mfh-45deg-000050
mfh-45deg,0.04626086956521736,78.50381294571955,8.695652173913715e-05,0.28191598413835095,393,268.0,1.0,3,393,393,4.670974171797923,30.020974171797924,,dashed,visible_pixel_support,False,visible_candidate,line-mfh-45deg-000051
test-45deg,0.04643478260869562,79.06764491399625,8.695652173913715e-05,0.5638319682767161,394,266.0,2.0,5,394,394,9.243127495356703,17.243127495356703,test-45deg|mfh-45deg,solid,model_assisted_exclusive_assignment,True,visible_candidate,line-test-45deg-000069
mfh-45deg,0.04660869565217388,78.7857289298579,8.695652173913715e-05,0.28191598413835095,395,267.0,1.0,3,395,395,4.253793789140957,29.253793789140957,,dashed,visible_pixel_support,True,visible_candidate,line-mfh-45deg-000052
mfh-45deg,0.04678260869565214,78.7857289298579,8.695652173913715e-05,0.28191598413835095,396,267.0,1.0,3,396,396,4.540319178004381,29.54031917800438,,dashed,visible_pixel_support,False,visible_candidate,line-mfh-45deg-000053
mfh-45deg,0.047130434782608664,78.92668692192707,8.695652173913715e-05,0.14095799206917548,398,266.5,0.5,2,398,398,4.6030123428509455,29.603012342850946,,dashed,visible_pixel_support,True,visible_candidate,line-mfh-45deg-000054
mfh-45deg,0.047304347826086925,79.06764491399625,8.695652173913715e-05,0.28191598413835095,399,266.0,1.0,3,399,399,4.378944609528446,29.553944609528447,,dashed,visible_pixel_support,False,visible_candidate,line-mfh-45deg-000055
mfh-45deg,0.047478260869565185,79.06764491399625,8.695652173913715e-05,0.28191598413835095,400,266.0,1.0,3,400,400,4.651110326171761,29.65111032617176,,dashed,visible_pixel_support,False,visible_candidate,line-mfh-45deg-000056
mfh-45deg,0.047652173913043445,79.20860290606542,8.695652173913715e-05,0.42287397620754064,401,265.5,1.5,4,401,401,4.419391738127899,29.5943917381279,,dashed,visible_pixel_support,False,visible_candidate,line-mfh-45deg-000057
mfh-45deg,0.047826086956521706,79.3495608981346,8.695652173913715e-05,0.28191598413836516,402,265.0,1.0,3,402,402,4.183671090744099,29.3586710907441,,dashed,visible_pixel_support,False,visible_candidate,line-mfh-45deg-000058
mfh-45deg,0.047999999999999966,79.3495608981346,8.695652173913715e-05,0.28191598413836516,403,265.0,1.0,3,403,403,4.443830629367596,29.443830629367596,,dashed,visible_pixel_support,False,visible_candidate,line-mfh-45deg-000059
mfh-45deg,0.04817391304347823,79.3495608981346,8.695652173913715e-05,0.28191598413836516,404,265.0,1.0,3,404,404,4.699752599345629,29.69975259934563,,dashed,visible_pixel_support,False,visible_candidate,line-mfh-45deg-000060
mfh-45deg,0.04834782608695649,79.63147688227296,8.695652173913715e-05,0.28191598413836516,405,264.0,1.0,3,405,405,3.951319246025207,29.30131924602521,,dashed,visible_pixel_support,False,visible_candidate,line-mfh-45deg-000061
mfh-45deg,0.04852173913043475,79.49051889020377,8.695652173913715e-05,0.42287397620754064,406,264.5,1.5,4,406,406,4.698412814753624,29.873412814753625,,dashed,visible_pixel_support,False,visible_candidate,line-mfh-45deg-000062
mfh-45deg,0.04869565217391301,79.49051889020377,8.695652173913715e-05,0.42287397620754064,407,264.5,1.5,4,407,407,4.94091555087806,29.94091555087806,,dashed,visible_pixel_support,False,visible_candidate,line-mfh-45deg-000063
mfh-45deg,0.04886956521739127,79.77243487434214,8.695652173913715e-05,0.42287397620754064,408,263.5,1.5,4,408,408,4.178709699745582,29.528709699745583,,dashed,visible_pixel_support,False,visible_candidate,line-mfh-45deg-000064
test-45deg,0.04904347826086953,80.19530885054967,8.695652173913715e-05,0.14095799206917548,409,262.0,0.5,1,409,409,9.040102339862955,14.126779846566553,test-45deg|mfh-45deg,solid,model_assisted_exclusive_assignment,True,visible_candidate,line-test-45deg-000070
mfh-45deg,0.04904347826086953,79.63147688227296,8.695652173913715e-05,0.14095799206918969,409,264.0,0.5,1,409,409,4.911677506703597,14.126779846566553,,dashed,visible_pixel_support,False,visible_candidate,line-mfh-45deg-000065
test-45deg,0.04921739130434779,80.19530885054967,8.695652173913715e-05,0.5638319682767019,410,262.0,2.0,5,410,410,9.245482711096827,17.245482711096827,test-45deg|mfh-45deg,solid,model_assisted_exclusive_assignment,False,visible_candidate,line-test-45deg-000071
test-45deg,0.04939130434782605,81.32297278710308,8.695652173913715e-05,0.14095799206917548,411,258.0,0.5,1,411,411,5.44427238907295,11.206935465352212,test-45deg|mfh-45deg,solid,model_assisted_exclusive_assignment,False,visible_candidate,line-test-45deg-000072
mfh-45deg,0.04939130434782605,79.91339286641131,8.695652173913715e-05,0.14095799206917548,411,263.0,0.5,1,411,411,4.3626630762792615,11.206935465352212,,dashed,visible_pixel_support,True,visible_candidate,line-mfh-45deg-000066
test-45deg,0.04956521739130431,81.32297278710308,8.695652173913715e-05,0.14095799206917548,412,258.0,0.5,1,412,412,5.636361647445881,9.566806977037265,test-45deg|mfh-45deg,solid,model_assisted_exclusive_assignment,False,visible_candidate,line-test-45deg-000073
mfh-45deg,0.04956521739130431,80.19530885054967,8.695652173913715e-05,0.28191598413835095,412,262.0,1.0,3,412,412,3.5804453295913845,9.566806977037265,test-45deg|mfh-45deg,dashed,model_assisted_exclusive_assignment,False,visible_candidate,line-mfh-45deg-000067
test-45deg,0.04973913043478257,80.33626684261884,8.695652173913715e-05,0.4228739762075264,413,261.5,1.5,4,413,413,9.321640759870036,18.546640759870037,test-45deg|mfh-45deg,solid,model_assisted_exclusive_assignment,False,visible_candidate,line-test-45deg-000074
test-45deg,0.049913043478260845,80.33626684261884,8.695652173913715e-05,0.4228739762075264,414,261.5,1.5,4,414,414,9.5,17.5,test-45deg|mfh-45deg,solid,model_assisted_exclusive_assignment,False,visible_candidate,line-test-45deg-000075
mfh-45deg,0.050086956521739105,79.49051889020377,8.695652173913715e-05,0.9867059444842425,415,264.5,3.5,8,415,415,6.703653986010806,31.703653986010806,,dashed,visible_pixel_support,True,visible_candidate,line-mfh-45deg-000068
mfh-45deg,0.050260869565217366,79.63147688227296,8.695652173913715e-05,1.127663936553418,416,264.0,4.0,9,416,416,6.4059574849165415,31.580957484916542,,dashed,visible_pixel_support,False,visible_candidate,line-mfh-45deg-000069
mfh-45deg,0.050434782608695626,79.63147688227296,8.695652173913715e-05,1.127663936553418,417,264.0,4.0,9,417,417,6.606891713465757,31.606891713465757,,dashed,visible_pixel_support,False,visible_candidate,line-mfh-45deg-000070
mfh-45deg,0.050608695652173886,79.77243487434214,8.695652173913715e-05,0.9867059444842425,418,263.5,3.5,8,418,418,6.306437888407061,31.48143788840706,,dashed,visible_pixel_support,False,visible_candidate,line-mfh-45deg-000071
test-45deg,0.05078260869565215,80.61818282675719,8.695652173913715e-05,0.14095799206917548,419,260.5,0.5,2,419,419,9.333282365153536,17.333282365153536,test-45deg|mfh-45deg,solid,model_assisted_exclusive_assignment,True,visible_candidate,line-test-45deg-000076
test-45deg,0.05095652173913041,80.61818282675719,8.695652173913715e-05,0.14095799206917548,420,260.5,0.5,2,420,420,9.490571715983691,17.49057171598369,test-45deg|mfh-45deg,solid,model_assisted_exclusive_assignment,False,visible_candidate,line-test-45deg-000077
test-45deg,0.05113043478260867,80.75914081882637,8.695652173913715e-05,0.28191598413835095,421,260.0,1.0,3,421,421,9.14492550890401,17.216485767974167,test-45deg|mfh-45deg,solid,model_assisted_exclusive_assignment,False,visible_candidate,line-test-45deg-000078
mfh-45deg,0.05113043478260867,79.49051889020377,8.695652173913715e-05,0.42287397620754064,421,264.5,1.5,4,421,421,7.8965602590701565,17.216485767974167,,dashed,visible_pixel_support,True,visible_candidate,line-mfh-45deg-000072
mfh-45deg,0.05130434782608693,80.05435085848049,8.695652173913715e-05,0.9867059444842425,422,262.5,3.5,8,422,422,6.090366387066467,31.790366387066467,,dashed,visible_pixel_support,False,visible_candidate,line-mfh-45deg-000073
test-45deg,0.05147826086956519,80.90009881089554,8.695652173913715e-05,0.14095799206917548,423,259.5,0.5,2,423,423,8.9451466772843,16.9451466772843,test-45deg|mfh-45deg,solid,model_assisted_exclusive_assignment,True,visible_candidate,line-test-45deg-000079
mfh-45deg,0.05165217391304345,80.19530885054967,8.695652173913715e-05,1.127663936553418,424,262.0,4.0,9,424,424,5.9735139502137145,30.973513950213714,,dashed,visible_pixel_support,True,visible_candidate,line-mfh-45deg-000074
mfh-45deg,0.05182608695652171,80.33626684261884,8.695652173913715e-05,0.9867059444842425,425,261.5,3.5,8,425,425,5.662817818862067,30.837817818862067,,dashed,visible_pixel_support,False,visible_candidate,line-mfh-45deg-000075
mfh-45deg,0.05199999999999997,80.33626684261884,8.695652173913715e-05,0.9867059444842425,426,261.5,3.5,8,426,426,5.850583367891659,30.85058336789166,,dashed,visible_pixel_support,False,visible_candidate,line-mfh-45deg-000076
mfh-45deg,0.05217391304347823,80.47722483468802,8.695652173913715e-05,1.127663936553418,427,261.0,4.0,9,427,427,5.536791814051128,30.71179181405113,,dashed,visible_pixel_support,False,visible_candidate,line-mfh-45deg-000077
test-45deg,0.05234782608695649,81.46393077917226,8.695652173913715e-05,0.42287397620754064,428,257.5,1.5,4,428,428,7.649931819524312,15.649931819524312,test-45deg|mfh-45deg,solid,model_assisted_exclusive_assignment,True,visible_candidate,line-test-45deg-000080
test-45deg,0.05252173913043475,81.46393077917226,8.695652173913715e-05,0.42287397620754064,429,257.5,1.5,4,429,429,7.783683455588829,15.188145720343414,test-45deg|mfh-45deg,solid,model_assisted_exclusive_assignment,False,visible_candidate,line-test-45deg-000081
mfh-45deg,0.05252173913043475,80.05435085848049,8.695652173913715e-05,0.4228739762075264,429,262.5,1.5,4,429,429,7.404462264754585,15.188145720343414,,dashed,visible_pixel_support,True,visible_candidate,line-mfh-45deg-000078
test-45deg,0.05269565217391301,82.45063672365649,8.695652173913715e-05,0.14095799206917548,430,254.0,0.5,1,430,430,4.415220110349253,9.976106813145071,test-45deg|mfh-45deg,solid,model_assisted_exclusive_assignment,False,visible_candidate,line-test-45deg-000082
mfh-45deg,0.05269565217391301,81.46393077917226,8.695652173913715e-05,0.42287397620754064,430,257.5,1.5,4,430,430,2.5858867027958183,9.976106813145071,test-45deg|mfh-45deg,dashed,model_assisted_exclusive_assignment,False,visible_candidate,line-mfh-45deg-000079
test-45deg,0.05286956521739127,81.74584676331061,8.695652173913715e-05,0.4228739762075264,431,256.5,1.5,4,431,431,7.044621847872833,15.919621847872833,test-45deg|mfh-45deg,solid,model_assisted_exclusive_assignment,False,visible_candidate,line-test-45deg-000083
test-45deg,0.05304347826086953,81.60488877124143,8.695652173913715e-05,0.28191598413835095,432,257.0,1.0,3,432,432,7.671968732226901,15.846968732226902,test-45deg|mfh-45deg,solid,model_assisted_exclusive_assignment,False,visible_candidate,line-test-45deg-000084
test-45deg,0.05321739130434779,81.46393077917226,8.695652173913715e-05,0.42287397620754064,433,257.5,1.5,4,433,433,8.297340827478791,16.472340827478792,test-45deg|mfh-45deg,solid,model_assisted_exclusive_assignment,False,visible_candidate,line-test-45deg-000085
test-45deg,0.05339130434782605,81.32297278710308,8.695652173913715e-05,0.14095799206917548,434,258.0,0.5,1,434,434,8.920818197695723,17.095818197695724,test-45deg|mfh-45deg,solid,model_assisted_exclusive_assignment,False,visible_candidate,line-test-45deg-000086
test-45deg,0.053565217391304314,81.32297278710308,8.695652173913715e-05,0.14095799206917548,435,258.0,0.5,1,435,435,9.042480906945116,11.010630596787678,test-45deg|mfh-45deg,solid,model_assisted_exclusive_assignment,False,visible_candidate,line-test-45deg-000087
mfh-45deg,0.053565217391304314,81.88680475537979,8.695652173913715e-05,0.14095799206917548,435,256.0,0.5,1,435,435,1.9681496898425621,11.010630596787678,test-45deg|mfh-45deg,dashed,model_assisted_exclusive_assignment,True,visible_candidate,line-mfh-45deg-000080
test-45deg,0.053739130434782574,81.88680475537979,8.695652173913715e-05,0.28191598413835095,436,256.0,1.0,3,436,436,7.162409019294159,15.862409019294159,test-45deg|mfh-45deg,solid,model_assisted_exclusive_assignment,False,visible_candidate,line-test-45deg-000088
test-45deg,0.053913043478260834,82.16872073951814,8.695652173913715e-05,0.14095799206917548,437,255.0,0.5,1,437,437,6.280682598810159,9.939785901305106,test-45deg|mfh-45deg,solid,model_assisted_exclusive_assignment,False,visible_candidate,line-test-45deg-000089
mfh-45deg,0.053913043478260834,81.60488877124143,8.695652173913715e-05,0.14095799206917548,437,257.0,0.5,1,437,437,3.3091033024949468,9.939785901305106,test-45deg|mfh-45deg,dashed,model_assisted_exclusive_assignment,True,visible_candidate,line-mfh-45deg-000081
test-45deg,0.054086956521739095,81.88680475537979,8.695652173913715e-05,0.28191598413835095,438,256.0,1.0,3,438,438,7.39738170956042,15.74738170956042,test-45deg|mfh-45deg,solid,model_assisted_exclusive_assignment,False,visible_candidate,line-test-45deg-000090
test-45deg,0.054260869565217355,81.88680475537979,8.695652173913715e-05,0.28191598413835095,439,256.0,1.0,3,439,439,7.512586415612333,15.512586415612333,test-45deg|mfh-45deg,solid,model_assisted_exclusive_assignment,False,visible_candidate,line-test-45deg-000091
test-45deg,0.054434782608695616,82.16872073951814,8.695652173913715e-05,0.28191598413835095,440,255.0,1.0,3,440,440,6.626376781033116,14.976376781033116,test-45deg|mfh-45deg,solid,model_assisted_exclusive_assignment,False,visible_candidate,line-test-45deg-000092
test-45deg,0.054608695652173876,82.16872073951814,8.695652173913715e-05,0.28191598413835095,441,255.0,1.0,3,441,441,6.738832869890103,14.738832869890103,test-45deg|mfh-45deg,solid,model_assisted_exclusive_assignment,False,visible_candidate,line-test-45deg-000093
test-45deg,0.05478260869565214,82.16872073951814,8.695652173913715e-05,0.28191598413835095,442,255.0,1.0,3,442,442,6.850034746250543,14.850034746250543,test-45deg|mfh-45deg,solid,model_assisted_exclusive_assignment,False,visible_candidate,line-test-45deg-000094
test-45deg,0.0549565217391304,81.88680475537979,8.695652173913715e-05,0.5638319682767019,443,256.0,2.0,5,443,443,7.960062474181825,16.310062474181827,test-45deg|mfh-45deg,solid,model_assisted_exclusive_assignment,False,visible_candidate,line-test-45deg-000095
test-45deg,0.05513043478260866,82.30967873158731,8.695652173913715e-05,0.42287397620754064,444,254.5,1.5,4,444,444,6.568996117751141,15.093996117751141,test-45deg|mfh-45deg,solid,model_assisted_exclusive_assignment,False,visible_candidate,line-test-45deg-000096
test-45deg,0.05530434782608692,82.45063672365649,8.695652173913715e-05,0.28191598413836516,445,254.0,1.0,3,445,445,6.176915741025908,14.351915741025909,test-45deg|mfh-45deg,solid,model_assisted_exclusive_assignment,False,visible_candidate,line-test-45deg-000097
test-45deg,0.05547826086956518,82.59159471572566,8.695652173913715e-05,0.42287397620754064,446,253.5,1.5,4,446,446,5.783901408073376,13.958901408073377,test-45deg|mfh-45deg,solid,model_assisted_exclusive_assignment,False,visible_candidate,line-test-45deg-000098
test-45deg,0.05565217391304344,82.59159471572566,8.695652173913715e-05,0.42287397620754064,447,253.5,1.5,4,447,447,5.890033182960821,13.89003318296082,test-45deg|mfh-45deg,solid,model_assisted_exclusive_assignment,False,visible_candidate,line-test-45deg-000099
test-45deg,0.0558260869565217,82.59159471572566,8.695652173913715e-05,0.14095799206918969,448,253.5,0.5,2,448,448,5.995391129755518,12.549604412023285,test-45deg|mfh-45deg,solid,model_assisted_exclusive_assignment,False,visible_candidate,line-test-45deg-000100
mfh-45deg,0.0558260869565217,81.18201479503391,8.695652173913715e-05,0.14095799206918969,448,258.5,0.5,2,448,448,6.554213282267767,12.549604412023285,,dashed,visible_pixel_support,True,visible_candidate,line-mfh-45deg-000082
test-45deg,0.05599999999999996,82.73255270779485,8.695652173913715e-05,0.28191598413836516,449,253.0,1.0,3,449,449,5.600055312524859,13.151468615218084,test-45deg|mfh-45deg,solid,model_assisted_exclusive_assignment,False,visible_candidate,line-test-45deg-000101
mfh-45deg,0.05599999999999996,81.04105680296472,8.695652173913715e-05,0.28191598413836516,449,259.0,1.0,3,449,449,7.201413302693226,13.151468615218084,,dashed,visible_pixel_support,False,visible_candidate,line-mfh-45deg-000083
test-45deg,0.05617391304347822,82.73255270779485,8.695652173913715e-05,0.28191598413836516,450,253.0,1.0,3,450,450,5.7041057953360905,12.400730000803554,test-45deg|mfh-45deg,solid,model_assisted_exclusive_assignment,False,visible_candidate,line-test-45deg-000102
mfh-45deg,0.05617391304347822,81.32297278710308,8.695652173913715e-05,0.14095799206917548,450,258.0,0.5,1,450,450,6.346624205467464,12.400730000803554,,dashed,visible_pixel_support,False,visible_candidate,line-mfh-45deg-000084
test-45deg,0.05634782608695648,82.73255270779485,8.695652173913715e-05,0.28191598413836516,451,253.0,1.0,3,451,451,5.807622642256547,13.647449849595636,test-45deg|mfh-45deg,solid,model_assisted_exclusive_assignment,False,visible_candidate,line-test-45deg-000103
mfh-45deg,0.05634782608695648,81.04105680296472,8.695652173913715e-05,0.14095799206918969,451,259.0,0.5,1,451,451,7.48982720733909,13.647449849595636,,dashed,visible_pixel_support,False,visible_candidate,line-mfh-45deg-000085
test-45deg,0.05652173913043474,82.73255270779485,8.695652173913715e-05,0.28191598413836516,452,253.0,1.0,3,452,452,5.910685917353419,13.910685917353419,test-45deg|mfh-45deg,solid,model_assisted_exclusive_assignment,False,visible_candidate,line-test-45deg-000104
test-45deg,0.056695652173913015,82.87351069986403,8.695652173913715e-05,0.14095799206917548,453,252.5,0.5,2,453,453,5.513375684694154,13.688375684694154,test-45deg|mfh-45deg,solid,model_assisted_exclusive_assignment,False,visible_candidate,line-test-45deg-000105
test-45deg,0.056869565217391276,83.0144686919332,8.695652173913715e-05,0.28191598413835095,454,252.0,1.0,3,454,454,5.115772008345999,13.290772008346,test-45deg|mfh-45deg,solid,model_assisted_exclusive_assignment,False,visible_candidate,line-test-45deg-000106
test-45deg,0.057043478260869536,83.0144686919332,8.695652173913715e-05,0.28191598413835095,455,252.0,1.0,3,455,455,5.217954952376232,13.217954952376232,test-45deg|mfh-45deg,solid,model_assisted_exclusive_assignment,False,visible_candidate,line-test-45deg-000107
test-45deg,0.057217391304347796,83.0144686919332,8.695652173913715e-05,0.28191598413835095,456,252.0,1.0,3,456,456,5.320004580852128,13.320004580852128,test-45deg|mfh-45deg,solid,model_assisted_exclusive_assignment,False,visible_candidate,line-test-45deg-000108
test-45deg,0.05739130434782606,83.0144686919332,8.695652173913715e-05,0.28191598413835095,457,252.0,1.0,3,457,457,5.422000957841078,13.422000957841078,test-45deg|mfh-45deg,solid,model_assisted_exclusive_assignment,False,visible_candidate,line-test-45deg-000109
test-45deg,0.05756521739130432,83.15542668400238,8.695652173913715e-05,0.14095799206917548,458,251.5,0.5,2,458,458,5.02402414741033,13.19902414741033,test-45deg|mfh-45deg,solid,model_assisted_exclusive_assignment,False,visible_candidate,line-test-45deg-000110
test-45deg,0.05773913043478258,83.15542668400238,8.695652173913715e-05,0.14095799206917548,459,251.5,0.5,2,459,459,5.12615421362716,13.12615421362716,test-45deg|mfh-45deg,solid,model_assisted_exclusive_assignment,False,visible_candidate,line-test-45deg-000111
test-45deg,0.05791304347826084,83.29638467607155,8.695652173913715e-05,0.28191598413835095,460,251.0,1.0,3,460,460,4.728471220558902,12.903471220558902,test-45deg|mfh-45deg,solid,model_assisted_exclusive_assignment,False,visible_candidate,line-test-45deg-000112
test-45deg,0.0580869565217391,83.29638467607155,8.695652173913715e-05,0.28191598413835095,461,251.0,1.0,3,461,461,4.83105523227286,12.83105523227286,test-45deg|mfh-45deg,solid,model_assisted_exclusive_assignment,False,visible_candidate,line-test-45deg-000113
test-45deg,0.05826086956521736,83.15542668400238,8.695652173913715e-05,0.4228739762075264,462,251.5,1.5,4,462,462,5.433986312836311,13.608986312836311,test-45deg|mfh-45deg,solid,model_assisted_exclusive_assignment,False,visible_candidate,line-test-45deg-000114
test-45deg,0.05843478260869562,83.29638467607155,8.695652173913715e-05,0.28191598413835095,463,251.0,1.0,3,463,463,5.037344526316616,13.212344526316617,test-45deg|mfh-45deg,solid,model_assisted_exclusive_assignment,False,visible_candidate,line-test-45deg-000115
test-45deg,0.05860869565217388,83.5783006602099,8.695652173913715e-05,0.28191598413835095,464,250.0,1.0,3,464,464,4.141209936780967,12.491209936780967,test-45deg|mfh-45deg,solid,model_assisted_exclusive_assignment,False,visible_candidate,line-test-45deg-000116
test-45deg,0.05878260869565214,83.5783006602099,8.695652173913715e-05,0.28191598413835095,465,250.0,1.0,3,465,465,4.245662608296783,12.245662608296783,test-45deg|mfh-45deg,solid,model_assisted_exclusive_assignment,False,visible_candidate,line-test-45deg-000117
test-45deg,0.0589565217391304,83.5783006602099,8.695652173913715e-05,0.28191598413835095,466,250.0,1.0,3,466,466,4.350782604931254,10.234934121115003,test-45deg|mfh-45deg,solid,model_assisted_exclusive_assignment,False,visible_candidate,line-test-45deg-000118
mfh-45deg,0.0589565217391304,82.02776274744896,8.695652173913715e-05,0.14095799206917548,466,255.5,0.5,2,466,466,5.884151516183749,10.234934121115003,test-45deg|mfh-45deg,dashed,model_assisted_exclusive_assignment,True,visible_candidate,line-mfh-45deg-000086
test-45deg,0.05913043478260866,83.5783006602099,8.695652173913715e-05,0.28191598413835095,467,250.0,1.0,3,467,467,4.456649990751771,9.474323572181783,test-45deg|mfh-45deg,solid,model_assisted_exclusive_assignment,False,visible_candidate,line-test-45deg-000119
mfh-45deg,0.05913043478260866,82.45063672365649,8.695652173913715e-05,0.14095799206917548,467,254.0,0.5,1,467,467,4.492673581430012,9.474323572181783,test-45deg|mfh-45deg,dashed,model_assisted_exclusive_assignment,False,visible_candidate,line-mfh-45deg-000087
test-45deg,0.05930434782608692,84.00117463641743,8.695652173913715e-05,0.42287397620754064,468,248.5,1.5,4,468,468,3.063344829825553,10.212213260326184,test-45deg|mfh-45deg,solid,model_assisted_exclusive_assignment,False,visible_candidate,line-test-45deg-000120
mfh-45deg,0.05930434782608692,82.02776274744896,8.695652173913715e-05,0.4228739762075264,468,255.5,1.5,4,468,468,6.09886843050063,10.212213260326184,,dashed,visible_pixel_support,False,visible_candidate,line-mfh-45deg-000088
test-45deg,0.05947826086956518,83.71925865227908,8.695652173913715e-05,0.4228739762075264,469,249.5,1.5,4,469,469,4.170947186220019,10.723664466364317,test-45deg|mfh-45deg,solid,model_assisted_exclusive_assignment,False,visible_candidate,line-test-45deg-000121
mfh-45deg,0.05947826086956518,82.02776274744896,8.695652173913715e-05,0.4228739762075264,469,255.5,1.5,4,469,469,6.202717280144299,10.723664466364317,,dashed,visible_pixel_support,False,visible_candidate,line-mfh-45deg-000089
test-45deg,0.05965217391304344,83.5783006602099,8.695652173913715e-05,0.28191598413835095,470,250.0,1.0,3,470,470,4.77953712400236,10.283738471112013,test-45deg|mfh-45deg,solid,model_assisted_exclusive_assignment,False,visible_candidate,line-test-45deg-000122
mfh-45deg,0.05965217391304344,82.45063672365649,8.695652173913715e-05,0.14095799206917548,470,254.0,0.5,1,470,470,4.804201347109654,10.283738471112013,test-45deg|mfh-45deg,dashed,model_assisted_exclusive_assignment,False,visible_candidate,line-mfh-45deg-000090
test-45deg,0.0598260869565217,83.86021664434826,8.695652173913715e-05,0.28191598413835095,471,249.0,1.0,3,471,471,3.8891947072399375,10.49249655538527,test-45deg|mfh-45deg,solid,model_assisted_exclusive_assignment,False,visible_candidate,line-test-45deg-000123
mfh-45deg,0.0598260869565217,82.16872073951814,8.695652173913715e-05,0.5638319682767161,471,255.0,2.0,5,471,471,5.9033018481453325,10.49249655538527,test-45deg|mfh-45deg,dashed,model_assisted_exclusive_assignment,False,visible_candidate,line-mfh-45deg-000091
test-45deg,0.05999999999999996,83.86021664434826,8.695652173913715e-05,0.28191598413835095,472,249.0,1.0,3,472,472,4.0,10.675,test-45deg|mfh-45deg,solid,model_assisted_exclusive_assignment,False,visible_candidate,line-test-45deg-000124
mfh-45deg,0.05999999999999996,82.02776274744896,8.695652173913715e-05,0.4228739762075264,472,255.5,1.5,4,472,472,6.5,10.675,,dashed,visible_pixel_support,False,visible_candidate,line-mfh-45deg-000092
test-45deg,0.060173913043478224,83.86021664434826,8.695652173913715e-05,0.28191598413835095,473,249.0,1.0,3,473,473,4.111470499054661,10.707222997816729,test-45deg|mfh-45deg,solid,model_assisted_exclusive_assignment,False,visible_candidate,line-test-45deg-000125
mfh-45deg,0.060173913043478224,82.02776274744896,8.695652173913715e-05,0.4228739762075264,473,255.5,1.5,4,473,473,6.595752498762067,10.707222997816729,,dashed,visible_pixel_support,False,visible_candidate,line-mfh-45deg-000093
test-45deg,0.060347826086956484,84.00117463641743,8.695652173913715e-05,0.14095799206917548,474,248.5,0.5,2,474,474,3.7230561593194977,10.590034257894832,test-45deg|mfh-45deg,solid,model_assisted_exclusive_assignment,False,visible_candidate,line-test-45deg-000126
mfh-45deg,0.060347826086956484,82.02776274744896,8.695652173913715e-05,0.4228739762075264,474,255.5,1.5,4,474,474,6.691978098575333,10.590034257894832,,dashed,visible_pixel_support,False,visible_candidate,line-mfh-45deg-000094
test-45deg,0.060521739130434744,84.1421326284866,8.695652173913715e-05,0.28191598413836516,475,248.0,1.0,3,475,475,3.334735732077064,9.973336835348709,test-45deg|mfh-45deg,solid,model_assisted_exclusive_assignment,False,visible_candidate,line-test-45deg-000127
mfh-45deg,0.060521739130434744,82.16872073951814,8.695652173913715e-05,0.5638319682767161,475,255.0,2.0,5,475,475,6.288601103271645,9.973336835348709,,dashed,visible_pixel_support,False,visible_candidate,line-mfh-45deg-000095
test-45deg,0.060695652173913005,84.1421326284866,8.695652173913715e-05,0.28191598413836516,476,248.0,1.0,3,476,476,3.4464879686098584,8.53203378529265,test-45deg|mfh-45deg,solid,model_assisted_exclusive_assignment,False,visible_candidate,line-test-45deg-000128
mfh-45deg,0.060695652173913005,82.73255270779485,8.695652173913715e-05,0.14095799206918969,476,253.0,0.5,1,476,476,4.385545816682793,8.53203378529265,test-45deg|mfh-45deg,dashed,model_assisted_exclusive_assignment,False,visible_candidate,line-mfh-45deg-000096
test-45deg,0.060869565217391265,84.1421326284866,8.695652173913715e-05,0.28191598413836516,477,248.0,1.0,3,477,477,3.558291620200464,10.066028162841059,test-45deg|mfh-45deg,solid,model_assisted_exclusive_assignment,False,visible_candidate,line-test-45deg-000129
mfh-45deg,0.060869565217391265,82.30967873158731,8.695652173913715e-05,0.42287397620754064,477,254.5,1.5,4,477,477,5.982736542640595,10.066028162841059,,dashed,visible_pixel_support,False,visible_candidate,line-mfh-45deg-000097
test-45deg,0.061043478260869526,84.1421326284866,8.695652173913715e-05,0.28191598413836516,478,248.0,1.0,3,478,478,3.670125438131464,9.425223023108277,test-45deg|mfh-45deg,solid,model_assisted_exclusive_assignment,False,visible_candidate,line-test-45deg-000130
mfh-45deg,0.061043478260869526,82.45063672365649,8.695652173913715e-05,0.28191598413836516,478,254.0,1.0,3,478,478,5.580097584976812,9.425223023108277,test-45deg|mfh-45deg,dashed,model_assisted_exclusive_assignment,False,visible_candidate,line-mfh-45deg-000098
test-45deg,0.061217391304347786,84.1421326284866,8.695652173913715e-05,0.28191598413836516,479,248.0,1.0,3,479,479,3.781968173685385,9.134521421208678,test-45deg|mfh-45deg,solid,model_assisted_exclusive_assignment,False,visible_candidate,line-test-45deg-000131
mfh-45deg,0.061217391304347786,82.59159471572566,8.695652173913715e-05,0.42287397620754064,479,253.5,1.5,4,479,479,5.177553247523292,9.134521421208678,test-45deg|mfh-45deg,dashed,model_assisted_exclusive_assignment,False,visible_candidate,line-mfh-45deg-000099
test-45deg,0.061391304347826046,84.70596459676332,8.695652173913715e-05,0.14095799206917548,480,246.0,0.5,1,480,480,1.8937985781448106,5.593826412256663,test-45deg|mfh-45deg,solid,model_assisted_exclusive_assignment,False,visible_candidate,line-test-45deg-000132
mfh-45deg,0.061391304347826046,83.5783006602099,8.695652173913715e-05,0.5638319682767019,480,250.0,2.0,5,480,480,1.775027834111853,5.593826412256663,test-45deg|mfh-45deg,dashed,model_assisted_exclusive_assignment,False,visible_candidate,line-mfh-45deg-000100
test-45deg,0.06156521739130431,84.70596459676332,8.695652173913715e-05,0.14095799206917548,481,246.0,0.5,1,481,481,2.00559540279221,2.9030410513664378,test-45deg|mfh-45deg,solid,model_assisted_exclusive_assignment,False,visible_candidate,line-test-45deg-000133
mfh-45deg,0.06156521739130431,84.00117463641743,8.695652173913715e-05,0.14095799206917548,481,248.5,0.5,2,481,481,0.372445648574228,2.9030410513664378,test-45deg|mfh-45deg,dashed,model_assisted_exclusive_assignment,False,visible_candidate,line-mfh-45deg-000101
test-45deg,0.06173913043478257,84.42404861262497,8.695652173913715e-05,0.28191598413836516,482,247.0,1.0,3,482,482,3.117337398910223,8.662068393652515,test-45deg|mfh-45deg,solid,model_assisted_exclusive_assignment,False,visible_candidate,line-test-45deg-000134
mfh-45deg,0.06173913043478257,83.0144686919332,8.695652173913715e-05,0.14095799206917548,482,252.0,0.5,1,482,482,3.9697309947422923,8.662068393652515,test-45deg|mfh-45deg,dashed,model_assisted_exclusive_assignment,False,visible_candidate,line-mfh-45deg-000102
test-45deg,0.06191304347826083,84.56500660469415,8.695652173913715e-05,0.42287397620754064,483,246.5,1.5,4,483,483,2.7290033177813484,8.320811494229126,test-45deg|mfh-45deg,solid,model_assisted_exclusive_assignment,False,visible_candidate,line-test-45deg-000135
mfh-45deg,0.06191304347826083,82.73255270779485,8.695652173913715e-05,0.28191598413836516,483,253.0,1.0,3,483,483,5.066808176447779,8.320811494229126,test-45deg|mfh-45deg,dashed,model_assisted_exclusive_assignment,False,visible_candidate,line-mfh-45deg-000103
test-45deg,0.06208695652173909,84.56500660469415,8.695652173913715e-05,0.42287397620754064,484,246.5,1.5,4,484,484,2.840571910688226,7.354173408210732,test-45deg|mfh-45deg,solid,model_assisted_exclusive_assignment,False,visible_candidate,line-test-45deg-000136
mfh-45deg,0.06208695652173909,83.0144686919332,8.695652173913715e-05,0.14095799206917548,484,252.0,0.5,1,484,484,4.163601497522507,7.354173408210732,test-45deg|mfh-45deg,dashed,model_assisted_exclusive_assignment,False,visible_candidate,line-mfh-45deg-000104
test-45deg,0.06226086956521735,84.70596459676332,8.695652173913715e-05,0.28191598413835095,485,246.0,1.0,3,485,485,2.45202192891324,10.62702192891324,test-45deg|mfh-45deg,solid,model_assisted_exclusive_assignment,False,visible_candidate,line-test-45deg-000137
test-45deg,0.06243478260869561,84.8469225888325,8.695652173913021e-05,0.4228739762075264,486,245.5,1.5,4,486,486,2.0633321237390874,10.238332123739088,test-45deg|mfh-45deg,solid,model_assisted_exclusive_assignment,False,visible_candidate,line-test-45deg-000138
test-45deg,0.06260869565217386,84.70596459676332,8.695652173915103e-05,0.28191598413835095,487,246.0,1.0,3,487,487,2.674481246448323,10.849481246448324,test-45deg|mfh-45deg,solid,model_assisted_exclusive_assignment,False,visible_candidate,line-test-45deg-000139
test-45deg,0.06278260869565214,84.56500660469415,8.695652173912327e-05,0.42287397620754064,488,246.5,1.5,4,488,488,3.285448048323417,11.460448048323418,test-45deg|mfh-45deg,solid,model_assisted_exclusive_assignment,False,visible_candidate,line-test-45deg-000140
test-45deg,0.06295652173913038,84.70596459676332,8.695652173915103e-05,0.28191598413835095,489,246.0,1.0,3,489,489,2.896211280646952,11.071211280646953,test-45deg|mfh-45deg,solid,model_assisted_exclusive_assignment,False,visible_candidate,line-test-45deg-000141
test-45deg,0.06313043478260866,84.8469225888325,8.695652173912327e-05,0.14095799206917548,490,245.5,0.5,2,490,490,2.5067496947014263,10.681749694701427,test-45deg|mfh-45deg,solid,model_assisted_exclusive_assignment,False,visible_candidate,line-test-45deg-000142
test-45deg,0.0633043478260869,84.8469225888325,8.695652173915103e-05,0.14095799206917548,491,245.5,0.5,2,491,491,2.6170420417695652,10.617042041769565,test-45deg|mfh-45deg,solid,model_assisted_exclusive_assignment,False,visible_candidate,line-test-45deg-000143
test-45deg,0.06347826086956518,84.98788058090167,8.695652173912327e-05,0.28191598413835095,492,245.0,1.0,3,492,492,2.2270670731337248,10.402067073133725,test-45deg|mfh-45deg,solid,model_assisted_exclusive_assignment,False,visible_candidate,line-test-45deg-000144
test-45deg,0.06365217391304345,84.98788058090167,8.695652173915103e-05,0.28191598413835095,493,245.0,1.0,3,493,493,2.3368035400765734,10.336803540076573,test-45deg|mfh-45deg,solid,model_assisted_exclusive_assignment,False,visible_candidate,line-test-45deg-000145
test-45deg,0.0638260869565217,84.98788058090167,8.695652173912327e-05,0.28191598413835095,494,245.0,1.0,3,494,494,2.4462301938806092,10.44623019388061,test-45deg|mfh-45deg,solid,model_assisted_exclusive_assignment,False,visible_candidate,line-test-45deg-000146
test-45deg,0.06399999999999997,84.98788058090167,8.695652173915103e-05,0.28191598413835095,495,245.0,1.0,3,495,495,2.5553257858284155,10.555325785828416,test-45deg|mfh-45deg,solid,model_assisted_exclusive_assignment,False,visible_candidate,line-test-45deg-000147
test-45deg,0.06417391304347822,85.26979656504002,8.695652173912327e-05,0.14095799206917548,496,244.0,0.5,1,496,496,1.6640690672025187,10.014069067202518,test-45deg|mfh-45deg,solid,model_assisted_exclusive_assignment,False,visible_candidate,line-test-45deg-000148
test-45deg,0.0643478260869565,85.12883857297085,8.695652173915103e-05,0.14095799206917548,497,244.5,0.5,2,497,497,2.272438789285502,10.447438789285503,test-45deg|mfh-45deg,solid,model_assisted_exclusive_assignment,False,visible_candidate,line-test-45deg-000149
test-45deg,0.06452173913043474,84.98788058090167,8.695652173912327e-05,0.28191598413835095,498,245.0,1.0,3,498,498,2.880413703359892,11.055413703359893,test-45deg|mfh-45deg,solid,model_assisted_exclusive_assignment,False,visible_candidate,line-test-45deg-000150
test-45deg,0.06469565217391302,84.98788058090167,8.695652173915103e-05,0.28191598413835095,499,245.0,1.0,3,499,499,2.9879725607082435,6.517937204289694,test-45deg|mfh-45deg,solid,model_assisted_exclusive_assignment,False,visible_candidate,line-test-45deg-000151
mfh-45deg,0.06469565217391302,83.5783006602099,8.695652173915103e-05,0.14095799206917548,499,250.0,0.5,1,499,499,3.529964643581451,6.517937204289694,test-45deg|mfh-45deg,dashed,model_assisted_exclusive_assignment,True,visible_candidate,line-mfh-45deg-000105
test-45deg,0.06486956521739126,85.26979656504002,8.695652173912327e-05,0.28191598413835095,500,244.0,1.0,3,500,500,2.0950941126131113,6.732015628302685,test-45deg|mfh-45deg,solid,model_assisted_exclusive_assignment,False,visible_candidate,line-test-45deg-000152
mfh-45deg,0.06486956521739126,83.43734266814073,8.695652173912327e-05,0.14095799206917548,500,250.5,0.5,2,500,500,4.111921515689573,6.732015628302685,test-45deg|mfh-45deg,dashed,model_assisted_exclusive_assignment,False,visible_candidate,line-mfh-45deg-000106
test-45deg,0.06504347826086954,85.4107545571092,8.695652173915103e-05,0.42287397620754064,501,243.5,1.5,4,501,501,1.7017571103571072,6.744064802664786,test-45deg|mfh-45deg,solid,model_assisted_exclusive_assignment,False,visible_candidate,line-test-45deg-000153
mfh-45deg,0.06504347826086954,83.29638467607155,8.695652173915103e-05,0.28191598413835095,501,251.0,1.0,3,501,501,4.692307692307679,6.744064802664786,test-45deg|mfh-45deg,dashed,model_assisted_exclusive_assignment,False,visible_candidate,line-mfh-45deg-000107
test-45deg,0.06521739130434778,85.55171254917838,8.695652173912327e-05,0.5638319682767161,502,243.0,2.0,5,502,502,1.307940305222644,6.9289877824901165,test-45deg|mfh-45deg,solid,model_assisted_exclusive_assignment,False,visible_candidate,line-test-45deg-000154
mfh-45deg,0.06521739130434778,83.15542668400238,8.695652173912327e-05,0.4228739762075264,502,251.5,1.5,4,502,502,5.271047477267473,6.9289877824901165,test-45deg|mfh-45deg,dashed,model_assisted_exclusive_assignment,False,visible_candidate,line-mfh-45deg-000108
test-45deg,0.06539130434782606,86.39746050159344,8.695652173915103e-05,0.14095799206917548,503,240.0,0.5,1,503,503,1.586377551507553,8.088312377106751,test-45deg|mfh-45deg,solid,model_assisted_exclusive_assignment,False,visible_candidate,line-test-45deg-000155
mfh-45deg,0.06539130434782606,85.4107545571092,8.695652173915103e-05,0.14095799206917548,503,243.5,0.5,2,503,503,2.6519348255991986,8.088312377106751,test-45deg|mfh-45deg,dashed,model_assisted_exclusive_assignment,False,visible_candidate,line-mfh-45deg-000109
test-45deg,0.0655652173913043,85.69267054124755,8.695652173912327e-05,0.42287397620754064,504,242.5,1.5,4,504,504,1.0187822914489004,9.8937822914489,test-45deg|mfh-45deg,solid,model_assisted_exclusive_assignment,False,visible_candidate,line-test-45deg-000156
test-45deg,0.06573913043478258,85.55171254917838,8.695652173915103e-05,0.28191598413836516,505,243.0,1.0,3,505,505,1.623398585374673,9.798398585374674,test-45deg|mfh-45deg,solid,model_assisted_exclusive_assignment,False,visible_candidate,line-test-45deg-000157
test-45deg,0.06591304347826082,85.4107545571092,8.695652173912327e-05,0.42287397620754064,506,243.5,1.5,4,506,506,2.2274500815522345,10.402450081552235,test-45deg|mfh-45deg,solid,model_assisted_exclusive_assignment,False,visible_candidate,line-test-45deg-000158
test-45deg,0.0660869565217391,85.4107545571092,8.695652173915103e-05,0.42287397620754064,507,243.5,1.5,4,507,507,2.3309155312642247,10.330915531264225,test-45deg|mfh-45deg,solid,model_assisted_exclusive_assignment,False,visible_candidate,line-test-45deg-000159
test-45deg,0.06626086956521735,85.83362853331674,8.695652173912327e-05,0.14095799206918969,508,242.0,0.5,1,508,508,0.9337736857931418,3.254100709009799,test-45deg|mfh-45deg,solid,model_assisted_exclusive_assignment,False,visible_candidate,line-test-45deg-000160
mfh-45deg,0.06626086956521735,85.26979656504002,8.695652173912327e-05,0.14095799206917548,508,244.0,0.5,1,508,508,1.7953270232166574,3.254100709009799,test-45deg|mfh-45deg,dashed,model_assisted_exclusive_assignment,True,visible_candidate,line-mfh-45deg-000110
test-45deg,0.06643478260869562,85.55171254917838,8.695652173915103e-05,0.28191598413836516,509,243.0,1.0,3,509,509,2.036003296421569,10.386003296421569,test-45deg|mfh-45deg,solid,model_assisted_exclusive_assignment,False,visible_candidate,line-test-45deg-000161
test-45deg,0.06660869565217387,85.69267054124755,8.695652173912327e-05,0.14095799206918969,510,242.5,0.5,2,510,510,1.637583114432033,9.812583114432034,test-45deg|mfh-45deg,solid,model_assisted_exclusive_assignment,False,visible_candidate,line-test-45deg-000162
test-45deg,0.06678260869565214,85.69267054124755,8.695652173915103e-05,0.14095799206918969,511,242.5,0.5,2,511,511,1.73849189110706,9.73849189110706,test-45deg|mfh-45deg,solid,model_assisted_exclusive_assignment,False,visible_candidate,line-test-45deg-000163
test-45deg,0.06695652173913039,85.69267054124755,8.695652173915103e-05,0.14095799206918969,512,242.5,0.5,2,512,512,1.8387083777292617,9.838708377729262,test-45deg|mfh-45deg,solid,model_assisted_exclusive_assignment,False,visible_candidate,line-test-45deg-000164
test-45deg,0.06713043478260866,85.69267054124755,8.695652173912327e-05,0.14095799206918969,513,242.5,0.5,2,513,513,1.9382113255810793,9.93821132558108,test-45deg|mfh-45deg,solid,model_assisted_exclusive_assignment,False,visible_candidate,line-test-45deg-000165
test-45deg,0.06730434782608691,85.83362853331674,8.695652173915103e-05,0.28191598413836516,514,242.0,1.0,3,514,514,1.5369794859452384,9.711979485945239,test-45deg|mfh-45deg,solid,model_assisted_exclusive_assignment,False,visible_candidate,line-test-45deg-000166
test-45deg,0.06747826086956518,85.83362853331674,8.695652173912327e-05,0.28191598413836516,515,242.0,1.0,3,515,515,1.63499161010418,2.2453928944158292,test-45deg|mfh-45deg,solid,model_assisted_exclusive_assignment,False,visible_candidate,line-test-45deg-000167
mfh-45deg,0.06747826086956518,84.70596459676332,8.695652173912327e-05,0.14095799206917548,515,246.0,0.5,1,515,515,0.6104012843116493,2.2453928944158292,test-45deg|mfh-45deg,dashed,model_assisted_exclusive_assignment,True,visible_candidate,line-mfh-45deg-000111
test-45deg,0.06765217391304343,85.69267054124755,8.695652173915103e-05,0.42287397620754064,516,242.5,1.5,4,516,516,2.232226449340459,5.0903699377353,test-45deg|mfh-45deg,solid,model_assisted_exclusive_assignment,False,visible_candidate,line-test-45deg-000168
mfh-45deg,0.06765217391304343,84.2830906205558,8.695652173915103e-05,0.14095799206918969,516,247.5,0.5,2,516,516,2.158143488394842,5.0903699377353,test-45deg|mfh-45deg,dashed,model_assisted_exclusive_assignment,False,visible_candidate,line-mfh-45deg-000112
test-45deg,0.0678260869565217,85.83362853331674,8.695652173912327e-05,0.28191598413836516,517,242.0,1.0,3,517,517,1.8286627549366585,4.881766613233429,test-45deg|mfh-45deg,solid,model_assisted_exclusive_assignment,False,visible_candidate,line-test-45deg-000169
mfh-45deg,0.0678260869565217,84.1421326284866,8.695652173912327e-05,0.14095799206918969,517,248.0,0.5,1,517,517,2.703103858296771,4.881766613233429,test-45deg|mfh-45deg,dashed,model_assisted_exclusive_assignment,False,visible_candidate,line-mfh-45deg-000113
test-45deg,0.06799999999999995,86.11554451745509,8.695652173915103e-05,0.28191598413835095,518,241.0,1.0,3,518,518,0.9242792781753053,4.019485976024589,test-45deg|mfh-45deg,solid,model_assisted_exclusive_assignment,False,visible_candidate,line-test-45deg-000170
mfh-45deg,0.06799999999999995,84.1421326284866,8.695652173915103e-05,0.14095799206918969,518,248.0,0.5,1,518,518,2.7452066978492837,4.019485976024589,test-45deg|mfh-45deg,dashed,model_assisted_exclusive_assignment,False,visible_candidate,line-mfh-45deg-000114
test-45deg,0.06817391304347822,86.25650250952427,8.695652173912327e-05,0.4228739762075264,519,240.5,1.5,4,519,519,0.5190547703390109,3.4784310812231807,test-45deg|mfh-45deg,solid,model_assisted_exclusive_assignment,False,visible_candidate,line-test-45deg-000171
mfh-45deg,0.06817391304347822,84.1421326284866,8.695652173912327e-05,0.14095799206918969,519,248.0,0.5,1,519,519,2.78437631088417,3.4784310812231807,test-45deg|mfh-45deg,dashed,model_assisted_exclusive_assignment,False,visible_candidate,line-mfh-45deg-000115
test-45deg,0.06834782608695647,86.11554451745509,8.695652173915103e-05,0.28191598413835095,520,241.0,1.0,3,520,520,1.1129679827102166,6.808504983943436,test-45deg|mfh-45deg,solid,model_assisted_exclusive_assignment,False,visible_candidate,line-test-45deg-000172
mfh-45deg,0.06834782608695647,83.5783006602099,8.695652173915103e-05,0.5638319682767019,520,250.0,2.0,5,520,520,4.82053700123322,6.808504983943436,,dashed,visible_pixel_support,False,visible_candidate,line-mfh-45deg-000116
test-45deg,0.06852173913043474,86.25650250952427,8.695652173912327e-05,0.4228739762075264,521,240.5,1.5,4,521,521,0.7059976665715908,5.734610739299842,test-45deg|mfh-45deg,solid,model_assisted_exclusive_assignment,False,visible_candidate,line-test-45deg-000173
mfh-45deg,0.06852173913043474,83.5783006602099,8.695652173912327e-05,0.5638319682767019,521,250.0,2.0,5,521,521,4.853613072728251,5.734610739299842,,dashed,visible_pixel_support,False,visible_candidate,line-mfh-45deg-000117
test-45deg,0.06869565217391299,86.25650250952427,8.695652173915103e-05,0.4228739762075264,522,240.5,1.5,4,522,522,0.7981225732055748,5.681651402406629,test-45deg|mfh-45deg,solid,model_assisted_exclusive_assignment,False,visible_candidate,line-test-45deg-000174
mfh-45deg,0.06869565217391299,83.5783006602099,8.695652173915103e-05,0.5638319682767019,522,250.0,2.0,5,522,522,4.883528829201055,5.681651402406629,,dashed,visible_pixel_support,False,visible_candidate,line-mfh-45deg-000118
test-45deg,0.06886956521739127,86.11554451745509,8.695652173912327e-05,0.28191598413835095,523,241.0,1.0,3,523,523,1.3893214538948087,6.474530028378257,test-45deg|mfh-45deg,solid,model_assisted_exclusive_assignment,False,visible_candidate,line-test-45deg-000175
mfh-45deg,0.06886956521739127,83.5783006602099,8.695652173912327e-05,0.5638319682767019,523,250.0,2.0,5,523,523,4.910208574483448,6.474530028378257,,dashed,visible_pixel_support,False,visible_candidate,line-mfh-45deg-000119
test-45deg,0.06904347826086951,86.11554451745509,8.695652173915103e-05,0.28191598413835095,524,241.0,1.0,3,524,524,1.4795730599218473,6.088149672329069,test-45deg|mfh-45deg,solid,model_assisted_exclusive_assignment,False,visible_candidate,line-test-45deg-000176
mfh-45deg,0.06904347826086951,83.71925865227908,8.695652173915103e-05,0.7047899603458916,524,249.5,2.5,6,524,524,4.433576612407222,6.088149672329069,test-45deg|mfh-45deg,dashed,model_assisted_exclusive_assignment,False,visible_candidate,line-mfh-45deg-000120
test-45deg,0.06921739130434779,86.25650250952427,8.695652173912327e-05,0.14095799206917548,525,240.5,0.5,2,525,525,1.0688561425691603,5.697413389373355,test-45deg|mfh-45deg,solid,model_assisted_exclusive_assignment,False,visible_candidate,line-test-45deg-000177
mfh-45deg,0.06921739130434779,83.71925865227908,8.695652173912327e-05,0.7047899603458916,525,249.5,2.5,6,525,525,4.453557246804195,5.697413389373355,,dashed,visible_pixel_support,False,visible_candidate,line-mfh-45deg-000121
test-45deg,0.06939130434782603,86.25650250952427,8.695652173915103e-05,0.14095799206917548,526,240.5,0.5,2,526,526,1.1571494531193594,6.302224234625515,test-45deg|mfh-45deg,solid,model_assisted_exclusive_assignment,False,visible_candidate,line-test-45deg-000178
mfh-45deg,0.06939130434782603,83.5783006602099,8.695652173915103e-05,0.5638319682767019,526,250.0,2.0,5,526,526,4.970074781506156,6.302224234625515,,dashed,visible_pixel_support,False,visible_candidate,line-mfh-45deg-000122
test-45deg,0.06956521739130431,86.39746050159344,8.695652173912327e-05,0.28191598413835095,527,240.0,1.0,3,527,527,0.7444317428549994,6.577485263199923,test-45deg|mfh-45deg,solid,model_assisted_exclusive_assignment,False,visible_candidate,line-test-45deg-000179
mfh-45deg,0.06956521739130431,83.43734266814073,8.695652173912327e-05,0.4228739762075264,527,250.5,1.5,4,527,527,5.483053520344924,6.577485263199923,,dashed,visible_pixel_support,False,visible_candidate,line-mfh-45deg-000123
test-45deg,0.06973913043478255,86.39746050159344,8.695652173915103e-05,0.28191598413835095,528,240.0,1.0,3,528,528,0.8306817630586352,6.3230995302108965,test-45deg|mfh-45deg,solid,model_assisted_exclusive_assignment,False,visible_candidate,line-test-45deg-000180
mfh-45deg,0.06973913043478255,83.43734266814073,8.695652173915103e-05,0.4228739762075264,528,250.5,1.5,4,528,528,5.492417767152261,6.3230995302108965,,dashed,visible_pixel_support,False,visible_candidate,line-mfh-45deg-000124
test-45deg,0.06991304347826083,86.39746050159344,8.695652173912327e-05,0.28191598413835095,529,240.0,1.0,3,529,529,0.9158782650127648,6.413970090772807,test-45deg|mfh-45deg,solid,model_assisted_exclusive_assignment,False,visible_candidate,line-test-45deg-000181
mfh-45deg,0.06991304347826083,83.43734266814073,8.695652173912327e-05,0.4228739762075264,529,250.5,1.5,4,529,529,5.498091825760042,6.413970090772807,,dashed,visible_pixel_support,False,visible_candidate,line-mfh-45deg-000125
test-45deg,0.07008695652173907,86.39746050159344,8.695652173915103e-05,0.28191598413835095,530,240.0,1.0,3,530,530,1.0,6.5,test-45deg|mfh-45deg,solid,model_assisted_exclusive_assignment,False,visible_candidate,line-test-45deg-000182
mfh-45deg,0.07008695652173907,83.43734266814073,8.695652173915103e-05,0.4228739762075264,530,250.5,1.5,4,530,530,5.5,6.5,,dashed,visible_pixel_support,False,visible_candidate,line-mfh-45deg-000126
test-45deg,0.07026086956521735,86.39746050159344,8.695652173912327e-05,0.28191598413835095,531,240.0,1.0,3,531,531,1.083836883232209,6.582006360480278,test-45deg|mfh-45deg,solid,model_assisted_exclusive_assignment,False,visible_candidate,line-test-45deg-000183
mfh-45deg,0.07026086956521735,83.43734266814073,8.695652173912327e-05,0.4228739762075264,531,250.5,1.5,4,531,531,5.498169477248069,6.582006360480278,,dashed,visible_pixel_support,False,visible_candidate,line-mfh-45deg-000127
test-45deg,0.07043478260869562,86.6793764857318,8.695652173915103e-05,0.14095799206917548,532,239.0,0.5,1,532,532,0.16815765755728762,6.0109003638150735,test-45deg|mfh-45deg,solid,model_assisted_exclusive_assignment,False,visible_candidate,line-test-45deg-000184
mfh-45deg,0.07043478260869562,83.43734266814073,8.695652173915103e-05,0.4228739762075264,532,250.5,1.5,4,532,532,5.492742706257786,6.0109003638150735,,dashed,visible_pixel_support,False,visible_candidate,line-mfh-45deg-000128
test-45deg,0.07060869565217387,86.39746050159344,8.695652173912327e-05,0.28191598413835095,533,240.0,1.0,3,533,533,1.252909315711804,7.08672619863936,test-45deg|mfh-45deg,solid,model_assisted_exclusive_assignment,False,visible_candidate,line-test-45deg-000185
mfh-45deg,0.07060869565217387,83.43734266814073,8.695652173912327e-05,0.4228739762075264,533,250.5,1.5,4,533,533,5.483816882927556,7.08672619863936,,dashed,visible_pixel_support,False,visible_candidate,line-mfh-45deg-000129
test-45deg,0.07078260869565214,86.82033447780097,8.695652173915103e-05,0.14095799206917548,534,238.5,0.5,2,534,534,0.16196114956775887,5.833450352723371,test-45deg|mfh-45deg,solid,model_assisted_exclusive_assignment,False,visible_candidate,line-test-45deg-000186
mfh-45deg,0.07078260869565214,83.5783006602099,8.695652173915103e-05,0.28191598413835095,534,250.0,1.0,3,534,534,4.971489203155613,5.833450352723371,,dashed,visible_pixel_support,False,visible_candidate,line-mfh-45deg-000130
test-45deg,0.07095652173913039,86.96129246987014,8.695652173912327e-05,0.14095799206917548,535,238.0,0.5,1,535,535,0.5765067455447195,5.707363608385111,test-45deg|mfh-45deg,solid,model_assisted_exclusive_assignment,False,visible_candidate,line-test-45deg-000187
mfh-45deg,0.07095652173913039,83.5783006602099,8.695652173912327e-05,0.28191598413835095,535,250.0,1.0,3,535,535,4.955856862840392,5.707363608385111,,dashed,visible_pixel_support,False,visible_candidate,line-mfh-45deg-000131
test-45deg,0.07113043478260866,86.53841849366262,8.695652173915103e-05,0.4228739762075264,536,239.5,1.5,4,536,536,1.0092195205173482,9.534219520517349,test-45deg|mfh-45deg,solid,model_assisted_exclusive_assignment,False,visible_candidate,line-test-45deg-000188
test-45deg,0.07130434782608691,86.82033447780097,8.695652173912327e-05,0.4228739762075264,537,238.5,1.5,4,537,537,0.09516464135504066,8.44516464135504,test-45deg|mfh-45deg,solid,model_assisted_exclusive_assignment,False,visible_candidate,line-test-45deg-000189
test-45deg,0.07147826086956519,86.6793764857318,8.695652173915103e-05,0.28191598413835095,538,239.0,1.0,3,538,538,0.6812756097049828,8.856275609704984,test-45deg|mfh-45deg,solid,model_assisted_exclusive_assignment,False,visible_candidate,line-test-45deg-000190
test-45deg,0.07165217391304343,86.96129246987014,8.695652173912327e-05,0.5638319682767161,539,238.0,2.0,5,539,539,0.23250058169639942,8.582500581696399,test-45deg|mfh-45deg,solid,model_assisted_exclusive_assignment,False,visible_candidate,line-test-45deg-000191
test-45deg,0.0718260869565217,86.82033447780097,8.695652173915103e-05,0.4228739762075264,540,238.5,1.5,4,540,540,0.3537830598875473,8.528783059887548,test-45deg|mfh-45deg,solid,model_assisted_exclusive_assignment,False,visible_candidate,line-test-45deg-000192
test-45deg,0.07199999999999995,86.6793764857318,8.695652173912327e-05,0.28191598413835095,541,239.0,1.0,3,541,541,0.9400735271932774,9.115073527193278,test-45deg|mfh-45deg,solid,model_assisted_exclusive_assignment,False,visible_candidate,line-test-45deg-000193
test-45deg,0.07217391304347823,86.53841849366262,8.695652173915103e-05,0.4228739762075264,542,239.5,1.5,4,542,542,1.5263178129574726,1.9392533720768654,test-45deg|mfh-45deg,solid,model_assisted_exclusive_assignment,False,visible_candidate,line-test-45deg-000194
mfh-45deg,0.07217391304347823,84.98788058090167,8.695652173915103e-05,0.14095799206917548,542,245.0,0.5,1,542,542,0.2379355591193928,1.9392533720768654,test-45deg|mfh-45deg,dashed,model_assisted_exclusive_assignment,True,visible_candidate,line-mfh-45deg-000132
test-45deg,0.07234782608695647,86.6793764857318,8.695652173912327e-05,0.28191598413835095,543,239.0,1.0,3,543,543,1.1124629099166157,2.2389690413579104,test-45deg|mfh-45deg,solid,model_assisted_exclusive_assignment,False,visible_candidate,line-test-45deg-000195
mfh-45deg,0.07234782608695647,85.12883857297085,8.695652173912327e-05,0.14095799206917548,543,244.5,0.5,2,543,543,0.7765061314412947,2.2389690413579104,test-45deg|mfh-45deg,dashed,model_assisted_exclusive_assignment,False,visible_candidate,line-mfh-45deg-000133
test-45deg,0.07252173913043475,86.82033447780097,8.695652173915103e-05,0.4228739762075264,544,238.5,1.5,4,544,544,0.6984558108072463,8.873455810807247,test-45deg|mfh-45deg,solid,model_assisted_exclusive_assignment,False,visible_candidate,line-test-45deg-000196
test-45deg,0.072695652173913,86.96129246987014,8.695652173912327e-05,0.28191598413835095,545,238.0,1.0,3,545,545,0.2842435083659609,8.459243508365962,test-45deg|mfh-45deg,solid,model_assisted_exclusive_assignment,False,visible_candidate,line-test-45deg-000197
test-45deg,0.07286956521739127,86.96129246987014,8.695652173915103e-05,0.28191598413835095,546,238.0,1.0,3,546,546,0.36977299532927077,8.36977299532927,test-45deg|mfh-45deg,solid,model_assisted_exclusive_assignment,False,visible_candidate,line-test-45deg-000198
test-45deg,0.07304347826086952,86.96129246987014,8.695652173912327e-05,0.28191598413835095,547,238.0,1.0,3,547,547,0.45499126443374394,8.454991264433744,test-45deg|mfh-45deg,solid,model_assisted_exclusive_assignment,False,visible_candidate,line-test-45deg-000199
test-45deg,0.07321739130434779,86.96129246987014,8.695652173915103e-05,0.28191598413835095,548,238.0,1.0,3,548,548,0.5398453084159485,8.539845308415948,test-45deg|mfh-45deg,solid,model_assisted_exclusive_assignment,False,visible_candidate,line-test-45deg-000200
test-45deg,0.07339130434782604,86.96129246987014,8.695652173912327e-05,0.28191598413835095,549,238.0,1.0,3,549,549,0.6242821200123956,8.624282120012396,test-45deg|mfh-45deg,solid,model_assisted_exclusive_assignment,False,visible_candidate,line-test-45deg-000201
test-45deg,0.07356521739130431,86.96129246987014,8.695652173915103e-05,0.28191598413835095,550,238.0,1.0,3,550,550,0.7082486919597102,8.70824869195971,test-45deg|mfh-45deg,solid,model_assisted_exclusive_assignment,False,visible_candidate,line-test-45deg-000202
test-45deg,0.07373913043478256,87.10225046193932,8.695652173915103e-05,0.14095799206917548,551,237.5,0.5,2,551,551,0.2916920169943751,8.466692016994376,test-45deg|mfh-45deg,solid,model_assisted_exclusive_assignment,False,visible_candidate,line-test-45deg-000203
test-45deg,0.07391304347826083,86.82033447780097,8.695652173912327e-05,0.4228739762075264,552,238.5,1.5,4,552,552,1.3745590878529867,5.445882248015641,test-45deg|mfh-45deg,solid,model_assisted_exclusive_assignment,False,visible_candidate,line-test-45deg-000204
mfh-45deg,0.07391304347826083,85.83362853331674,8.695652173912327e-05,0.14095799206918969,552,242.0,0.5,1,552,552,3.7213231601626546,5.445882248015641,test-45deg|mfh-45deg,dashed,model_assisted_exclusive_assignment,True,visible_candidate,line-mfh-45deg-000134
test-45deg,0.07408695652173908,86.96129246987014,8.695652173915103e-05,0.28191598413835095,553,238.0,1.0,3,553,553,0.9567968972720848,9.131796897272086,test-45deg|mfh-45deg,solid,model_assisted_exclusive_assignment,False,visible_candidate,line-test-45deg-000205
test-45deg,0.07426086956521735,87.2432084540085,8.695652173912327e-05,0.28191598413836516,554,237.0,1.0,3,554,554,0.0383524379882374,4.04857987639034,test-45deg|mfh-45deg,solid,model_assisted_exclusive_assignment,False,visible_candidate,line-test-45deg-000206
mfh-45deg,0.07426086956521735,83.71925865227908,8.695652173912327e-05,0.14095799206917548,554,249.5,0.5,2,554,554,3.660227438402103,4.04857987639034,,dashed,visible_pixel_support,True,visible_candidate,line-mfh-45deg-000135
test-45deg,0.0744347826086956,87.2432084540085,8.695652173915103e-05,0.28191598413836516,555,237.0,1.0,3,555,555,0.11917270273789882,8.119172702737899,test-45deg|mfh-45deg,solid,model_assisted_exclusive_assignment,False,visible_candidate,line-test-45deg-000207
test-45deg,0.07460869565217387,87.52512443814686,8.695652173912327e-05,0.14095799206917548,556,236.0,0.5,1,556,556,0.8007953157422492,9.114460249082049,test-45deg|mfh-45deg,solid,model_assisted_exclusive_assignment,False,visible_candidate,line-test-45deg-000208
mfh-45deg,0.07460869565217387,86.96129246987014,8.695652173912327e-05,0.14095799206917548,556,238.0,0.5,1,556,556,7.9636649333398,9.114460249082049,test-45deg|mfh-45deg,dashed,model_assisted_exclusive_assignment,True,visible_candidate,line-mfh-45deg-000136
test-45deg,0.07478260869565212,87.2432084540085,8.695652173915103e-05,0.28191598413836516,557,237.0,1.0,3,557,557,0.2783953752843331,8.628395375284333,test-45deg|mfh-45deg,solid,model_assisted_exclusive_assignment,False,visible_candidate,line-test-45deg-000209
test-45deg,0.0749565217391304,87.52512443814686,8.695652173912327e-05,0.5638319682767161,558,236.0,2.0,5,558,558,0.6433082314458147,8.993308231445814,,solid,visible_pixel_support,False,visible_candidate,line-test-45deg-000210
test-45deg,0.07513043478260864,87.2432084540085,8.695652173915103e-05,0.28191598413836516,559,237.0,1.0,3,559,559,0.4340408568037901,8.78404085680379,test-45deg|mfh-45deg,solid,model_assisted_exclusive_assignment,False,visible_candidate,line-test-45deg-000211
test-45deg,0.07530434782608691,87.10225046193932,8.695652173912327e-05,0.42287397620754064,560,237.5,1.5,4,560,560,1.0103896327697726,9.185389632769773,test-45deg|mfh-45deg,solid,model_assisted_exclusive_assignment,False,visible_candidate,line-test-45deg-000212
test-45deg,0.07547826086956516,87.2432084540085,8.695652173915103e-05,0.28191598413836516,561,237.0,1.0,3,561,561,0.5856850891886438,4.0527911623123485,test-45deg|mfh-45deg,solid,model_assisted_exclusive_assignment,False,visible_candidate,line-test-45deg-000213
mfh-45deg,0.07547826086956516,85.55171254917838,8.695652173915103e-05,0.14095799206917548,561,243.0,0.5,1,561,561,3.292106073123705,4.0527911623123485,test-45deg|mfh-45deg,dashed,model_assisted_exclusive_assignment,True,visible_candidate,line-mfh-45deg-000137
test-45deg,0.07565217391304344,87.2432084540085,8.695652173912327e-05,0.28191598413836516,562,237.0,1.0,3,562,562,0.6598742187970004,8.659874218797,test-45deg|mfh-45deg,solid,model_assisted_exclusive_assignment,False,visible_candidate,line-test-45deg-000214
test-45deg,0.07582608695652168,87.38416644607769,8.695652173915103e-05,0.14095799206918969,563,236.5,0.5,2,563,563,0.23290401433138186,8.407904014331383,test-45deg|mfh-45deg,solid,model_assisted_exclusive_assignment,False,visible_candidate,line-test-45deg-000215
test-45deg,0.07599999999999996,87.38416644607769,8.695652173912327e-05,0.14095799206918969,564,236.5,0.5,2,564,564,0.3047214685282995,8.3047214685283,test-45deg|mfh-45deg,solid,model_assisted_exclusive_assignment,False,visible_candidate,line-test-45deg-000216
test-45deg,0.0761739130434782,87.38416644607769,8.695652173915103e-05,0.14095799206918969,565,236.5,0.5,2,565,565,0.37527357412440665,8.375273574124407,,solid,visible_pixel_support,False,visible_candidate,line-test-45deg-000217
test-45deg,0.07634782608695648,87.38416644607769,8.695652173912327e-05,0.14095799206918969,566,236.5,0.5,2,566,566,0.44450732385612923,8.44450732385613,,solid,visible_pixel_support,False,visible_candidate,line-test-45deg-000218
test-45deg,0.07652173913043472,87.38416644607769,8.695652173915103e-05,0.14095799206918969,567,236.5,0.5,2,567,567,0.5123697104601206,8.51236971046012,,solid,visible_pixel_support,False,visible_candidate,line-test-45deg-000219
test-45deg,0.076695652173913,87.52512443814686,8.695652173912327e-05,0.28191598413836516,568,236.0,1.0,3,568,568,0.07880772667286351,8.253807726672864,,solid,visible_pixel_support,False,visible_candidate,line-test-45deg-000220
test-45deg,0.07686956521739124,87.52512443814686,8.695652173915103e-05,0.28191598413836516,569,236.0,1.0,3,569,569,0.1437683652309829,5.491705382288842,,solid,visible_pixel_support,False,visible_candidate,line-test-45deg-000221
mfh-45deg,0.07686956521739124,85.97458652538592,8.695652173915103e-05,0.14095799206917548,569,241.5,0.5,2,569,569,5.347937017057859,5.491705382288842,test-45deg|mfh-45deg,dashed,model_assisted_exclusive_assignment,True,visible_candidate,line-mfh-45deg-000138
test-45deg,0.07704347826086952,87.80704042228521,8.695652173912327e-05,0.14095799206917548,570,235.0,0.5,1,570,570,0.7928013811290384,9.142801381129038,,solid,visible_pixel_support,False,visible_candidate,line-test-45deg-000222
test-45deg,0.07721739130434777,87.52512443814686,8.695652173915103e-05,0.28191598413836516,571,236.0,1.0,3,571,571,0.269045480329396,2.131178768304642,,solid,visible_pixel_support,False,visible_candidate,line-test-45deg-000223
mfh-45deg,0.07721739130434777,84.00117463641743,8.695652173915103e-05,0.14095799206917548,571,248.5,0.5,2,571,571,1.5121332879752458,2.131178768304642,,dashed,visible_pixel_support,True,visible_candidate,line-mfh-45deg-000139
test-45deg,0.07739130434782604,87.66608243021604,8.695652173912327e-05,0.42287397620754064,572,235.5,1.5,4,572,572,0.17074405765717415,1.7883012817423094,,solid,visible_pixel_support,False,visible_candidate,line-test-45deg-000224
mfh-45deg,0.07739130434782604,84.00117463641743,8.695652173912327e-05,0.42287397620754064,572,248.5,1.5,4,572,572,1.4425572240851352,1.7883012817423094,,dashed,visible_pixel_support,False,visible_candidate,line-mfh-45deg-000140
test-45deg,0.07756521739130431,87.52512443814686,8.695652173915103e-05,0.28191598413836516,573,236.0,1.0,3,573,573,0.3877769976477907,1.9361469414361807,,solid,visible_pixel_support,False,visible_candidate,line-test-45deg-000225
mfh-45deg,0.07756521739130431,84.00117463641743,8.695652173915103e-05,0.42287397620754064,573,248.5,1.5,4,573,573,1.37336994378839,1.9361469414361807,,dashed,visible_pixel_support,False,visible_candidate,line-mfh-45deg-000141
test-45deg,0.07773913043478256,87.52512443814686,8.695652173912327e-05,0.28191598413836516,574,236.0,1.0,3,574,574,0.4445556389808587,1.1648869959976138,,solid,visible_pixel_support,False,visible_candidate,line-test-45deg-000226
mfh-45deg,0.07773913043478256,84.42404861262497,8.695652173912327e-05,0.14095799206917548,574,247.0,0.5,1,574,574,0.1953313570167552,1.1648869959976138,,dashed,visible_pixel_support,False,visible_candidate,line-mfh-45deg-000142
test-45deg,0.07791304347826083,87.80704042228521,8.695652173915103e-05,0.5638319682767161,575,235.0,2.0,5,575,575,0.5004611409214021,1.262011658489564,,solid,visible_pixel_support,False,visible_candidate,line-test-45deg-000227
mfh-45deg,0.07791304347826083,84.2830906205558,8.695652173915103e-05,0.14095799206918969,575,247.5,0.5,2,575,575,0.23655051756816192,1.262011658489564,,dashed,visible_pixel_support,False,visible_candidate,line-mfh-45deg-000143
test-45deg,0.07808695652173908,87.66608243021604,8.695652173912327e-05,0.42287397620754064,576,235.5,1.5,4,576,576,0.05267365067754781,1.746786414118924,,solid,visible_pixel_support,False,visible_candidate,line-test-45deg-000228
mfh-45deg,0.07808695652173908,84.00117463641743,8.695652173912327e-05,0.42287397620754064,576,248.5,1.5,4,576,576,1.169112763441376,1.746786414118924,,dashed,visible_pixel_support,False,visible_candidate,line-mfh-45deg-000144
test-45deg,0.07826086956521736,87.52512443814686,8.695652173915103e-05,0.28191598413836516,577,236.0,1.0,3,577,577,0.6039070065142766,1.8813595830155407,,solid,visible_pixel_support,False,visible_candidate,line-test-45deg-000229
mfh-45deg,0.07826086956521736,84.00117463641743,8.695652173915103e-05,0.42287397620754064,577,248.5,1.5,4,577,577,1.102452576501264,1.8813595830155407,,dashed,visible_pixel_support,False,visible_candidate,line-mfh-45deg-000145
test-45deg,0.0784347826086956,87.52512443814686,8.695652173912327e-05,0.28191598413836516,578,236.0,1.0,3,578,578,0.6531859193252672,1.6898530719714415,,solid,visible_pixel_support,False,visible_candidate,line-test-45deg-000230
mfh-45deg,0.0784347826086956,84.00117463641743,8.695652173912327e-05,0.42287397620754064,578,248.5,1.5,4,578,578,1.0366671526461744,1.6898530719714415,,dashed,visible_pixel_support,False,visible_candidate,line-mfh-45deg-000146
test-45deg,0.07860869565217388,87.66608243021604,8.695652173915103e-05,0.14095799206917548,579,235.5,0.5,2,579,579,0.20045738184717266,1.347311069621543,,solid,visible_pixel_support,False,visible_candidate,line-test-45deg-000231
mfh-45deg,0.07860869565217388,84.00117463641743,8.695652173915103e-05,0.42287397620754064,579,248.5,1.5,4,579,579,0.9718536877743702,1.347311069621543,,dashed,visible_pixel_support,False,visible_candidate,line-mfh-45deg-000147
test-45deg,0.07878260869565212,87.66608243021604,8.695652173912327e-05,0.14095799206917548,580,235.5,0.5,2,580,580,0.24566838681647596,1.1537777646007328,,solid,visible_pixel_support,False,visible_candidate,line-test-45deg-000232
mfh-45deg,0.07878260869565212,84.00117463641743,8.695652173912327e-05,0.42287397620754064,580,248.5,1.5,4,580,580,0.9081093777842568,1.1537777646007328,,dashed,visible_pixel_support,False,visible_candidate,line-mfh-45deg-000148
test-45deg,0.0789565217391304,87.66608243021604,8.695652173915103e-05,0.14095799206917548,581,235.5,0.5,2,581,581,0.28876592696977355,1.1342973455438994,,solid,visible_pixel_support,False,visible_candidate,line-test-45deg-000233
mfh-45deg,0.0789565217391304,84.00117463641743,8.695652173915103e-05,0.42287397620754064,581,248.5,1.5,4,581,581,0.8455314185741258,1.1342973455438994,,dashed,visible_pixel_support,False,visible_candidate,line-mfh-45deg-000149
test-45deg,0.07913043478260864,87.66608243021604,8.695652173912327e-05,0.14095799206917548,582,235.5,0.5,2,582,582,0.32969699504360506,1.1139140010859592,,solid,visible_pixel_support,False,visible_candidate,line-test-45deg-000234
mfh-45deg,0.07913043478260864,84.00117463641743,8.695652173912327e-05,0.42287397620754064,582,248.5,1.5,4,582,582,0.7842170060423541,1.1139140010859592,,dashed,visible_pixel_support,False,visible_candidate,line-mfh-45deg-000150
test-45deg,0.07930434782608692,87.66608243021604,8.695652173915103e-05,0.14095799206917548,583,235.5,0.5,2,583,583,0.36840858377451013,1.0926719198617434,,solid,visible_pixel_support,False,visible_candidate,line-test-45deg-000235
mfh-45deg,0.07930434782608692,84.00117463641743,8.695652173915103e-05,0.42287397620754064,583,248.5,1.5,4,583,583,0.7242633360872333,1.0926719198617434,,dashed,visible_pixel_support,False,visible_candidate,line-mfh-45deg-000151
test-45deg,0.07947826086956516,87.80704042228521,8.695652173912327e-05,0.28191598413835095,584,235.0,1.0,3,584,584,0.09515231410097158,0.9359199187080549,,solid,visible_pixel_support,False,visible_candidate,line-test-45deg-000236
mfh-45deg,0.07947826086956516,84.00117463641743,8.695652173912327e-05,0.42287397620754064,584,248.5,1.5,4,584,584,0.6657676046070833,0.9359199187080549,,dashed,visible_pixel_support,False,visible_candidate,line-mfh-45deg-000152
test-45deg,0.07965217391304344,87.80704042228521,8.695652173915103e-05,0.28191598413835095,585,235.0,1.0,3,585,585,0.0610387058462436,0.6698657133465247,,solid,visible_pixel_support,False,visible_candidate,line-test-45deg-000237
mfh-45deg,0.07965217391304344,84.00117463641743,8.695652173915103e-05,0.42287397620754064,585,248.5,1.5,4,585,585,0.6088270075002811,0.6698657133465247,,dashed,visible_pixel_support,False,visible_candidate,line-mfh-45deg-000153
test-45deg,0.07982608695652169,87.80704042228521,8.695652173912327e-05,0.28191598413835095,586,235.0,1.0,3,586,586,0.02930359872476629,0.5828423393899129,,solid,visible_pixel_support,False,visible_candidate,line-test-45deg-000238
mfh-45deg,0.07982608695652169,84.00117463641743,8.695652173912327e-05,0.42287397620754064,586,248.5,1.5,4,586,586,0.5535387406651466,0.5828423393899129,,dashed,visible_pixel_support,False,visible_candidate,line-mfh-45deg-000154
test-45deg,0.07999999999999996,87.80704042228521,8.695652173915103e-05,0.28191598413835095,587,235.0,1.0,3,587,587,0.0,0.175,,solid,visible_pixel_support,False,visible_candidate,line-test-45deg-000239
mfh-45deg,0.07999999999999996,84.1421326284866,8.695652173915103e-05,0.28191598413836516,587,248.0,1.0,3,587,587,0.0,0.175,,dashed,visible_pixel_support,False,visible_candidate,line-mfh-45deg-000155
test-45deg,0.0801739130434782,87.66608243021604,8.695652173912327e-05,0.42287397620754064,588,235.5,1.5,4,588,588,0.5280064581274644,0.7030064581274644,,solid,visible_pixel_support,False,visible_candidate,line-test-45deg-000240
test-45deg,0.08034782608695648,87.80704042228521,8.695652173915103e-05,0.28191598413835095,589,235.0,1.0,3,589,589,0.05587684199727505,0.23087684199727504,,solid,visible_pixel_support,False,visible_candidate,line-test-45deg-000241
test-45deg,0.08052173913043473,87.94799841435439,8.695652173912327e-05,0.4228739762075264,590,234.5,1.5,4,590,590,0.4164018078436982,0.5914018078436982,,solid,visible_pixel_support,False,visible_candidate,line-test-45deg-000242
test-45deg,0.080695652173913,88.08895640642356,8.695652173915103e-05,0.5638319682767019,591,234.0,2.0,5,591,591,0.8888424508485855,1.0638424508485855,,solid,visible_pixel_support,False,visible_candidate,line-test-45deg-000243
test-45deg,0.08086956521739125,87.94799841435439,8.695652173915103e-05,0.14095799206917548,592,234.5,0.5,2,592,592,0.3614580464704602,0.5364580464704602,,solid,visible_pixel_support,False,visible_candidate,line-test-45deg-000244
test-45deg,0.08104347826086952,88.08895640642356,8.695652173912327e-05,0.28191598413835095,593,234.0,1.0,3,593,593,0.8342615541624241,1.0092615541624241,,solid,visible_pixel_support,False,visible_candidate,line-test-45deg-000245
test-45deg,0.08121739130434777,87.94799841435439,8.695652173915103e-05,0.4228739762075264,594,234.5,1.5,4,594,594,0.30726593337763575,0.48226593337763574,,solid,visible_pixel_support,False,visible_candidate,line-test-45deg-000246
test-45deg,0.08139130434782604,87.80704042228521,8.695652173912327e-05,0.28191598413835095,595,235.0,1.0,3,595,595,0.2195158564308599,0.3945158564308599,,solid,visible_pixel_support,False,visible_candidate,line-test-45deg-000247
test-45deg,0.08156521739130429,87.66608243021604,8.695652173915103e-05,0.42287397620754064,596,235.5,1.5,4,596,596,0.7460708558098759,0.9210708558098759,,solid,visible_pixel_support,False,visible_candidate,line-test-45deg-000248
test-45deg,0.08173913043478256,87.94799841435439,8.695652173912327e-05,0.14095799206917548,597,234.5,0.5,2,597,597,0.2276138946936328,0.5776138946936328,,solid,visible_pixel_support,False,visible_candidate,line-test-45deg-000249
test-45deg,0.08191304347826081,87.94799841435439,8.695652173915103e-05,0.14095799206917548,598,234.5,0.5,2,598,598,0.2015513545328531,0.2015513545328531,,solid,visible_pixel_support,False,visible_candidate,line-test-45deg-000250
test-45deg,0.08208695652173909,87.94799841435439,8.695652173912327e-05,0.14095799206917548,599,234.5,0.5,2,599,599,0.17575448316082998,0.17575448316082998,,solid,visible_pixel_support,False,visible_candidate,line-test-45deg-000251
test-45deg,0.08226086956521733,87.94799841435439,8.695652173915103e-05,0.14095799206917548,600,234.5,0.5,2,600,600,0.15023624003069358,0.15023624003069358,,solid,visible_pixel_support,False,visible_candidate,line-test-45deg-000252
test-45deg,0.0824347826086956,87.94799841435439,8.695652173912327e-05,0.14095799206917548,601,234.5,0.5,2,601,601,0.12500958459554568,0.12500958459554568,,solid,visible_pixel_support,False,visible_candidate,line-test-45deg-000253
test-45deg,0.08260869565217385,87.94799841435439,8.695652173915103e-05,0.14095799206917548,602,234.5,0.5,2,602,602,0.10008747630851644,0.10008747630851644,,solid,visible_pixel_support,False,visible_candidate,line-test-45deg-000254
test-45deg,0.08278260869565213,87.94799841435439,8.695652173912327e-05,0.14095799206917548,603,234.5,0.5,2,603,603,0.07548287462270764,0.07548287462270764,,solid,visible_pixel_support,False,visible_candidate,line-test-45deg-000255
test-45deg,0.08295652173913037,87.94799841435439,8.695652173915103e-05,0.14095799206917548,604,234.5,0.5,2,604,604,0.051208738991221026,0.051208738991221026,,solid,visible_pixel_support,False,visible_candidate,line-test-45deg-000256
test-45deg,0.08313043478260865,87.80704042228521,8.695652173912327e-05,0.28191598413835095,605,235.0,1.0,3,605,605,0.47272197113284165,0.6477219711328417,,solid,visible_pixel_support,False,visible_candidate,line-test-45deg-000257
test-45deg,0.0833043478260869,87.80704042228521,8.695652173915103e-05,0.28191598413835095,606,235.0,1.0,3,606,606,0.49629629629629335,0.49629629629629335,,solid,visible_pixel_support,False,visible_candidate,line-test-45deg-000258
test-45deg,0.08347826086956517,88.08895640642356,8.695652173912327e-05,0.28191598413835095,607,234.0,1.0,3,607,607,0.4804987229538824,0.8304987229538824,,solid,visible_pixel_support,False,visible_candidate,line-test-45deg-000259
test-45deg,0.08365217391304341,88.22991439849274,8.695652173915103e-05,0.4228739762075264,608,233.5,1.5,4,608,608,0.9576760460708442,1.1326760460708443,,solid,visible_pixel_support,False,visible_candidate,line-test-45deg-000260
test-45deg,0.08382608695652169,87.80704042228521,8.695652173912327e-05,0.14095799206917548,609,235.0,0.5,1,609,609,0.5647513674922777,1.0897513674922776,,solid,visible_pixel_support,False,visible_candidate,line-test-45deg-000261
test-45deg,0.08399999999999994,88.22991439849274,8.695652173915103e-05,0.4228739762075264,610,233.5,1.5,4,610,610,0.9132294417175331,1.438229441717533,,solid,visible_pixel_support,False,visible_candidate,line-test-45deg-000262
test-45deg,0.08417391304347821,88.08895640642356,8.695652173912327e-05,0.28191598413835095,611,234.0,1.0,3,611,611,0.39163143315352045,0.5666314331535205,,solid,visible_pixel_support,False,visible_candidate,line-test-45deg-000263
test-45deg,0.08434782608695648,88.08895640642356,8.695652173915103e-05,0.28191598413835095,612,234.0,1.0,3,612,612,0.3704675662687009,0.3704675662687009,,solid,visible_pixel_support,False,visible_candidate,line-test-45deg-000264
test-45deg,0.08452173913043473,87.94799841435439,8.695652173912327e-05,0.4228739762075264,613,234.5,1.5,4,613,613,0.15024919948376692,0.3252491994837669,,solid,visible_pixel_support,False,visible_candidate,line-test-45deg-000265
test-45deg,0.084695652173913,88.08895640642356,8.695652173915103e-05,0.28191598413835095,614,234.0,1.0,3,614,614,0.32949409534916185,0.5044940953491619,,solid,visible_pixel_support,False,visible_candidate,line-test-45deg-000266
test-45deg,0.08486956521739125,88.08895640642356,8.695652173912327e-05,0.28191598413835095,615,234.0,1.0,3,615,615,0.30971041022070267,0.30971041022070267,,solid,visible_pixel_support,False,visible_candidate,line-test-45deg-000267
test-45deg,0.08504347826086953,88.08895640642356,8.695652173915103e-05,0.28191598413835095,616,234.0,1.0,3,616,616,0.2904127045838436,0.2904127045838436,,solid,visible_pixel_support,False,visible_candidate,line-test-45deg-000268
test-45deg,0.08521739130434777,88.08895640642356,8.695652173912327e-05,0.28191598413835095,617,234.0,1.0,3,617,617,0.2716139378918001,0.2716139378918001,,solid,visible_pixel_support,False,visible_candidate,line-test-45deg-000269
test-45deg,0.08539130434782605,88.08895640642356,8.695652173915103e-05,0.28191598413835095,618,234.0,1.0,3,618,618,0.2533270695976739,0.2533270695976739,,solid,visible_pixel_support,False,visible_candidate,line-test-45deg-000270
test-45deg,0.0855652173913043,88.08895640642356,8.695652173912327e-05,0.28191598413835095,619,234.0,1.0,3,619,619,0.23556505915450998,0.23556505915450998,,solid,visible_pixel_support,False,visible_candidate,line-test-45deg-000271
test-45deg,0.08573913043478257,88.08895640642356,8.695652173915103e-05,0.28191598413835095,620,234.0,1.0,3,620,620,0.21834086601546687,0.21834086601546687,,solid,visible_pixel_support,False,visible_candidate,line-test-45deg-000272
test-45deg,0.08591304347826081,88.08895640642356,8.695652173912327e-05,0.28191598413835095,621,234.0,1.0,3,621,621,0.20166744963364636,0.20166744963364636,,solid,visible_pixel_support,False,visible_candidate,line-test-45deg-000273
test-45deg,0.08608695652173909,87.94799841435439,8.695652173915103e-05,0.4228739762075264,622,234.5,1.5,4,622,622,0.3144422305378498,0.4894422305378498,,solid,visible_pixel_support,False,visible_candidate,line-test-45deg-000274
test-45deg,0.08626086956521734,88.08895640642356,8.695652173912327e-05,0.28191598413835095,623,234.0,1.0,3,623,623,0.17002478495408013,0.3450247849540801,,solid,visible_pixel_support,False,visible_candidate,line-test-45deg-000275
test-45deg,0.08643478260869561,88.22991439849274,8.695652173915103e-05,0.4228739762075264,624,233.5,1.5,4,624,624,0.6550814555625948,0.8300814555625948,,solid,visible_pixel_support,False,visible_candidate,line-test-45deg-000276
test-45deg,0.08660869565217386,88.08895640642356,8.695652173912327e-05,0.28191598413835095,625,234.0,1.0,3,625,625,0.14074074074073906,0.31574074074073905,,solid,visible_pixel_support,False,visible_candidate,line-test-45deg-000277
test-45deg,0.08678260869565213,88.08895640642356,8.695652173915103e-05,0.28191598413835095,626,234.0,1.0,3,626,626,0.12701559994167155,0.12701559994167155,,solid,visible_pixel_support,False,visible_candidate,line-test-45deg-000278
test-45deg,0.08695652173913038,88.08895640642356,8.695652173912327e-05,0.28191598413835095,627,234.0,1.0,3,627,627,0.11391899261852245,0.11391899261852245,,solid,visible_pixel_support,False,visible_candidate,line-test-45deg-000279
test-45deg,0.08713043478260865,88.22991439849274,8.695652173915103e-05,0.4228739762075264,628,233.5,1.5,4,628,628,0.6014638782243082,0.7764638782243083,,solid,visible_pixel_support,False,visible_candidate,line-test-45deg-000280
test-45deg,0.0873043478260869,88.08895640642356,8.695652173912327e-05,0.28191598413835095,629,234.0,1.0,3,629,629,0.0896632162122728,0.2646632162122728,,solid,visible_pixel_support,False,visible_candidate,line-test-45deg-000281
test-45deg,0.08747826086956517,88.08895640642356,8.695652173915103e-05,0.28191598413835095,630,234.0,1.0,3,630,630,0.07852996603543261,0.07852996603543261,,solid,visible_pixel_support,False,visible_candidate,line-test-45deg-000282
test-45deg,0.08765217391304342,88.08895640642356,8.695652173915103e-05,0.28191598413835095,631,234.0,1.0,3,631,631,0.06807708714691785,0.06807708714691785,,solid,visible_pixel_support,False,visible_candidate,line-test-45deg-000283
test-45deg,0.08782608695652169,88.08895640642356,8.695652173912327e-05,0.28191598413835095,632,234.0,1.0,3,632,632,0.0583175389998587,0.0583175389998587,,solid,visible_pixel_support,False,visible_candidate,line-test-45deg-000284
test-45deg,0.08799999999999994,87.94799841435439,8.695652173915103e-05,0.14095799206917548,633,234.5,0.5,2,633,633,0.4507357189526715,0.6257357189526715,,solid,visible_pixel_support,False,visible_candidate,line-test-45deg-000285
test-45deg,0.08817391304347821,88.08895640642356,8.695652173912327e-05,0.28191598413835095,634,234.0,1.0,3,634,634,0.04093027274248584,0.21593027274248583,,solid,visible_pixel_support,False,visible_candidate,line-test-45deg-000286
test-45deg,0.08834782608695646,87.94799841435439,8.695652173915103e-05,0.14095799206917548,635,234.5,0.5,2,635,635,0.4666715264615675,0.6416715264615676,,solid,visible_pixel_support,False,visible_candidate,line-test-45deg-000287
test-45deg,0.08852173913043473,87.94799841435439,8.695652173912327e-05,0.14095799206917548,636,234.5,0.5,2,636,636,0.47352815711178664,0.47352815711178664,,solid,visible_pixel_support,False,visible_candidate,line-test-45deg-000288
test-45deg,0.08869565217391298,87.94799841435439,8.695652173915103e-05,0.14095799206917548,637,234.5,0.5,2,637,637,0.4796266597549561,0.4796266597549561,,solid,visible_pixel_support,False,visible_candidate,line-test-45deg-000289
test-45deg,0.08886956521739126,87.94799841435439,8.695652173912327e-05,0.14095799206917548,638,234.5,0.5,2,638,638,0.4849540749380594,0.4849540749380594,,solid,visible_pixel_support,False,visible_candidate,line-test-45deg-000290
test-45deg,0.0890434782608695,87.94799841435439,8.695652173915103e-05,0.14095799206917548,639,234.5,0.5,2,639,639,0.48949744320788113,0.48949744320788113,,solid,visible_pixel_support,False,visible_candidate,line-test-45deg-000291
test-45deg,0.08921739130434778,87.94799841435439,8.695652173912327e-05,0.14095799206917548,640,234.5,0.5,2,640,640,0.4932438051114332,0.4932438051114332,,solid,visible_pixel_support,False,visible_candidate,line-test-45deg-000292
test-45deg,0.08939130434782602,88.08895640642356,8.695652173915103e-05,0.14095799206917548,641,234.0,0.5,1,641,641,0.003819798804471475,0.17881979880447146,,solid,visible_pixel_support,False,visible_candidate,line-test-45deg-000293
test-45deg,0.0895652173913043,87.80704042228521,8.695652173912327e-05,0.28191598413835095,642,235.0,1.0,3,642,642,0.9982936720070654,1.3482936720070655,,solid,visible_pixel_support,False,visible_candidate,line-test-45deg-000294
test-45deg,0.08973913043478254,88.08895640642356,8.695652173915103e-05,0.28191598413835095,643,234.0,1.0,3,643,643,0.0004287419070863052,0.3504287419070863,,solid,visible_pixel_support,False,visible_candidate,line-test-45deg-000295
test-45deg,0.08991304347826082,87.80704042228521,8.695652173912327e-05,0.28191598413835095,644,235.0,1.0,3,644,644,1.0,1.35,,solid,visible_pixel_support,False,visible_candidate,line-test-45deg-000296
test-45deg,0.09008695652173906,87.80704042228521,8.695652173915103e-05,0.28191598413835095,645,235.0,1.0,3,645,645,0.9596168294515621,0.9596168294515621,,solid,visible_pixel_support,False,visible_candidate,line-test-45deg-000297
test-45deg,0.09026086956521734,87.94799841435439,8.695652173912327e-05,0.4228739762075264,646,234.5,1.5,4,646,646,0.3422238918106757,0.5172238918106757,,solid,visible_pixel_support,False,visible_candidate,line-test-45deg-000298
test-45deg,0.09043478260869559,87.80704042228521,8.695652173915103e-05,0.28191598413835095,647,235.0,1.0,3,647,647,0.6534560480841662,0.8284560480841663,,solid,visible_pixel_support,False,visible_candidate,line-test-45deg-000299
test-45deg,0.09060869565217386,87.66608243021604,8.695652173912327e-05,0.42287397620754064,648,235.5,1.5,4,648,648,0.8989481592787172,1.0739481592787172,,solid,visible_pixel_support,False,visible_candidate,line-test-45deg-000300
test-45deg,0.0907826086956521,87.52512443814686,8.695652173915103e-05,0.28191598413836516,649,236.0,1.0,3,649,649,1.0843350864011825,1.2593350864011825,,solid,visible_pixel_support,False,visible_candidate,line-test-45deg-000301
test-45deg,0.09095652173913038,87.52512443814686,8.695652173912327e-05,0.28191598413836516,650,236.0,1.0,3,650,650,0.7152516904583024,0.7152516904583024,,solid,visible_pixel_support,False,visible_candidate,line-test-45deg-000302
test-45deg,0.09113043478260865,87.52512443814686,8.695652173915103e-05,0.28191598413836516,651,236.0,1.0,3,651,651,0.2973328324568172,0.2973328324568172,,solid,visible_pixel_support,False,visible_candidate,line-test-45deg-000303
test-45deg,0.0913043478260869,87.2432084540085,8.695652173912327e-05,0.14095799206918969,652,237.0,0.5,1,652,652,0.8362133734034387,1.1862133734034388,,solid,visible_pixel_support,False,visible_candidate,line-test-45deg-000304
test-45deg,0.09147826086956518,87.52512443814686,8.695652173915103e-05,0.28191598413836516,653,236.0,1.0,3,653,653,0.6624718256949791,1.0124718256949792,,solid,visible_pixel_support,False,visible_candidate,line-test-45deg-000305
test-45deg,0.09165217391304342,87.38416644607769,8.695652173912327e-05,0.14095799206918969,654,236.5,0.5,2,654,654,0.6930879038316959,0.868087903831696,,solid,visible_pixel_support,False,visible_candidate,line-test-45deg-000306
test-45deg,0.0918260869565217,87.38416644607769,8.695652173915103e-05,0.14095799206918969,655,236.5,0.5,2,655,655,1.25,1.25,,solid,visible_pixel_support,False,visible_candidate,line-test-45deg-000307
test-45deg,0.09199999999999994,87.2432084540085,8.695652173912327e-05,0.28191598413836516,656,237.0,1.0,3,656,656,1.3275732531930942,1.5025732531930942,,solid,visible_pixel_support,False,visible_candidate,line-test-45deg-000308
test-45deg,0.09217391304347822,87.2432084540085,8.695652173915103e-05,0.28191598413836516,657,237.0,1.0,3,657,657,1.9201728024042097,1.9201728024042097,,solid,visible_pixel_support,False,visible_candidate,line-test-45deg-000309
test-45deg,0.09234782608695646,86.25650250952427,8.695652173912327e-05,1.2686219286225935,658,240.5,4.5,10,658,658,0.9778362133733935,2.202836213373393,,solid,visible_pixel_support,False,visible_candidate,line-test-45deg-000310
test-45deg,0.09252173913043474,86.11554451745509,8.695652173915103e-05,1.409579920691769,659,241.0,5.0,11,659,659,0.8720886551464844,1.0470886551464844,,solid,visible_pixel_support,False,visible_candidate,line-test-45deg-000311
test-45deg,0.09269565217391298,85.97458652538592,8.695652173912327e-05,1.5505379127609444,660,241.5,5.5,12,660,660,0.7682193839218598,0.9432193839218599,,solid,visible_pixel_support,False,visible_candidate,line-test-45deg-000312
test-45deg,0.09286956521739126,86.25650250952427,8.695652173915103e-05,1.8324538968992954,661,240.5,6.5,14,661,661,0.8281367392937682,1.1781367392937683,,solid,visible_pixel_support,False,visible_candidate,line-test-45deg-000313
test-45deg,0.0930434782608695,85.97458652538592,8.695652173912327e-05,2.1143698810376605,662,241.5,7.5,16,662,662,0.41134485349363104,0.761344853493631,,solid,visible_pixel_support,False,visible_candidate,line-test-45deg-000314
test-45deg,0.09321739130434778,86.11554451745509,8.695652173915103e-05,2.255327873106836,663,241.0,8.0,17,663,663,1.4757700976709316,1.6507700976709316,,solid,visible_pixel_support,False,visible_candidate,line-test-45deg-000315
test-45deg,0.09339130434782603,85.55171254917838,8.695652173912327e-05,2.537243857245187,664,243.0,9.0,19,664,664,0.01577761081892959,0.7157776108189295,,solid,visible_pixel_support,False,visible_candidate,line-test-45deg-000316
test-45deg,0.0935652173913043,85.4107545571092,8.695652173915103e-05,2.3962858651760115,665,243.5,8.5,18,665,665,0.02573253193088476,0.20073253193088475,,solid,visible_pixel_support,False,visible_candidate,line-test-45deg-000317
test-45deg,0.09373913043478255,84.70596459676332,8.695652173912327e-05,0.5638319682767161,666,246.0,2.0,5,666,666,2.0,2.875,,solid,visible_pixel_support,False,visible_candidate,line-test-45deg-000318
test-90deg,0.00017391304347825695,0.6950013235339725,8.695652173913021e-05,0.5638319682767019,128,544.0,2.0,5,128,128,0.0,8.0,test-90deg|mfh-90deg,solid,model_assisted_exclusive_assignment,True,visible_candidate,line-test-90deg-000001
test-90deg,0.00034782608695651737,0.6950013235339725,8.695652173913021e-05,0.5638319682767019,129,544.0,2.0,5,129,129,2.1123783862426535,10.112378386242654,test-90deg|mfh-90deg,solid,model_assisted_exclusive_assignment,False,visible_candidate,line-test-90deg-000002
test-90deg,0.0005217391304347778,0.8359593156031622,8.695652173913021e-05,0.7047899603458916,130,543.5,2.5,6,130,130,3.715536595469075,11.890536595469076,test-90deg|mfh-90deg,solid,model_assisted_exclusive_assignment,False,visible_candidate,line-test-90deg-000003
test-90deg,0.0006956521739130382,1.1178752997415131,8.695652173913021e-05,0.9867059444842425,131,542.5,3.5,8,131,131,4.811450379896655,13.161450379896655,test-90deg|mfh-90deg,solid,model_assisted_exclusive_assignment,False,visible_candidate,line-test-90deg-000004
test-90deg,0.0008695652173912986,1.399791283879864,8.695652173913021e-05,1.2686219286225935,132,541.5,4.5,10,132,132,5.902095491743353,14.252095491743352,test-90deg|mfh-90deg,solid,model_assisted_exclusive_assignment,False,visible_candidate,line-test-90deg-000005
test-90deg,0.0010434782608695625,1.5407492759490253,8.695652173913368e-05,1.4095799206917832,133,541.0,5.0,11,133,133,7.48944768322724,9.306592030877528,,solid,visible_pixel_support,False,visible_candidate,line-test-90deg-000006
mfh-90deg,0.0010434782608695625,5.2056570697476445,8.695652173913368e-05,0.28191598413837937,133,528.0,1.0,3,133,133,1.6421443476502873,9.306592030877528,test-90deg|mfh-90deg,dashed,model_assisted_exclusive_assignment,True,visible_candidate,line-mfh-90deg-000001
test-90deg,0.001217391304347823,1.963623252156566,8.695652173913021e-05,1.5505379127609444,134,539.5,5.5,12,134,134,8.075482706565822,9.105499226490975,,solid,visible_pixel_support,False,visible_candidate,line-test-90deg-000007
mfh-90deg,0.001217391304347823,5.346615061816806,8.695652173913021e-05,0.7047899603458916,134,527.5,2.5,6,134,134,0.33001651992515235,9.105499226490975,test-90deg|mfh-90deg,dashed,model_assisted_exclusive_assignment,False,visible_candidate,line-mfh-90deg-000002
test-90deg,0.0013913043478260834,3.7960771490558614,8.695652173913021e-05,2.537243857245187,135,533.0,9.0,19,135,135,3.66217631397717,13.93717631397717,test-90deg|mfh-90deg,solid,model_assisted_exclusive_assignment,False,visible_candidate,line-test-90deg-000008
test-90deg,0.0015652173913043438,4.218951125263402,8.695652173913021e-05,2.3962858651760257,136,531.5,8.5,18,136,136,4.2515042576786755,12.776504257678676,test-90deg|mfh-90deg,solid,model_assisted_exclusive_assignment,False,visible_candidate,line-test-90deg-000009
test-90deg,0.0017391304347826042,4.641825101470914,8.695652173913021e-05,2.255327873106836,137,530.0,8.0,17,137,137,4.845442289888638,13.370442289888638,,solid,visible_pixel_support,False,visible_candidate,line-test-90deg-000010
test-90deg,0.0019130434782608646,5.2056570697476445,8.695652173913021e-05,2.255327873106836,138,528.0,8.0,17,138,138,4.945966162824448,13.645966162824447,,solid,visible_pixel_support,False,visible_candidate,line-test-90deg-000011
test-90deg,0.002086956521739125,5.4875730538859955,8.695652173913021e-05,2.255327873106836,139,527.0,8.0,17,139,139,6.055051628704177,14.405051628704177,,solid,visible_pixel_support,False,visible_candidate,line-test-90deg-000012
test-90deg,0.0022608695652173855,5.628531045955157,8.695652173913021e-05,2.1143698810376463,140,526.5,7.5,16,140,140,7.674674439745445,15.849674439745446,,solid,visible_pixel_support,False,visible_candidate,line-test-90deg-000013
test-90deg,0.002434782608695646,5.769489038024346,8.695652173913021e-05,1.6914959048301341,141,526.0,6.0,13,141,141,9.30681034816621,17.48181034816621,,solid,visible_pixel_support,False,visible_candidate,line-test-90deg-000014
test-90deg,0.003130434782608691,9.998228800099639,8.695652173913021e-05,0.14095799206918969,145,511.0,0.5,1,145,145,3.0,11.0,,solid,visible_pixel_support,True,visible_candidate,line-test-90deg-000015
test-90deg,0.0033043478260869515,8.870564863546235,8.695652173913021e-05,1.1276639365534322,146,515.0,4.0,9,146,146,9.235930716115718,18.635930716115716,,solid,visible_pixel_support,False,visible_candidate,line-test-90deg-000016
test-90deg,0.003478260869565212,12.253556673206475,8.695652173913021e-05,0.14095799206918969,147,503.0,0.5,1,147,147,0.48717531975665906,12.687175319756658,test-90deg|mfh-90deg,solid,model_assisted_exclusive_assignment,False,visible_candidate,line-test-90deg-000017
test-90deg,0.0036521739130434723,10.28014478423799,8.695652173913021e-05,0.8457479524150529,148,510.0,3.0,7,148,148,8.822771987996418,19.272771987996418,,solid,visible_pixel_support,False,visible_candidate,line-test-90deg-000018
test-90deg,0.003999999999999993,11.407808720791422,8.695652173913021e-05,0.28191598413837937,150,506.0,1.0,3,150,150,9.510187016835346,17.510187016835346,,solid,visible_pixel_support,True,visible_candidate,line-test-90deg-000019
test-90deg,0.01826086956521738,43.405272920494525,8.695652173913021e-05,0.9867059444842425,232,392.5,3.5,8,232,232,9.944329769067963,17.944329769067963,,solid,visible_pixel_support,True,visible_candidate,line-test-90deg-000020
test-90deg,0.01843478260869564,43.68718890463289,8.695652173913021e-05,0.9867059444842425,233,391.5,3.5,8,233,233,9.635466917518613,17.985466917518615,,solid,visible_pixel_support,False,visible_candidate,line-test-90deg-000021
test-90deg,0.020173913043478243,47.211138706362306,8.695652173913021e-05,0.14095799206917548,243,379.0,0.5,1,243,243,4.868126823487557,12.868126823487557,,solid,visible_pixel_support,True,visible_candidate,line-test-90deg-000022
test-90deg,0.020521739130434764,48.05688665877736,8.695652173913021e-05,0.14095799206918969,245,376.0,0.5,1,245,245,3.6952121617026137,11.695212161702614,,solid,visible_pixel_support,True,visible_candidate,line-test-90deg-000023
test-90deg,0.020695652173913025,48.338802642915724,8.695652173913715e-05,0.28191598413836516,246,375.0,1.0,3,246,246,3.649925754056653,11.999925754056653,,solid,visible_pixel_support,False,visible_candidate,line-test-90deg-000024
test-90deg,0.020869565217391292,48.4797606349849,8.695652173913021e-05,0.42287397620754064,247,374.5,1.5,4,247,247,4.129256680326023,12.304256680326024,,solid,visible_pixel_support,False,visible_candidate,line-test-90deg-000025
test-90deg,0.021043478260869553,48.76167661912325,8.695652173913021e-05,0.4228739762075264,248,373.5,1.5,4,248,248,4.131082479324164,12.481082479324163,,solid,visible_pixel_support,False,visible_candidate,line-test-90deg-000026
test-90deg,0.021217391304347813,48.902634611192425,8.695652173913021e-05,0.5638319682767019,249,373.0,2.0,5,249,249,4.653280689864175,12.828280689864176,,solid,visible_pixel_support,False,visible_candidate,line-test-90deg-000027
test-90deg,0.021391304347826073,49.184550595330776,8.695652173913021e-05,0.5638319682767161,250,372.0,2.0,5,250,250,4.693728850759555,13.043728850759555,,solid,visible_pixel_support,False,visible_candidate,line-test-90deg-000028
test-90deg,0.021565217391304334,49.6074245715383,8.695652173913021e-05,0.42287397620754064,251,370.5,1.5,4,251,251,4.250304500823688,12.775304500823689,,solid,visible_pixel_support,False,visible_candidate,line-test-90deg-000029
test-90deg,0.021739130434782594,49.74838256360749,8.695652173913021e-05,0.5638319682767161,252,370.0,2.0,5,252,252,4.8208851788696165,12.995885178869617,,solid,visible_pixel_support,False,visible_candidate,line-test-90deg-000030
test-90deg,0.021913043478260855,50.03029854774584,8.695652173913021e-05,0.5638319682767161,253,369.0,2.0,5,253,253,4.903348423710781,13.253348423710781,,solid,visible_pixel_support,False,visible_candidate,line-test-90deg-000031
test-90deg,0.022086956521739115,50.312214531884194,8.695652173913021e-05,0.5638319682767019,254,368.0,2.0,5,254,254,4.995571774160396,13.345571774160396,,solid,visible_pixel_support,False,visible_candidate,line-test-90deg-000032
test-90deg,0.022260869565217375,50.73508850809172,8.695652173913021e-05,0.4228739762075264,255,366.5,1.5,4,255,255,4.595432769032016,13.120432769032016,,solid,visible_pixel_support,False,visible_candidate,line-test-90deg-000033
test-90deg,0.022434782608695636,51.01700449223007,8.695652173913021e-05,0.42287397620754064,256,365.5,1.5,4,256,256,4.700808947138626,13.050808947138625,,solid,visible_pixel_support,False,visible_candidate,line-test-90deg-000034
test-90deg,0.022608695652173896,51.01700449223007,8.695652173913021e-05,0.42287397620754064,257,365.5,1.5,4,257,257,5.809577847293781,13.809577847293781,,solid,visible_pixel_support,False,visible_candidate,line-test-90deg-000035
test-90deg,0.022782608695652157,51.29892047636844,8.695652173913021e-05,0.42287397620754064,258,364.5,1.5,4,258,258,5.919617008310581,14.26961700831058,,solid,visible_pixel_support,False,visible_candidate,line-test-90deg-000036
test-90deg,0.022956521739130417,51.72179445257596,8.695652173913021e-05,0.5638319682767161,259,363.0,2.0,5,259,259,5.528803969002411,14.053803969002411,,solid,visible_pixel_support,False,visible_candidate,line-test-90deg-000037
test-90deg,0.023130434782608678,52.003710436714314,8.695652173913021e-05,0.5638319682767019,260,362.0,2.0,5,260,260,5.635016268182596,13.985016268182596,,solid,visible_pixel_support,False,visible_candidate,line-test-90deg-000038
test-90deg,0.023304347826086938,52.003710436714314,8.695652173913021e-05,0.5638319682767019,261,362.0,2.0,5,261,261,6.736131444664466,14.736131444664466,,solid,visible_pixel_support,False,visible_candidate,line-test-90deg-000039
test-90deg,0.0234782608695652,52.285626420852665,8.695652173913021e-05,0.5638319682767019,262,361.0,2.0,5,262,262,6.830027037261232,15.180027037261231,,solid,visible_pixel_support,False,visible_candidate,line-test-90deg-000040
test-90deg,0.02365217391304346,52.567542404991016,8.695652173913021e-05,0.5638319682767161,263,360.0,2.0,5,263,263,6.914580584786336,15.264580584786335,,solid,visible_pixel_support,False,visible_candidate,line-test-90deg-000041
test-90deg,0.02382608695652172,52.84945838912937,8.695652173913021e-05,0.5638319682767161,264,359.0,2.0,5,264,264,6.9876696260528774,15.337669626052877,,solid,visible_pixel_support,False,visible_candidate,line-test-90deg-000042
test-90deg,0.02399999999999998,52.99041638119856,8.695652173913021e-05,0.42287397620754064,265,358.5,1.5,4,265,265,7.547171699874298,15.722171699874298,,solid,visible_pixel_support,False,visible_candidate,line-test-90deg-000043
test-90deg,0.024173913043478247,53.27233236533691,8.695652173913715e-05,0.42287397620754064,266,357.5,1.5,4,266,266,7.5909643450639805,15.94096434506398,,solid,visible_pixel_support,False,visible_candidate,line-test-90deg-000044
test-90deg,0.024347826086956507,53.41329035740608,8.695652173913021e-05,0.5638319682767161,267,357.0,2.0,5,267,267,8.116925100434969,16.29192510043497,,solid,visible_pixel_support,False,visible_candidate,line-test-90deg-000045
test-90deg,0.024521739130434768,53.83616433361361,8.695652173913021e-05,0.4228739762075264,268,355.5,1.5,4,268,268,7.622931504800874,16.147931504800873,,solid,visible_pixel_support,False,visible_candidate,line-test-90deg-000046
test-90deg,0.02469565217391303,53.977122325682785,8.695652173913021e-05,0.5638319682767161,269,355.0,2.0,5,269,269,8.10686109697474,16.28186109697474,,solid,visible_pixel_support,False,visible_candidate,line-test-90deg-000047
test-90deg,0.02486956521739129,54.259038309821136,8.695652173913021e-05,0.5638319682767161,270,354.0,2.0,5,270,270,8.06659141577012,16.41659141577012,,solid,visible_pixel_support,False,visible_candidate,line-test-90deg-000048
test-90deg,0.02504347826086955,54.39999630189031,8.695652173913021e-05,0.42287397620754064,271,353.5,1.5,4,271,271,8.5,16.675,,solid,visible_pixel_support,False,visible_candidate,line-test-90deg-000049
test-90deg,0.02521739130434781,54.5409542939595,8.695652173913021e-05,0.28191598413836516,272,353.0,1.0,3,272,272,8.91966639016539,17.09466639016539,,solid,visible_pixel_support,False,visible_candidate,line-test-90deg-000050
test-90deg,0.02539130434782607,54.68191228602868,8.695652173913021e-05,0.14095799206917548,273,352.5,0.5,2,273,273,9.33911410251153,17.51411410251153,,solid,visible_pixel_support,False,visible_candidate,line-test-90deg-000051
test-90deg,0.027652173913043462,57.782988111550566,8.695652173913715e-05,0.14095799206917548,286,341.5,0.5,2,286,286,9.950578287184953,17.950578287184953,,solid,visible_pixel_support,True,visible_candidate,line-test-90deg-000052
test-90deg,0.03617391304347824,65.67663566742446,8.695652173913021e-05,0.42287397620754064,335,313.5,1.5,4,335,335,9.955740632720449,17.95574063272045,,solid,visible_pixel_support,True,visible_candidate,line-test-90deg-000053
test-90deg,0.03652173913043476,65.95855165156281,8.695652173913021e-05,0.4228739762075264,337,312.5,1.5,4,337,337,9.739117129265026,17.739117129265026,,solid,visible_pixel_support,True,visible_candidate,line-test-90deg-000054
test-90deg,0.03704347826086954,66.24046763570117,8.695652173913021e-05,0.4228739762075264,340,311.5,1.5,4,340,340,9.87977508896887,17.87977508896887,,solid,visible_pixel_support,True,visible_candidate,line-test-90deg-000055
test-90deg,0.0372173913043478,66.38142562777034,8.695652173913021e-05,0.5638319682767019,341,311.0,2.0,5,341,341,9.750615149388068,17.92561514938807,,solid,visible_pixel_support,False,visible_candidate,line-test-90deg-000056
test-90deg,0.03739130434782606,66.52238361983952,8.695652173913021e-05,0.4228739762075264,342,310.5,1.5,4,342,342,9.616680531405791,17.79168053140579,,solid,visible_pixel_support,False,visible_candidate,line-test-90deg-000057
test-90deg,0.03756521739130432,66.66334161190869,8.695652173913021e-05,0.28191598413835095,343,310.0,1.0,3,343,343,9.477920205825683,17.652920205825684,,solid,visible_pixel_support,False,visible_candidate,line-test-90deg-000058
test-90deg,0.03773913043478258,66.80429960397787,8.695652173913021e-05,0.42287397620754064,344,309.5,1.5,4,344,344,9.334283143451444,17.509283143451444,,solid,visible_pixel_support,False,visible_candidate,line-test-90deg-000059
test-90deg,0.03791304347826085,66.94525759604704,8.695652173913715e-05,0.28191598413836516,345,309.0,1.0,3,345,345,9.185718315086717,17.360718315086718,,solid,visible_pixel_support,False,visible_candidate,line-test-90deg-000060
test-90deg,0.03808695652173911,67.08621558811623,8.695652173913021e-05,0.42287397620754064,346,308.5,1.5,4,346,346,9.03217469153526,17.20717469153526,,solid,visible_pixel_support,False,visible_candidate,line-test-90deg-000061
test-90deg,0.03826086956521737,67.22717358018541,8.695652173913021e-05,0.28191598413836516,347,308.0,1.0,3,347,347,8.873601243600774,17.048601243600775,,solid,visible_pixel_support,False,visible_candidate,line-test-90deg-000062
test-90deg,0.03843478260869563,67.36813157225458,8.695652173913021e-05,0.42287397620754064,348,307.5,1.5,4,348,348,8.709946942086845,16.884946942086845,,solid,visible_pixel_support,False,visible_candidate,line-test-90deg-000063
test-90deg,0.03860869565217389,67.50908956432376,8.695652173913021e-05,0.28191598413835095,349,307.0,1.0,3,349,349,8.541160757797286,16.716160757797287,,solid,visible_pixel_support,False,visible_candidate,line-test-90deg-000064
test-90deg,0.03878260869565215,67.65004755639293,8.695652173913021e-05,0.4228739762075264,350,306.5,1.5,4,350,350,8.367191661535799,16.5421916615358,,solid,visible_pixel_support,False,visible_candidate,line-test-90deg-000065
test-90deg,0.03895652173913041,67.65004755639293,8.695652173913021e-05,0.4228739762075264,351,306.5,1.5,4,351,351,8.68798862410597,16.68798862410597,,solid,visible_pixel_support,False,visible_candidate,line-test-90deg-000066
test-90deg,0.03913043478260867,67.93196354053129,8.695652173913021e-05,0.4228739762075264,352,305.5,1.5,4,352,352,8.003500616311555,16.353500616311557,,solid,visible_pixel_support,False,visible_candidate,line-test-90deg-000067
test-90deg,0.03930434782608693,67.93196354053129,8.695652173913021e-05,0.4228739762075264,353,305.5,1.5,4,353,353,8.313676608956314,16.313676608956314,,solid,visible_pixel_support,False,visible_candidate,line-test-90deg-000068
test-90deg,0.03947826086956519,68.21387952466964,8.695652173913021e-05,0.42287397620754064,354,304.5,1.5,4,354,354,7.6184655728438315,15.968465572843831,,solid,visible_pixel_support,False,visible_candidate,line-test-90deg-000069
test-90deg,0.03965217391304345,68.21387952466964,8.695652173913021e-05,0.42287397620754064,355,304.5,1.5,4,355,355,7.917816478777752,15.917816478777752,,solid,visible_pixel_support,False,visible_candidate,line-test-90deg-000070
test-90deg,0.03982608695652171,68.49579550880799,8.695652173913021e-05,0.42287397620754064,356,303.5,1.5,4,356,356,7.211678297561946,15.561678297561945,,solid,visible_pixel_support,False,visible_candidate,line-test-90deg-000071
test-90deg,0.03999999999999997,68.49579550880799,8.695652173913021e-05,0.42287397620754064,357,303.5,1.5,4,357,357,7.5,15.5,,solid,visible_pixel_support,False,visible_candidate,line-test-90deg-000072
test-90deg,0.040173913043478233,68.63675350087718,8.695652173913021e-05,0.28191598413836516,358,303.0,1.0,3,358,358,7.284743930043476,15.459743930043476,,solid,visible_pixel_support,False,visible_candidate,line-test-90deg-000073
test-90deg,0.040347826086956494,68.77771149294635,8.695652173913715e-05,0.42287397620754064,359,302.5,1.5,4,359,359,7.067890919399815,15.242890919399816,,solid,visible_pixel_support,False,visible_candidate,line-test-90deg-000074
test-90deg,0.040521739130434754,68.91866948501553,8.695652173913715e-05,0.28191598413835095,360,302.0,1.0,3,360,360,6.849417670506682,15.024417670506683,,solid,visible_pixel_support,False,visible_candidate,line-test-90deg-000075
test-90deg,0.040695652173913015,69.0596274770847,8.695652173913715e-05,0.4228739762075264,361,301.5,1.5,4,361,361,6.62930088580157,14.80430088580157,,solid,visible_pixel_support,False,visible_candidate,line-test-90deg-000076
test-90deg,0.040869565217391275,69.20058546915388,8.695652173913715e-05,0.28191598413835095,362,301.0,1.0,3,362,362,6.407517267722085,14.582517267722086,,solid,visible_pixel_support,False,visible_candidate,line-test-90deg-000077
test-90deg,0.041043478260869536,69.20058546915388,8.695652173913715e-05,0.28191598413835095,363,301.0,1.0,3,363,363,6.684043518705948,14.684043518705948,,solid,visible_pixel_support,False,visible_candidate,line-test-90deg-000078
test-90deg,0.043826086956521716,71.31495535019152,8.695652173913715e-05,0.14095799206917548,379,293.5,0.5,2,379,379,3.359594916135052,11.359594916135052,,solid,visible_pixel_support,True,visible_candidate,line-test-90deg-000079
test-90deg,0.04399999999999998,71.4559133422607,8.695652173913715e-05,0.28191598413836516,380,293.0,1.0,3,380,380,3.1038244141473683,11.278824414147369,,solid,visible_pixel_support,False,visible_candidate,line-test-90deg-000080
test-90deg,0.04417391304347824,71.4559133422607,8.695652173913715e-05,0.28191598413836516,381,293.0,1.0,3,381,381,3.3459444250998445,11.345944425099844,,solid,visible_pixel_support,False,visible_candidate,line-test-90deg-000081
test-90deg,0.0443478260869565,71.4559133422607,8.695652173913715e-05,0.28191598413836516,382,293.0,1.0,3,382,382,3.5859316514299167,11.585931651429917,,solid,visible_pixel_support,False,visible_candidate,line-test-90deg-000082
test-90deg,0.04452173913043476,71.59687133432988,8.695652173913715e-05,0.42287397620754064,383,292.5,1.5,4,383,383,3.3237627955753055,11.498762795575306,,solid,visible_pixel_support,False,visible_candidate,line-test-90deg-000083
test-90deg,0.04469565217391302,71.73782932639907,8.695652173913715e-05,0.28191598413836516,384,292.0,1.0,3,384,384,3.0594145599735043,11.234414559973505,,solid,visible_pixel_support,False,visible_candidate,line-test-90deg-000084
test-90deg,0.04486956521739128,71.87878731846824,8.695652173913715e-05,0.42287397620754064,385,291.5,1.5,4,385,385,2.7928636470622905,10.967863647062291,,solid,visible_pixel_support,False,visible_candidate,line-test-90deg-000085
test-90deg,0.04504347826086954,72.01974531053742,8.695652173913715e-05,0.28191598413835095,386,291.0,1.0,3,386,386,2.5240867592790437,10.699086759279044,,solid,visible_pixel_support,False,visible_candidate,line-test-90deg-000086
test-90deg,0.0452173913043478,72.01974531053742,8.695652173913715e-05,0.28191598413835095,387,291.0,1.0,3,387,387,2.7530605990614276,10.753060599061428,,solid,visible_pixel_support,False,visible_candidate,line-test-90deg-000087
test-90deg,0.04539130434782606,72.16070330260659,8.695652173913715e-05,0.4228739762075264,388,290.5,1.5,4,388,388,2.47976186884722,10.65476186884722,,solid,visible_pixel_support,False,visible_candidate,line-test-90deg-000088
test-90deg,0.04556521739130432,72.30166129467577,8.695652173913715e-05,0.28191598413835095,389,290.0,1.0,3,389,389,2.204167271073743,10.379167271073744,,solid,visible_pixel_support,False,visible_candidate,line-test-90deg-000089
test-90deg,0.04573913043478258,72.44261928674494,8.695652173913715e-05,0.4228739762075264,390,289.5,1.5,4,390,390,1.9262535081787746,10.101253508178775,,solid,visible_pixel_support,False,visible_candidate,line-test-90deg-000090
test-90deg,0.04591304347826084,72.44261928674494,8.695652173913715e-05,0.4228739762075264,391,289.5,1.5,4,391,391,2.1459972825999216,10.145997282599922,,solid,visible_pixel_support,False,visible_candidate,line-test-90deg-000091
test-90deg,0.0460869565217391,72.58357727881412,8.695652173913715e-05,0.28191598413835095,392,289.0,1.0,3,392,392,1.8633752967747341,10.038375296774735,,solid,visible_pixel_support,False,visible_candidate,line-test-90deg-000092
test-90deg,0.04626086956521736,72.7245352708833,8.695652173913715e-05,0.4228739762075264,393,288.5,1.5,4,393,393,1.578364253140819,9.75336425314082,,solid,visible_pixel_support,False,visible_candidate,line-test-90deg-000093
test-90deg,0.04643478260869562,72.7245352708833,8.695652173913715e-05,0.4228739762075264,394,288.5,1.5,4,394,394,1.7909408541357266,9.790940854135727,,solid,visible_pixel_support,False,visible_candidate,line-test-90deg-000094
test-90deg,0.04660869565217388,72.86549326295247,8.695652173913715e-05,0.28191598413835095,395,288.0,1.0,3,395,395,1.5010818021971204,9.676081802197121,,solid,visible_pixel_support,False,visible_candidate,line-test-90deg-000095
test-90deg,0.04678260869565214,73.00645125502164,8.695652173913715e-05,0.42287397620754064,396,287.5,1.5,4,396,396,1.2087637997625507,9.383763799762551,,solid,visible_pixel_support,False,visible_candidate,line-test-90deg-000096
test-90deg,0.046956521739130404,73.00645125502164,8.695652173913715e-05,0.42287397620754064,397,287.5,1.5,4,397,397,1.413963549269738,9.413963549269738,,solid,visible_pixel_support,False,visible_candidate,line-test-90deg-000097
test-90deg,0.047130434782608664,73.14740924709082,8.695652173913715e-05,0.28191598413836516,398,287.0,1.0,3,398,398,1.1166577531561188,9.29165775315612,,solid,visible_pixel_support,False,visible_candidate,line-test-90deg-000098
test-90deg,0.047304347826086925,73.28836723916001,8.695652173913715e-05,0.42287397620754064,399,286.5,1.5,4,399,399,0.8168231138593569,8.991823113859358,,solid,visible_pixel_support,False,visible_candidate,line-test-90deg-000099
test-90deg,0.047478260869565185,73.42932523122919,8.695652173913715e-05,0.28191598413836516,400,286.0,1.0,3,400,400,0.5144363338171161,8.689436333817117,,solid,visible_pixel_support,False,visible_candidate,line-test-90deg-000100
test-90deg,0.047652173913043445,73.42932523122919,8.695652173913715e-05,0.28191598413836516,401,286.0,1.0,3,401,401,0.7094741154669464,8.709474115466946,,solid,visible_pixel_support,False,visible_candidate,line-test-90deg-000101
test-90deg,0.047826086956521706,73.57028322329836,8.695652173913715e-05,0.42287397620754064,402,285.5,1.5,4,402,402,0.401913161246398,8.576913161246399,,solid,visible_pixel_support,False,visible_candidate,line-test-90deg-000102
test-90deg,0.047999999999999966,73.71124121536754,8.695652173913715e-05,0.28191598413835095,403,285.0,1.0,3,403,403,0.09173017359313462,8.266730173593135,,solid,visible_pixel_support,False,visible_candidate,line-test-90deg-000103
test-90deg,0.04817391304347823,73.71124121536754,8.695652173913715e-05,0.28191598413835095,404,285.0,1.0,3,404,404,0.27890185494459274,8.278901854944593,,solid,visible_pixel_support,False,visible_candidate,line-test-90deg-000104
test-90deg,0.04834782608695649,73.85219920743671,8.695652173913715e-05,0.4228739762075264,405,284.5,1.5,4,405,405,0.03659509226127966,8.21159509226128,,solid,visible_pixel_support,False,visible_candidate,line-test-90deg-000105
test-90deg,0.04852173913043475,73.99315719950589,8.695652173913715e-05,0.28191598413835095,406,284.0,1.0,3,406,406,0.35478396558715986,8.52978396558716,,solid,visible_pixel_support,False,visible_candidate,line-test-90deg-000106
test-90deg,0.04869565217391301,73.99315719950589,8.695652173913715e-05,0.28191598413835095,407,284.0,1.0,3,407,407,0.17568806259538405,8.175688062595384,,solid,visible_pixel_support,False,visible_candidate,line-test-90deg-000107
test-90deg,0.04886956521739127,74.13411519157506,8.695652173913715e-05,0.4228739762075264,408,283.5,1.5,4,408,408,0.49933068084828847,8.67433068084829,,solid,visible_pixel_support,False,visible_candidate,line-test-90deg-000108
test-90deg,0.04904347826086953,74.13411519157506,8.695652173913715e-05,0.4228739762075264,409,283.5,1.5,4,409,409,0.3257351179084367,8.325735117908437,,solid,visible_pixel_support,False,visible_candidate,line-test-90deg-000109
test-90deg,0.04921739130434779,74.27507318364424,8.695652173913715e-05,0.28191598413835095,410,283.0,1.0,3,410,410,0.6549246713380512,8.829924671338052,,solid,visible_pixel_support,False,visible_candidate,line-test-90deg-000110
test-90deg,0.04939130434782605,74.27507318364424,8.695652173913715e-05,0.28191598413835095,411,283.0,1.0,3,411,411,0.4869226386996388,8.486922638699639,,solid,visible_pixel_support,False,visible_candidate,line-test-90deg-000111
test-90deg,0.04956521739130431,74.41603117571341,8.695652173913715e-05,0.14095799206917548,412,282.5,0.5,2,412,412,0.8217523175555357,8.996752317555536,,solid,visible_pixel_support,False,visible_candidate,line-test-90deg-000112
test-90deg,0.05252173913043475,75.82561109640518,8.695652173913715e-05,0.14095799206917548,429,277.5,0.5,2,429,429,3.2432828706997725,11.243282870699773,test-90deg|mfh-90deg,solid,model_assisted_exclusive_assignment,True,visible_candidate,line-test-90deg-000113
test-90deg,0.05269565217391301,75.96656908847436,8.695652173913715e-05,0.28191598413835095,430,277.0,1.0,3,430,430,3.6017153872658128,11.776715387265813,test-90deg|mfh-90deg,solid,model_assisted_exclusive_assignment,False,visible_candidate,line-test-90deg-000114
test-90deg,0.05286956521739127,75.96656908847436,8.695652173913715e-05,0.28191598413835095,431,277.0,1.0,3,431,431,3.4613688733302865,11.461368873330287,test-90deg|mfh-90deg,solid,model_assisted_exclusive_assignment,False,visible_candidate,line-test-90deg-000115
test-90deg,0.05304347826086953,75.96656908847436,8.695652173913715e-05,0.28191598413835095,432,277.0,1.0,3,432,432,3.32226290457254,11.32226290457254,test-90deg|mfh-90deg,solid,model_assisted_exclusive_assignment,False,visible_candidate,line-test-90deg-000116
test-90deg,0.05321739130434779,75.96656908847436,8.695652173913715e-05,0.28191598413835095,433,277.0,1.0,3,433,433,3.1844170566719754,11.184417056671975,test-90deg|mfh-90deg,solid,model_assisted_exclusive_assignment,False,visible_candidate,line-test-90deg-000117
test-90deg,0.05339130434782605,76.10752708054353,8.695652173913715e-05,0.42287397620754064,434,276.5,1.5,4,434,434,3.5478509053082234,11.722850905308224,test-90deg|mfh-90deg,solid,model_assisted_exclusive_assignment,False,visible_candidate,line-test-90deg-000118
test-90deg,0.053565217391304314,76.24848507261271,8.695652173913715e-05,0.28191598413836516,435,276.0,1.0,3,435,435,3.9125840261605163,12.087584026160517,test-90deg|mfh-90deg,solid,model_assisted_exclusive_assignment,False,visible_candidate,line-test-90deg-000119
test-90deg,0.053739130434782574,76.24848507261271,8.695652173913715e-05,0.28191598413836516,436,276.0,1.0,3,436,436,3.778635994908484,11.778635994908484,test-90deg|mfh-90deg,solid,model_assisted_exclusive_assignment,False,visible_candidate,line-test-90deg-000120
test-90deg,0.053913043478260834,76.24848507261271,8.695652173913715e-05,0.28191598413836516,437,276.0,1.0,3,437,437,3.646026387231359,11.646026387231359,test-90deg|mfh-90deg,solid,model_assisted_exclusive_assignment,False,visible_candidate,line-test-90deg-000121
test-90deg,0.054086956521739095,76.38944306468188,8.695652173913715e-05,0.42287397620754064,438,275.5,1.5,4,438,438,4.0147747788087145,12.189774778808715,test-90deg|mfh-90deg,solid,model_assisted_exclusive_assignment,False,visible_candidate,line-test-90deg-000122
test-90deg,0.054260869565217355,76.38944306468188,8.695652173913715e-05,0.42287397620754064,439,275.5,1.5,4,439,439,3.8849007453199533,11.884900745319953,test-90deg|mfh-90deg,solid,model_assisted_exclusive_assignment,False,visible_candidate,line-test-90deg-000123
test-90deg,0.054434782608695616,76.53040105675107,8.695652173913715e-05,0.28191598413836516,440,275.0,1.0,3,440,440,4.256423862444535,12.431423862444536,test-90deg|mfh-90deg,solid,model_assisted_exclusive_assignment,False,visible_candidate,line-test-90deg-000124
test-90deg,0.054608695652173876,76.53040105675107,8.695652173913715e-05,0.28191598413836516,441,275.0,1.0,3,441,441,4.129363705861749,12.12936370586175,test-90deg|mfh-90deg,solid,model_assisted_exclusive_assignment,False,visible_candidate,line-test-90deg-000125
test-90deg,0.05478260869565214,76.53040105675107,8.695652173913715e-05,0.28191598413836516,442,275.0,1.0,3,442,442,4.0037398512512254,12.003739851251225,test-90deg|mfh-90deg,solid,model_assisted_exclusive_assignment,False,visible_candidate,line-test-90deg-000126
test-90deg,0.0549565217391304,76.67135904882025,8.695652173913715e-05,0.42287397620754064,443,274.5,1.5,4,443,443,4.37957187429231,12.55457187429231,test-90deg|mfh-90deg,solid,model_assisted_exclusive_assignment,False,visible_candidate,line-test-90deg-000127
test-90deg,0.05513043478260866,76.81231704088943,8.695652173913715e-05,0.28191598413835095,444,274.0,1.0,3,444,444,4.756879350664406,12.931879350664406,test-90deg|mfh-90deg,solid,model_assisted_exclusive_assignment,False,visible_candidate,line-test-90deg-000128
test-90deg,0.05530434782608692,76.81231704088943,8.695652173913715e-05,0.28191598413835095,445,274.0,1.0,3,445,445,4.635681856047029,12.635681856047029,test-90deg|mfh-90deg,solid,model_assisted_exclusive_assignment,False,visible_candidate,line-test-90deg-000129
test-90deg,0.05547826086956518,76.9532750329586,8.695652173913715e-05,0.4228739762075264,446,273.5,1.5,4,446,446,5.015998966119639,13.19099896611964,test-90deg|mfh-90deg,solid,model_assisted_exclusive_assignment,False,visible_candidate,line-test-90deg-000130
test-90deg,0.05565217391304344,76.9532750329586,8.695652173913715e-05,0.4228739762075264,447,273.5,1.5,4,447,447,4.897850256561583,12.897850256561583,test-90deg|mfh-90deg,solid,model_assisted_exclusive_assignment,False,visible_candidate,line-test-90deg-000131
test-90deg,0.0558260869565217,76.9532750329586,8.695652173913715e-05,0.4228739762075264,448,273.5,1.5,4,448,448,4.781255303052205,12.781255303052205,test-90deg|mfh-90deg,solid,model_assisted_exclusive_assignment,False,visible_candidate,line-test-90deg-000132
test-90deg,0.05599999999999996,76.9532750329586,8.695652173913715e-05,0.4228739762075264,449,273.5,1.5,4,449,449,4.666233681271137,12.666233681271137,test-90deg|mfh-90deg,solid,model_assisted_exclusive_assignment,False,visible_candidate,line-test-90deg-000133
test-90deg,0.05617391304347822,77.09423302502778,8.695652173913715e-05,0.28191598413835095,450,273.0,1.0,3,450,450,5.0528049668977815,13.227804966897782,test-90deg|mfh-90deg,solid,model_assisted_exclusive_assignment,False,visible_candidate,line-test-90deg-000134
test-90deg,0.05634782608695648,77.09423302502778,8.695652173913715e-05,0.28191598413835095,451,273.0,1.0,3,451,451,4.940988735611484,12.940988735611484,test-90deg|mfh-90deg,solid,model_assisted_exclusive_assignment,False,visible_candidate,line-test-90deg-000135
test-90deg,0.05652173913043474,77.23519101709695,8.695652173913715e-05,0.4228739762075264,452,272.5,1.5,4,452,452,5.330804563091704,13.505804563091704,test-90deg|mfh-90deg,solid,model_assisted_exclusive_assignment,False,visible_candidate,line-test-90deg-000136
test-90deg,0.056695652173913015,77.23519101709695,8.695652173913715e-05,0.4228739762075264,453,272.5,1.5,4,453,453,5.222272025017901,13.2222720250179,test-90deg|mfh-90deg,solid,model_assisted_exclusive_assignment,False,visible_candidate,line-test-90deg-000137
test-90deg,0.056869565217391276,77.23519101709695,8.695652173913715e-05,0.4228739762075264,454,272.5,1.5,4,454,454,5.115410697069478,13.115410697069478,test-90deg|mfh-90deg,solid,model_assisted_exclusive_assignment,False,visible_candidate,line-test-90deg-000138
test-90deg,0.057043478260869536,77.23519101709695,8.695652173913715e-05,0.4228739762075264,455,272.5,1.5,4,455,455,5.0102401549259525,13.010240154925953,test-90deg|mfh-90deg,solid,model_assisted_exclusive_assignment,False,visible_candidate,line-test-90deg-000139
test-90deg,0.057217391304347796,77.37614900916613,8.695652173913715e-05,0.28191598413835095,456,272.0,1.0,3,456,456,5.406779974266726,13.581779974266727,test-90deg|mfh-90deg,solid,model_assisted_exclusive_assignment,False,visible_candidate,line-test-90deg-000140
test-90deg,0.05739130434782606,77.37614900916613,8.695652173913715e-05,0.28191598413835095,457,272.0,1.0,3,457,457,5.305049730771202,13.305049730771202,test-90deg|mfh-90deg,solid,model_assisted_exclusive_assignment,False,visible_candidate,line-test-90deg-000141
test-90deg,0.05756521739130432,77.5171070012353,8.695652173913715e-05,0.4228739762075264,458,271.5,1.5,4,458,458,5.705069000118783,13.880069000118784,test-90deg|mfh-90deg,solid,model_assisted_exclusive_assignment,False,visible_candidate,line-test-90deg-000142
test-90deg,0.05773913043478258,77.5171070012353,8.695652173913715e-05,0.4228739762075264,459,271.5,1.5,4,459,459,5.606857357988986,13.606857357988986,test-90deg|mfh-90deg,solid,model_assisted_exclusive_assignment,False,visible_candidate,line-test-90deg-000143
test-90deg,0.05791304347826084,77.5171070012353,8.695652173913715e-05,0.4228739762075264,460,271.5,1.5,4,460,460,5.510434380061156,13.510434380061156,test-90deg|mfh-90deg,solid,model_assisted_exclusive_assignment,False,visible_candidate,line-test-90deg-000144
test-90deg,0.0580869565217391,77.5171070012353,8.695652173913715e-05,0.4228739762075264,461,271.5,1.5,4,461,461,5.415819642014867,13.415819642014867,test-90deg|mfh-90deg,solid,model_assisted_exclusive_assignment,False,visible_candidate,line-test-90deg-000145
test-90deg,0.05826086956521736,77.65806499330448,8.695652173913715e-05,0.28191598413835095,462,271.0,1.0,3,462,462,5.823032719529465,13.998032719529466,test-90deg|mfh-90deg,solid,model_assisted_exclusive_assignment,False,visible_candidate,line-test-90deg-000146
test-90deg,0.05843478260869562,77.65806499330448,8.695652173913715e-05,0.28191598413835095,463,271.0,1.0,3,463,463,5.732093188284296,13.732093188284296,test-90deg|mfh-90deg,solid,model_assisted_exclusive_assignment,False,visible_candidate,line-test-90deg-000147
test-90deg,0.05860869565217388,77.65806499330448,8.695652173913715e-05,0.14095799206917548,464,271.0,0.5,1,464,464,5.6430206239589324,13.643020623958932,test-90deg|mfh-90deg,solid,model_assisted_exclusive_assignment,False,visible_candidate,line-test-90deg-000148
test-90deg,0.061391304347826046,78.50381294571955,8.695652173913715e-05,0.14095799206917548,480,268.0,0.5,1,480,480,7.413998113903858,15.413998113903858,test-90deg|mfh-90deg,solid,model_assisted_exclusive_assignment,True,visible_candidate,line-test-90deg-000149
test-90deg,0.06156521739130431,78.50381294571955,8.695652173913715e-05,0.28191598413835095,481,268.0,1.0,3,481,481,7.340554143261272,15.340554143261272,test-90deg|mfh-90deg,solid,model_assisted_exclusive_assignment,False,visible_candidate,line-test-90deg-000150
test-90deg,0.06173913043478257,78.50381294571955,8.695652173913715e-05,0.28191598413835095,482,268.0,1.0,3,482,482,7.26725162983314,15.26725162983314,test-90deg|mfh-90deg,solid,model_assisted_exclusive_assignment,False,visible_candidate,line-test-90deg-000151
test-90deg,0.06191304347826083,78.50381294571955,8.695652173913715e-05,0.28191598413835095,483,268.0,1.0,3,483,483,7.194145926442218,15.194145926442218,test-90deg|mfh-90deg,solid,model_assisted_exclusive_assignment,False,visible_candidate,line-test-90deg-000152
test-90deg,0.06208695652173909,78.50381294571955,8.695652173913715e-05,0.28191598413835095,484,268.0,1.0,3,484,484,7.121292385911659,15.121292385911659,test-90deg|mfh-90deg,solid,model_assisted_exclusive_assignment,False,visible_candidate,line-test-90deg-000153
test-90deg,0.06226086956521735,78.50381294571955,8.695652173913715e-05,0.28191598413835095,485,268.0,1.0,3,485,485,7.048746361064445,15.048746361064445,test-90deg|mfh-90deg,solid,model_assisted_exclusive_assignment,False,visible_candidate,line-test-90deg-000154
test-90deg,0.06243478260869561,78.50381294571955,8.695652173913021e-05,0.28191598413835095,486,268.0,1.0,3,486,486,6.976563204723448,14.976563204723448,test-90deg|mfh-90deg,solid,model_assisted_exclusive_assignment,False,visible_candidate,line-test-90deg-000155
test-90deg,0.06260869565217386,78.50381294571955,8.695652173915103e-05,0.28191598413835095,487,268.0,1.0,3,487,487,6.904798269711762,14.904798269711762,test-90deg|mfh-90deg,solid,model_assisted_exclusive_assignment,False,visible_candidate,line-test-90deg-000156
test-90deg,0.06278260869565214,78.64477093778872,8.695652173912327e-05,0.4228739762075264,488,267.5,1.5,4,488,488,7.333506908852314,15.508506908852315,test-90deg|mfh-90deg,solid,model_assisted_exclusive_assignment,False,visible_candidate,line-test-90deg-000157
test-90deg,0.06295652173913038,78.64477093778872,8.695652173915103e-05,0.4228739762075264,489,267.5,1.5,4,489,489,7.262744474968201,15.262744474968201,test-90deg|mfh-90deg,solid,model_assisted_exclusive_assignment,False,visible_candidate,line-test-90deg-000158
test-90deg,0.06313043478260866,78.7857289298579,8.695652173912327e-05,0.28191598413835095,490,267.0,1.0,3,490,490,7.692566320882406,15.867566320882407,test-90deg|mfh-90deg,solid,model_assisted_exclusive_assignment,False,visible_candidate,line-test-90deg-000159
test-90deg,0.0633043478260869,78.7857289298579,8.695652173915103e-05,0.28191598413835095,491,267.0,1.0,3,491,491,7.623027799417741,15.623027799417741,test-90deg|mfh-90deg,solid,model_assisted_exclusive_assignment,False,visible_candidate,line-test-90deg-000160
test-90deg,0.06347826086956518,78.7857289298579,8.695652173912327e-05,0.28191598413835095,492,267.0,1.0,3,492,492,7.554184263397417,15.554184263397417,test-90deg|mfh-90deg,solid,model_assisted_exclusive_assignment,False,visible_candidate,line-test-90deg-000161
test-90deg,0.06365217391304345,78.7857289298579,8.695652173915103e-05,0.28191598413835095,493,267.0,1.0,3,493,493,7.486091065644359,15.48609106564436,test-90deg|mfh-90deg,solid,model_assisted_exclusive_assignment,False,visible_candidate,line-test-90deg-000162
test-90deg,0.0638260869565217,78.7857289298579,8.695652173912327e-05,0.28191598413835095,494,267.0,1.0,3,494,494,7.4188035589814945,15.418803558981494,test-90deg|mfh-90deg,solid,model_assisted_exclusive_assignment,False,visible_candidate,line-test-90deg-000163
test-90deg,0.06399999999999997,78.7857289298579,8.695652173915103e-05,0.28191598413835095,495,267.0,1.0,3,495,495,7.352377096231919,15.352377096231919,test-90deg|mfh-90deg,solid,model_assisted_exclusive_assignment,False,visible_candidate,line-test-90deg-000164
test-90deg,0.06417391304347822,78.7857289298579,8.695652173912327e-05,0.28191598413835095,496,267.0,1.0,3,496,496,7.286867030218559,15.28686703021856,test-90deg|mfh-90deg,solid,model_assisted_exclusive_assignment,False,visible_candidate,line-test-90deg-000165
test-90deg,0.0643478260869565,78.7857289298579,8.695652173915103e-05,0.28191598413835095,497,267.0,1.0,3,497,497,7.222328713764455,15.222328713764455,test-90deg|mfh-90deg,solid,model_assisted_exclusive_assignment,False,visible_candidate,line-test-90deg-000166
test-90deg,0.06452173913043474,78.92668692192707,8.695652173912327e-05,0.4228739762075264,498,266.5,1.5,4,498,498,7.658817499692475,15.833817499692476,test-90deg|mfh-90deg,solid,model_assisted_exclusive_assignment,False,visible_candidate,line-test-90deg-000167
test-90deg,0.06469565217391302,78.92668692192707,8.695652173915103e-05,0.4228739762075264,499,266.5,1.5,4,499,499,7.596388740825773,15.596388740825773,test-90deg|mfh-90deg,solid,model_assisted_exclusive_assignment,False,visible_candidate,line-test-90deg-000168
test-90deg,0.06486956521739126,78.92668692192707,8.695652173912327e-05,0.4228739762075264,500,266.5,1.5,4,500,500,7.535097789987276,15.535097789987276,test-90deg|mfh-90deg,solid,model_assisted_exclusive_assignment,False,visible_candidate,line-test-90deg-000169
test-90deg,0.06504347826086954,79.06764491399625,8.695652173915103e-05,0.28191598413835095,501,266.0,1.0,3,501,501,7.975000000000023,16.150000000000023,test-90deg|mfh-90deg,solid,model_assisted_exclusive_assignment,False,visible_candidate,line-test-90deg-000170
test-90deg,0.06521739130434778,79.06764491399625,8.695652173912327e-05,0.28191598413835095,502,266.0,1.0,3,502,502,7.916150723686883,15.916150723686883,test-90deg|mfh-90deg,solid,model_assisted_exclusive_assignment,False,visible_candidate,line-test-90deg-000171
test-90deg,0.06539130434782606,79.06764491399625,8.695652173915103e-05,0.28191598413835095,503,266.0,1.0,3,503,503,7.85860531387101,15.85860531387101,test-90deg|mfh-90deg,solid,model_assisted_exclusive_assignment,False,visible_candidate,line-test-90deg-000172
test-90deg,0.0655652173913043,79.06764491399625,8.695652173912327e-05,0.28191598413835095,504,266.0,1.0,3,504,504,7.80241912337533,15.80241912337533,test-90deg|mfh-90deg,solid,model_assisted_exclusive_assignment,False,visible_candidate,line-test-90deg-000173
test-90deg,0.06573913043478258,79.06764491399625,8.695652173915103e-05,0.28191598413835095,505,266.0,1.0,3,505,505,7.747647505022769,15.747647505022769,test-90deg|mfh-90deg,solid,model_assisted_exclusive_assignment,False,visible_candidate,line-test-90deg-000174
test-90deg,0.06591304347826082,79.06764491399625,8.695652173912327e-05,0.28191598413835095,506,266.0,1.0,3,506,506,7.694345811636367,15.694345811636367,test-90deg|mfh-90deg,solid,model_assisted_exclusive_assignment,False,visible_candidate,line-test-90deg-000175
test-90deg,0.0660869565217391,79.20860290606542,8.695652173915103e-05,0.42287397620754064,507,265.5,1.5,4,507,507,8.142569396039221,16.31756939603922,test-90deg|mfh-90deg,solid,model_assisted_exclusive_assignment,False,visible_candidate,line-test-90deg-000176
test-90deg,0.06626086956521735,79.20860290606542,8.695652173912327e-05,0.42287397620754064,508,265.5,1.5,4,508,508,8.0923736110542,16.0923736110542,test-90deg|mfh-90deg,solid,model_assisted_exclusive_assignment,False,visible_candidate,line-test-90deg-000177
test-90deg,0.06643478260869562,79.20860290606542,8.695652173915103e-05,0.42287397620754064,509,265.5,1.5,4,509,509,8.043813809504286,16.043813809504286,test-90deg|mfh-90deg,solid,model_assisted_exclusive_assignment,False,visible_candidate,line-test-90deg-000178
test-90deg,0.06660869565217387,79.20860290606542,8.695652173912327e-05,0.42287397620754064,510,265.5,1.5,4,510,510,7.996945344212577,15.996945344212577,test-90deg|mfh-90deg,solid,model_assisted_exclusive_assignment,False,visible_candidate,line-test-90deg-000179
test-90deg,0.06678260869565214,79.20860290606542,8.695652173915103e-05,0.42287397620754064,511,265.5,1.5,4,511,511,7.951823568001942,15.951823568001942,test-90deg|mfh-90deg,solid,model_assisted_exclusive_assignment,False,visible_candidate,line-test-90deg-000180
test-90deg,0.06695652173913039,79.20860290606542,8.695652173915103e-05,0.42287397620754064,512,265.5,1.5,4,512,512,7.908503833695534,15.908503833695534,test-90deg|mfh-90deg,solid,model_assisted_exclusive_assignment,False,visible_candidate,line-test-90deg-000181
test-90deg,0.06713043478260866,79.20860290606542,8.695652173912327e-05,0.42287397620754064,513,265.5,1.5,4,513,513,7.867041494116165,15.867041494116165,test-90deg|mfh-90deg,solid,model_assisted_exclusive_assignment,False,visible_candidate,line-test-90deg-000182
test-90deg,0.06730434782608691,79.20860290606542,8.695652173915103e-05,0.42287397620754064,514,265.5,1.5,4,514,514,7.82749190208699,15.82749190208699,test-90deg|mfh-90deg,solid,model_assisted_exclusive_assignment,False,visible_candidate,line-test-90deg-000183
test-90deg,0.06747826086956518,79.3495608981346,8.695652173912327e-05,0.28191598413836516,515,265.0,1.0,3,515,515,8.289910410430934,16.464910410430935,test-90deg|mfh-90deg,solid,model_assisted_exclusive_assignment,False,visible_candidate,line-test-90deg-000184
test-90deg,0.06869565217391299,74.27507318364424,8.695652173915103e-05,0.14095799206917548,522,283.0,0.5,1,522,522,9.913403583582749,17.91340358358275,,solid,visible_pixel_support,True,visible_candidate,line-test-90deg-000185
test-90deg,0.06886956521739127,74.27507318364424,8.695652173912327e-05,0.14095799206917548,523,283.0,0.5,1,523,523,9.933247570626122,17.933247570626122,,solid,visible_pixel_support,False,visible_candidate,line-test-90deg-000186
test-90deg,0.07060869565217387,79.63147688227296,8.695652173912327e-05,0.28191598413836516,533,264.0,1.0,3,533,533,9.058010073857702,17.0580100738577,test-90deg|mfh-90deg,solid,model_assisted_exclusive_assignment,True,visible_candidate,line-test-90deg-000187
test-90deg,0.07078260869565214,79.63147688227296,8.695652173915103e-05,0.28191598413836516,534,264.0,1.0,3,534,534,9.102495969642519,17.10249596964252,test-90deg|mfh-90deg,solid,model_assisted_exclusive_assignment,False,visible_candidate,line-test-90deg-000188
test-90deg,0.07095652173913039,79.63147688227296,8.695652173912327e-05,0.28191598413836516,535,264.0,1.0,3,535,535,9.159160811083837,17.159160811083837,test-90deg|mfh-90deg,solid,model_assisted_exclusive_assignment,False,visible_candidate,line-test-90deg-000189
test-90deg,0.07113043478260866,79.63147688227296,8.695652173915103e-05,0.28191598413836516,536,264.0,1.0,3,536,536,9.2277672042257,17.2277672042257,test-90deg|mfh-90deg,solid,model_assisted_exclusive_assignment,False,visible_candidate,line-test-90deg-000190
test-90deg,0.07130434782608691,79.63147688227296,8.695652173912327e-05,0.28191598413836516,537,264.0,1.0,3,537,537,9.308077755112379,17.30807775511238,test-90deg|mfh-90deg,solid,model_assisted_exclusive_assignment,False,visible_candidate,line-test-90deg-000191
test-90deg,0.07147826086956519,79.63147688227296,8.695652173915103e-05,0.28191598413836516,538,264.0,1.0,3,538,538,9.399855069787804,17.399855069787804,test-90deg|mfh-90deg,solid,model_assisted_exclusive_assignment,False,visible_candidate,line-test-90deg-000192
mfh-90deg,0.07165217391304343,79.77243487434214,8.695652173912327e-05,0.42287397620754064,539,263.5,1.5,4,539,539,2.4081498760752424,27.408149876075242,,dashed,visible_pixel_support,True,visible_candidate,line-mfh-90deg-000003
mfh-90deg,0.0718260869565217,79.77243487434214,8.695652173915103e-05,0.42287397620754064,540,263.5,1.5,4,540,540,2.3876847397040137,27.387684739704014,,dashed,visible_pixel_support,False,visible_candidate,line-mfh-90deg-000004
test-90deg,0.07199999999999995,74.55698916778259,8.695652173912327e-05,0.14095799206917548,541,282.0,0.5,1,541,541,8.2583863430105,10.623791622907675,,solid,visible_pixel_support,True,visible_candidate,line-test-90deg-000193
mfh-90deg,0.07199999999999995,79.77243487434214,8.695652173912327e-05,0.42287397620754064,541,263.5,1.5,4,541,541,2.3654052798971748,10.623791622907675,,dashed,visible_pixel_support,False,visible_candidate,line-mfh-90deg-000005
mfh-90deg,0.07217391304347823,79.77243487434214,8.695652173915103e-05,0.42287397620754064,542,263.5,1.5,4,542,542,2.341376293920405,27.341376293920405,,dashed,visible_pixel_support,False,visible_candidate,line-mfh-90deg-000006
mfh-90deg,0.07234782608695647,79.77243487434214,8.695652173912327e-05,0.42287397620754064,543,263.5,1.5,4,543,543,2.315662579039156,27.315662579039156,,dashed,visible_pixel_support,False,visible_candidate,line-mfh-90deg-000007
mfh-90deg,0.07252173913043475,79.77243487434214,8.695652173915103e-05,0.42287397620754064,544,263.5,1.5,4,544,544,2.2883289325189935,27.288328932518993,,dashed,visible_pixel_support,False,visible_candidate,line-mfh-90deg-000008
mfh-90deg,0.072695652173913,79.77243487434214,8.695652173912327e-05,0.42287397620754064,545,263.5,1.5,4,545,545,2.259440151625597,27.259440151625597,,dashed,visible_pixel_support,False,visible_candidate,line-mfh-90deg-000009
mfh-90deg,0.07286956521739127,79.77243487434214,8.695652173915103e-05,0.42287397620754064,546,263.5,1.5,4,546,546,2.2290610336243617,27.22906103362436,,dashed,visible_pixel_support,False,visible_candidate,line-mfh-90deg-000010
mfh-90deg,0.07304347826086952,79.77243487434214,8.695652173912327e-05,0.42287397620754064,547,263.5,1.5,4,547,547,2.19725637578091,27.19725637578091,,dashed,visible_pixel_support,False,visible_candidate,line-mfh-90deg-000011
mfh-90deg,0.07321739130434779,79.77243487434214,8.695652173915103e-05,0.42287397620754064,548,263.5,1.5,4,548,548,2.164090975360864,27.164090975360864,,dashed,visible_pixel_support,False,visible_candidate,line-mfh-90deg-000012
mfh-90deg,0.07339130434782604,79.77243487434214,8.695652173912327e-05,0.42287397620754064,549,263.5,1.5,4,549,549,2.129629629629676,27.129629629629676,,dashed,visible_pixel_support,False,visible_candidate,line-mfh-90deg-000013
mfh-90deg,0.07356521739130431,79.77243487434214,8.695652173915103e-05,0.42287397620754064,550,263.5,1.5,4,550,550,2.0939371358528547,27.093937135852855,,dashed,visible_pixel_support,False,visible_candidate,line-mfh-90deg-000014
mfh-90deg,0.07373913043478256,79.77243487434214,8.695652173915103e-05,0.42287397620754064,551,263.5,1.5,4,551,551,2.0570782912960794,27.05707829129608,,dashed,visible_pixel_support,False,visible_candidate,line-mfh-90deg-000015
mfh-90deg,0.07391304347826083,79.77243487434214,8.695652173912327e-05,0.42287397620754064,552,263.5,1.5,4,552,552,2.019117893224916,27.019117893224916,,dashed,visible_pixel_support,False,visible_candidate,line-mfh-90deg-000016
mfh-90deg,0.07408695652173908,79.77243487434214,8.695652173915103e-05,0.42287397620754064,553,263.5,1.5,4,553,553,1.9801207389048159,26.980120738904816,,dashed,visible_pixel_support,False,visible_candidate,line-mfh-90deg-000017
test-90deg,0.07426086956521735,73.42932523122919,8.695652173912327e-05,0.28191598413836516,554,286.0,1.0,3,554,554,9.765941488074873,11.706093113676275,,solid,visible_pixel_support,True,visible_candidate,line-test-90deg-000194
mfh-90deg,0.07426086956521735,79.77243487434214,8.695652173912327e-05,0.42287397620754064,554,263.5,1.5,4,554,554,1.940151625601402,11.706093113676275,,dashed,visible_pixel_support,False,visible_candidate,line-mfh-90deg-000018
test-90deg,0.0744347826086956,73.57028322329836,8.695652173915103e-05,0.42287397620754064,555,285.5,1.5,4,555,555,9.015550464230898,10.764825814811083,,solid,visible_pixel_support,False,visible_candidate,line-test-90deg-000195
mfh-90deg,0.0744347826086956,79.91339286641131,8.695652173915103e-05,0.28191598413835095,555,263.0,1.0,3,555,555,1.399275350580183,10.764825814811083,,dashed,visible_pixel_support,False,visible_candidate,line-mfh-90deg-000019
mfh-90deg,0.07460869565217387,79.91339286641131,8.695652173912327e-05,0.28191598413835095,556,263.0,1.0,3,556,556,1.3575567111067812,26.35755671110678,,dashed,visible_pixel_support,False,visible_candidate,line-mfh-90deg-000020
test-90deg,0.07478260869565212,73.42932523122919,8.695652173915103e-05,0.14095799206917548,557,286.0,0.5,1,557,557,8.993424792747305,10.308485297194068,,solid,visible_pixel_support,True,visible_candidate,line-test-90deg-000196
mfh-90deg,0.07478260869565212,79.91339286641131,8.695652173915103e-05,0.28191598413835095,557,263.0,1.0,3,557,557,1.3150605044467625,10.308485297194068,,dashed,visible_pixel_support,False,visible_candidate,line-mfh-90deg-000021
test-90deg,0.0749565217391304,74.97986314399013,8.695652173912327e-05,0.14095799206917548,558,280.5,0.5,2,558,558,3.2221649330193145,6.419016460884779,,solid,visible_pixel_support,False,visible_candidate,line-test-90deg-000197
mfh-90deg,0.0749565217391304,79.91339286641131,8.695652173912327e-05,0.28191598413835095,558,263.0,1.0,3,558,558,1.271851527865465,6.419016460884779,,dashed,visible_pixel_support,False,visible_candidate,line-mfh-90deg-000022
test-90deg,0.07513043478260864,75.1208211360593,8.695652173915103e-05,0.14095799206917548,559,280.0,0.5,1,559,559,2.4444235825749843,3.8474181612037794,,solid,visible_pixel_support,False,visible_candidate,line-test-90deg-000198
mfh-90deg,0.07513043478260864,79.91339286641131,8.695652173915103e-05,0.28191598413835095,559,263.0,1.0,3,559,559,1.2279945786287954,3.8474181612037794,,dashed,visible_pixel_support,False,visible_candidate,line-mfh-90deg-000023
test-90deg,0.07530434782608691,74.83890515192095,8.695652173912327e-05,0.14095799206918969,560,281.0,0.5,1,560,560,3.160438135370157,4.693992589372192,,solid,visible_pixel_support,False,visible_candidate,line-test-90deg-000199
mfh-90deg,0.07530434782608691,79.91339286641131,8.695652173912327e-05,0.28191598413835095,560,263.0,1.0,3,560,560,1.183554454002035,4.693992589372192,,dashed,visible_pixel_support,False,visible_candidate,line-mfh-90deg-000024
test-90deg,0.07547826086956516,73.57028322329836,8.695652173915103e-05,0.14095799206917548,561,285.5,0.5,2,561,561,7.370445985360675,10.084041936611538,,solid,visible_pixel_support,False,visible_candidate,line-test-90deg-000200
mfh-90deg,0.07547826086956516,79.91339286641131,8.695652173915103e-05,0.28191598413835095,561,263.0,1.0,3,561,561,1.1385959512508634,10.084041936611538,,dashed,visible_pixel_support,False,visible_candidate,line-mfh-90deg-000025
test-90deg,0.07565217391304344,73.28836723916001,8.695652173912327e-05,0.42287397620754064,562,286.5,1.5,4,562,562,8.074684526502438,9.517868394143226,,solid,visible_pixel_support,False,visible_candidate,line-test-90deg-000201
mfh-90deg,0.07565217391304344,79.91339286641131,8.695652173912327e-05,0.28191598413835095,562,263.0,1.0,3,562,562,1.0931838676407892,9.517868394143226,,dashed,visible_pixel_support,False,visible_candidate,line-mfh-90deg-000026
test-90deg,0.07582608695652168,73.57028322329836,8.695652173915103e-05,0.42287397620754064,563,285.5,1.5,4,563,563,6.77339115275106,7.845774153188494,,solid,visible_pixel_support,False,visible_candidate,line-test-90deg-000202
mfh-90deg,0.07582608695652168,80.05435085848049,8.695652173915103e-05,0.4228739762075264,563,262.5,1.5,4,563,563,0.5473830004374349,7.845774153188494,,dashed,visible_pixel_support,False,visible_candidate,line-mfh-90deg-000027
test-90deg,0.07599999999999996,73.57028322329836,8.695652173912327e-05,0.14095799206917548,564,285.5,0.5,2,564,564,6.466803258062669,6.968061404968864,,solid,visible_pixel_support,False,visible_candidate,line-test-90deg-000203
mfh-90deg,0.07599999999999996,80.05435085848049,8.695652173912327e-05,0.4228739762075264,564,262.5,1.5,4,564,564,0.5012581469061956,6.968061404968864,,dashed,visible_pixel_support,False,visible_candidate,line-mfh-90deg-000028
test-90deg,0.0761739130434782,73.57028322329836,8.695652173915103e-05,0.14095799206917548,565,285.5,0.5,2,565,565,6.155158236392936,6.610032340705686,,solid,visible_pixel_support,False,visible_candidate,line-test-90deg-000204
mfh-90deg,0.0761739130434782,80.05435085848049,8.695652173915103e-05,0.4228739762075264,565,262.5,1.5,4,565,565,0.45487410431275066,6.610032340705686,,dashed,visible_pixel_support,False,visible_candidate,line-mfh-90deg-000029
test-90deg,0.07634782608695648,73.57028322329836,8.695652173912327e-05,0.14095799206917548,566,285.5,0.5,2,566,566,5.838693481697703,6.1053978117749805,,solid,visible_pixel_support,False,visible_candidate,line-test-90deg-000205
mfh-90deg,0.07634782608695648,80.19530885054967,8.695652173912327e-05,0.28191598413835095,566,262.0,1.0,3,566,566,0.09170433007727752,6.1053978117749805,,dashed,visible_pixel_support,False,visible_candidate,line-mfh-90deg-000030
test-90deg,0.07652173913043472,73.57028322329836,8.695652173915103e-05,0.14095799206917548,567,285.5,0.5,2,567,567,5.517646387932814,5.656058746931251,,solid,visible_pixel_support,False,visible_candidate,line-test-90deg-000206
mfh-90deg,0.07652173913043472,80.19530885054967,8.695652173915103e-05,0.28191598413835095,567,262.0,1.0,3,567,567,0.13841235899843696,5.656058746931251,,dashed,visible_pixel_support,False,visible_candidate,line-mfh-90deg-000031
test-90deg,0.076695652173913,73.57028322329836,8.695652173912327e-05,0.14095799206917548,568,285.5,0.5,2,568,568,5.192254349054167,5.682069163869005,,solid,visible_pixel_support,False,visible_candidate,line-test-90deg-000207
mfh-90deg,0.076695652173913,80.05435085848049,8.695652173912327e-05,0.14095799206917548,568,262.5,0.5,2,568,568,0.314814814814838,5.682069163869005,,dashed,visible_pixel_support,False,visible_candidate,line-mfh-90deg-000032
test-90deg,0.07686956521739124,73.57028322329836,8.695652173915103e-05,0.14095799206917548,569,285.5,0.5,2,569,569,4.862754759017548,12.862754759017548,,solid,visible_pixel_support,False,visible_candidate,line-test-90deg-000208
test-90deg,0.07704347826086952,73.57028322329836,8.695652173912327e-05,0.14095799206917548,570,285.5,0.5,2,570,570,4.5293850117788,12.5293850117788,,solid,visible_pixel_support,False,visible_candidate,line-test-90deg-000209
test-90deg,0.07721739130434777,73.57028322329836,8.695652173915103e-05,0.14095799206917548,571,285.5,0.5,2,571,571,4.192382501293707,12.192382501293707,,solid,visible_pixel_support,False,visible_candidate,line-test-90deg-000210
test-90deg,0.07739130434782604,73.57028322329836,8.695652173912327e-05,0.42287397620754064,572,285.5,1.5,4,572,572,3.851984621518227,11.851984621518227,,solid,visible_pixel_support,False,visible_candidate,line-test-90deg-000211
test-90deg,0.07756521739130431,73.57028322329836,8.695652173915103e-05,0.42287397620754064,573,285.5,1.5,4,573,573,3.5084287664080875,11.508428766408088,,solid,visible_pixel_support,False,visible_candidate,line-test-90deg-000212
test-90deg,0.07773913043478256,73.57028322329836,8.695652173912327e-05,0.14095799206917548,574,285.5,0.5,2,574,574,3.1619523299191314,11.161952329919131,,solid,visible_pixel_support,False,visible_candidate,line-test-90deg-000213
test-90deg,0.07791304347826083,73.57028322329836,8.695652173915103e-05,0.14095799206917548,575,285.5,0.5,2,575,575,2.812792706007258,10.812792706007258,,solid,visible_pixel_support,False,visible_candidate,line-test-90deg-000214
test-90deg,0.07808695652173908,73.57028322329836,8.695652173912327e-05,0.14095799206917548,576,285.5,0.5,2,576,576,2.4611872886283663,10.461187288628366,,solid,visible_pixel_support,False,visible_candidate,line-test-90deg-000215
test-90deg,0.07826086956521736,73.57028322329836,8.695652173915103e-05,0.14095799206917548,577,285.5,0.5,2,577,577,2.1073734717381285,10.107373471738129,,solid,visible_pixel_support,False,visible_candidate,line-test-90deg-000216
test-90deg,0.0784347826086956,73.57028322329836,8.695652173912327e-05,0.14095799206917548,578,285.5,0.5,2,578,578,1.7515886492924437,9.751588649292444,,solid,visible_pixel_support,False,visible_candidate,line-test-90deg-000217
test-90deg,0.07860869565217388,73.71124121536754,8.695652173915103e-05,0.5638319682767161,579,285.0,2.0,5,579,579,0.8940702152471545,9.069070215247155,,solid,visible_pixel_support,False,visible_candidate,line-test-90deg-000218
test-90deg,0.07878260869565212,73.57028322329836,8.695652173912327e-05,0.42287397620754064,580,285.5,1.5,4,580,580,1.0350555635581031,9.210055563558104,,solid,visible_pixel_support,False,visible_candidate,line-test-90deg-000219
test-90deg,0.0789565217391304,73.57028322329836,8.695652173915103e-05,0.14095799206917548,581,285.5,0.5,2,581,581,0.674782088181189,8.674782088181189,,solid,visible_pixel_support,False,visible_candidate,line-test-90deg-000220
test-90deg,0.07913043478260864,73.57028322329836,8.695652173912327e-05,0.14095799206917548,582,285.5,0.5,2,582,582,0.3134871830721977,8.313487183072198,,solid,visible_pixel_support,False,visible_candidate,line-test-90deg-000221
test-90deg,0.07930434782608692,73.57028322329836,8.695652173915103e-05,0.14095799206917548,583,285.5,0.5,2,583,583,0.04859175781314207,8.048591757813142,,solid,visible_pixel_support,False,visible_candidate,line-test-90deg-000222
test-90deg,0.07947826086956516,73.57028322329836,8.695652173912327e-05,0.14095799206917548,584,285.5,0.5,2,584,584,0.41121734051876047,8.41121734051876,,solid,visible_pixel_support,False,visible_candidate,line-test-90deg-000223
test-90deg,0.07965217391304344,73.57028322329836,8.695652173915103e-05,0.14095799206917548,585,285.5,0.5,2,585,585,0.7741521710890993,1.7016008327556165,,solid,visible_pixel_support,False,visible_candidate,line-test-90deg-000224
mfh-90deg,0.07965217391304344,80.19530885054967,8.695652173915103e-05,0.28191598413835095,585,262.0,1.0,3,585,585,0.9274486616665172,1.7016008327556165,,dashed,visible_pixel_support,True,visible_candidate,line-mfh-90deg-000033
test-90deg,0.07982608695652169,73.57028322329836,8.695652173912327e-05,0.14095799206917548,586,285.5,0.5,2,586,586,1.1371588555680319,2.1014663617912674,,solid,visible_pixel_support,False,visible_candidate,line-test-90deg-000225
mfh-90deg,0.07982608695652169,80.19530885054967,8.695652173912327e-05,0.28191598413835095,586,262.0,1.0,3,586,586,0.9643075062232356,2.1014663617912674,,dashed,visible_pixel_support,False,visible_candidate,line-mfh-90deg-000034
test-90deg,0.07999999999999996,73.57028322329836,8.695652173915103e-05,0.14095799206917548,587,285.5,0.5,2,587,587,1.5,2.5,,solid,visible_pixel_support,False,visible_candidate,line-test-90deg-000226
mfh-90deg,0.07999999999999996,80.19530885054967,8.695652173915103e-05,0.28191598413835095,587,262.0,1.0,3,587,587,1.0,2.5,,dashed,visible_pixel_support,False,visible_candidate,line-mfh-90deg-000035
test-90deg,0.0801739130434782,73.57028322329836,8.695652173912327e-05,0.14095799206917548,588,285.5,0.5,2,588,588,1.8799083861326267,1.8799083861326267,,solid,visible_pixel_support,False,visible_candidate,line-test-90deg-000227
test-90deg,0.08034782608695648,73.57028322329836,8.695652173915103e-05,0.14095799206917548,589,285.5,0.5,2,589,589,2.29274357896918,2.29274357896918,,solid,visible_pixel_support,False,visible_candidate,line-test-90deg-000228
test-90deg,0.08052173913043473,73.57028322329836,8.695652173912327e-05,0.42287397620754064,590,285.5,1.5,4,590,590,2.736208359437569,2.736208359437569,,solid,visible_pixel_support,False,visible_candidate,line-test-90deg-000229
test-90deg,0.080695652173913,73.57028322329836,8.695652173915103e-05,0.7047899603458916,591,285.5,2.5,6,591,591,3.2080055084651917,3.2080055084651917,,solid,visible_pixel_support,False,visible_candidate,line-test-90deg-000230
test-90deg,0.08086956521739125,73.57028322329836,8.695652173915103e-05,0.9867059444842425,592,285.5,3.5,8,592,592,3.7058378069798437,3.7058378069798437,,solid,visible_pixel_support,False,visible_candidate,line-test-90deg-000231
test-90deg,0.08104347826086952,73.57028322329836,8.695652173912327e-05,1.2686219286225935,593,285.5,4.5,10,593,593,4.227408035909036,4.227408035909036,,solid,visible_pixel_support,False,visible_candidate,line-test-90deg-000232
test-90deg,0.08121739130434777,73.57028322329836,8.695652173915103e-05,1.5505379127609444,594,285.5,5.5,12,594,594,4.770418976180395,4.770418976180395,,solid,visible_pixel_support,False,visible_candidate,line-test-90deg-000233
test-90deg,0.08139130434782604,73.57028322329836,8.695652173912327e-05,1.5505379127609444,595,285.5,5.5,12,595,595,5.332573408721544,5.332573408721544,,solid,visible_pixel_support,False,visible_candidate,line-test-90deg-000234
test-90deg,0.08156521739130429,73.57028322329836,8.695652173915103e-05,1.5505379127609444,596,285.5,5.5,12,596,596,5.9115741144602225,5.9115741144602225,,solid,visible_pixel_support,False,visible_candidate,line-test-90deg-000235
test-90deg,0.08173913043478256,73.57028322329836,8.695652173912327e-05,1.5505379127609444,597,285.5,5.5,12,597,597,6.505123874323829,6.505123874323829,,solid,visible_pixel_support,False,visible_candidate,line-test-90deg-000236
test-90deg,0.08191304347826081,73.57028322329836,8.695652173915103e-05,1.5505379127609444,598,285.5,5.5,12,598,598,7.110925469240215,7.110925469240215,,solid,visible_pixel_support,False,visible_candidate,line-test-90deg-000237
test-90deg,0.08208695652173909,73.57028322329836,8.695652173912327e-05,1.5505379127609444,599,285.5,5.5,12,599,599,7.726681680136835,7.726681680136835,,solid,visible_pixel_support,False,visible_candidate,line-test-90deg-000238
test-90deg,0.08226086956521733,73.57028322329836,8.695652173915103e-05,1.5505379127609444,600,285.5,5.5,12,600,600,8.350095287941429,8.350095287941429,,solid,visible_pixel_support,False,visible_candidate,line-test-90deg-000239
test-90deg,0.0824347826086956,73.57028322329836,8.695652173912327e-05,1.5505379127609444,601,285.5,5.5,12,601,601,8.978869073581563,8.978869073581563,,solid,visible_pixel_support,False,visible_candidate,line-test-90deg-000240
test-90deg,0.08260869565217385,73.57028322329836,8.695652173915103e-05,1.5505379127609444,602,285.5,5.5,12,602,602,9.610705817984808,9.610705817984808,,solid,visible_pixel_support,False,visible_candidate,line-test-90deg-000241
test-90deg,0.08278260869565213,73.42932523122919,8.695652173912327e-05,1.69149590483012,603,286.0,6.0,13,603,603,9.743308302078958,9.918308302078959,,solid,visible_pixel_support,False,visible_candidate,line-test-90deg-000242
test-90deg,0.08295652173913037,73.28836723916001,8.695652173915103e-05,1.5505379127609444,604,286.5,5.5,12,604,604,9.874379306791411,10.049379306791412,,solid,visible_pixel_support,False,visible_candidate,line-test-90deg-000243
test-90deg,0.08382608695652169,71.03303936605317,8.695652173912327e-05,0.14095799206917548,609,294.5,0.5,2,609,609,4.926359472096976,4.926359472096976,,solid,visible_pixel_support,True,visible_candidate,line-test-90deg-000244
test-90deg,0.08399999999999994,71.17399735812235,8.695652173915103e-05,0.14095799206917548,610,294.0,0.5,1,610,610,6.0,6.175,,solid,visible_pixel_support,False,visible_candidate,line-test-90deg-000245
