series,x,y,x_uncertainty,y_uncertainty,pixel_x,pixel_y,pixel_half_width,pixel_half_height,center_localization_half_width_px,support_pixels,marker_shape,evidence_status,segment_break,status,candidate_id,guide_residual_px,reviewed_by,review_decision,review_reason,evidence_segment_break,curve_topology,curve_segment,curve_order,data_id,data_provenance,topology_provenance
simulation-a11,0.04630294803368873,0.7538971380769293,0.001434130905212494,0.0011864352246585552,140.0,121.0,4.5,5.5,0.5,87,triangle,visible_marker_support,True,visible_candidate,line-simulation-a11-000001,,"example-reviewer",accepted,,True,continuous,0,0,curve-simulation-a11-000001,reviewed_visible_observation,confirmed_continuous_curve
simulation-a11,0.1266142787255886,0.7752529721207831,0.001434130905212494,0.0011864352246585552,168.0,112.0,5.5,5.0,0.5,89,triangle,visible_marker_support,False,visible_candidate,line-simulation-a11-000002,,"example-reviewer",accepted,,False,continuous,0,1,curve-simulation-a11-000002,reviewed_visible_observation,confirmed_continuous_curve
simulation-a11,0.2097938712279135,0.8393204742523447,0.001434130905212494,0.0011864352246585552,197.0,85.0,5.0,4.0,0.5,81,triangle,visible_marker_support,False,visible_candidate,line-simulation-a11-000003,,"example-reviewer",accepted,,False,continuous,0,2,curve-simulation-a11-000003,reviewed_visible_observation,confirmed_continuous_curve
simulation-a11,0.29010520191981337,0.8583034378468815,0.001434130905212494,0.0011864352246585552,225.0,77.0,6.0,5.5,0.5,102,triangle,visible_marker_support,False,visible_candidate,line-simulation-a11-000004,,"example-reviewer",accepted,,False,continuous,0,3,curve-simulation-a11-000004,reviewed_visible_observation,confirmed_continuous_curve
simulation-a11,0.37328479442213824,0.8654220491948328,0.001434130905212494,0.0011864352246585552,254.0,74.0,6.5,6.0,0.5,111,triangle,visible_marker_support,False,visible_candidate,line-simulation-a11-000005,,"example-reviewer",accepted,,False,continuous,0,4,curve-simulation-a11-000005,reviewed_visible_observation,confirmed_continuous_curve
simulation-a11,0.4550302560192506,0.8559305673975643,0.001434130905212494,0.0011864352246585552,282.5,78.0,5.5,5.0,0.5,94,triangle,visible_marker_support,False,visible_candidate,line-simulation-a11-000006,,"example-reviewer",accepted,,False,continuous,0,5,curve-simulation-a11-000006,reviewed_visible_observation,confirmed_continuous_curve
simulation-a11,0.6615451063698503,0.7277955631344413,0.001434130905212605,0.0011864352246586662,354.5,132.0,4.0,8.0,0.5,48,triangle,visible_marker_support,False,visible_candidate,line-simulation-a11-000007,,"example-reviewer",accepted,,False,continuous,0,6,curve-simulation-a11-000007,reviewed_visible_observation,confirmed_continuous_curve
simulation-a11,0.6973983790001628,0.6755924132494651,0.001434130905212605,0.0011864352246586662,367.0,154.0,4.0,5.5,0.5,55,triangle,visible_marker_support,False,visible_candidate,line-simulation-a11-000008,,"example-reviewer",accepted,,False,continuous,0,7,curve-simulation-a11-000008,reviewed_visible_observation,confirmed_continuous_curve
simulation-a11,0.7863144951233376,0.6305078747124403,0.001434130905212605,0.0011864352246585552,398.0,173.0,7.5,8.5,0.5,130,triangle,visible_marker_support,False,visible_candidate,line-simulation-a11-000009,,"example-reviewer",accepted,,False,continuous,0,8,curve-simulation-a11-000009,reviewed_visible_observation,confirmed_continuous_curve
simulation-a11,0.8494162549526876,0.6423722269590257,0.001434130905212605,0.0011864352246585552,420.0,168.0,5.5,8.5,0.5,71,triangle,visible_marker_support,False,visible_candidate,line-simulation-a11-000010,,"example-reviewer",accepted,,False,continuous,0,9,curve-simulation-a11-000010,reviewed_visible_observation,confirmed_continuous_curve
simulation-a11,1.0329850108198873,0.7942359357153199,0.001434130905212605,0.0011864352246585552,484.0,104.0,1.5,2.5,0.5,19,triangle,visible_marker_support,False,visible_candidate,line-simulation-a11-000011,,"example-reviewer",accepted,,False,continuous,0,10,curve-simulation-a11-000011,reviewed_visible_observation,confirmed_continuous_curve
simulation-a11,1.1132963415117871,0.8179646402084908,0.001434130905212605,0.0011864352246586662,512.0,94.0,2.0,4.0,0.5,29,triangle,visible_marker_support,False,visible_candidate,line-simulation-a11-000012,,"example-reviewer",accepted,,False,continuous,0,11,curve-simulation-a11-000012,reviewed_visible_observation,confirmed_continuous_curve
simulation-a11,1.199344195824537,0.8583034378468815,0.001434130905212605,0.0011864352246585552,542.0,77.0,6.5,5.0,0.5,105,triangle,visible_marker_support,False,visible_candidate,line-simulation-a11-000013,,"example-reviewer",accepted,,False,continuous,0,12,curve-simulation-a11-000013,reviewed_visible_observation,confirmed_continuous_curve
simulation-a11,1.2796555265164369,0.8677949196441499,0.001434130905212605,0.0011864352246585552,570.0,73.0,6.5,5.5,0.5,99,triangle,visible_marker_support,False,visible_candidate,line-simulation-a11-000014,,"example-reviewer",accepted,,False,continuous,0,13,curve-simulation-a11-000014,reviewed_visible_observation,confirmed_continuous_curve
simulation-a11,1.3599668572083368,0.8630491787455157,0.001434130905212605,0.0011864352246585552,598.0,75.0,6.5,5.5,0.5,101,triangle,visible_marker_support,False,visible_candidate,line-simulation-a11-000015,,"example-reviewer",accepted,,False,continuous,0,14,curve-simulation-a11-000015,reviewed_visible_observation,confirmed_continuous_curve
simulation-a11,1.4431464497106616,0.846439085600296,0.001434130905212605,0.0011864352246585552,627.0,82.0,5.5,5.5,0.5,97,triangle,visible_marker_support,False,visible_candidate,line-simulation-a11-000016,,"example-reviewer",accepted,,False,continuous,0,15,curve-simulation-a11-000016,reviewed_visible_observation,confirmed_continuous_curve
simulation-a11,1.5263260422129865,0.7918630652660028,0.001434130905212605,0.0011864352246585552,656.0,105.0,1.5,2.5,0.5,17,triangle,visible_marker_support,False,visible_candidate,line-simulation-a11-000017,,"example-reviewer",accepted,,False,continuous,0,16,curve-simulation-a11-000017,reviewed_visible_observation,confirmed_continuous_curve
simulation-a11,1.6066373729048864,0.7562700085262464,0.001434130905212605,0.0011864352246585552,684.0,120.0,5.0,5.0,0.5,84,triangle,visible_marker_support,False,visible_candidate,line-simulation-a11-000018,,"example-reviewer",accepted,,False,continuous,0,17,curve-simulation-a11-000018,reviewed_visible_observation,confirmed_continuous_curve
simulation-a22,0.04917120984411372,0.2128826756326314,0.001434130905212494,0.0011864352246585552,141.0,349.0,4.5,5.5,0.5,103,circle,visible_marker_support,True,visible_candidate,line-simulation-a22-000001,,"example-reviewer",accepted,,True,continuous,0,0,curve-simulation-a22-000001,reviewed_visible_observation,confirmed_continuous_curve
simulation-a22,0.11227296967346362,0.18915397113946053,0.001434130905212494,0.0011864352246585552,163.0,359.0,11.5,8.5,0.5,185,circle,visible_marker_support,False,visible_candidate,line-simulation-a22-000002,,"example-reviewer",accepted,,False,continuous,0,1,curve-simulation-a22-000002,reviewed_visible_observation,confirmed_continuous_curve
simulation-a22,0.2069256094174885,0.127459339457216,0.001434130905212494,0.0011864352246585552,196.0,385.0,13.5,8.5,0.5,208,circle,visible_marker_support,False,visible_candidate,line-simulation-a22-000003,,"example-reviewer",accepted,,False,continuous,0,2,curve-simulation-a22-000003,reviewed_visible_observation,confirmed_continuous_curve
simulation-a22,0.2528177983842884,0.11084924631199633,0.001434130905212494,0.0011864352246585552,212.0,392.0,1.0,3.5,0.5,14,circle,visible_marker_support,False,visible_candidate,line-simulation-a22-000004,,"example-reviewer",accepted,,False,continuous,0,3,curve-simulation-a22-000004,reviewed_visible_observation,confirmed_continuous_curve
simulation-a22,0.3359973908866133,0.10847637586267922,0.001434130905212494,0.0011864352246585552,241.0,393.0,31.0,8.5,0.5,514,circle,visible_marker_support,False,visible_candidate,line-simulation-a22-000005,,"example-reviewer",accepted,,False,continuous,0,4,curve-simulation-a22-000005,reviewed_visible_observation,confirmed_continuous_curve
simulation-a22,0.4564643869244631,0.11322211676131344,0.001434130905212494,0.0011864352246585552,283.0,391.0,8.0,7.0,0.5,180,circle,visible_marker_support,False,visible_candidate,line-simulation-a22-000006,,"example-reviewer",accepted,,False,continuous,0,5,curve-simulation-a22-000006,reviewed_visible_observation,confirmed_continuous_curve
simulation-a22,0.49662005227041306,0.1298322099065331,0.001434130905212494,0.0011864352246585552,297.0,384.0,2.5,6.5,0.5,38,circle,visible_marker_support,False,visible_candidate,line-simulation-a22-000007,,"example-reviewer",accepted,,False,continuous,0,6,curve-simulation-a22-000007,reviewed_visible_observation,confirmed_continuous_curve
simulation-a22,0.5941409538248629,0.17017100754492376,0.001434130905212494,0.0011864352246585552,331.0,367.0,23.5,8.5,0.5,324,circle,visible_marker_support,False,visible_candidate,line-simulation-a22-000008,,"example-reviewer",accepted,,False,continuous,0,7,curve-simulation-a22-000008,reviewed_visible_observation,confirmed_continuous_curve
simulation-a22,0.7002666408105878,0.2888145300107785,0.001434130905212605,0.0011864352246585552,368.0,317.0,2.0,6.0,0.5,58,circle,visible_marker_support,False,visible_candidate,line-simulation-a22-000009,,"example-reviewer",accepted,,False,continuous,0,8,curve-simulation-a22-000009,reviewed_visible_observation,confirmed_continuous_curve
simulation-a22,0.7920510187441876,0.6257621338138061,0.001434130905212605,0.0011864352246585552,400.0,175.0,4.0,8.5,0.5,77,circle,visible_marker_support,False,visible_candidate,line-simulation-a22-000010,,"example-reviewer",accepted,,False,continuous,0,9,curve-simulation-a22-000010,reviewed_visible_observation,confirmed_continuous_curve
simulation-a22,0.8608893021943875,0.6233892633644891,0.001434130905212605,0.0011864352246586662,424.0,176.0,4.5,8.5,0.5,69,circle,visible_marker_support,False,visible_candidate,line-simulation-a22-000011,,"example-reviewer",accepted,,False,continuous,0,10,curve-simulation-a22-000011,reviewed_visible_observation,confirmed_continuous_curve
simulation-a22,0.9498054183175624,0.24847573237238785,0.001434130905212605,0.0011864352246585552,455.0,334.0,4.0,8.0,0.5,31,circle,visible_marker_support,False,visible_candidate,line-simulation-a22-000012,,"example-reviewer",accepted,,False,continuous,0,11,curve-simulation-a22-000012,reviewed_visible_observation,confirmed_continuous_curve
simulation-a22,1.0301167490094623,0.17728961889287498,0.001434130905212605,0.0011864352246585552,483.0,364.0,10.0,8.5,0.5,196,circle,visible_marker_support,False,visible_candidate,line-simulation-a22-000013,,"example-reviewer",accepted,,False,continuous,0,12,curve-simulation-a22-000013,reviewed_visible_observation,confirmed_continuous_curve
simulation-a22,1.1104280797013621,0.15118804395038699,0.001434130905212605,0.0011864352246585552,511.0,375.0,11.0,8.5,0.5,213,circle,visible_marker_support,False,visible_candidate,line-simulation-a22-000014,,"example-reviewer",accepted,,False,continuous,0,13,curve-simulation-a22-000014,reviewed_visible_observation,confirmed_continuous_curve
simulation-a22,1.1563202686681622,0.12508646900789888,0.001434130905212605,0.0011864352246585552,527.0,386.0,4.0,7.0,0.5,53,circle,visible_marker_support,False,visible_candidate,line-simulation-a22-000015,,"example-reviewer",accepted,,False,continuous,0,14,curve-simulation-a22-000015,reviewed_visible_observation,confirmed_continuous_curve
simulation-a22,1.248104646601762,0.103730634964045,0.001434130905212605,0.0011864352246585552,559.0,395.0,24.5,7.0,0.5,431,circle,visible_marker_support,False,visible_candidate,line-simulation-a22-000016,,"example-reviewer",accepted,,False,continuous,0,15,curve-simulation-a22-000016,reviewed_visible_observation,confirmed_continuous_curve
simulation-a22,1.3599668572083368,0.103730634964045,0.001434130905212605,0.0011864352246585552,598.0,395.0,8.5,5.5,0.5,168,circle,visible_marker_support,False,visible_candidate,line-simulation-a22-000017,,"example-reviewer",accepted,,False,continuous,0,16,curve-simulation-a22-000017,reviewed_visible_observation,confirmed_continuous_curve
simulation-a22,1.4431464497106616,0.11796785765994766,0.001434130905212605,0.0011864352246585552,627.0,389.0,11.5,7.0,0.5,203,circle,visible_marker_support,False,visible_candidate,line-simulation-a22-000018,,"example-reviewer",accepted,,False,continuous,0,17,curve-simulation-a22-000018,reviewed_visible_observation,confirmed_continuous_curve
simulation-a22,1.5607451839380864,0.1796624893421921,0.001434130905212605,0.0011864352246585552,668.0,363.0,4.5,7.0,0.5,51,circle,visible_marker_support,False,visible_candidate,line-simulation-a22-000019,,"example-reviewer",accepted,,False,continuous,0,18,curve-simulation-a22-000019,reviewed_visible_observation,confirmed_continuous_curve
simulation-a22,1.6095056347153114,0.2057640642846802,0.001434130905212605,0.0011864352246585552,685.0,352.0,5.0,5.0,0.5,106,circle,visible_marker_support,False,visible_candidate,line-simulation-a22-000020,,"example-reviewer",accepted,,False,continuous,0,19,curve-simulation-a22-000020,reviewed_visible_observation,confirmed_continuous_curve
simulation-a33,0.05490773346496369,0.03017165103521502,0.001434130905212494,0.0011864352246586662,143.0,426.0,3.0,5.5,0.5,37,x,visible_marker_support,True,visible_candidate,line-simulation-a33-000001,,"example-reviewer",accepted,,True,continuous,0,0,curve-simulation-a33-000001,reviewed_visible_observation,confirmed_continuous_curve
simulation-a33,0.1151412314838886,0.03017165103521502,0.001434130905212494,0.0011864352246586662,164.0,426.0,3.0,5.0,0.5,39,x,visible_marker_support,False,visible_candidate,line-simulation-a33-000002,,"example-reviewer",accepted,,False,continuous,0,1,curve-simulation-a33-000002,reviewed_visible_observation,confirmed_continuous_curve
simulation-a33,0.21839865665918845,0.03017165103521502,0.001434130905212494,0.0011864352246586662,200.0,426.0,3.0,5.5,0.5,36,x,visible_marker_support,False,visible_candidate,line-simulation-a33-000003,,"example-reviewer",accepted,,False,continuous,0,2,curve-simulation-a33-000003,reviewed_visible_observation,confirmed_continuous_curve
simulation-a33,0.2786321546781134,0.03017165103521502,0.001434130905212494,0.0011864352246586662,221.0,426.0,2.5,5.5,0.5,37,x,visible_marker_support,False,visible_candidate,line-simulation-a33-000004,,"example-reviewer",accepted,,False,continuous,0,3,curve-simulation-a33-000004,reviewed_visible_observation,confirmed_continuous_curve
simulation-a33,0.3646800089908633,0.03254452148453213,0.001434130905212494,0.0011864352246586662,251.0,425.0,3.0,5.0,0.5,37,x,visible_marker_support,False,visible_candidate,line-simulation-a33-000005,,"example-reviewer",accepted,,False,continuous,0,4,curve-simulation-a33-000005,reviewed_visible_observation,confirmed_continuous_curve
simulation-a33,0.4650691723557381,0.03254452148453213,0.001434130905212494,0.0011864352246586662,286.0,425.0,3.0,5.0,0.5,38,x,visible_marker_support,False,visible_candidate,line-simulation-a33-000006,,"example-reviewer",accepted,,False,continuous,0,5,curve-simulation-a33-000006,reviewed_visible_observation,confirmed_continuous_curve
simulation-a33,0.548248764858063,0.03017165103521502,0.001434130905212494,0.0011864352246586662,315.0,426.0,3.0,5.5,0.5,37,x,visible_marker_support,False,visible_candidate,line-simulation-a33-000007,,"example-reviewer",accepted,,False,continuous,0,6,curve-simulation-a33-000007,reviewed_visible_observation,confirmed_continuous_curve
simulation-a33,0.6084822628769879,0.03017165103521502,0.001434130905212494,0.0011864352246586662,336.0,426.0,3.0,7.0,0.5,41,x,visible_marker_support,False,visible_candidate,line-simulation-a33-000008,,"example-reviewer",accepted,,False,continuous,0,7,curve-simulation-a33-000008,reviewed_visible_observation,confirmed_continuous_curve
simulation-a33,0.7146079498627127,0.040849568057141905,0.001434130905212605,0.0011864352246586662,373.0,421.5,3.0,5.5,0.5,34,x,visible_marker_support,False,visible_candidate,line-simulation-a33-000009,,"example-reviewer",accepted,,False,continuous,0,8,curve-simulation-a33-000009,reviewed_visible_observation,confirmed_continuous_curve
simulation-a33,0.7949192805546126,0.04440887373111768,0.001434130905212605,0.0011864352246585552,401.0,420.0,2.5,7.5,0.5,34,x,visible_marker_support,False,visible_candidate,line-simulation-a33-000010,,"example-reviewer",accepted,,False,continuous,0,9,curve-simulation-a33-000010,reviewed_visible_observation,confirmed_continuous_curve
simulation-a33,0.8780988730569375,0.04322243850645913,0.001434130905212605,0.0011864352246585552,430.0,420.5,3.0,5.5,0.5,36,x,visible_marker_support,False,visible_candidate,line-simulation-a33-000011,,"example-reviewer",accepted,,False,continuous,0,10,curve-simulation-a33-000011,reviewed_visible_observation,confirmed_continuous_curve
simulation-a33,0.9412006328862874,0.03966313283248346,0.001434130905212605,0.0011864352246584442,452.0,422.0,2.5,5.0,0.5,29,x,visible_marker_support,False,visible_candidate,line-simulation-a33-000012,,"example-reviewer",accepted,,False,continuous,0,11,curve-simulation-a33-000012,reviewed_visible_observation,confirmed_continuous_curve
simulation-a33,1.0415897962511622,0.03254452148453213,0.001434130905212605,0.0011864352246586662,487.0,425.0,3.0,5.0,0.5,38,x,visible_marker_support,False,visible_candidate,line-simulation-a33-000013,,"example-reviewer",accepted,,False,continuous,0,12,curve-simulation-a33-000013,reviewed_visible_observation,confirmed_continuous_curve
simulation-a33,1.124769388753487,0.03254452148453213,0.001434130905212605,0.0011864352246586662,516.0,425.0,3.0,5.0,0.5,40,x,visible_marker_support,False,visible_candidate,line-simulation-a33-000014,,"example-reviewer",accepted,,False,continuous,0,13,curve-simulation-a33-000014,reviewed_visible_observation,confirmed_continuous_curve
simulation-a33,1.205080719445387,0.03017165103521502,0.001434130905212605,0.0011864352246586662,544.0,426.0,3.0,8.0,0.5,42,x,visible_marker_support,False,visible_candidate,line-simulation-a33-000015,,"example-reviewer",accepted,,False,continuous,0,14,curve-simulation-a33-000015,reviewed_visible_observation,confirmed_continuous_curve
simulation-a33,1.268182479274737,0.03254452148453213,0.001434130905212605,0.0011864352246586662,566.0,425.0,3.0,5.0,0.5,35,x,visible_marker_support,False,visible_candidate,line-simulation-a33-000016,,"example-reviewer",accepted,,False,continuous,0,15,curve-simulation-a33-000016,reviewed_visible_observation,confirmed_continuous_curve
simulation-a33,1.3513620717770618,0.03254452148453213,0.001434130905212605,0.0011864352246586662,595.0,425.0,3.0,5.0,0.5,38,x,visible_marker_support,False,visible_candidate,line-simulation-a33-000017,,"example-reviewer",accepted,,False,continuous,0,16,curve-simulation-a33-000017,reviewed_visible_observation,confirmed_continuous_curve
simulation-a33,1.4345416642793867,0.03017165103521502,0.001434130905212605,0.0011864352246586662,624.0,426.0,2.5,5.5,0.5,30,x,visible_marker_support,False,visible_candidate,line-simulation-a33-000018,,"example-reviewer",accepted,,False,continuous,0,17,curve-simulation-a33-000018,reviewed_visible_observation,confirmed_continuous_curve
simulation-a33,1.5377990894546865,0.03017165103521502,0.001434130905212605,0.0011864352246586662,660.0,426.0,3.0,5.5,0.5,39,x,visible_marker_support,False,visible_candidate,line-simulation-a33-000019,,"example-reviewer",accepted,,False,continuous,0,18,curve-simulation-a33-000019,reviewed_visible_observation,confirmed_continuous_curve
simulation-a33,1.5980325874736114,0.03017165103521502,0.001434130905212605,0.0011864352246586662,681.0,426.0,2.5,7.5,0.5,41,x,visible_marker_support,False,visible_candidate,line-simulation-a33-000020,,"example-reviewer",accepted,,False,continuous,0,19,curve-simulation-a33-000020,reviewed_visible_observation,confirmed_continuous_curve
uct-test-a11,0.10653644605261364,0.7444056562796608,0.001434130905212494,0.0011864352246586662,161,125.0,,0.5,0.5,1,,visible_pixel_support,True,visible_candidate,line-uct-test-a11-000001,9.244943513119523,"example-reviewer",accepted,,True,continuous,0,0,curve-uct-test-a11-000001,reviewed_visible_observation,confirmed_continuous_curve
uct-test-a11,0.10940470786303863,0.7396599153810267,0.001434130905212494,0.0011864352246585552,162,127.0,,1.0,0.5,3,,visible_pixel_support,False,visible_candidate,line-uct-test-a11-000002,7.507288629737616,"example-reviewer",accepted,,False,continuous,0,1,curve-uct-test-a11-000002,reviewed_visible_observation,confirmed_continuous_curve
uct-test-a11,0.11227296967346362,0.7372870449317096,0.001434130905212494,0.0011864352246585552,163,128.0,,2.0,0.5,5,,visible_pixel_support,False,visible_candidate,line-uct-test-a11-000003,6.717520043731781,"example-reviewer",accepted,,False,continuous,0,2,curve-uct-test-a11-000003,reviewed_visible_observation,confirmed_continuous_curve
uct-test-a11,0.1151412314838886,0.7372870449317096,0.001434130905212494,0.0011864352246585552,164,128.0,,2.0,0.5,5,,visible_pixel_support,False,visible_candidate,line-uct-test-a11-000004,6.872084548104937,"example-reviewer",accepted,,False,continuous,0,3,curve-uct-test-a11-000004,reviewed_visible_observation,confirmed_continuous_curve
uct-test-a11,0.1180094932943136,0.7325413040330755,0.001434130905212494,0.0011864352246586662,165,130.0,,3.0,0.5,7,,visible_pixel_support,False,visible_candidate,line-uct-test-a11-000005,4.967428935860056,"example-reviewer",accepted,,False,continuous,0,4,curve-uct-test-a11-000005,reviewed_visible_observation,confirmed_continuous_curve
uct-test-a11,0.12087775510473858,0.7301684335837584,0.001434130905212494,0.0011864352246586662,166,131.0,,2.5,0.5,6,,visible_pixel_support,False,visible_candidate,line-uct-test-a11-000006,4.0,"example-reviewer",accepted,,False,continuous,0,5,curve-uct-test-a11-000006,reviewed_visible_observation,confirmed_continuous_curve
uct-test-a11,0.12374601691516357,0.7277955631344413,0.0014341309052125495,0.0011864352246586662,167,132.0,,2.5,0.5,6,,visible_pixel_support,False,visible_candidate,line-uct-test-a11-000007,2.930333516150455,"example-reviewer",accepted,,False,continuous,0,6,curve-uct-test-a11-000007,reviewed_visible_observation,confirmed_continuous_curve
uct-test-a11,0.1266142787255886,0.7254226926851242,0.001434130905212494,0.0011864352246586662,168,133.0,,2.0,0.5,5,,visible_pixel_support,False,visible_candidate,line-uct-test-a11-000008,1.7262648154028284,"example-reviewer",accepted,,False,continuous,0,7,curve-uct-test-a11-000008,reviewed_visible_observation,confirmed_continuous_curve
uct-test-a11,0.1294825405360136,0.7254226926851242,0.001434130905212494,0.0011864352246586662,169,133.0,,1.5,0.5,4,,visible_pixel_support,False,visible_candidate,line-uct-test-a11-000009,1.395190023958662,"example-reviewer",accepted,,False,continuous,0,8,curve-uct-test-a11-000009,reviewed_visible_observation,confirmed_continuous_curve
uct-test-a11,0.1323508023464386,0.723049822235807,0.001434130905212494,0.0011864352246585552,170,134.0,,1.5,0.5,4,,visible_pixel_support,False,visible_candidate,line-uct-test-a11-000010,0.055494731980473944,"example-reviewer",accepted,,False,continuous,0,9,curve-uct-test-a11-000010,reviewed_visible_observation,confirmed_continuous_curve
uct-test-a11,0.13521906415686358,0.7254226926851242,0.001434130905212494,0.0011864352246586662,171,133.0,,2.0,0.5,5,,visible_pixel_support,False,visible_candidate,line-uct-test-a11-000011,0.38160667378693347,"example-reviewer",accepted,,False,continuous,0,10,curve-uct-test-a11-000011,reviewed_visible_observation,confirmed_continuous_curve
uct-test-a11,0.13808732596728857,0.7254226926851242,0.001434130905212494,0.0011864352246586662,172,133.0,,2.5,0.5,6,,visible_pixel_support,False,visible_candidate,line-uct-test-a11-000012,0.28610963253760247,"example-reviewer",accepted,,False,continuous,0,11,curve-uct-test-a11-000012,reviewed_visible_observation,confirmed_continuous_curve
uct-test-a11,0.14095558777771355,0.7301684335837584,0.001434130905212494,0.0011864352246586662,173,131.0,,3.0,0.5,7,,visible_pixel_support,False,visible_candidate,line-uct-test-a11-000013,0.9487524752475167,"example-reviewer",accepted,,False,continuous,0,12,curve-uct-test-a11-000013,reviewed_visible_observation,confirmed_continuous_curve
uct-test-a11,0.14382384958813854,0.7325413040330755,0.001434130905212494,0.0011864352246586662,174,130.0,,4.0,0.5,9,,visible_pixel_support,False,visible_candidate,line-uct-test-a11-000014,1.0935891233438042,"example-reviewer",accepted,,False,continuous,0,13,curve-uct-test-a11-000014,reviewed_visible_observation,confirmed_continuous_curve
uct-test-a11,0.14669211139856353,0.7349141744823925,0.001434130905212494,0.0011864352246585552,175,129.0,,4.5,0.5,10,,visible_pixel_support,False,visible_candidate,line-uct-test-a11-000015,1.1557964379528585,"example-reviewer",accepted,,False,continuous,0,14,curve-uct-test-a11-000015,reviewed_visible_observation,confirmed_continuous_curve
uct-test-a11,0.14956037320898852,0.7396599153810267,0.001434130905212494,0.0011864352246585552,176,127.0,,4.0,0.5,9,,visible_pixel_support,False,visible_candidate,line-uct-test-a11-000016,2.1427705452761074,"example-reviewer",accepted,,False,continuous,0,15,curve-uct-test-a11-000016,reviewed_visible_observation,confirmed_continuous_curve
uct-test-a11,0.1524286350194135,0.7444056562796608,0.001434130905212494,0.0011864352246586662,177,125.0,,3.5,0.5,8,,visible_pixel_support,False,visible_candidate,line-uct-test-a11-000017,3.061907571515178,"example-reviewer",accepted,,False,continuous,0,16,curve-uct-test-a11-000017,reviewed_visible_observation,confirmed_continuous_curve
uct-test-a11,0.1552968968298386,0.7467785267289779,0.001434130905212605,0.0011864352246586662,178,124.0,,3.5,0.5,8,,visible_pixel_support,False,visible_candidate,line-uct-test-a11-000018,2.9206036428715834,"example-reviewer",accepted,,False,continuous,0,17,curve-uct-test-a11-000018,reviewed_visible_observation,confirmed_continuous_curve
uct-test-a11,0.1581651586402636,0.7515242676276122,0.001434130905212494,0.0011864352246585552,179,122.0,,3.0,0.5,7,,visible_pixel_support,False,visible_candidate,line-uct-test-a11-000019,3.726254885546865,"example-reviewer",accepted,,False,continuous,0,18,curve-uct-test-a11-000019,reviewed_visible_observation,confirmed_continuous_curve
uct-test-a11,0.16103342045068858,0.7562700085262464,0.001434130905212494,0.0011864352246585552,180,120.0,,3.0,0.5,7,,visible_pixel_support,False,visible_candidate,line-uct-test-a11-000020,4.486257425742565,"example-reviewer",accepted,,False,continuous,0,19,curve-uct-test-a11-000020,reviewed_visible_observation,confirmed_continuous_curve
uct-test-a11,0.16390168226111357,0.7586428789755635,0.001434130905212494,0.0011864352246585552,181,119.0,,3.0,0.5,7,,visible_pixel_support,False,visible_candidate,line-uct-test-a11-000021,4.208007389660253,"example-reviewer",accepted,,False,continuous,0,20,curve-uct-test-a11-000021,reviewed_visible_observation,confirmed_continuous_curve
uct-test-a11,0.16676994407153856,0.7633886198741977,0.001434130905212494,0.0011864352246586662,182,117.0,,3.0,0.5,7,,visible_pixel_support,False,visible_candidate,line-uct-test-a11-000022,4.898900903501442,"example-reviewer",accepted,,False,continuous,0,21,curve-uct-test-a11-000022,reviewed_visible_observation,confirmed_continuous_curve
uct-test-a11,0.16963820588196354,0.7657614903235148,0.001434130905212494,0.0011864352246586662,183,116.0,,3.0,0.5,7,,visible_pixel_support,False,visible_candidate,line-uct-test-a11-000023,4.56633409346766,"example-reviewer",accepted,,False,continuous,0,22,curve-uct-test-a11-000023,reviewed_visible_observation,confirmed_continuous_curve
uct-test-a11,0.17250646769238853,0.7705072312221489,0.001434130905212494,0.0011864352246585552,184,114.0,,2.5,0.5,6,,visible_pixel_support,False,visible_candidate,line-uct-test-a11-000024,5.217703085760462,"example-reviewer",accepted,,False,continuous,0,23,curve-uct-test-a11-000024,reviewed_visible_observation,confirmed_continuous_curve
uct-test-a11,0.17537472950281352,0.772880101671466,0.001434130905212494,0.0011864352246585552,185,113.0,,3.0,0.5,7,,visible_pixel_support,False,visible_candidate,line-uct-test-a11-000025,4.860404006581405,"example-reviewer",accepted,,False,continuous,0,24,curve-uct-test-a11-000025,reviewed_visible_observation,confirmed_continuous_curve
uct-test-a11,0.1782429913132385,0.7776258425701001,0.001434130905212494,0.0011864352246586662,186,111.0,,2.5,0.5,6,,visible_pixel_support,False,visible_candidate,line-uct-test-a11-000026,5.501832982132029,"example-reviewer",accepted,,False,continuous,0,25,curve-uct-test-a11-000026,reviewed_visible_observation,confirmed_continuous_curve
uct-test-a11,0.1811112531236635,0.7823715834687344,0.001434130905212494,0.0011864352246586662,187,109.0,,2.0,0.5,5,,visible_pixel_support,False,visible_candidate,line-uct-test-a11-000027,6.149386138613849,"example-reviewer",accepted,,False,continuous,0,26,curve-uct-test-a11-000027,reviewed_visible_observation,confirmed_continuous_curve
uct-test-a11,0.18397951493408848,0.7871173243673686,0.001434130905212494,0.0011864352246585552,188,107.0,,2.0,0.5,5,,visible_pixel_support,False,visible_candidate,line-uct-test-a11-000028,6.810459602228434,"example-reviewer",accepted,,False,continuous,0,27,curve-uct-test-a11-000028,reviewed_visible_observation,confirmed_continuous_curve
uct-test-a11,0.18684777674451347,0.7894901948166857,0.001434130905212494,0.0011864352246585552,189,106.0,,1.5,0.5,4,,visible_pixel_support,False,visible_candidate,line-uct-test-a11-000029,6.492449499177326,"example-reviewer",accepted,,False,continuous,0,28,curve-uct-test-a11-000029,reviewed_visible_observation,confirmed_continuous_curve
uct-test-a11,0.18971603855493846,0.7918630652660028,0.001434130905212494,0.0011864352246585552,190,105.0,,1.5,0.5,4,,visible_pixel_support,False,visible_candidate,line-uct-test-a11-000030,6.202751955662038,"example-reviewer",accepted,,False,continuous,0,29,curve-uct-test-a11-000030,reviewed_visible_observation,confirmed_continuous_curve
uct-test-a11,0.19258430036536345,0.796608806164637,0.001434130905212494,0.0011864352246585552,191,103.0,,1.5,0.5,4,,visible_pixel_support,False,visible_candidate,line-uct-test-a11-000031,6.948763097884125,"example-reviewer",accepted,,False,continuous,0,30,curve-uct-test-a11-000031,reviewed_visible_observation,confirmed_continuous_curve
uct-test-a11,0.19545256217578855,0.8013545470632712,0.001434130905212605,0.0011864352246586662,192,101.0,,1.0,0.5,3,,visible_pixel_support,False,visible_candidate,line-uct-test-a11-000032,7.73787905204513,"example-reviewer",accepted,,False,continuous,0,31,curve-uct-test-a11-000032,reviewed_visible_observation,confirmed_continuous_curve
uct-test-a11,0.19832082398621353,0.8037274175125882,0.001434130905212494,0.0011864352246585552,193,100.0,,1.0,0.5,3,,visible_pixel_support,False,visible_candidate,line-uct-test-a11-000033,7.577495944346623,"example-reviewer",accepted,,False,continuous,0,32,curve-uct-test-a11-000033,reviewed_visible_observation,confirmed_continuous_curve
uct-test-a11,0.20118908579663852,0.8084731584112225,0.001434130905212494,0.0011864352246585552,194,98.0,,0.5,0.5,2,,visible_pixel_support,False,visible_candidate,line-uct-test-a11-000034,8.475009900990088,"example-reviewer",accepted,,False,continuous,0,33,curve-uct-test-a11-000034,reviewed_visible_observation,confirmed_continuous_curve
uct-test-a11,0.2040573476070635,0.8108460288605396,0.001434130905212494,0.0011864352246585552,195,97.0,,0.5,0.5,2,,visible_pixel_support,False,visible_candidate,line-uct-test-a11-000035,8.437817048177124,"example-reviewer",accepted,,False,continuous,0,34,curve-uct-test-a11-000035,reviewed_visible_observation,confirmed_continuous_curve
uct-test-a11,0.2069256094174885,0.8132188993098567,0.001434130905212494,0.0011864352246585552,196,96.0,,0.5,0.5,2,,visible_pixel_support,False,visible_candidate,line-uct-test-a11-000036,8.473313512109229,"example-reviewer",accepted,,False,continuous,0,35,curve-uct-test-a11-000036,reviewed_visible_observation,confirmed_continuous_curve
uct-test-a11,0.2097938712279135,0.8132188993098567,0.001434130905212494,0.0011864352246585552,197,96.0,,1.0,0.5,3,,visible_pixel_support,False,visible_candidate,line-uct-test-a11-000037,7.58889541898796,"example-reviewer",accepted,,False,continuous,0,36,curve-uct-test-a11-000037,reviewed_visible_observation,confirmed_continuous_curve
uct-test-a11,0.21266213303833847,0.8132188993098567,0.001434130905212494,0.0011864352246585552,198,96.0,,1.5,0.5,4,,visible_pixel_support,False,visible_candidate,line-uct-test-a11-000038,6.791958895014858,"example-reviewer",accepted,,False,continuous,0,37,curve-uct-test-a11-000038,reviewed_visible_observation,confirmed_continuous_curve
uct-test-a11,0.21553039484876346,0.8132188993098567,0.001434130905212494,0.0011864352246585552,199,96.0,,1.5,0.5,4,,visible_pixel_support,False,visible_candidate,line-uct-test-a11-000039,6.089900066391479,"example-reviewer",accepted,,False,continuous,0,38,curve-uct-test-a11-000039,reviewed_visible_observation,confirmed_continuous_curve
uct-test-a11,0.21839865665918845,0.8155917697591737,0.001434130905212494,0.0011864352246586662,200,95.0,,2.0,0.5,5,,visible_pixel_support,False,visible_candidate,line-uct-test-a11-000040,6.490115059319336,"example-reviewer",accepted,,False,continuous,0,39,curve-uct-test-a11-000040,reviewed_visible_observation,confirmed_continuous_curve
uct-test-a11,0.22126691846961344,0.8155917697591737,0.001434130905212494,0.0011864352246586662,201,95.0,,1.5,0.5,4,,visible_pixel_support,False,visible_candidate,line-uct-test-a11-000041,6.0,"example-reviewer",accepted,,False,continuous,0,40,curve-uct-test-a11-000041,reviewed_visible_observation,confirmed_continuous_curve
uct-test-a11,0.22413518028003843,0.8155917697591737,0.001434130905212494,0.0011864352246586662,202,95.0,,1.5,0.5,4,,visible_pixel_support,False,visible_candidate,line-uct-test-a11-000042,5.56766518488584,"example-reviewer",accepted,,False,continuous,0,41,curve-uct-test-a11-000042,reviewed_visible_observation,confirmed_continuous_curve
uct-test-a11,0.22700344209046341,0.8155917697591737,0.001434130905212494,0.0011864352246586662,203,95.0,,1.5,0.5,4,,visible_pixel_support,False,visible_candidate,line-uct-test-a11-000043,5.136997373206711,"example-reviewer",accepted,,False,continuous,0,42,curve-uct-test-a11-000043,reviewed_visible_observation,confirmed_continuous_curve
uct-test-a11,0.2298717039008884,0.8155917697591737,0.001434130905212494,0.0011864352246586662,204,95.0,,2.0,0.5,5,,visible_pixel_support,False,visible_candidate,line-uct-test-a11-000044,4.709057385330354,"example-reviewer",accepted,,False,continuous,0,43,curve-uct-test-a11-000044,reviewed_visible_observation,confirmed_continuous_curve
uct-test-a11,0.2327399657113134,0.8155917697591737,0.001434130905212494,0.0011864352246586662,205,95.0,,2.0,0.5,5,,visible_pixel_support,False,visible_candidate,line-uct-test-a11-000045,4.284906041624566,"example-reviewer",accepted,,False,continuous,0,44,curve-uct-test-a11-000045,reviewed_visible_observation,confirmed_continuous_curve
uct-test-a11,0.23560822752173838,0.8179646402084908,0.001434130905212605,0.0011864352246586662,206,94.0,,2.5,0.5,6,,visible_pixel_support,False,visible_candidate,line-uct-test-a11-000046,4.8656041624570605,"example-reviewer",accepted,,False,continuous,0,45,curve-uct-test-a11-000046,reviewed_visible_observation,confirmed_continuous_curve
uct-test-a11,0.23847648933216348,0.8203375106578079,0.001434130905212494,0.0011864352246585552,207,93.0,,2.5,0.5,6,,visible_pixel_support,False,visible_candidate,line-uct-test-a11-000047,5.4522125681956055,"example-reviewer",accepted,,False,continuous,0,46,curve-uct-test-a11-000047,reviewed_visible_observation,confirmed_continuous_curve
uct-test-a11,0.24134475114258847,0.822710381107125,0.001434130905212494,0.0011864352246585552,208,92.0,,2.0,0.5,5,,visible_pixel_support,False,visible_candidate,line-uct-test-a11-000048,6.045792079207928,"example-reviewer",accepted,,False,continuous,0,47,curve-uct-test-a11-000048,reviewed_visible_observation,confirmed_continuous_curve
uct-test-a11,0.24421301295301345,0.8250832515564421,0.001434130905212494,0.0011864352246585552,209,91.0,,2.0,0.5,5,,visible_pixel_support,False,visible_candidate,line-uct-test-a11-000049,6.647403515861797,"example-reviewer",accepted,,False,continuous,0,48,curve-uct-test-a11-000049,reviewed_visible_observation,confirmed_continuous_curve
uct-test-a11,0.24708127476343844,0.8250832515564421,0.001434130905212494,0.0011864352246585552,210,91.0,,1.5,0.5,4,,visible_pixel_support,False,visible_candidate,line-uct-test-a11-000050,6.258107698524952,"example-reviewer",accepted,,False,continuous,0,49,curve-uct-test-a11-000050,reviewed_visible_observation,confirmed_continuous_curve
uct-test-a11,0.24994953657386343,0.8274561220057592,0.001434130905212494,0.0011864352246585552,211,90.0,,2.0,0.5,5,,visible_pixel_support,False,visible_candidate,line-uct-test-a11-000051,6.87896544756515,"example-reviewer",accepted,,False,continuous,0,50,curve-uct-test-a11-000051,reviewed_visible_observation,confirmed_continuous_curve
uct-test-a11,0.2528177983842884,0.8250832515564421,0.001434130905212494,0.0011864352246585552,212,91.0,,2.0,0.5,5,,visible_pixel_support,False,visible_candidate,line-uct-test-a11-000052,5.511037583350159,"example-reviewer",accepted,,False,continuous,0,51,curve-uct-test-a11-000052,reviewed_visible_observation,confirmed_continuous_curve
uct-test-a11,0.2556860601947134,0.8250832515564421,0.001434130905212494,0.0011864352246585552,213,91.0,,2.0,0.5,5,,visible_pixel_support,False,visible_candidate,line-uct-test-a11-000053,5.155384926247734,"example-reviewer",accepted,,False,continuous,0,52,curve-uct-test-a11-000053,reviewed_visible_observation,confirmed_continuous_curve
uct-test-a11,0.2585543220051384,0.8203375106578079,0.001434130905212494,0.0011864352246585552,214,93.0,,2.5,0.5,6,,visible_pixel_support,False,visible_candidate,line-uct-test-a11-000054,2.8130682966255733,"example-reviewer",accepted,,False,continuous,0,53,curve-uct-test-a11-000054,reviewed_visible_observation,confirmed_continuous_curve
uct-test-a11,0.2614225838155634,0.8203375106578079,0.001434130905212494,0.0011864352246585552,215,93.0,,2.5,0.5,6,,visible_pixel_support,False,visible_candidate,line-uct-test-a11-000055,2.4851485148514882,"example-reviewer",accepted,,False,continuous,0,54,curve-uct-test-a11-000055,reviewed_visible_observation,confirmed_continuous_curve
uct-test-a11,0.26429084562598837,0.8179646402084908,0.001434130905212494,0.0011864352246586662,216,94.0,,1.5,0.5,4,,visible_pixel_support,False,visible_candidate,line-uct-test-a11-000056,1.1726864012931912,"example-reviewer",accepted,,False,continuous,0,55,curve-uct-test-a11-000056,reviewed_visible_observation,confirmed_continuous_curve
uct-test-a11,0.26715910743641336,0.8155917697591737,0.001434130905212494,0.0011864352246586662,217,95.0,,1.5,0.5,4,,visible_pixel_support,False,visible_candidate,line-uct-test-a11-000057,0.12325722368154857,"example-reviewer",accepted,,False,continuous,0,56,curve-uct-test-a11-000057,reviewed_visible_observation,confirmed_continuous_curve
uct-test-a11,0.27002736924683834,0.8155917697591737,0.001434130905212494,0.0011864352246586662,218,95.0,,1.5,0.5,4,,visible_pixel_support,False,visible_candidate,line-uct-test-a11-000058,0.4016215397049905,"example-reviewer",accepted,,False,continuous,0,57,curve-uct-test-a11-000058,reviewed_visible_observation,confirmed_continuous_curve
uct-test-a11,0.27289563105726333,0.8155917697591737,0.001434130905212494,0.0011864352246586662,219,95.0,,2.0,0.5,5,,visible_pixel_support,False,visible_candidate,line-uct-test-a11-000059,0.6613457264093796,"example-reviewer",accepted,,False,continuous,0,58,curve-uct-test-a11-000059,reviewed_visible_observation,confirmed_continuous_curve
uct-test-a11,0.2757638928676883,0.8155917697591737,0.001434130905212605,0.0011864352246586662,220,95.0,,1.5,0.5,4,,visible_pixel_support,False,visible_candidate,line-uct-test-a11-000060,0.9013689634269468,"example-reviewer",accepted,,False,continuous,0,59,curve-uct-test-a11-000060,reviewed_visible_observation,confirmed_continuous_curve
uct-test-a11,0.2786321546781134,0.8155917697591737,0.001434130905212494,0.0011864352246586662,221,95.0,,2.0,0.5,5,,visible_pixel_support,False,visible_candidate,line-uct-test-a11-000061,1.12063043038998,"example-reviewer",accepted,,False,continuous,0,60,curve-uct-test-a11-000061,reviewed_visible_observation,confirmed_continuous_curve
uct-test-a11,0.2815004164885384,0.8132188993098567,0.001434130905212494,0.0011864352246585552,222,96.0,,2.0,0.5,5,,visible_pixel_support,False,visible_candidate,line-uct-test-a11-000062,2.3180693069306955,"example-reviewer",accepted,,False,continuous,0,61,curve-uct-test-a11-000062,reviewed_visible_observation,confirmed_continuous_curve
uct-test-a11,0.2843686782989634,0.8108460288605396,0.001434130905212494,0.0011864352246585552,223,97.0,,1.5,0.5,4,,visible_pixel_support,False,visible_candidate,line-uct-test-a11-000063,3.492624772681353,"example-reviewer",accepted,,False,continuous,0,62,curve-uct-test-a11-000063,reviewed_visible_observation,confirmed_continuous_curve
uct-test-a11,0.2872369401093884,0.8108460288605396,0.001434130905212494,0.0011864352246585552,224,97.0,,1.5,0.5,4,,visible_pixel_support,False,visible_candidate,line-uct-test-a11-000064,3.643236007274197,"example-reviewer",accepted,,False,continuous,0,63,curve-uct-test-a11-000064,reviewed_visible_observation,confirmed_continuous_curve
uct-test-a11,0.29010520191981337,0.8108460288605396,0.001434130905212494,0.0011864352246585552,225,97.0,,1.5,0.5,4,,visible_pixel_support,False,visible_candidate,line-uct-test-a11-000065,3.7688421903414877,"example-reviewer",accepted,,False,continuous,0,64,curve-uct-test-a11-000065,reviewed_visible_observation,confirmed_continuous_curve
uct-test-a11,0.29297346373023836,0.8108460288605396,0.001434130905212494,0.0011864352246585552,226,97.0,,1.5,0.5,4,,visible_pixel_support,False,visible_candidate,line-uct-test-a11-000066,3.8683825015154696,"example-reviewer",accepted,,False,continuous,0,65,curve-uct-test-a11-000066,reviewed_visible_observation,confirmed_continuous_curve
uct-test-a11,0.29584172554066335,0.8132188993098567,0.001434130905212494,0.0011864352246585552,227,96.0,,1.5,0.5,4,,visible_pixel_support,False,visible_candidate,line-uct-test-a11-000067,2.9407961204283595,"example-reviewer",accepted,,False,continuous,0,66,curve-uct-test-a11-000067,reviewed_visible_observation,confirmed_continuous_curve
uct-test-a11,0.29870998735108834,0.8155917697591737,0.001434130905212494,0.0011864352246586662,228,95.0,,2.0,0.5,5,,visible_pixel_support,False,visible_candidate,line-uct-test-a11-000068,1.9850222267124735,"example-reviewer",accepted,,False,continuous,0,67,curve-uct-test-a11-000068,reviewed_visible_observation,confirmed_continuous_curve
uct-test-a11,0.3015782491615133,0.8155917697591737,0.001434130905212494,0.0011864352246586662,229,95.0,,2.0,0.5,5,,visible_pixel_support,False,visible_candidate,line-uct-test-a11-000069,2.0,"example-reviewer",accepted,,False,continuous,0,68,curve-uct-test-a11-000069,reviewed_visible_observation,confirmed_continuous_curve
uct-test-a11,0.3044465109719383,0.8179646402084908,0.001434130905212494,0.0011864352246586662,230,94.0,,1.5,0.5,4,,visible_pixel_support,False,visible_candidate,line-uct-test-a11-000070,0.9989970970467539,"example-reviewer",accepted,,False,continuous,0,69,curve-uct-test-a11-000070,reviewed_visible_observation,confirmed_continuous_curve
uct-test-a11,0.3073147727823633,0.8179646402084908,0.001434130905212494,0.0011864352246586662,231,94.0,,1.5,0.5,4,,visible_pixel_support,False,visible_candidate,line-uct-test-a11-000071,0.9959979613236669,"example-reviewer",accepted,,False,continuous,0,70,curve-uct-test-a11-000071,reviewed_visible_observation,confirmed_continuous_curve
uct-test-a11,0.3101830345927883,0.8179646402084908,0.001434130905212494,0.0011864352246586662,232,94.0,,1.5,0.5,4,,visible_pixel_support,False,visible_candidate,line-uct-test-a11-000072,0.9910169525356736,"example-reviewer",accepted,,False,continuous,0,71,curve-uct-test-a11-000072,reviewed_visible_observation,confirmed_continuous_curve
uct-test-a11,0.3130512964032133,0.8179646402084908,0.001434130905212494,0.0011864352246586662,233,94.0,,1.5,0.5,4,,visible_pixel_support,False,visible_candidate,line-uct-test-a11-000073,0.9840684303877794,"example-reviewer",accepted,,False,continuous,0,72,curve-uct-test-a11-000073,reviewed_visible_observation,confirmed_continuous_curve
uct-test-a11,0.31591955821363826,0.8179646402084908,0.001434130905212494,0.0011864352246586662,234,94.0,,1.5,0.5,4,,visible_pixel_support,False,visible_candidate,line-uct-test-a11-000074,0.9751667545849045,"example-reviewer",accepted,,False,continuous,0,73,curve-uct-test-a11-000074,reviewed_visible_observation,confirmed_continuous_curve
uct-test-a11,0.31878782002406336,0.8155917697591737,0.001434130905212605,0.0011864352246586662,235,95.0,,2.0,0.5,5,,visible_pixel_support,False,visible_candidate,line-uct-test-a11-000075,1.9643262848320546,"example-reviewer",accepted,,False,continuous,0,74,curve-uct-test-a11-000075,reviewed_visible_observation,confirmed_continuous_curve
uct-test-a11,0.32165608183448835,0.8155917697591737,0.001434130905212494,0.0011864352246586662,236,95.0,,2.0,0.5,5,,visible_pixel_support,False,visible_candidate,line-uct-test-a11-000076,1.951561380834164,"example-reviewer",accepted,,False,continuous,0,75,curve-uct-test-a11-000076,reviewed_visible_observation,confirmed_continuous_curve
uct-test-a11,0.32452434364491334,0.8179646402084908,0.001434130905212494,0.0011864352246586662,237,94.0,,1.5,0.5,4,,visible_pixel_support,False,visible_candidate,line-uct-test-a11-000077,0.93688640229621,"example-reviewer",accepted,,False,continuous,0,76,curve-uct-test-a11-000077,reviewed_visible_observation,confirmed_continuous_curve
uct-test-a11,0.3273926054553383,0.8179646402084908,0.001434130905212494,0.0011864352246586662,238,94.0,,1.5,0.5,4,,visible_pixel_support,False,visible_candidate,line-uct-test-a11-000078,0.9203157089231411,"example-reviewer",accepted,,False,continuous,0,77,curve-uct-test-a11-000078,reviewed_visible_observation,confirmed_continuous_curve
uct-test-a11,0.3302608672657633,0.8179646402084908,0.001434130905212494,0.0011864352246586662,239,94.0,,1.5,0.5,4,,visible_pixel_support,False,visible_candidate,line-uct-test-a11-000079,0.9018636604199202,"example-reviewer",accepted,,False,continuous,0,78,curve-uct-test-a11-000079,reviewed_visible_observation,confirmed_continuous_curve
uct-test-a11,0.3331291290761883,0.8179646402084908,0.001434130905212494,0.0011864352246586662,240,94.0,,1.5,0.5,4,,visible_pixel_support,False,visible_candidate,line-uct-test-a11-000080,0.8815446164915386,"example-reviewer",accepted,,False,continuous,0,79,curve-uct-test-a11-000080,reviewed_visible_observation,confirmed_continuous_curve
uct-test-a11,0.3359973908866133,0.8179646402084908,0.001434130905212494,0.0011864352246586662,241,94.0,,1.5,0.5,4,,visible_pixel_support,False,visible_candidate,line-uct-test-a11-000081,0.8593729368429308,"example-reviewer",accepted,,False,continuous,0,80,curve-uct-test-a11-000081,reviewed_visible_observation,confirmed_continuous_curve
uct-test-a11,0.3388656526970383,0.8203375106578079,0.001434130905212494,0.0011864352246585552,242,93.0,,1.5,0.5,4,,visible_pixel_support,False,visible_candidate,line-uct-test-a11-000082,0.16463701882092607,"example-reviewer",accepted,,False,continuous,0,81,curve-uct-test-a11-000082,reviewed_visible_observation,confirmed_continuous_curve
uct-test-a11,0.34173391450746327,0.8203375106578079,0.001434130905212494,0.0011864352246585552,243,93.0,,1.5,0.5,4,,visible_pixel_support,False,visible_candidate,line-uct-test-a11-000083,0.19047089079506918,"example-reviewer",accepted,,False,continuous,0,82,curve-uct-test-a11-000083,reviewed_visible_observation,confirmed_continuous_curve
uct-test-a11,0.34460217631788825,0.8203375106578079,0.001434130905212494,0.0011864352246585552,244,93.0,,1.5,0.5,4,,visible_pixel_support,False,visible_candidate,line-uct-test-a11-000084,0.21811431937454984,"example-reviewer",accepted,,False,continuous,0,83,curve-uct-test-a11-000084,reviewed_visible_observation,confirmed_continuous_curve
uct-test-a11,0.34747043812831324,0.8203375106578079,0.001434130905212494,0.0011864352246585552,245,93.0,,1.5,0.5,4,,visible_pixel_support,False,visible_candidate,line-uct-test-a11-000085,0.24755294485439094,"example-reviewer",accepted,,False,continuous,0,84,curve-uct-test-a11-000085,reviewed_visible_observation,confirmed_continuous_curve
uct-test-a11,0.35033869993873823,0.822710381107125,0.001434130905212494,0.0011864352246585552,246,92.0,,1.5,0.5,4,,visible_pixel_support,False,visible_candidate,line-uct-test-a11-000086,1.278772407529658,"example-reviewer",accepted,,False,continuous,0,85,curve-uct-test-a11-000086,reviewed_visible_observation,confirmed_continuous_curve
uct-test-a11,0.3532069617491632,0.822710381107125,0.001434130905212494,0.0011864352246585552,247,92.0,,1.5,0.5,4,,visible_pixel_support,False,visible_candidate,line-uct-test-a11-000087,1.3117583476953314,"example-reviewer",accepted,,False,continuous,0,86,curve-uct-test-a11-000087,reviewed_visible_observation,confirmed_continuous_curve
uct-test-a11,0.3560752235595882,0.822710381107125,0.001434130905212494,0.0011864352246585552,248,92.0,,1.5,0.5,4,,visible_pixel_support,False,visible_candidate,line-uct-test-a11-000088,1.3464964056464908,"example-reviewer",accepted,,False,continuous,0,87,curve-uct-test-a11-000088,reviewed_visible_observation,confirmed_continuous_curve
uct-test-a11,0.3589434853700133,0.822710381107125,0.001434130905212605,0.0011864352246585552,249,92.0,,1.5,0.5,4,,visible_pixel_support,False,visible_candidate,line-uct-test-a11-000089,1.3829722216781732,"example-reviewer",accepted,,False,continuous,0,88,curve-uct-test-a11-000089,reviewed_visible_observation,confirmed_continuous_curve
uct-test-a11,0.3618117471804383,0.822710381107125,0.001434130905212494,0.0011864352246585552,250,92.0,,1.5,0.5,4,,visible_pixel_support,False,visible_candidate,line-uct-test-a11-000090,1.4211714360853875,"example-reviewer",accepted,,False,continuous,0,89,curve-uct-test-a11-000090,reviewed_visible_observation,confirmed_continuous_curve
uct-test-a11,0.3646800089908633,0.822710381107125,0.001434130905212494,0.0011864352246585552,251,92.0,,2.0,0.5,5,,visible_pixel_support,False,visible_candidate,line-uct-test-a11-000091,1.4610796891632134,"example-reviewer",accepted,,False,continuous,0,90,curve-uct-test-a11-000091,reviewed_visible_observation,confirmed_continuous_curve
uct-test-a11,0.36754827080128827,0.8203375106578079,0.001434130905212494,0.0011864352246585552,252,93.0,,1.5,0.5,4,,visible_pixel_support,False,visible_candidate,line-uct-test-a11-000092,0.5026826212066311,"example-reviewer",accepted,,False,continuous,0,91,curve-uct-test-a11-000092,reviewed_visible_observation,confirmed_continuous_curve
uct-test-a11,0.37041653261171326,0.8203375106578079,0.001434130905212494,0.0011864352246585552,253,93.0,,1.5,0.5,4,,visible_pixel_support,False,visible_candidate,line-uct-test-a11-000093,0.5459658725107204,"example-reviewer",accepted,,False,continuous,0,92,curve-uct-test-a11-000093,reviewed_visible_observation,confirmed_continuous_curve
uct-test-a11,0.37328479442213824,0.8203375106578079,0.001434130905212494,0.0011864352246585552,254,93.0,,2.0,0.5,5,,visible_pixel_support,False,visible_candidate,line-uct-test-a11-000094,0.5909150833705041,"example-reviewer",accepted,,False,continuous,0,93,curve-uct-test-a11-000094,reviewed_visible_observation,confirmed_continuous_curve
uct-test-a11,0.37615305623256323,0.8179646402084908,0.001434130905212494,0.0011864352246586662,255,94.0,,1.5,0.5,4,,visible_pixel_support,False,visible_candidate,line-uct-test-a11-000095,0.3624841059189663,"example-reviewer",accepted,,False,continuous,0,94,curve-uct-test-a11-000095,reviewed_visible_observation,confirmed_continuous_curve
uct-test-a11,0.3790213180429882,0.8179646402084908,0.001434130905212494,0.0011864352246586662,256,94.0,,1.5,0.5,4,,visible_pixel_support,False,visible_candidate,line-uct-test-a11-000096,0.3142460550626822,"example-reviewer",accepted,,False,continuous,0,95,curve-uct-test-a11-000096,reviewed_visible_observation,confirmed_continuous_curve
uct-test-a11,0.3818895798534132,0.8179646402084908,0.001434130905212494,0.0011864352246586662,257,94.0,,1.5,0.5,4,,visible_pixel_support,False,visible_candidate,line-uct-test-a11-000097,0.2643851237655923,"example-reviewer",accepted,,False,continuous,0,96,curve-uct-test-a11-000097,reviewed_visible_observation,confirmed_continuous_curve
uct-test-a11,0.3847578416638382,0.8179646402084908,0.001434130905212494,0.0011864352246586662,258,94.0,,2.0,0.5,5,,visible_pixel_support,False,visible_candidate,line-uct-test-a11-000098,0.21291567173263104,"example-reviewer",accepted,,False,continuous,0,97,curve-uct-test-a11-000098,reviewed_visible_observation,confirmed_continuous_curve
uct-test-a11,0.3876261034742632,0.8179646402084908,0.001434130905212494,0.0011864352246586662,259,94.0,,1.5,0.5,4,,visible_pixel_support,False,visible_candidate,line-uct-test-a11-000099,0.15985205866883234,"example-reviewer",accepted,,False,continuous,0,98,curve-uct-test-a11-000099,reviewed_visible_observation,confirmed_continuous_curve
uct-test-a11,0.39049436528468817,0.8179646402084908,0.001434130905212494,0.0011864352246586662,260,94.0,,1.5,0.5,4,,visible_pixel_support,False,visible_candidate,line-uct-test-a11-000100,0.10520864427910226,"example-reviewer",accepted,,False,continuous,0,99,curve-uct-test-a11-000100,reviewed_visible_observation,confirmed_continuous_curve
uct-test-a11,0.39336262709511316,0.8155917697591737,0.001434130905212494,0.0011864352246586662,261,95.0,,2.0,0.5,5,,visible_pixel_support,False,visible_candidate,line-uct-test-a11-000101,1.0489997882683895,"example-reviewer",accepted,,False,continuous,0,100,curve-uct-test-a11-000101,reviewed_visible_observation,confirmed_continuous_curve
uct-test-a11,0.39623088890553815,0.8155917697591737,0.001434130905212494,0.0011864352246586662,262,95.0,,1.5,0.5,4,,visible_pixel_support,False,visible_candidate,line-uct-test-a11-000102,0.9912398503416995,"example-reviewer",accepted,,False,continuous,0,101,curve-uct-test-a11-000102,reviewed_visible_observation,confirmed_continuous_curve
uct-test-a11,0.39909915071596314,0.8155917697591737,0.001434130905212605,0.0011864352246586662,263,95.0,,1.5,0.5,4,,visible_pixel_support,False,visible_candidate,line-uct-test-a11-000103,0.9319431902040094,"example-reviewer",accepted,,False,continuous,0,102,curve-uct-test-a11-000103,reviewed_visible_observation,confirmed_continuous_curve
uct-test-a11,0.40196741252638823,0.8132188993098567,0.001434130905212494,0.0011864352246585552,264,96.0,,1.5,0.5,4,,visible_pixel_support,False,visible_candidate,line-uct-test-a11-000104,1.8711241675602253,"example-reviewer",accepted,,False,continuous,0,103,curve-uct-test-a11-000104,reviewed_visible_observation,confirmed_continuous_curve
uct-test-a11,0.4048356743368132,0.8132188993098567,0.001434130905212494,0.0011864352246585552,265,96.0,,1.5,0.5,4,,visible_pixel_support,False,visible_candidate,line-uct-test-a11-000105,1.8087971421153526,"example-reviewer",accepted,,False,continuous,0,104,curve-uct-test-a11-000105,reviewed_visible_observation,confirmed_continuous_curve
uct-test-a11,0.4077039361472382,0.8108460288605396,0.001434130905212494,0.0011864352246585552,266,97.0,,1.5,0.5,4,,visible_pixel_support,False,visible_candidate,line-uct-test-a11-000106,2.744976473574326,"example-reviewer",accepted,,False,continuous,0,105,curve-uct-test-a11-000106,reviewed_visible_observation,confirmed_continuous_curve
uct-test-a11,0.4105721979576632,0.8108460288605396,0.001434130905212494,0.0011864352246585552,267,97.0,,1.5,0.5,4,,visible_pixel_support,False,visible_candidate,line-uct-test-a11-000107,2.6796765216421363,"example-reviewer",accepted,,False,continuous,0,106,curve-uct-test-a11-000107,reviewed_visible_observation,confirmed_continuous_curve
uct-test-a11,0.4134404597680882,0.8108460288605396,0.001434130905212494,0.0011864352246585552,268,97.0,,1.5,0.5,4,,visible_pixel_support,False,visible_candidate,line-uct-test-a11-000108,2.6129116460237327,"example-reviewer",accepted,,False,continuous,0,107,curve-uct-test-a11-000108,reviewed_visible_observation,confirmed_continuous_curve
uct-test-a11,0.4163087215785132,0.8132188993098567,0.001434130905212494,0.0011864352246585552,269,96.0,,2.0,0.5,5,,visible_pixel_support,False,visible_candidate,line-uct-test-a11-000109,1.544696206424092,"example-reviewer",accepted,,False,continuous,0,108,curve-uct-test-a11-000109,reviewed_visible_observation,confirmed_continuous_curve
uct-test-a11,0.41917698338893816,0.8132188993098567,0.001434130905212494,0.0011864352246585552,270,96.0,,1.5,0.5,4,,visible_pixel_support,False,visible_candidate,line-uct-test-a11-000110,1.4750445625481348,"example-reviewer",accepted,,False,continuous,0,109,curve-uct-test-a11-000110,reviewed_visible_observation,confirmed_continuous_curve
uct-test-a11,0.42204524519936315,0.8132188993098567,0.001434130905212494,0.0011864352246585552,271,96.0,,2.0,0.5,5,,visible_pixel_support,False,visible_candidate,line-uct-test-a11-000111,1.403971074100852,"example-reviewer",accepted,,False,continuous,0,110,curve-uct-test-a11-000111,reviewed_visible_observation,confirmed_continuous_curve
uct-test-a11,0.42491350700978814,0.8155917697591737,0.001434130905212494,0.0011864352246586662,272,95.0,,2.0,0.5,5,,visible_pixel_support,False,visible_candidate,line-uct-test-a11-000112,0.3314901007872493,"example-reviewer",accepted,,False,continuous,0,111,curve-uct-test-a11-000112,reviewed_visible_observation,confirmed_continuous_curve
uct-test-a11,0.4277817688202131,0.8155917697591737,0.001434130905212494,0.0011864352246586662,273,95.0,,1.5,0.5,4,,visible_pixel_support,False,visible_candidate,line-uct-test-a11-000113,0.2576160023122185,"example-reviewer",accepted,,False,continuous,0,112,curve-uct-test-a11-000113,reviewed_visible_observation,confirmed_continuous_curve
uct-test-a11,0.4306500306306381,0.8155917697591737,0.001434130905212494,0.0011864352246586662,274,95.0,,1.5,0.5,4,,visible_pixel_support,False,visible_candidate,line-uct-test-a11-000114,0.18236313838077933,"example-reviewer",accepted,,False,continuous,0,113,curve-uct-test-a11-000114,reviewed_visible_observation,confirmed_continuous_curve
uct-test-a11,0.4335182924410631,0.8155917697591737,0.001434130905212494,0.0011864352246586662,275,95.0,,2.0,0.5,5,,visible_pixel_support,False,visible_candidate,line-uct-test-a11-000115,0.10574586869785207,"example-reviewer",accepted,,False,continuous,0,114,curve-uct-test-a11-000115,reviewed_visible_observation,confirmed_continuous_curve
uct-test-a11,0.4363865542514881,0.8155917697591737,0.001434130905212494,0.0011864352246586662,276,95.0,,1.5,0.5,4,,visible_pixel_support,False,visible_candidate,line-uct-test-a11-000116,0.027778552968413806,"example-reviewer",accepted,,False,continuous,0,115,curve-uct-test-a11-000116,reviewed_visible_observation,confirmed_continuous_curve
uct-test-a11,0.4392548160619131,0.8132188993098567,0.001434130905212605,0.0011864352246585552,277,96.0,,2.0,0.5,5,,visible_pixel_support,False,visible_candidate,line-uct-test-a11-000117,0.9484755508974558,"example-reviewer",accepted,,False,continuous,0,116,curve-uct-test-a11-000117,reviewed_visible_observation,confirmed_continuous_curve
uct-test-a11,0.4421230778723382,0.8132188993098567,0.001434130905212494,0.0011864352246585552,278,96.0,,2.0,0.5,5,,visible_pixel_support,False,visible_candidate,line-uct-test-a11-000118,0.8678512221898984,"example-reviewer",accepted,,False,continuous,0,117,curve-uct-test-a11-000118,reviewed_visible_observation,confirmed_continuous_curve
uct-test-a11,0.44499133968276317,0.8132188993098567,0.001434130905212494,0.0011864352246585552,279,96.0,,2.0,0.5,5,,visible_pixel_support,False,visible_candidate,line-uct-test-a11-000119,0.7859199265507044,"example-reviewer",accepted,,False,continuous,0,118,curve-uct-test-a11-000119,reviewed_visible_observation,confirmed_continuous_curve
uct-test-a11,0.44785960149318815,0.8132188993098567,0.001434130905212494,0.0011864352246585552,280,96.0,,2.0,0.5,5,,visible_pixel_support,False,visible_candidate,line-uct-test-a11-000120,0.7026960236848936,"example-reviewer",accepted,,False,continuous,0,119,curve-uct-test-a11-000120,reviewed_visible_observation,confirmed_continuous_curve
uct-test-a11,0.45072786330361314,0.8132188993098567,0.001434130905212494,0.0011864352246585552,281,96.0,,2.0,0.5,5,,visible_pixel_support,False,visible_candidate,line-uct-test-a11-000121,0.6181938732973578,"example-reviewer",accepted,,False,continuous,0,120,curve-uct-test-a11-000121,reviewed_visible_observation,confirmed_continuous_curve
uct-test-a11,0.45359612511403813,0.8155917697591737,0.001434130905212494,0.0011864352246586662,282,95.0,,1.5,0.5,4,,visible_pixel_support,False,visible_candidate,line-uct-test-a11-000122,0.46757216490688336,"example-reviewer",accepted,,False,continuous,0,121,curve-uct-test-a11-000122,reviewed_visible_observation,confirmed_continuous_curve
uct-test-a11,0.4564643869244631,0.8155917697591737,0.001434130905212494,0.0011864352246586662,283,95.0,,1.5,0.5,4,,visible_pixel_support,False,visible_candidate,line-uct-test-a11-000123,0.5545877312228953,"example-reviewer",accepted,,False,continuous,0,122,curve-uct-test-a11-000123,reviewed_visible_observation,confirmed_continuous_curve
uct-test-a11,0.4593326487348881,0.8179646402084908,0.001434130905212494,0.0011864352246586662,284,94.0,,1.5,0.5,4,,visible_pixel_support,False,visible_candidate,line-uct-test-a11-000124,1.6428384659457151,"example-reviewer",accepted,,False,continuous,0,123,curve-uct-test-a11-000124,reviewed_visible_observation,confirmed_continuous_curve
uct-test-a11,0.4622009105453131,0.8179646402084908,0.001434130905212494,0.0011864352246586662,285,94.0,,2.0,0.5,5,,visible_pixel_support,False,visible_candidate,line-uct-test-a11-000125,1.73231000937038,"example-reviewer",accepted,,False,continuous,0,124,curve-uct-test-a11-000125,reviewed_visible_observation,confirmed_continuous_curve
uct-test-a11,0.4650691723557381,0.8179646402084908,0.001434130905212494,0.0011864352246586662,286,94.0,,2.0,0.5,5,,visible_pixel_support,False,visible_candidate,line-uct-test-a11-000126,1.8229880017918987,"example-reviewer",accepted,,False,continuous,0,125,curve-uct-test-a11-000126,reviewed_visible_observation,confirmed_continuous_curve
uct-test-a11,0.46793743416616307,0.8179646402084908,0.001434130905212494,0.0011864352246586662,287,94.0,,2.0,0.5,5,,visible_pixel_support,False,visible_candidate,line-uct-test-a11-000127,1.9148580835053508,"example-reviewer",accepted,,False,continuous,0,126,curve-uct-test-a11-000127,reviewed_visible_observation,confirmed_continuous_curve
uct-test-a11,0.47080569597658806,0.8179646402084908,0.001434130905212494,0.0011864352246586662,288,94.0,,1.5,0.5,4,,visible_pixel_support,False,visible_candidate,line-uct-test-a11-000128,2.007905894805745,"example-reviewer",accepted,,False,continuous,0,127,curve-uct-test-a11-000128,reviewed_visible_observation,confirmed_continuous_curve
uct-test-a11,0.47367395778701304,0.8155917697591737,0.001434130905212494,0.0011864352246586662,289,95.0,,2.0,0.5,5,,visible_pixel_support,False,visible_candidate,line-uct-test-a11-000129,1.1021170759881045,"example-reviewer",accepted,,False,continuous,0,128,curve-uct-test-a11-000129,reviewed_visible_observation,confirmed_continuous_curve
uct-test-a11,0.47654221959743803,0.8155917697591737,0.001434130905212494,0.0011864352246586662,290,95.0,,2.0,0.5,5,,visible_pixel_support,False,visible_candidate,line-uct-test-a11-000130,1.197477267347523,"example-reviewer",accepted,,False,continuous,0,129,curve-uct-test-a11-000130,reviewed_visible_observation,confirmed_continuous_curve
uct-test-a11,0.479410481407863,0.8155917697591737,0.001434130905212494,0.0011864352246586662,291,95.0,,2.0,0.5,5,,visible_pixel_support,False,visible_candidate,line-uct-test-a11-000131,1.2939721091789664,"example-reviewer",accepted,,False,continuous,0,130,curve-uct-test-a11-000131,reviewed_visible_observation,confirmed_continuous_curve
uct-test-a11,0.4822787432182881,0.8155917697591737,0.001434130905212605,0.0011864352246586662,292,95.0,,2.0,0.5,5,,visible_pixel_support,False,visible_candidate,line-uct-test-a11-000132,1.3915872417775432,"example-reviewer",accepted,,False,continuous,0,131,curve-uct-test-a11-000132,reviewed_visible_observation,confirmed_continuous_curve
uct-test-a11,0.4851470050287131,0.8155917697591737,0.001434130905212494,0.0011864352246586662,293,95.0,,2.0,0.5,5,,visible_pixel_support,False,visible_candidate,line-uct-test-a11-000133,1.4903083054382336,"example-reviewer",accepted,,False,continuous,0,132,curve-uct-test-a11-000133,reviewed_visible_observation,confirmed_continuous_curve
uct-test-a11,0.4880152668391381,0.8155917697591737,0.001434130905212494,0.0011864352246586662,294,95.0,,1.5,0.5,4,,visible_pixel_support,False,visible_candidate,line-uct-test-a11-000134,1.5901209404560888,"example-reviewer",accepted,,False,continuous,0,133,curve-uct-test-a11-000134,reviewed_visible_observation,confirmed_continuous_curve
uct-test-a11,0.4908835286495631,0.8155917697591737,0.001434130905212494,0.0011864352246586662,295,95.0,,1.5,0.5,4,,visible_pixel_support,False,visible_candidate,line-uct-test-a11-000135,1.6910107871261744,"example-reviewer",accepted,,False,continuous,0,134,curve-uct-test-a11-000135,reviewed_visible_observation,confirmed_continuous_curve
uct-test-a11,0.49375179045998807,0.8155917697591737,0.001434130905212494,0.0011864352246586662,296,95.0,,2.5,0.5,6,,visible_pixel_support,False,visible_candidate,line-uct-test-a11-000136,1.7929634857434849,"example-reviewer",accepted,,False,continuous,0,135,curve-uct-test-a11-000136,reviewed_visible_observation,confirmed_continuous_curve
uct-test-a11,0.49662005227041306,0.8155917697591737,0.001434130905212494,0.0011864352246586662,297,95.0,,2.0,0.5,5,,visible_pixel_support,False,visible_candidate,line-uct-test-a11-000137,1.8959646766030716,"example-reviewer",accepted,,False,continuous,0,136,curve-uct-test-a11-000137,reviewed_visible_observation,confirmed_continuous_curve
uct-test-a11,0.49948831408083805,0.8132188993098567,0.001434130905212494,0.0011864352246585552,298,96.0,,2.0,0.5,5,,visible_pixel_support,False,visible_candidate,line-uct-test-a11-000138,1.0,"example-reviewer",accepted,,False,continuous,0,137,curve-uct-test-a11-000138,reviewed_visible_observation,confirmed_continuous_curve
uct-test-a11,0.502356575891263,0.8108460288605396,0.001434130905212494,0.0011864352246585552,299,97.0,,2.0,0.5,5,,visible_pixel_support,False,visible_candidate,line-uct-test-a11-000139,0.10990654017426493,"example-reviewer",accepted,,False,continuous,0,138,curve-uct-test-a11-000139,reviewed_visible_observation,confirmed_continuous_curve
uct-test-a11,0.505224837701688,0.8108460288605396,0.001434130905212494,0.0011864352246585552,300,97.0,,1.5,0.5,4,,visible_pixel_support,False,visible_candidate,line-uct-test-a11-000140,0.23054206502057184,"example-reviewer",accepted,,False,continuous,0,139,curve-uct-test-a11-000140,reviewed_visible_observation,confirmed_continuous_curve
uct-test-a11,0.508093099512113,0.8084731584112225,0.001434130905212494,0.0011864352246585552,301,98.0,,1.5,0.5,4,,visible_pixel_support,False,visible_candidate,line-uct-test-a11-000141,0.6380767596840258,"example-reviewer",accepted,,False,continuous,0,140,curve-uct-test-a11-000141,reviewed_visible_observation,confirmed_continuous_curve
uct-test-a11,0.510961361322538,0.8084731584112225,0.001434130905212494,0.0011864352246585552,302,98.0,,1.5,0.5,4,,visible_pixel_support,False,visible_candidate,line-uct-test-a11-000142,0.49593326816253125,"example-reviewer",accepted,,False,continuous,0,141,curve-uct-test-a11-000142,reviewed_visible_observation,confirmed_continuous_curve
uct-test-a11,0.513829623132963,0.8084731584112225,0.001434130905212494,0.0011864352246585552,303,98.0,,1.5,0.5,4,,visible_pixel_support,False,visible_candidate,line-uct-test-a11-000143,0.3430107946379195,"example-reviewer",accepted,,False,continuous,0,142,curve-uct-test-a11-000143,reviewed_visible_observation,confirmed_continuous_curve
uct-test-a11,0.516697884943388,0.8084731584112225,0.001434130905212494,0.0011864352246585552,304,98.0,,1.0,0.5,3,,visible_pixel_support,False,visible_candidate,line-uct-test-a11-000144,0.17929267333313703,"example-reviewer",accepted,,False,continuous,0,143,curve-uct-test-a11-000144,reviewed_visible_observation,confirmed_continuous_curve
uct-test-a11,0.519566146753813,0.8084731584112225,0.001434130905212494,0.0011864352246585552,305,98.0,,1.0,0.5,3,,visible_pixel_support,False,visible_candidate,line-uct-test-a11-000145,0.004762238471158753,"example-reviewer",accepted,,False,continuous,0,144,curve-uct-test-a11-000145,reviewed_visible_observation,confirmed_continuous_curve
uct-test-a11,0.5224344085642381,0.8084731584112225,0.001434130905212605,0.0011864352246585552,306,98.0,,1.0,0.5,3,,visible_pixel_support,False,visible_candidate,line-uct-test-a11-000146,0.18059717572506884,"example-reviewer",accepted,,False,continuous,0,145,curve-uct-test-a11-000146,reviewed_visible_observation,confirmed_continuous_curve
uct-test-a11,0.525302670374663,0.8084731584112225,0.001434130905212494,0.0011864352246585552,307,98.0,,1.0,0.5,3,,visible_pixel_support,False,visible_candidate,line-uct-test-a11-000147,0.376802235032514,"example-reviewer",accepted,,False,continuous,0,146,curve-uct-test-a11-000147,reviewed_visible_observation,confirmed_continuous_curve
uct-test-a11,0.528170932185088,0.8061002879619054,0.001434130905212494,0.0011864352246585552,308,99.0,,1.5,0.5,4,,visible_pixel_support,False,visible_candidate,line-uct-test-a11-000148,0.41613039477176983,"example-reviewer",accepted,,False,continuous,0,147,curve-uct-test-a11-000148,reviewed_visible_observation,confirmed_continuous_curve
uct-test-a11,0.531039193995513,0.8061002879619054,0.001434130905212494,0.0011864352246585552,309,99.0,,1.5,0.5,4,,visible_pixel_support,False,visible_candidate,line-uct-test-a11-000149,0.19818404791072908,"example-reviewer",accepted,,False,continuous,0,148,curve-uct-test-a11-000149,reviewed_visible_observation,confirmed_continuous_curve
uct-test-a11,0.533907455805938,0.8061002879619054,0.001434130905212494,0.0011864352246585552,310,99.0,,1.5,0.5,4,,visible_pixel_support,False,visible_candidate,line-uct-test-a11-000150,0.030657941392675525,"example-reviewer",accepted,,False,continuous,0,149,curve-uct-test-a11-000150,reviewed_visible_observation,confirmed_continuous_curve
uct-test-a11,0.536775717616363,0.8013545470632712,0.001434130905212494,0.0011864352246586662,311,101.0,,2.0,0.5,5,,visible_pixel_support,False,visible_candidate,line-uct-test-a11-000151,1.7295877610845878,"example-reviewer",accepted,,False,continuous,0,150,curve-uct-test-a11-000151,reviewed_visible_observation,confirmed_continuous_curve
uct-test-a11,0.539643979426788,0.8013545470632712,0.001434130905212494,0.0011864352246586662,312,101.0,,2.0,0.5,5,,visible_pixel_support,False,visible_candidate,line-uct-test-a11-000152,1.4789044895654797,"example-reviewer",accepted,,False,continuous,0,151,curve-uct-test-a11-000152,reviewed_visible_observation,confirmed_continuous_curve
uct-test-a11,0.542512241237213,0.7989816766139541,0.001434130905212494,0.0011864352246586662,313,102.0,,1.5,0.5,4,,visible_pixel_support,False,visible_candidate,line-uct-test-a11-000153,2.21727557827289,"example-reviewer",accepted,,False,continuous,0,152,curve-uct-test-a11-000153,reviewed_visible_observation,confirmed_continuous_curve
uct-test-a11,0.545380503047638,0.796608806164637,0.001434130905212494,0.0011864352246585552,314,103.0,,1.0,0.5,3,,visible_pixel_support,False,visible_candidate,line-uct-test-a11-000154,2.9446843614298785,"example-reviewer",accepted,,False,continuous,0,153,curve-uct-test-a11-000154,reviewed_visible_observation,confirmed_continuous_curve
uct-test-a11,0.548248764858063,0.796608806164637,0.001434130905212494,0.0011864352246585552,315,103.0,,1.5,0.5,4,,visible_pixel_support,False,visible_candidate,line-uct-test-a11-000155,2.661114173259378,"example-reviewer",accepted,,False,continuous,0,154,curve-uct-test-a11-000155,reviewed_visible_observation,confirmed_continuous_curve
uct-test-a11,0.5511170266684879,0.796608806164637,0.001434130905212494,0.0011864352246585552,316,103.0,,1.5,0.5,4,,visible_pixel_support,False,visible_candidate,line-uct-test-a11-000156,2.366548347984377,"example-reviewer",accepted,,False,continuous,0,155,curve-uct-test-a11-000156,reviewed_visible_observation,confirmed_continuous_curve
uct-test-a11,0.5539852884789129,0.796608806164637,0.001434130905212494,0.0011864352246585552,317,103.0,,1.5,0.5,4,,visible_pixel_support,False,visible_candidate,line-uct-test-a11-000157,2.060970219827823,"example-reviewer",accepted,,False,continuous,0,156,curve-uct-test-a11-000157,reviewed_visible_observation,confirmed_continuous_curve
uct-test-a11,0.5568535502893379,0.796608806164637,0.001434130905212494,0.0011864352246585552,318,103.0,,1.5,0.5,4,,visible_pixel_support,False,visible_candidate,line-uct-test-a11-000158,1.744363123012704,"example-reviewer",accepted,,False,continuous,0,157,curve-uct-test-a11-000158,reviewed_visible_observation,confirmed_continuous_curve
uct-test-a11,0.5597218120997629,0.796608806164637,0.001434130905212494,0.0011864352246585552,319,103.0,,1.5,0.5,4,,visible_pixel_support,False,visible_candidate,line-uct-test-a11-000159,1.416710391761967,"example-reviewer",accepted,,False,continuous,0,158,curve-uct-test-a11-000159,reviewed_visible_observation,confirmed_continuous_curve
uct-test-a11,0.5625900739101879,0.796608806164637,0.001434130905212605,0.0011864352246585552,320,103.0,,1.5,0.5,4,,visible_pixel_support,False,visible_candidate,line-uct-test-a11-000160,1.0779953602986154,"example-reviewer",accepted,,False,continuous,0,159,curve-uct-test-a11-000160,reviewed_visible_observation,confirmed_continuous_curve
uct-test-a11,0.565458335720613,0.796608806164637,0.001434130905212494,0.0011864352246585552,321,103.0,,1.5,0.5,4,,visible_pixel_support,False,visible_candidate,line-uct-test-a11-000161,0.7282013628456099,"example-reviewer",accepted,,False,continuous,0,160,curve-uct-test-a11-000161,reviewed_visible_observation,confirmed_continuous_curve
uct-test-a11,0.568326597531038,0.796608806164637,0.001434130905212494,0.0011864352246585552,322,103.0,,1.5,0.5,4,,visible_pixel_support,False,visible_candidate,line-uct-test-a11-000162,0.3673117336259111,"example-reviewer",accepted,,False,continuous,0,161,curve-uct-test-a11-000162,reviewed_visible_observation,confirmed_continuous_curve
uct-test-a11,0.571194859341463,0.796608806164637,0.001434130905212494,0.0011864352246585552,323,103.0,,1.5,0.5,4,,visible_pixel_support,False,visible_candidate,line-uct-test-a11-000163,0.004690193137520282,"example-reviewer",accepted,,False,continuous,0,162,curve-uct-test-a11-000163,reviewed_visible_observation,confirmed_continuous_curve
uct-test-a11,0.574063121151888,0.796608806164637,0.001434130905212494,0.0011864352246585552,324,103.0,,1.5,0.5,4,,visible_pixel_support,False,visible_candidate,line-uct-test-a11-000164,0.38782108322166664,"example-reviewer",accepted,,False,continuous,0,163,curve-uct-test-a11-000164,reviewed_visible_observation,confirmed_continuous_curve
uct-test-a11,0.5769313829623129,0.7942359357153199,0.001434130905212494,0.0011864352246585552,325,104.0,,1.5,0.5,4,,visible_pixel_support,False,visible_candidate,line-uct-test-a11-000165,0.21790239759640428,"example-reviewer",accepted,,False,continuous,0,164,curve-uct-test-a11-000165,reviewed_visible_observation,confirmed_continuous_curve
uct-test-a11,0.5797996447727379,0.7942359357153199,0.001434130905212494,0.0011864352246585552,326,104.0,,1.5,0.5,4,,visible_pixel_support,False,visible_candidate,line-uct-test-a11-000166,0.1875364164603468,"example-reviewer",accepted,,False,continuous,0,165,curve-uct-test-a11-000166,reviewed_visible_observation,confirmed_continuous_curve
uct-test-a11,0.5826679065831629,0.7918630652660028,0.001434130905212494,0.0011864352246585552,327,105.0,,1.5,0.5,4,,visible_pixel_support,False,visible_candidate,line-uct-test-a11-000167,0.39584580883109766,"example-reviewer",accepted,,False,continuous,0,166,curve-uct-test-a11-000167,reviewed_visible_observation,confirmed_continuous_curve
uct-test-a11,0.5855361683935879,0.7918630652660028,0.001434130905212494,0.0011864352246585552,328,105.0,,1.5,0.5,4,,visible_pixel_support,False,visible_candidate,line-uct-test-a11-000168,0.03196759230633006,"example-reviewer",accepted,,False,continuous,0,167,curve-uct-test-a11-000168,reviewed_visible_observation,confirmed_continuous_curve
uct-test-a11,0.5884044302040129,0.7918630652660028,0.001434130905212494,0.0011864352246585552,329,105.0,,1.5,0.5,4,,visible_pixel_support,False,visible_candidate,line-uct-test-a11-000169,0.47099328564966925,"example-reviewer",accepted,,False,continuous,0,168,curve-uct-test-a11-000169,reviewed_visible_observation,confirmed_continuous_curve
uct-test-a11,0.5912726920144379,0.7894901948166857,0.001434130905212494,0.0011864352246585552,330,106.0,,1.0,0.5,3,,visible_pixel_support,False,visible_candidate,line-uct-test-a11-000170,0.07875206302411186,"example-reviewer",accepted,,False,continuous,0,169,curve-uct-test-a11-000170,reviewed_visible_observation,confirmed_continuous_curve
uct-test-a11,0.5941409538248629,0.7894901948166857,0.001434130905212494,0.0011864352246585552,331,106.0,,1.5,0.5,4,,visible_pixel_support,False,visible_candidate,line-uct-test-a11-000171,0.38274821206208287,"example-reviewer",accepted,,False,continuous,0,170,curve-uct-test-a11-000171,reviewed_visible_observation,confirmed_continuous_curve
uct-test-a11,0.5970092156352879,0.7871173243673686,0.001434130905212494,0.0011864352246585552,332,107.0,,1.5,0.5,4,,visible_pixel_support,False,visible_candidate,line-uct-test-a11-000172,0.1444892233147499,"example-reviewer",accepted,,False,continuous,0,171,curve-uct-test-a11-000172,reviewed_visible_observation,confirmed_continuous_curve
uct-test-a11,0.5998774774457128,0.7871173243673686,0.001434130905212494,0.0011864352246585552,333,107.0,,1.0,0.5,3,,visible_pixel_support,False,visible_candidate,line-uct-test-a11-000173,0.33955229662241493,"example-reviewer",accepted,,False,continuous,0,172,curve-uct-test-a11-000173,reviewed_visible_observation,confirmed_continuous_curve
uct-test-a11,0.6027457392561378,0.7847444539180515,0.001434130905212605,0.0011864352246586662,334,108.0,,2.0,0.5,5,,visible_pixel_support,False,visible_candidate,line-uct-test-a11-000174,0.16511056234936916,"example-reviewer",accepted,,False,continuous,0,173,curve-uct-test-a11-000174,reviewed_visible_observation,confirmed_continuous_curve
uct-test-a11,0.6056140010665629,0.7823715834687344,0.001434130905212494,0.0011864352246586662,335,109.0,,2.0,0.5,5,,visible_pixel_support,False,visible_candidate,line-uct-test-a11-000175,0.6584611344530913,"example-reviewer",accepted,,False,continuous,0,174,curve-uct-test-a11-000175,reviewed_visible_observation,confirmed_continuous_curve
uct-test-a11,0.6084822628769879,0.7799987130194173,0.001434130905212494,0.0011864352246586662,336,110.0,,2.5,0.5,6,,visible_pixel_support,False,visible_candidate,line-uct-test-a11-000176,1.1404827539117122,"example-reviewer",accepted,,False,continuous,0,175,curve-uct-test-a11-000176,reviewed_visible_observation,confirmed_continuous_curve
uct-test-a11,0.6113505246874129,0.7776258425701001,0.001434130905212494,0.0011864352246586662,337,111.0,,2.5,0.5,6,,visible_pixel_support,False,visible_candidate,line-uct-test-a11-000177,1.6111587549482067,"example-reviewer",accepted,,False,continuous,0,176,curve-uct-test-a11-000177,reviewed_visible_observation,confirmed_continuous_curve
uct-test-a11,0.6142187864978379,0.7752529721207831,0.001434130905212494,0.0011864352246585552,338,112.0,,2.0,0.5,5,,visible_pixel_support,False,visible_candidate,line-uct-test-a11-000178,2.070472471785564,"example-reviewer",accepted,,False,continuous,0,177,curve-uct-test-a11-000178,reviewed_visible_observation,confirmed_continuous_curve
uct-test-a11,0.6170870483082629,0.772880101671466,0.001434130905212494,0.0011864352246585552,339,113.0,,1.5,0.5,4,,visible_pixel_support,False,visible_candidate,line-uct-test-a11-000179,2.518407238646745,"example-reviewer",accepted,,False,continuous,0,178,curve-uct-test-a11-000179,reviewed_visible_observation,confirmed_continuous_curve
uct-test-a11,0.6199553101186879,0.7705072312221489,0.001434130905212494,0.0011864352246585552,340,114.0,,1.5,0.5,4,,visible_pixel_support,False,visible_candidate,line-uct-test-a11-000180,2.9549463897546957,"example-reviewer",accepted,,False,continuous,0,179,curve-uct-test-a11-000180,reviewed_visible_observation,confirmed_continuous_curve
uct-test-a11,0.6228235719291129,0.7705072312221489,0.001434130905212494,0.0011864352246585552,341,114.0,,1.5,0.5,4,,visible_pixel_support,False,visible_candidate,line-uct-test-a11-000181,2.38007325933242,"example-reviewer",accepted,,False,continuous,0,180,curve-uct-test-a11-000181,reviewed_visible_observation,confirmed_continuous_curve
uct-test-a11,0.6256918337395379,0.7705072312221489,0.001434130905212494,0.0011864352246585552,342,114.0,,1.0,0.5,3,,visible_pixel_support,False,visible_candidate,line-uct-test-a11-000182,1.793771181602878,"example-reviewer",accepted,,False,continuous,0,181,curve-uct-test-a11-000182,reviewed_visible_observation,confirmed_continuous_curve
uct-test-a11,0.6285600955499628,0.772880101671466,0.001434130905212494,0.0011864352246585552,343,113.0,,1.5,0.5,4,,visible_pixel_support,False,visible_candidate,line-uct-test-a11-000183,0.19602349078901682,"example-reviewer",accepted,,False,continuous,0,182,curve-uct-test-a11-000183,reviewed_visible_observation,confirmed_continuous_curve
uct-test-a11,0.6314283573603878,0.772880101671466,0.001434130905212494,0.0011864352246585552,344,113.0,,1.5,0.5,4,,visible_pixel_support,False,visible_candidate,line-uct-test-a11-000184,0.41318647888616056,"example-reviewer",accepted,,False,continuous,0,183,curve-uct-test-a11-000184,reviewed_visible_observation,confirmed_continuous_curve
uct-test-a11,0.6342966191708128,0.7705072312221489,0.001434130905212494,0.0011864352246585552,345,114.0,,1.5,0.5,4,,visible_pixel_support,False,visible_candidate,line-uct-test-a11-000185,0.03387539319967914,"example-reviewer",accepted,,False,continuous,0,184,curve-uct-test-a11-000185,reviewed_visible_observation,confirmed_continuous_curve
uct-test-a11,0.6371648809812378,0.7705072312221489,0.001434130905212494,0.0011864352246585552,346,114.0,,1.5,0.5,4,,visible_pixel_support,False,visible_candidate,line-uct-test-a11-000186,0.6660599179285924,"example-reviewer",accepted,,False,continuous,0,185,curve-uct-test-a11-000186,reviewed_visible_observation,confirmed_continuous_curve
uct-test-a11,0.6400331427916628,0.7705072312221489,0.001434130905212494,0.0011864352246585552,347,114.0,,2.0,0.5,5,,visible_pixel_support,False,visible_candidate,line-uct-test-a11-000187,1.3097567188499255,"example-reviewer",accepted,,False,continuous,0,186,curve-uct-test-a11-000187,reviewed_visible_observation,confirmed_continuous_curve
uct-test-a11,0.6429014046020878,0.7681343607728319,0.001434130905212605,0.0011864352246586662,348,115.0,,2.0,0.5,5,,visible_pixel_support,False,visible_candidate,line-uct-test-a11-000188,0.9649824617407035,"example-reviewer",accepted,,False,continuous,0,187,curve-uct-test-a11-000188,reviewed_visible_observation,confirmed_continuous_curve
uct-test-a11,0.6457696664125128,0.7657614903235148,0.001434130905212605,0.0011864352246586662,349,116.0,,2.0,0.5,5,,visible_pixel_support,False,visible_candidate,line-uct-test-a11-000189,0.6317538123779656,"example-reviewer",accepted,,False,continuous,0,188,curve-uct-test-a11-000189,reviewed_visible_observation,confirmed_continuous_curve
uct-test-a11,0.6486379282229378,0.7633886198741977,0.001434130905212605,0.0011864352246586662,350,117.0,,2.0,0.5,5,,visible_pixel_support,False,visible_candidate,line-uct-test-a11-000190,0.3100874365386943,"example-reviewer",accepted,,False,continuous,0,189,curve-uct-test-a11-000190,reviewed_visible_observation,confirmed_continuous_curve
uct-test-a11,0.6515061900333627,0.7610157494248806,0.001434130905212605,0.0011864352246586662,351,118.0,,1.5,0.5,4,,visible_pixel_support,False,visible_candidate,line-uct-test-a11-000191,0.0,"example-reviewer",accepted,,False,continuous,0,190,curve-uct-test-a11-000191,reviewed_visible_observation,confirmed_continuous_curve
uct-test-a11,0.6543744518437877,0.7586428789755635,0.001434130905212605,0.0011864352246585552,352,119.0,,1.5,0.5,4,,visible_pixel_support,False,visible_candidate,line-uct-test-a11-000192,0.275953770342241,"example-reviewer",accepted,,False,continuous,0,191,curve-uct-test-a11-000192,reviewed_visible_observation,confirmed_continuous_curve
uct-test-a11,0.6572427136542127,0.7586428789755635,0.001434130905212605,0.0011864352246585552,353,119.0,,2.0,0.5,5,,visible_pixel_support,False,visible_candidate,line-uct-test-a11-000193,0.5061848831293219,"example-reviewer",accepted,,False,continuous,0,192,curve-uct-test-a11-000193,reviewed_visible_observation,confirmed_continuous_curve
uct-test-a11,0.6601109754646377,0.7562700085262464,0.001434130905212605,0.0011864352246585552,354,120.0,,1.5,0.5,4,,visible_pixel_support,False,visible_candidate,line-uct-test-a11-000194,0.3485386722739605,"example-reviewer",accepted,,False,continuous,0,193,curve-uct-test-a11-000194,reviewed_visible_observation,confirmed_continuous_curve
uct-test-a11,0.6629792372750627,0.7562700085262464,0.001434130905212605,0.0011864352246585552,355,120.0,,2.0,0.5,5,,visible_pixel_support,False,visible_candidate,line-uct-test-a11-000195,1.2532303089508616,"example-reviewer",accepted,,False,continuous,0,194,curve-uct-test-a11-000195,reviewed_visible_observation,confirmed_continuous_curve
uct-test-a11,0.6658474990854879,0.7515242676276122,0.001434130905212605,0.0011864352246585552,356,122.0,,2.5,0.5,6,,visible_pixel_support,False,visible_candidate,line-uct-test-a11-000196,0.22238250501924028,"example-reviewer",accepted,,False,continuous,0,195,curve-uct-test-a11-000196,reviewed_visible_observation,confirmed_continuous_curve
uct-test-a11,0.6687157608959129,0.749151397178295,0.001434130905212605,0.0011864352246586662,357,123.0,,2.5,0.5,6,,visible_pixel_support,False,visible_candidate,line-uct-test-a11-000197,0.2581179723383258,"example-reviewer",accepted,,False,continuous,0,196,curve-uct-test-a11-000197,reviewed_visible_observation,confirmed_continuous_curve
uct-test-a11,0.6715840227063379,0.7444056562796608,0.001434130905212605,0.0011864352246586662,358,125.0,,3.0,0.5,7,,visible_pixel_support,False,visible_candidate,line-uct-test-a11-000198,0.637440577232681,"example-reviewer",accepted,,False,continuous,0,197,curve-uct-test-a11-000198,reviewed_visible_observation,confirmed_continuous_curve
uct-test-a11,0.6744522845167629,0.7420327858303437,0.001434130905212605,0.0011864352246586662,359,126.0,,3.5,0.5,8,,visible_pixel_support,False,visible_candidate,line-uct-test-a11-000199,0.46217043183452233,"example-reviewer",accepted,,False,continuous,0,198,curve-uct-test-a11-000199,reviewed_visible_observation,confirmed_continuous_curve
uct-test-a11,0.6773205463271879,0.7396599153810267,0.001434130905212605,0.0011864352246585552,360,127.0,,3.0,0.5,7,,visible_pixel_support,False,visible_candidate,line-uct-test-a11-000200,0.2139488796080542,"example-reviewer",accepted,,False,continuous,0,199,curve-uct-test-a11-000200,reviewed_visible_observation,confirmed_continuous_curve
uct-test-a11,0.6801888081376128,0.7349141744823925,0.001434130905212605,0.0011864352246585552,361,129.0,,3.5,0.5,8,,visible_pixel_support,False,visible_candidate,line-uct-test-a11-000201,0.8906532086939762,"example-reviewer",accepted,,False,continuous,0,200,curve-uct-test-a11-000201,reviewed_visible_observation,confirmed_continuous_curve
uct-test-a11,0.6830570699480378,0.7301684335837584,0.001434130905212605,0.0011864352246586662,362,131.0,,2.5,0.5,6,,visible_pixel_support,False,visible_candidate,line-uct-test-a11-000202,1.490160707233116,"example-reviewer",accepted,,False,continuous,0,201,curve-uct-test-a11-000202,reviewed_visible_observation,confirmed_continuous_curve
uct-test-a11,0.6859253317584628,0.7277955631344413,0.001434130905212605,0.0011864352246586662,363,132.0,,3.0,0.5,7,,visible_pixel_support,False,visible_candidate,line-uct-test-a11-000203,1.010348663366301,"example-reviewer",accepted,,False,continuous,0,202,curve-uct-test-a11-000203,reviewed_visible_observation,confirmed_continuous_curve
uct-test-a11,0.6887935935688878,0.723049822235807,0.001434130905212605,0.0011864352246585552,364,134.0,,2.5,0.5,6,,visible_pixel_support,False,visible_candidate,line-uct-test-a11-000204,1.4490943652342594,"example-reviewer",accepted,,False,continuous,0,203,curve-uct-test-a11-000204,reviewed_visible_observation,confirmed_continuous_curve
uct-test-a11,0.6916618553793128,0.7206769517864899,0.001434130905212605,0.0011864352246585552,365,135.0,,2.5,0.5,6,,visible_pixel_support,False,visible_candidate,line-uct-test-a11-000205,0.804275100977776,"example-reviewer",accepted,,False,continuous,0,204,curve-uct-test-a11-000205,reviewed_visible_observation,confirmed_continuous_curve
uct-test-a11,0.6945301171897378,0.7183040813371728,0.001434130905212605,0.0011864352246585552,366,136.0,,2.5,0.5,6,,visible_pixel_support,False,visible_candidate,line-uct-test-a11-000206,0.07376815873766418,"example-reviewer",accepted,,False,continuous,0,205,curve-uct-test-a11-000206,reviewed_visible_observation,confirmed_continuous_curve
uct-test-a11,0.6973983790001628,0.7135583404385386,0.001434130905212605,0.0011864352246586662,367,138.0,,3.0,0.5,7,,visible_pixel_support,False,visible_candidate,line-uct-test-a11-000207,0.25545082665470886,"example-reviewer",accepted,,False,continuous,0,206,curve-uct-test-a11-000207,reviewed_visible_observation,confirmed_continuous_curve
uct-test-a11,0.7002666408105878,0.7088125995399044,0.001434130905212605,0.0011864352246586662,368,140.0,,4.0,0.5,9,,visible_pixel_support,False,visible_candidate,line-uct-test-a11-000208,0.3472003928696381,"example-reviewer",accepted,,False,continuous,0,207,curve-uct-test-a11-000208,reviewed_visible_observation,confirmed_continuous_curve
uct-test-a11,0.7031349026210127,0.7040668586412703,0.001434130905212605,0.0011864352246585552,369,142.0,,4.0,0.5,9,,visible_pixel_support,False,visible_candidate,line-uct-test-a11-000209,0.3468941455232937,"example-reviewer",accepted,,False,continuous,0,208,curve-uct-test-a11-000209,reviewed_visible_observation,confirmed_continuous_curve
uct-test-a11,0.7060031644314377,0.6993211177426361,0.001434130905212605,0.0011864352246585552,370,144.0,,4.0,0.5,9,,visible_pixel_support,False,visible_candidate,line-uct-test-a11-000210,0.25240937275646047,"example-reviewer",accepted,,False,continuous,0,209,curve-uct-test-a11-000210,reviewed_visible_observation,confirmed_continuous_curve
uct-test-a11,0.7088714262418627,0.694575376844002,0.001434130905212605,0.0011864352246586662,371,146.0,,3.5,0.5,8,,visible_pixel_support,False,visible_candidate,line-uct-test-a11-000211,0.06162336270986657,"example-reviewer",accepted,,False,continuous,0,210,curve-uct-test-a11-000211,reviewed_visible_observation,confirmed_continuous_curve
uct-test-a11,0.7117396880522877,0.6898296359453677,0.001434130905212605,0.0011864352246586662,372,148.0,,4.0,0.5,9,,visible_pixel_support,False,visible_candidate,line-uct-test-a11-000212,0.22758659647564627,"example-reviewer",accepted,,False,continuous,0,211,curve-uct-test-a11-000212,reviewed_visible_observation,confirmed_continuous_curve
uct-test-a11,0.7146079498627127,0.6827110245974164,0.001434130905212605,0.0011864352246585552,373,151.0,,3.5,0.5,8,,visible_pixel_support,False,visible_candidate,line-uct-test-a11-000213,0.38265678334067843,"example-reviewer",accepted,,False,continuous,0,212,curve-uct-test-a11-000213,reviewed_visible_observation,confirmed_continuous_curve
uct-test-a11,0.7174762116731377,0.6779652836987822,0.001434130905212605,0.0011864352246586662,374,153.0,,4.0,0.5,9,,visible_pixel_support,False,visible_candidate,line-uct-test-a11-000214,0.1097692097003744,"example-reviewer",accepted,,False,continuous,0,213,curve-uct-test-a11-000214,reviewed_visible_observation,confirmed_continuous_curve
uct-test-a11,0.7203444734835627,0.6708466723508308,0.001434130905212605,0.0011864352246586662,375,156.0,,5.5,0.5,12,,visible_pixel_support,False,visible_candidate,line-uct-test-a11-000215,0.29301271254198014,"example-reviewer",accepted,,False,continuous,0,214,curve-uct-test-a11-000215,reviewed_visible_observation,confirmed_continuous_curve
uct-test-a11,0.7232127352939877,0.6637280610028796,0.001434130905212605,0.0011864352246585552,376,159.0,,7.5,0.5,16,,visible_pixel_support,False,visible_candidate,line-uct-test-a11-000216,0.5888798382085838,"example-reviewer",accepted,,False,continuous,0,215,curve-uct-test-a11-000216,reviewed_visible_observation,confirmed_continuous_curve
uct-test-a11,0.7260809971044127,0.6589823201042455,0.001434130905212605,0.0011864352246586662,377,161.0,,7.5,0.5,16,,visible_pixel_support,False,visible_candidate,line-uct-test-a11-000217,0.22429054455989217,"example-reviewer",accepted,,False,continuous,0,216,curve-uct-test-a11-000217,reviewed_visible_observation,confirmed_continuous_curve
uct-test-a11,0.7289492589148376,0.6518637087562942,0.001434130905212605,0.0011864352246585552,378,164.0,,7.5,0.5,16,,visible_pixel_support,False,visible_candidate,line-uct-test-a11-000218,0.1486211476225776,"example-reviewer",accepted,,False,continuous,0,217,curve-uct-test-a11-000218,reviewed_visible_observation,confirmed_continuous_curve
uct-test-a11,0.7318175207252626,0.6423722269590257,0.001434130905212605,0.0011864352246585552,379,168.0,,5.5,0.5,12,,visible_pixel_support,False,visible_candidate,line-uct-test-a11-000219,0.813765317161284,"example-reviewer",accepted,,False,continuous,0,218,curve-uct-test-a11-000219,reviewed_visible_observation,confirmed_continuous_curve
uct-test-a11,0.7346857825356876,0.6328807451617574,0.001434130905212605,0.0011864352246585552,380,172.0,,5.0,0.5,11,,visible_pixel_support,False,visible_candidate,line-uct-test-a11-000220,1.660746137932506,"example-reviewer",accepted,,False,continuous,0,219,curve-uct-test-a11-000220,reviewed_visible_observation,confirmed_continuous_curve
uct-test-a11,0.7375540443461126,0.621016392915172,0.001434130905212605,0.0011864352246586662,381,177.0,,3.5,0.5,8,,visible_pixel_support,False,visible_candidate,line-uct-test-a11-000221,3.390198602831788,"example-reviewer",accepted,,False,continuous,0,220,curve-uct-test-a11-000221,reviewed_visible_observation,confirmed_continuous_curve
uct-test-a11,0.7404223061565376,0.6044062997699522,0.001434130905212605,0.0011864352246586662,382,184.0,,1.5,0.5,4,,visible_pixel_support,False,visible_candidate,line-uct-test-a11-000222,7.0,"example-reviewer",accepted,,False,continuous,0,221,curve-uct-test-a11-000222,reviewed_visible_observation,confirmed_continuous_curve
uct-test-a11,0.7432905679669626,0.5925419475233668,0.001434130905212605,0.0011864352246585552,383,189.0,,1.0,0.5,3,,visible_pixel_support,False,visible_candidate,line-uct-test-a11-000223,7.370776678108712,"example-reviewer",accepted,,False,continuous,0,222,curve-uct-test-a11-000223,reviewed_visible_observation,confirmed_continuous_curve
uct-test-a11,0.7461588297773878,0.5759318543781471,0.001434130905212605,0.0011864352246585552,384,196.0,,1.0,0.5,3,,visible_pixel_support,False,visible_candidate,line-uct-test-a11-000224,7.617371697491137,"example-reviewer",accepted,,False,continuous,0,223,curve-uct-test-a11-000224,reviewed_visible_observation,confirmed_continuous_curve
uct-test-a11,0.7490270915878128,0.5640675021315615,0.001434130905212605,0.0011864352246586662,385,201.0,,3.0,0.5,7,,visible_pixel_support,False,visible_candidate,line-uct-test-a11-000225,4.088987413780842,"example-reviewer",accepted,,False,continuous,0,224,curve-uct-test-a11-000225,reviewed_visible_observation,confirmed_continuous_curve
uct-test-a11,0.7518953533982378,0.5450845385370249,0.001434130905212605,0.0011864352246585552,386,209.0,,4.5,0.5,10,,visible_pixel_support,False,visible_candidate,line-uct-test-a11-000226,2.134826182611164,"example-reviewer",accepted,,False,continuous,0,225,curve-uct-test-a11-000226,reviewed_visible_observation,confirmed_continuous_curve
uct-test-a11,0.7662366624503627,0.3955937002300478,0.001434130905212605,0.0011864352246585552,391,272.0,,2.0,0.5,5,,visible_pixel_support,False,visible_candidate,line-uct-test-a11-000227,6.199448262041642,"example-reviewer",accepted,,True,continuous,0,226,curve-uct-test-a11-000227,reviewed_visible_observation,confirmed_continuous_curve
uct-test-a11,0.7691049242607877,0.38372934798346237,0.001434130905212605,0.0011864352246585552,392,277.0,,9.5,0.5,20,,visible_pixel_support,False,visible_candidate,line-uct-test-a11-000228,0.023874814417354173,"example-reviewer",accepted,,False,continuous,0,227,curve-uct-test-a11-000228,reviewed_visible_observation,confirmed_continuous_curve
uct-test-a11,0.7719731860712127,0.36000064349029137,0.001434130905212605,0.0011864352246585552,393,287.0,,8.5,0.5,18,,visible_pixel_support,False,visible_candidate,line-uct-test-a11-000229,0.13305909123232595,"example-reviewer",accepted,,False,continuous,0,228,curve-uct-test-a11-000229,reviewed_visible_observation,confirmed_continuous_curve
uct-test-a11,0.7748414478816377,0.3410176798957546,0.001434130905212605,0.0011864352246585552,394,295.0,,6.0,0.5,13,,visible_pixel_support,False,visible_candidate,line-uct-test-a11-000230,0.9221510992740036,"example-reviewer",accepted,,False,continuous,0,229,curve-uct-test-a11-000230,reviewed_visible_observation,confirmed_continuous_curve
uct-test-a11,0.7777097096920627,0.32678045719985205,0.001434130905212605,0.0011864352246585552,395,301.0,,5.0,0.5,11,,visible_pixel_support,False,visible_candidate,line-uct-test-a11-000231,1.9941988540743978,"example-reviewer",accepted,,False,continuous,0,230,curve-uct-test-a11-000231,reviewed_visible_observation,confirmed_continuous_curve
uct-test-a11,0.7805779715024876,0.3101703640546324,0.001434130905212605,0.0011864352246585552,396,308.0,,7.5,0.5,16,,visible_pixel_support,False,visible_candidate,line-uct-test-a11-000232,0.0,"example-reviewer",accepted,,False,continuous,0,231,curve-uct-test-a11-000232,reviewed_visible_observation,confirmed_continuous_curve
uct-test-a11,0.7834462333129126,0.30067888225736394,0.001434130905212605,0.0011864352246585552,397,312.0,,7.5,0.5,16,,visible_pixel_support,False,visible_candidate,line-uct-test-a11-000233,0.179317960950641,"example-reviewer",accepted,,False,continuous,0,232,curve-uct-test-a11-000233,reviewed_visible_observation,confirmed_continuous_curve
uct-test-a11,0.7863144951233376,0.2935602709094127,0.001434130905212605,0.0011864352246585552,398,315.0,,8.0,0.5,17,,visible_pixel_support,False,visible_candidate,line-uct-test-a11-000234,0.549748210972723,"example-reviewer",accepted,,False,continuous,0,233,curve-uct-test-a11-000234,reviewed_visible_observation,confirmed_continuous_curve
uct-test-a11,0.7891827569337626,0.2840687891121443,0.001434130905212605,0.0011864352246585552,399,319.0,,7.5,0.5,16,,visible_pixel_support,False,visible_candidate,line-uct-test-a11-000235,0.15655976676384853,"example-reviewer",accepted,,False,continuous,0,234,curve-uct-test-a11-000235,reviewed_visible_observation,confirmed_continuous_curve
uct-test-a11,0.7920510187441876,0.27457730731487595,0.001434130905212605,0.0011864352246585552,400,323.0,,8.0,0.5,17,,visible_pixel_support,False,visible_candidate,line-uct-test-a11-000236,0.3895220425832804,"example-reviewer",accepted,,False,continuous,0,235,curve-uct-test-a11-000236,reviewed_visible_observation,confirmed_continuous_curve
uct-test-a11,0.7949192805546126,0.2674586959669246,0.001434130905212605,0.0011864352246585552,401,326.0,,7.0,0.5,15,,visible_pixel_support,False,visible_candidate,line-uct-test-a11-000237,0.11913596607473664,"example-reviewer",accepted,,False,continuous,0,236,curve-uct-test-a11-000237,reviewed_visible_observation,confirmed_continuous_curve
uct-test-a11,0.7977875423650376,0.2603400846189734,0.001434130905212605,0.0011864352246585552,402,329.0,,5.0,0.5,11,,visible_pixel_support,False,visible_candidate,line-uct-test-a11-000238,0.06292075271664999,"example-reviewer",accepted,,False,continuous,0,237,curve-uct-test-a11-000238,reviewed_visible_observation,confirmed_continuous_curve
uct-test-a11,0.8006558041754626,0.2555943437203392,0.001434130905212605,0.0011864352246585552,403,331.0,,3.5,0.5,8,,visible_pixel_support,False,visible_candidate,line-uct-test-a11-000239,0.7484848484848499,"example-reviewer",accepted,,False,continuous,0,238,curve-uct-test-a11-000239,reviewed_visible_observation,confirmed_continuous_curve
uct-test-a11,0.8035240659858875,0.25084860282170496,0.001434130905212605,0.0011864352246585552,404,333.0,,2.5,0.5,6,,visible_pixel_support,False,visible_candidate,line-uct-test-a11-000240,1.2844420885237469,"example-reviewer",accepted,,False,continuous,0,239,curve-uct-test-a11-000240,reviewed_visible_observation,confirmed_continuous_curve
uct-test-a11,0.8063923277963125,0.24610286192307074,0.001434130905212605,0.0011864352246585552,405,335.0,,3.0,0.5,7,,visible_pixel_support,False,visible_candidate,line-uct-test-a11-000241,1.5143122183938544,"example-reviewer",accepted,,False,continuous,0,240,curve-uct-test-a11-000241,reviewed_visible_observation,confirmed_continuous_curve
uct-test-a11,0.8092605896067375,0.24372999147375374,0.001434130905212605,0.0011864352246585552,406,336.0,,2.5,0.5,6,,visible_pixel_support,False,visible_candidate,line-uct-test-a11-000242,2.4074564890891565,"example-reviewer",accepted,,False,continuous,0,241,curve-uct-test-a11-000242,reviewed_visible_observation,confirmed_continuous_curve
uct-test-a11,0.8121288514171625,0.24135712102443663,0.001434130905212605,0.0011864352246585552,407,337.0,,2.0,0.5,5,,visible_pixel_support,False,visible_candidate,line-uct-test-a11-000243,2.9332361516035235,"example-reviewer",accepted,,False,continuous,0,242,curve-uct-test-a11-000243,reviewed_visible_observation,confirmed_continuous_curve
uct-test-a11,0.8149971132275875,0.23898425057511952,0.001434130905212605,0.0011864352246585552,408,338.0,,1.5,0.5,4,,visible_pixel_support,False,visible_candidate,line-uct-test-a11-000244,3.0610124569308255,"example-reviewer",accepted,,False,continuous,0,243,curve-uct-test-a11-000244,reviewed_visible_observation,confirmed_continuous_curve
uct-test-a11,0.8178653750380125,0.2366113801258024,0.001434130905212605,0.0011864352246585552,409,339.0,,2.0,0.5,5,,visible_pixel_support,False,visible_candidate,line-uct-test-a11-000245,2.7601466560649897,"example-reviewer",accepted,,False,continuous,0,244,curve-uct-test-a11-000245,reviewed_visible_observation,confirmed_continuous_curve
uct-test-a11,0.8207336368484375,0.2342385096764853,0.001434130905212605,0.0011864352246585552,410,340.0,,2.0,0.5,5,,visible_pixel_support,False,visible_candidate,line-uct-test-a11-000246,2.0,"example-reviewer",accepted,,False,continuous,0,245,curve-uct-test-a11-000246,reviewed_visible_observation,confirmed_continuous_curve
uct-test-a11,0.8236018986588625,0.2342385096764853,0.001434130905212605,0.0011864352246585552,411,340.0,,1.5,0.5,4,,visible_pixel_support,False,visible_candidate,line-uct-test-a11-000247,1.8514851485148256,"example-reviewer",accepted,,False,continuous,0,246,curve-uct-test-a11-000247,reviewed_visible_observation,confirmed_continuous_curve
uct-test-a11,0.8264701604692875,0.2342385096764853,0.001434130905212605,0.0011864352246585552,412,340.0,,1.5,0.5,4,,visible_pixel_support,False,visible_candidate,line-uct-test-a11-000248,1.418670438472418,"example-reviewer",accepted,,False,continuous,0,247,curve-uct-test-a11-000248,reviewed_visible_observation,confirmed_continuous_curve
uct-test-a11,0.8293384222797127,0.2366113801258024,0.001434130905212605,0.0011864352246585552,413,339.0,,2.0,0.5,5,,visible_pixel_support,False,visible_candidate,line-uct-test-a11-000249,1.7206506364922234,"example-reviewer",accepted,,False,continuous,0,248,curve-uct-test-a11-000249,reviewed_visible_observation,confirmed_continuous_curve
uct-test-a11,0.8322066840901376,0.2366113801258024,0.001434130905212605,0.0011864352246585552,414,339.0,,3.0,0.5,7,,visible_pixel_support,False,visible_candidate,line-uct-test-a11-000250,0.7765205091937446,"example-reviewer",accepted,,False,continuous,0,249,curve-uct-test-a11-000250,reviewed_visible_observation,confirmed_continuous_curve
uct-test-a11,0.8350749459005626,0.23898425057511952,0.001434130905212605,0.0011864352246585552,415,338.0,,3.5,0.5,8,,visible_pixel_support,False,visible_candidate,line-uct-test-a11-000251,0.6053748231965983,"example-reviewer",accepted,,False,continuous,0,250,curve-uct-test-a11-000251,reviewed_visible_observation,confirmed_continuous_curve
uct-test-a11,0.8379432077109876,0.24372999147375374,0.001434130905212605,0.0011864352246585552,416,336.0,,3.5,0.5,8,,visible_pixel_support,False,visible_candidate,line-uct-test-a11-000252,1.2263083451202306,"example-reviewer",accepted,,False,continuous,0,251,curve-uct-test-a11-000252,reviewed_visible_observation,confirmed_continuous_curve
uct-test-a11,0.8408114695214126,0.24847573237238785,0.001434130905212605,0.0011864352246585552,417,334.0,,4.0,0.5,9,,visible_pixel_support,False,visible_candidate,line-uct-test-a11-000253,1.6584158415841443,"example-reviewer",accepted,,False,continuous,0,252,curve-uct-test-a11-000253,reviewed_visible_observation,confirmed_continuous_curve
uct-test-a11,0.8436797313318376,0.25084860282170496,0.001434130905212605,0.0011864352246585552,418,333.0,,4.5,0.5,10,,visible_pixel_support,False,visible_candidate,line-uct-test-a11-000254,0.9207920792078994,"example-reviewer",accepted,,False,continuous,0,253,curve-uct-test-a11-000254,reviewed_visible_observation,confirmed_continuous_curve
uct-test-a11,0.8465479931422626,0.2555943437203392,0.001434130905212605,0.0011864352246585552,419,331.0,,4.5,0.5,10,,visible_pixel_support,False,visible_candidate,line-uct-test-a11-000255,1.0325318246109987,"example-reviewer",accepted,,False,continuous,0,254,curve-uct-test-a11-000255,reviewed_visible_observation,confirmed_continuous_curve
uct-test-a11,0.8494162549526876,0.2603400846189734,0.001434130905212605,0.0011864352246585552,420,329.0,,5.0,0.5,11,,visible_pixel_support,False,visible_candidate,line-uct-test-a11-000256,1.0127298444130588,"example-reviewer",accepted,,False,continuous,0,255,curve-uct-test-a11-000256,reviewed_visible_observation,confirmed_continuous_curve
uct-test-a11,0.8522845167631126,0.2650858255176075,0.001434130905212605,0.0011864352246585552,421,327.0,,5.5,0.5,12,,visible_pixel_support,False,visible_candidate,line-uct-test-a11-000257,0.8804809052334122,"example-reviewer",accepted,,False,continuous,0,256,curve-uct-test-a11-000257,reviewed_visible_observation,confirmed_continuous_curve
uct-test-a11,0.8551527785735376,0.27220443686555884,0.001434130905212605,0.0011864352246585552,422,324.0,,5.0,0.5,11,,visible_pixel_support,False,visible_candidate,line-uct-test-a11-000258,1.6548797736916754,"example-reviewer",accepted,,False,continuous,0,257,curve-uct-test-a11-000258,reviewed_visible_observation,confirmed_continuous_curve
uct-test-a11,0.8580210403839625,0.27932304821351017,0.001434130905212605,0.0011864352246585552,423,321.0,,4.5,0.5,10,,visible_pixel_support,False,visible_candidate,line-uct-test-a11-000259,2.3550212164073514,"example-reviewer",accepted,,False,continuous,0,258,curve-uct-test-a11-000259,reviewed_visible_observation,confirmed_continuous_curve
uct-test-a11,0.8608893021943875,0.2864416595614614,0.001434130905212605,0.0011864352246585552,424,318.0,,4.0,0.5,9,,visible_pixel_support,False,visible_candidate,line-uct-test-a11-000260,3.0,"example-reviewer",accepted,,False,continuous,0,259,curve-uct-test-a11-000260,reviewed_visible_observation,confirmed_continuous_curve
uct-test-a11,0.8637575640048125,0.2935602709094127,0.001434130905212605,0.0011864352246585552,425,315.0,,3.5,0.5,8,,visible_pixel_support,False,visible_candidate,line-uct-test-a11-000261,3.166283312502685,"example-reviewer",accepted,,False,continuous,0,260,curve-uct-test-a11-000261,reviewed_visible_observation,confirmed_continuous_curve
uct-test-a11,0.8666258258152375,0.3101703640546324,0.001434130905212605,0.0011864352246585552,426,308.0,,2.0,0.5,5,,visible_pixel_support,False,visible_candidate,line-uct-test-a11-000262,6.48500759207991,"example-reviewer",accepted,,False,continuous,0,261,curve-uct-test-a11-000262,reviewed_visible_observation,confirmed_continuous_curve
uct-test-a11,0.8694940876256625,0.3196618458519007,0.001434130905212605,0.0011864352246585552,427,304.0,,1.5,0.5,4,,visible_pixel_support,False,visible_candidate,line-uct-test-a11-000263,6.057271480547911,"example-reviewer",accepted,,False,continuous,0,262,curve-uct-test-a11-000263,reviewed_visible_observation,confirmed_continuous_curve
uct-test-a11,0.8723623494360875,0.32915332764916916,0.001434130905212605,0.0011864352246585552,428,300.0,,3.0,0.5,7,,visible_pixel_support,False,visible_candidate,line-uct-test-a11-000264,4.984173619723322,"example-reviewer",accepted,,False,continuous,0,263,curve-uct-test-a11-000264,reviewed_visible_observation,confirmed_continuous_curve
uct-test-a11,0.8752306112465125,0.3386448094464375,0.001434130905212605,0.0011864352246585552,429,296.0,,3.5,0.5,8,,visible_pixel_support,False,visible_candidate,line-uct-test-a11-000265,3.3668126514224355,"example-reviewer",accepted,,False,continuous,0,264,curve-uct-test-a11-000265,reviewed_visible_observation,confirmed_continuous_curve
uct-test-a11,0.8780988730569375,0.35288203214234015,0.001434130905212605,0.0011864352246585552,430,290.0,,3.5,0.5,8,,visible_pixel_support,False,visible_candidate,line-uct-test-a11-000266,3.306287217461943,"example-reviewer",accepted,,False,continuous,0,265,curve-uct-test-a11-000266,reviewed_visible_observation,confirmed_continuous_curve
uct-test-a11,0.8809671348673624,0.3647463843889256,0.001434130905212605,0.0011864352246585552,431,285.0,,5.0,0.5,11,,visible_pixel_support,False,visible_candidate,line-uct-test-a11-000267,1.90369595965808,"example-reviewer",accepted,,False,continuous,0,266,curve-uct-test-a11-000267,reviewed_visible_observation,confirmed_continuous_curve
uct-test-a11,0.8838353966777874,0.38135647753414526,0.001434130905212605,0.0011864352246585552,432,278.0,,4.0,0.5,9,,visible_pixel_support,False,visible_candidate,line-uct-test-a11-000268,2.260137519827367,"example-reviewer",accepted,,False,continuous,0,267,curve-uct-test-a11-000268,reviewed_visible_observation,confirmed_continuous_curve
uct-test-a11,0.8867036584882124,0.3979665706793649,0.001434130905212605,0.0011864352246585552,433,271.0,,0.5,0.5,1,,visible_pixel_support,False,visible_candidate,line-uct-test-a11-000269,2.476710539786211,"example-reviewer",accepted,,False,continuous,0,268,curve-uct-test-a11-000269,reviewed_visible_observation,confirmed_continuous_curve
uct-test-a11,0.9039132293507623,0.4976271295506829,0.001434130905212605,0.0011864352246585552,439,229.0,,1.5,0.5,4,,visible_pixel_support,False,visible_candidate,line-uct-test-a11-000270,6.042471548470445,"example-reviewer",accepted,,True,continuous,0,269,curve-uct-test-a11-000270,reviewed_visible_observation,confirmed_continuous_curve
uct-test-a11,0.9268593238341625,0.6305078747124403,0.001434130905212605,0.0011864352246585552,447,173.0,,0.5,0.5,1,,visible_pixel_support,False,visible_candidate,line-uct-test-a11-000271,9.651827847760927,"example-reviewer",accepted,,True,continuous,0,270,curve-uct-test-a11-000271,reviewed_visible_observation,confirmed_continuous_curve
uct-test-a11,0.9297275856445875,0.6399993565097086,0.001434130905212605,0.0011864352246586662,448,169.0,,1.0,0.5,3,,visible_pixel_support,False,visible_candidate,line-uct-test-a11-000272,7.932195933514038,"example-reviewer",accepted,,False,continuous,0,271,curve-uct-test-a11-000272,reviewed_visible_observation,confirmed_continuous_curve
uct-test-a11,0.9325958474550124,0.64711796785766,0.001434130905212605,0.0011864352246585552,449,166.0,,2.5,0.5,6,,visible_pixel_support,False,visible_candidate,line-uct-test-a11-000273,5.712497154321142,"example-reviewer",accepted,,False,continuous,0,272,curve-uct-test-a11-000273,reviewed_visible_observation,confirmed_continuous_curve
uct-test-a11,0.9354641092654374,0.6566094496549284,0.001434130905212605,0.0011864352246586662,450,162.0,,2.5,0.5,6,,visible_pixel_support,False,visible_candidate,line-uct-test-a11-000274,5.087431547475546,"example-reviewer",accepted,,False,continuous,0,273,curve-uct-test-a11-000274,reviewed_visible_observation,confirmed_continuous_curve
uct-test-a11,0.9383323710758624,0.6661009314521967,0.001434130905212605,0.0011864352246585552,451,158.0,,2.5,0.5,6,,visible_pixel_support,False,visible_candidate,line-uct-test-a11-000275,5.1516991502707015,"example-reviewer",accepted,,False,continuous,0,274,curve-uct-test-a11-000275,reviewed_visible_observation,confirmed_continuous_curve
uct-test-a11,0.9412006328862874,0.673219542800148,0.001434130905212605,0.0011864352246586662,452,155.0,,3.0,0.5,7,,visible_pixel_support,False,visible_candidate,line-uct-test-a11-000276,5.0,"example-reviewer",accepted,,False,continuous,0,275,curve-uct-test-a11-000276,reviewed_visible_observation,confirmed_continuous_curve
uct-test-a11,0.9440688946967124,0.6779652836987822,0.001434130905212605,0.0011864352246586662,453,153.0,,3.0,0.5,7,,visible_pixel_support,False,visible_candidate,line-uct-test-a11-000277,4.313676699692479,"example-reviewer",accepted,,False,continuous,0,276,curve-uct-test-a11-000277,reviewed_visible_observation,confirmed_continuous_curve
uct-test-a11,0.9469371565071374,0.6827110245974164,0.001434130905212605,0.0011864352246585552,454,151.0,,3.5,0.5,8,,visible_pixel_support,False,visible_candidate,line-uct-test-a11-000278,3.710489115227489,"example-reviewer",accepted,,False,continuous,0,277,curve-uct-test-a11-000278,reviewed_visible_observation,confirmed_continuous_curve
uct-test-a11,0.9498054183175624,0.6898296359453677,0.001434130905212605,0.0011864352246586662,455,148.0,,3.0,0.5,7,,visible_pixel_support,False,visible_candidate,line-uct-test-a11-000279,4.189763178174218,"example-reviewer",accepted,,False,continuous,0,278,curve-uct-test-a11-000279,reviewed_visible_observation,confirmed_continuous_curve
uct-test-a11,0.9526736801279874,0.694575376844002,0.001434130905212605,0.0011864352246586662,456,146.0,,3.5,0.5,8,,visible_pixel_support,False,visible_candidate,line-uct-test-a11-000280,3.750824820101542,"example-reviewer",accepted,,False,continuous,0,279,curve-uct-test-a11-000280,reviewed_visible_observation,confirmed_continuous_curve
uct-test-a11,0.9555419419384124,0.6993211177426361,0.001434130905212605,0.0011864352246585552,457,144.0,,3.5,0.5,8,,visible_pixel_support,False,visible_candidate,line-uct-test-a11-000281,3.3929999725785365,"example-reviewer",accepted,,False,continuous,0,280,curve-uct-test-a11-000281,reviewed_visible_observation,confirmed_continuous_curve
uct-test-a11,0.9584102037488373,0.7064397290905873,0.001434130905212605,0.0011864352246586662,458,141.0,,3.0,0.5,7,,visible_pixel_support,False,visible_candidate,line-uct-test-a11-000282,4.115614567174163,"example-reviewer",accepted,,False,continuous,0,281,curve-uct-test-a11-000282,reviewed_visible_observation,confirmed_continuous_curve
uct-test-a11,0.9612784655592623,0.7135583404385386,0.001434130905212605,0.0011864352246586662,459,138.0,,2.5,0.5,6,,visible_pixel_support,False,visible_candidate,line-uct-test-a11-000283,4.917994535457495,"example-reviewer",accepted,,False,continuous,0,282,curve-uct-test-a11-000283,reviewed_visible_observation,confirmed_continuous_curve
uct-test-a11,0.9641467273696873,0.7183040813371728,0.001434130905212605,0.0011864352246585552,460,136.0,,2.5,0.5,6,,visible_pixel_support,False,visible_candidate,line-uct-test-a11-000284,4.799465808997553,"example-reviewer",accepted,,False,continuous,0,283,curve-uct-test-a11-000284,reviewed_visible_observation,confirmed_continuous_curve
uct-test-a11,0.9670149891801123,0.7206769517864899,0.001434130905212605,0.0011864352246585552,461,135.0,,2.5,0.5,6,,visible_pixel_support,False,visible_candidate,line-uct-test-a11-000285,3.759354319363325,"example-reviewer",accepted,,False,continuous,0,284,curve-uct-test-a11-000285,reviewed_visible_observation,confirmed_continuous_curve
uct-test-a11,0.9698832509905373,0.7254226926851242,0.001434130905212605,0.0011864352246586662,462,133.0,,3.5,0.5,8,,visible_pixel_support,False,visible_candidate,line-uct-test-a11-000286,3.796985998123887,"example-reviewer",accepted,,False,continuous,0,285,curve-uct-test-a11-000286,reviewed_visible_observation,confirmed_continuous_curve
uct-test-a11,0.9727515128009623,0.7277955631344413,0.001434130905212605,0.0011864352246586662,463,132.0,,4.0,0.5,9,,visible_pixel_support,False,visible_candidate,line-uct-test-a11-000287,2.911686776848228,"example-reviewer",accepted,,False,continuous,0,286,curve-uct-test-a11-000287,reviewed_visible_observation,confirmed_continuous_curve
uct-test-a11,0.9756197746113873,0.7325413040330755,0.001434130905212605,0.0011864352246586662,464,130.0,,3.5,0.5,8,,visible_pixel_support,False,visible_candidate,line-uct-test-a11-000288,3.102782587105338,"example-reviewer",accepted,,False,continuous,0,287,curve-uct-test-a11-000288,reviewed_visible_observation,confirmed_continuous_curve
uct-test-a11,0.9784880364218123,0.7372870449317096,0.001434130905212605,0.0011864352246585552,465,128.0,,3.5,0.5,8,,visible_pixel_support,False,visible_candidate,line-uct-test-a11-000289,3.369599360464264,"example-reviewer",accepted,,False,continuous,0,288,curve-uct-test-a11-000289,reviewed_visible_observation,confirmed_continuous_curve
uct-test-a11,0.9813562982322372,0.7467785267289779,0.001434130905212605,0.0011864352246586662,466,124.0,,2.5,0.5,6,,visible_pixel_support,False,visible_candidate,line-uct-test-a11-000290,5.711463028494052,"example-reviewer",accepted,,False,continuous,0,289,curve-uct-test-a11-000290,reviewed_visible_observation,confirmed_continuous_curve
uct-test-a11,0.9842245600426622,0.7515242676276122,0.001434130905212605,0.0011864352246585552,467,122.0,,2.0,0.5,5,,visible_pixel_support,False,visible_candidate,line-uct-test-a11-000291,6.127699522763692,"example-reviewer",accepted,,False,continuous,0,290,curve-uct-test-a11-000291,reviewed_visible_observation,confirmed_continuous_curve
uct-test-a11,0.9870928218530872,0.7538971380769293,0.001434130905212605,0.0011864352246585552,468,121.0,,2.5,0.5,6,,visible_pixel_support,False,visible_candidate,line-uct-test-a11-000292,5.617634774842202,"example-reviewer",accepted,,False,continuous,0,291,curve-uct-test-a11-000292,reviewed_visible_observation,confirmed_continuous_curve
uct-test-a11,0.9899610836635122,0.7562700085262464,0.001434130905212605,0.0011864352246585552,469,120.0,,2.0,0.5,5,,visible_pixel_support,False,visible_candidate,line-uct-test-a11-000293,5.180594716298614,"example-reviewer",accepted,,False,continuous,0,292,curve-uct-test-a11-000293,reviewed_visible_observation,confirmed_continuous_curve
uct-test-a11,0.9928293454739374,0.7586428789755635,0.001434130905212605,0.0011864352246585552,470,119.0,,1.5,0.5,4,,visible_pixel_support,False,visible_candidate,line-uct-test-a11-000294,4.815905278701933,"example-reviewer",accepted,,False,continuous,0,293,curve-uct-test-a11-000294,reviewed_visible_observation,confirmed_continuous_curve
uct-test-a11,0.9956976072843624,0.7610157494248806,0.001434130905212605,0.0011864352246586662,471,118.0,,1.5,0.5,4,,visible_pixel_support,False,visible_candidate,line-uct-test-a11-000295,4.5228923936212055,"example-reviewer",accepted,,False,continuous,0,294,curve-uct-test-a11-000295,reviewed_visible_observation,confirmed_continuous_curve
uct-test-a11,0.9985658690947874,0.7610157494248806,0.001434130905212605,0.0011864352246586662,472,118.0,,1.5,0.5,4,,visible_pixel_support,False,visible_candidate,line-uct-test-a11-000296,3.3008819926254063,"example-reviewer",accepted,,False,continuous,0,295,curve-uct-test-a11-000296,reviewed_visible_observation,confirmed_continuous_curve
uct-test-a11,1.0014341309052124,0.7610157494248806,0.001434130905212605,0.0011864352246586662,473,118.0,,1.5,0.5,4,,visible_pixel_support,False,visible_candidate,line-uct-test-a11-000297,2.1492000072836106,"example-reviewer",accepted,,False,continuous,0,296,curve-uct-test-a11-000297,reviewed_visible_observation,confirmed_continuous_curve
uct-test-a11,1.0043023927156374,0.7610157494248806,0.001434130905212605,0.0011864352246586662,474,118.0,,1.5,0.5,4,,visible_pixel_support,False,visible_candidate,line-uct-test-a11-000298,1.067172369164794,"example-reviewer",accepted,,False,continuous,0,297,curve-uct-test-a11-000298,reviewed_visible_observation,confirmed_continuous_curve
uct-test-a11,1.0071706545260624,0.7610157494248806,0.001434130905212605,0.0011864352246586662,475,118.0,,1.5,0.5,4,,visible_pixel_support,False,visible_candidate,line-uct-test-a11-000299,0.05412500983800328,"example-reviewer",accepted,,False,continuous,0,298,curve-uct-test-a11-000299,reviewed_visible_observation,confirmed_continuous_curve
uct-test-a11,1.0100389163364873,0.7633886198741977,0.001434130905212605,0.0011864352246586662,476,117.0,,1.5,0.5,4,,visible_pixel_support,False,visible_candidate,line-uct-test-a11-000300,0.10938386087225638,"example-reviewer",accepted,,False,continuous,0,299,curve-uct-test-a11-000300,reviewed_visible_observation,confirmed_continuous_curve
uct-test-a11,1.0129071781469123,0.7657614903235148,0.001434130905212605,0.0011864352246586662,477,116.0,,2.5,0.5,6,,visible_pixel_support,False,visible_candidate,line-uct-test-a11-000301,0.23227485383654312,"example-reviewer",accepted,,False,continuous,0,300,curve-uct-test-a11-000301,reviewed_visible_observation,confirmed_continuous_curve
uct-test-a11,1.0157754399573373,0.7681343607728319,0.001434130905212605,0.0011864352246586662,478,115.0,,2.5,0.5,6,,visible_pixel_support,False,visible_candidate,line-uct-test-a11-000302,0.4221239202999527,"example-reviewer",accepted,,False,continuous,0,301,curve-uct-test-a11-000302,reviewed_visible_observation,confirmed_continuous_curve
uct-test-a11,1.0186437017677623,0.7705072312221489,0.001434130905212605,0.0011864352246585552,479,114.0,,2.5,0.5,6,,visible_pixel_support,False,visible_candidate,line-uct-test-a11-000303,0.6782569918314039,"example-reviewer",accepted,,False,continuous,0,302,curve-uct-test-a11-000303,reviewed_visible_observation,confirmed_continuous_curve
uct-test-a11,1.0215119635781873,0.7752529721207831,0.001434130905212605,0.0011864352246585552,480,112.0,,2.5,0.5,6,,visible_pixel_support,False,visible_candidate,line-uct-test-a11-000304,2.0,"example-reviewer",accepted,,False,continuous,0,303,curve-uct-test-a11-000304,reviewed_visible_observation,confirmed_continuous_curve
uct-test-a11,1.0243802253886123,0.7752529721207831,0.001434130905212605,0.0011864352246585552,481,112.0,,2.0,0.5,5,,visible_pixel_support,False,visible_candidate,line-uct-test-a11-000305,1.359831656892112,"example-reviewer",accepted,,False,continuous,0,304,curve-uct-test-a11-000305,reviewed_visible_observation,confirmed_continuous_curve
uct-test-a11,1.0272484871990373,0.7776258425701001,0.001434130905212605,0.0011864352246586662,482,111.0,,1.5,0.5,4,,visible_pixel_support,False,visible_candidate,line-uct-test-a11-000306,1.730720502619974,"example-reviewer",accepted,,False,continuous,0,305,curve-uct-test-a11-000306,reviewed_visible_observation,confirmed_continuous_curve
uct-test-a11,1.0301167490094623,0.7776258425701001,0.001434130905212605,0.0011864352246586662,483,111.0,,1.5,0.5,4,,visible_pixel_support,False,visible_candidate,line-uct-test-a11-000307,1.1127272107911637,"example-reviewer",accepted,,False,continuous,0,306,curve-uct-test-a11-000307,reviewed_visible_observation,confirmed_continuous_curve
uct-test-a11,1.0329850108198873,0.7776258425701001,0.001434130905212605,0.0011864352246586662,484,111.0,,1.5,0.5,4,,visible_pixel_support,False,visible_candidate,line-uct-test-a11-000308,0.5059124550133589,"example-reviewer",accepted,,False,continuous,0,307,curve-uct-test-a11-000308,reviewed_visible_observation,confirmed_continuous_curve
uct-test-a11,1.0358532726303122,0.7776258425701001,0.001434130905212605,0.0011864352246586662,485,111.0,,1.5,0.5,4,,visible_pixel_support,False,visible_candidate,line-uct-test-a11-000309,0.08966309110580539,"example-reviewer",accepted,,False,continuous,0,308,curve-uct-test-a11-000309,reviewed_visible_observation,confirmed_continuous_curve
uct-test-a11,1.0387215344407372,0.7752529721207831,0.001434130905212605,0.0011864352246585552,486,112.0,,2.0,0.5,5,,visible_pixel_support,False,visible_candidate,line-uct-test-a11-000310,1.67393875395868,"example-reviewer",accepted,,False,continuous,0,309,curve-uct-test-a11-000310,reviewed_visible_observation,confirmed_continuous_curve
uct-test-a11,1.0415897962511622,0.7752529721207831,0.001434130905212605,0.0011864352246585552,487,112.0,,1.5,0.5,4,,visible_pixel_support,False,visible_candidate,line-uct-test-a11-000311,2.246853859937559,"example-reviewer",accepted,,False,continuous,0,310,curve-uct-test-a11-000311,reviewed_visible_observation,confirmed_continuous_curve
uct-test-a11,1.0444580580615872,0.7776258425701001,0.001434130905212605,0.0011864352246586662,488,111.0,,2.5,0.5,6,,visible_pixel_support,False,visible_candidate,line-uct-test-a11-000312,1.8083477354349213,"example-reviewer",accepted,,False,continuous,0,311,curve-uct-test-a11-000312,reviewed_visible_observation,confirmed_continuous_curve
uct-test-a11,1.0473263198720122,0.7776258425701001,0.001434130905212605,0.0011864352246586662,489,111.0,,2.0,0.5,5,,visible_pixel_support,False,visible_candidate,line-uct-test-a11-000313,2.358359706843004,"example-reviewer",accepted,,False,continuous,0,312,curve-uct-test-a11-000313,reviewed_visible_observation,confirmed_continuous_curve
uct-test-a11,1.0501945816824372,0.7799987130194173,0.001434130905212605,0.0011864352246586662,490,110.0,,3.0,0.5,7,,visible_pixel_support,False,visible_candidate,line-uct-test-a11-000314,1.8968291005542284,"example-reviewer",accepted,,False,continuous,0,313,curve-uct-test-a11-000314,reviewed_visible_observation,confirmed_continuous_curve
uct-test-a11,1.0530628434928622,0.7823715834687344,0.001434130905212605,0.0011864352246586662,491,109.0,,3.0,0.5,7,,visible_pixel_support,False,visible_candidate,line-uct-test-a11-000315,1.4236952429609318,"example-reviewer",accepted,,False,continuous,0,314,curve-uct-test-a11-000315,reviewed_visible_observation,confirmed_continuous_curve
uct-test-a11,1.0559311053032872,0.7847444539180515,0.001434130905212605,0.0011864352246586662,492,108.0,,3.0,0.5,7,,visible_pixel_support,False,visible_candidate,line-uct-test-a11-000316,0.9388974604554505,"example-reviewer",accepted,,False,continuous,0,315,curve-uct-test-a11-000316,reviewed_visible_observation,confirmed_continuous_curve
uct-test-a11,1.0587993671137121,0.7871173243673686,0.001434130905212605,0.0011864352246585552,493,107.0,,2.5,0.5,6,,visible_pixel_support,False,visible_candidate,line-uct-test-a11-000317,0.44237507943013554,"example-reviewer",accepted,,False,continuous,0,316,curve-uct-test-a11-000317,reviewed_visible_observation,confirmed_continuous_curve
uct-test-a11,1.0616676289241371,0.7894901948166857,0.001434130905212605,0.0011864352246585552,494,106.0,,2.5,0.5,6,,visible_pixel_support,False,visible_candidate,line-uct-test-a11-000318,0.06593257372261974,"example-reviewer",accepted,,False,continuous,0,317,curve-uct-test-a11-000318,reviewed_visible_observation,confirmed_continuous_curve
uct-test-a11,1.0645358907345621,0.7918630652660028,0.001434130905212605,0.0011864352246585552,495,105.0,,1.5,0.5,4,,visible_pixel_support,False,visible_candidate,line-uct-test-a11-000319,0.5860861726104929,"example-reviewer",accepted,,False,continuous,0,318,curve-uct-test-a11-000319,reviewed_visible_observation,confirmed_continuous_curve
uct-test-a11,1.067404152544987,0.7942359357153199,0.001434130905212605,0.0011864352246585552,496,104.0,,1.5,0.5,4,,visible_pixel_support,False,visible_candidate,line-uct-test-a11-000320,1.1181463908411473,"example-reviewer",accepted,,False,continuous,0,319,curve-uct-test-a11-000320,reviewed_visible_observation,confirmed_continuous_curve
uct-test-a11,1.070272414355412,0.7942359357153199,0.001434130905212605,0.0011864352246585552,497,104.0,,1.5,0.5,4,,visible_pixel_support,False,visible_candidate,line-uct-test-a11-000321,0.6621739020221895,"example-reviewer",accepted,,False,continuous,0,320,curve-uct-test-a11-000321,reviewed_visible_observation,confirmed_continuous_curve
uct-test-a11,1.0731406761658373,0.7942359357153199,0.001434130905212605,0.0011864352246585552,498,104.0,,1.5,0.5,4,,visible_pixel_support,False,visible_candidate,line-uct-test-a11-000322,0.21822937976126866,"example-reviewer",accepted,,False,continuous,0,321,curve-uct-test-a11-000322,reviewed_visible_observation,confirmed_continuous_curve
uct-test-a11,1.0760089379762623,0.7942359357153199,0.001434130905212605,0.0011864352246585552,499,104.0,,1.5,0.5,4,,visible_pixel_support,False,visible_candidate,line-uct-test-a11-000323,0.21362650233393765,"example-reviewer",accepted,,False,continuous,0,322,curve-uct-test-a11-000323,reviewed_visible_observation,confirmed_continuous_curve
uct-test-a11,1.0788771997866873,0.796608806164637,0.001434130905212605,0.0011864352246585552,500,103.0,,1.5,0.5,4,,visible_pixel_support,False,visible_candidate,line-uct-test-a11-000324,0.3666669293442055,"example-reviewer",accepted,,False,continuous,0,323,curve-uct-test-a11-000324,reviewed_visible_observation,confirmed_continuous_curve
uct-test-a11,1.0817454615971123,0.796608806164637,0.001434130905212605,0.0011864352246585552,501,103.0,,1.5,0.5,4,,visible_pixel_support,False,visible_candidate,line-uct-test-a11-000325,0.04082965159668106,"example-reviewer",accepted,,False,continuous,0,324,curve-uct-test-a11-000325,reviewed_visible_observation,confirmed_continuous_curve
uct-test-a11,1.0846137234075373,0.7989816766139541,0.001434130905212605,0.0011864352246586662,502,102.0,,2.0,0.5,5,,visible_pixel_support,False,visible_candidate,line-uct-test-a11-000326,0.5639444284510944,"example-reviewer",accepted,,False,continuous,0,325,curve-uct-test-a11-000326,reviewed_visible_observation,confirmed_continuous_curve
uct-test-a11,1.0874819852179622,0.7989816766139541,0.001434130905212605,0.0011864352246586662,503,102.0,,1.5,0.5,4,,visible_pixel_support,False,visible_candidate,line-uct-test-a11-000327,0.18104984309513839,"example-reviewer",accepted,,False,continuous,0,326,curve-uct-test-a11-000327,reviewed_visible_observation,confirmed_continuous_curve
uct-test-a11,1.0903502470283872,0.796608806164637,0.001434130905212605,0.0011864352246585552,504,103.0,,2.0,0.5,5,,visible_pixel_support,False,visible_candidate,line-uct-test-a11-000328,1.1894527340568999,"example-reviewer",accepted,,False,continuous,0,327,curve-uct-test-a11-000328,reviewed_visible_observation,confirmed_continuous_curve
uct-test-a11,1.0932185088388122,0.796608806164637,0.001434130905212605,0.0011864352246585552,505,103.0,,1.5,0.5,4,,visible_pixel_support,False,visible_candidate,line-uct-test-a11-000329,1.5475026293973428,"example-reviewer",accepted,,False,continuous,0,328,curve-uct-test-a11-000329,reviewed_visible_observation,confirmed_continuous_curve
uct-test-a11,1.0960867706492372,0.796608806164637,0.001434130905212605,0.0011864352246585552,506,103.0,,2.0,0.5,5,,visible_pixel_support,False,visible_candidate,line-uct-test-a11-000330,1.8930391693185697,"example-reviewer",accepted,,False,continuous,0,329,curve-uct-test-a11-000330,reviewed_visible_observation,confirmed_continuous_curve
uct-test-a11,1.0989550324596622,0.7942359357153199,0.001434130905212605,0.0011864352246585552,507,104.0,,1.5,0.5,4,,visible_pixel_support,False,visible_candidate,line-uct-test-a11-000331,3.2260016802129314,"example-reviewer",accepted,,False,continuous,0,330,curve-uct-test-a11-000331,reviewed_visible_observation,confirmed_continuous_curve
uct-test-a11,1.1018232942700872,0.7942359357153199,0.001434130905212605,0.0011864352246585552,508,104.0,,1.5,0.5,4,,visible_pixel_support,False,visible_candidate,line-uct-test-a11-000332,3.5463294884727787,"example-reviewer",accepted,,False,continuous,0,331,curve-uct-test-a11-000332,reviewed_visible_observation,confirmed_continuous_curve
uct-test-a11,1.1046915560805122,0.796608806164637,0.001434130905212605,0.0011864352246585552,509,103.0,,2.0,0.5,5,,visible_pixel_support,False,visible_candidate,line-uct-test-a11-000333,2.8539619204904625,"example-reviewer",accepted,,False,continuous,0,332,curve-uct-test-a11-000333,reviewed_visible_observation,confirmed_continuous_curve
uct-test-a11,1.1075598178909372,0.796608806164637,0.001434130905212605,0.0011864352246585552,510,103.0,,1.5,0.5,4,,visible_pixel_support,False,visible_candidate,line-uct-test-a11-000334,3.1488383026583335,"example-reviewer",accepted,,False,continuous,0,333,curve-uct-test-a11-000334,reviewed_visible_observation,confirmed_continuous_curve
uct-test-a11,1.1104280797013621,0.7989816766139541,0.001434130905212605,0.0011864352246586662,511,102.0,,2.0,0.5,5,,visible_pixel_support,False,visible_candidate,line-uct-test-a11-000335,2.430897961368757,"example-reviewer",accepted,,False,continuous,0,334,curve-uct-test-a11-000335,reviewed_visible_observation,confirmed_continuous_curve
uct-test-a11,1.1132963415117871,0.8013545470632712,0.001434130905212605,0.0011864352246586662,512,101.0,,2.0,0.5,5,,visible_pixel_support,False,visible_candidate,line-uct-test-a11-000336,1.7000802230140835,"example-reviewer",accepted,,False,continuous,0,335,curve-uct-test-a11-000336,reviewed_visible_observation,confirmed_continuous_curve
uct-test-a11,1.1161646033222121,0.8013545470632712,0.001434130905212605,0.0011864352246586662,513,101.0,,2.0,0.5,5,,visible_pixel_support,False,visible_candidate,line-uct-test-a11-000337,1.956324413986664,"example-reviewer",accepted,,False,continuous,0,336,curve-uct-test-a11-000337,reviewed_visible_observation,confirmed_continuous_curve
uct-test-a11,1.1190328651326371,0.8037274175125882,0.001434130905212605,0.0011864352246585552,514,100.0,,1.5,0.5,4,,visible_pixel_support,False,visible_candidate,line-uct-test-a11-000338,1.199569860678821,"example-reviewer",accepted,,False,continuous,0,337,curve-uct-test-a11-000338,reviewed_visible_observation,confirmed_continuous_curve
uct-test-a11,1.121901126943062,0.8061002879619054,0.001434130905212605,0.0011864352246585552,515,99.0,,1.5,0.5,4,,visible_pixel_support,False,visible_candidate,line-uct-test-a11-000339,0.42975588948297627,"example-reviewer",accepted,,False,continuous,0,338,curve-uct-test-a11-000339,reviewed_visible_observation,confirmed_continuous_curve
uct-test-a11,1.124769388753487,0.8061002879619054,0.001434130905212605,0.0011864352246585552,516,99.0,,1.5,0.5,4,,visible_pixel_support,False,visible_candidate,line-uct-test-a11-000340,0.6468218267914381,"example-reviewer",accepted,,False,continuous,0,339,curve-uct-test-a11-000340,reviewed_visible_observation,confirmed_continuous_curve
uct-test-a11,1.127637650563912,0.8037274175125882,0.001434130905212605,0.0011864352246585552,517,100.0,,1.5,0.5,4,,visible_pixel_support,False,visible_candidate,line-uct-test-a11-000341,1.850706998996543,"example-reviewer",accepted,,False,continuous,0,340,curve-uct-test-a11-000341,reviewed_visible_observation,confirmed_continuous_curve
uct-test-a11,1.130505912374337,0.8037274175125882,0.001434130905212605,0.0011864352246585552,518,100.0,,2.0,0.5,5,,visible_pixel_support,False,visible_candidate,line-uct-test-a11-000342,2.0413507324906988,"example-reviewer",accepted,,False,continuous,0,341,curve-uct-test-a11-000342,reviewed_visible_observation,confirmed_continuous_curve
uct-test-a11,1.133374174184762,0.8013545470632712,0.001434130905212605,0.0011864352246586662,519,101.0,,2.0,0.5,5,,visible_pixel_support,False,visible_candidate,line-uct-test-a11-000343,3.2186923536662135,"example-reviewer",accepted,,False,continuous,0,342,curve-uct-test-a11-000343,reviewed_visible_observation,confirmed_continuous_curve
uct-test-a11,1.136242435995187,0.8013545470632712,0.001434130905212605,0.0011864352246586662,520,101.0,,2.0,0.5,5,,visible_pixel_support,False,visible_candidate,line-uct-test-a11-000344,3.3826711889154666,"example-reviewer",accepted,,False,continuous,0,343,curve-uct-test-a11-000344,reviewed_visible_observation,confirmed_continuous_curve
uct-test-a11,1.139110697805612,0.8013545470632712,0.001434130905212605,0.0011864352246586662,521,101.0,,2.0,0.5,5,,visible_pixel_support,False,visible_candidate,line-uct-test-a11-000345,3.5332265646307945,"example-reviewer",accepted,,False,continuous,0,344,curve-uct-test-a11-000345,reviewed_visible_observation,confirmed_continuous_curve
uct-test-a11,1.141978959616037,0.8013545470632712,0.001434130905212605,0.0011864352246586662,522,101.0,,1.5,0.5,4,,visible_pixel_support,False,visible_candidate,line-uct-test-a11-000346,3.6702978072045482,"example-reviewer",accepted,,False,continuous,0,345,curve-uct-test-a11-000346,reviewed_visible_observation,confirmed_continuous_curve
uct-test-a11,1.144847221426462,0.8037274175125882,0.001434130905212605,0.0011864352246585552,523,100.0,,2.0,0.5,5,,visible_pixel_support,False,visible_candidate,line-uct-test-a11-000347,2.793824243029121,"example-reviewer",accepted,,False,continuous,0,346,curve-uct-test-a11-000347,reviewed_visible_observation,confirmed_continuous_curve
uct-test-a11,1.147715483236887,0.8061002879619054,0.001434130905212605,0.0011864352246585552,524,99.0,,2.5,0.5,6,,visible_pixel_support,False,visible_candidate,line-uct-test-a11-000348,1.9037451984968072,"example-reviewer",accepted,,False,continuous,0,347,curve-uct-test-a11-000348,reviewed_visible_observation,confirmed_continuous_curve
uct-test-a11,1.150583745047312,0.8084731584112225,0.001434130905212605,0.0011864352246585552,525,98.0,,2.5,0.5,6,,visible_pixel_support,False,visible_candidate,line-uct-test-a11-000349,1.0,"example-reviewer",accepted,,False,continuous,0,348,curve-uct-test-a11-000349,reviewed_visible_observation,confirmed_continuous_curve
uct-test-a11,1.153452006857737,0.8108460288605396,0.001434130905212605,0.0011864352246585552,526,97.0,,3.0,0.5,7,,visible_pixel_support,False,visible_candidate,line-uct-test-a11-000350,0.08893137004446316,"example-reviewer",accepted,,False,continuous,0,349,curve-uct-test-a11-000350,reviewed_visible_observation,confirmed_continuous_curve
uct-test-a11,1.1563202686681622,0.8132188993098567,0.001434130905212605,0.0011864352246585552,527,96.0,,3.0,0.5,7,,visible_pixel_support,False,visible_candidate,line-uct-test-a11-000351,0.8230788687276771,"example-reviewer",accepted,,False,continuous,0,350,curve-uct-test-a11-000351,reviewed_visible_observation,confirmed_continuous_curve
uct-test-a11,1.1591885304785872,0.8155917697591737,0.001434130905212605,0.0011864352246586662,528,95.0,,2.0,0.5,5,,visible_pixel_support,False,visible_candidate,line-uct-test-a11-000352,1.736032739719505,"example-reviewer",accepted,,False,continuous,0,351,curve-uct-test-a11-000352,reviewed_visible_observation,confirmed_continuous_curve
uct-test-a11,1.1620567922890122,0.8155917697591737,0.001434130905212605,0.0011864352246586662,529,95.0,,2.0,0.5,5,,visible_pixel_support,False,visible_candidate,line-uct-test-a11-000353,1.649932266334119,"example-reviewer",accepted,,False,continuous,0,352,curve-uct-test-a11-000353,reviewed_visible_observation,confirmed_continuous_curve
uct-test-a11,1.1649250540994371,0.8179646402084908,0.001434130905212605,0.0011864352246586662,530,94.0,,1.5,0.5,4,,visible_pixel_support,False,visible_candidate,line-uct-test-a11-000354,2.564779471974603,"example-reviewer",accepted,,False,continuous,0,353,curve-uct-test-a11-000354,reviewed_visible_observation,confirmed_continuous_curve
uct-test-a11,1.1677933159098621,0.8179646402084908,0.001434130905212605,0.0011864352246586662,531,94.0,,1.5,0.5,4,,visible_pixel_support,False,visible_candidate,line-uct-test-a11-000355,2.4805763800440843,"example-reviewer",accepted,,False,continuous,0,354,curve-uct-test-a11-000355,reviewed_visible_observation,confirmed_continuous_curve
uct-test-a11,1.1706615777202871,0.8179646402084908,0.001434130905212605,0.0011864352246586662,532,94.0,,1.5,0.5,4,,visible_pixel_support,False,visible_candidate,line-uct-test-a11-000356,2.3973250139456184,"example-reviewer",accepted,,False,continuous,0,355,curve-uct-test-a11-000356,reviewed_visible_observation,confirmed_continuous_curve
uct-test-a11,1.173529839530712,0.8179646402084908,0.001434130905212605,0.0011864352246586662,533,94.0,,1.5,0.5,4,,visible_pixel_support,False,visible_candidate,line-uct-test-a11-000357,2.3150273970823037,"example-reviewer",accepted,,False,continuous,0,356,curve-uct-test-a11-000357,reviewed_visible_observation,confirmed_continuous_curve
uct-test-a11,1.176398101341137,0.8179646402084908,0.001434130905212605,0.0011864352246586662,534,94.0,,1.5,0.5,4,,visible_pixel_support,False,visible_candidate,line-uct-test-a11-000358,2.233685552857267,"example-reviewer",accepted,,False,continuous,0,357,curve-uct-test-a11-000358,reviewed_visible_observation,confirmed_continuous_curve
uct-test-a11,1.179266363151562,0.8179646402084908,0.001434130905212605,0.0011864352246586662,535,94.0,,1.5,0.5,4,,visible_pixel_support,False,visible_candidate,line-uct-test-a11-000359,2.1533015046735784,"example-reviewer",accepted,,False,continuous,0,358,curve-uct-test-a11-000359,reviewed_visible_observation,confirmed_continuous_curve
uct-test-a11,1.182134624961987,0.8179646402084908,0.001434130905212605,0.0011864352246586662,536,94.0,,1.5,0.5,4,,visible_pixel_support,False,visible_candidate,line-uct-test-a11-000360,2.073877275934322,"example-reviewer",accepted,,False,continuous,0,359,curve-uct-test-a11-000360,reviewed_visible_observation,confirmed_continuous_curve
uct-test-a11,1.185002886772412,0.8179646402084908,0.001434130905212605,0.0011864352246586662,537,94.0,,1.5,0.5,4,,visible_pixel_support,False,visible_candidate,line-uct-test-a11-000361,1.9954148900426105,"example-reviewer",accepted,,False,continuous,0,360,curve-uct-test-a11-000361,reviewed_visible_observation,confirmed_continuous_curve
uct-test-a11,1.187871148582837,0.8179646402084908,0.001434130905212605,0.0011864352246586662,538,94.0,,2.0,0.5,5,,visible_pixel_support,False,visible_candidate,line-uct-test-a11-000362,1.9179163704015423,"example-reviewer",accepted,,False,continuous,0,361,curve-uct-test-a11-000362,reviewed_visible_observation,confirmed_continuous_curve
uct-test-a11,1.190739410393262,0.8179646402084908,0.001434130905212605,0.0011864352246586662,539,94.0,,2.0,0.5,5,,visible_pixel_support,False,visible_candidate,line-uct-test-a11-000363,1.8413837404142015,"example-reviewer",accepted,,False,continuous,0,362,curve-uct-test-a11-000363,reviewed_visible_observation,confirmed_continuous_curve
uct-test-a11,1.193607672203687,0.8179646402084908,0.001434130905212605,0.0011864352246586662,540,94.0,,2.0,0.5,5,,visible_pixel_support,False,visible_candidate,line-uct-test-a11-000364,1.7658190234836724,"example-reviewer",accepted,,False,continuous,0,363,curve-uct-test-a11-000364,reviewed_visible_observation,confirmed_continuous_curve
uct-test-a11,1.196475934014112,0.8179646402084908,0.001434130905212605,0.0011864352246586662,541,94.0,,2.0,0.5,5,,visible_pixel_support,False,visible_candidate,line-uct-test-a11-000365,1.6912242430130675,"example-reviewer",accepted,,False,continuous,0,364,curve-uct-test-a11-000365,reviewed_visible_observation,confirmed_continuous_curve
uct-test-a11,1.199344195824537,0.8179646402084908,0.001434130905212605,0.0011864352246586662,542,94.0,,2.0,0.5,5,,visible_pixel_support,False,visible_candidate,line-uct-test-a11-000366,1.6176014224054711,"example-reviewer",accepted,,False,continuous,0,365,curve-uct-test-a11-000366,reviewed_visible_observation,confirmed_continuous_curve
uct-test-a11,1.202212457634962,0.8179646402084908,0.001434130905212605,0.0011864352246586662,543,94.0,,1.5,0.5,4,,visible_pixel_support,False,visible_candidate,line-uct-test-a11-000367,1.5449525850639816,"example-reviewer",accepted,,False,continuous,0,366,curve-uct-test-a11-000367,reviewed_visible_observation,confirmed_continuous_curve
uct-test-a11,1.205080719445387,0.8203375106578079,0.001434130905212605,0.0011864352246585552,544,93.0,,1.5,0.5,4,,visible_pixel_support,False,visible_candidate,line-uct-test-a11-000368,2.4732797543916973,"example-reviewer",accepted,,False,continuous,0,367,curve-uct-test-a11-000368,reviewed_visible_observation,confirmed_continuous_curve
uct-test-a11,1.207948981255812,0.8203375106578079,0.001434130905212605,0.0011864352246585552,545,93.0,,1.5,0.5,4,,visible_pixel_support,False,visible_candidate,line-uct-test-a11-000369,2.4025849537916883,"example-reviewer",accepted,,False,continuous,0,368,curve-uct-test-a11-000369,reviewed_visible_observation,confirmed_continuous_curve
uct-test-a11,1.210817243066237,0.8203375106578079,0.001434130905212605,0.0011864352246585552,546,93.0,,1.5,0.5,4,,visible_pixel_support,False,visible_candidate,line-uct-test-a11-000370,2.3328702066670814,"example-reviewer",accepted,,False,continuous,0,369,curve-uct-test-a11-000370,reviewed_visible_observation,confirmed_continuous_curve
uct-test-a11,1.213685504876662,0.8203375106578079,0.001434130905212605,0.0011864352246585552,547,93.0,,1.5,0.5,4,,visible_pixel_support,False,visible_candidate,line-uct-test-a11-000371,2.264137536420961,"example-reviewer",accepted,,False,continuous,0,370,curve-uct-test-a11-000371,reviewed_visible_observation,confirmed_continuous_curve
uct-test-a11,1.216553766687087,0.8179646402084908,0.001434130905212605,0.0011864352246586662,548,94.0,,2.0,0.5,5,,visible_pixel_support,False,visible_candidate,line-uct-test-a11-000372,1.1963889664564107,"example-reviewer",accepted,,False,continuous,0,371,curve-uct-test-a11-000372,reviewed_visible_observation,confirmed_continuous_curve
uct-test-a11,1.219422028497512,0.8179646402084908,0.001434130905212605,0.0011864352246586662,549,94.0,,1.5,0.5,4,,visible_pixel_support,False,visible_candidate,line-uct-test-a11-000373,1.1296265201765436,"example-reviewer",accepted,,False,continuous,0,372,curve-uct-test-a11-000373,reviewed_visible_observation,confirmed_continuous_curve
uct-test-a11,1.222290290307937,0.8179646402084908,0.001434130905212605,0.0011864352246586662,550,94.0,,1.5,0.5,4,,visible_pixel_support,False,visible_candidate,line-uct-test-a11-000374,1.0638522209844155,"example-reviewer",accepted,,False,continuous,0,373,curve-uct-test-a11-000374,reviewed_visible_observation,confirmed_continuous_curve
uct-test-a11,1.2251585521183619,0.8179646402084908,0.001434130905212605,0.0011864352246586662,551,94.0,,1.5,0.5,4,,visible_pixel_support,False,visible_candidate,line-uct-test-a11-000375,0.9990680922831956,"example-reviewer",accepted,,False,continuous,0,374,curve-uct-test-a11-000375,reviewed_visible_observation,confirmed_continuous_curve
uct-test-a11,1.2280268139287869,0.8155917697591737,0.001434130905212605,0.0011864352246586662,552,95.0,,1.5,0.5,4,,visible_pixel_support,False,visible_candidate,line-uct-test-a11-000376,0.06472384252410279,"example-reviewer",accepted,,False,continuous,0,375,curve-uct-test-a11-000376,reviewed_visible_observation,confirmed_continuous_curve
uct-test-a11,1.2308950757392119,0.8155917697591737,0.001434130905212605,0.0011864352246586662,553,95.0,,1.5,0.5,4,,visible_pixel_support,False,visible_candidate,line-uct-test-a11-000377,0.1275215600343529,"example-reviewer",accepted,,False,continuous,0,376,curve-uct-test-a11-000377,reviewed_visible_observation,confirmed_continuous_curve
uct-test-a11,1.2337633375496369,0.8155917697591737,0.001434130905212605,0.0011864352246586662,554,95.0,,2.0,0.5,5,,visible_pixel_support,False,visible_candidate,line-uct-test-a11-000378,0.1893230368444705,"example-reviewer",accepted,,False,continuous,0,377,curve-uct-test-a11-000378,reviewed_visible_observation,confirmed_continuous_curve
uct-test-a11,1.236631599360062,0.8155917697591737,0.001434130905212605,0.0011864352246586662,555,95.0,,2.0,0.5,5,,visible_pixel_support,False,visible_candidate,line-uct-test-a11-000379,0.250126249551343,"example-reviewer",accepted,,False,continuous,0,378,curve-uct-test-a11-000379,reviewed_visible_observation,confirmed_continuous_curve
uct-test-a11,1.239499861170487,0.8155917697591737,0.001434130905212605,0.0011864352246586662,556,95.0,,2.0,0.5,5,,visible_pixel_support,False,visible_candidate,line-uct-test-a11-000380,0.3099291747519004,"example-reviewer",accepted,,False,continuous,0,379,curve-uct-test-a11-000380,reviewed_visible_observation,confirmed_continuous_curve
uct-test-a11,1.242368122980912,0.8155917697591737,0.001434130905212605,0.0011864352246586662,557,95.0,,2.0,0.5,5,,visible_pixel_support,False,visible_candidate,line-uct-test-a11-000381,0.3687297890429875,"example-reviewer",accepted,,False,continuous,0,380,curve-uct-test-a11-000381,reviewed_visible_observation,confirmed_continuous_curve
uct-test-a11,1.245236384791337,0.8155917697591737,0.001434130905212605,0.0011864352246586662,558,95.0,,2.0,0.5,5,,visible_pixel_support,False,visible_candidate,line-uct-test-a11-000382,0.4265260690216053,"example-reviewer",accepted,,False,continuous,0,381,curve-uct-test-a11-000382,reviewed_visible_observation,confirmed_continuous_curve
uct-test-a11,1.248104646601762,0.8155917697591737,0.001434130905212605,0.0011864352246586662,559,95.0,,2.0,0.5,5,,visible_pixel_support,False,visible_candidate,line-uct-test-a11-000383,0.48331599128457015,"example-reviewer",accepted,,False,continuous,0,382,curve-uct-test-a11-000383,reviewed_visible_observation,confirmed_continuous_curve
uct-test-a11,1.250972908412187,0.8179646402084908,0.001434130905212605,0.0011864352246586662,560,94.0,,1.5,0.5,4,,visible_pixel_support,False,visible_candidate,line-uct-test-a11-000384,0.4609024675711453,"example-reviewer",accepted,,False,continuous,0,383,curve-uct-test-a11-000384,reviewed_visible_observation,confirmed_continuous_curve
uct-test-a11,1.253841170222612,0.8179646402084908,0.001434130905212605,0.0011864352246586662,561,94.0,,1.5,0.5,4,,visible_pixel_support,False,visible_candidate,line-uct-test-a11-000385,0.40613133094869625,"example-reviewer",accepted,,False,continuous,0,384,curve-uct-test-a11-000385,reviewed_visible_observation,confirmed_continuous_curve
uct-test-a11,1.256709432033037,0.8179646402084908,0.001434130905212605,0.0011864352246586662,562,94.0,,1.5,0.5,4,,visible_pixel_support,False,visible_candidate,line-uct-test-a11-000386,0.3523726222511243,"example-reviewer",accepted,,False,continuous,0,385,curve-uct-test-a11-000386,reviewed_visible_observation,confirmed_continuous_curve
uct-test-a11,1.259577693843462,0.8179646402084908,0.001434130905212605,0.0011864352246586662,563,94.0,,1.5,0.5,4,,visible_pixel_support,False,visible_candidate,line-uct-test-a11-000387,0.2996283648815421,"example-reviewer",accepted,,False,continuous,0,386,curve-uct-test-a11-000387,reviewed_visible_observation,confirmed_continuous_curve
uct-test-a11,1.262445955653887,0.8179646402084908,0.001434130905212605,0.0011864352246586662,564,94.0,,1.5,0.5,4,,visible_pixel_support,False,visible_candidate,line-uct-test-a11-000388,0.247900582243048,"example-reviewer",accepted,,False,continuous,0,387,curve-uct-test-a11-000388,reviewed_visible_observation,confirmed_continuous_curve
uct-test-a11,1.265314217464312,0.8179646402084908,0.001434130905212605,0.0011864352246586662,565,94.0,,1.5,0.5,4,,visible_pixel_support,False,visible_candidate,line-uct-test-a11-000389,0.19719129773872623,"example-reviewer",accepted,,False,continuous,0,388,curve-uct-test-a11-000389,reviewed_visible_observation,confirmed_continuous_curve
uct-test-a11,1.268182479274737,0.8179646402084908,0.001434130905212605,0.0011864352246586662,566,94.0,,1.5,0.5,4,,visible_pixel_support,False,visible_candidate,line-uct-test-a11-000390,0.1475025347716894,"example-reviewer",accepted,,False,continuous,0,389,curve-uct-test-a11-000390,reviewed_visible_observation,confirmed_continuous_curve
uct-test-a11,1.271050741085162,0.8179646402084908,0.001434130905212605,0.0011864352246586662,567,94.0,,1.5,0.5,4,,visible_pixel_support,False,visible_candidate,line-uct-test-a11-000391,0.09883631674502169,"example-reviewer",accepted,,False,continuous,0,390,curve-uct-test-a11-000391,reviewed_visible_observation,confirmed_continuous_curve
uct-test-a11,1.273919002895587,0.8179646402084908,0.001434130905212605,0.0011864352246586662,568,94.0,,1.5,0.5,4,,visible_pixel_support,False,visible_candidate,line-uct-test-a11-000392,0.05119466706180731,"example-reviewer",accepted,,False,continuous,0,391,curve-uct-test-a11-000392,reviewed_visible_observation,confirmed_continuous_curve
uct-test-a11,1.276787264706012,0.8179646402084908,0.001434130905212605,0.0011864352246586662,569,94.0,,1.5,0.5,4,,visible_pixel_support,False,visible_candidate,line-uct-test-a11-000393,0.004579609125158868,"example-reviewer",accepted,,False,continuous,0,392,curve-uct-test-a11-000393,reviewed_visible_observation,confirmed_continuous_curve
uct-test-a11,1.2796555265164369,0.8179646402084908,0.001434130905212605,0.0011864352246586662,570,94.0,,1.5,0.5,4,,visible_pixel_support,False,visible_candidate,line-uct-test-a11-000394,0.04100683366183944,"example-reviewer",accepted,,False,continuous,0,393,curve-uct-test-a11-000394,reviewed_visible_observation,confirmed_continuous_curve
uct-test-a11,1.2825237883268619,0.8179646402084908,0.001434130905212605,0.0011864352246586662,571,94.0,,1.5,0.5,4,,visible_pixel_support,False,visible_candidate,line-uct-test-a11-000395,0.08556263789610341,"example-reviewer",accepted,,False,continuous,0,394,curve-uct-test-a11-000395,reviewed_visible_observation,confirmed_continuous_curve
uct-test-a11,1.2853920501372869,0.8179646402084908,0.001434130905212605,0.0011864352246586662,572,94.0,,1.5,0.5,4,,visible_pixel_support,False,visible_candidate,line-uct-test-a11-000396,0.12908578017450623,"example-reviewer",accepted,,False,continuous,0,395,curve-uct-test-a11-000396,reviewed_visible_observation,confirmed_continuous_curve
uct-test-a11,1.2882603119477118,0.8179646402084908,0.001434130905212605,0.0011864352246586662,573,94.0,,1.5,0.5,4,,visible_pixel_support,False,visible_candidate,line-uct-test-a11-000397,0.1715742370939921,"example-reviewer",accepted,,False,continuous,0,396,curve-uct-test-a11-000397,reviewed_visible_observation,confirmed_continuous_curve
uct-test-a11,1.2911285737581368,0.8179646402084908,0.001434130905212605,0.0011864352246586662,574,94.0,,1.5,0.5,4,,visible_pixel_support,False,visible_candidate,line-uct-test-a11-000398,0.21302598525144845,"example-reviewer",accepted,,False,continuous,0,397,curve-uct-test-a11-000398,reviewed_visible_observation,confirmed_continuous_curve
uct-test-a11,1.2939968355685618,0.8179646402084908,0.001434130905212605,0.0011864352246586662,575,94.0,,2.0,0.5,5,,visible_pixel_support,False,visible_candidate,line-uct-test-a11-000399,0.25343900124377683,"example-reviewer",accepted,,False,continuous,0,398,curve-uct-test-a11-000399,reviewed_visible_observation,confirmed_continuous_curve
uct-test-a11,1.2968650973789868,0.8179646402084908,0.001434130905212605,0.0011864352246586662,576,94.0,,1.5,0.5,4,,visible_pixel_support,False,visible_candidate,line-uct-test-a11-000400,0.29281126166787885,"example-reviewer",accepted,,False,continuous,0,399,curve-uct-test-a11-000400,reviewed_visible_observation,confirmed_continuous_curve
uct-test-a11,1.2997333591894118,0.8155917697591737,0.001434130905212605,0.0011864352246586662,577,95.0,,2.0,0.5,5,,visible_pixel_support,False,visible_candidate,line-uct-test-a11-000401,1.3311407431206845,"example-reviewer",accepted,,False,continuous,0,400,curve-uct-test-a11-000401,reviewed_visible_observation,confirmed_continuous_curve
uct-test-a11,1.3026016209998368,0.8155917697591737,0.001434130905212605,0.0011864352246586662,578,95.0,,2.0,0.5,5,,visible_pixel_support,False,visible_candidate,line-uct-test-a11-000402,1.3684254221990813,"example-reviewer",accepted,,False,continuous,0,401,curve-uct-test-a11-000402,reviewed_visible_observation,confirmed_continuous_curve
uct-test-a11,1.3054698828102618,0.8179646402084908,0.001434130905212605,0.0011864352246586662,579,94.0,,1.5,0.5,4,,visible_pixel_support,False,visible_candidate,line-uct-test-a11-000403,0.4046632754999848,"example-reviewer",accepted,,False,continuous,0,402,curve-uct-test-a11-000403,reviewed_visible_observation,confirmed_continuous_curve
uct-test-a11,1.3083381446206868,0.8179646402084908,0.001434130905212605,0.0011864352246586662,580,94.0,,2.0,0.5,5,,visible_pixel_support,False,visible_candidate,line-uct-test-a11-000404,0.4398522796202826,"example-reviewer",accepted,,False,continuous,0,403,curve-uct-test-a11-000404,reviewed_visible_observation,confirmed_continuous_curve
uct-test-a11,1.3112064064311117,0.8179646402084908,0.001434130905212605,0.0011864352246586662,581,94.0,,1.5,0.5,4,,visible_pixel_support,False,visible_candidate,line-uct-test-a11-000405,0.47399041115689045,"example-reviewer",accepted,,False,continuous,0,404,curve-uct-test-a11-000405,reviewed_visible_observation,confirmed_continuous_curve
uct-test-a11,1.3140746682415367,0.8203375106578079,0.001434130905212605,0.0011864352246585552,582,93.0,,1.5,0.5,4,,visible_pixel_support,False,visible_candidate,line-uct-test-a11-000406,0.4929243532932759,"example-reviewer",accepted,,False,continuous,0,405,curve-uct-test-a11-000406,reviewed_visible_observation,confirmed_continuous_curve
uct-test-a11,1.3169429300519617,0.822710381107125,0.001434130905212605,0.0011864352246585552,583,92.0,,1.5,0.5,4,,visible_pixel_support,False,visible_candidate,line-uct-test-a11-000407,1.4608940371333148,"example-reviewer",accepted,,False,continuous,0,406,curve-uct-test-a11-000407,reviewed_visible_observation,confirmed_continuous_curve
uct-test-a11,1.319811191862387,0.8250832515564421,0.001434130905212605,0.0011864352246585552,584,91.0,,1.0,0.5,3,,visible_pixel_support,False,visible_candidate,line-uct-test-a11-000408,2.429920663766339,"example-reviewer",accepted,,False,continuous,0,407,curve-uct-test-a11-000408,reviewed_visible_observation,confirmed_continuous_curve
uct-test-a11,1.322679453672812,0.8250832515564421,0.001434130905212605,0.0011864352246585552,585,91.0,,1.5,0.5,4,,visible_pixel_support,False,visible_candidate,line-uct-test-a11-000409,2.400006256595418,"example-reviewer",accepted,,False,continuous,0,408,curve-uct-test-a11-000409,reviewed_visible_observation,confirmed_continuous_curve
uct-test-a11,1.325547715483237,0.8274561220057592,0.001434130905212605,0.0011864352246585552,586,90.0,,1.0,0.5,3,,visible_pixel_support,False,visible_candidate,line-uct-test-a11-000410,3.371152839023665,"example-reviewer",accepted,,False,continuous,0,409,curve-uct-test-a11-000410,reviewed_visible_observation,confirmed_continuous_curve
uct-test-a11,1.328415977293662,0.8274561220057592,0.001434130905212605,0.0011864352246585552,587,90.0,,1.5,0.5,4,,visible_pixel_support,False,visible_candidate,line-uct-test-a11-000411,3.34336243445415,"example-reviewer",accepted,,False,continuous,0,410,curve-uct-test-a11-000411,reviewed_visible_observation,confirmed_continuous_curve
uct-test-a11,1.3312842391040869,0.8274561220057592,0.001434130905212605,0.0011864352246585552,588,90.0,,1.5,0.5,4,,visible_pixel_support,False,visible_candidate,line-uct-test-a11-000412,3.3166370662900135,"example-reviewer",accepted,,False,continuous,0,411,curve-uct-test-a11-000412,reviewed_visible_observation,confirmed_continuous_curve
uct-test-a11,1.3341525009145119,0.8274561220057592,0.001434130905212605,0.0011864352246585552,589,90.0,,1.5,0.5,4,,visible_pixel_support,False,visible_candidate,line-uct-test-a11-000413,3.2909787579342975,"example-reviewer",accepted,,False,continuous,0,412,curve-uct-test-a11-000413,reviewed_visible_observation,confirmed_continuous_curve
uct-test-a11,1.3370207627249369,0.8274561220057592,0.001434130905212605,0.0011864352246585552,590,90.0,,1.5,0.5,4,,visible_pixel_support,False,visible_candidate,line-uct-test-a11-000414,3.2663895327901287,"example-reviewer",accepted,,False,continuous,0,413,curve-uct-test-a11-000414,reviewed_visible_observation,confirmed_continuous_curve
uct-test-a11,1.3398890245353618,0.8274561220057592,0.001434130905212605,0.0011864352246585552,591,90.0,,1.5,0.5,4,,visible_pixel_support,False,visible_candidate,line-uct-test-a11-000415,3.242871414260577,"example-reviewer",accepted,,False,continuous,0,414,curve-uct-test-a11-000415,reviewed_visible_observation,confirmed_continuous_curve
uct-test-a11,1.3427572863457868,0.8274561220057592,0.001434130905212605,0.0011864352246585552,592,90.0,,1.5,0.5,4,,visible_pixel_support,False,visible_candidate,line-uct-test-a11-000416,3.2204264257487694,"example-reviewer",accepted,,False,continuous,0,415,curve-uct-test-a11-000416,reviewed_visible_observation,confirmed_continuous_curve
uct-test-a11,1.3456255481562118,0.8274561220057592,0.001434130905212605,0.0011864352246585552,593,90.0,,1.5,0.5,4,,visible_pixel_support,False,visible_candidate,line-uct-test-a11-000417,3.1990565906577615,"example-reviewer",accepted,,False,continuous,0,416,curve-uct-test-a11-000417,reviewed_visible_observation,confirmed_continuous_curve
uct-test-a11,1.3484938099666368,0.8274561220057592,0.001434130905212605,0.0011864352246585552,594,90.0,,1.5,0.5,4,,visible_pixel_support,False,visible_candidate,line-uct-test-a11-000418,3.1787639323906802,"example-reviewer",accepted,,False,continuous,0,417,curve-uct-test-a11-000418,reviewed_visible_observation,confirmed_continuous_curve
uct-test-a11,1.3513620717770618,0.8274561220057592,0.001434130905212605,0.0011864352246585552,595,90.0,,1.5,0.5,4,,visible_pixel_support,False,visible_candidate,line-uct-test-a11-000419,3.1595504743505956,"example-reviewer",accepted,,False,continuous,0,418,curve-uct-test-a11-000419,reviewed_visible_observation,confirmed_continuous_curve
uct-test-a11,1.3542303335874868,0.8274561220057592,0.001434130905212605,0.0011864352246585552,596,90.0,,1.5,0.5,4,,visible_pixel_support,False,visible_candidate,line-uct-test-a11-000420,3.1414182399406343,"example-reviewer",accepted,,False,continuous,0,419,curve-uct-test-a11-000420,reviewed_visible_observation,confirmed_continuous_curve
uct-test-a11,1.3570985953979118,0.8274561220057592,0.001434130905212605,0.0011864352246585552,597,90.0,,1.5,0.5,4,,visible_pixel_support,False,visible_candidate,line-uct-test-a11-000421,3.1243692525638522,"example-reviewer",accepted,,False,continuous,0,420,curve-uct-test-a11-000421,reviewed_visible_observation,confirmed_continuous_curve
uct-test-a11,1.3599668572083368,0.8274561220057592,0.001434130905212605,0.0011864352246585552,598,90.0,,1.5,0.5,4,,visible_pixel_support,False,visible_candidate,line-uct-test-a11-000422,3.108405535623376,"example-reviewer",accepted,,False,continuous,0,421,curve-uct-test-a11-000422,reviewed_visible_observation,confirmed_continuous_curve
uct-test-a11,1.3628351190187618,0.8250832515564421,0.001434130905212605,0.0011864352246585552,599,91.0,,2.0,0.5,5,,visible_pixel_support,False,visible_candidate,line-uct-test-a11-000423,2.093529112522276,"example-reviewer",accepted,,False,continuous,0,422,curve-uct-test-a11-000423,reviewed_visible_observation,confirmed_continuous_curve
uct-test-a11,1.3657033808291867,0.8250832515564421,0.001434130905212605,0.0011864352246585552,600,91.0,,1.5,0.5,4,,visible_pixel_support,False,visible_candidate,line-uct-test-a11-000424,2.0797420066636505,"example-reviewer",accepted,,False,continuous,0,423,curve-uct-test-a11-000424,reviewed_visible_observation,confirmed_continuous_curve
uct-test-a11,1.3685716426396117,0.8250832515564421,0.001434130905212605,0.0011864352246585552,601,91.0,,1.5,0.5,4,,visible_pixel_support,False,visible_candidate,line-uct-test-a11-000425,2.067046241450612,"example-reviewer",accepted,,False,continuous,0,424,curve-uct-test-a11-000425,reviewed_visible_observation,confirmed_continuous_curve
uct-test-a11,1.3714399044500367,0.8274561220057592,0.001434130905212605,0.0011864352246585552,602,90.0,,1.5,0.5,4,,visible_pixel_support,False,visible_candidate,line-uct-test-a11-000426,3.0554438402862445,"example-reviewer",accepted,,False,continuous,0,425,curve-uct-test-a11-000426,reviewed_visible_observation,confirmed_continuous_curve
uct-test-a11,1.3743081662604617,0.8274561220057592,0.001434130905212605,0.0011864352246585552,603,90.0,,1.5,0.5,4,,visible_pixel_support,False,visible_candidate,line-uct-test-a11-000427,3.0449368265736183,"example-reviewer",accepted,,False,continuous,0,426,curve-uct-test-a11-000427,reviewed_visible_observation,confirmed_continuous_curve
uct-test-a11,1.3771764280708867,0.8274561220057592,0.001434130905212605,0.0011864352246585552,604,90.0,,1.5,0.5,4,,visible_pixel_support,False,visible_candidate,line-uct-test-a11-000428,3.0355272237158744,"example-reviewer",accepted,,False,continuous,0,427,curve-uct-test-a11-000428,reviewed_visible_observation,confirmed_continuous_curve
uct-test-a11,1.3800446898813117,0.8274561220057592,0.001434130905212605,0.0011864352246585552,605,90.0,,1.5,0.5,4,,visible_pixel_support,False,visible_candidate,line-uct-test-a11-000429,3.0272170551160684,"example-reviewer",accepted,,False,continuous,0,428,curve-uct-test-a11-000429,reviewed_visible_observation,confirmed_continuous_curve
uct-test-a11,1.3829129516917367,0.8274561220057592,0.001434130905212605,0.0011864352246585552,606,90.0,,1.5,0.5,4,,visible_pixel_support,False,visible_candidate,line-uct-test-a11-000430,3.020008344177313,"example-reviewer",accepted,,False,continuous,0,429,curve-uct-test-a11-000430,reviewed_visible_observation,confirmed_continuous_curve
uct-test-a11,1.3857812135021617,0.8274561220057592,0.001434130905212605,0.0011864352246585552,607,90.0,,1.5,0.5,4,,visible_pixel_support,False,visible_candidate,line-uct-test-a11-000431,3.0139031143026926,"example-reviewer",accepted,,False,continuous,0,430,curve-uct-test-a11-000431,reviewed_visible_observation,confirmed_continuous_curve
uct-test-a11,1.3886494753125866,0.8250832515564421,0.001434130905212605,0.0011864352246585552,608,91.0,,2.0,0.5,5,,visible_pixel_support,False,visible_candidate,line-uct-test-a11-000432,2.0089033888953054,"example-reviewer",accepted,,False,continuous,0,431,curve-uct-test-a11-000432,reviewed_visible_observation,confirmed_continuous_curve
uct-test-a11,1.3915177371230116,0.8250832515564421,0.001434130905212605,0.0011864352246585552,609,91.0,,1.5,0.5,4,,visible_pixel_support,False,visible_candidate,line-uct-test-a11-000433,2.00501119135825,"example-reviewer",accepted,,False,continuous,0,432,curve-uct-test-a11-000433,reviewed_visible_observation,confirmed_continuous_curve
uct-test-a11,1.3943859989334366,0.8250832515564421,0.001434130905212605,0.0011864352246585552,610,91.0,,1.5,0.5,4,,visible_pixel_support,False,visible_candidate,line-uct-test-a11-000434,2.0022285450946242,"example-reviewer",accepted,,False,continuous,0,433,curve-uct-test-a11-000434,reviewed_visible_observation,confirmed_continuous_curve
uct-test-a11,1.3972542607438616,0.822710381107125,0.001434130905212605,0.0011864352246585552,611,92.0,,1.5,0.5,4,,visible_pixel_support,False,visible_candidate,line-uct-test-a11-000435,1.0005574735074987,"example-reviewer",accepted,,False,continuous,0,434,curve-uct-test-a11-000435,reviewed_visible_observation,confirmed_continuous_curve
uct-test-a11,1.4001225225542868,0.822710381107125,0.001434130905212605,0.0011864352246585552,612,92.0,,1.5,0.5,4,,visible_pixel_support,False,visible_candidate,line-uct-test-a11-000436,1.0,"example-reviewer",accepted,,False,continuous,0,435,curve-uct-test-a11-000436,reviewed_visible_observation,confirmed_continuous_curve
uct-test-a11,1.4029907843647118,0.822710381107125,0.001434130905212605,0.0011864352246585552,613,92.0,,1.5,0.5,4,,visible_pixel_support,False,visible_candidate,line-uct-test-a11-000437,1.0460002275830789,"example-reviewer",accepted,,False,continuous,0,436,curve-uct-test-a11-000437,reviewed_visible_observation,confirmed_continuous_curve
uct-test-a11,1.4058590461751368,0.822710381107125,0.001434130905212605,0.0011864352246585552,614,92.0,,2.0,0.5,5,,visible_pixel_support,False,visible_candidate,line-uct-test-a11-000438,1.1816112881201661,"example-reviewer",accepted,,False,continuous,0,437,curve-uct-test-a11-000438,reviewed_visible_observation,confirmed_continuous_curve
uct-test-a11,1.4087273079855618,0.8203375106578079,0.001434130905212605,0.0011864352246585552,615,93.0,,2.0,0.5,5,,visible_pixel_support,False,visible_candidate,line-uct-test-a11-000439,0.40324874829312307,"example-reviewer",accepted,,False,continuous,0,438,curve-uct-test-a11-000439,reviewed_visible_observation,confirmed_continuous_curve
uct-test-a11,1.4115955697959868,0.8179646402084908,0.001434130905212605,0.0011864352246586662,616,94.0,,2.5,0.5,6,,visible_pixel_support,False,visible_candidate,line-uct-test-a11-000440,0.2926718252162033,"example-reviewer",accepted,,False,continuous,0,439,curve-uct-test-a11-000440,reviewed_visible_observation,confirmed_continuous_curve
uct-test-a11,1.4144638316064118,0.8179646402084908,0.001434130905212605,0.0011864352246586662,617,94.0,,2.0,0.5,5,,visible_pixel_support,False,visible_candidate,line-uct-test-a11-000441,0.09026513427401994,"example-reviewer",accepted,,False,continuous,0,440,curve-uct-test-a11-000441,reviewed_visible_observation,confirmed_continuous_curve
uct-test-a11,1.4173320934168367,0.8155917697591737,0.001434130905212605,0.0011864352246586662,618,95.0,,2.0,0.5,5,,visible_pixel_support,False,visible_candidate,line-uct-test-a11-000442,0.45152480655440286,"example-reviewer",accepted,,False,continuous,0,441,curve-uct-test-a11-000442,reviewed_visible_observation,confirmed_continuous_curve
uct-test-a11,1.4202003552272617,0.8155917697591737,0.001434130905212605,0.0011864352246586662,619,95.0,,2.0,0.5,5,,visible_pixel_support,False,visible_candidate,line-uct-test-a11-000443,0.07837391898041801,"example-reviewer",accepted,,False,continuous,0,442,curve-uct-test-a11-000443,reviewed_visible_observation,confirmed_continuous_curve
uct-test-a11,1.4230686170376867,0.8155917697591737,0.001434130905212605,0.0011864352246586662,620,95.0,,2.0,0.5,5,,visible_pixel_support,False,visible_candidate,line-uct-test-a11-000444,0.6763768775603154,"example-reviewer",accepted,,False,continuous,0,443,curve-uct-test-a11-000444,reviewed_visible_observation,confirmed_continuous_curve
uct-test-a11,1.4259368788481117,0.8155917697591737,0.001434130905212605,0.0011864352246586662,621,95.0,,1.5,0.5,4,,visible_pixel_support,False,visible_candidate,line-uct-test-a11-000445,1.3388996358670937,"example-reviewer",accepted,,False,continuous,0,444,curve-uct-test-a11-000445,reviewed_visible_observation,confirmed_continuous_curve
uct-test-a11,1.4288051406585367,0.8155917697591737,0.001434130905212605,0.0011864352246586662,622,95.0,,1.5,0.5,4,,visible_pixel_support,False,visible_candidate,line-uct-test-a11-000446,2.062357760582614,"example-reviewer",accepted,,False,continuous,0,445,curve-uct-test-a11-000446,reviewed_visible_observation,confirmed_continuous_curve
uct-test-a11,1.4316734024689617,0.8155917697591737,0.001434130905212605,0.0011864352246586662,623,95.0,,1.5,0.5,4,,visible_pixel_support,False,visible_candidate,line-uct-test-a11-000447,2.8431668183887098,"example-reviewer",accepted,,False,continuous,0,446,curve-uct-test-a11-000447,reviewed_visible_observation,confirmed_continuous_curve
uct-test-a11,1.4345416642793867,0.8155917697591737,0.001434130905212605,0.0011864352246586662,624,95.0,,1.5,0.5,4,,visible_pixel_support,False,visible_candidate,line-uct-test-a11-000448,3.6777423759672274,"example-reviewer",accepted,,False,continuous,0,447,curve-uct-test-a11-000448,reviewed_visible_observation,confirmed_continuous_curve
uct-test-a11,1.4374099260898117,0.8155917697591737,0.001434130905212605,0.0011864352246586662,625,95.0,,1.5,0.5,4,,visible_pixel_support,False,visible_candidate,line-uct-test-a11-000449,4.5625,"example-reviewer",accepted,,False,continuous,0,448,curve-uct-test-a11-000449,reviewed_visible_observation,confirmed_continuous_curve
uct-test-a11,1.4402781879002367,0.8132188993098567,0.001434130905212605,0.0011864352246585552,626,96.0,,2.0,0.5,5,,visible_pixel_support,False,visible_candidate,line-uct-test-a11-000450,4.49385525716886,"example-reviewer",accepted,,False,continuous,0,449,curve-uct-test-a11-000450,reviewed_visible_observation,confirmed_continuous_curve
uct-test-a11,1.4431464497106616,0.8084731584112225,0.001434130905212605,0.0011864352246585552,627,98.0,,2.5,0.5,6,,visible_pixel_support,False,visible_candidate,line-uct-test-a11-000451,3.4682237141556698,"example-reviewer",accepted,,False,continuous,0,450,curve-uct-test-a11-000451,reviewed_visible_observation,confirmed_continuous_curve
uct-test-a11,1.4460147115210866,0.8037274175125882,0.001434130905212605,0.0011864352246585552,628,100.0,,3.0,0.5,7,,visible_pixel_support,False,visible_candidate,line-uct-test-a11-000452,2.4820209376422326,"example-reviewer",accepted,,False,continuous,0,451,curve-uct-test-a11-000452,reviewed_visible_observation,confirmed_continuous_curve
uct-test-a11,1.4488829733315116,0.8013545470632712,0.001434130905212605,0.0011864352246586662,629,101.0,,3.5,0.5,8,,visible_pixel_support,False,visible_candidate,line-uct-test-a11-000453,2.5316624943104244,"example-reviewer",accepted,,False,continuous,0,452,curve-uct-test-a11-000453,reviewed_visible_observation,confirmed_continuous_curve
uct-test-a11,1.4517512351419366,0.796608806164637,0.001434130905212605,0.0011864352246585552,630,103.0,,3.5,0.5,8,,visible_pixel_support,False,visible_candidate,line-uct-test-a11-000454,1.6135639508420638,"example-reviewer",accepted,,False,continuous,0,453,curve-uct-test-a11-000454,reviewed_visible_observation,confirmed_continuous_curve
uct-test-a11,1.4546194969523616,0.7942359357153199,0.001434130905212605,0.0011864352246585552,631,104.0,,3.5,0.5,8,,visible_pixel_support,False,visible_candidate,line-uct-test-a11-000455,1.7241408739189694,"example-reviewer",accepted,,False,continuous,0,454,curve-uct-test-a11-000455,reviewed_visible_observation,confirmed_continuous_curve
uct-test-a11,1.4574877587627866,0.7918630652660028,0.001434130905212605,0.0011864352246585552,632,105.0,,3.0,0.5,7,,visible_pixel_support,False,visible_candidate,line-uct-test-a11-000456,1.859808830223045,"example-reviewer",accepted,,False,continuous,0,455,curve-uct-test-a11-000456,reviewed_visible_observation,confirmed_continuous_curve
uct-test-a11,1.4603560205732116,0.7871173243673686,0.001434130905212605,0.0011864352246585552,633,107.0,,3.0,0.5,7,,visible_pixel_support,False,visible_candidate,line-uct-test-a11-000457,1.0169833864360527,"example-reviewer",accepted,,False,continuous,0,456,curve-uct-test-a11-000457,reviewed_visible_observation,confirmed_continuous_curve
uct-test-a11,1.4632242823836366,0.7847444539180515,0.001434130905212605,0.0011864352246586662,634,108.0,,2.5,0.5,6,,visible_pixel_support,False,visible_candidate,line-uct-test-a11-000458,1.1920801092398676,"example-reviewer",accepted,,False,continuous,0,457,curve-uct-test-a11-000458,reviewed_visible_observation,confirmed_continuous_curve
uct-test-a11,1.4660925441940615,0.7823715834687344,0.001434130905212605,0.0011864352246586662,635,109.0,,2.5,0.5,6,,visible_pixel_support,False,visible_candidate,line-uct-test-a11-000459,1.381514565316337,"example-reviewer",accepted,,False,continuous,0,458,curve-uct-test-a11-000459,reviewed_visible_observation,confirmed_continuous_curve
uct-test-a11,1.4689608060044865,0.7799987130194173,0.001434130905212605,0.0011864352246586662,636,110.0,,2.0,0.5,5,,visible_pixel_support,False,visible_candidate,line-uct-test-a11-000460,1.5817023213472936,"example-reviewer",accepted,,False,continuous,0,459,curve-uct-test-a11-000460,reviewed_visible_observation,confirmed_continuous_curve
uct-test-a11,1.4718290678149115,0.7776258425701001,0.001434130905212605,0.0011864352246586662,637,111.0,,2.5,0.5,6,,visible_pixel_support,False,visible_candidate,line-uct-test-a11-000461,1.7890589440145561,"example-reviewer",accepted,,False,continuous,0,460,curve-uct-test-a11-000461,reviewed_visible_observation,confirmed_continuous_curve
uct-test-a11,1.4746973296253365,0.772880101671466,0.001434130905212605,0.0011864352246585552,638,113.0,,3.0,0.5,7,,visible_pixel_support,False,visible_candidate,line-uct-test-a11-000462,1.0,"example-reviewer",accepted,,False,continuous,0,461,curve-uct-test-a11-000462,reviewed_visible_observation,confirmed_continuous_curve
uct-test-a11,1.4775655914357615,0.7705072312221489,0.001434130905212605,0.0011864352246585552,639,114.0,,3.0,0.5,7,,visible_pixel_support,False,visible_candidate,line-uct-test-a11-000463,1.2109410559854439,"example-reviewer",accepted,,False,continuous,0,462,curve-uct-test-a11-000463,reviewed_visible_observation,confirmed_continuous_curve
uct-test-a11,1.4804338532461865,0.7657614903235148,0.001434130905212605,0.0011864352246586662,640,116.0,,3.0,0.5,7,,visible_pixel_support,False,visible_candidate,line-uct-test-a11-000464,0.4182976786527206,"example-reviewer",accepted,,False,continuous,0,463,curve-uct-test-a11-000464,reviewed_visible_observation,confirmed_continuous_curve
uct-test-a11,1.4833021150566117,0.7633886198741977,0.001434130905212605,0.0011864352246586662,641,117.0,,3.0,0.5,7,,visible_pixel_support,False,visible_candidate,line-uct-test-a11-000465,0.618485434683663,"example-reviewer",accepted,,False,continuous,0,464,curve-uct-test-a11-000465,reviewed_visible_observation,confirmed_continuous_curve
uct-test-a11,1.4861703768670367,0.7610157494248806,0.001434130905212605,0.0011864352246586662,642,118.0,,1.5,0.5,4,,visible_pixel_support,False,visible_candidate,line-uct-test-a11-000466,0.8079198907601324,"example-reviewer",accepted,,False,continuous,0,465,curve-uct-test-a11-000466,reviewed_visible_observation,confirmed_continuous_curve
uct-test-a11,1.4890386386774617,0.7610157494248806,0.001434130905212605,0.0011864352246586662,643,118.0,,2.0,0.5,5,,visible_pixel_support,False,visible_candidate,line-uct-test-a11-000467,1.9830166135639473,"example-reviewer",accepted,,False,continuous,0,466,curve-uct-test-a11-000467,reviewed_visible_observation,confirmed_continuous_curve
uct-test-a11,1.4919069004878867,0.7586428789755635,0.001434130905212605,0.0011864352246585552,644,119.0,,1.5,0.5,4,,visible_pixel_support,False,visible_candidate,line-uct-test-a11-000468,2.140191169776969,"example-reviewer",accepted,,False,continuous,0,467,curve-uct-test-a11-000468,reviewed_visible_observation,confirmed_continuous_curve
uct-test-a11,1.4947751622983116,0.7562700085262464,0.001434130905212605,0.0011864352246585552,645,120.0,,2.0,0.5,5,,visible_pixel_support,False,visible_candidate,line-uct-test-a11-000469,2.2758591260810306,"example-reviewer",accepted,,False,continuous,0,468,curve-uct-test-a11-000469,reviewed_visible_observation,confirmed_continuous_curve
uct-test-a11,1.4976434241087366,0.7538971380769293,0.001434130905212605,0.0011864352246585552,646,121.0,,2.0,0.5,5,,visible_pixel_support,False,visible_candidate,line-uct-test-a11-000470,2.386436049157936,"example-reviewer",accepted,,False,continuous,0,469,curve-uct-test-a11-000470,reviewed_visible_observation,confirmed_continuous_curve
uct-test-a11,1.5005116859191616,0.7538971380769293,0.001434130905212605,0.0011864352246585552,647,121.0,,2.0,0.5,5,,visible_pixel_support,False,visible_candidate,line-uct-test-a11-000471,3.4683375056895898,"example-reviewer",accepted,,False,continuous,0,470,curve-uct-test-a11-000471,reviewed_visible_observation,confirmed_continuous_curve
uct-test-a11,1.5033799477295866,0.7515242676276122,0.001434130905212605,0.0011864352246585552,648,122.0,,2.0,0.5,5,,visible_pixel_support,False,visible_candidate,line-uct-test-a11-000472,3.5179790623577674,"example-reviewer",accepted,,False,continuous,0,471,curve-uct-test-a11-000472,reviewed_visible_observation,confirmed_continuous_curve
uct-test-a11,1.5062482095400116,0.749151397178295,0.001434130905212605,0.0011864352246586662,649,123.0,,2.0,0.5,5,,visible_pixel_support,False,visible_candidate,line-uct-test-a11-000473,3.5317762858443302,"example-reviewer",accepted,,False,continuous,0,472,curve-uct-test-a11-000473,reviewed_visible_observation,confirmed_continuous_curve
uct-test-a11,1.5091164713504366,0.7467785267289779,0.001434130905212605,0.0011864352246586662,650,124.0,,2.0,0.5,5,,visible_pixel_support,False,visible_candidate,line-uct-test-a11-000474,3.5061447428311396,"example-reviewer",accepted,,False,continuous,0,473,curve-uct-test-a11-000474,reviewed_visible_observation,confirmed_continuous_curve
uct-test-a11,1.5119847331608616,0.7444056562796608,0.001434130905212605,0.0011864352246586662,651,125.0,,2.0,0.5,5,,visible_pixel_support,False,visible_candidate,line-uct-test-a11-000475,3.4375,"example-reviewer",accepted,,False,continuous,0,474,curve-uct-test-a11-000475,reviewed_visible_observation,confirmed_continuous_curve
uct-test-a11,1.5148529949712866,0.7396599153810267,0.001434130905212605,0.0011864352246585552,652,127.0,,2.5,0.5,6,,visible_pixel_support,False,visible_candidate,line-uct-test-a11-000476,2.3222576240327726,"example-reviewer",accepted,,False,continuous,0,475,curve-uct-test-a11-000476,reviewed_visible_observation,confirmed_continuous_curve
uct-test-a11,1.5177212567817115,0.7372870449317096,0.001434130905212605,0.0011864352246585552,653,128.0,,3.0,0.5,7,,visible_pixel_support,False,visible_candidate,line-uct-test-a11-000477,2.1568331816112902,"example-reviewer",accepted,,False,continuous,0,476,curve-uct-test-a11-000477,reviewed_visible_observation,confirmed_continuous_curve
uct-test-a11,1.5205895185921365,0.7325413040330755,0.001434130905212605,0.0011864352246586662,654,130.0,,3.5,0.5,8,,visible_pixel_support,False,visible_candidate,line-uct-test-a11-000478,0.9376422394173858,"example-reviewer",accepted,,False,continuous,0,477,curve-uct-test-a11-000478,reviewed_visible_observation,confirmed_continuous_curve
uct-test-a11,1.5234577804025615,0.7301684335837584,0.001434130905212605,0.0011864352246586662,655,131.0,,3.0,0.5,7,,visible_pixel_support,False,visible_candidate,line-uct-test-a11-000479,0.6611003641329205,"example-reviewer",accepted,,False,continuous,0,478,curve-uct-test-a11-000479,reviewed_visible_observation,confirmed_continuous_curve
uct-test-a11,1.5263260422129865,0.7277955631344413,0.001434130905212605,0.0011864352246586662,656,132.0,,3.5,0.5,8,,visible_pixel_support,False,visible_candidate,line-uct-test-a11-000480,0.3236231224396988,"example-reviewer",accepted,,False,continuous,0,479,curve-uct-test-a11-000480,reviewed_visible_observation,confirmed_continuous_curve
uct-test-a11,1.5291943040234115,0.7254226926851242,0.001434130905212605,0.0011864352246586662,657,133.0,,3.0,0.5,7,,visible_pixel_support,False,visible_candidate,line-uct-test-a11-000481,0.07837391898041801,"example-reviewer",accepted,,False,continuous,0,480,curve-uct-test-a11-000481,reviewed_visible_observation,confirmed_continuous_curve
uct-test-a11,1.5320625658338365,0.723049822235807,0.001434130905212605,0.0011864352246585552,658,134.0,,2.0,0.5,5,,visible_pixel_support,False,visible_candidate,line-uct-test-a11-000482,0.5484751934456256,"example-reviewer",accepted,,False,continuous,0,481,curve-uct-test-a11-000482,reviewed_visible_observation,confirmed_continuous_curve
uct-test-a11,1.5349308276442615,0.723049822235807,0.001434130905212605,0.0011864352246585552,659,134.0,,2.0,0.5,5,,visible_pixel_support,False,visible_candidate,line-uct-test-a11-000483,0.09026513427403415,"example-reviewer",accepted,,False,continuous,0,482,curve-uct-test-a11-000483,reviewed_visible_observation,confirmed_continuous_curve
uct-test-a11,1.5377990894546865,0.723049822235807,0.001434130905212605,0.0011864352246585552,660,134.0,,2.0,0.5,5,,visible_pixel_support,False,visible_candidate,line-uct-test-a11-000484,0.2926718252162175,"example-reviewer",accepted,,False,continuous,0,483,curve-uct-test-a11-000484,reviewed_visible_observation,confirmed_continuous_curve
uct-test-a11,1.5406673512651115,0.723049822235807,0.001434130905212605,0.0011864352246585552,661,134.0,,1.5,0.5,4,,visible_pixel_support,False,visible_candidate,line-uct-test-a11-000485,0.5967512517068485,"example-reviewer",accepted,,False,continuous,0,484,curve-uct-test-a11-000485,reviewed_visible_observation,confirmed_continuous_curve
uct-test-a11,1.5435356130755364,0.7254226926851242,0.001434130905212605,0.0011864352246586662,662,133.0,,1.5,0.5,4,,visible_pixel_support,False,visible_candidate,line-uct-test-a11-000486,1.8183887118798623,"example-reviewer",accepted,,False,continuous,0,485,curve-uct-test-a11-000486,reviewed_visible_observation,confirmed_continuous_curve
uct-test-a11,1.5464038748859614,0.7254226926851242,0.001434130905212605,0.0011864352246586662,663,133.0,,2.0,0.5,5,,visible_pixel_support,False,visible_candidate,line-uct-test-a11-000487,1.9539997724169496,"example-reviewer",accepted,,False,continuous,0,486,curve-uct-test-a11-000487,reviewed_visible_observation,confirmed_continuous_curve
uct-test-a11,1.5492721366963864,0.7277955631344413,0.001434130905212605,0.0011864352246586662,664,132.0,,2.0,0.5,5,,visible_pixel_support,False,visible_candidate,line-uct-test-a11-000488,3.0,"example-reviewer",accepted,,False,continuous,0,487,curve-uct-test-a11-000488,reviewed_visible_observation,confirmed_continuous_curve
uct-test-a11,1.5521403985068114,0.7277955631344413,0.001434130905212605,0.0011864352246586662,665,132.0,,2.5,0.5,6,,visible_pixel_support,False,visible_candidate,line-uct-test-a11-000489,2.946688000000023,"example-reviewer",accepted,,False,continuous,0,488,curve-uct-test-a11-000489,reviewed_visible_observation,confirmed_continuous_curve
uct-test-a11,1.5550086603172364,0.7325413040330755,0.001434130905212605,0.0011864352246586662,666,130.0,,2.5,0.5,6,,visible_pixel_support,False,visible_candidate,line-uct-test-a11-000490,4.7911040000000185,"example-reviewer",accepted,,False,continuous,0,489,curve-uct-test-a11-000490,reviewed_visible_observation,confirmed_continuous_curve
uct-test-a11,1.5578769221276614,0.7349141744823925,0.001434130905212605,0.0011864352246585552,667,129.0,,2.5,0.5,6,,visible_pixel_support,False,visible_candidate,line-uct-test-a11-000491,5.539776000000018,"example-reviewer",accepted,,False,continuous,0,490,curve-uct-test-a11-000491,reviewed_visible_observation,confirmed_continuous_curve
uct-test-a11,1.5607451839380864,0.7372870449317096,0.001434130905212605,0.0011864352246585552,668,128.0,,2.0,0.5,5,,visible_pixel_support,False,visible_candidate,line-uct-test-a11-000492,6.199231999999995,"example-reviewer",accepted,,False,continuous,0,491,curve-uct-test-a11-000492,reviewed_visible_observation,confirmed_continuous_curve
uct-test-a11,1.5636134457485116,0.7396599153810267,0.001434130905212605,0.0011864352246585552,669,127.0,,1.5,0.5,4,,visible_pixel_support,False,visible_candidate,line-uct-test-a11-000493,6.7760000000000105,"example-reviewer",accepted,,False,continuous,0,492,curve-uct-test-a11-000493,reviewed_visible_observation,confirmed_continuous_curve
uct-test-a11,1.5664817075589366,0.7420327858303437,0.001434130905212605,0.0011864352246586662,670,126.0,,1.0,0.5,3,,visible_pixel_support,False,visible_candidate,line-uct-test-a11-000494,7.27660800000001,"example-reviewer",accepted,,False,continuous,0,493,curve-uct-test-a11-000494,reviewed_visible_observation,confirmed_continuous_curve
uct-test-a11,1.5693499693693616,0.749151397178295,0.001434130905212605,0.0011864352246586662,671,123.0,,0.5,0.5,1,,visible_pixel_support,False,visible_candidate,line-uct-test-a11-000495,9.707583999999997,"example-reviewer",accepted,,False,continuous,0,494,curve-uct-test-a11-000495,reviewed_visible_observation,confirmed_continuous_curve
uct-test-a22,0.0405664244128387,0.19864545293672886,0.001434130905212494,0.0011864352246585552,138,355.0,,0.5,0.5,1,,visible_pixel_support,True,visible_candidate,line-uct-test-a22-000001,1.0,"example-reviewer",accepted,,True,continuous,0,0,curve-uct-test-a22-000001,reviewed_visible_observation,confirmed_continuous_curve
uct-test-a22,0.04343468622326374,0.19627258248741175,0.0014341309052125495,0.0011864352246585552,139,356.0,,0.5,0.5,2,,visible_pixel_support,False,visible_candidate,line-uct-test-a22-000002,0.6071428571428896,"example-reviewer",accepted,,False,continuous,0,1,curve-uct-test-a22-000002,reviewed_visible_observation,confirmed_continuous_curve
uct-test-a22,0.04630294803368873,0.19627258248741175,0.001434130905212494,0.0011864352246585552,140,356.0,,3.0,0.5,3,,visible_pixel_support,False,visible_candidate,line-uct-test-a22-000003,1.2142857142857224,"example-reviewer",accepted,,False,continuous,0,2,curve-uct-test-a22-000003,reviewed_visible_observation,confirmed_continuous_curve
uct-test-a22,0.04917120984411372,0.19864545293672886,0.001434130905212494,0.0011864352246585552,141,355.0,,2.5,0.5,2,,visible_pixel_support,False,visible_candidate,line-uct-test-a22-000004,2.821428571428555,"example-reviewer",accepted,,False,continuous,0,3,curve-uct-test-a22-000004,reviewed_visible_observation,confirmed_continuous_curve
uct-test-a22,0.052039471654538705,0.19864545293672886,0.001434130905212494,0.0011864352246585552,142,355.0,,0.5,0.5,1,,visible_pixel_support,False,visible_candidate,line-uct-test-a22-000005,3.428571428571445,"example-reviewer",accepted,,False,continuous,0,4,curve-uct-test-a22-000005,reviewed_visible_observation,confirmed_continuous_curve
uct-test-a22,0.05490773346496369,0.19864545293672886,0.001434130905212494,0.0011864352246585552,143,355.0,,0.5,0.5,2,,visible_pixel_support,False,visible_candidate,line-uct-test-a22-000006,4.035714285714278,"example-reviewer",accepted,,False,continuous,0,5,curve-uct-test-a22-000006,reviewed_visible_observation,confirmed_continuous_curve
uct-test-a22,0.05777599527538868,0.20101832338604597,0.001434130905212494,0.0011864352246585552,144,354.0,,0.5,0.5,1,,visible_pixel_support,False,visible_candidate,line-uct-test-a22-000007,5.642857142857167,"example-reviewer",accepted,,False,continuous,0,6,curve-uct-test-a22-000007,reviewed_visible_observation,confirmed_continuous_curve
uct-test-a22,0.06064425708581367,0.20339119383536308,0.001434130905212494,0.0011864352246585552,145,353.0,,0.5,0.5,1,,visible_pixel_support,False,visible_candidate,line-uct-test-a22-000008,7.25,"example-reviewer",accepted,,False,continuous,0,7,curve-uct-test-a22-000008,reviewed_visible_observation,confirmed_continuous_curve
uct-test-a22,0.06351251889623871,0.2057640642846802,0.0014341309052125495,0.0011864352246585552,146,352.0,,0.5,0.5,2,,visible_pixel_support,False,visible_candidate,line-uct-test-a22-000009,8.857142857142776,"example-reviewer",accepted,,False,continuous,0,8,curve-uct-test-a22-000009,reviewed_visible_observation,confirmed_continuous_curve
uct-test-a22,0.0663807807066637,0.2057640642846802,0.001434130905212494,0.0011864352246585552,147,352.0,,0.5,0.5,1,,visible_pixel_support,False,visible_candidate,line-uct-test-a22-000010,9.464285714285722,"example-reviewer",accepted,,False,continuous,0,9,curve-uct-test-a22-000010,reviewed_visible_observation,confirmed_continuous_curve
uct-test-a22,0.07211730432751368,0.1796624893421921,0.001434130905212494,0.0011864352246585552,149,363.0,,0.5,0.5,2,,visible_pixel_support,False,visible_candidate,line-uct-test-a22-000011,0.3214285714285552,"example-reviewer",accepted,,True,continuous,0,10,curve-uct-test-a22-000011,reviewed_visible_observation,confirmed_continuous_curve
uct-test-a22,0.07498556613793866,0.17491674844355787,0.001434130905212494,0.0011864352246585552,150,365.0,,2.5,0.5,4,,visible_pixel_support,False,visible_candidate,line-uct-test-a22-000012,1.7142857142857224,"example-reviewer",accepted,,False,continuous,0,11,curve-uct-test-a22-000012,reviewed_visible_observation,confirmed_continuous_curve
uct-test-a22,0.07785382794836365,0.17491674844355787,0.001434130905212494,0.0011864352246585552,151,365.0,,2.0,0.5,5,,visible_pixel_support,False,visible_candidate,line-uct-test-a22-000013,1.1071428571428328,"example-reviewer",accepted,,False,continuous,0,12,curve-uct-test-a22-000013,reviewed_visible_observation,confirmed_continuous_curve
uct-test-a22,0.08072208975878864,0.17017100754492376,0.001434130905212494,0.0011864352246585552,152,367.0,,4.5,0.5,5,,visible_pixel_support,False,visible_candidate,line-uct-test-a22-000014,2.5,"example-reviewer",accepted,,False,continuous,0,13,curve-uct-test-a22-000014,reviewed_visible_observation,confirmed_continuous_curve
uct-test-a22,0.08359035156921368,0.1796624893421921,0.0014341309052125495,0.0011864352246585552,153,363.0,,3.5,0.5,3,,visible_pixel_support,False,visible_candidate,line-uct-test-a22-000015,2.107142857142833,"example-reviewer",accepted,,False,continuous,0,14,curve-uct-test-a22-000015,reviewed_visible_observation,confirmed_continuous_curve
uct-test-a22,0.08645861337963867,0.1796624893421921,0.001434130905212494,0.0011864352246585552,154,363.0,,4.5,0.5,4,,visible_pixel_support,False,visible_candidate,line-uct-test-a22-000016,2.7142857142857224,"example-reviewer",accepted,,False,continuous,0,15,curve-uct-test-a22-000016,reviewed_visible_observation,confirmed_continuous_curve
uct-test-a22,0.08932687519006366,0.17491674844355787,0.001434130905212494,0.0011864352246585552,155,365.0,,1.0,0.5,2,,visible_pixel_support,False,visible_candidate,line-uct-test-a22-000017,1.321428571428612,"example-reviewer",accepted,,False,continuous,0,16,curve-uct-test-a22-000017,reviewed_visible_observation,confirmed_continuous_curve
uct-test-a22,0.09219513700048865,0.17254387799424087,0.001434130905212494,0.0011864352246585552,156,366.0,,1.5,0.5,3,,visible_pixel_support,False,visible_candidate,line-uct-test-a22-000018,0.9285714285714448,"example-reviewer",accepted,,False,continuous,0,17,curve-uct-test-a22-000018,reviewed_visible_observation,confirmed_continuous_curve
uct-test-a22,0.09506339881091364,0.16542526664628954,0.001434130905212494,0.0011864352246585552,157,369.0,,2.0,0.5,2,,visible_pixel_support,False,visible_candidate,line-uct-test-a22-000019,1.4642857142857224,"example-reviewer",accepted,,False,continuous,0,18,curve-uct-test-a22-000019,reviewed_visible_observation,confirmed_continuous_curve
uct-test-a22,0.09793166062133862,0.1559337848490212,0.001434130905212494,0.0011864352246585552,158,373.0,,0.5,0.5,2,,visible_pixel_support,False,visible_candidate,line-uct-test-a22-000020,4.857142857142833,"example-reviewer",accepted,,False,continuous,0,19,curve-uct-test-a22-000020,reviewed_visible_observation,confirmed_continuous_curve
uct-test-a22,0.10079992243176361,0.17491674844355787,0.001434130905212494,0.0011864352246585552,159,365.0,,6.0,0.5,6,,visible_pixel_support,False,visible_candidate,line-uct-test-a22-000021,3.75,"example-reviewer",accepted,,False,continuous,0,20,curve-uct-test-a22-000021,reviewed_visible_observation,confirmed_continuous_curve
uct-test-a22,0.1036681842421886,0.1559337848490212,0.0014341309052125495,0.0011864352246585552,160,373.0,,5.5,0.5,3,,visible_pixel_support,False,visible_candidate,line-uct-test-a22-000022,3.642857142857167,"example-reviewer",accepted,,False,continuous,0,21,curve-uct-test-a22-000022,reviewed_visible_observation,confirmed_continuous_curve
uct-test-a22,0.10653644605261364,0.16305239619697243,0.001434130905212494,0.0011864352246585552,161,370.0,,0.5,0.5,1,,visible_pixel_support,False,visible_candidate,line-uct-test-a22-000023,0.03571428571433444,"example-reviewer",accepted,,False,continuous,0,22,curve-uct-test-a22-000023,reviewed_visible_observation,confirmed_continuous_curve
uct-test-a22,0.10940470786303863,0.16067952574765532,0.001434130905212494,0.0011864352246585552,162,371.0,,5.0,0.5,3,,visible_pixel_support,False,visible_candidate,line-uct-test-a22-000024,0.42857142857150166,"example-reviewer",accepted,,False,continuous,0,23,curve-uct-test-a22-000024,reviewed_visible_observation,confirmed_continuous_curve
uct-test-a22,0.11227296967346362,0.16542526664628954,0.001434130905212494,0.0011864352246585552,163,369.0,,2.0,0.5,2,,visible_pixel_support,False,visible_candidate,line-uct-test-a22-000025,2.178571428571445,"example-reviewer",accepted,,False,continuous,0,24,curve-uct-test-a22-000025,reviewed_visible_observation,confirmed_continuous_curve
uct-test-a22,0.1151412314838886,0.17254387799424087,0.001434130905212494,0.0011864352246585552,164,366.0,,1.0,0.5,2,,visible_pixel_support,False,visible_candidate,line-uct-test-a22-000026,5.785714285714278,"example-reviewer",accepted,,False,continuous,0,25,curve-uct-test-a22-000026,reviewed_visible_observation,confirmed_continuous_curve
uct-test-a22,0.1266142787255886,0.17491674844355787,0.001434130905212494,0.0011864352246585552,168,365.0,,0.5,0.5,1,,visible_pixel_support,False,visible_candidate,line-uct-test-a22-000027,9.263603327859187,"example-reviewer",accepted,,True,continuous,0,26,curve-uct-test-a22-000027,reviewed_visible_observation,confirmed_continuous_curve
uct-test-a22,0.1294825405360136,0.17491674844355787,0.001434130905212494,0.0011864352246585552,169,365.0,,0.5,0.5,1,,visible_pixel_support,False,visible_candidate,line-uct-test-a22-000028,9.928125331563479,"example-reviewer",accepted,,False,continuous,0,27,curve-uct-test-a22-000028,reviewed_visible_observation,confirmed_continuous_curve
uct-test-a22,0.17250646769238853,0.14644230305175276,0.001434130905212494,0.0011864352246585552,184,377.0,,0.5,0.5,1,,visible_pixel_support,False,visible_candidate,line-uct-test-a22-000029,8.465004774513716,"example-reviewer",accepted,,True,continuous,0,28,curve-uct-test-a22-000029,reviewed_visible_observation,confirmed_continuous_curve
uct-test-a22,0.17537472950281352,0.14406943260243565,0.001434130905212494,0.0011864352246585552,185,378.0,,0.5,0.5,1,,visible_pixel_support,False,visible_candidate,line-uct-test-a22-000030,8.076415502062048,"example-reviewer",accepted,,False,continuous,0,29,curve-uct-test-a22-000030,reviewed_visible_observation,confirmed_continuous_curve
uct-test-a22,0.1782429913132385,0.14169656215311854,0.001434130905212494,0.0011864352246585552,186,379.0,,0.5,0.5,1,,visible_pixel_support,False,visible_candidate,line-uct-test-a22-000031,7.66032217588662,"example-reviewer",accepted,,False,continuous,0,30,curve-uct-test-a22-000031,reviewed_visible_observation,confirmed_continuous_curve
uct-test-a22,0.1811112531236635,0.13932369170380143,0.001434130905212494,0.0011864352246585552,187,380.0,,0.5,0.5,1,,visible_pixel_support,False,visible_candidate,line-uct-test-a22-000032,7.2138795490506595,"example-reviewer",accepted,,False,continuous,0,31,curve-uct-test-a22-000032,reviewed_visible_observation,confirmed_continuous_curve
uct-test-a22,0.18397951493408848,0.13457795080516732,0.001434130905212494,0.0011864352246585552,188,382.0,,1.0,0.5,3,,visible_pixel_support,False,visible_candidate,line-uct-test-a22-000033,5.734242374617111,"example-reviewer",accepted,,False,continuous,0,32,curve-uct-test-a22-000033,reviewed_visible_observation,confirmed_continuous_curve
uct-test-a22,0.18684777674451347,0.13457795080516732,0.001434130905212494,0.0011864352246585552,189,382.0,,1.5,0.5,4,,visible_pixel_support,False,visible_candidate,line-uct-test-a22-000034,6.218565405649144,"example-reviewer",accepted,,False,continuous,0,33,curve-uct-test-a22-000034,reviewed_visible_observation,confirmed_continuous_curve
uct-test-a22,0.18971603855493846,0.12508646900789888,0.001434130905212494,0.0011864352246585552,190,386.0,,4.0,0.5,7,,visible_pixel_support,False,visible_candidate,line-uct-test-a22-000035,2.664003395209761,"example-reviewer",accepted,,False,continuous,0,34,curve-uct-test-a22-000035,reviewed_visible_observation,confirmed_continuous_curve
uct-test-a22,0.19258430036536345,0.11796785765994766,0.001434130905212494,0.0011864352246585552,191,389.0,,5.0,0.5,5,,visible_pixel_support,False,visible_candidate,line-uct-test-a22-000036,0.06771109636213168,"example-reviewer",accepted,,False,continuous,0,35,curve-uct-test-a22-000036,reviewed_visible_observation,confirmed_continuous_curve
uct-test-a22,0.19545256217578855,0.11559498721063055,0.001434130905212605,0.0011864352246585552,192,390.0,,3.5,0.5,4,,visible_pixel_support,False,visible_candidate,line-uct-test-a22-000037,0.5731567378307432,"example-reviewer",accepted,,False,continuous,0,36,curve-uct-test-a22-000037,reviewed_visible_observation,confirmed_continuous_curve
uct-test-a22,0.19832082398621353,0.11322211676131344,0.001434130905212494,0.0011864352246585552,193,391.0,,5.0,0.5,5,,visible_pixel_support,False,visible_candidate,line-uct-test-a22-000038,1.261445354305863,"example-reviewer",accepted,,False,continuous,0,37,curve-uct-test-a22-000038,reviewed_visible_observation,confirmed_continuous_curve
uct-test-a22,0.20118908579663852,0.10847637586267922,0.001434130905212494,0.0011864352246585552,194,393.0,,6.5,0.5,4,,visible_pixel_support,False,visible_candidate,line-uct-test-a22-000039,3.0,"example-reviewer",accepted,,False,continuous,0,38,curve-uct-test-a22-000039,reviewed_visible_observation,confirmed_continuous_curve
uct-test-a22,0.2040573476070635,0.10847637586267922,0.001434130905212494,0.0011864352246585552,195,393.0,,6.0,0.5,2,,visible_pixel_support,False,visible_candidate,line-uct-test-a22-000040,2.7659347870982174,"example-reviewer",accepted,,False,continuous,0,39,curve-uct-test-a22-000040,reviewed_visible_observation,confirmed_continuous_curve
uct-test-a22,0.2069256094174885,0.13695082125448443,0.001434130905212494,0.0011864352246585552,196,381.0,,0.5,0.5,1,,visible_pixel_support,False,visible_candidate,line-uct-test-a22-000041,9.465482904622547,"example-reviewer",accepted,,False,continuous,0,40,curve-uct-test-a22-000041,reviewed_visible_observation,confirmed_continuous_curve
uct-test-a22,0.21266213303833847,0.10847637586267922,0.001434130905212494,0.0011864352246585552,198,393.0,,0.5,0.5,1,,visible_pixel_support,False,visible_candidate,line-uct-test-a22-000042,2.079924868779642,"example-reviewer",accepted,,True,continuous,0,41,curve-uct-test-a22-000042,reviewed_visible_observation,confirmed_continuous_curve
uct-test-a22,0.21553039484876346,0.11084924631199633,0.001434130905212494,0.0011864352246585552,199,392.0,,4.5,0.5,4,,visible_pixel_support,False,visible_candidate,line-uct-test-a22-000043,0.8569006305527296,"example-reviewer",accepted,,False,continuous,0,42,curve-uct-test-a22-000043,reviewed_visible_observation,confirmed_continuous_curve
uct-test-a22,0.21839865665918845,0.11322211676131344,0.001434130905212494,0.0011864352246585552,200,391.0,,4.5,0.5,6,,visible_pixel_support,False,visible_candidate,line-uct-test-a22-000044,0.36317549319267073,"example-reviewer",accepted,,False,continuous,0,43,curve-uct-test-a22-000044,reviewed_visible_observation,confirmed_continuous_curve
uct-test-a22,0.22126691846961344,0.11559498721063055,0.001434130905212494,0.0011864352246585552,201,390.0,,4.5,0.5,6,,visible_pixel_support,False,visible_candidate,line-uct-test-a22-000045,1.5802283541314637,"example-reviewer",accepted,,False,continuous,0,44,curve-uct-test-a22-000045,reviewed_visible_observation,confirmed_continuous_curve
uct-test-a22,0.22413518028003843,0.11559498721063055,0.001434130905212494,0.0011864352246585552,202,390.0,,4.0,0.5,5,,visible_pixel_support,False,visible_candidate,line-uct-test-a22-000046,1.7941828039386678,"example-reviewer",accepted,,False,continuous,0,45,curve-uct-test-a22-000046,reviewed_visible_observation,confirmed_continuous_curve
uct-test-a22,0.22700344209046341,0.11559498721063055,0.001434130905212494,0.0011864352246585552,203,390.0,,4.0,0.5,7,,visible_pixel_support,False,visible_candidate,line-uct-test-a22-000047,2.0049636942889606,"example-reviewer",accepted,,False,continuous,0,46,curve-uct-test-a22-000047,reviewed_visible_observation,confirmed_continuous_curve
uct-test-a22,0.2298717039008884,0.11559498721063055,0.001434130905212494,0.0011864352246585552,204,390.0,,4.0,0.5,6,,visible_pixel_support,False,visible_candidate,line-uct-test-a22-000048,2.2124958768574174,"example-reviewer",accepted,,False,continuous,0,47,curve-uct-test-a22-000048,reviewed_visible_observation,confirmed_continuous_curve
uct-test-a22,0.2327399657113134,0.11322211676131344,0.001434130905212494,0.0011864352246585552,205,391.0,,2.0,0.5,4,,visible_pixel_support,False,visible_candidate,line-uct-test-a22-000049,1.4167042033188295,"example-reviewer",accepted,,False,continuous,0,48,curve-uct-test-a22-000049,reviewed_visible_observation,confirmed_continuous_curve
uct-test-a22,0.23560822752173838,0.11084924631199633,0.001434130905212605,0.0011864352246585552,206,392.0,,4.5,0.5,3,,visible_pixel_support,False,visible_candidate,line-uct-test-a22-000050,0.6175135253481585,"example-reviewer",accepted,,False,continuous,0,49,curve-uct-test-a22-000050,reviewed_visible_observation,confirmed_continuous_curve
uct-test-a22,0.23847648933216348,0.11084924631199633,0.001434130905212494,0.0011864352246585552,207,392.0,,5.0,0.5,5,,visible_pixel_support,False,visible_candidate,line-uct-test-a22-000051,0.8148486946202524,"example-reviewer",accepted,,False,continuous,0,50,curve-uct-test-a22-000051,reviewed_visible_observation,confirmed_continuous_curve
uct-test-a22,0.24134475114258847,0.10847637586267922,0.001434130905212494,0.0011864352246585552,208,393.0,,5.0,0.5,6,,visible_pixel_support,False,visible_candidate,line-uct-test-a22-000052,0.008634562810016178,"example-reviewer",accepted,,False,continuous,0,51,curve-uct-test-a22-000052,reviewed_visible_observation,confirmed_continuous_curve
uct-test-a22,0.24421301295301345,0.11084924631199633,0.001434130905212494,0.0011864352246585552,209,392.0,,4.5,0.5,7,,visible_pixel_support,False,visible_candidate,line-uct-test-a22-000053,1.1987959815924114,"example-reviewer",accepted,,False,continuous,0,52,curve-uct-test-a22-000053,reviewed_visible_observation,confirmed_continuous_curve
uct-test-a22,0.24708127476343844,0.11322211676131344,0.001434130905212494,0.0011864352246585552,210,391.0,,2.5,0.5,6,,visible_pixel_support,False,visible_candidate,line-uct-test-a22-000054,2.3852578026422293,"example-reviewer",accepted,,False,continuous,0,53,curve-uct-test-a22-000054,reviewed_visible_observation,confirmed_continuous_curve
uct-test-a22,0.24994953657386343,0.11322211676131344,0.001434130905212494,0.0011864352246585552,211,391.0,,1.5,0.5,4,,visible_pixel_support,False,visible_candidate,line-uct-test-a22-000055,2.5679448776345453,"example-reviewer",accepted,,False,continuous,0,54,curve-uct-test-a22-000055,reviewed_visible_observation,confirmed_continuous_curve
uct-test-a22,0.2528177983842884,0.11084924631199633,0.001434130905212494,0.0011864352246585552,212,392.0,,1.0,0.5,3,,visible_pixel_support,False,visible_candidate,line-uct-test-a22-000056,1.74678205824398,"example-reviewer",accepted,,False,continuous,0,55,curve-uct-test-a22-000056,reviewed_visible_observation,confirmed_continuous_curve
uct-test-a22,0.2556860601947134,0.10847637586267922,0.001434130905212494,0.0011864352246585552,213,393.0,,3.0,0.5,5,,visible_pixel_support,False,visible_candidate,line-uct-test-a22-000057,0.9216941961456087,"example-reviewer",accepted,,False,continuous,0,56,curve-uct-test-a22-000057,reviewed_visible_observation,confirmed_continuous_curve
uct-test-a22,0.2585543220051384,0.11084924631199633,0.001434130905212494,0.0011864352246585552,214,392.0,,4.5,0.5,5,,visible_pixel_support,False,visible_candidate,line-uct-test-a22-000058,2.0926061430143363,"example-reviewer",accepted,,False,continuous,0,57,curve-uct-test-a22-000058,reviewed_visible_observation,confirmed_continuous_curve
uct-test-a22,0.2614225838155634,0.10610350541336211,0.001434130905212494,0.0011864352246585552,215,394.0,,4.5,0.5,4,,visible_pixel_support,False,visible_candidate,line-uct-test-a22-000059,0.259442750525011,"example-reviewer",accepted,,False,continuous,0,58,curve-uct-test-a22-000059,reviewed_visible_observation,confirmed_continuous_curve
uct-test-a22,0.26429084562598837,0.10610350541336211,0.001434130905212494,0.0011864352246585552,216,394.0,,4.5,0.5,3,,visible_pixel_support,False,visible_candidate,line-uct-test-a22-000060,0.42212887035253743,"example-reviewer",accepted,,False,continuous,0,59,curve-uct-test-a22-000060,reviewed_visible_observation,confirmed_continuous_curve
uct-test-a22,0.26715910743641336,0.11559498721063055,0.001434130905212494,0.0011864352246585552,217,390.0,,2.5,0.5,3,,visible_pixel_support,False,visible_candidate,line-uct-test-a22-000061,4.580589354171821,"example-reviewer",accepted,,False,continuous,0,60,curve-uct-test-a22-000061,reviewed_visible_observation,confirmed_continuous_curve
uct-test-a22,0.27002736924683834,0.103730634964045,0.001434130905212494,0.0011864352246585552,218,395.0,,5.0,0.5,3,,visible_pixel_support,False,visible_candidate,line-uct-test-a22-000062,0.2652509463422348,"example-reviewer",accepted,,False,continuous,0,61,curve-uct-test-a22-000062,reviewed_visible_observation,confirmed_continuous_curve
uct-test-a22,0.27289563105726333,0.103730634964045,0.001434130905212494,0.0011864352246585552,219,395.0,,6.0,0.5,7,,visible_pixel_support,False,visible_candidate,line-uct-test-a22-000063,0.11546717951478058,"example-reviewer",accepted,,False,continuous,0,62,curve-uct-test-a22-000063,reviewed_visible_observation,confirmed_continuous_curve
uct-test-a22,0.2757638928676883,0.10847637586267922,0.001434130905212605,0.0011864352246585552,220,393.0,,5.5,0.5,8,,visible_pixel_support,False,visible_candidate,line-uct-test-a22-000064,2.029865506329088,"example-reviewer",accepted,,False,continuous,0,63,curve-uct-test-a22-000064,reviewed_visible_observation,confirmed_continuous_curve
uct-test-a22,0.2786321546781134,0.101357764514728,0.001434130905212494,0.0011864352246585552,221,396.0,,6.0,0.5,9,,visible_pixel_support,False,visible_candidate,line-uct-test-a22-000065,0.8293280371356673,"example-reviewer",accepted,,False,continuous,0,64,curve-uct-test-a22-000065,reviewed_visible_observation,confirmed_continuous_curve
uct-test-a22,0.2815004164885384,0.09898489406541089,0.001434130905212494,0.0011864352246585552,222,397.0,,7.0,0.5,5,,visible_pixel_support,False,visible_candidate,line-uct-test-a22-000066,1.6931229582341984,"example-reviewer",accepted,,False,continuous,0,65,curve-uct-test-a22-000066,reviewed_visible_observation,confirmed_continuous_curve
uct-test-a22,0.2843686782989634,0.09898489406541089,0.001434130905212494,0.0011864352246585552,223,397.0,,7.0,0.5,4,,visible_pixel_support,False,visible_candidate,line-uct-test-a22-000067,1.5615944052916575,"example-reviewer",accepted,,False,continuous,0,66,curve-uct-test-a22-000067,reviewed_visible_observation,confirmed_continuous_curve
uct-test-a22,0.2872369401093884,0.09898489406541089,0.001434130905212494,0.0011864352246585552,224,397.0,,8.0,0.5,4,,visible_pixel_support,False,visible_candidate,line-uct-test-a22-000068,1.434817526632969,"example-reviewer",accepted,,False,continuous,0,67,curve-uct-test-a22-000068,reviewed_visible_observation,confirmed_continuous_curve
uct-test-a22,0.29010520191981337,0.11084924631199633,0.001434130905212494,0.0011864352246585552,225,392.0,,8.0,0.5,3,,visible_pixel_support,False,visible_candidate,line-uct-test-a22-000069,3.6871325294165445,"example-reviewer",accepted,,False,continuous,0,68,curve-uct-test-a22-000069,reviewed_visible_observation,confirmed_continuous_curve
uct-test-a22,0.29297346373023836,0.103730634964045,0.001434130905212494,0.0011864352246585552,226,395.0,,7.5,0.5,6,,visible_pixel_support,False,visible_candidate,line-uct-test-a22-000070,0.8041806145319015,"example-reviewer",accepted,,False,continuous,0,69,curve-uct-test-a22-000070,reviewed_visible_observation,confirmed_continuous_curve
uct-test-a22,0.29584172554066335,0.101357764514728,0.001434130905212494,0.0011864352246585552,227,396.0,,6.5,0.5,6,,visible_pixel_support,False,visible_candidate,line-uct-test-a22-000071,0.08374841961199309,"example-reviewer",accepted,,False,continuous,0,70,curve-uct-test-a22-000071,reviewed_visible_observation,confirmed_continuous_curve
uct-test-a22,0.29870998735108834,0.11559498721063055,0.001434130905212494,0.0011864352246585552,228,390.0,,6.5,0.5,4,,visible_pixel_support,False,visible_candidate,line-uct-test-a22-000072,6.023270278659595,"example-reviewer",accepted,,False,continuous,0,71,curve-uct-test-a22-000072,reviewed_visible_observation,confirmed_continuous_curve
uct-test-a22,0.3015782491615133,0.09186628271745956,0.001434130905212494,0.0011864352246585552,229,400.0,,6.0,0.5,4,,visible_pixel_support,False,visible_candidate,line-uct-test-a22-000073,3.874838438978202,"example-reviewer",accepted,,False,continuous,0,72,curve-uct-test-a22-000073,reviewed_visible_observation,confirmed_continuous_curve
uct-test-a22,0.3044465109719383,0.09423915316677667,0.001434130905212494,0.0011864352246585552,230,399.0,,5.0,0.5,2,,visible_pixel_support,False,visible_candidate,line-uct-test-a22-000074,2.7781497208505925,"example-reviewer",accepted,,False,continuous,0,73,curve-uct-test-a22-000074,reviewed_visible_observation,confirmed_continuous_curve
uct-test-a22,0.3073147727823633,0.11084924631199633,0.001434130905212494,0.0011864352246585552,231,392.0,,4.5,0.5,5,,visible_pixel_support,False,visible_candidate,line-uct-test-a22-000075,4.313261284717214,"example-reviewer",accepted,,False,continuous,0,74,curve-uct-test-a22-000075,reviewed_visible_observation,confirmed_continuous_curve
uct-test-a22,0.3101830345927883,0.101357764514728,0.001434130905212494,0.0011864352246585552,232,396.0,,4.0,0.5,6,,visible_pixel_support,False,visible_candidate,line-uct-test-a22-000076,0.3993194294002933,"example-reviewer",accepted,,False,continuous,0,75,curve-uct-test-a22-000076,reviewed_visible_observation,confirmed_continuous_curve
uct-test-a22,0.3130512964032133,0.101357764514728,0.001434130905212494,0.0011864352246585552,233,396.0,,4.0,0.5,6,,visible_pixel_support,False,visible_candidate,line-uct-test-a22-000077,0.47994956487343643,"example-reviewer",accepted,,False,continuous,0,76,curve-uct-test-a22-000077,reviewed_visible_observation,confirmed_continuous_curve
uct-test-a22,0.31591955821363826,0.101357764514728,0.001434130905212494,0.0011864352246585552,234,396.0,,4.0,0.5,5,,visible_pixel_support,False,visible_candidate,line-uct-test-a22-000078,0.5550765428115483,"example-reviewer",accepted,,False,continuous,0,77,curve-uct-test-a22-000078,reviewed_visible_observation,confirmed_continuous_curve
uct-test-a22,0.31878782002406336,0.103730634964045,0.001434130905212605,0.0011864352246585552,235,395.0,,4.0,0.5,4,,visible_pixel_support,False,visible_candidate,line-uct-test-a22-000079,1.6246252148895337,"example-reviewer",accepted,,False,continuous,0,78,curve-uct-test-a22-000079,reviewed_visible_observation,confirmed_continuous_curve
uct-test-a22,0.32165608183448835,0.103730634964045,0.001434130905212494,0.0011864352246585552,236,395.0,,4.0,0.5,4,,visible_pixel_support,False,visible_candidate,line-uct-test-a22-000080,1.6885204327822976,"example-reviewer",accepted,,False,continuous,0,79,curve-uct-test-a22-000080,reviewed_visible_observation,confirmed_continuous_curve
uct-test-a22,0.32452434364491334,0.103730634964045,0.001434130905212494,0.0011864352246585552,237,395.0,,4.0,0.5,4,,visible_pixel_support,False,visible_candidate,line-uct-test-a22-000081,1.7466870481648016,"example-reviewer",accepted,,False,continuous,0,80,curve-uct-test-a22-000081,reviewed_visible_observation,confirmed_continuous_curve
uct-test-a22,0.3273926054553383,0.09898489406541089,0.001434130905212494,0.0011864352246585552,238,397.0,,3.5,0.5,3,,visible_pixel_support,False,visible_candidate,line-uct-test-a22-000082,0.2009500872881631,"example-reviewer",accepted,,False,continuous,0,81,curve-uct-test-a22-000082,reviewed_visible_observation,confirmed_continuous_curve
uct-test-a22,0.3302608672657633,0.101357764514728,0.001434130905212494,0.0011864352246585552,239,396.0,,3.5,0.5,4,,visible_pixel_support,False,visible_candidate,line-uct-test-a22-000083,0.8455338780983084,"example-reviewer",accepted,,False,continuous,0,82,curve-uct-test-a22-000083,reviewed_visible_observation,confirmed_continuous_curve
uct-test-a22,0.3331291290761883,0.101357764514728,0.001434130905212494,0.0011864352246585552,240,396.0,,3.5,0.5,4,,visible_pixel_support,False,visible_candidate,line-uct-test-a22-000084,0.8860637959991209,"example-reviewer",accepted,,False,continuous,0,83,curve-uct-test-a22-000084,reviewed_visible_observation,confirmed_continuous_curve
uct-test-a22,0.3359973908866133,0.09898489406541089,0.001434130905212494,0.0011864352246585552,241,397.0,,3.5,0.5,3,,visible_pixel_support,False,visible_candidate,line-uct-test-a22-000085,0.07943548191076388,"example-reviewer",accepted,,False,continuous,0,84,curve-uct-test-a22-000085,reviewed_visible_observation,confirmed_continuous_curve
uct-test-a22,0.3388656526970383,0.103730634964045,0.001434130905212494,0.0011864352246585552,242,395.0,,3.5,0.5,4,,visible_pixel_support,False,visible_candidate,line-uct-test-a22-000086,1.948960896043502,"example-reviewer",accepted,,False,continuous,0,85,curve-uct-test-a22-000086,reviewed_visible_observation,confirmed_continuous_curve
uct-test-a22,0.34173391450746327,0.103730634964045,0.001434130905212494,0.0011864352246585552,243,395.0,,2.5,0.5,3,,visible_pixel_support,False,visible_candidate,line-uct-test-a22-000087,1.9711777815368237,"example-reviewer",accepted,,False,continuous,0,86,curve-uct-test-a22-000087,reviewed_visible_observation,confirmed_continuous_curve
uct-test-a22,0.34460217631788825,0.103730634964045,0.001434130905212494,0.0011864352246585552,244,395.0,,3.0,0.5,3,,visible_pixel_support,False,visible_candidate,line-uct-test-a22-000088,1.9871400262440488,"example-reviewer",accepted,,False,continuous,0,87,curve-uct-test-a22-000088,reviewed_visible_observation,confirmed_continuous_curve
uct-test-a22,0.34747043812831324,0.103730634964045,0.001434130905212494,0.0011864352246585552,245,395.0,,5.5,0.5,4,,visible_pixel_support,False,visible_candidate,line-uct-test-a22-000089,1.9967724818401962,"example-reviewer",accepted,,False,continuous,0,88,curve-uct-test-a22-000089,reviewed_visible_observation,confirmed_continuous_curve
uct-test-a22,0.35033869993873823,0.103730634964045,0.001434130905212494,0.0011864352246585552,246,395.0,,5.5,0.5,5,,visible_pixel_support,False,visible_candidate,line-uct-test-a22-000090,2.0,"example-reviewer",accepted,,False,continuous,0,89,curve-uct-test-a22-000090,reviewed_visible_observation,confirmed_continuous_curve
uct-test-a22,0.3532069617491632,0.103730634964045,0.001434130905212494,0.0011864352246585552,247,395.0,,5.5,0.5,4,,visible_pixel_support,False,visible_candidate,line-uct-test-a22-000091,1.995489090399758,"example-reviewer",accepted,,False,continuous,0,90,curve-uct-test-a22-000091,reviewed_visible_observation,confirmed_continuous_curve
uct-test-a22,0.3560752235595882,0.09661202361609378,0.001434130905212494,0.0011864352246585552,248,398.0,,6.0,0.5,5,,visible_pixel_support,False,visible_candidate,line-uct-test-a22-000092,1.0179595986843992,"example-reviewer",accepted,,False,continuous,0,91,curve-uct-test-a22-000092,reviewed_visible_observation,confirmed_continuous_curve
uct-test-a22,0.3589434853700133,0.09423915316677667,0.001434130905212605,0.0011864352246585552,249,399.0,,7.0,0.5,7,,visible_pixel_support,False,visible_candidate,line-uct-test-a22-000093,2.0402200076777603,"example-reviewer",accepted,,False,continuous,0,92,curve-uct-test-a22-000093,reviewed_visible_observation,confirmed_continuous_curve
uct-test-a22,0.3618117471804383,0.103730634964045,0.001434130905212494,0.0011864352246585552,250,395.0,,7.5,0.5,6,,visible_pixel_support,False,visible_candidate,line-uct-test-a22-000094,1.928833922994727,"example-reviewer",accepted,,False,continuous,0,93,curve-uct-test-a22-000094,reviewed_visible_observation,confirmed_continuous_curve
uct-test-a22,0.3646800089908633,0.09186628271745956,0.001434130905212494,0.0011864352246585552,251,400.0,,5.5,0.5,5,,visible_pixel_support,False,visible_candidate,line-uct-test-a22-000095,3.11067174709234,"example-reviewer",accepted,,False,continuous,0,94,curve-uct-test-a22-000095,reviewed_visible_observation,confirmed_continuous_curve
uct-test-a22,0.36754827080128827,0.11084924631199633,0.001434130905212494,0.0011864352246585552,252,392.0,,6.0,0.5,3,,visible_pixel_support,False,visible_candidate,line-uct-test-a22-000096,4.841389041635978,"example-reviewer",accepted,,False,continuous,0,95,curve-uct-test-a22-000096,reviewed_visible_observation,confirmed_continuous_curve
uct-test-a22,0.37041653261171326,0.101357764514728,0.001434130905212494,0.0011864352246585552,253,396.0,,8.5,0.5,7,,visible_pixel_support,False,visible_candidate,line-uct-test-a22-000097,0.7851423487545048,"example-reviewer",accepted,,False,continuous,0,96,curve-uct-test-a22-000097,reviewed_visible_observation,confirmed_continuous_curve
uct-test-a22,0.37328479442213824,0.101357764514728,0.001434130905212494,0.0011864352246585552,254,396.0,,8.5,0.5,10,,visible_pixel_support,False,visible_candidate,line-uct-test-a22-000098,0.7207142338378958,"example-reviewer",accepted,,False,continuous,0,97,curve-uct-test-a22-000098,reviewed_visible_observation,confirmed_continuous_curve
uct-test-a22,0.37615305623256323,0.103730634964045,0.001434130905212494,0.0011864352246585552,255,395.0,,8.5,0.5,9,,visible_pixel_support,False,visible_candidate,line-uct-test-a22-000099,1.6482307564612597,"example-reviewer",accepted,,False,continuous,0,98,curve-uct-test-a22-000099,reviewed_visible_observation,confirmed_continuous_curve
uct-test-a22,0.3790213180429882,0.103730634964045,0.001434130905212494,0.0011864352246585552,256,395.0,,8.5,0.5,7,,visible_pixel_support,False,visible_candidate,line-uct-test-a22-000100,1.5678179761991942,"example-reviewer",accepted,,False,continuous,0,99,curve-uct-test-a22-000100,reviewed_visible_observation,confirmed_continuous_curve
uct-test-a22,0.3818895798534132,0.10610350541336211,0.001434130905212494,0.0011864352246585552,257,394.0,,8.0,0.5,6,,visible_pixel_support,False,visible_candidate,line-uct-test-a22-000101,2.479601952626524,"example-reviewer",accepted,,False,continuous,0,100,curve-uct-test-a22-000101,reviewed_visible_observation,confirmed_continuous_curve
uct-test-a22,0.3847578416638382,0.103730634964045,0.001434130905212494,0.0011864352246585552,258,395.0,,8.0,0.5,6,,visible_pixel_support,False,visible_candidate,line-uct-test-a22-000102,1.383708745318188,"example-reviewer",accepted,,False,continuous,0,101,curve-uct-test-a22-000102,reviewed_visible_observation,confirmed_continuous_curve
uct-test-a22,0.3876261034742632,0.10610350541336211,0.001434130905212494,0.0011864352246585552,259,394.0,,6.0,0.5,6,,visible_pixel_support,False,visible_candidate,line-uct-test-a22-000103,2.2802644138488404,"example-reviewer",accepted,,False,continuous,0,102,curve-uct-test-a22-000103,reviewed_visible_observation,confirmed_continuous_curve
uct-test-a22,0.39049436528468817,0.103730634964045,0.001434130905212494,0.0011864352246585552,260,395.0,,5.5,0.5,5,,visible_pixel_support,False,visible_candidate,line-uct-test-a22-000104,1.1693950177935903,"example-reviewer",accepted,,False,continuous,0,103,curve-uct-test-a22-000104,reviewed_visible_observation,confirmed_continuous_curve
uct-test-a22,0.39336262709511316,0.09661202361609378,0.001434130905212494,0.0011864352246585552,261,398.0,,4.5,0.5,5,,visible_pixel_support,False,visible_candidate,line-uct-test-a22-000105,1.9487733832730214,"example-reviewer",accepted,,False,continuous,0,104,curve-uct-test-a22-000105,reviewed_visible_observation,confirmed_continuous_curve
uct-test-a22,0.39623088890553815,0.103730634964045,0.001434130905212494,0.0011864352246585552,262,395.0,,6.0,0.5,4,,visible_pixel_support,False,visible_candidate,line-uct-test-a22-000106,0.9258852702240006,"example-reviewer",accepted,,False,continuous,0,105,curve-uct-test-a22-000106,reviewed_visible_observation,confirmed_continuous_curve
uct-test-a22,0.39909915071596314,0.09898489406541089,0.001434130905212605,0.0011864352246585552,263,397.0,,1.5,0.5,3,,visible_pixel_support,False,visible_candidate,line-uct-test-a22-000107,1.2065029621406325,"example-reviewer",accepted,,False,continuous,0,106,curve-uct-test-a22-000107,reviewed_visible_observation,confirmed_continuous_curve
uct-test-a22,0.40196741252638823,0.101357764514728,0.001434130905212494,0.0011864352246585552,264,396.0,,4.5,0.5,5,,visible_pixel_support,False,visible_candidate,line-uct-test-a22-000108,0.34581202079203877,"example-reviewer",accepted,,False,continuous,0,107,curve-uct-test-a22-000108,reviewed_visible_observation,confirmed_continuous_curve
uct-test-a22,0.4048356743368132,0.103730634964045,0.001434130905212494,0.0011864352246585552,265,395.0,,4.0,0.5,4,,visible_pixel_support,False,visible_candidate,line-uct-test-a22-000109,0.5080841538445497,"example-reviewer",accepted,,False,continuous,0,108,curve-uct-test-a22-000109,reviewed_visible_observation,confirmed_continuous_curve
uct-test-a22,0.4077039361472382,0.103730634964045,0.001434130905212494,0.0011864352246585552,266,395.0,,4.5,0.5,3,,visible_pixel_support,False,visible_candidate,line-uct-test-a22-000110,0.35531162134401484,"example-reviewer",accepted,,False,continuous,0,109,curve-uct-test-a22-000110,reviewed_visible_observation,confirmed_continuous_curve
uct-test-a22,0.4105721979576632,0.103730634964045,0.001434130905212494,0.0011864352246585552,267,395.0,,3.5,0.5,3,,visible_pixel_support,False,visible_candidate,line-uct-test-a22-000111,0.1959964412811246,"example-reviewer",accepted,,False,continuous,0,110,curve-uct-test-a22-000111,reviewed_visible_observation,confirmed_continuous_curve
uct-test-a22,0.4134404597680882,0.103730634964045,0.001434130905212494,0.0011864352246585552,268,395.0,,3.5,0.5,3,,visible_pixel_support,False,visible_candidate,line-uct-test-a22-000112,0.030264673230817607,"example-reviewer",accepted,,False,continuous,0,111,curve-uct-test-a22-000112,reviewed_visible_observation,confirmed_continuous_curve
uct-test-a22,0.4163087215785132,0.103730634964045,0.001434130905212494,0.0011864352246585552,269,395.0,,4.5,0.5,3,,visible_pixel_support,False,visible_candidate,line-uct-test-a22-000113,0.14175762323230856,"example-reviewer",accepted,,False,continuous,0,112,curve-uct-test-a22-000113,reviewed_visible_observation,confirmed_continuous_curve
uct-test-a22,0.41917698338893816,0.101357764514728,0.001434130905212494,0.0011864352246585552,270,396.0,,4.0,0.5,5,,visible_pixel_support,False,visible_candidate,line-uct-test-a22-000114,1.3199443885332585,"example-reviewer",accepted,,False,continuous,0,113,curve-uct-test-a22-000114,reviewed_visible_observation,confirmed_continuous_curve
uct-test-a22,0.42204524519936315,0.103730634964045,0.001434130905212494,0.0011864352246585552,271,395.0,,6.0,0.5,6,,visible_pixel_support,False,visible_candidate,line-uct-test-a22-000115,0.504169563097264,"example-reviewer",accepted,,False,continuous,0,114,curve-uct-test-a22-000115,reviewed_visible_observation,confirmed_continuous_curve
uct-test-a22,0.42491350700978814,0.11322211676131344,0.001434130905212494,0.0011864352246585552,272,391.0,,6.0,0.5,4,,visible_pixel_support,False,visible_candidate,line-uct-test-a22-000116,3.3056929126505565,"example-reviewer",accepted,,False,continuous,0,115,curve-uct-test-a22-000116,reviewed_visible_observation,confirmed_continuous_curve
uct-test-a22,0.4277817688202131,0.101357764514728,0.001434130905212494,0.0011864352246585552,273,396.0,,6.0,0.5,6,,visible_pixel_support,False,visible_candidate,line-uct-test-a22-000117,1.8902309017150287,"example-reviewer",accepted,,False,continuous,0,116,curve-uct-test-a22-000117,reviewed_visible_observation,confirmed_continuous_curve
uct-test-a22,0.4306500306306381,0.10610350541336211,0.001434130905212494,0.0011864352246585552,274,394.0,,6.0,0.5,4,,visible_pixel_support,False,visible_candidate,line-uct-test-a22-000118,0.09181494661919487,"example-reviewer",accepted,,False,continuous,0,117,curve-uct-test-a22-000118,reviewed_visible_observation,confirmed_continuous_curve
uct-test-a22,0.4335182924410631,0.10610350541336211,0.001434130905212494,0.0011864352246585552,275,394.0,,4.5,0.5,3,,visible_pixel_support,False,visible_candidate,line-uct-test-a22-000119,0.29893316248717383,"example-reviewer",accepted,,False,continuous,0,118,curve-uct-test-a22-000119,reviewed_visible_observation,confirmed_continuous_curve
uct-test-a22,0.4363865542514881,0.12508646900789888,0.001434130905212494,0.0011864352246585552,276,386.0,,0.5,0.5,2,,visible_pixel_support,False,visible_candidate,line-uct-test-a22-000120,7.488540510255973,"example-reviewer",accepted,,False,continuous,0,119,curve-uct-test-a22-000120,reviewed_visible_observation,confirmed_continuous_curve
uct-test-a22,0.4392548160619131,0.10847637586267922,0.001434130905212605,0.0011864352246585552,277,393.0,,6.0,0.5,3,,visible_pixel_support,False,visible_candidate,line-uct-test-a22-000121,0.27073213118495687,"example-reviewer",accepted,,False,continuous,0,120,curve-uct-test-a22-000121,reviewed_visible_observation,confirmed_continuous_curve
uct-test-a22,0.4421230778723382,0.09898489406541089,0.001434130905212494,0.0011864352246585552,278,397.0,,4.0,0.5,2,,visible_pixel_support,False,visible_candidate,line-uct-test-a22-000122,3.9522322401252836,"example-reviewer",accepted,,False,continuous,0,121,curve-uct-test-a22-000122,reviewed_visible_observation,confirmed_continuous_curve
uct-test-a22,0.44499133968276317,0.103730634964045,0.001434130905212494,0.0011864352246585552,279,395.0,,5.0,0.5,3,,visible_pixel_support,False,visible_candidate,line-uct-test-a22-000123,2.180226544100151,"example-reviewer",accepted,,False,continuous,0,122,curve-uct-test-a22-000123,reviewed_visible_observation,confirmed_continuous_curve
uct-test-a22,0.44785960149318815,0.103730634964045,0.001434130905212494,0.0011864352246585552,280,395.0,,5.5,0.5,3,,visible_pixel_support,False,visible_candidate,line-uct-test-a22-000124,2.413124721164536,"example-reviewer",accepted,,False,continuous,0,123,curve-uct-test-a22-000124,reviewed_visible_observation,confirmed_continuous_curve
uct-test-a22,0.45072786330361314,0.103730634964045,0.001434130905212494,0.0011864352246585552,281,395.0,,7.5,0.5,4,,visible_pixel_support,False,visible_candidate,line-uct-test-a22-000125,2.650800711743784,"example-reviewer",accepted,,False,continuous,0,124,curve-uct-test-a22-000125,reviewed_visible_observation,confirmed_continuous_curve
uct-test-a22,0.45359612511403813,0.10610350541336211,0.001434130905212494,0.0011864352246585552,282,394.0,,7.5,0.5,6,,visible_pixel_support,False,visible_candidate,line-uct-test-a22-000126,1.893128456263014,"example-reviewer",accepted,,False,continuous,0,125,curve-uct-test-a22-000126,reviewed_visible_observation,confirmed_continuous_curve
uct-test-a22,0.4564643869244631,0.10610350541336211,0.001434130905212494,0.0011864352246585552,283,394.0,,7.5,0.5,6,,visible_pixel_support,False,visible_candidate,line-uct-test-a22-000127,2.139981895147514,"example-reviewer",accepted,,False,continuous,0,126,curve-uct-test-a22-000127,reviewed_visible_observation,confirmed_continuous_curve
uct-test-a22,0.4593326487348881,0.11559498721063055,0.001434130905212494,0.0011864352246585552,284,390.0,,6.5,0.5,4,,visible_pixel_support,False,visible_candidate,line-uct-test-a22-000128,1.608765031177711,"example-reviewer",accepted,,False,continuous,0,127,curve-uct-test-a22-000128,reviewed_visible_observation,confirmed_continuous_curve
uct-test-a22,0.4622009105453131,0.11322211676131344,0.001434130905212494,0.0011864352246585552,285,391.0,,6.0,0.5,6,,visible_pixel_support,False,visible_candidate,line-uct-test-a22-000129,0.35323838228731574,"example-reviewer",accepted,,False,continuous,0,128,curve-uct-test-a22-000129,reviewed_visible_observation,confirmed_continuous_curve
uct-test-a22,0.4650691723557381,0.11322211676131344,0.001434130905212494,0.0011864352246585552,286,391.0,,5.0,0.5,5,,visible_pixel_support,False,visible_candidate,line-uct-test-a22-000130,0.09356421775623858,"example-reviewer",accepted,,False,continuous,0,129,curve-uct-test-a22-000130,reviewed_visible_observation,confirmed_continuous_curve
uct-test-a22,0.46793743416616307,0.101357764514728,0.001434130905212494,0.0011864352246585552,287,396.0,,1.0,0.5,3,,visible_pixel_support,False,visible_candidate,line-uct-test-a22-000131,5.170131402840752,"example-reviewer",accepted,,False,continuous,0,130,curve-uct-test-a22-000131,reviewed_visible_observation,confirmed_continuous_curve
uct-test-a22,0.47080569597658806,0.12271359855858177,0.001434130905212494,0.0011864352246585552,288,387.0,,5.5,0.5,3,,visible_pixel_support,False,visible_candidate,line-uct-test-a22-000132,3.562277580071168,"example-reviewer",accepted,,False,continuous,0,131,curve-uct-test-a22-000132,reviewed_visible_observation,confirmed_continuous_curve
uct-test-a22,0.47367395778701304,0.12271359855858177,0.001434130905212494,0.0011864352246585552,289,387.0,,5.5,0.5,5,,visible_pixel_support,False,visible_candidate,line-uct-test-a22-000133,3.2909172260668242,"example-reviewer",accepted,,False,continuous,0,132,curve-uct-test-a22-000133,reviewed_visible_observation,confirmed_continuous_curve
uct-test-a22,0.47654221959743803,0.11084924631199633,0.001434130905212494,0.0011864352246585552,290,392.0,,4.0,0.5,5,,visible_pixel_support,False,visible_candidate,line-uct-test-a22-000134,1.9840864052789584,"example-reviewer",accepted,,False,continuous,0,133,curve-uct-test-a22-000134,reviewed_visible_observation,confirmed_continuous_curve
uct-test-a22,0.479410481407863,0.127459339457216,0.001434130905212494,0.0011864352246585552,291,385.0,,1.0,0.5,3,,visible_pixel_support,False,visible_candidate,line-uct-test-a22-000135,4.737392745608702,"example-reviewer",accepted,,False,continuous,0,134,curve-uct-test-a22-000135,reviewed_visible_observation,confirmed_continuous_curve
uct-test-a22,0.4822787432182881,0.12034072810926477,0.001434130905212605,0.0011864352246585552,292,388.0,,2.5,0.5,5,,visible_pixel_support,False,visible_candidate,line-uct-test-a22-000136,1.455480738304459,"example-reviewer",accepted,,False,continuous,0,135,curve-uct-test-a22-000136,reviewed_visible_observation,confirmed_continuous_curve
uct-test-a22,0.4851470050287131,0.12271359855858177,0.001434130905212494,0.0011864352246585552,293,387.0,,1.5,0.5,2,,visible_pixel_support,False,visible_candidate,line-uct-test-a22-000137,2.170303632383309,"example-reviewer",accepted,,False,continuous,0,136,curve-uct-test-a22-000137,reviewed_visible_observation,confirmed_continuous_curve
uct-test-a22,0.4880152668391381,0.12508646900789888,0.001434130905212494,0.0011864352246585552,294,386.0,,2.0,0.5,3,,visible_pixel_support,False,visible_candidate,line-uct-test-a22-000138,2.8819874874200195,"example-reviewer",accepted,,False,continuous,0,137,curve-uct-test-a22-000138,reviewed_visible_observation,confirmed_continuous_curve
uct-test-a22,0.4908835286495631,0.12271359855858177,0.001434130905212494,0.0011864352246585552,295,387.0,,2.5,0.5,3,,visible_pixel_support,False,visible_candidate,line-uct-test-a22-000139,1.590658362989359,"example-reviewer",accepted,,False,continuous,0,138,curve-uct-test-a22-000139,reviewed_visible_observation,confirmed_continuous_curve
uct-test-a22,0.49375179045998807,0.12271359855858177,0.001434130905212494,0.0011864352246585552,296,387.0,,3.0,0.5,3,,visible_pixel_support,False,visible_candidate,line-uct-test-a22-000140,1.296442318666152,"example-reviewer",accepted,,False,continuous,0,139,curve-uct-test-a22-000140,reviewed_visible_observation,confirmed_continuous_curve
uct-test-a22,0.49662005227041306,0.12508646900789888,0.001434130905212494,0.0011864352246585552,297,386.0,,3.0,0.5,2,,visible_pixel_support,False,visible_candidate,line-uct-test-a22-000141,1.9994654140253374,"example-reviewer",accepted,,False,continuous,0,140,curve-uct-test-a22-000141,reviewed_visible_observation,confirmed_continuous_curve
uct-test-a22,0.49948831408083805,0.11559498721063055,0.001434130905212494,0.0011864352246585552,298,390.0,,5.5,0.5,5,,visible_pixel_support,False,visible_candidate,line-uct-test-a22-000142,2.3001462913584305,"example-reviewer",accepted,,False,continuous,0,141,curve-uct-test-a22-000142,reviewed_visible_observation,confirmed_continuous_curve
uct-test-a22,0.502356575891263,0.11796785765994766,0.001434130905212494,0.0011864352246585552,299,389.0,,6.0,0.5,6,,visible_pixel_support,False,visible_candidate,line-uct-test-a22-000143,1.6022667379101563,"example-reviewer",accepted,,False,continuous,0,142,curve-uct-test-a22-000143,reviewed_visible_observation,confirmed_continuous_curve
uct-test-a22,0.505224837701688,0.11796785765994766,0.001434130905212494,0.0011864352246585552,300,389.0,,6.0,0.5,5,,visible_pixel_support,False,visible_candidate,line-uct-test-a22-000144,1.9067698660552423,"example-reviewer",accepted,,False,continuous,0,143,curve-uct-test-a22-000144,reviewed_visible_observation,confirmed_continuous_curve
uct-test-a22,0.508093099512113,0.1322050803558502,0.001434130905212494,0.0011864352246585552,301,383.0,,6.0,0.5,5,,visible_pixel_support,False,visible_candidate,line-uct-test-a22-000145,3.7864703837814204,"example-reviewer",accepted,,False,continuous,0,144,curve-uct-test-a22-000145,reviewed_visible_observation,confirmed_continuous_curve
uct-test-a22,0.510961361322538,0.13932369170380143,0.001434130905212494,0.0011864352246585552,302,380.0,,1.0,0.5,2,,visible_pixel_support,False,visible_candidate,line-uct-test-a22-000146,6.477580071174373,"example-reviewer",accepted,,False,continuous,0,145,curve-uct-test-a22-000146,reviewed_visible_observation,confirmed_continuous_curve
uct-test-a22,0.513829623132963,0.1322050803558502,0.001434130905212494,0.0011864352246585552,303,383.0,,2.5,0.5,4,,visible_pixel_support,False,visible_candidate,line-uct-test-a22-000147,3.16668525569861,"example-reviewer",accepted,,False,continuous,0,146,curve-uct-test-a22-000147,reviewed_visible_observation,confirmed_continuous_curve
uct-test-a22,0.516697884943388,0.11796785765994766,0.001434130905212494,0.0011864352246585552,304,389.0,,6.5,0.5,4,,visible_pixel_support,False,visible_candidate,line-uct-test-a22-000148,3.1460880030710996,"example-reviewer",accepted,,False,continuous,0,147,curve-uct-test-a22-000148,reviewed_visible_observation,confirmed_continuous_curve
uct-test-a22,0.519566146753813,0.12034072810926477,0.001434130905212494,0.0011864352246585552,305,388.0,,6.0,0.5,4,,visible_pixel_support,False,visible_candidate,line-uct-test-a22-000149,2.4606136455599312,"example-reviewer",accepted,,False,continuous,0,148,curve-uct-test-a22-000149,reviewed_visible_observation,confirmed_continuous_curve
uct-test-a22,0.5224344085642381,0.1322050803558502,0.001434130905212605,0.0011864352246585552,306,383.0,,3.5,0.5,2,,visible_pixel_support,False,visible_candidate,line-uct-test-a22-000150,2.223234387806997,"example-reviewer",accepted,,False,continuous,0,149,curve-uct-test-a22-000150,reviewed_visible_observation,confirmed_continuous_curve
uct-test-a22,0.525302670374663,0.1322050803558502,0.001434130905212494,0.0011864352246585552,307,383.0,,3.5,0.5,2,,visible_pixel_support,False,visible_candidate,line-uct-test-a22-000151,1.9055821566043392,"example-reviewer",accepted,,False,continuous,0,150,curve-uct-test-a22-000151,reviewed_visible_observation,confirmed_continuous_curve
uct-test-a22,0.528170932185088,0.1322050803558502,0.001434130905212494,0.0011864352246585552,308,383.0,,3.5,0.5,4,,visible_pixel_support,False,visible_candidate,line-uct-test-a22-000152,1.5865557204071479,"example-reviewer",accepted,,False,continuous,0,151,curve-uct-test-a22-000152,reviewed_visible_observation,confirmed_continuous_curve
uct-test-a22,0.531039193995513,0.1322050803558502,0.001434130905212494,0.0011864352246585552,309,383.0,,6.0,0.5,4,,visible_pixel_support,False,visible_candidate,line-uct-test-a22-000153,1.2662811387900206,"example-reviewer",accepted,,False,continuous,0,152,curve-uct-test-a22-000153,reviewed_visible_observation,confirmed_continuous_curve
uct-test-a22,0.533907455805938,0.13457795080516732,0.001434130905212494,0.0011864352246585552,310,382.0,,3.0,0.5,3,,visible_pixel_support,False,visible_candidate,line-uct-test-a22-000154,1.9448844713278959,"example-reviewer",accepted,,False,continuous,0,153,curve-uct-test-a22-000154,reviewed_visible_observation,confirmed_continuous_curve
uct-test-a22,0.536775717616363,0.13932369170380143,0.001434130905212494,0.0011864352246585552,311,380.0,,1.5,0.5,3,,visible_pixel_support,False,visible_candidate,line-uct-test-a22-000155,3.6224917775956555,"example-reviewer",accepted,,False,continuous,0,154,curve-uct-test-a22-000155,reviewed_visible_observation,confirmed_continuous_curve
uct-test-a22,0.539643979426788,0.13932369170380143,0.001434130905212494,0.0011864352246585552,312,380.0,,3.5,0.5,4,,visible_pixel_support,False,visible_candidate,line-uct-test-a22-000156,3.299229117167954,"example-reviewer",accepted,,False,continuous,0,155,curve-uct-test-a22-000156,reviewed_visible_observation,confirmed_continuous_curve
uct-test-a22,0.542512241237213,0.1298322099065331,0.001434130905212494,0.0011864352246585552,313,384.0,,4.0,0.5,5,,visible_pixel_support,False,visible_candidate,line-uct-test-a22-000157,1.0247774503802702,"example-reviewer",accepted,,False,continuous,0,156,curve-uct-test-a22-000157,reviewed_visible_observation,confirmed_continuous_curve
uct-test-a22,0.545380503047638,0.14169656215311854,0.001434130905212494,0.0011864352246585552,314,379.0,,1.5,0.5,4,,visible_pixel_support,False,visible_candidate,line-uct-test-a22-000158,3.650598134525808,"example-reviewer",accepted,,False,continuous,0,157,curve-uct-test-a22-000158,reviewed_visible_observation,confirmed_continuous_curve
uct-test-a22,0.548248764858063,0.14169656215311854,0.001434130905212494,0.0011864352246585552,315,379.0,,2.0,0.5,5,,visible_pixel_support,False,visible_candidate,line-uct-test-a22-000159,3.3254819314608994,"example-reviewer",accepted,,False,continuous,0,158,curve-uct-test-a22-000159,reviewed_visible_observation,confirmed_continuous_curve
uct-test-a22,0.5511170266684879,0.14169656215311854,0.001434130905212494,0.0011864352246585552,316,379.0,,3.0,0.5,5,,visible_pixel_support,False,visible_candidate,line-uct-test-a22-000160,3.0,"example-reviewer",accepted,,False,continuous,0,159,curve-uct-test-a22-000160,reviewed_visible_observation,confirmed_continuous_curve
uct-test-a22,0.5539852884789129,0.14169656215311854,0.001434130905212494,0.0011864352246585552,317,379.0,,3.5,0.5,5,,visible_pixel_support,False,visible_candidate,line-uct-test-a22-000161,2.6753366612060177,"example-reviewer",accepted,,False,continuous,0,160,curve-uct-test-a22-000161,reviewed_visible_observation,confirmed_continuous_curve
uct-test-a22,0.5568535502893379,0.127459339457216,0.001434130905212494,0.0011864352246585552,318,385.0,,6.5,0.5,3,,visible_pixel_support,False,visible_candidate,line-uct-test-a22-000162,3.647920100051067,"example-reviewer",accepted,,False,continuous,0,161,curve-uct-test-a22-000162,reviewed_visible_observation,confirmed_continuous_curve
uct-test-a22,0.5597218120997629,0.127459339457216,0.001434130905212494,0.0011864352246585552,319,385.0,,0.5,0.5,1,,visible_pixel_support,False,visible_candidate,line-uct-test-a22-000163,3.9705387284860763,"example-reviewer",accepted,,False,continuous,0,162,curve-uct-test-a22-000163,reviewed_visible_observation,confirmed_continuous_curve
uct-test-a22,0.5625900739101879,0.1322050803558502,0.001434130905212605,0.0011864352246585552,320,383.0,,1.0,0.5,2,,visible_pixel_support,False,visible_candidate,line-uct-test-a22-000164,2.2932876688137185,"example-reviewer",accepted,,False,continuous,0,163,curve-uct-test-a22-000164,reviewed_visible_observation,confirmed_continuous_curve
uct-test-a22,0.565458335720613,0.1322050803558502,0.001434130905212494,0.0011864352246585552,321,383.0,,1.0,0.5,2,,visible_pixel_support,False,visible_candidate,line-uct-test-a22-000165,2.616935365748816,"example-reviewer",accepted,,False,continuous,0,164,curve-uct-test-a22-000165,reviewed_visible_observation,confirmed_continuous_curve
uct-test-a22,0.568326597531038,0.1322050803558502,0.001434130905212494,0.0011864352246585552,322,383.0,,3.5,0.5,3,,visible_pixel_support,False,visible_candidate,line-uct-test-a22-000166,2.942250264006077,"example-reviewer",accepted,,False,continuous,0,165,curve-uct-test-a22-000166,reviewed_visible_observation,confirmed_continuous_curve
uct-test-a22,0.571194859341463,0.14169656215311854,0.001434130905212494,0.0011864352246585552,323,379.0,,2.0,0.5,2,,visible_pixel_support,False,visible_candidate,line-uct-test-a22-000167,0.729999191699676,"example-reviewer",accepted,,False,continuous,0,166,curve-uct-test-a22-000167,reviewed_visible_observation,confirmed_continuous_curve
uct-test-a22,0.574063121151888,0.14169656215311854,0.001434130905212494,0.0011864352246585552,324,379.0,,0.5,0.5,2,,visible_pixel_support,False,visible_candidate,line-uct-test-a22-000168,0.3990445566536778,"example-reviewer",accepted,,False,continuous,0,167,curve-uct-test-a22-000168,reviewed_visible_observation,confirmed_continuous_curve
uct-test-a22,0.5769313829623129,0.13932369170380143,0.001434130905212494,0.0011864352246585552,325,380.0,,0.5,0.5,1,,visible_pixel_support,False,visible_candidate,line-uct-test-a22-000169,0.9358826138590643,"example-reviewer",accepted,,False,continuous,0,168,curve-uct-test-a22-000169,reviewed_visible_observation,confirmed_continuous_curve
uct-test-a22,0.5797996447727379,0.14169656215311854,0.001434130905212494,0.0011864352246585552,326,379.0,,0.5,0.5,2,,visible_pixel_support,False,visible_candidate,line-uct-test-a22-000170,0.2755507645530315,"example-reviewer",accepted,,False,continuous,0,169,curve-uct-test-a22-000170,reviewed_visible_observation,confirmed_continuous_curve
uct-test-a22,0.5826679065831629,0.14169656215311854,0.001434130905212494,0.0011864352246585552,327,379.0,,3.5,0.5,5,,visible_pixel_support,False,visible_candidate,line-uct-test-a22-000171,0.6207283401431027,"example-reviewer",accepted,,False,continuous,0,170,curve-uct-test-a22-000171,reviewed_visible_observation,confirmed_continuous_curve
uct-test-a22,0.5855361683935879,0.14406943260243565,0.001434130905212494,0.0011864352246585552,328,378.0,,3.5,0.5,5,,visible_pixel_support,False,visible_candidate,line-uct-test-a22-000172,0.027816214655899785,"example-reviewer",accepted,,False,continuous,0,171,curve-uct-test-a22-000172,reviewed_visible_observation,confirmed_continuous_curve
uct-test-a22,0.5884044302040129,0.14406943260243565,0.001434130905212494,0.0011864352246585552,329,378.0,,3.0,0.5,4,,visible_pixel_support,False,visible_candidate,line-uct-test-a22-000173,0.33068554487073243,"example-reviewer",accepted,,False,continuous,0,172,curve-uct-test-a22-000173,reviewed_visible_observation,confirmed_continuous_curve
uct-test-a22,0.5912726920144379,0.14406943260243565,0.001434130905212494,0.0011864352246585552,330,378.0,,3.5,0.5,3,,visible_pixel_support,False,visible_candidate,line-uct-test-a22-000174,0.6970020634378216,"example-reviewer",accepted,,False,continuous,0,173,curve-uct-test-a22-000174,reviewed_visible_observation,confirmed_continuous_curve
uct-test-a22,0.5970092156352879,0.13695082125448443,0.001434130905212494,0.0011864352246585552,332,381.0,,0.5,0.5,2,,visible_pixel_support,False,visible_candidate,line-uct-test-a22-000175,4.456153156552546,"example-reviewer",accepted,,True,continuous,0,174,curve-uct-test-a22-000175,reviewed_visible_observation,confirmed_continuous_curve
uct-test-a22,0.5998774774457128,0.14644230305175276,0.001434130905212494,0.0011864352246585552,333,377.0,,3.5,0.5,4,,visible_pixel_support,False,visible_candidate,line-uct-test-a22-000176,0.8505246205297681,"example-reviewer",accepted,,False,continuous,0,175,curve-uct-test-a22-000176,reviewed_visible_observation,confirmed_continuous_curve
uct-test-a22,0.6027457392561378,0.1535609143997041,0.001434130905212605,0.0011864352246585552,334,374.0,,4.0,0.5,2,,visible_pixel_support,False,visible_candidate,line-uct-test-a22-000177,1.7442153775934344,"example-reviewer",accepted,,False,continuous,0,176,curve-uct-test-a22-000177,reviewed_visible_observation,confirmed_continuous_curve
uct-test-a22,0.6056140010665629,0.1535609143997041,0.001434130905212494,0.0011864352246585552,335,374.0,,3.0,0.5,2,,visible_pixel_support,False,visible_candidate,line-uct-test-a22-000178,1.3272983931022964,"example-reviewer",accepted,,False,continuous,0,177,curve-uct-test-a22-000178,reviewed_visible_observation,confirmed_continuous_curve
uct-test-a22,0.6084822628769879,0.1559337848490212,0.001434130905212494,0.0011864352246585552,336,373.0,,8.0,0.5,4,,visible_pixel_support,False,visible_candidate,line-uct-test-a22-000179,1.8979559812820526,"example-reviewer",accepted,,False,continuous,0,178,curve-uct-test-a22-000179,reviewed_visible_observation,confirmed_continuous_curve
uct-test-a22,0.6113505246874129,0.14406943260243565,0.001434130905212494,0.0011864352246585552,337,378.0,,7.5,0.5,6,,visible_pixel_support,False,visible_candidate,line-uct-test-a22-000180,3.544580302582176,"example-reviewer",accepted,,False,continuous,0,179,curve-uct-test-a22-000180,reviewed_visible_observation,confirmed_continuous_curve
uct-test-a22,0.6142187864978379,0.14644230305175276,0.001434130905212494,0.0011864352246585552,338,377.0,,6.5,0.5,3,,visible_pixel_support,False,visible_candidate,line-uct-test-a22-000181,3.001078903205098,"example-reviewer",accepted,,False,continuous,0,180,curve-uct-test-a22-000181,reviewed_visible_observation,confirmed_continuous_curve
uct-test-a22,0.6170870483082629,0.14406943260243565,0.001434130905212494,0.0011864352246585552,339,378.0,,5.5,0.5,2,,visible_pixel_support,False,visible_candidate,line-uct-test-a22-000182,4.4723082653014785,"example-reviewer",accepted,,False,continuous,0,181,curve-uct-test-a22-000182,reviewed_visible_observation,confirmed_continuous_curve
uct-test-a22,0.6199553101186879,0.15118804395038699,0.001434130905212494,0.0011864352246585552,340,375.0,,4.5,0.5,4,,visible_pixel_support,False,visible_candidate,line-uct-test-a22-000183,1.959036833586083,"example-reviewer",accepted,,False,continuous,0,182,curve-uct-test-a22-000183,reviewed_visible_observation,confirmed_continuous_curve
uct-test-a22,0.6228235719291129,0.16305239619697243,0.001434130905212494,0.0011864352246585552,341,370.0,,3.5,0.5,4,,visible_pixel_support,False,visible_candidate,line-uct-test-a22-000184,2.5379669472262094,"example-reviewer",accepted,,False,continuous,0,183,curve-uct-test-a22-000184,reviewed_visible_observation,confirmed_continuous_curve
uct-test-a22,0.6256918337395379,0.16305239619697243,0.001434130905212494,0.0011864352246585552,342,370.0,,4.5,0.5,4,,visible_pixel_support,False,visible_candidate,line-uct-test-a22-000185,2.0179346324206904,"example-reviewer",accepted,,False,continuous,0,184,curve-uct-test-a22-000185,reviewed_visible_observation,confirmed_continuous_curve
uct-test-a22,0.6285600955499628,0.16067952574765532,0.001434130905212494,0.0011864352246585552,343,371.0,,6.0,0.5,7,,visible_pixel_support,False,visible_candidate,line-uct-test-a22-000186,0.48009777728253766,"example-reviewer",accepted,,False,continuous,0,185,curve-uct-test-a22-000186,reviewed_visible_observation,confirmed_continuous_curve
uct-test-a22,0.6314283573603878,0.16067952574765532,0.001434130905212494,0.0011864352246585552,344,371.0,,6.5,0.5,7,,visible_pixel_support,False,visible_candidate,line-uct-test-a22-000187,0.07631206290295722,"example-reviewer",accepted,,False,continuous,0,186,curve-uct-test-a22-000187,reviewed_visible_observation,confirmed_continuous_curve
uct-test-a22,0.6342966191708128,0.16305239619697243,0.001434130905212494,0.0011864352246585552,345,370.0,,6.5,0.5,4,,visible_pixel_support,False,visible_candidate,line-uct-test-a22-000188,0.34793666714938354,"example-reviewer",accepted,,False,continuous,0,187,curve-uct-test-a22-000188,reviewed_visible_observation,confirmed_continuous_curve
uct-test-a22,0.6371648809812378,0.16542526664628954,0.001434130905212494,0.0011864352246585552,346,369.0,,8.0,0.5,8,,visible_pixel_support,False,visible_candidate,line-uct-test-a22-000189,0.7520755227246809,"example-reviewer",accepted,,False,continuous,0,188,curve-uct-test-a22-000189,reviewed_visible_observation,confirmed_continuous_curve
uct-test-a22,0.6400331427916628,0.16305239619697243,0.001434130905212494,0.0011864352246585552,347,370.0,,8.0,0.5,4,,visible_pixel_support,False,visible_candidate,line-uct-test-a22-000190,0.8646639408916599,"example-reviewer",accepted,,False,continuous,0,189,curve-uct-test-a22-000190,reviewed_visible_observation,confirmed_continuous_curve
uct-test-a22,0.6429014046020878,0.16779813709560665,0.001434130905212605,0.0011864352246585552,348,368.0,,0.5,0.5,2,,visible_pixel_support,False,visible_candidate,line-uct-test-a22-000191,0.49694983158553896,"example-reviewer",accepted,,False,continuous,0,190,curve-uct-test-a22-000191,reviewed_visible_observation,confirmed_continuous_curve
uct-test-a22,0.6457696664125128,0.1559337848490212,0.001434130905212605,0.0011864352246585552,349,373.0,,1.0,0.5,2,,visible_pixel_support,False,visible_candidate,line-uct-test-a22-000192,5.163851604558658,"example-reviewer",accepted,,False,continuous,0,191,curve-uct-test-a22-000192,reviewed_visible_observation,confirmed_continuous_curve
uct-test-a22,0.6486379282229378,0.16779813709560665,0.001434130905212605,0.0011864352246585552,350,368.0,,4.0,0.5,5,,visible_pixel_support,False,visible_candidate,line-uct-test-a22-000193,0.8478366940388469,"example-reviewer",accepted,,False,continuous,0,192,curve-uct-test-a22-000193,reviewed_visible_observation,confirmed_continuous_curve
uct-test-a22,0.6515061900333627,0.17017100754492376,0.001434130905212605,0.0011864352246585552,351,367.0,,3.5,0.5,4,,visible_pixel_support,False,visible_candidate,line-uct-test-a22-000194,0.5557738815699622,"example-reviewer",accepted,,False,continuous,0,193,curve-uct-test-a22-000194,reviewed_visible_observation,confirmed_continuous_curve
uct-test-a22,0.6543744518437877,0.17254387799424087,0.001434130905212605,0.0011864352246585552,352,366.0,,3.5,0.5,5,,visible_pixel_support,False,visible_candidate,line-uct-test-a22-000195,0.2884316118666561,"example-reviewer",accepted,,False,continuous,0,194,curve-uct-test-a22-000195,reviewed_visible_observation,confirmed_continuous_curve
uct-test-a22,0.6572427136542127,0.17491674844355787,0.001434130905212605,0.0011864352246585552,353,365.0,,0.5,0.5,2,,visible_pixel_support,False,visible_candidate,line-uct-test-a22-000196,0.046578329643693905,"example-reviewer",accepted,,False,continuous,0,195,curve-uct-test-a22-000196,reviewed_visible_observation,confirmed_continuous_curve
uct-test-a22,0.6601109754646377,0.17728961889287498,0.001434130905212605,0.0011864352246585552,354,364.0,,0.5,0.5,2,,visible_pixel_support,False,visible_candidate,line-uct-test-a22-000197,0.16901752038398854,"example-reviewer",accepted,,False,continuous,0,196,curve-uct-test-a22-000197,reviewed_visible_observation,confirmed_continuous_curve
uct-test-a22,0.6629792372750627,0.1796624893421921,0.001434130905212605,0.0011864352246585552,355,363.0,,0.5,0.5,2,,visible_pixel_support,False,visible_candidate,line-uct-test-a22-000198,0.3575874935017396,"example-reviewer",accepted,,False,continuous,0,197,curve-uct-test-a22-000198,reviewed_visible_observation,confirmed_continuous_curve
uct-test-a22,0.6658474990854879,0.1796624893421921,0.001434130905212605,0.0011864352246585552,356,363.0,,3.0,0.5,2,,visible_pixel_support,False,visible_candidate,line-uct-test-a22-000199,0.48163685500531983,"example-reviewer",accepted,,False,continuous,0,198,curve-uct-test-a22-000199,reviewed_visible_observation,confirmed_continuous_curve
uct-test-a22,0.6687157608959129,0.1820353597915092,0.001434130905212605,0.0011864352246585552,357,362.0,,5.5,0.5,3,,visible_pixel_support,False,visible_candidate,line-uct-test-a22-000200,0.3494239698518413,"example-reviewer",accepted,,False,continuous,0,199,curve-uct-test-a22-000200,reviewed_visible_observation,confirmed_continuous_curve
uct-test-a22,0.6715840227063379,0.18678110069014342,0.001434130905212605,0.0011864352246585552,358,360.0,,3.5,0.5,3,,visible_pixel_support,False,visible_candidate,line-uct-test-a22-000201,0.7534577042473529,"example-reviewer",accepted,,False,continuous,0,200,curve-uct-test-a22-000201,reviewed_visible_observation,confirmed_continuous_curve
uct-test-a22,0.6744522845167629,0.17254387799424087,0.001434130905212605,0.0011864352246585552,359,366.0,,1.5,0.5,4,,visible_pixel_support,False,visible_candidate,line-uct-test-a22-000202,6.173760277422616,"example-reviewer",accepted,,False,continuous,0,201,curve-uct-test-a22-000202,reviewed_visible_observation,confirmed_continuous_curve
uct-test-a22,0.6773205463271879,0.17728961889287498,0.001434130905212605,0.0011864352246585552,360,364.0,,6.0,0.5,3,,visible_pixel_support,False,visible_candidate,line-uct-test-a22-000203,5.131846359576514,"example-reviewer",accepted,,False,continuous,0,202,curve-uct-test-a22-000203,reviewed_visible_observation,confirmed_continuous_curve
uct-test-a22,0.6801888081376128,0.1820353597915092,0.001434130905212605,0.0011864352246585552,361,362.0,,6.0,0.5,6,,visible_pixel_support,False,visible_candidate,line-uct-test-a22-000204,4.121568986928878,"example-reviewer",accepted,,False,continuous,0,203,curve-uct-test-a22-000204,reviewed_visible_observation,confirmed_continuous_curve
uct-test-a22,0.6830570699480378,0.20101832338604597,0.001434130905212605,0.0011864352246585552,362,354.0,,4.5,0.5,2,,visible_pixel_support,False,visible_candidate,line-uct-test-a22-000205,2.8563033958051847,"example-reviewer",accepted,,False,continuous,0,204,curve-uct-test-a22-000205,reviewed_visible_observation,confirmed_continuous_curve
uct-test-a22,0.6859253317584628,0.20339119383536308,0.001434130905212605,0.0011864352246585552,363,353.0,,3.5,0.5,3,,visible_pixel_support,False,visible_candidate,line-uct-test-a22-000206,2.8010023439111364,"example-reviewer",accepted,,False,continuous,0,205,curve-uct-test-a22-000206,reviewed_visible_observation,confirmed_continuous_curve
uct-test-a22,0.6887935935688878,0.2057640642846802,0.001434130905212605,0.0011864352246585552,364,352.0,,3.5,0.5,3,,visible_pixel_support,False,visible_candidate,line-uct-test-a22-000207,2.7117594126739277,"example-reviewer",accepted,,False,continuous,0,206,curve-uct-test-a22-000207,reviewed_visible_observation,confirmed_continuous_curve
uct-test-a22,0.6916618553793128,0.19627258248741175,0.001434130905212605,0.0011864352246585552,365,356.0,,4.5,0.5,4,,visible_pixel_support,False,visible_candidate,line-uct-test-a22-000208,2.412193842620866,"example-reviewer",accepted,,False,continuous,0,207,curve-uct-test-a22-000208,reviewed_visible_observation,confirmed_continuous_curve
uct-test-a22,0.6945301171897378,0.2105098051833143,0.001434130905212605,0.0011864352246585552,366,350.0,,4.0,0.5,3,,visible_pixel_support,False,visible_candidate,line-uct-test-a22-000209,2.4283741333116495,"example-reviewer",accepted,,False,continuous,0,208,curve-uct-test-a22-000209,reviewed_visible_observation,confirmed_continuous_curve
uct-test-a22,0.6973983790001628,0.21525554608194852,0.001434130905212605,0.0011864352246585552,367,348.0,,5.5,0.5,4,,visible_pixel_support,False,visible_candidate,line-uct-test-a22-000210,3.2326948957569357,"example-reviewer",accepted,,False,continuous,0,209,curve-uct-test-a22-000210,reviewed_visible_observation,confirmed_continuous_curve
uct-test-a22,0.7002666408105878,0.22000128698058274,0.001434130905212605,0.0011864352246585552,368,346.0,,6.5,0.5,4,,visible_pixel_support,False,visible_candidate,line-uct-test-a22-000211,4.0,"example-reviewer",accepted,,False,continuous,0,210,curve-uct-test-a22-000211,reviewed_visible_observation,confirmed_continuous_curve
uct-test-a22,0.7031349026210127,0.2057640642846802,0.001434130905212605,0.0011864352246585552,369,352.0,,7.0,0.5,4,,visible_pixel_support,False,visible_candidate,line-uct-test-a22-000212,3.6535396724173097,"example-reviewer",accepted,,False,continuous,0,211,curve-uct-test-a22-000212,reviewed_visible_observation,confirmed_continuous_curve
uct-test-a22,0.7060031644314377,0.20339119383536308,0.001434130905212605,0.0011864352246585552,370,353.0,,7.5,0.5,2,,visible_pixel_support,False,visible_candidate,line-uct-test-a22-000213,7.072420866907294,"example-reviewer",accepted,,False,continuous,0,212,curve-uct-test-a22-000213,reviewed_visible_observation,confirmed_continuous_curve
uct-test-a22,0.7088714262418627,0.21525554608194852,0.001434130905212605,0.0011864352246585552,371,348.0,,7.5,0.5,4,,visible_pixel_support,False,visible_candidate,line-uct-test-a22-000214,5.198413468616025,"example-reviewer",accepted,,False,continuous,0,213,curve-uct-test-a22-000214,reviewed_visible_observation,confirmed_continuous_curve
uct-test-a22,0.7117396880522877,0.24135712102443663,0.001434130905212605,0.0011864352246585552,372,337.0,,8.0,0.5,6,,visible_pixel_support,False,visible_candidate,line-uct-test-a22-000215,2.026712637310993,"example-reviewer",accepted,,False,continuous,0,214,curve-uct-test-a22-000215,reviewed_visible_observation,confirmed_continuous_curve
uct-test-a22,0.7146079498627127,0.25084860282170496,0.001434130905212605,0.0011864352246585552,373,333.0,,6.5,0.5,6,,visible_pixel_support,False,visible_candidate,line-uct-test-a22-000216,1.6611875657275732,"example-reviewer",accepted,,False,continuous,0,215,curve-uct-test-a22-000216,reviewed_visible_observation,confirmed_continuous_curve
uct-test-a22,0.7174762116731377,0.2555943437203392,0.001434130905212605,0.0011864352246585552,374,331.0,,6.0,0.5,6,,visible_pixel_support,False,visible_candidate,line-uct-test-a22-000217,1.2367585685118456,"example-reviewer",accepted,,False,continuous,0,216,curve-uct-test-a22-000217,reviewed_visible_observation,confirmed_continuous_curve
uct-test-a22,0.7203444734835627,0.27457730731487595,0.001434130905212605,0.0011864352246585552,375,323.0,,2.0,0.5,5,,visible_pixel_support,False,visible_candidate,line-uct-test-a22-000218,1.3911043494468345,"example-reviewer",accepted,,False,continuous,0,217,curve-uct-test-a22-000218,reviewed_visible_observation,confirmed_continuous_curve
uct-test-a22,0.7232127352939877,0.27457730731487595,0.001434130905212605,0.0011864352246585552,376,323.0,,8.0,0.5,5,,visible_pixel_support,False,visible_candidate,line-uct-test-a22-000219,4.396993565542232,"example-reviewer",accepted,,False,continuous,0,218,curve-uct-test-a22-000219,reviewed_visible_observation,confirmed_continuous_curve
uct-test-a22,0.7260809971044127,0.29830601180804694,0.001434130905212605,0.0011864352246585552,377,313.0,,6.5,0.5,13,,visible_pixel_support,False,visible_candidate,line-uct-test-a22-000220,0.54282219862489,"example-reviewer",accepted,,False,continuous,0,219,curve-uct-test-a22-000220,reviewed_visible_observation,confirmed_continuous_curve
uct-test-a22,0.7289492589148376,0.3172889754025837,0.001434130905212605,0.0011864352246585552,378,305.0,,5.5,0.5,8,,visible_pixel_support,False,visible_candidate,line-uct-test-a22-000221,1.0118485650530147,"example-reviewer",accepted,,False,continuous,0,220,curve-uct-test-a22-000221,reviewed_visible_observation,confirmed_continuous_curve
uct-test-a22,0.7318175207252626,0.3220347163012178,0.001434130905212605,0.0011864352246585552,379,303.0,,4.0,0.5,4,,visible_pixel_support,False,visible_candidate,line-uct-test-a22-000222,3.674751159654363,"example-reviewer",accepted,,False,continuous,0,221,curve-uct-test-a22-000222,reviewed_visible_observation,confirmed_continuous_curve
uct-test-a22,0.7346857825356876,0.34813629124370593,0.001434130905212605,0.0011864352246585552,380,292.0,,4.5,0.5,4,,visible_pixel_support,False,visible_candidate,line-uct-test-a22-000223,0.4556087421072448,"example-reviewer",accepted,,False,continuous,0,222,curve-uct-test-a22-000223,reviewed_visible_observation,confirmed_continuous_curve
uct-test-a22,0.7375540443461126,0.3623735139396085,0.001434130905212605,0.0011864352246585552,381,286.0,,5.0,0.5,8,,visible_pixel_support,False,visible_candidate,line-uct-test-a22-000224,0.5388416148081774,"example-reviewer",accepted,,False,continuous,0,223,curve-uct-test-a22-000224,reviewed_visible_observation,confirmed_continuous_curve
uct-test-a22,0.7404223061565376,0.37898360708482814,0.001434130905212605,0.0011864352246585552,382,279.0,,5.5,0.5,8,,visible_pixel_support,False,visible_candidate,line-uct-test-a22-000225,0.5998721155461908,"example-reviewer",accepted,,False,continuous,0,224,curve-uct-test-a22-000225,reviewed_visible_observation,confirmed_continuous_curve
uct-test-a22,0.7432905679669626,0.400339441128682,0.001434130905212605,0.0011864352246585552,383,270.0,,7.0,0.5,9,,visible_pixel_support,False,visible_candidate,line-uct-test-a22-000226,1.330747354747075,"example-reviewer",accepted,,False,continuous,0,225,curve-uct-test-a22-000226,reviewed_visible_observation,confirmed_continuous_curve
uct-test-a22,0.7461588297773878,0.4193224047232188,0.001434130905212605,0.0011864352246585552,384,262.0,,7.5,0.5,10,,visible_pixel_support,False,visible_candidate,line-uct-test-a22-000227,2.311246910926002,"example-reviewer",accepted,,False,continuous,0,226,curve-uct-test-a22-000227,reviewed_visible_observation,confirmed_continuous_curve
uct-test-a22,0.7490270915878128,0.4430511092163897,0.001434130905212605,0.0011864352246585552,385,252.0,,7.5,0.5,6,,visible_pixel_support,False,visible_candidate,line-uct-test-a22-000228,5.399856667844631,"example-reviewer",accepted,,False,continuous,0,227,curve-uct-test-a22-000228,reviewed_visible_observation,confirmed_continuous_curve
uct-test-a22,0.7518953533982378,0.46203407281092645,0.001434130905212605,0.0011864352246585552,386,244.0,,2.0,0.5,5,,visible_pixel_support,False,visible_candidate,line-uct-test-a22-000229,6.654806740357174,"example-reviewer",accepted,,False,continuous,0,228,curve-uct-test-a22-000229,reviewed_visible_observation,confirmed_continuous_curve
uct-test-a22,0.7605001388295127,0.5,0.001434130905212605,0.0011864352246585552,389,228.0,,1.5,0.5,4,,visible_pixel_support,False,visible_candidate,line-uct-test-a22-000230,4.0,"example-reviewer",accepted,,True,continuous,0,229,curve-uct-test-a22-000230,reviewed_visible_observation,confirmed_continuous_curve
uct-test-a22,0.7662366624503627,0.5403387976383907,0.001434130905212605,0.0011864352246585552,391,211.0,,0.5,0.5,2,,visible_pixel_support,False,visible_candidate,line-uct-test-a22-000231,8.1277307483914,"example-reviewer",accepted,,True,continuous,0,230,curve-uct-test-a22-000231,reviewed_visible_observation,confirmed_continuous_curve
uct-test-a22,0.7691049242607877,0.5569488907836103,0.001434130905212605,0.0011864352246585552,392,204.0,,1.0,0.5,3,,visible_pixel_support,False,visible_candidate,line-uct-test-a22-000232,7.866776277043471,"example-reviewer",accepted,,False,continuous,0,231,curve-uct-test-a22-000232,reviewed_visible_observation,confirmed_continuous_curve
uct-test-a22,0.7719731860712127,0.5711861134795129,0.001434130905212605,0.0011864352246585552,393,198.0,,2.0,0.5,5,,visible_pixel_support,False,visible_candidate,line-uct-test-a22-000233,6.295317649409782,"example-reviewer",accepted,,False,continuous,0,232,curve-uct-test-a22-000233,reviewed_visible_observation,confirmed_continuous_curve
uct-test-a22,0.7748414478816377,0.5877962066247326,0.001434130905212605,0.0011864352246586662,394,191.0,,1.5,0.5,4,,visible_pixel_support,False,visible_candidate,line-uct-test-a22-000234,5.592886671047836,"example-reviewer",accepted,,False,continuous,0,233,curve-uct-test-a22-000234,reviewed_visible_observation,confirmed_continuous_curve
uct-test-a22,0.7777097096920627,0.599660558871318,0.001434130905212605,0.0011864352246586662,395,186.0,,4.0,0.5,6,,visible_pixel_support,False,visible_candidate,line-uct-test-a22-000235,2.939015147515022,"example-reviewer",accepted,,False,continuous,0,234,curve-uct-test-a22-000235,reviewed_visible_observation,confirmed_continuous_curve
uct-test-a22,0.7805779715024876,0.6162706520165377,0.001434130905212605,0.0011864352246585552,396,179.0,,4.0,0.5,7,,visible_pixel_support,False,visible_candidate,line-uct-test-a22-000236,2.5132348843688987,"example-reviewer",accepted,,False,continuous,0,235,curve-uct-test-a22-000236,reviewed_visible_observation,confirmed_continuous_curve
uct-test-a22,0.7834462333129126,0.6305078747124403,0.001434130905212605,0.0011864352246585552,397,173.0,,5.5,0.5,10,,visible_pixel_support,False,visible_candidate,line-uct-test-a22-000237,1.4950776871668836,"example-reviewer",accepted,,False,continuous,0,236,curve-uct-test-a22-000237,reviewed_visible_observation,confirmed_continuous_curve
uct-test-a22,0.7863144951233376,0.6376264860603915,0.001434130905212605,0.0011864352246586662,398,170.0,,7.5,0.5,9,,visible_pixel_support,False,visible_candidate,line-uct-test-a22-000238,1.9359246385335211,"example-reviewer",accepted,,False,continuous,0,237,curve-uct-test-a22-000238,reviewed_visible_observation,confirmed_continuous_curve
uct-test-a22,0.7891827569337626,0.6494908383069771,0.001434130905212605,0.0011864352246585552,399,165.0,,6.0,0.5,8,,visible_pixel_support,False,visible_candidate,line-uct-test-a22-000239,2.60024028717487,"example-reviewer",accepted,,False,continuous,0,238,curve-uct-test-a22-000239,reviewed_visible_observation,confirmed_continuous_curve
uct-test-a22,0.7920510187441876,0.6661009314521967,0.001434130905212605,0.0011864352246585552,400,158.0,,2.5,0.5,4,,visible_pixel_support,False,visible_candidate,line-uct-test-a22-000240,0.31833745319966056,"example-reviewer",accepted,,False,continuous,0,239,curve-uct-test-a22-000240,reviewed_visible_observation,confirmed_continuous_curve
uct-test-a22,0.7949192805546126,0.6684738019015138,0.001434130905212605,0.0011864352246585552,401,157.0,,1.5,0.5,4,,visible_pixel_support,False,visible_candidate,line-uct-test-a22-000241,2.910684331050419,"example-reviewer",accepted,,False,continuous,0,240,curve-uct-test-a22-000241,reviewed_visible_observation,confirmed_continuous_curve
uct-test-a22,0.7977875423650376,0.673219542800148,0.001434130905212605,0.0011864352246586662,402,155.0,,0.5,0.5,2,,visible_pixel_support,False,visible_candidate,line-uct-test-a22-000242,3.197749115169671,"example-reviewer",accepted,,False,continuous,0,241,curve-uct-test-a22-000242,reviewed_visible_observation,confirmed_continuous_curve
uct-test-a22,0.8035240659858875,0.6589823201042455,0.001434130905212605,0.0011864352246586662,404,161.0,,0.5,0.5,1,,visible_pixel_support,False,visible_candidate,line-uct-test-a22-000243,9.965176546809204,"example-reviewer",accepted,,True,continuous,0,242,curve-uct-test-a22-000243,reviewed_visible_observation,confirmed_continuous_curve
uct-test-a22,0.8063923277963125,0.6637280610028796,0.001434130905212605,0.0011864352246585552,405,159.0,,0.5,0.5,1,,visible_pixel_support,False,visible_candidate,line-uct-test-a22-000244,7.862001943634596,"example-reviewer",accepted,,False,continuous,0,243,curve-uct-test-a22-000244,reviewed_visible_observation,confirmed_continuous_curve
uct-test-a22,0.8092605896067375,0.6684738019015138,0.001434130905212605,0.0011864352246585552,406,157.0,,1.0,0.5,3,,visible_pixel_support,False,visible_candidate,line-uct-test-a22-000245,5.692419825072875,"example-reviewer",accepted,,False,continuous,0,244,curve-uct-test-a22-000245,reviewed_visible_observation,confirmed_continuous_curve
uct-test-a22,0.8121288514171625,0.6898296359453677,0.001434130905212605,0.0011864352246586662,407,148.0,,5.0,0.5,3,,visible_pixel_support,False,visible_candidate,line-uct-test-a22-000246,3.54162617427923,"example-reviewer",accepted,,False,continuous,0,245,curve-uct-test-a22-000246,reviewed_visible_observation,confirmed_continuous_curve
uct-test-a22,0.8149971132275875,0.6874567654960506,0.001434130905212605,0.0011864352246585552,408,149.0,,4.0,0.5,4,,visible_pixel_support,False,visible_candidate,line-uct-test-a22-000247,2.8381924198250488,"example-reviewer",accepted,,False,continuous,0,246,curve-uct-test-a22-000247,reviewed_visible_observation,confirmed_continuous_curve
uct-test-a22,0.8178653750380125,0.6755924132494651,0.001434130905212605,0.0011864352246586662,409,154.0,,3.5,0.5,3,,visible_pixel_support,False,visible_candidate,line-uct-test-a22-000248,1.80466472303209,"example-reviewer",accepted,,False,continuous,0,247,curve-uct-test-a22-000248,reviewed_visible_observation,confirmed_continuous_curve
uct-test-a22,0.8207336368484375,0.6803381541480993,0.001434130905212605,0.0011864352246585552,410,152.0,,3.0,0.5,3,,visible_pixel_support,False,visible_candidate,line-uct-test-a22-000249,0.6111111111111143,"example-reviewer",accepted,,False,continuous,0,248,curve-uct-test-a22-000249,reviewed_visible_observation,confirmed_continuous_curve
uct-test-a22,0.8236018986588625,0.6827110245974164,0.001434130905212605,0.0011864352246585552,411,151.0,,2.5,0.5,3,,visible_pixel_support,False,visible_candidate,line-uct-test-a22-000250,2.083576287657934,"example-reviewer",accepted,,False,continuous,0,249,curve-uct-test-a22-000250,reviewed_visible_observation,confirmed_continuous_curve
uct-test-a22,0.8264701604692875,0.6922025063946848,0.001434130905212605,0.0011864352246586662,412,147.0,,0.5,0.5,2,,visible_pixel_support,False,visible_candidate,line-uct-test-a22-000251,6.610787172011641,"example-reviewer",accepted,,False,continuous,0,250,curve-uct-test-a22-000251,reviewed_visible_observation,confirmed_continuous_curve
uct-test-a22,0.8293384222797127,0.6755924132494651,0.001434130905212605,0.0011864352246586662,413,154.0,,4.0,0.5,4,,visible_pixel_support,False,visible_candidate,line-uct-test-a22-000252,0.19080012957564918,"example-reviewer",accepted,,False,continuous,0,251,curve-uct-test-a22-000252,reviewed_visible_observation,confirmed_continuous_curve
uct-test-a22,0.8322066840901376,0.673219542800148,0.001434130905212605,0.0011864352246586662,414,155.0,,5.0,0.5,6,,visible_pixel_support,False,visible_candidate,line-uct-test-a22-000253,0.1783284742468254,"example-reviewer",accepted,,False,continuous,0,252,curve-uct-test-a22-000253,reviewed_visible_observation,confirmed_continuous_curve
uct-test-a22,0.8350749459005626,0.673219542800148,0.001434130905212605,0.0011864352246586662,415,155.0,,5.0,0.5,3,,visible_pixel_support,False,visible_candidate,line-uct-test-a22-000254,0.5014577259475175,"example-reviewer",accepted,,False,continuous,0,253,curve-uct-test-a22-000254,reviewed_visible_observation,confirmed_continuous_curve
uct-test-a22,0.8379432077109876,0.6661009314521967,0.001434130905212605,0.0011864352246585552,416,158.0,,7.0,0.5,5,,visible_pixel_support,False,visible_candidate,line-uct-test-a22-000255,1.7717849044379648,"example-reviewer",accepted,,False,continuous,0,254,curve-uct-test-a22-000255,reviewed_visible_observation,confirmed_continuous_curve
uct-test-a22,0.8408114695214126,0.6637280610028796,0.001434130905212605,0.0011864352246585552,417,159.0,,6.5,0.5,4,,visible_pixel_support,False,visible_candidate,line-uct-test-a22-000256,2.0,"example-reviewer",accepted,,False,continuous,0,255,curve-uct-test-a22-000256,reviewed_visible_observation,confirmed_continuous_curve
uct-test-a22,0.8436797313318376,0.6566094496549284,0.001434130905212605,0.0011864352246586662,418,162.0,,8.5,0.5,8,,visible_pixel_support,False,visible_candidate,line-uct-test-a22-000257,3.573975888634891,"example-reviewer",accepted,,False,continuous,0,256,curve-uct-test-a22-000257,reviewed_visible_observation,confirmed_continuous_curve
uct-test-a22,0.8465479931422626,0.6494908383069771,0.001434130905212605,0.0011864352246585552,419,165.0,,8.0,0.5,6,,visible_pixel_support,False,visible_candidate,line-uct-test-a22-000258,3.977485018423721,"example-reviewer",accepted,,False,continuous,0,257,curve-uct-test-a22-000258,reviewed_visible_observation,confirmed_continuous_curve
uct-test-a22,0.8494162549526876,0.6423722269590257,0.001434130905212605,0.0011864352246585552,420,168.0,,6.0,0.5,3,,visible_pixel_support,False,visible_candidate,line-uct-test-a22-000259,3.351947204240446,"example-reviewer",accepted,,False,continuous,0,258,curve-uct-test-a22-000259,reviewed_visible_observation,confirmed_continuous_curve
uct-test-a22,0.8522845167631126,0.6376264860603915,0.001434130905212605,0.0011864352246586662,421,170.0,,4.5,0.5,4,,visible_pixel_support,False,visible_candidate,line-uct-test-a22-000260,0.8387822609589364,"example-reviewer",accepted,,False,continuous,0,259,curve-uct-test-a22-000260,reviewed_visible_observation,confirmed_continuous_curve
uct-test-a22,0.8551527785735376,0.6281350042631232,0.001434130905212605,0.0011864352246585552,422,174.0,,6.0,0.5,12,,visible_pixel_support,False,visible_candidate,line-uct-test-a22-000261,0.42058999654690865,"example-reviewer",accepted,,False,continuous,0,260,curve-uct-test-a22-000261,reviewed_visible_observation,confirmed_continuous_curve
uct-test-a22,0.8580210403839625,0.6138977815672206,0.001434130905212605,0.0011864352246585552,423,180.0,,7.0,0.5,9,,visible_pixel_support,False,visible_candidate,line-uct-test-a22-000262,0.2847497534031902,"example-reviewer",accepted,,False,continuous,0,261,curve-uct-test-a22-000262,reviewed_visible_observation,confirmed_continuous_curve
uct-test-a22,0.8608893021943875,0.597287688422001,0.001434130905212605,0.0011864352246585552,424,187.0,,4.0,0.5,9,,visible_pixel_support,False,visible_candidate,line-uct-test-a22-000263,0.38772280526404757,"example-reviewer",accepted,,False,continuous,0,262,curve-uct-test-a22-000263,reviewed_visible_observation,confirmed_continuous_curve
uct-test-a22,0.8637575640048125,0.5854233361754155,0.001434130905212605,0.0011864352246586662,425,192.0,,4.5,0.5,7,,visible_pixel_support,False,visible_candidate,line-uct-test-a22-000264,1.2617525056713532,"example-reviewer",accepted,,False,continuous,0,263,curve-uct-test-a22-000264,reviewed_visible_observation,confirmed_continuous_curve
uct-test-a22,0.8666258258152375,0.5640675021315615,0.001434130905212605,0.0011864352246586662,426,201.0,,5.5,0.5,10,,visible_pixel_support,False,visible_candidate,line-uct-test-a22-000265,0.9082441286645349,"example-reviewer",accepted,,False,continuous,0,264,curve-uct-test-a22-000265,reviewed_visible_observation,confirmed_continuous_curve
uct-test-a22,0.8694940876256625,0.547457408986342,0.001434130905212605,0.0011864352246586662,427,208.0,,5.5,0.5,8,,visible_pixel_support,False,visible_candidate,line-uct-test-a22-000266,1.0391325231456108,"example-reviewer",accepted,,False,continuous,0,265,curve-uct-test-a22-000266,reviewed_visible_observation,confirmed_continuous_curve
uct-test-a22,0.8723623494360875,0.5332201862904393,0.001434130905212605,0.0011864352246585552,428,214.0,,6.0,0.5,13,,visible_pixel_support,False,visible_candidate,line-uct-test-a22-000267,0.27233249264580195,"example-reviewer",accepted,,False,continuous,0,266,curve-uct-test-a22-000267,reviewed_visible_observation,confirmed_continuous_curve
uct-test-a22,0.8752306112465125,0.5166100931452197,0.001434130905212605,0.0011864352246585552,429,221.0,,6.5,0.5,12,,visible_pixel_support,False,visible_candidate,line-uct-test-a22-000268,0.7492638520389789,"example-reviewer",accepted,,False,continuous,0,267,curve-uct-test-a22-000268,reviewed_visible_observation,confirmed_continuous_curve
uct-test-a22,0.8780988730569375,0.5094914817972684,0.001434130905212605,0.0011864352246585552,430,224.0,,6.0,0.5,9,,visible_pixel_support,False,visible_candidate,line-uct-test-a22-000269,2.388653583800874,"example-reviewer",accepted,,False,continuous,0,268,curve-uct-test-a22-000269,reviewed_visible_observation,confirmed_continuous_curve
uct-test-a22,0.8809671348673624,0.4928813886520488,0.001434130905212605,0.0011864352246585552,431,231.0,,6.0,0.5,10,,visible_pixel_support,False,visible_candidate,line-uct-test-a22-000270,1.0,"example-reviewer",accepted,,False,continuous,0,269,curve-uct-test-a22-000270,reviewed_visible_observation,confirmed_continuous_curve
uct-test-a22,0.8838353966777874,0.4810170364054632,0.001434130905212605,0.0011864352246585552,432,236.0,,6.0,0.5,8,,visible_pixel_support,False,visible_candidate,line-uct-test-a22-000271,1.4404869536498097,"example-reviewer",accepted,,False,continuous,0,270,curve-uct-test-a22-000271,reviewed_visible_observation,confirmed_continuous_curve
uct-test-a22,0.8924401821090624,0.4216952751725359,0.001434130905212605,0.0011864352246585552,435,261.0,,2.5,0.5,6,,visible_pixel_support,False,visible_candidate,line-uct-test-a22-000272,5.9053988074293216,"example-reviewer",accepted,,True,continuous,0,271,curve-uct-test-a22-000272,reviewed_visible_observation,confirmed_continuous_curve
uct-test-a22,0.8953084439194874,0.40508518202731625,0.001434130905212605,0.0011864352246585552,436,268.0,,0.5,0.5,2,,visible_pixel_support,False,visible_candidate,line-uct-test-a22-000273,6.719033955455814,"example-reviewer",accepted,,False,continuous,0,272,curve-uct-test-a22-000273,reviewed_visible_observation,confirmed_continuous_curve
uct-test-a22,0.8981767057299124,0.3861022184327795,0.001434130905212605,0.0011864352246585552,437,276.0,,0.5,0.5,2,,visible_pixel_support,False,visible_candidate,line-uct-test-a22-000274,8.453117894144327,"example-reviewer",accepted,,False,continuous,0,273,curve-uct-test-a22-000274,reviewed_visible_observation,confirmed_continuous_curve
uct-test-a22,0.9096497529716125,0.3694921252875598,0.001434130905212605,0.0011864352246585552,441,283.0,,0.5,0.5,1,,visible_pixel_support,False,visible_candidate,line-uct-test-a22-000275,9.550712322537606,"example-reviewer",accepted,,True,continuous,0,274,curve-uct-test-a22-000275,reviewed_visible_observation,confirmed_continuous_curve
uct-test-a22,0.9125180147820375,0.35050916169302304,0.001434130905212605,0.0011864352246585552,442,291.0,,9.5,0.5,4,,visible_pixel_support,False,visible_candidate,line-uct-test-a22-000276,7.57287483908118,"example-reviewer",accepted,,False,continuous,0,275,curve-uct-test-a22-000276,reviewed_visible_observation,confirmed_continuous_curve
uct-test-a22,0.9153862765924625,0.3362719389971204,0.001434130905212605,0.0011864352246585552,443,297.0,,1.0,0.5,3,,visible_pixel_support,False,visible_candidate,line-uct-test-a22-000277,7.417984728379679,"example-reviewer",accepted,,False,continuous,0,276,curve-uct-test-a22-000277,reviewed_visible_observation,confirmed_continuous_curve
uct-test-a22,0.9182545384028875,0.3077974936053153,0.001434130905212605,0.0011864352246585552,444,309.0,,9.0,0.5,6,,visible_pixel_support,False,visible_candidate,line-uct-test-a22-000278,1.0432746843358132,"example-reviewer",accepted,,False,continuous,0,277,curve-uct-test-a22-000278,reviewed_visible_observation,confirmed_continuous_curve
uct-test-a22,0.9211228002133125,0.29830601180804694,0.001434130905212605,0.0011864352246585552,445,313.0,,9.5,0.5,9,,visible_pixel_support,False,visible_candidate,line-uct-test-a22-000279,2.405977400852464,"example-reviewer",accepted,,False,continuous,0,278,curve-uct-test-a22-000279,reviewed_visible_observation,confirmed_continuous_curve
uct-test-a22,0.9239910620237375,0.26983156641624173,0.001434130905212605,0.0011864352246585552,446,325.0,,9.5,0.5,9,,visible_pixel_support,False,visible_candidate,line-uct-test-a22-000280,4.536674428167544,"example-reviewer",accepted,,False,continuous,0,279,curve-uct-test-a22-000280,reviewed_visible_observation,confirmed_continuous_curve
uct-test-a22,0.9268593238341625,0.2603400846189734,0.001434130905212605,0.0011864352246585552,447,329.0,,8.5,0.5,7,,visible_pixel_support,False,visible_candidate,line-uct-test-a22-000281,3.827448108821386,"example-reviewer",accepted,,False,continuous,0,280,curve-uct-test-a22-000281,reviewed_visible_observation,confirmed_continuous_curve
uct-test-a22,0.9297275856445875,0.25322147327102207,0.001434130905212605,0.0011864352246585552,448,332.0,,8.0,0.5,4,,visible_pixel_support,False,visible_candidate,line-uct-test-a22-000282,2.509110947206352,"example-reviewer",accepted,,False,continuous,0,281,curve-uct-test-a22-000282,reviewed_visible_observation,confirmed_continuous_curve
uct-test-a22,0.9325958474550124,0.24610286192307074,0.001434130905212605,0.0011864352246585552,449,335.0,,2.0,0.5,4,,visible_pixel_support,False,visible_candidate,line-uct-test-a22-000283,1.6244302494194471,"example-reviewer",accepted,,False,continuous,0,282,curve-uct-test-a22-000283,reviewed_visible_observation,confirmed_continuous_curve
uct-test-a22,0.9354641092654374,0.24135712102443663,0.001434130905212605,0.0011864352246585552,450,337.0,,5.0,0.5,2,,visible_pixel_support,False,visible_candidate,line-uct-test-a22-000284,0.2161733215579602,"example-reviewer",accepted,,False,continuous,0,283,curve-uct-test-a22-000284,reviewed_visible_observation,confirmed_continuous_curve
uct-test-a22,0.9412006328862874,0.22474702787921697,0.001434130905212605,0.0011864352246585552,452,344.0,,6.5,0.5,4,,visible_pixel_support,False,visible_candidate,line-uct-test-a22-000285,2.0,"example-reviewer",accepted,,True,continuous,0,284,curve-uct-test-a22-000285,reviewed_visible_observation,confirmed_continuous_curve
uct-test-a22,0.9440688946967124,0.22474702787921697,0.001434130905212605,0.0011864352246585552,453,344.0,,7.0,0.5,5,,visible_pixel_support,False,visible_candidate,line-uct-test-a22-000286,0.0059201068959851,"example-reviewer",accepted,,False,continuous,0,285,curve-uct-test-a22-000286,reviewed_visible_observation,confirmed_continuous_curve
uct-test-a22,0.9469371565071374,0.21762841653126563,0.001434130905212605,0.0011864352246585552,454,347.0,,6.5,0.5,5,,visible_pixel_support,False,visible_candidate,line-uct-test-a22-000287,1.0861523973652538,"example-reviewer",accepted,,False,continuous,0,286,curve-uct-test-a22-000287,reviewed_visible_observation,confirmed_continuous_curve
uct-test-a22,0.9498054183175624,0.2105098051833143,0.001434130905212605,0.0011864352246585552,455,350.0,,7.5,0.5,6,,visible_pixel_support,False,visible_candidate,line-uct-test-a22-000288,2.2387872961988364,"example-reviewer",accepted,,False,continuous,0,287,curve-uct-test-a22-000288,reviewed_visible_observation,confirmed_continuous_curve
uct-test-a22,0.9526736801279874,0.2057640642846802,0.001434130905212605,0.0011864352246585552,456,352.0,,7.0,0.5,4,,visible_pixel_support,False,visible_candidate,line-uct-test-a22-000289,2.461915228188218,"example-reviewer",accepted,,False,continuous,0,288,curve-uct-test-a22-000289,reviewed_visible_observation,confirmed_continuous_curve
uct-test-a22,0.9555419419384124,0.19864545293672886,0.001434130905212605,0.0011864352246585552,457,355.0,,6.5,0.5,5,,visible_pixel_support,False,visible_candidate,line-uct-test-a22-000290,3.753626618124656,"example-reviewer",accepted,,False,continuous,0,289,curve-uct-test-a22-000290,reviewed_visible_observation,confirmed_continuous_curve
uct-test-a22,0.9584102037488373,0.19627258248741175,0.001434130905212605,0.0011864352246585552,458,356.0,,7.0,0.5,5,,visible_pixel_support,False,visible_candidate,line-uct-test-a22-000291,3.1120118907994083,"example-reviewer",accepted,,False,continuous,0,290,curve-uct-test-a22-000291,reviewed_visible_observation,confirmed_continuous_curve
uct-test-a22,0.9612784655592623,0.19389971203809464,0.001434130905212605,0.0011864352246585552,459,357.0,,4.5,0.5,4,,visible_pixel_support,False,visible_candidate,line-uct-test-a22-000292,2.5351614710037893,"example-reviewer",accepted,,False,continuous,0,291,curve-uct-test-a22-000292,reviewed_visible_observation,confirmed_continuous_curve
uct-test-a22,0.9641467273696873,0.19152684158877764,0.001434130905212605,0.0011864352246585552,460,358.0,,6.5,0.5,7,,visible_pixel_support,False,visible_candidate,line-uct-test-a22-000293,2.0211657835290566,"example-reviewer",accepted,,False,continuous,0,292,curve-uct-test-a22-000293,reviewed_visible_observation,confirmed_continuous_curve
uct-test-a22,0.9670149891801123,0.18915397113946053,0.001434130905212605,0.0011864352246585552,461,359.0,,6.5,0.5,5,,visible_pixel_support,False,visible_candidate,line-uct-test-a22-000294,1.568115253166468,"example-reviewer",accepted,,False,continuous,0,293,curve-uct-test-a22-000294,reviewed_visible_observation,confirmed_continuous_curve
uct-test-a22,0.9698832509905373,0.1820353597915092,0.001434130905212605,0.0011864352246585552,462,362.0,,5.5,0.5,3,,visible_pixel_support,False,visible_candidate,line-uct-test-a22-000295,3.1741003047073377,"example-reviewer",accepted,,False,continuous,0,294,curve-uct-test-a22-000295,reviewed_visible_observation,confirmed_continuous_curve
uct-test-a22,0.9727515128009623,0.17728961889287498,0.001434130905212605,0.0011864352246585552,463,364.0,,7.0,0.5,6,,visible_pixel_support,False,visible_candidate,line-uct-test-a22-000296,3.8372113629430373,"example-reviewer",accepted,,False,continuous,0,295,curve-uct-test-a22-000296,reviewed_visible_observation,confirmed_continuous_curve
uct-test-a22,0.9756197746113873,0.19389971203809464,0.001434130905212605,0.0011864352246585552,464,357.0,,7.5,0.5,4,,visible_pixel_support,False,visible_candidate,line-uct-test-a22-000297,4.444461147335346,"example-reviewer",accepted,,False,continuous,0,296,curve-uct-test-a22-000297,reviewed_visible_observation,confirmed_continuous_curve
uct-test-a22,0.9784880364218123,0.18915397113946053,0.001434130905212605,0.0011864352246585552,465,359.0,,7.0,0.5,5,,visible_pixel_support,False,visible_candidate,line-uct-test-a22-000298,3.6728268013363845,"example-reviewer",accepted,,False,continuous,0,297,curve-uct-test-a22-000298,reviewed_visible_observation,confirmed_continuous_curve
uct-test-a22,0.9813562982322372,0.1844082302408263,0.001434130905212605,0.0011864352246585552,466,361.0,,6.5,0.5,6,,visible_pixel_support,False,visible_candidate,line-uct-test-a22-000299,2.84979517426882,"example-reviewer",accepted,,False,continuous,0,298,curve-uct-test-a22-000299,reviewed_visible_observation,confirmed_continuous_curve
uct-test-a22,0.9842245600426622,0.17728961889287498,0.001434130905212605,0.0011864352246585552,467,364.0,,5.5,0.5,4,,visible_pixel_support,False,visible_candidate,line-uct-test-a22-000300,0.9772758413412816,"example-reviewer",accepted,,False,continuous,0,299,curve-uct-test-a22-000300,reviewed_visible_observation,confirmed_continuous_curve
uct-test-a22,0.9870928218530872,0.17254387799424087,0.001434130905212605,0.0011864352246585552,468,366.0,,4.0,0.5,3,,visible_pixel_support,False,visible_candidate,line-uct-test-a22-000301,0.057178377762681976,"example-reviewer",accepted,,False,continuous,0,300,curve-uct-test-a22-000301,reviewed_visible_observation,confirmed_continuous_curve
uct-test-a22,0.9899610836635122,0.17017100754492376,0.001434130905212605,0.0011864352246585552,469,367.0,,3.0,0.5,3,,visible_pixel_support,False,visible_candidate,line-uct-test-a22-000302,0.09141235874159293,"example-reviewer",accepted,,False,continuous,0,301,curve-uct-test-a22-000302,reviewed_visible_observation,confirmed_continuous_curve
uct-test-a22,0.9928293454739374,0.16779813709560665,0.001434130905212605,0.0011864352246585552,470,368.0,,2.5,0.5,3,,visible_pixel_support,False,visible_candidate,line-uct-test-a22-000303,0.08188735948675685,"example-reviewer",accepted,,False,continuous,0,302,curve-uct-test-a22-000303,reviewed_visible_observation,confirmed_continuous_curve
uct-test-a22,0.9956976072843624,0.1583066552983382,0.001434130905212605,0.0011864352246585552,471,372.0,,0.5,0.5,2,,visible_pixel_support,False,visible_candidate,line-uct-test-a22-000304,2.9694870447931407,"example-reviewer",accepted,,False,continuous,0,303,curve-uct-test-a22-000304,reviewed_visible_observation,confirmed_continuous_curve
uct-test-a22,1.0014341309052124,0.17017100754492376,0.001434130905212605,0.0011864352246585552,473,367.0,,0.5,0.5,1,,visible_pixel_support,False,visible_candidate,line-uct-test-a22-000305,3.8098542324070195,"example-reviewer",accepted,,True,continuous,0,304,curve-uct-test-a22-000305,reviewed_visible_observation,confirmed_continuous_curve
uct-test-a22,1.0043023927156374,0.17017100754492376,0.001434130905212605,0.0011864352246585552,474,367.0,,0.5,0.5,1,,visible_pixel_support,False,visible_candidate,line-uct-test-a22-000306,4.644389064304278,"example-reviewer",accepted,,False,continuous,0,305,curve-uct-test-a22-000306,reviewed_visible_observation,confirmed_continuous_curve
uct-test-a22,1.0071706545260624,0.16779813709560665,0.001434130905212605,0.0011864352246585552,475,368.0,,1.0,0.5,3,,visible_pixel_support,False,visible_candidate,line-uct-test-a22-000307,4.444712792011501,"example-reviewer",accepted,,False,continuous,0,306,curve-uct-test-a22-000307,reviewed_visible_observation,confirmed_continuous_curve
uct-test-a22,1.0100389163364873,0.16542526664628954,0.001434130905212605,0.0011864352246585552,476,369.0,,0.5,0.5,2,,visible_pixel_support,False,visible_candidate,line-uct-test-a22-000308,4.212734990737317,"example-reviewer",accepted,,False,continuous,0,307,curve-uct-test-a22-000308,reviewed_visible_observation,confirmed_continuous_curve
uct-test-a22,1.0129071781469123,0.14644230305175276,0.001434130905212605,0.0011864352246585552,477,377.0,,6.5,0.5,3,,visible_pixel_support,False,visible_candidate,line-uct-test-a22-000309,3.049634764309758,"example-reviewer",accepted,,False,continuous,0,308,curve-uct-test-a22-000309,reviewed_visible_observation,confirmed_continuous_curve
uct-test-a22,1.0157754399573373,0.14881517350106988,0.001434130905212605,0.0011864352246585552,478,376.0,,5.5,0.5,6,,visible_pixel_support,False,visible_candidate,line-uct-test-a22-000310,1.340486897920755,"example-reviewer",accepted,,False,continuous,0,309,curve-uct-test-a22-000310,reviewed_visible_observation,confirmed_continuous_curve
uct-test-a22,1.0186437017677623,0.16542526664628954,0.001434130905212605,0.0011864352246585552,479,369.0,,1.5,0.5,4,,visible_pixel_support,False,visible_candidate,line-uct-test-a22-000311,6.342088165112898,"example-reviewer",accepted,,False,continuous,0,310,curve-uct-test-a22-000311,reviewed_visible_observation,confirmed_continuous_curve
uct-test-a22,1.0215119635781873,0.14169656215311854,0.001434130905212605,0.0011864352246585552,480,379.0,,7.0,0.5,8,,visible_pixel_support,False,visible_candidate,line-uct-test-a22-000312,3.0,"example-reviewer",accepted,,False,continuous,0,311,curve-uct-test-a22-000312,reviewed_visible_observation,confirmed_continuous_curve
uct-test-a22,1.0243802253886123,0.14169656215311854,0.001434130905212605,0.0011864352246585552,481,379.0,,6.5,0.5,7,,visible_pixel_support,False,visible_candidate,line-uct-test-a22-000313,2.355159713886792,"example-reviewer",accepted,,False,continuous,0,312,curve-uct-test-a22-000313,reviewed_visible_observation,confirmed_continuous_curve
uct-test-a22,1.0272484871990373,0.15118804395038699,0.001434130905212605,0.0011864352246585552,482,375.0,,3.0,0.5,3,,visible_pixel_support,False,visible_candidate,line-uct-test-a22-000314,2.286760915051275,"example-reviewer",accepted,,False,continuous,0,313,curve-uct-test-a22-000314,reviewed_visible_observation,confirmed_continuous_curve
uct-test-a22,1.0301167490094623,0.15118804395038699,0.001434130905212605,0.0011864352246585552,483,375.0,,2.5,0.5,2,,visible_pixel_support,False,visible_candidate,line-uct-test-a22-000315,2.925511780362001,"example-reviewer",accepted,,False,continuous,0,314,curve-uct-test-a22-000315,reviewed_visible_observation,confirmed_continuous_curve
uct-test-a22,1.0329850108198873,0.14169656215311854,0.001434130905212605,0.0011864352246585552,484,379.0,,5.0,0.5,4,,visible_pixel_support,False,visible_candidate,line-uct-test-a22-000316,0.43915722440669924,"example-reviewer",accepted,,False,continuous,0,315,curve-uct-test-a22-000316,reviewed_visible_observation,confirmed_continuous_curve
uct-test-a22,1.0358532726303122,0.13932369170380143,0.001434130905212605,0.0011864352246585552,485,380.0,,5.0,0.5,3,,visible_pixel_support,False,visible_candidate,line-uct-test-a22-000317,0.8074962057069683,"example-reviewer",accepted,,False,continuous,0,316,curve-uct-test-a22-000317,reviewed_visible_observation,confirmed_continuous_curve
uct-test-a22,1.0387215344407372,0.14169656215311854,0.001434130905212605,0.0011864352246585552,486,379.0,,4.5,0.5,4,,visible_pixel_support,False,visible_candidate,line-uct-test-a22-000318,0.8202447300088807,"example-reviewer",accepted,,False,continuous,0,317,curve-uct-test-a22-000318,reviewed_visible_observation,confirmed_continuous_curve
uct-test-a22,1.0415897962511622,0.14644230305175276,0.001434130905212605,0.0011864352246585552,487,377.0,,0.5,0.5,1,,visible_pixel_support,False,visible_candidate,line-uct-test-a22-000319,3.4438154762888757,"example-reviewer",accepted,,False,continuous,0,318,curve-uct-test-a22-000319,reviewed_visible_observation,confirmed_continuous_curve
uct-test-a22,1.0444580580615872,0.14169656215311854,0.001434130905212605,0.0011864352246585552,488,379.0,,1.0,0.5,2,,visible_pixel_support,False,visible_candidate,line-uct-test-a22-000320,2.062965926680704,"example-reviewer",accepted,,False,continuous,0,319,curve-uct-test-a22-000320,reviewed_visible_observation,confirmed_continuous_curve
uct-test-a22,1.0473263198720122,0.14169656215311854,0.001434130905212605,0.0011864352246585552,489,379.0,,3.5,0.5,4,,visible_pixel_support,False,visible_candidate,line-uct-test-a22-000321,2.6774459747322226,"example-reviewer",accepted,,False,continuous,0,320,curve-uct-test-a22-000321,reviewed_visible_observation,confirmed_continuous_curve
uct-test-a22,1.0501945816824372,0.13457795080516732,0.001434130905212605,0.0011864352246585552,490,382.0,,1.0,0.5,2,,visible_pixel_support,False,visible_candidate,line-uct-test-a22-000322,0.28700551399140295,"example-reviewer",accepted,,False,continuous,0,321,curve-uct-test-a22-000322,reviewed_visible_observation,confirmed_continuous_curve
uct-test-a22,1.0530628434928622,0.13457795080516732,0.001434130905212605,0.0011864352246585552,491,382.0,,5.0,0.5,6,,visible_pixel_support,False,visible_candidate,line-uct-test-a22-000323,0.8913944380058751,"example-reviewer",accepted,,False,continuous,0,322,curve-uct-test-a22-000323,reviewed_visible_observation,confirmed_continuous_curve
uct-test-a22,1.0559311053032872,0.1322050803558502,0.001434130905212605,0.0011864352246585552,492,383.0,,5.0,0.5,4,,visible_pixel_support,False,visible_candidate,line-uct-test-a22-000324,0.49036264032366716,"example-reviewer",accepted,,False,continuous,0,323,curve-uct-test-a22-000324,reviewed_visible_observation,confirmed_continuous_curve
uct-test-a22,1.0587993671137121,0.1322050803558502,0.001434130905212605,0.0011864352246585552,493,383.0,,5.0,0.5,4,,visible_pixel_support,False,visible_candidate,line-uct-test-a22-000325,1.0836600144924091,"example-reviewer",accepted,,False,continuous,0,324,curve-uct-test-a22-000325,reviewed_visible_observation,confirmed_continuous_curve
uct-test-a22,1.0616676289241371,0.14169656215311854,0.001434130905212605,0.0011864352246585552,494,379.0,,1.5,0.5,2,,visible_pixel_support,False,visible_candidate,line-uct-test-a22-000326,5.671036454060129,"example-reviewer",accepted,,False,continuous,0,325,curve-uct-test-a22-000326,reviewed_visible_observation,confirmed_continuous_curve
uct-test-a22,1.0645358907345621,0.13932369170380143,0.001434130905212605,0.0011864352246585552,495,380.0,,0.5,0.5,1,,visible_pixel_support,False,visible_candidate,line-uct-test-a22-000327,5.252241852574571,"example-reviewer",accepted,,False,continuous,0,326,curve-uct-test-a22-000327,reviewed_visible_observation,confirmed_continuous_curve
uct-test-a22,1.067404152544987,0.12508646900789888,0.001434130905212605,0.0011864352246585552,496,386.0,,0.5,0.5,1,,visible_pixel_support,False,visible_candidate,line-uct-test-a22-000328,0.17297389641635164,"example-reviewer",accepted,,False,continuous,0,327,curve-uct-test-a22-000328,reviewed_visible_observation,confirmed_continuous_curve
uct-test-a22,1.0731406761658373,0.127459339457216,0.001434130905212605,0.0011864352246585552,498,385.0,,2.0,0.5,2,,visible_pixel_support,False,visible_candidate,line-uct-test-a22-000329,1.9563307372766872,"example-reviewer",accepted,,True,continuous,0,328,curve-uct-test-a22-000329,reviewed_visible_observation,confirmed_continuous_curve
uct-test-a22,1.0760089379762623,0.12271359855858177,0.001434130905212605,0.0011864352246585552,499,387.0,,3.5,0.5,3,,visible_pixel_support,False,visible_candidate,line-uct-test-a22-000330,0.5103509070564769,"example-reviewer",accepted,,False,continuous,0,329,curve-uct-test-a22-000330,reviewed_visible_observation,confirmed_continuous_curve
uct-test-a22,1.0788771997866873,0.12508646900789888,0.001434130905212605,0.0011864352246585552,500,386.0,,3.0,0.5,2,,visible_pixel_support,False,visible_candidate,line-uct-test-a22-000331,2.0569495035221053,"example-reviewer",accepted,,False,continuous,0,330,curve-uct-test-a22-000331,reviewed_visible_observation,confirmed_continuous_curve
uct-test-a22,1.0817454615971123,0.12034072810926477,0.001434130905212605,0.0011864352246585552,501,388.0,,3.5,0.5,3,,visible_pixel_support,False,visible_candidate,line-uct-test-a22-000332,0.5958764202215434,"example-reviewer",accepted,,False,continuous,0,331,curve-uct-test-a22-000332,reviewed_visible_observation,confirmed_continuous_curve
uct-test-a22,1.0846137234075373,0.12034072810926477,0.001434130905212605,0.0011864352246585552,502,388.0,,3.5,0.5,3,,visible_pixel_support,False,visible_candidate,line-uct-test-a22-000333,1.126881550702592,"example-reviewer",accepted,,False,continuous,0,332,curve-uct-test-a22-000333,reviewed_visible_observation,confirmed_continuous_curve
uct-test-a22,1.0874819852179622,0.12034072810926477,0.001434130905212605,0.0011864352246585552,503,388.0,,3.5,0.5,4,,visible_pixel_support,False,visible_candidate,line-uct-test-a22-000334,1.6497147885130516,"example-reviewer",accepted,,False,continuous,0,333,curve-uct-test-a22-000334,reviewed_visible_observation,confirmed_continuous_curve
uct-test-a22,1.0903502470283872,0.12508646900789888,0.001434130905212605,0.0011864352246585552,504,386.0,,2.5,0.5,2,,visible_pixel_support,False,visible_candidate,line-uct-test-a22-000335,4.164126027200723,"example-reviewer",accepted,,False,continuous,0,334,curve-uct-test-a22-000335,reviewed_visible_observation,confirmed_continuous_curve
uct-test-a22,1.0932185088388122,0.12271359855858177,0.001434130905212605,0.0011864352246585552,505,387.0,,3.0,0.5,3,,visible_pixel_support,False,visible_candidate,line-uct-test-a22-000336,3.6698651603135204,"example-reviewer",accepted,,False,continuous,0,335,curve-uct-test-a22-000336,reviewed_visible_observation,confirmed_continuous_curve
uct-test-a22,1.0960867706492372,0.12508646900789888,0.001434130905212605,0.0011864352246585552,506,386.0,,0.5,0.5,2,,visible_pixel_support,False,visible_candidate,line-uct-test-a22-000337,5.1666820813992445,"example-reviewer",accepted,,False,continuous,0,336,curve-uct-test-a22-000337,reviewed_visible_observation,confirmed_continuous_curve
uct-test-a22,1.0989550324596622,0.1298322099065331,0.001434130905212605,0.0011864352246585552,507,384.0,,0.5,0.5,1,,visible_pixel_support,False,visible_candidate,line-uct-test-a22-000338,7.654326684005696,"example-reviewer",accepted,,False,continuous,0,337,curve-uct-test-a22-000338,reviewed_visible_observation,confirmed_continuous_curve
uct-test-a22,1.1046915560805122,0.12508646900789888,0.001434130905212605,0.0011864352246585552,509,386.0,,1.0,0.5,2,,visible_pixel_support,False,visible_candidate,line-uct-test-a22-000339,6.601098507972324,"example-reviewer",accepted,,True,continuous,0,338,curve-uct-test-a22-000339,reviewed_visible_observation,confirmed_continuous_curve
uct-test-a22,1.1075598178909372,0.12271359855858177,0.001434130905212605,0.0011864352246585552,510,387.0,,1.0,0.5,2,,visible_pixel_support,False,visible_candidate,line-uct-test-a22-000340,6.059725516428102,"example-reviewer",accepted,,False,continuous,0,339,curve-uct-test-a22-000340,reviewed_visible_observation,confirmed_continuous_curve
uct-test-a22,1.1104280797013621,0.12508646900789888,0.001434130905212605,0.0011864352246585552,511,386.0,,0.5,0.5,1,,visible_pixel_support,False,visible_candidate,line-uct-test-a22-000341,7.508179780596038,"example-reviewer",accepted,,False,continuous,0,340,curve-uct-test-a22-000341,reviewed_visible_observation,confirmed_continuous_curve
uct-test-a22,1.1132963415117871,0.12034072810926477,0.001434130905212605,0.0011864352246585552,512,388.0,,0.5,0.5,2,,visible_pixel_support,False,visible_candidate,line-uct-test-a22-000342,5.946211194023931,"example-reviewer",accepted,,False,continuous,0,341,curve-uct-test-a22-000342,reviewed_visible_observation,confirmed_continuous_curve
uct-test-a22,1.1161646033222121,0.12034072810926477,0.001434130905212605,0.0011864352246585552,513,388.0,,0.5,0.5,2,,visible_pixel_support,False,visible_candidate,line-uct-test-a22-000343,6.373569650259526,"example-reviewer",accepted,,False,continuous,0,342,curve-uct-test-a22-000343,reviewed_visible_observation,confirmed_continuous_curve
uct-test-a22,1.1190328651326371,0.11796785765994766,0.001434130905212605,0.0011864352246585552,514,389.0,,0.5,0.5,2,,visible_pixel_support,False,visible_candidate,line-uct-test-a22-000344,5.790005042850794,"example-reviewer",accepted,,False,continuous,0,343,curve-uct-test-a22-000344,reviewed_visible_observation,confirmed_continuous_curve
uct-test-a22,1.121901126943062,0.11796785765994766,0.001434130905212605,0.0011864352246585552,515,389.0,,0.5,0.5,2,,visible_pixel_support,False,visible_candidate,line-uct-test-a22-000345,6.195267265345478,"example-reviewer",accepted,,False,continuous,0,344,curve-uct-test-a22-000345,reviewed_visible_observation,confirmed_continuous_curve
uct-test-a22,1.127637650563912,0.12034072810926477,0.001434130905212605,0.0011864352246585552,517,388.0,,0.5,0.5,2,,visible_pixel_support,False,visible_candidate,line-uct-test-a22-000346,7.971271774236641,"example-reviewer",accepted,,True,continuous,0,345,curve-uct-test-a22-000346,reviewed_visible_observation,confirmed_continuous_curve
uct-test-a22,1.133374174184762,0.12271359855858177,0.001434130905212605,0.0011864352246585552,519,387.0,,0.5,0.5,1,,visible_pixel_support,False,visible_candidate,line-uct-test-a22-000347,9.699582325315646,"example-reviewer",accepted,,True,continuous,0,346,curve-uct-test-a22-000347,reviewed_visible_observation,confirmed_continuous_curve
uct-test-a22,1.141978959616037,0.12034072810926477,0.001434130905212605,0.0011864352246585552,522,388.0,,0.5,0.5,1,,visible_pixel_support,False,visible_candidate,line-uct-test-a22-000348,9.698245118123396,"example-reviewer",accepted,,True,continuous,0,347,curve-uct-test-a22-000348,reviewed_visible_observation,confirmed_continuous_curve
uct-test-a22,1.144847221426462,0.11559498721063055,0.001434130905212605,0.0011864352246585552,523,390.0,,0.5,0.5,2,,visible_pixel_support,False,visible_candidate,line-uct-test-a22-000349,8.005118147567828,"example-reviewer",accepted,,False,continuous,0,348,curve-uct-test-a22-000349,reviewed_visible_observation,confirmed_continuous_curve
uct-test-a22,1.147715483236887,0.11322211676131344,0.001434130905212605,0.0011864352246585552,524,391.0,,1.0,0.5,3,,visible_pixel_support,False,visible_candidate,line-uct-test-a22-000350,7.2985670488461665,"example-reviewer",accepted,,False,continuous,0,349,curve-uct-test-a22-000350,reviewed_visible_observation,confirmed_continuous_curve
uct-test-a22,1.150583745047312,0.10847637586267922,0.001434130905212605,0.0011864352246585552,525,393.0,,1.5,0.5,2,,visible_pixel_support,False,visible_candidate,line-uct-test-a22-000351,5.57834171550644,"example-reviewer",accepted,,False,continuous,0,350,curve-uct-test-a22-000351,reviewed_visible_observation,confirmed_continuous_curve
uct-test-a22,1.153452006857737,0.10610350541336211,0.001434130905212605,0.0011864352246585552,526,394.0,,0.5,0.5,1,,visible_pixel_support,False,visible_candidate,line-uct-test-a22-000352,4.844192041096278,"example-reviewer",accepted,,False,continuous,0,351,curve-uct-test-a22-000352,reviewed_visible_observation,confirmed_continuous_curve
uct-test-a22,1.1563202686681622,0.103730634964045,0.001434130905212605,0.0011864352246585552,527,395.0,,1.0,0.5,2,,visible_pixel_support,False,visible_candidate,line-uct-test-a22-000353,4.095867919163595,"example-reviewer",accepted,,False,continuous,0,352,curve-uct-test-a22-000353,reviewed_visible_observation,confirmed_continuous_curve
uct-test-a22,1.1591885304785872,0.103730634964045,0.001434130905212605,0.0011864352246585552,528,395.0,,0.5,0.5,2,,visible_pixel_support,False,visible_candidate,line-uct-test-a22-000354,4.333119243256306,"example-reviewer",accepted,,False,continuous,0,353,curve-uct-test-a22-000354,reviewed_visible_observation,confirmed_continuous_curve
uct-test-a22,1.1649250540994371,0.11559498721063055,0.001434130905212605,0.0011864352246585552,530,390.0,,0.5,0.5,1,,visible_pixel_support,False,visible_candidate,line-uct-test-a22-000355,9.763347803708882,"example-reviewer",accepted,,True,continuous,0,354,curve-uct-test-a22-000355,reviewed_visible_observation,confirmed_continuous_curve
uct-test-a22,1.1677933159098621,0.10610350541336211,0.001434130905212605,0.0011864352246585552,531,394.0,,2.0,0.5,2,,visible_pixel_support,False,visible_candidate,line-uct-test-a22-000356,5.95582482716452,"example-reviewer",accepted,,False,continuous,0,355,curve-uct-test-a22-000356,reviewed_visible_observation,confirmed_continuous_curve
uct-test-a22,1.1706615777202871,0.103730634964045,0.001434130905212605,0.0011864352246585552,532,395.0,,0.5,0.5,2,,visible_pixel_support,False,visible_candidate,line-uct-test-a22-000357,5.132876870836753,"example-reviewer",accepted,,False,continuous,0,356,curve-uct-test-a22-000357,reviewed_visible_observation,confirmed_continuous_curve
uct-test-a22,1.173529839530712,0.103730634964045,0.001434130905212605,0.0011864352246585552,533,395.0,,2.0,0.5,3,,visible_pixel_support,False,visible_candidate,line-uct-test-a22-000358,5.294253828273611,"example-reviewer",accepted,,False,continuous,0,357,curve-uct-test-a22-000358,reviewed_visible_observation,confirmed_continuous_curve
uct-test-a22,1.176398101341137,0.10610350541336211,0.001434130905212605,0.0011864352246585552,534,394.0,,1.0,0.5,3,,visible_pixel_support,False,visible_candidate,line-uct-test-a22-000359,6.4397055930227225,"example-reviewer",accepted,,False,continuous,0,358,curve-uct-test-a22-000359,reviewed_visible_observation,confirmed_continuous_curve
uct-test-a22,1.179266363151562,0.103730634964045,0.001434130905212605,0.0011864352246585552,535,395.0,,1.5,0.5,3,,visible_pixel_support,False,visible_candidate,line-uct-test-a22-000360,5.5689820586320025,"example-reviewer",accepted,,False,continuous,0,359,curve-uct-test-a22-000360,reviewed_visible_observation,confirmed_continuous_curve
uct-test-a22,1.182134624961987,0.09898489406541089,0.001434130905212605,0.0011864352246585552,536,397.0,,1.0,0.5,3,,visible_pixel_support,False,visible_candidate,line-uct-test-a22-000361,3.6818331186493083,"example-reviewer",accepted,,False,continuous,0,360,curve-uct-test-a22-000361,reviewed_visible_observation,confirmed_continuous_curve
uct-test-a22,1.185002886772412,0.09661202361609378,0.001434130905212605,0.0011864352246585552,537,398.0,,1.5,0.5,3,,visible_pixel_support,False,visible_candidate,line-uct-test-a22-000362,2.7780086666224406,"example-reviewer",accepted,,False,continuous,0,361,curve-uct-test-a22-000362,reviewed_visible_observation,confirmed_continuous_curve
uct-test-a22,1.190739410393262,0.09186628271745956,0.001434130905212605,0.0011864352246585552,539,400.0,,4.5,0.5,4,,visible_pixel_support,False,visible_candidate,line-uct-test-a22-000363,0.9193328006276147,"example-reviewer",accepted,,True,continuous,0,362,curve-uct-test-a22-000363,reviewed_visible_observation,confirmed_continuous_curve
uct-test-a22,1.193607672203687,0.08949341226814245,0.001434130905212605,0.0011864352246585552,540,401.0,,5.0,0.5,4,,visible_pixel_support,False,visible_candidate,line-uct-test-a22-000364,0.036018826244742286,"example-reviewer",accepted,,False,continuous,0,363,curve-uct-test-a22-000364,reviewed_visible_observation,confirmed_continuous_curve
uct-test-a22,1.196475934014112,0.08949341226814245,0.001434130905212605,0.0011864352246585552,541,401.0,,5.0,0.5,4,,visible_pixel_support,False,visible_candidate,line-uct-test-a22-000365,0.009046390969842832,"example-reviewer",accepted,,False,continuous,0,364,curve-uct-test-a22-000365,reviewed_visible_observation,confirmed_continuous_curve
uct-test-a22,1.199344195824537,0.09423915316677667,0.001434130905212605,0.0011864352246585552,542,399.0,,5.0,0.5,6,,visible_pixel_support,False,visible_candidate,line-uct-test-a22-000366,2.0,"example-reviewer",accepted,,False,continuous,0,365,curve-uct-test-a22-000366,reviewed_visible_observation,confirmed_continuous_curve
uct-test-a22,1.202212457634962,0.09186628271745956,0.001434130905212605,0.0011864352246585552,543,400.0,,5.0,0.5,5,,visible_pixel_support,False,visible_candidate,line-uct-test-a22-000367,0.999806557391139,"example-reviewer",accepted,,False,continuous,0,366,curve-uct-test-a22-000367,reviewed_visible_observation,confirmed_continuous_curve
uct-test-a22,1.205080719445387,0.09423915316677667,0.001434130905212605,0.0011864352246585552,544,399.0,,1.0,0.5,3,,visible_pixel_support,False,visible_candidate,line-uct-test-a22-000368,1.9992256128095391,"example-reviewer",accepted,,False,continuous,0,367,curve-uct-test-a22-000368,reviewed_visible_observation,confirmed_continuous_curve
uct-test-a22,1.207948981255812,0.09423915316677667,0.001434130905212605,0.0011864352246585552,545,399.0,,0.5,0.5,1,,visible_pixel_support,False,visible_candidate,line-uct-test-a22-000369,1.9982562411227036,"example-reviewer",accepted,,False,continuous,0,368,curve-uct-test-a22-000369,reviewed_visible_observation,confirmed_continuous_curve
uct-test-a22,1.210817243066237,0.09423915316677667,0.001434130905212605,0.0011864352246585552,546,399.0,,0.5,0.5,2,,visible_pixel_support,False,visible_candidate,line-uct-test-a22-000370,1.9968975171981356,"example-reviewer",accepted,,False,continuous,0,369,curve-uct-test-a22-000370,reviewed_visible_observation,confirmed_continuous_curve
uct-test-a22,1.213685504876662,0.09661202361609378,0.001434130905212605,0.0011864352246585552,547,398.0,,3.5,0.5,2,,visible_pixel_support,False,visible_candidate,line-uct-test-a22-000371,2.9951485159032813,"example-reviewer",accepted,,False,continuous,0,370,curve-uct-test-a22-000371,reviewed_visible_observation,confirmed_continuous_curve
uct-test-a22,1.216553766687087,0.09661202361609378,0.001434130905212605,0.0011864352246585552,548,398.0,,3.0,0.5,4,,visible_pixel_support,False,visible_candidate,line-uct-test-a22-000372,2.993008312105701,"example-reviewer",accepted,,False,continuous,0,371,curve-uct-test-a22-000372,reviewed_visible_observation,confirmed_continuous_curve
uct-test-a22,1.219422028497512,0.09661202361609378,0.001434130905212605,0.0011864352246585552,549,398.0,,2.0,0.5,2,,visible_pixel_support,False,visible_candidate,line-uct-test-a22-000373,2.9904759806728407,"example-reviewer",accepted,,False,continuous,0,372,curve-uct-test-a22-000373,reviewed_visible_observation,confirmed_continuous_curve
uct-test-a22,1.222290290307937,0.09661202361609378,0.001434130905212605,0.0011864352246585552,550,398.0,,2.0,0.5,2,,visible_pixel_support,False,visible_candidate,line-uct-test-a22-000374,2.9875505964723175,"example-reviewer",accepted,,False,continuous,0,373,curve-uct-test-a22-000374,reviewed_visible_observation,confirmed_continuous_curve
uct-test-a22,1.2251585521183619,0.09661202361609378,0.001434130905212605,0.0011864352246585552,551,398.0,,2.5,0.5,4,,visible_pixel_support,False,visible_candidate,line-uct-test-a22-000375,2.984231234371464,"example-reviewer",accepted,,False,continuous,0,374,curve-uct-test-a22-000375,reviewed_visible_observation,confirmed_continuous_curve
uct-test-a22,1.2280268139287869,0.09661202361609378,0.001434130905212605,0.0011864352246585552,552,398.0,,2.5,0.5,3,,visible_pixel_support,False,visible_candidate,line-uct-test-a22-000376,2.98051696923784,"example-reviewer",accepted,,False,continuous,0,375,curve-uct-test-a22-000376,reviewed_visible_observation,confirmed_continuous_curve
uct-test-a22,1.2308950757392119,0.09661202361609378,0.001434130905212605,0.0011864352246585552,553,398.0,,3.0,0.5,5,,visible_pixel_support,False,visible_candidate,line-uct-test-a22-000377,2.976406875938949,"example-reviewer",accepted,,False,continuous,0,376,curve-uct-test-a22-000377,reviewed_visible_observation,confirmed_continuous_curve
uct-test-a22,1.2337633375496369,0.09898489406541089,0.001434130905212605,0.0011864352246585552,554,397.0,,3.0,0.5,5,,visible_pixel_support,False,visible_candidate,line-uct-test-a22-000378,3.9719000293422937,"example-reviewer",accepted,,False,continuous,0,377,curve-uct-test-a22-000378,reviewed_visible_observation,confirmed_continuous_curve
uct-test-a22,1.236631599360062,0.09898489406541089,0.001434130905212605,0.0011864352246585552,555,397.0,,3.0,0.5,5,,visible_pixel_support,False,visible_candidate,line-uct-test-a22-000379,3.9669955043153777,"example-reviewer",accepted,,False,continuous,0,378,curve-uct-test-a22-000379,reviewed_visible_observation,confirmed_continuous_curve
uct-test-a22,1.239499861170487,0.09898489406541089,0.001434130905212605,0.0011864352246585552,556,397.0,,3.5,0.5,5,,visible_pixel_support,False,visible_candidate,line-uct-test-a22-000380,3.961692375725761,"example-reviewer",accepted,,False,continuous,0,379,curve-uct-test-a22-000380,reviewed_visible_observation,confirmed_continuous_curve
uct-test-a22,1.242368122980912,0.09661202361609378,0.001434130905212605,0.0011864352246585552,557,398.0,,3.0,0.5,5,,visible_pixel_support,False,visible_candidate,line-uct-test-a22-000381,2.955989718440776,"example-reviewer",accepted,,False,continuous,0,380,curve-uct-test-a22-000381,reviewed_visible_observation,confirmed_continuous_curve
uct-test-a22,1.245236384791337,0.09661202361609378,0.001434130905212605,0.0011864352246585552,558,398.0,,3.5,0.5,6,,visible_pixel_support,False,visible_candidate,line-uct-test-a22-000382,2.9498866073280396,"example-reviewer",accepted,,False,continuous,0,381,curve-uct-test-a22-000382,reviewed_visible_observation,confirmed_continuous_curve
uct-test-a22,1.248104646601762,0.09661202361609378,0.001434130905212605,0.0011864352246585552,559,398.0,,3.5,0.5,6,,visible_pixel_support,False,visible_candidate,line-uct-test-a22-000383,2.9433821172549983,"example-reviewer",accepted,,False,continuous,0,382,curve-uct-test-a22-000383,reviewed_visible_observation,confirmed_continuous_curve
uct-test-a22,1.250972908412187,0.09661202361609378,0.001434130905212605,0.0011864352246585552,560,398.0,,3.0,0.5,5,,visible_pixel_support,False,visible_candidate,line-uct-test-a22-000384,2.936475323089212,"example-reviewer",accepted,,False,continuous,0,383,curve-uct-test-a22-000384,reviewed_visible_observation,confirmed_continuous_curve
uct-test-a22,1.253841170222612,0.09661202361609378,0.001434130905212605,0.0011864352246585552,561,398.0,,1.5,0.5,3,,visible_pixel_support,False,visible_candidate,line-uct-test-a22-000385,2.929165299698127,"example-reviewer",accepted,,False,continuous,0,384,curve-uct-test-a22-000385,reviewed_visible_observation,confirmed_continuous_curve
uct-test-a22,1.256709432033037,0.09661202361609378,0.001434130905212605,0.0011864352246585552,562,398.0,,2.5,0.5,5,,visible_pixel_support,False,visible_candidate,line-uct-test-a22-000386,2.9214511219491897,"example-reviewer",accepted,,False,continuous,0,385,curve-uct-test-a22-000386,reviewed_visible_observation,confirmed_continuous_curve
uct-test-a22,1.259577693843462,0.09423915316677667,0.001434130905212605,0.0011864352246585552,563,399.0,,2.5,0.5,3,,visible_pixel_support,False,visible_candidate,line-uct-test-a22-000387,1.9133318647100168,"example-reviewer",accepted,,False,continuous,0,386,curve-uct-test-a22-000387,reviewed_visible_observation,confirmed_continuous_curve
uct-test-a22,1.262445955653887,0.09186628271745956,0.001434130905212605,0.0011864352246585552,564,400.0,,4.0,0.5,6,,visible_pixel_support,False,visible_candidate,line-uct-test-a22-000388,0.9048066028481117,"example-reviewer",accepted,,False,continuous,0,387,curve-uct-test-a22-000388,reviewed_visible_observation,confirmed_continuous_curve
uct-test-a22,1.265314217464312,0.08712054181882534,0.001434130905212605,0.0011864352246585552,565,402.0,,5.0,0.5,3,,visible_pixel_support,False,visible_candidate,line-uct-test-a22-000389,1.10412558876925,"example-reviewer",accepted,,False,continuous,0,388,curve-uct-test-a22-000389,reviewed_visible_observation,confirmed_continuous_curve
uct-test-a22,1.268182479274737,0.08712054181882534,0.001434130905212605,0.0011864352246585552,566,402.0,,5.5,0.5,3,,visible_pixel_support,False,visible_candidate,line-uct-test-a22-000390,1.1134656352742809,"example-reviewer",accepted,,False,continuous,0,389,curve-uct-test-a22-000390,reviewed_visible_observation,confirmed_continuous_curve
uct-test-a22,1.271050741085162,0.08712054181882534,0.001434130905212605,0.0011864352246585552,567,402.0,,6.0,0.5,3,,visible_pixel_support,False,visible_candidate,line-uct-test-a22-000391,1.123214461799762,"example-reviewer",accepted,,False,continuous,0,390,curve-uct-test-a22-000391,reviewed_visible_observation,confirmed_continuous_curve
uct-test-a22,1.273919002895587,0.08237480092019123,0.001434130905212605,0.0011864352246585552,568,404.0,,6.0,0.5,2,,visible_pixel_support,False,visible_candidate,line-uct-test-a22-000392,3.1333729934779626,"example-reviewer",accepted,,False,continuous,0,391,curve-uct-test-a22-000392,reviewed_visible_observation,confirmed_continuous_curve
uct-test-a22,1.276787264706012,0.09423915316677667,0.001434130905212605,0.0011864352246585552,569,399.0,,2.5,0.5,2,,visible_pixel_support,False,visible_candidate,line-uct-test-a22-000393,1.8560578445585634,"example-reviewer",accepted,,False,continuous,0,392,curve-uct-test-a22-000393,reviewed_visible_observation,confirmed_continuous_curve
uct-test-a22,1.2796555265164369,0.08949341226814245,0.001434130905212605,0.0011864352246585552,570,401.0,,2.5,0.5,4,,visible_pixel_support,False,visible_candidate,line-uct-test-a22-000394,0.1549228728227945,"example-reviewer",accepted,,False,continuous,0,393,curve-uct-test-a22-000394,reviewed_visible_observation,confirmed_continuous_curve
uct-test-a22,1.2825237883268619,0.08949341226814245,0.001434130905212605,0.0011864352246585552,571,401.0,,2.0,0.5,3,,visible_pixel_support,False,visible_candidate,line-uct-test-a22-000395,0.1663160707544762,"example-reviewer",accepted,,False,continuous,0,394,curve-uct-test-a22-000395,reviewed_visible_observation,confirmed_continuous_curve
uct-test-a22,1.2853920501372869,0.08949341226814245,0.001434130905212605,0.0011864352246585552,572,401.0,,6.0,0.5,6,,visible_pixel_support,False,visible_candidate,line-uct-test-a22-000396,0.17812267436897855,"example-reviewer",accepted,,False,continuous,0,395,curve-uct-test-a22-000396,reviewed_visible_observation,confirmed_continuous_curve
uct-test-a22,1.2882603119477118,0.08949341226814245,0.001434130905212605,0.0011864352246585552,573,401.0,,6.0,0.5,7,,visible_pixel_support,False,visible_candidate,line-uct-test-a22-000397,0.19034360879874157,"example-reviewer",accepted,,False,continuous,0,396,curve-uct-test-a22-000397,reviewed_visible_observation,confirmed_continuous_curve
uct-test-a22,1.2911285737581368,0.08712054181882534,0.001434130905212605,0.0011864352246585552,574,402.0,,5.5,0.5,5,,visible_pixel_support,False,visible_candidate,line-uct-test-a22-000398,1.2029797991763758,"example-reviewer",accepted,,False,continuous,0,397,curve-uct-test-a22-000398,reviewed_visible_observation,confirmed_continuous_curve
uct-test-a22,1.2939968355685618,0.08949341226814245,0.001434130905212605,0.0011864352246585552,575,401.0,,5.5,0.5,7,,visible_pixel_support,False,visible_candidate,line-uct-test-a22-000399,0.21603217063437796,"example-reviewer",accepted,,False,continuous,0,398,curve-uct-test-a22-000399,reviewed_visible_observation,confirmed_continuous_curve
uct-test-a22,1.2968650973789868,0.09423915316677667,0.001434130905212605,0.0011864352246585552,576,399.0,,4.5,0.5,8,,visible_pixel_support,False,visible_candidate,line-uct-test-a22-000400,1.7704983516948687,"example-reviewer",accepted,,False,continuous,0,399,curve-uct-test-a22-000400,reviewed_visible_observation,confirmed_continuous_curve
uct-test-a22,1.2997333591894118,0.09661202361609378,0.001434130905212605,0.0011864352246585552,577,398.0,,1.5,0.5,4,,visible_pixel_support,False,visible_candidate,line-uct-test-a22-000401,2.75661084267864,"example-reviewer",accepted,,False,continuous,0,400,curve-uct-test-a22-000401,reviewed_visible_observation,confirmed_continuous_curve
uct-test-a22,1.3026016209998368,0.09661202361609378,0.001434130905212605,0.0011864352246585552,578,398.0,,1.0,0.5,3,,visible_pixel_support,False,visible_candidate,line-uct-test-a22-000402,2.7423043771846096,"example-reviewer",accepted,,False,continuous,0,401,curve-uct-test-a22-000402,reviewed_visible_observation,confirmed_continuous_curve
uct-test-a22,1.3054698828102618,0.09661202361609378,0.001434130905212605,0.0011864352246585552,579,398.0,,3.5,0.5,5,,visible_pixel_support,False,visible_candidate,line-uct-test-a22-000403,2.7275780300803376,"example-reviewer",accepted,,False,continuous,0,402,curve-uct-test-a22-000403,reviewed_visible_observation,confirmed_continuous_curve
uct-test-a22,1.3083381446206868,0.09661202361609378,0.001434130905212605,0.0011864352246585552,580,398.0,,3.0,0.5,7,,visible_pixel_support,False,visible_candidate,line-uct-test-a22-000404,2.7124308762331566,"example-reviewer",accepted,,False,continuous,0,403,curve-uct-test-a22-000404,reviewed_visible_observation,confirmed_continuous_curve
uct-test-a22,1.3112064064311117,0.09898489406541089,0.001434130905212605,0.0011864352246585552,581,397.0,,2.5,0.5,5,,visible_pixel_support,False,visible_candidate,line-uct-test-a22-000405,3.6968619905105697,"example-reviewer",accepted,,False,continuous,0,404,curve-uct-test-a22-000405,reviewed_visible_observation,confirmed_continuous_curve
uct-test-a22,1.3140746682415367,0.101357764514728,0.001434130905212605,0.0011864352246585552,582,396.0,,1.0,0.5,3,,visible_pixel_support,False,visible_candidate,line-uct-test-a22-000406,4.680870447780194,"example-reviewer",accepted,,False,continuous,0,405,curve-uct-test-a22-000406,reviewed_visible_observation,confirmed_continuous_curve
uct-test-a22,1.3169429300519617,0.09661202361609378,0.001434130905212605,0.0011864352246585552,583,398.0,,2.0,0.5,5,,visible_pixel_support,False,visible_candidate,line-uct-test-a22-000407,2.6644553229094186,"example-reviewer",accepted,,False,continuous,0,406,curve-uct-test-a22-000407,reviewed_visible_observation,confirmed_continuous_curve
uct-test-a22,1.319811191862387,0.09898489406541089,0.001434130905212605,0.0011864352246585552,584,397.0,,3.5,0.5,4,,visible_pixel_support,False,visible_candidate,line-uct-test-a22-000408,3.6476156907658037,"example-reviewer",accepted,,False,continuous,0,407,curve-uct-test-a22-000408,reviewed_visible_observation,confirmed_continuous_curve
uct-test-a22,1.322679453672812,0.09898489406541089,0.001434130905212605,0.0011864352246585552,585,397.0,,3.5,0.5,4,,visible_pixel_support,False,visible_candidate,line-uct-test-a22-000409,3.6303506262168526,"example-reviewer",accepted,,False,continuous,0,408,curve-uct-test-a22-000409,reviewed_visible_observation,confirmed_continuous_curve
uct-test-a22,1.325547715483237,0.09898489406541089,0.001434130905212605,0.0011864352246585552,586,397.0,,3.5,0.5,5,,visible_pixel_support,False,visible_candidate,line-uct-test-a22-000410,3.6126592041299546,"example-reviewer",accepted,,False,continuous,0,409,curve-uct-test-a22-000410,reviewed_visible_observation,confirmed_continuous_curve
uct-test-a22,1.328415977293662,0.09898489406541089,0.001434130905212605,0.0011864352246585552,587,397.0,,3.5,0.5,5,,visible_pixel_support,False,visible_candidate,line-uct-test-a22-000411,3.5945404993727834,"example-reviewer",accepted,,False,continuous,0,410,curve-uct-test-a22-000411,reviewed_visible_observation,confirmed_continuous_curve
uct-test-a22,1.3312842391040869,0.09661202361609378,0.001434130905212605,0.0011864352246585552,588,398.0,,3.5,0.5,3,,visible_pixel_support,False,visible_candidate,line-uct-test-a22-000412,2.5759935868126718,"example-reviewer",accepted,,False,continuous,0,411,curve-uct-test-a22-000412,reviewed_visible_observation,confirmed_continuous_curve
uct-test-a22,1.3341525009145119,0.09661202361609378,0.001434130905212605,0.0011864352246585552,589,398.0,,2.5,0.5,2,,visible_pixel_support,False,visible_candidate,line-uct-test-a22-000413,2.5570175413171796,"example-reviewer",accepted,,False,continuous,0,412,curve-uct-test-a22-000413,reviewed_visible_observation,confirmed_continuous_curve
uct-test-a22,1.3370207627249369,0.09661202361609378,0.001434130905212605,0.0011864352246585552,590,398.0,,3.5,0.5,3,,visible_pixel_support,False,visible_candidate,line-uct-test-a22-000414,2.537611437753867,"example-reviewer",accepted,,False,continuous,0,413,curve-uct-test-a22-000414,reviewed_visible_observation,confirmed_continuous_curve
uct-test-a22,1.3398890245353618,0.09661202361609378,0.001434130905212605,0.0011864352246585552,591,398.0,,3.5,0.5,3,,visible_pixel_support,False,visible_candidate,line-uct-test-a22-000415,2.5177743509901234,"example-reviewer",accepted,,False,continuous,0,414,curve-uct-test-a22-000415,reviewed_visible_observation,confirmed_continuous_curve
uct-test-a22,1.3427572863457868,0.09661202361609378,0.001434130905212605,0.0011864352246585552,592,398.0,,3.5,0.5,5,,visible_pixel_support,False,visible_candidate,line-uct-test-a22-000416,2.4975053558935087,"example-reviewer",accepted,,False,continuous,0,415,curve-uct-test-a22-000416,reviewed_visible_observation,confirmed_continuous_curve
uct-test-a22,1.3456255481562118,0.09661202361609378,0.001434130905212605,0.0011864352246585552,593,398.0,,4.0,0.5,6,,visible_pixel_support,False,visible_candidate,line-uct-test-a22-000417,2.4768035273314126,"example-reviewer",accepted,,False,continuous,0,416,curve-uct-test-a22-000417,reviewed_visible_observation,confirmed_continuous_curve
uct-test-a22,1.3484938099666368,0.09423915316677667,0.001434130905212605,0.0011864352246585552,594,399.0,,4.5,0.5,5,,visible_pixel_support,False,visible_candidate,line-uct-test-a22-000418,1.4556679401715655,"example-reviewer",accepted,,False,continuous,0,417,curve-uct-test-a22-000418,reviewed_visible_observation,confirmed_continuous_curve
uct-test-a22,1.3513620717770618,0.08949341226814245,0.001434130905212605,0.0011864352246585552,595,401.0,,5.0,0.5,3,,visible_pixel_support,False,visible_candidate,line-uct-test-a22-000419,0.5659023307187567,"example-reviewer",accepted,,False,continuous,0,418,curve-uct-test-a22-000419,reviewed_visible_observation,confirmed_continuous_curve
uct-test-a22,1.3542303335874868,0.08949341226814245,0.001434130905212605,0.0011864352246585552,596,401.0,,5.5,0.5,4,,visible_pixel_support,False,visible_candidate,line-uct-test-a22-000420,0.5879082104719373,"example-reviewer",accepted,,False,continuous,0,419,curve-uct-test-a22-000420,reviewed_visible_observation,confirmed_continuous_curve
uct-test-a22,1.3570985953979118,0.08949341226814245,0.001434130905212605,0.0011864352246585552,597,401.0,,5.5,0.5,3,,visible_pixel_support,False,visible_candidate,line-uct-test-a22-000421,0.6103506242205299,"example-reviewer",accepted,,False,continuous,0,420,curve-uct-test-a22-000421,reviewed_visible_observation,confirmed_continuous_curve
uct-test-a22,1.3599668572083368,0.08949341226814245,0.001434130905212605,0.0011864352246585552,598,401.0,,5.5,0.5,4,,visible_pixel_support,False,visible_candidate,line-uct-test-a22-000422,0.6332304970970881,"example-reviewer",accepted,,False,continuous,0,421,curve-uct-test-a22-000422,reviewed_visible_observation,confirmed_continuous_curve
uct-test-a22,1.3628351190187618,0.08949341226814245,0.001434130905212605,0.0011864352246585552,599,401.0,,5.5,0.5,4,,visible_pixel_support,False,visible_candidate,line-uct-test-a22-000423,0.6565487542339952,"example-reviewer",accepted,,False,continuous,0,422,curve-uct-test-a22-000423,reviewed_visible_observation,confirmed_continuous_curve
uct-test-a22,1.3657033808291867,0.08712054181882534,0.001434130905212605,0.0011864352246585552,600,402.0,,5.5,0.5,3,,visible_pixel_support,False,visible_candidate,line-uct-test-a22-000424,1.6803063207638047,"example-reviewer",accepted,,False,continuous,0,423,curve-uct-test-a22-000424,reviewed_visible_observation,confirmed_continuous_curve
uct-test-a22,1.3685716426396117,0.08949341226814245,0.001434130905212605,0.0011864352246585552,601,401.0,,5.5,0.5,4,,visible_pixel_support,False,visible_candidate,line-uct-test-a22-000425,0.7045041218190704,"example-reviewer",accepted,,False,continuous,0,424,curve-uct-test-a22-000425,reviewed_visible_observation,confirmed_continuous_curve
uct-test-a22,1.3714399044500367,0.08949341226814245,0.001434130905212605,0.0011864352246585552,602,401.0,,5.5,0.5,4,,visible_pixel_support,False,visible_candidate,line-uct-test-a22-000426,0.7291430825322323,"example-reviewer",accepted,,False,continuous,0,425,curve-uct-test-a22-000426,reviewed_visible_observation,confirmed_continuous_curve
uct-test-a22,1.3743081662604617,0.09186628271745956,0.001434130905212605,0.0011864352246585552,603,400.0,,5.0,0.5,5,,visible_pixel_support,False,visible_candidate,line-uct-test-a22-000427,0.2457758719642129,"example-reviewer",accepted,,False,continuous,0,426,curve-uct-test-a22-000427,reviewed_visible_observation,confirmed_continuous_curve
uct-test-a22,1.3771764280708867,0.09423915316677667,0.001434130905212605,0.0011864352246585552,604,399.0,,4.0,0.5,3,,visible_pixel_support,False,visible_candidate,line-uct-test-a22-000428,1.2202518165376546,"example-reviewer",accepted,,False,continuous,0,427,curve-uct-test-a22-000428,reviewed_visible_observation,confirmed_continuous_curve
uct-test-a22,1.3800446898813117,0.09661202361609378,0.001434130905212605,0.0011864352246585552,605,398.0,,3.5,0.5,3,,visible_pixel_support,False,visible_candidate,line-uct-test-a22-000429,2.1942838260557664,"example-reviewer",accepted,,False,continuous,0,428,curve-uct-test-a22-000429,reviewed_visible_observation,confirmed_continuous_curve
uct-test-a22,1.3829129516917367,0.09898489406541089,0.001434130905212605,0.0011864352246585552,606,397.0,,3.0,0.5,2,,visible_pixel_support,False,visible_candidate,line-uct-test-a22-000430,3.167870975385938,"example-reviewer",accepted,,False,continuous,0,429,curve-uct-test-a22-000430,reviewed_visible_observation,confirmed_continuous_curve
uct-test-a22,1.3857812135021617,0.09898489406541089,0.001434130905212605,0.0011864352246585552,607,397.0,,3.0,0.5,3,,visible_pixel_support,False,visible_candidate,line-uct-test-a22-000431,3.1410123393956155,"example-reviewer",accepted,,False,continuous,0,430,curve-uct-test-a22-000431,reviewed_visible_observation,confirmed_continuous_curve
uct-test-a22,1.3886494753125866,0.09898489406541089,0.001434130905212605,0.0011864352246585552,608,397.0,,3.0,0.5,3,,visible_pixel_support,False,visible_candidate,line-uct-test-a22-000432,3.113706992952416,"example-reviewer",accepted,,False,continuous,0,431,curve-uct-test-a22-000432,reviewed_visible_observation,confirmed_continuous_curve
uct-test-a22,1.3915177371230116,0.10847637586267922,0.001434130905212605,0.0011864352246585552,609,393.0,,0.5,0.5,1,,visible_pixel_support,False,visible_candidate,line-uct-test-a22-000433,7.085954010923729,"example-reviewer",accepted,,False,continuous,0,432,curve-uct-test-a22-000433,reviewed_visible_observation,confirmed_continuous_curve
uct-test-a22,1.3943859989334366,0.101357764514728,0.001434130905212605,0.0011864352246585552,610,396.0,,1.5,0.5,2,,visible_pixel_support,False,visible_candidate,line-uct-test-a22-000434,4.057752468177114,"example-reviewer",accepted,,False,continuous,0,433,curve-uct-test-a22-000434,reviewed_visible_observation,confirmed_continuous_curve
uct-test-a22,1.3972542607438616,0.103730634964045,0.001434130905212605,0.0011864352246585552,611,395.0,,1.5,0.5,3,,visible_pixel_support,False,visible_candidate,line-uct-test-a22-000435,5.029101439580074,"example-reviewer",accepted,,False,continuous,0,434,curve-uct-test-a22-000435,reviewed_visible_observation,confirmed_continuous_curve
uct-test-a22,1.4001225225542868,0.103730634964045,0.001434130905212605,0.0011864352246585552,612,395.0,,2.5,0.5,3,,visible_pixel_support,False,visible_candidate,line-uct-test-a22-000436,5.0,"example-reviewer",accepted,,False,continuous,0,435,curve-uct-test-a22-000436,reviewed_visible_observation,confirmed_continuous_curve
uct-test-a22,1.4029907843647118,0.103730634964045,0.001434130905212605,0.0011864352246585552,613,395.0,,2.5,0.5,3,,visible_pixel_support,False,visible_candidate,line-uct-test-a22-000437,4.937976655484647,"example-reviewer",accepted,,False,continuous,0,436,curve-uct-test-a22-000437,reviewed_visible_observation,confirmed_continuous_curve
uct-test-a22,1.4058590461751368,0.103730634964045,0.001434130905212605,0.0011864352246585552,614,395.0,,0.5,0.5,1,,visible_pixel_support,False,visible_candidate,line-uct-test-a22-000438,4.812050204632385,"example-reviewer",accepted,,False,continuous,0,437,curve-uct-test-a22-000438,reviewed_visible_observation,confirmed_continuous_curve
uct-test-a22,1.4087273079855618,0.103730634964045,0.001434130905212605,0.0011864352246585552,615,395.0,,0.5,0.5,1,,visible_pixel_support,False,visible_candidate,line-uct-test-a22-000439,4.624455161137064,"example-reviewer",accepted,,False,continuous,0,438,curve-uct-test-a22-000439,reviewed_visible_observation,confirmed_continuous_curve
uct-test-a22,1.4144638316064118,0.10610350541336211,0.001434130905212605,0.0011864352246585552,617,394.0,,1.5,0.5,2,,visible_pixel_support,False,visible_candidate,line-uct-test-a22-000440,5.073197350992643,"example-reviewer",accepted,,True,continuous,0,439,curve-uct-test-a22-000440,reviewed_visible_observation,confirmed_continuous_curve
uct-test-a22,1.4173320934168367,0.10610350541336211,0.001434130905212605,0.0011864352246585552,618,394.0,,1.5,0.5,2,,visible_pixel_support,False,visible_candidate,line-uct-test-a22-000441,4.714003611731073,"example-reviewer",accepted,,False,continuous,0,440,curve-uct-test-a22-000441,reviewed_visible_observation,confirmed_continuous_curve
uct-test-a22,1.4202003552272617,0.11322211676131344,0.001434130905212605,0.0011864352246585552,619,391.0,,0.5,0.5,2,,visible_pixel_support,False,visible_candidate,line-uct-test-a22-000442,7.302079334601785,"example-reviewer",accepted,,False,continuous,0,441,curve-uct-test-a22-000442,reviewed_visible_observation,confirmed_continuous_curve
uct-test-a22,1.4230686170376867,0.10847637586267922,0.001434130905212605,0.0011864352246585552,620,393.0,,1.5,0.5,2,,visible_pixel_support,False,visible_candidate,line-uct-test-a22-000443,4.839659033298631,"example-reviewer",accepted,,False,continuous,0,442,curve-uct-test-a22-000443,reviewed_visible_observation,confirmed_continuous_curve
uct-test-a22,1.4259368788481117,0.10847637586267922,0.001434130905212605,0.0011864352246585552,621,393.0,,2.5,0.5,3,,visible_pixel_support,False,visible_candidate,line-uct-test-a22-000444,4.328977221515288,"example-reviewer",accepted,,False,continuous,0,443,curve-uct-test-a22-000444,reviewed_visible_observation,confirmed_continuous_curve
uct-test-a22,1.4288051406585367,0.10847637586267922,0.001434130905212605,0.0011864352246585552,622,393.0,,3.0,0.5,2,,visible_pixel_support,False,visible_candidate,line-uct-test-a22-000445,3.772268412945664,"example-reviewer",accepted,,False,continuous,0,444,curve-uct-test-a22-000445,reviewed_visible_observation,confirmed_continuous_curve
uct-test-a22,1.4316734024689617,0.10847637586267922,0.001434130905212605,0.0011864352246585552,623,393.0,,3.0,0.5,2,,visible_pixel_support,False,visible_candidate,line-uct-test-a22-000446,3.171767121283608,"example-reviewer",accepted,,False,continuous,0,445,curve-uct-test-a22-000446,reviewed_visible_observation,confirmed_continuous_curve
uct-test-a22,1.4345416642793867,0.10610350541336211,0.001434130905212605,0.0011864352246585552,624,394.0,,0.5,0.5,1,,visible_pixel_support,False,visible_candidate,line-uct-test-a22-000447,1.5297078602229703,"example-reviewer",accepted,,False,continuous,0,446,curve-uct-test-a22-000447,reviewed_visible_observation,confirmed_continuous_curve
uct-test-a22,1.4374099260898117,0.10610350541336211,0.001434130905212605,0.0011864352246585552,625,394.0,,0.5,0.5,1,,visible_pixel_support,False,visible_candidate,line-uct-test-a22-000448,0.8483251434574299,"example-reviewer",accepted,,False,continuous,0,447,curve-uct-test-a22-000448,reviewed_visible_observation,confirmed_continuous_curve
uct-test-a22,1.4402781879002367,0.10610350541336211,0.001434130905212605,0.0011864352246585552,626,394.0,,0.5,0.5,1,,visible_pixel_support,False,visible_candidate,line-uct-test-a22-000449,0.12985348468095026,"example-reviewer",accepted,,False,continuous,0,448,curve-uct-test-a22-000449,reviewed_visible_observation,confirmed_continuous_curve
uct-test-a22,1.4431464497106616,0.10610350541336211,0.001434130905212605,0.0011864352246585552,627,394.0,,5.5,0.5,4,,visible_pixel_support,False,visible_candidate,line-uct-test-a22-000450,0.6234726024126758,"example-reviewer",accepted,,False,continuous,0,449,curve-uct-test-a22-000450,reviewed_visible_observation,confirmed_continuous_curve
uct-test-a22,1.4460147115210866,0.10610350541336211,0.001434130905212605,0.0011864352246585552,628,394.0,,6.0,0.5,6,,visible_pixel_support,False,visible_candidate,line-uct-test-a22-000451,1.4094186041296553,"example-reviewer",accepted,,False,continuous,0,450,curve-uct-test-a22-000451,reviewed_visible_observation,confirmed_continuous_curve
uct-test-a22,1.4488829733315116,0.11796785765994766,0.001434130905212605,0.0011864352246585552,629,389.0,,6.5,0.5,8,,visible_pixel_support,False,visible_candidate,line-uct-test-a22-000452,2.7742499932238616,"example-reviewer",accepted,,False,continuous,0,451,curve-uct-test-a22-000452,reviewed_visible_observation,confirmed_continuous_curve
uct-test-a22,1.4517512351419366,0.10847637586267922,0.001434130905212605,0.0011864352246585552,630,393.0,,6.0,0.5,4,,visible_pixel_support,False,visible_candidate,line-uct-test-a22-000453,2.0702322966582756,"example-reviewer",accepted,,False,continuous,0,452,curve-uct-test-a22-000453,reviewed_visible_observation,confirmed_continuous_curve
uct-test-a22,1.4546194969523616,0.10847637586267922,0.001434130905212605,0.0011864352246585552,631,393.0,,5.5,0.5,3,,visible_pixel_support,False,visible_candidate,line-uct-test-a22-000454,2.9406309600822738,"example-reviewer",accepted,,False,continuous,0,453,curve-uct-test-a22-000454,reviewed_visible_observation,confirmed_continuous_curve
uct-test-a22,1.4574877587627866,0.10610350541336211,0.001434130905212605,0.0011864352246585552,632,394.0,,5.5,0.5,2,,visible_pixel_support,False,visible_candidate,line-uct-test-a22-000455,4.83471148335434,"example-reviewer",accepted,,False,continuous,0,454,curve-uct-test-a22-000455,reviewed_visible_observation,confirmed_continuous_curve
uct-test-a22,1.4603560205732116,0.11559498721063055,0.001434130905212605,0.0011864352246585552,633,390.0,,5.5,0.5,6,,visible_pixel_support,False,visible_candidate,line-uct-test-a22-000456,1.7502393527806248,"example-reviewer",accepted,,False,continuous,0,455,curve-uct-test-a22-000456,reviewed_visible_observation,confirmed_continuous_curve
uct-test-a22,1.4632242823836366,0.12271359855858177,0.001434130905212605,0.0011864352246585552,634,387.0,,5.0,0.5,10,,visible_pixel_support,False,visible_candidate,line-uct-test-a22-000457,0.315019945332665,"example-reviewer",accepted,,False,continuous,0,456,curve-uct-test-a22-000457,reviewed_visible_observation,confirmed_continuous_curve
uct-test-a22,1.4660925441940615,0.1298322099065331,0.001434130905212605,0.0011864352246585552,635,384.0,,2.0,0.5,3,,visible_pixel_support,False,visible_candidate,line-uct-test-a22-000458,2.363300924679379,"example-reviewer",accepted,,False,continuous,0,457,curve-uct-test-a22-000458,reviewed_visible_observation,confirmed_continuous_curve
uct-test-a22,1.4689608060044865,0.1322050803558502,0.001434130905212605,0.0011864352246585552,636,383.0,,2.0,0.5,2,,visible_pixel_support,False,visible_candidate,line-uct-test-a22-000459,2.3968380989534808,"example-reviewer",accepted,,False,continuous,0,458,curve-uct-test-a22-000459,reviewed_visible_observation,confirmed_continuous_curve
uct-test-a22,1.4718290678149115,0.13457795080516732,0.001434130905212605,0.0011864352246585552,637,382.0,,2.0,0.5,2,,visible_pixel_support,False,visible_candidate,line-uct-test-a22-000460,2.4178659818485357,"example-reviewer",accepted,,False,continuous,0,459,curve-uct-test-a22-000460,reviewed_visible_observation,confirmed_continuous_curve
uct-test-a22,1.4746973296253365,0.13695082125448443,0.001434130905212605,0.0011864352246585552,638,381.0,,2.0,0.5,2,,visible_pixel_support,False,visible_candidate,line-uct-test-a22-000461,2.428619087058564,"example-reviewer",accepted,,False,continuous,0,460,curve-uct-test-a22-000461,reviewed_visible_observation,confirmed_continuous_curve
uct-test-a22,1.4775655914357615,0.14169656215311854,0.001434130905212605,0.0011864352246585552,639,379.0,,2.5,0.5,4,,visible_pixel_support,False,visible_candidate,line-uct-test-a22-000462,3.4313319282773023,"example-reviewer",accepted,,False,continuous,0,461,curve-uct-test-a22-000462,reviewed_visible_observation,confirmed_continuous_curve
uct-test-a22,1.4804338532461865,0.14169656215311854,0.001434130905212605,0.0011864352246585552,640,379.0,,2.5,0.5,3,,visible_pixel_support,False,visible_candidate,line-uct-test-a22-000463,2.4282390191986565,"example-reviewer",accepted,,False,continuous,0,462,curve-uct-test-a22-000463,reviewed_visible_observation,confirmed_continuous_curve
uct-test-a22,1.4833021150566117,0.14644230305175276,0.001434130905212605,0.0011864352246585552,641,377.0,,2.5,0.5,4,,visible_pixel_support,False,visible_candidate,line-uct-test-a22-000464,3.421574873516363,"example-reviewer",accepted,,False,continuous,0,463,curve-uct-test-a22-000464,reviewed_visible_observation,confirmed_continuous_curve
uct-test-a22,1.4861703768670367,0.14881517350106988,0.001434130905212605,0.0011864352246585552,642,376.0,,2.5,0.5,4,,visible_pixel_support,False,visible_candidate,line-uct-test-a22-000465,3.4135740049242713,"example-reviewer",accepted,,False,continuous,0,464,curve-uct-test-a22-000465,reviewed_visible_observation,confirmed_continuous_curve
uct-test-a22,1.4890386386774617,0.15118804395038699,0.001434130905212605,0.0011864352246585552,643,375.0,,2.0,0.5,4,,visible_pixel_support,False,visible_candidate,line-uct-test-a22-000466,3.4064709271161746,"example-reviewer",accepted,,False,continuous,0,465,curve-uct-test-a22-000466,reviewed_visible_observation,confirmed_continuous_curve
uct-test-a22,1.4919069004878867,0.1535609143997041,0.001434130905212605,0.0011864352246585552,644,374.0,,3.0,0.5,2,,visible_pixel_support,False,visible_candidate,line-uct-test-a22-000467,3.4025001537859794,"example-reviewer",accepted,,False,continuous,0,466,curve-uct-test-a22-000467,reviewed_visible_observation,confirmed_continuous_curve
uct-test-a22,1.4947751622983116,0.16542526664628954,0.001434130905212605,0.0011864352246585552,645,369.0,,1.0,0.5,3,,visible_pixel_support,False,visible_candidate,line-uct-test-a22-000468,7.4038961986274785,"example-reviewer",accepted,,False,continuous,0,467,curve-uct-test-a22-000468,reviewed_visible_observation,confirmed_continuous_curve
uct-test-a22,1.4976434241087366,0.16779813709560665,0.001434130905212605,0.0011864352246585552,646,368.0,,0.5,0.5,1,,visible_pixel_support,False,visible_candidate,line-uct-test-a22-000469,7.412893575334465,"example-reviewer",accepted,,False,continuous,0,468,curve-uct-test-a22-000469,reviewed_visible_observation,confirmed_continuous_curve
uct-test-a22,1.5033799477295866,0.1583066552983382,0.001434130905212605,0.0011864352246585552,648,372.0,,4.0,0.5,2,,visible_pixel_support,False,visible_candidate,line-uct-test-a22-000470,1.462630379120185,"example-reviewer",accepted,,True,continuous,0,469,curve-uct-test-a22-000470,reviewed_visible_observation,confirmed_continuous_curve
uct-test-a22,1.5062482095400116,0.16067952574765532,0.001434130905212605,0.0011864352246585552,649,371.0,,3.5,0.5,2,,visible_pixel_support,False,visible_candidate,line-uct-test-a22-000471,1.5078388335866748,"example-reviewer",accepted,,False,continuous,0,470,curve-uct-test-a22-000471,reviewed_visible_observation,confirmed_continuous_curve
uct-test-a22,1.5091164713504366,0.16305239619697243,0.001434130905212605,0.0011864352246585552,650,370.0,,4.0,0.5,4,,visible_pixel_support,False,visible_candidate,line-uct-test-a22-000472,1.5695866746939373,"example-reviewer",accepted,,False,continuous,0,471,curve-uct-test-a22-000472,reviewed_visible_observation,confirmed_continuous_curve
uct-test-a22,1.5119847331608616,0.16305239619697243,0.001434130905212605,0.0011864352246585552,651,370.0,,4.5,0.5,4,,visible_pixel_support,False,visible_candidate,line-uct-test-a22-000473,0.6501084161358222,"example-reviewer",accepted,,False,continuous,0,472,curve-uct-test-a22-000473,reviewed_visible_observation,confirmed_continuous_curve
uct-test-a22,1.5148529949712866,0.16779813709560665,0.001434130905212605,0.0011864352246585552,652,368.0,,4.5,0.5,5,,visible_pixel_support,False,visible_candidate,line-uct-test-a22-000474,1.751638571606179,"example-reviewer",accepted,,False,continuous,0,473,curve-uct-test-a22-000474,reviewed_visible_observation,confirmed_continuous_curve
uct-test-a22,1.5177212567817115,0.16779813709560665,0.001434130905212605,0.0011864352246585552,653,368.0,,1.5,0.5,4,,visible_pixel_support,False,visible_candidate,line-uct-test-a22-000475,0.876411654798801,"example-reviewer",accepted,,False,continuous,0,474,curve-uct-test-a22-000475,reviewed_visible_observation,confirmed_continuous_curve
uct-test-a22,1.5205895185921365,0.17017100754492376,0.001434130905212605,0.0011864352246585552,654,367.0,,1.5,0.5,4,,visible_pixel_support,False,visible_candidate,line-uct-test-a22-000476,1.026662179407424,"example-reviewer",accepted,,False,continuous,0,475,curve-uct-test-a22-000476,reviewed_visible_observation,confirmed_continuous_curve
uct-test-a22,1.5234577804025615,0.17254387799424087,0.001434130905212605,0.0011864352246585552,655,366.0,,1.0,0.5,3,,visible_pixel_support,False,visible_candidate,line-uct-test-a22-000477,1.2046246591261252,"example-reviewer",accepted,,False,continuous,0,476,curve-uct-test-a22-000477,reviewed_visible_observation,confirmed_continuous_curve
uct-test-a22,1.5263260422129865,0.17017100754492376,0.001434130905212605,0.0011864352246585552,656,367.0,,0.5,0.5,1,,visible_pixel_support,False,visible_candidate,line-uct-test-a22-000478,0.5874663923514731,"example-reviewer",accepted,,False,continuous,0,477,curve-uct-test-a22-000478,reviewed_visible_observation,confirmed_continuous_curve
uct-test-a22,1.5291943040234115,0.17017100754492376,0.001434130905212605,0.0011864352246585552,657,367.0,,0.5,0.5,1,,visible_pixel_support,False,visible_candidate,line-uct-test-a22-000479,1.3473764613314643,"example-reviewer",accepted,,False,continuous,0,478,curve-uct-test-a22-000479,reviewed_visible_observation,confirmed_continuous_curve
uct-test-a22,1.5320625658338365,0.1820353597915092,0.001434130905212605,0.0011864352246585552,658,362.0,,4.0,0.5,5,,visible_pixel_support,False,visible_candidate,line-uct-test-a22-000480,2.927128965879888,"example-reviewer",accepted,,False,continuous,0,479,curve-uct-test-a22-000480,reviewed_visible_observation,confirmed_continuous_curve
uct-test-a22,1.5349308276442615,0.1820353597915092,0.001434130905212605,0.0011864352246585552,659,362.0,,5.5,0.5,6,,visible_pixel_support,False,visible_candidate,line-uct-test-a22-000481,2.238284402976433,"example-reviewer",accepted,,False,continuous,0,480,curve-uct-test-a22-000481,reviewed_visible_observation,confirmed_continuous_curve
uct-test-a22,1.5377990894546865,0.1844082302408263,0.001434130905212605,0.0011864352246585552,660,361.0,,5.0,0.5,7,,visible_pixel_support,False,visible_candidate,line-uct-test-a22-000482,2.588324363652191,"example-reviewer",accepted,,False,continuous,0,481,curve-uct-test-a22-000482,reviewed_visible_observation,confirmed_continuous_curve
uct-test-a22,1.5406673512651115,0.1844082302408263,0.001434130905212605,0.0011864352246585552,661,361.0,,4.5,0.5,8,,visible_pixel_support,False,visible_candidate,line-uct-test-a22-000483,1.9794833616006713,"example-reviewer",accepted,,False,continuous,0,482,curve-uct-test-a22-000483,reviewed_visible_observation,confirmed_continuous_curve
uct-test-a22,1.5435356130755364,0.1820353597915092,0.001434130905212605,0.0011864352246585552,662,362.0,,4.0,0.5,7,,visible_pixel_support,False,visible_candidate,line-uct-test-a22-000484,0.41399591051583684,"example-reviewer",accepted,,False,continuous,0,483,curve-uct-test-a22-000484,reviewed_visible_observation,confirmed_continuous_curve
uct-test-a22,1.5464038748859614,0.1820353597915092,0.001434130905212605,0.0011864352246585552,663,362.0,,4.0,0.5,7,,visible_pixel_support,False,visible_candidate,line-uct-test-a22-000485,0.10590347590834881,"example-reviewer",accepted,,False,continuous,0,484,curve-uct-test-a22-000485,reviewed_visible_observation,confirmed_continuous_curve
uct-test-a22,1.5492721366963864,0.17728961889287498,0.001434130905212605,0.0011864352246585552,664,364.0,,5.0,0.5,3,,visible_pixel_support,False,visible_candidate,line-uct-test-a22-000486,2.5779802839782633,"example-reviewer",accepted,,False,continuous,0,485,curve-uct-test-a22-000486,reviewed_visible_observation,confirmed_continuous_curve
uct-test-a22,1.5521403985068114,0.19864545293672886,0.001434130905212605,0.0011864352246585552,665,355.0,,0.5,0.5,1,,visible_pixel_support,False,visible_candidate,line-uct-test-a22-000487,6.0,"example-reviewer",accepted,,False,continuous,0,486,curve-uct-test-a22-000487,reviewed_visible_observation,confirmed_continuous_curve
uct-test-a22,1.5550086603172364,0.18678110069014342,0.001434130905212605,0.0011864352246585552,666,360.0,,5.0,0.5,5,,visible_pixel_support,False,visible_candidate,line-uct-test-a22-000488,0.6122870781005645,"example-reviewer",accepted,,False,continuous,0,487,curve-uct-test-a22-000488,reviewed_visible_observation,confirmed_continuous_curve
uct-test-a22,1.5578769221276614,0.18678110069014342,0.001434130905212605,0.0011864352246585552,667,360.0,,6.0,0.5,7,,visible_pixel_support,False,visible_candidate,line-uct-test-a22-000489,0.24091472892501997,"example-reviewer",accepted,,False,continuous,0,488,curve-uct-test-a22-000489,reviewed_visible_observation,confirmed_continuous_curve
uct-test-a22,1.5607451839380864,0.1844082302408263,0.001434130905212605,0.0011864352246585552,668,361.0,,7.0,0.5,6,,visible_pixel_support,False,visible_candidate,line-uct-test-a22-000490,1.115206419041499,"example-reviewer",accepted,,False,continuous,0,489,curve-uct-test-a22-000490,reviewed_visible_observation,confirmed_continuous_curve
uct-test-a22,1.5636134457485116,0.19627258248741175,0.001434130905212605,0.0011864352246585552,669,356.0,,7.5,0.5,4,,visible_pixel_support,False,visible_candidate,line-uct-test-a22-000491,3.5428342626859717,"example-reviewer",accepted,,False,continuous,0,490,curve-uct-test-a22-000491,reviewed_visible_observation,confirmed_continuous_curve
uct-test-a22,1.5664817075589366,0.1820353597915092,0.001434130905212605,0.0011864352246585552,670,362.0,,6.5,0.5,5,,visible_pixel_support,False,visible_candidate,line-uct-test-a22-000492,2.7860525974073767,"example-reviewer",accepted,,False,continuous,0,491,curve-uct-test-a22-000492,reviewed_visible_observation,confirmed_continuous_curve
uct-test-a22,1.5693499693693616,0.19627258248741175,0.001434130905212605,0.0011864352246585552,671,356.0,,4.5,0.5,3,,visible_pixel_support,False,visible_candidate,line-uct-test-a22-000493,2.897043629163477,"example-reviewer",accepted,,False,continuous,0,492,curve-uct-test-a22-000493,reviewed_visible_observation,confirmed_continuous_curve
uct-test-a22,1.5722182311797865,0.20101832338604597,0.001434130905212605,0.0011864352246585552,672,354.0,,6.5,0.5,2,,visible_pixel_support,False,visible_candidate,line-uct-test-a22-000494,4.59103357088361,"example-reviewer",accepted,,False,continuous,0,493,curve-uct-test-a22-000494,reviewed_visible_observation,confirmed_continuous_curve
uct-test-a22,1.5750864929902115,0.19864545293672886,0.001434130905212605,0.0011864352246585552,673,355.0,,6.0,0.5,3,,visible_pixel_support,False,visible_candidate,line-uct-test-a22-000495,3.2948278562381006,"example-reviewer",accepted,,False,continuous,0,494,curve-uct-test-a22-000495,reviewed_visible_observation,confirmed_continuous_curve
uct-test-a22,1.5779547548006365,0.19864545293672886,0.001434130905212605,0.0011864352246585552,674,355.0,,0.5,0.5,2,,visible_pixel_support,False,visible_candidate,line-uct-test-a22-000496,3.0073371137119693,"example-reviewer",accepted,,False,continuous,0,495,curve-uct-test-a22-000496,reviewed_visible_observation,confirmed_continuous_curve
uct-test-a22,1.5808230166110615,0.19864545293672886,0.001434130905212605,0.0011864352246585552,675,355.0,,0.5,0.5,1,,visible_pixel_support,False,visible_candidate,line-uct-test-a22-000497,2.727471971790294,"example-reviewer",accepted,,False,continuous,0,496,curve-uct-test-a22-000497,reviewed_visible_observation,confirmed_continuous_curve
uct-test-a22,1.5836912784214865,0.19864545293672886,0.001434130905212605,0.0011864352246585552,676,355.0,,0.5,0.5,2,,visible_pixel_support,False,visible_candidate,line-uct-test-a22-000498,2.454143058958323,"example-reviewer",accepted,,False,continuous,0,497,curve-uct-test-a22-000498,reviewed_visible_observation,confirmed_continuous_curve
uct-test-a22,1.5865595402319115,0.20101832338604597,0.001434130905212605,0.0011864352246585552,677,354.0,,0.5,0.5,1,,visible_pixel_support,False,visible_candidate,line-uct-test-a22-000499,3.1862610037009063,"example-reviewer",accepted,,False,continuous,0,498,curve-uct-test-a22-000499,reviewed_visible_observation,confirmed_continuous_curve
uct-test-a22,1.5894278020423365,0.20101832338604597,0.001434130905212605,0.0011864352246585552,678,354.0,,0.5,0.5,1,,visible_pixel_support,False,visible_candidate,line-uct-test-a22-000500,2.9227364345031788,"example-reviewer",accepted,,False,continuous,0,499,curve-uct-test-a22-000500,reviewed_visible_observation,confirmed_continuous_curve
uct-test-a22,1.5922960638527615,0.20101832338604597,0.001434130905212605,0.0011864352246585552,679,354.0,,0.5,0.5,1,,visible_pixel_support,False,visible_candidate,line-uct-test-a22-000501,2.662479979850218,"example-reviewer",accepted,,False,continuous,0,500,curve-uct-test-a22-000501,reviewed_visible_observation,confirmed_continuous_curve
uct-test-a22,1.5951643256631864,0.19864545293672886,0.001434130905212605,0.0011864352246585552,680,355.0,,0.5,0.5,2,,visible_pixel_support,False,visible_candidate,line-uct-test-a22-000502,1.4044022682271589,"example-reviewer",accepted,,False,continuous,0,501,curve-uct-test-a22-000502,reviewed_visible_observation,confirmed_continuous_curve
uct-test-a22,1.5980325874736114,0.19627258248741175,0.001434130905212605,0.0011864352246585552,681,356.0,,0.5,0.5,2,,visible_pixel_support,False,visible_candidate,line-uct-test-a22-000503,0.14741392811902188,"example-reviewer",accepted,,False,continuous,0,502,curve-uct-test-a22-000503,reviewed_visible_observation,confirmed_continuous_curve
uct-test-a22,1.6009008492840364,0.19389971203809464,0.001434130905212605,0.0011864352246585552,682,357.0,,0.5,0.5,1,,visible_pixel_support,False,visible_candidate,line-uct-test-a22-000504,1.109574411989115,"example-reviewer",accepted,,False,continuous,0,503,curve-uct-test-a22-000504,reviewed_visible_observation,confirmed_continuous_curve
uct-test-a22,1.6037691110944614,0.19389971203809464,0.001434130905212605,0.0011864352246585552,683,357.0,,0.5,0.5,1,,visible_pixel_support,False,visible_candidate,line-uct-test-a22-000505,1.3676521236121744,"example-reviewer",accepted,,False,continuous,0,504,curve-uct-test-a22-000505,reviewed_visible_observation,confirmed_continuous_curve
uct-test-a22,1.6066373729048864,0.19389971203809464,0.001434130905212605,0.0011864352246585552,684,357.0,,0.5,0.5,2,,visible_pixel_support,False,visible_candidate,line-uct-test-a22-000506,1.6279085782650782,"example-reviewer",accepted,,False,continuous,0,505,curve-uct-test-a22-000506,reviewed_visible_observation,confirmed_continuous_curve
uct-test-a22,1.6095056347153114,0.19152684158877764,0.001434130905212605,0.0011864352246585552,685,358.0,,0.5,0.5,1,,visible_pixel_support,False,visible_candidate,line-uct-test-a22-000507,2.8914331474628625,"example-reviewer",accepted,,False,continuous,0,506,curve-uct-test-a22-000507,reviewed_visible_observation,confirmed_continuous_curve
uct-test-a22,1.6123738965257364,0.19152684158877764,0.001434130905212605,0.0011864352246585552,686,358.0,,0.5,0.5,1,,visible_pixel_support,False,visible_candidate,line-uct-test-a22-000508,3.1593152027202223,"example-reviewer",accepted,,False,continuous,0,507,curve-uct-test-a22-000508,reviewed_visible_observation,confirmed_continuous_curve
uct-test-a22,1.6152421583361614,0.19389971203809464,0.001434130905212605,0.0011864352246585552,687,357.0,,0.5,0.5,1,,visible_pixel_support,False,visible_candidate,line-uct-test-a22-000509,2.432644115552307,"example-reviewer",accepted,,False,continuous,0,508,curve-uct-test-a22-000509,reviewed_visible_observation,confirmed_continuous_curve
uct-test-a22,1.6181104201465863,0.19864545293672886,0.001434130905212605,0.0011864352246585552,688,355.0,,1.0,0.5,2,,visible_pixel_support,False,visible_candidate,line-uct-test-a22-000510,0.7125092574739256,"example-reviewer",accepted,,False,continuous,0,509,curve-uct-test-a22-000510,reviewed_visible_observation,confirmed_continuous_curve
uct-test-a22,1.6209786819570113,0.19864545293672886,0.001434130905212605,0.0011864352246585552,689,355.0,,1.0,0.5,3,,visible_pixel_support,False,visible_candidate,line-uct-test-a22-000511,1.0,"example-reviewer",accepted,,False,continuous,0,510,curve-uct-test-a22-000511,reviewed_visible_observation,confirmed_continuous_curve
uct-test-a33,0.07498556613793866,0.06339183732565445,0.001434130905212494,0.0011864352246585552,150,412.0,,0.5,0.5,2,,visible_pixel_support,True,visible_candidate,line-uct-test-a33-000001,3.793663833572168,"example-reviewer",accepted,,True,continuous,0,0,curve-uct-test-a33-000001,reviewed_visible_observation,confirmed_continuous_curve
uct-test-a33,0.07785382794836365,0.06339183732565445,0.001434130905212494,0.0011864352246585552,151,412.0,,1.5,0.5,4,,visible_pixel_support,False,visible_candidate,line-uct-test-a33-000002,3.7769747824220303,"example-reviewer",accepted,,False,continuous,0,1,curve-uct-test-a33-000002,reviewed_visible_observation,confirmed_continuous_curve
uct-test-a33,0.08072208975878864,0.06339183732565445,0.001434130905212494,0.0011864352246585552,152,412.0,,1.5,0.5,4,,visible_pixel_support,False,visible_candidate,line-uct-test-a33-000003,3.7603283898305335,"example-reviewer",accepted,,False,continuous,0,2,curve-uct-test-a33-000003,reviewed_visible_observation,confirmed_continuous_curve
uct-test-a33,0.08359035156921368,0.06576470777497156,0.0014341309052125495,0.0011864352246585552,153,411.0,,2.0,0.5,5,,visible_pixel_support,False,visible_candidate,line-uct-test-a33-000004,2.7437171278166375,"example-reviewer",accepted,,False,continuous,0,3,curve-uct-test-a33-000004,reviewed_visible_observation,confirmed_continuous_curve
uct-test-a33,0.08645861337963867,0.06576470777497156,0.001434130905212494,0.0011864352246585552,154,411.0,,1.5,0.5,4,,visible_pixel_support,False,visible_candidate,line-uct-test-a33-000005,2.7271334683994723,"example-reviewer",accepted,,False,continuous,0,4,curve-uct-test-a33-000005,reviewed_visible_observation,confirmed_continuous_curve
uct-test-a33,0.08932687519006366,0.06813757822428856,0.001434130905212494,0.0011864352246585552,155,410.0,,2.0,0.5,5,,visible_pixel_support,False,visible_candidate,line-uct-test-a33-000006,1.7105698835981116,"example-reviewer",accepted,,False,continuous,0,5,curve-uct-test-a33-000006,reviewed_visible_observation,confirmed_continuous_curve
uct-test-a33,0.09219513700048865,0.06813757822428856,0.001434130905212494,0.0011864352246585552,156,410.0,,2.0,0.5,5,,visible_pixel_support,False,visible_candidate,line-uct-test-a33-000007,1.6940188454316285,"example-reviewer",accepted,,False,continuous,0,6,curve-uct-test-a33-000007,reviewed_visible_observation,confirmed_continuous_curve
uct-test-a33,0.09506339881091364,0.06813757822428856,0.001434130905212494,0.0011864352246585552,157,410.0,,2.0,0.5,5,,visible_pixel_support,False,visible_candidate,line-uct-test-a33-000008,1.6774728259190397,"example-reviewer",accepted,,False,continuous,0,7,curve-uct-test-a33-000008,reviewed_visible_observation,confirmed_continuous_curve
uct-test-a33,0.09793166062133862,0.06813757822428856,0.001434130905212494,0.0011864352246585552,158,410.0,,2.0,0.5,5,,visible_pixel_support,False,visible_candidate,line-uct-test-a33-000009,1.6609242970796458,"example-reviewer",accepted,,False,continuous,0,8,curve-uct-test-a33-000009,reviewed_visible_observation,confirmed_continuous_curve
uct-test-a33,0.10079992243176361,0.06813757822428856,0.001434130905212494,0.0011864352246585552,159,410.0,,2.0,0.5,5,,visible_pixel_support,False,visible_candidate,line-uct-test-a33-000010,1.6443657309321793,"example-reviewer",accepted,,False,continuous,0,9,curve-uct-test-a33-000010,reviewed_visible_observation,confirmed_continuous_curve
uct-test-a33,0.1036681842421886,0.07051044867360567,0.0014341309052125495,0.0011864352246585552,160,409.0,,2.0,0.5,5,,visible_pixel_support,False,visible_candidate,line-uct-test-a33-000011,0.6277895994959408,"example-reviewer",accepted,,False,continuous,0,10,curve-uct-test-a33-000011,reviewed_visible_observation,confirmed_continuous_curve
uct-test-a33,0.10653644605261364,0.07051044867360567,0.001434130905212494,0.0011864352246585552,161,409.0,,2.0,0.5,5,,visible_pixel_support,False,visible_candidate,line-uct-test-a33-000012,0.6111883747900038,"example-reviewer",accepted,,False,continuous,0,11,curve-uct-test-a33-000012,reviewed_visible_observation,confirmed_continuous_curve
uct-test-a33,0.10940470786303863,0.07051044867360567,0.001434130905212494,0.0011864352246585552,162,409.0,,2.0,0.5,5,,visible_pixel_support,False,visible_candidate,line-uct-test-a33-000013,0.594554528833271,"example-reviewer",accepted,,False,continuous,0,12,curve-uct-test-a33-000013,reviewed_visible_observation,confirmed_continuous_curve
uct-test-a33,0.11227296967346362,0.07051044867360567,0.001434130905212494,0.0011864352246585552,163,409.0,,1.5,0.5,4,,visible_pixel_support,False,visible_candidate,line-uct-test-a33-000014,0.5778805336450432,"example-reviewer",accepted,,False,continuous,0,13,curve-uct-test-a33-000014,reviewed_visible_observation,confirmed_continuous_curve
uct-test-a33,0.1151412314838886,0.07051044867360567,0.001434130905212494,0.0011864352246585552,164,409.0,,0.5,0.5,2,,visible_pixel_support,False,visible_candidate,line-uct-test-a33-000015,0.5611588612442233,"example-reviewer",accepted,,False,continuous,0,14,curve-uct-test-a33-000015,reviewed_visible_observation,confirmed_continuous_curve
uct-test-a33,0.13521906415686358,0.07051044867360567,0.001434130905212494,0.0011864352246585552,171,409.0,,0.5,0.5,2,,visible_pixel_support,False,visible_candidate,line-uct-test-a33-000016,0.4421398420899436,"example-reviewer",accepted,,True,continuous,0,15,curve-uct-test-a33-000016,reviewed_visible_observation,confirmed_continuous_curve
uct-test-a33,0.13808732596728857,0.07051044867360567,0.001434130905212494,0.0011864352246585552,172,409.0,,1.5,0.5,4,,visible_pixel_support,False,visible_candidate,line-uct-test-a33-000017,0.42476574467553974,"example-reviewer",accepted,,False,continuous,0,16,curve-uct-test-a33-000017,reviewed_visible_observation,confirmed_continuous_curve
uct-test-a33,0.14095558777771355,0.07051044867360567,0.001434130905212494,0.0011864352246585552,173,409.0,,2.0,0.5,5,,visible_pixel_support,False,visible_candidate,line-uct-test-a33-000018,0.4072762182203178,"example-reviewer",accepted,,False,continuous,0,17,curve-uct-test-a33-000018,reviewed_visible_observation,confirmed_continuous_curve
uct-test-a33,0.14382384958813854,0.07051044867360567,0.001434130905212494,0.0011864352246585552,174,409.0,,2.0,0.5,5,,visible_pixel_support,False,visible_candidate,line-uct-test-a33-000019,0.38966373474323746,"example-reviewer",accepted,,False,continuous,0,18,curve-uct-test-a33-000019,reviewed_visible_observation,confirmed_continuous_curve
uct-test-a33,0.14669211139856353,0.06813757822428856,0.001434130905212494,0.0011864352246585552,175,410.0,,2.0,0.5,5,,visible_pixel_support,False,visible_candidate,line-uct-test-a33-000020,1.3719207662635426,"example-reviewer",accepted,,False,continuous,0,19,curve-uct-test-a33-000020,reviewed_visible_observation,confirmed_continuous_curve
uct-test-a33,0.14956037320898852,0.06813757822428856,0.001434130905212494,0.0011864352246585552,176,410.0,,2.0,0.5,5,,visible_pixel_support,False,visible_candidate,line-uct-test-a33-000021,1.3540397848001362,"example-reviewer",accepted,,False,continuous,0,20,curve-uct-test-a33-000021,reviewed_visible_observation,confirmed_continuous_curve
uct-test-a33,0.1524286350194135,0.06813757822428856,0.001434130905212494,0.0011864352246585552,177,410.0,,2.0,0.5,5,,visible_pixel_support,False,visible_candidate,line-uct-test-a33-000022,1.3360132623722052,"example-reviewer",accepted,,False,continuous,0,21,curve-uct-test-a33-000022,reviewed_visible_observation,confirmed_continuous_curve
uct-test-a33,0.1552968968298386,0.06813757822428856,0.001434130905212605,0.0011864352246585552,178,410.0,,1.5,0.5,4,,visible_pixel_support,False,visible_candidate,line-uct-test-a33-000023,1.3178336709987093,"example-reviewer",accepted,,False,continuous,0,22,curve-uct-test-a33-000023,reviewed_visible_observation,confirmed_continuous_curve
uct-test-a33,0.1581651586402636,0.06813757822428856,0.001434130905212494,0.0011864352246585552,179,410.0,,2.0,0.5,5,,visible_pixel_support,False,visible_candidate,line-uct-test-a33-000024,1.2994934826987787,"example-reviewer",accepted,,False,continuous,0,23,curve-uct-test-a33-000024,reviewed_visible_observation,confirmed_continuous_curve
uct-test-a33,0.16103342045068858,0.06813757822428856,0.001434130905212494,0.0011864352246585552,180,410.0,,2.0,0.5,5,,visible_pixel_support,False,visible_candidate,line-uct-test-a33-000025,1.2809851694915437,"example-reviewer",accepted,,False,continuous,0,24,curve-uct-test-a33-000025,reviewed_visible_observation,confirmed_continuous_curve
uct-test-a33,0.16390168226111357,0.06813757822428856,0.001434130905212494,0.0011864352246585552,181,410.0,,2.0,0.5,5,,visible_pixel_support,False,visible_candidate,line-uct-test-a33-000026,1.262301203395964,"example-reviewer",accepted,,False,continuous,0,25,curve-uct-test-a33-000026,reviewed_visible_observation,confirmed_continuous_curve
uct-test-a33,0.16676994407153856,0.06813757822428856,0.001434130905212494,0.0011864352246585552,182,410.0,,2.0,0.5,5,,visible_pixel_support,False,visible_candidate,line-uct-test-a33-000027,1.2434340564312834,"example-reviewer",accepted,,False,continuous,0,26,curve-uct-test-a33-000027,reviewed_visible_observation,confirmed_continuous_curve
uct-test-a33,0.16963820588196354,0.06576470777497156,0.001434130905212494,0.0011864352246585552,183,411.0,,1.5,0.5,4,,visible_pixel_support,False,visible_candidate,line-uct-test-a33-000028,2.2243762006164616,"example-reviewer",accepted,,False,continuous,0,27,curve-uct-test-a33-000028,reviewed_visible_observation,confirmed_continuous_curve
uct-test-a33,0.17250646769238853,0.06576470777497156,0.001434130905212494,0.0011864352246585552,184,411.0,,1.5,0.5,4,,visible_pixel_support,False,visible_candidate,line-uct-test-a33-000029,2.205120107970572,"example-reviewer",accepted,,False,continuous,0,28,curve-uct-test-a33-000029,reviewed_visible_observation,confirmed_continuous_curve
uct-test-a33,0.17537472950281352,0.06339183732565445,0.001434130905212494,0.0011864352246585552,185,412.0,,0.5,0.5,1,,visible_pixel_support,False,visible_candidate,line-uct-test-a33-000030,3.185658250512688,"example-reviewer",accepted,,False,continuous,0,29,curve-uct-test-a33-000030,reviewed_visible_observation,confirmed_continuous_curve
uct-test-a33,0.19545256217578855,0.061018966876337344,0.001434130905212605,0.0011864352246585552,192,413.0,,1.5,0.5,4,,visible_pixel_support,False,visible_candidate,line-uct-test-a33-000031,4.0430314831743885,"example-reviewer",accepted,,True,continuous,0,30,curve-uct-test-a33-000031,reviewed_visible_observation,confirmed_continuous_curve
uct-test-a33,0.19832082398621353,0.061018966876337344,0.001434130905212494,0.0011864352246585552,193,413.0,,1.5,0.5,4,,visible_pixel_support,False,visible_candidate,line-uct-test-a33-000032,4.021652499907361,"example-reviewer",accepted,,False,continuous,0,31,curve-uct-test-a33-000032,reviewed_visible_observation,confirmed_continuous_curve
uct-test-a33,0.20118908579663852,0.061018966876337344,0.001434130905212494,0.0011864352246585552,194,413.0,,1.5,0.5,4,,visible_pixel_support,False,visible_candidate,line-uct-test-a33-000033,4.0,"example-reviewer",accepted,,False,continuous,0,32,curve-uct-test-a33-000033,reviewed_visible_observation,confirmed_continuous_curve
uct-test-a33,0.2040573476070635,0.061018966876337344,0.001434130905212494,0.0011864352246585552,195,413.0,,1.5,0.5,4,,visible_pixel_support,False,visible_candidate,line-uct-test-a33-000034,3.9776135790878016,"example-reviewer",accepted,,False,continuous,0,33,curve-uct-test-a33-000034,reviewed_visible_observation,confirmed_continuous_curve
uct-test-a33,0.2069256094174885,0.061018966876337344,0.001434130905212494,0.0011864352246585552,196,413.0,,2.0,0.5,5,,visible_pixel_support,False,visible_candidate,line-uct-test-a33-000035,3.9540667094925084,"example-reviewer",accepted,,False,continuous,0,34,curve-uct-test-a33-000035,reviewed_visible_observation,confirmed_continuous_curve
uct-test-a33,0.2097938712279135,0.061018966876337344,0.001434130905212494,0.0011864352246585552,197,413.0,,1.5,0.5,4,,visible_pixel_support,False,visible_candidate,line-uct-test-a33-000036,3.9294026782625906,"example-reviewer",accepted,,False,continuous,0,35,curve-uct-test-a33-000036,reviewed_visible_observation,confirmed_continuous_curve
uct-test-a33,0.21266213303833847,0.061018966876337344,0.001434130905212494,0.0011864352246585552,198,413.0,,1.5,0.5,4,,visible_pixel_support,False,visible_candidate,line-uct-test-a33-000037,3.9036647724464615,"example-reviewer",accepted,,False,continuous,0,36,curve-uct-test-a33-000037,reviewed_visible_observation,confirmed_continuous_curve
uct-test-a33,0.21553039484876346,0.061018966876337344,0.001434130905212494,0.0011864352246585552,199,413.0,,1.5,0.5,4,,visible_pixel_support,False,visible_candidate,line-uct-test-a33-000038,3.876896279092705,"example-reviewer",accepted,,False,continuous,0,37,curve-uct-test-a33-000038,reviewed_visible_observation,confirmed_continuous_curve
uct-test-a33,0.21839865665918845,0.061018966876337344,0.001434130905212494,0.0011864352246585552,200,413.0,,1.5,0.5,4,,visible_pixel_support,False,visible_candidate,line-uct-test-a33-000039,3.849140485249791,"example-reviewer",accepted,,False,continuous,0,38,curve-uct-test-a33-000039,reviewed_visible_observation,confirmed_continuous_curve
uct-test-a33,0.22126691846961344,0.061018966876337344,0.001434130905212494,0.0011864352246585552,201,413.0,,1.5,0.5,4,,visible_pixel_support,False,visible_candidate,line-uct-test-a33-000040,3.8204406779661326,"example-reviewer",accepted,,False,continuous,0,39,curve-uct-test-a33-000040,reviewed_visible_observation,confirmed_continuous_curve
uct-test-a33,0.22413518028003843,0.061018966876337344,0.001434130905212494,0.0011864352246585552,202,413.0,,1.5,0.5,4,,visible_pixel_support,False,visible_candidate,line-uct-test-a33-000041,3.7908401442901436,"example-reviewer",accepted,,False,continuous,0,40,curve-uct-test-a33-000041,reviewed_visible_observation,confirmed_continuous_curve
uct-test-a33,0.22700344209046341,0.061018966876337344,0.001434130905212494,0.0011864352246585552,203,413.0,,2.0,0.5,5,,visible_pixel_support,False,visible_candidate,line-uct-test-a33-000042,3.7603821712704075,"example-reviewer",accepted,,False,continuous,0,41,curve-uct-test-a33-000042,reviewed_visible_observation,confirmed_continuous_curve
uct-test-a33,0.2298717039008884,0.061018966876337344,0.001434130905212494,0.0011864352246585552,204,413.0,,1.5,0.5,4,,visible_pixel_support,False,visible_candidate,line-uct-test-a33-000043,3.7291100459553945,"example-reviewer",accepted,,False,continuous,0,42,curve-uct-test-a33-000043,reviewed_visible_observation,confirmed_continuous_curve
uct-test-a33,0.2327399657113134,0.061018966876337344,0.001434130905212494,0.0011864352246585552,205,413.0,,1.0,0.5,3,,visible_pixel_support,False,visible_candidate,line-uct-test-a33-000044,3.6970670553935747,"example-reviewer",accepted,,False,continuous,0,43,curve-uct-test-a33-000044,reviewed_visible_observation,confirmed_continuous_curve
uct-test-a33,0.23560822752173838,0.05864609642702023,0.001434130905212605,0.0011864352246585552,206,414.0,,0.5,0.5,1,,visible_pixel_support,False,visible_candidate,line-uct-test-a33-000045,4.664296486633475,"example-reviewer",accepted,,False,continuous,0,44,curve-uct-test-a33-000045,reviewed_visible_observation,confirmed_continuous_curve
uct-test-a33,0.2556860601947134,0.061018966876337344,0.001434130905212494,0.0011864352246585552,213,413.0,,0.5,0.5,2,,visible_pixel_support,False,visible_candidate,line-uct-test-a33-000046,3.418166427830215,"example-reviewer",accepted,,True,continuous,0,45,curve-uct-test-a33-000046,reviewed_visible_observation,confirmed_continuous_curve
uct-test-a33,0.2585543220051384,0.061018966876337344,0.001434130905212494,0.0011864352246585552,214,413.0,,1.5,0.5,4,,visible_pixel_support,False,visible_candidate,line-uct-test-a33-000047,3.381133567228403,"example-reviewer",accepted,,False,continuous,0,46,curve-uct-test-a33-000047,reviewed_visible_observation,confirmed_continuous_curve
uct-test-a33,0.2614225838155634,0.061018966876337344,0.001434130905212494,0.0011864352246585552,215,413.0,,1.5,0.5,4,,visible_pixel_support,False,visible_candidate,line-uct-test-a33-000048,3.343762711864372,"example-reviewer",accepted,,False,continuous,0,47,curve-uct-test-a33-000048,reviewed_visible_observation,confirmed_continuous_curve
uct-test-a33,0.26429084562598837,0.061018966876337344,0.001434130905212494,0.0011864352246585552,216,413.0,,1.5,0.5,4,,visible_pixel_support,False,visible_candidate,line-uct-test-a33-000049,3.3060971487868187,"example-reviewer",accepted,,False,continuous,0,48,curve-uct-test-a33-000049,reviewed_visible_observation,confirmed_continuous_curve
uct-test-a33,0.26715910743641336,0.061018966876337344,0.001434130905212494,0.0011864352246585552,217,413.0,,1.5,0.5,4,,visible_pixel_support,False,visible_candidate,line-uct-test-a33-000050,3.268180165044214,"example-reviewer",accepted,,False,continuous,0,49,curve-uct-test-a33-000050,reviewed_visible_observation,confirmed_continuous_curve
uct-test-a33,0.27002736924683834,0.061018966876337344,0.001434130905212494,0.0011864352246585552,218,413.0,,1.5,0.5,4,,visible_pixel_support,False,visible_candidate,line-uct-test-a33-000051,3.230055047684914,"example-reviewer",accepted,,False,continuous,0,50,curve-uct-test-a33-000051,reviewed_visible_observation,confirmed_continuous_curve
uct-test-a33,0.27289563105726333,0.061018966876337344,0.001434130905212494,0.0011864352246585552,219,413.0,,1.5,0.5,4,,visible_pixel_support,False,visible_candidate,line-uct-test-a33-000052,3.1917650837574456,"example-reviewer",accepted,,False,continuous,0,51,curve-uct-test-a33-000052,reviewed_visible_observation,confirmed_continuous_curve
uct-test-a33,0.2757638928676883,0.06339183732565445,0.001434130905212605,0.0011864352246585552,220,412.0,,2.0,0.5,5,,visible_pixel_support,False,visible_candidate,line-uct-test-a33-000053,2.153353560310336,"example-reviewer",accepted,,False,continuous,0,52,curve-uct-test-a33-000053,reviewed_visible_observation,confirmed_continuous_curve
uct-test-a33,0.2786321546781134,0.06339183732565445,0.001434130905212494,0.0011864352246585552,221,412.0,,1.5,0.5,4,,visible_pixel_support,False,visible_candidate,line-uct-test-a33-000054,2.1148637643919983,"example-reviewer",accepted,,False,continuous,0,53,curve-uct-test-a33-000054,reviewed_visible_observation,confirmed_continuous_curve
uct-test-a33,0.2815004164885384,0.06339183732565445,0.001434130905212494,0.0011864352246585552,222,412.0,,1.5,0.5,4,,visible_pixel_support,False,visible_candidate,line-uct-test-a33-000055,2.076338983050846,"example-reviewer",accepted,,False,continuous,0,54,curve-uct-test-a33-000055,reviewed_visible_observation,confirmed_continuous_curve
uct-test-a33,0.2843686782989634,0.06339183732565445,0.001434130905212494,0.0011864352246585552,223,412.0,,1.5,0.5,4,,visible_pixel_support,False,visible_candidate,line-uct-test-a33-000056,2.0378225033354056,"example-reviewer",accepted,,False,continuous,0,55,curve-uct-test-a33-000056,reviewed_visible_observation,confirmed_continuous_curve
uct-test-a33,0.2872369401093884,0.06339183732565445,0.001434130905212494,0.0011864352246585552,224,412.0,,1.5,0.5,4,,visible_pixel_support,False,visible_candidate,line-uct-test-a33-000057,1.9993576122943182,"example-reviewer",accepted,,False,continuous,0,56,curve-uct-test-a33-000057,reviewed_visible_observation,confirmed_continuous_curve
uct-test-a33,0.29010520191981337,0.06339183732565445,0.001434130905212494,0.0011864352246585552,225,412.0,,1.5,0.5,4,,visible_pixel_support,False,visible_candidate,line-uct-test-a33-000058,1.9609875969758264,"example-reviewer",accepted,,False,continuous,0,57,curve-uct-test-a33-000058,reviewed_visible_observation,confirmed_continuous_curve
uct-test-a33,0.29297346373023836,0.06339183732565445,0.001434130905212494,0.0011864352246585552,226,412.0,,1.5,0.5,4,,visible_pixel_support,False,visible_candidate,line-uct-test-a33-000059,1.922755744428514,"example-reviewer",accepted,,False,continuous,0,58,curve-uct-test-a33-000059,reviewed_visible_observation,confirmed_continuous_curve
uct-test-a33,0.29584172554066335,0.06339183732565445,0.001434130905212494,0.0011864352246585552,227,412.0,,0.5,0.5,2,,visible_pixel_support,False,visible_candidate,line-uct-test-a33-000060,1.884705341700851,"example-reviewer",accepted,,False,continuous,0,59,curve-uct-test-a33-000060,reviewed_visible_observation,confirmed_continuous_curve
uct-test-a33,0.31591955821363826,0.06339183732565445,0.001434130905212494,0.0011864352246585552,234,412.0,,0.5,0.5,1,,visible_pixel_support,False,visible_candidate,line-uct-test-a33-000061,1.6270692296288871,"example-reviewer",accepted,,True,continuous,0,60,curve-uct-test-a33-000061,reviewed_visible_observation,confirmed_continuous_curve
uct-test-a33,0.31878782002406336,0.06339183732565445,0.001434130905212605,0.0011864352246585552,235,412.0,,1.0,0.5,3,,visible_pixel_support,False,visible_candidate,line-uct-test-a33-000062,1.5920287592034583,"example-reviewer",accepted,,False,continuous,0,61,curve-uct-test-a33-000062,reviewed_visible_observation,confirmed_continuous_curve
uct-test-a33,0.32165608183448835,0.06339183732565445,0.001434130905212494,0.0011864352246585552,236,412.0,,1.5,0.5,4,,visible_pixel_support,False,visible_candidate,line-uct-test-a33-000063,1.557559322033967,"example-reviewer",accepted,,False,continuous,0,62,curve-uct-test-a33-000063,reviewed_visible_observation,confirmed_continuous_curve
uct-test-a33,0.32452434364491334,0.06339183732565445,0.001434130905212494,0.0011864352246585552,237,412.0,,1.5,0.5,4,,visible_pixel_support,False,visible_candidate,line-uct-test-a33-000064,1.5237042051687695,"example-reviewer",accepted,,False,continuous,0,63,curve-uct-test-a33-000064,reviewed_visible_observation,confirmed_continuous_curve
uct-test-a33,0.3273926054553383,0.06339183732565445,0.001434130905212494,0.0011864352246585552,238,412.0,,1.5,0.5,4,,visible_pixel_support,False,visible_candidate,line-uct-test-a33-000065,1.4905066956565065,"example-reviewer",accepted,,False,continuous,0,64,curve-uct-test-a33-000065,reviewed_visible_observation,confirmed_continuous_curve
uct-test-a33,0.3302608672657633,0.06339183732565445,0.001434130905212494,0.0011864352246585552,239,412.0,,1.5,0.5,4,,visible_pixel_support,False,visible_candidate,line-uct-test-a33-000066,1.4580100805455345,"example-reviewer",accepted,,False,continuous,0,65,curve-uct-test-a33-000066,reviewed_visible_observation,confirmed_continuous_curve
uct-test-a33,0.3331291290761883,0.06339183732565445,0.001434130905212494,0.0011864352246585552,240,412.0,,1.5,0.5,4,,visible_pixel_support,False,visible_candidate,line-uct-test-a33-000067,1.4262576468844372,"example-reviewer",accepted,,False,continuous,0,66,curve-uct-test-a33-000067,reviewed_visible_observation,confirmed_continuous_curve
uct-test-a33,0.3359973908866133,0.06339183732565445,0.001434130905212494,0.0011864352246585552,241,412.0,,1.5,0.5,4,,visible_pixel_support,False,visible_candidate,line-uct-test-a33-000068,1.395292681721628,"example-reviewer",accepted,,False,continuous,0,67,curve-uct-test-a33-000068,reviewed_visible_observation,confirmed_continuous_curve
uct-test-a33,0.3388656526970383,0.06339183732565445,0.001434130905212494,0.0011864352246585552,242,412.0,,1.5,0.5,4,,visible_pixel_support,False,visible_candidate,line-uct-test-a33-000069,1.36515847210552,"example-reviewer",accepted,,False,continuous,0,68,curve-uct-test-a33-000069,reviewed_visible_observation,confirmed_continuous_curve
uct-test-a33,0.34173391450746327,0.06339183732565445,0.001434130905212494,0.0011864352246585552,243,412.0,,1.5,0.5,4,,visible_pixel_support,False,visible_candidate,line-uct-test-a33-000070,1.3358983050846973,"example-reviewer",accepted,,False,continuous,0,69,curve-uct-test-a33-000070,reviewed_visible_observation,confirmed_continuous_curve
uct-test-a33,0.34460217631788825,0.06339183732565445,0.001434130905212494,0.0011864352246585552,244,412.0,,1.5,0.5,4,,visible_pixel_support,False,visible_candidate,line-uct-test-a33-000071,1.3075554677076298,"example-reviewer",accepted,,False,continuous,0,70,curve-uct-test-a33-000071,reviewed_visible_observation,confirmed_continuous_curve
uct-test-a33,0.34747043812831324,0.06339183732565445,0.001434130905212494,0.0011864352246585552,245,412.0,,1.5,0.5,4,,visible_pixel_support,False,visible_candidate,line-uct-test-a33-000072,1.2801732470227876,"example-reviewer",accepted,,False,continuous,0,71,curve-uct-test-a33-000072,reviewed_visible_observation,confirmed_continuous_curve
uct-test-a33,0.35033869993873823,0.06339183732565445,0.001434130905212494,0.0011864352246585552,246,412.0,,1.5,0.5,4,,visible_pixel_support,False,visible_candidate,line-uct-test-a33-000073,1.253794930078584,"example-reviewer",accepted,,False,continuous,0,72,curve-uct-test-a33-000073,reviewed_visible_observation,confirmed_continuous_curve
uct-test-a33,0.3532069617491632,0.06339183732565445,0.001434130905212494,0.0011864352246585552,247,412.0,,1.5,0.5,4,,visible_pixel_support,False,visible_candidate,line-uct-test-a33-000074,1.2284638039234892,"example-reviewer",accepted,,False,continuous,0,73,curve-uct-test-a33-000074,reviewed_visible_observation,confirmed_continuous_curve
uct-test-a33,0.3560752235595882,0.06339183732565445,0.001434130905212494,0.0011864352246585552,248,412.0,,1.0,0.5,3,,visible_pixel_support,False,visible_candidate,line-uct-test-a33-000075,1.204223155606087,"example-reviewer",accepted,,False,continuous,0,74,curve-uct-test-a33-000075,reviewed_visible_observation,confirmed_continuous_curve
uct-test-a33,0.3790213180429882,0.06339183732565445,0.001434130905212494,0.0011864352246585552,256,412.0,,1.0,0.5,3,,visible_pixel_support,False,visible_candidate,line-uct-test-a33-000076,1.0547496170381123,"example-reviewer",accepted,,True,continuous,0,75,curve-uct-test-a33-000076,reviewed_visible_observation,confirmed_continuous_curve
uct-test-a33,0.3818895798534132,0.06339183732565445,0.001434130905212494,0.0011864352246585552,257,412.0,,1.0,0.5,3,,visible_pixel_support,False,visible_candidate,line-uct-test-a33-000077,1.0422711864407006,"example-reviewer",accepted,,False,continuous,0,76,curve-uct-test-a33-000077,reviewed_visible_observation,confirmed_continuous_curve
uct-test-a33,0.3847578416638382,0.06576470777497156,0.001434130905212494,0.0011864352246585552,258,411.0,,1.5,0.5,4,,visible_pixel_support,False,visible_candidate,line-uct-test-a33-000078,0.0313161041656258,"example-reviewer",accepted,,False,continuous,0,77,curve-uct-test-a33-000078,reviewed_visible_observation,confirmed_continuous_curve
uct-test-a33,0.3876261034742632,0.06576470777497156,0.001434130905212494,0.0011864352246585552,259,411.0,,1.5,0.5,4,,visible_pixel_support,False,visible_candidate,line-uct-test-a33-000079,0.02192765726141488,"example-reviewer",accepted,,False,continuous,0,78,curve-uct-test-a33-000079,reviewed_visible_observation,confirmed_continuous_curve
uct-test-a33,0.39049436528468817,0.06576470777497156,0.001434130905212494,0.0011864352246585552,260,411.0,,1.5,0.5,4,,visible_pixel_support,False,visible_candidate,line-uct-test-a33-000080,0.014149132776594797,"example-reviewer",accepted,,False,continuous,0,79,curve-uct-test-a33-000080,reviewed_visible_observation,confirmed_continuous_curve
uct-test-a33,0.39336262709511316,0.06576470777497156,0.001434130905212494,0.0011864352246585552,261,411.0,,2.0,0.5,5,,visible_pixel_support,False,visible_candidate,line-uct-test-a33-000081,0.00802381775952199,"example-reviewer",accepted,,False,continuous,0,80,curve-uct-test-a33-000081,reviewed_visible_observation,confirmed_continuous_curve
uct-test-a33,0.39623088890553815,0.06576470777497156,0.001434130905212494,0.0011864352246585552,262,411.0,,2.0,0.5,5,,visible_pixel_support,False,visible_candidate,line-uct-test-a33-000082,0.0035949992587802626,"example-reviewer",accepted,,False,continuous,0,81,curve-uct-test-a33-000082,reviewed_visible_observation,confirmed_continuous_curve
uct-test-a33,0.39909915071596314,0.06576470777497156,0.001434130905212605,0.0011864352246585552,263,411.0,,2.0,0.5,5,,visible_pixel_support,False,visible_candidate,line-uct-test-a33-000083,0.0009059643227828929,"example-reviewer",accepted,,False,continuous,0,82,curve-uct-test-a33-000083,reviewed_visible_observation,confirmed_continuous_curve
uct-test-a33,0.40196741252638823,0.06576470777497156,0.001434130905212494,0.0011864352246585552,264,411.0,,2.0,0.5,5,,visible_pixel_support,False,visible_candidate,line-uct-test-a33-000084,0.0,"example-reviewer",accepted,,False,continuous,0,83,curve-uct-test-a33-000084,reviewed_visible_observation,confirmed_continuous_curve
uct-test-a33,0.4048356743368132,0.06576470777497156,0.001434130905212494,0.0011864352246585552,265,411.0,,1.5,0.5,4,,visible_pixel_support,False,visible_candidate,line-uct-test-a33-000085,0.0016442292746887688,"example-reviewer",accepted,,False,continuous,0,84,curve-uct-test-a33-000085,reviewed_visible_observation,confirmed_continuous_curve
uct-test-a33,0.4077039361472382,0.06576470777497156,0.001434130905212494,0.0011864352246585552,266,411.0,,1.5,0.5,4,,visible_pixel_support,False,visible_candidate,line-uct-test-a33-000086,0.006529618884371757,"example-reviewer",accepted,,False,continuous,0,85,curve-uct-test-a33-000086,reviewed_visible_observation,confirmed_continuous_curve
uct-test-a33,0.4105721979576632,0.06576470777497156,0.001434130905212494,0.0011864352246585552,267,411.0,,1.5,0.5,4,,visible_pixel_support,False,visible_candidate,line-uct-test-a33-000087,0.01458522150750241,"example-reviewer",accepted,,False,continuous,0,86,curve-uct-test-a33-000087,reviewed_visible_observation,confirmed_continuous_curve
uct-test-a33,0.4134404597680882,0.06576470777497156,0.001434130905212494,0.0011864352246585552,268,411.0,,1.5,0.5,4,,visible_pixel_support,False,visible_candidate,line-uct-test-a33-000088,0.02574008982247733,"example-reviewer",accepted,,False,continuous,0,87,curve-uct-test-a33-000088,reviewed_visible_observation,confirmed_continuous_curve
uct-test-a33,0.4163087215785132,0.06576470777497156,0.001434130905212494,0.0011864352246585552,269,411.0,,1.5,0.5,4,,visible_pixel_support,False,visible_candidate,line-uct-test-a33-000089,0.03992327650774996,"example-reviewer",accepted,,False,continuous,0,88,curve-uct-test-a33-000089,reviewed_visible_observation,confirmed_continuous_curve
uct-test-a33,0.41917698338893816,0.06576470777497156,0.001434130905212494,0.0011864352246585552,270,411.0,,0.5,0.5,2,,visible_pixel_support,False,visible_candidate,line-uct-test-a33-000090,0.057063834241887434,"example-reviewer",accepted,,False,continuous,0,89,curve-uct-test-a33-000090,reviewed_visible_observation,confirmed_continuous_curve
uct-test-a33,0.4392548160619131,0.06576470777497156,0.001434130905212605,0.0011864352246585552,277,411.0,,0.5,0.5,2,,visible_pixel_support,False,visible_candidate,line-uct-test-a33-000091,0.2538945527342662,"example-reviewer",accepted,,True,continuous,0,90,curve-uct-test-a33-000091,reviewed_visible_observation,confirmed_continuous_curve
uct-test-a33,0.4421230778723382,0.06576470777497156,0.001434130905212494,0.0011864352246585552,278,411.0,,1.5,0.5,4,,visible_pixel_support,False,visible_candidate,line-uct-test-a33-000092,0.2921399752821685,"example-reviewer",accepted,,False,continuous,0,91,curve-uct-test-a33-000092,reviewed_visible_observation,confirmed_continuous_curve
uct-test-a33,0.44499133968276317,0.06576470777497156,0.001434130905212494,0.0011864352246585552,279,411.0,,1.5,0.5,4,,visible_pixel_support,False,visible_candidate,line-uct-test-a33-000093,0.33270424298484613,"example-reviewer",accepted,,False,continuous,0,92,curve-uct-test-a33-000093,reviewed_visible_observation,confirmed_continuous_curve
uct-test-a33,0.44785960149318815,0.06576470777497156,0.001434130905212494,0.0011864352246585552,280,411.0,,2.0,0.5,5,,visible_pixel_support,False,visible_candidate,line-uct-test-a33-000094,0.375516408520582,"example-reviewer",accepted,,False,continuous,0,93,curve-uct-test-a33-000094,reviewed_visible_observation,confirmed_continuous_curve
uct-test-a33,0.45072786330361314,0.06576470777497156,0.001434130905212494,0.0011864352246585552,281,411.0,,2.0,0.5,5,,visible_pixel_support,False,visible_candidate,line-uct-test-a33-000095,0.4205055245679432,"example-reviewer",accepted,,False,continuous,0,94,curve-uct-test-a33-000095,reviewed_visible_observation,confirmed_continuous_curve
uct-test-a33,0.45359612511403813,0.06576470777497156,0.001434130905212494,0.0011864352246585552,282,411.0,,2.0,0.5,5,,visible_pixel_support,False,visible_candidate,line-uct-test-a33-000096,0.4676006438052127,"example-reviewer",accepted,,False,continuous,0,95,curve-uct-test-a33-000096,reviewed_visible_observation,confirmed_continuous_curve
uct-test-a33,0.4564643869244631,0.06813757822428856,0.001434130905212494,0.0011864352246585552,283,410.0,,1.5,0.5,4,,visible_pixel_support,False,visible_candidate,line-uct-test-a33-000097,0.48326918108898553,"example-reviewer",accepted,,False,continuous,0,96,curve-uct-test-a33-000097,reviewed_visible_observation,confirmed_continuous_curve
uct-test-a33,0.4593326487348881,0.06576470777497156,0.001434130905212494,0.0011864352246585552,284,411.0,,2.0,0.5,5,,visible_pixel_support,False,visible_candidate,line-uct-test-a33-000098,0.5678251025638588,"example-reviewer",accepted,,False,continuous,0,97,curve-uct-test-a33-000098,reviewed_visible_observation,confirmed_continuous_curve
uct-test-a33,0.4622009105453131,0.06576470777497156,0.001434130905212494,0.0011864352246585552,285,411.0,,2.0,0.5,5,,visible_pixel_support,False,visible_candidate,line-uct-test-a33-000099,0.6208125474419148,"example-reviewer",accepted,,False,continuous,0,98,curve-uct-test-a33-000099,reviewed_visible_observation,confirmed_continuous_curve
uct-test-a33,0.4650691723557381,0.06576470777497156,0.001434130905212494,0.0011864352246585552,286,411.0,,2.0,0.5,5,,visible_pixel_support,False,visible_candidate,line-uct-test-a33-000100,0.675622206223693,"example-reviewer",accepted,,False,continuous,0,99,curve-uct-test-a33-000100,reviewed_visible_observation,confirmed_continuous_curve
uct-test-a33,0.46793743416616307,0.06576470777497156,0.001434130905212494,0.0011864352246585552,287,411.0,,1.5,0.5,4,,visible_pixel_support,False,visible_candidate,line-uct-test-a33-000101,0.7321831315878171,"example-reviewer",accepted,,False,continuous,0,100,curve-uct-test-a33-000101,reviewed_visible_observation,confirmed_continuous_curve
uct-test-a33,0.47080569597658806,0.06576470777497156,0.001434130905212494,0.0011864352246585552,288,411.0,,2.0,0.5,5,,visible_pixel_support,False,visible_candidate,line-uct-test-a33-000102,0.7904243762125702,"example-reviewer",accepted,,False,continuous,0,101,curve-uct-test-a33-000102,reviewed_visible_observation,confirmed_continuous_curve
uct-test-a33,0.47367395778701304,0.06576470777497156,0.001434130905212494,0.0011864352246585552,289,411.0,,2.0,0.5,5,,visible_pixel_support,False,visible_candidate,line-uct-test-a33-000103,0.8502749927763489,"example-reviewer",accepted,,False,continuous,0,102,curve-uct-test-a33-000103,reviewed_visible_observation,confirmed_continuous_curve
uct-test-a33,0.47654221959743803,0.06576470777497156,0.001434130905212494,0.0011864352246585552,290,411.0,,1.5,0.5,4,,visible_pixel_support,False,visible_candidate,line-uct-test-a33-000104,0.9116640339577202,"example-reviewer",accepted,,False,continuous,0,103,curve-uct-test-a33-000104,reviewed_visible_observation,confirmed_continuous_curve
uct-test-a33,0.479410481407863,0.06576470777497156,0.001434130905212494,0.0011864352246585552,291,411.0,,0.5,0.5,2,,visible_pixel_support,False,visible_candidate,line-uct-test-a33-000105,0.9745205524350808,"example-reviewer",accepted,,False,continuous,0,104,curve-uct-test-a33-000105,reviewed_visible_observation,confirmed_continuous_curve
uct-test-a33,0.49948831408083805,0.06813757822428856,0.001434130905212494,0.0011864352246585552,298,410.0,,0.5,0.5,1,,visible_pixel_support,False,visible_candidate,line-uct-test-a33-000106,0.44964597105274606,"example-reviewer",accepted,,True,continuous,0,105,curve-uct-test-a33-000106,reviewed_visible_observation,confirmed_continuous_curve
uct-test-a33,0.502356575891263,0.07051044867360567,0.001434130905212494,0.0011864352246585552,299,409.0,,1.5,0.5,4,,visible_pixel_support,False,visible_candidate,line-uct-test-a33-000107,0.4783117956782803,"example-reviewer",accepted,,False,continuous,0,106,curve-uct-test-a33-000107,reviewed_visible_observation,confirmed_continuous_curve
uct-test-a33,0.505224837701688,0.06813757822428856,0.001434130905212494,0.0011864352246585552,300,410.0,,2.0,0.5,5,,visible_pixel_support,False,visible_candidate,line-uct-test-a33-000108,0.5945593889926499,"example-reviewer",accepted,,False,continuous,0,107,curve-uct-test-a33-000108,reviewed_visible_observation,confirmed_continuous_curve
uct-test-a33,0.508093099512113,0.06813757822428856,0.001434130905212494,0.0011864352246585552,301,410.0,,2.0,0.5,5,,visible_pixel_support,False,visible_candidate,line-uct-test-a33-000109,0.6681885777439334,"example-reviewer",accepted,,False,continuous,0,108,curve-uct-test-a33-000109,reviewed_visible_observation,confirmed_continuous_curve
uct-test-a33,0.510961361322538,0.06813757822428856,0.001434130905212494,0.0011864352246585552,302,410.0,,2.0,0.5,5,,visible_pixel_support,False,visible_candidate,line-uct-test-a33-000110,0.7425048232540234,"example-reviewer",accepted,,False,continuous,0,109,curve-uct-test-a33-000110,reviewed_visible_observation,confirmed_continuous_curve
uct-test-a33,0.513829623132963,0.06813757822428856,0.001434130905212494,0.0011864352246585552,303,410.0,,1.5,0.5,4,,visible_pixel_support,False,visible_candidate,line-uct-test-a33-000111,0.8174371782013736,"example-reviewer",accepted,,False,continuous,0,110,curve-uct-test-a33-000111,reviewed_visible_observation,confirmed_continuous_curve
uct-test-a33,0.516697884943388,0.06813757822428856,0.001434130905212494,0.0011864352246585552,304,410.0,,2.0,0.5,5,,visible_pixel_support,False,visible_candidate,line-uct-test-a33-000112,0.8929146952643805,"example-reviewer",accepted,,False,continuous,0,111,curve-uct-test-a33-000112,reviewed_visible_observation,confirmed_continuous_curve
uct-test-a33,0.519566146753813,0.06813757822428856,0.001434130905212494,0.0011864352246585552,305,410.0,,2.0,0.5,5,,visible_pixel_support,False,visible_candidate,line-uct-test-a33-000113,0.9688664271214975,"example-reviewer",accepted,,False,continuous,0,112,curve-uct-test-a33-000113,reviewed_visible_observation,confirmed_continuous_curve
uct-test-a33,0.5224344085642381,0.06813757822428856,0.001434130905212605,0.0011864352246585552,306,410.0,,2.0,0.5,5,,visible_pixel_support,False,visible_candidate,line-uct-test-a33-000114,1.045221426451235,"example-reviewer",accepted,,False,continuous,0,113,curve-uct-test-a33-000114,reviewed_visible_observation,confirmed_continuous_curve
uct-test-a33,0.525302670374663,0.06813757822428856,0.001434130905212494,0.0011864352246585552,307,410.0,,2.0,0.5,5,,visible_pixel_support,False,visible_candidate,line-uct-test-a33-000115,1.1219087459318757,"example-reviewer",accepted,,False,continuous,0,114,curve-uct-test-a33-000115,reviewed_visible_observation,confirmed_continuous_curve
uct-test-a33,0.528170932185088,0.06813757822428856,0.001434130905212494,0.0011864352246585552,308,410.0,,2.0,0.5,5,,visible_pixel_support,False,visible_candidate,line-uct-test-a33-000116,1.1988574382421007,"example-reviewer",accepted,,False,continuous,0,115,curve-uct-test-a33-000116,reviewed_visible_observation,confirmed_continuous_curve
uct-test-a33,0.531039193995513,0.06813757822428856,0.001434130905212494,0.0011864352246585552,309,410.0,,2.0,0.5,5,,visible_pixel_support,False,visible_candidate,line-uct-test-a33-000117,1.2759965560601358,"example-reviewer",accepted,,False,continuous,0,116,curve-uct-test-a33-000117,reviewed_visible_observation,confirmed_continuous_curve
uct-test-a33,0.533907455805938,0.06813757822428856,0.001434130905212494,0.0011864352246585552,310,410.0,,2.0,0.5,5,,visible_pixel_support,False,visible_candidate,line-uct-test-a33-000118,1.3532551520644347,"example-reviewer",accepted,,False,continuous,0,117,curve-uct-test-a33-000118,reviewed_visible_observation,confirmed_continuous_curve
uct-test-a33,0.536775717616363,0.07051044867360567,0.001434130905212494,0.0011864352246585552,311,409.0,,2.0,0.5,5,,visible_pixel_support,False,visible_candidate,line-uct-test-a33-000119,0.4305622789336212,"example-reviewer",accepted,,False,continuous,0,118,curve-uct-test-a33-000119,reviewed_visible_observation,confirmed_continuous_curve
uct-test-a33,0.539643979426788,0.07051044867360567,0.001434130905212494,0.0011864352246585552,312,409.0,,1.5,0.5,4,,visible_pixel_support,False,visible_candidate,line-uct-test-a33-000120,0.5078469893459783,"example-reviewer",accepted,,False,continuous,0,119,curve-uct-test-a33-000120,reviewed_visible_observation,confirmed_continuous_curve
uct-test-a33,0.5625900739101879,0.07051044867360567,0.001434130905212605,0.0011864352246585552,320,409.0,,1.0,0.5,3,,visible_pixel_support,False,visible_candidate,line-uct-test-a33-000121,1.1168040016124792,"example-reviewer",accepted,,True,continuous,0,120,curve-uct-test-a33-000121,reviewed_visible_observation,confirmed_continuous_curve
uct-test-a33,0.565458335720613,0.07051044867360567,0.001434130905212494,0.0011864352246585552,321,409.0,,2.0,0.5,5,,visible_pixel_support,False,visible_candidate,line-uct-test-a33-000122,1.1906943344433785,"example-reviewer",accepted,,False,continuous,0,121,curve-uct-test-a33-000122,reviewed_visible_observation,confirmed_continuous_curve
uct-test-a33,0.568326597531038,0.07051044867360567,0.001434130905212494,0.0011864352246585552,322,409.0,,2.0,0.5,5,,visible_pixel_support,False,visible_candidate,line-uct-test-a33-000123,1.263852777601869,"example-reviewer",accepted,,False,continuous,0,122,curve-uct-test-a33-000123,reviewed_visible_observation,confirmed_continuous_curve
uct-test-a33,0.571194859341463,0.07051044867360567,0.001434130905212494,0.0011864352246585552,323,409.0,,2.0,0.5,5,,visible_pixel_support,False,visible_candidate,line-uct-test-a33-000124,1.3362083837664045,"example-reviewer",accepted,,False,continuous,0,123,curve-uct-test-a33-000124,reviewed_visible_observation,confirmed_continuous_curve
uct-test-a33,0.574063121151888,0.07051044867360567,0.001434130905212494,0.0011864352246585552,324,409.0,,2.0,0.5,5,,visible_pixel_support,False,visible_candidate,line-uct-test-a33-000125,1.4076902056153813,"example-reviewer",accepted,,False,continuous,0,124,curve-uct-test-a33-000125,reviewed_visible_observation,confirmed_continuous_curve
uct-test-a33,0.5769313829623129,0.07288331912292279,0.001434130905212494,0.0011864352246585552,325,408.0,,2.0,0.5,5,,visible_pixel_support,False,visible_candidate,line-uct-test-a33-000126,0.4782272958272529,"example-reviewer",accepted,,False,continuous,0,125,curve-uct-test-a33-000126,reviewed_visible_observation,confirmed_continuous_curve
uct-test-a33,0.5797996447727379,0.07288331912292279,0.001434130905212494,0.0011864352246585552,326,408.0,,2.0,0.5,5,,visible_pixel_support,False,visible_candidate,line-uct-test-a33-000127,0.5477487070805864,"example-reviewer",accepted,,False,continuous,0,126,curve-uct-test-a33-000127,reviewed_visible_observation,confirmed_continuous_curve
uct-test-a33,0.5826679065831629,0.07288331912292279,0.001434130905212494,0.0011864352246585552,327,408.0,,2.0,0.5,5,,visible_pixel_support,False,visible_candidate,line-uct-test-a33-000128,0.6161834920535512,"example-reviewer",accepted,,False,continuous,0,127,curve-uct-test-a33-000128,reviewed_visible_observation,confirmed_continuous_curve
uct-test-a33,0.5855361683935879,0.07288331912292279,0.001434130905212494,0.0011864352246585552,328,408.0,,1.5,0.5,4,,visible_pixel_support,False,visible_candidate,line-uct-test-a33-000129,0.6834607034248847,"example-reviewer",accepted,,False,continuous,0,128,curve-uct-test-a33-000129,reviewed_visible_observation,confirmed_continuous_curve
uct-test-a33,0.5884044302040129,0.07288331912292279,0.001434130905212494,0.0011864352246585552,329,408.0,,2.0,0.5,5,,visible_pixel_support,False,visible_candidate,line-uct-test-a33-000130,0.7495093938728132,"example-reviewer",accepted,,False,continuous,0,129,curve-uct-test-a33-000130,reviewed_visible_observation,confirmed_continuous_curve
uct-test-a33,0.5912726920144379,0.07288331912292279,0.001434130905212494,0.0011864352246585552,330,408.0,,2.0,0.5,5,,visible_pixel_support,False,visible_candidate,line-uct-test-a33-000131,0.8142586160758469,"example-reviewer",accepted,,False,continuous,0,130,curve-uct-test-a33-000131,reviewed_visible_observation,confirmed_continuous_curve
uct-test-a33,0.5941409538248629,0.07288331912292279,0.001434130905212494,0.0011864352246585552,331,408.0,,1.5,0.5,4,,visible_pixel_support,False,visible_candidate,line-uct-test-a33-000132,0.8776374227124393,"example-reviewer",accepted,,False,continuous,0,131,curve-uct-test-a33-000132,reviewed_visible_observation,confirmed_continuous_curve
uct-test-a33,0.5970092156352879,0.07288331912292279,0.001434130905212494,0.0011864352246585552,332,408.0,,1.5,0.5,4,,visible_pixel_support,False,visible_candidate,line-uct-test-a33-000133,0.9395748664610437,"example-reviewer",accepted,,False,continuous,0,132,curve-uct-test-a33-000133,reviewed_visible_observation,confirmed_continuous_curve
uct-test-a33,0.5998774774457128,0.07288331912292279,0.001434130905212494,0.0011864352246585552,333,408.0,,1.5,0.5,4,,visible_pixel_support,False,visible_candidate,line-uct-test-a33-000134,1.0,"example-reviewer",accepted,,False,continuous,0,133,curve-uct-test-a33-000134,reviewed_visible_observation,confirmed_continuous_curve
uct-test-a33,0.6027457392561378,0.07288331912292279,0.001434130905212605,0.0011864352246585552,334,408.0,,0.5,0.5,2,,visible_pixel_support,False,visible_candidate,line-uct-test-a33-000135,1.0591229959729844,"example-reviewer",accepted,,False,continuous,0,134,curve-uct-test-a33-000135,reviewed_visible_observation,confirmed_continuous_curve
uct-test-a33,0.6228235719291129,0.0752561895722399,0.001434130905212494,0.0011864352246585552,341,407.0,,1.0,0.5,3,,visible_pixel_support,False,visible_candidate,line-uct-test-a33-000136,0.44890920373194376,"example-reviewer",accepted,,True,continuous,0,135,curve-uct-test-a33-000136,reviewed_visible_observation,confirmed_continuous_curve
uct-test-a33,0.6256918337395379,0.0752561895722399,0.001434130905212494,0.0011864352246585552,342,407.0,,1.5,0.5,4,,visible_pixel_support,False,visible_candidate,line-uct-test-a33-000137,0.5019855373681139,"example-reviewer",accepted,,False,continuous,0,136,curve-uct-test-a33-000137,reviewed_visible_observation,confirmed_continuous_curve
uct-test-a33,0.6285600955499628,0.0752561895722399,0.001434130905212494,0.0011864352246585552,343,407.0,,1.5,0.5,4,,visible_pixel_support,False,visible_candidate,line-uct-test-a33-000138,0.5546179788415202,"example-reviewer",accepted,,False,continuous,0,137,curve-uct-test-a33-000138,reviewed_visible_observation,confirmed_continuous_curve
uct-test-a33,0.6314283573603878,0.0752561895722399,0.001434130905212494,0.0011864352246585552,344,407.0,,1.5,0.5,4,,visible_pixel_support,False,visible_candidate,line-uct-test-a33-000139,0.6068758482919634,"example-reviewer",accepted,,False,continuous,0,138,curve-uct-test-a33-000139,reviewed_visible_observation,confirmed_continuous_curve
uct-test-a33,0.6342966191708128,0.0752561895722399,0.001434130905212494,0.0011864352246585552,345,407.0,,1.5,0.5,4,,visible_pixel_support,False,visible_candidate,line-uct-test-a33-000140,0.6588284658592443,"example-reviewer",accepted,,False,continuous,0,139,curve-uct-test-a33-000140,reviewed_visible_observation,confirmed_continuous_curve
uct-test-a33,0.6371648809812378,0.0752561895722399,0.001434130905212494,0.0011864352246585552,346,407.0,,1.5,0.5,4,,visible_pixel_support,False,visible_candidate,line-uct-test-a33-000141,0.7105451516832773,"example-reviewer",accepted,,False,continuous,0,140,curve-uct-test-a33-000141,reviewed_visible_observation,confirmed_continuous_curve
uct-test-a33,0.6400331427916628,0.0752561895722399,0.001434130905212494,0.0011864352246585552,347,407.0,,1.5,0.5,4,,visible_pixel_support,False,visible_candidate,line-uct-test-a33-000142,0.7620952259038631,"example-reviewer",accepted,,False,continuous,0,141,curve-uct-test-a33-000142,reviewed_visible_observation,confirmed_continuous_curve
uct-test-a33,0.6429014046020878,0.0752561895722399,0.001434130905212605,0.0011864352246585552,348,407.0,,1.5,0.5,4,,visible_pixel_support,False,visible_candidate,line-uct-test-a33-000143,0.8135480086608027,"example-reviewer",accepted,,False,continuous,0,142,curve-uct-test-a33-000143,reviewed_visible_observation,confirmed_continuous_curve
uct-test-a33,0.6457696664125128,0.0752561895722399,0.001434130905212605,0.0011864352246585552,349,407.0,,2.0,0.5,5,,visible_pixel_support,False,visible_candidate,line-uct-test-a33-000144,0.8649728200939535,"example-reviewer",accepted,,False,continuous,0,143,curve-uct-test-a33-000144,reviewed_visible_observation,confirmed_continuous_curve
uct-test-a33,0.6486379282229378,0.0752561895722399,0.001434130905212605,0.0011864352246585552,350,407.0,,2.0,0.5,5,,visible_pixel_support,False,visible_candidate,line-uct-test-a33-000145,0.9164389803431732,"example-reviewer",accepted,,False,continuous,0,144,curve-uct-test-a33-000145,reviewed_visible_observation,confirmed_continuous_curve
uct-test-a33,0.6515061900333627,0.0752561895722399,0.001434130905212605,0.0011864352246585552,351,407.0,,1.5,0.5,4,,visible_pixel_support,False,visible_candidate,line-uct-test-a33-000146,0.9680158095482057,"example-reviewer",accepted,,False,continuous,0,145,curve-uct-test-a33-000146,reviewed_visible_observation,confirmed_continuous_curve
uct-test-a33,0.6543744518437877,0.0752561895722399,0.001434130905212605,0.0011864352246585552,352,407.0,,2.0,0.5,5,,visible_pixel_support,False,visible_candidate,line-uct-test-a33-000147,1.019772627849136,"example-reviewer",accepted,,False,continuous,0,146,curve-uct-test-a33-000147,reviewed_visible_observation,confirmed_continuous_curve
uct-test-a33,0.6572427136542127,0.077629060021557,0.001434130905212605,0.0011864352246585552,353,406.0,,1.5,0.5,4,,visible_pixel_support,False,visible_candidate,line-uct-test-a33-000148,0.0717787553855942,"example-reviewer",accepted,,False,continuous,0,147,curve-uct-test-a33-000148,reviewed_visible_observation,confirmed_continuous_curve
uct-test-a33,0.6601109754646377,0.0752561895722399,0.001434130905212605,0.0011864352246585552,354,407.0,,1.0,0.5,3,,visible_pixel_support,False,visible_candidate,line-uct-test-a33-000149,1.124103512297438,"example-reviewer",accepted,,False,continuous,0,148,curve-uct-test-a33-000149,reviewed_visible_observation,confirmed_continuous_curve
uct-test-a33,0.6629792372750627,0.0752561895722399,0.001434130905212605,0.0011864352246585552,355,407.0,,0.5,0.5,1,,visible_pixel_support,False,visible_candidate,line-uct-test-a33-000150,1.1768162187245252,"example-reviewer",accepted,,False,continuous,0,149,curve-uct-test-a33-000150,reviewed_visible_observation,confirmed_continuous_curve
uct-test-a33,0.6830570699480378,0.08000193047087412,0.001434130905212605,0.0011864352246585552,362,405.0,,0.5,0.5,2,,visible_pixel_support,False,visible_candidate,line-uct-test-a33-000151,0.4375093581116971,"example-reviewer",accepted,,True,continuous,0,150,curve-uct-test-a33-000151,reviewed_visible_observation,confirmed_continuous_curve
uct-test-a33,0.6859253317584628,0.08000193047087412,0.001434130905212605,0.0011864352246585552,363,405.0,,1.5,0.5,4,,visible_pixel_support,False,visible_candidate,line-uct-test-a33-000152,0.37919753052830174,"example-reviewer",accepted,,False,continuous,0,151,curve-uct-test-a33-000152,reviewed_visible_observation,confirmed_continuous_curve
uct-test-a33,0.6887935935688878,0.08000193047087412,0.001434130905212605,0.0011864352246585552,364,405.0,,1.5,0.5,4,,visible_pixel_support,False,visible_candidate,line-uct-test-a33-000153,0.3198738721710015,"example-reviewer",accepted,,False,continuous,0,152,curve-uct-test-a33-000153,reviewed_visible_observation,confirmed_continuous_curve
uct-test-a33,0.6916618553793128,0.08000193047087412,0.001434130905212605,0.0011864352246585552,365,405.0,,2.0,0.5,5,,visible_pixel_support,False,visible_candidate,line-uct-test-a33-000154,0.25946906290016614,"example-reviewer",accepted,,False,continuous,0,153,curve-uct-test-a33-000154,reviewed_visible_observation,confirmed_continuous_curve
uct-test-a33,0.6945301171897378,0.08000193047087412,0.001434130905212605,0.0011864352246585552,366,405.0,,1.5,0.5,4,,visible_pixel_support,False,visible_candidate,line-uct-test-a33-000155,0.19791378257571068,"example-reviewer",accepted,,False,continuous,0,154,curve-uct-test-a33-000155,reviewed_visible_observation,confirmed_continuous_curve
uct-test-a33,0.6973983790001628,0.08000193047087412,0.001434130905212605,0.0011864352246585552,367,405.0,,1.5,0.5,4,,visible_pixel_support,False,visible_candidate,line-uct-test-a33-000156,0.13513871105794806,"example-reviewer",accepted,,False,continuous,0,155,curve-uct-test-a33-000156,reviewed_visible_observation,confirmed_continuous_curve
uct-test-a33,0.7002666408105878,0.08000193047087412,0.001434130905212605,0.0011864352246585552,368,405.0,,1.5,0.5,4,,visible_pixel_support,False,visible_candidate,line-uct-test-a33-000157,0.07107452820707749,"example-reviewer",accepted,,False,continuous,0,156,curve-uct-test-a33-000157,reviewed_visible_observation,confirmed_continuous_curve
uct-test-a33,0.7031349026210127,0.08000193047087412,0.001434130905212605,0.0011864352246585552,369,405.0,,1.5,0.5,4,,visible_pixel_support,False,visible_candidate,line-uct-test-a33-000158,0.005651913883014004,"example-reviewer",accepted,,False,continuous,0,157,curve-uct-test-a33-000158,reviewed_visible_observation,confirmed_continuous_curve
uct-test-a33,0.7060031644314377,0.08000193047087412,0.001434130905212605,0.0011864352246585552,370,405.0,,1.5,0.5,4,,visible_pixel_support,False,visible_candidate,line-uct-test-a33-000159,0.06119845205370211,"example-reviewer",accepted,,False,continuous,0,158,curve-uct-test-a33-000159,reviewed_visible_observation,confirmed_continuous_curve
uct-test-a33,0.7088714262418627,0.08000193047087412,0.001434130905212605,0.0011864352246585552,371,405.0,,1.5,0.5,4,,visible_pixel_support,False,visible_candidate,line-uct-test-a33-000160,0.12954588974326953,"example-reviewer",accepted,,False,continuous,0,159,curve-uct-test-a33-000160,reviewed_visible_observation,confirmed_continuous_curve
uct-test-a33,0.7117396880522877,0.08000193047087412,0.001434130905212605,0.0011864352246585552,372,405.0,,1.5,0.5,4,,visible_pixel_support,False,visible_candidate,line-uct-test-a33-000161,0.19945971932526163,"example-reviewer",accepted,,False,continuous,0,160,curve-uct-test-a33-000161,reviewed_visible_observation,confirmed_continuous_curve
uct-test-a33,0.7146079498627127,0.08000193047087412,0.001434130905212605,0.0011864352246585552,373,405.0,,1.5,0.5,4,,visible_pixel_support,False,visible_candidate,line-uct-test-a33-000162,0.27100926093970656,"example-reviewer",accepted,,False,continuous,0,161,curve-uct-test-a33-000162,reviewed_visible_observation,confirmed_continuous_curve
uct-test-a33,0.7174762116731377,0.08000193047087412,0.001434130905212605,0.0011864352246585552,374,405.0,,1.5,0.5,4,,visible_pixel_support,False,visible_candidate,line-uct-test-a33-000163,0.34426383472634825,"example-reviewer",accepted,,False,continuous,0,162,curve-uct-test-a33-000163,reviewed_visible_observation,confirmed_continuous_curve
uct-test-a33,0.7203444734835627,0.08000193047087412,0.001434130905212605,0.0011864352246585552,375,405.0,,1.5,0.5,4,,visible_pixel_support,False,visible_candidate,line-uct-test-a33-000164,0.41929276082510114,"example-reviewer",accepted,,False,continuous,0,163,curve-uct-test-a33-000164,reviewed_visible_observation,confirmed_continuous_curve
uct-test-a33,0.7232127352939877,0.08000193047087412,0.001434130905212605,0.0011864352246585552,376,405.0,,0.5,0.5,2,,visible_pixel_support,False,visible_candidate,line-uct-test-a33-000165,0.4961653593756523,"example-reviewer",accepted,,False,continuous,0,164,curve-uct-test-a33-000165,reviewed_visible_observation,confirmed_continuous_curve
uct-test-a33,0.7432905679669626,0.08949341226814245,0.001434130905212605,0.0011864352246585552,383,401.0,,1.0,0.5,3,,visible_pixel_support,False,visible_candidate,line-uct-test-a33-000166,2.8981143094394497,"example-reviewer",accepted,,True,continuous,0,165,curve-uct-test-a33-000166,reviewed_visible_observation,confirmed_continuous_curve
uct-test-a33,0.7461588297773878,0.08712054181882534,0.001434130905212605,0.0011864352246585552,384,402.0,,2.0,0.5,5,,visible_pixel_support,False,visible_candidate,line-uct-test-a33-000167,1.7753140156129348,"example-reviewer",accepted,,False,continuous,0,166,curve-uct-test-a33-000167,reviewed_visible_observation,confirmed_continuous_curve
uct-test-a33,0.7490270915878128,0.08712054181882534,0.001434130905212605,0.0011864352246585552,385,402.0,,2.0,0.5,5,,visible_pixel_support,False,visible_candidate,line-uct-test-a33-000168,1.6342545066316347,"example-reviewer",accepted,,False,continuous,0,167,curve-uct-test-a33-000168,reviewed_visible_observation,confirmed_continuous_curve
uct-test-a33,0.7518953533982378,0.08712054181882534,0.001434130905212605,0.0011864352246585552,386,402.0,,2.0,0.5,5,,visible_pixel_support,False,visible_candidate,line-uct-test-a33-000169,1.477591170606388,"example-reviewer",accepted,,False,continuous,0,168,curve-uct-test-a33-000169,reviewed_visible_observation,confirmed_continuous_curve
uct-test-a33,0.7547636152086628,0.08712054181882534,0.001434130905212605,0.0011864352246585552,387,402.0,,2.0,0.5,5,,visible_pixel_support,False,visible_candidate,line-uct-test-a33-000170,1.3079793956482604,"example-reviewer",accepted,,False,continuous,0,169,curve-uct-test-a33-000170,reviewed_visible_observation,confirmed_continuous_curve
uct-test-a33,0.7576318770190877,0.08712054181882534,0.001434130905212605,0.0011864352246585552,388,402.0,,2.0,0.5,5,,visible_pixel_support,False,visible_candidate,line-uct-test-a33-000171,1.128074569868204,"example-reviewer",accepted,,False,continuous,0,170,curve-uct-test-a33-000171,reviewed_visible_observation,confirmed_continuous_curve
uct-test-a33,0.7605001388295127,0.08712054181882534,0.001434130905212605,0.0011864352246585552,389,402.0,,2.0,0.5,5,,visible_pixel_support,False,visible_candidate,line-uct-test-a33-000172,0.9405320813771141,"example-reviewer",accepted,,False,continuous,0,171,curve-uct-test-a33-000172,reviewed_visible_observation,confirmed_continuous_curve
uct-test-a33,0.7633684006399377,0.08712054181882534,0.001434130905212605,0.0011864352246585552,390,402.0,,2.0,0.5,5,,visible_pixel_support,False,visible_candidate,line-uct-test-a33-000173,0.7480073182861133,"example-reviewer",accepted,,False,continuous,0,172,curve-uct-test-a33-000173,reviewed_visible_observation,confirmed_continuous_curve
uct-test-a33,0.7662366624503627,0.08712054181882534,0.001434130905212605,0.0011864352246585552,391,402.0,,2.0,0.5,5,,visible_pixel_support,False,visible_candidate,line-uct-test-a33-000174,0.5531556687061538,"example-reviewer",accepted,,False,continuous,0,173,curve-uct-test-a33-000174,reviewed_visible_observation,confirmed_continuous_curve
uct-test-a33,0.7691049242607877,0.08712054181882534,0.001434130905212605,0.0011864352246585552,392,402.0,,2.0,0.5,5,,visible_pixel_support,False,visible_candidate,line-uct-test-a33-000175,0.35863252074807406,"example-reviewer",accepted,,False,continuous,0,174,curve-uct-test-a33-000175,reviewed_visible_observation,confirmed_continuous_curve
uct-test-a33,0.7719731860712127,0.08712054181882534,0.001434130905212605,0.0011864352246585552,393,402.0,,2.0,0.5,5,,visible_pixel_support,False,visible_candidate,line-uct-test-a33-000176,0.16709326252293977,"example-reviewer",accepted,,False,continuous,0,175,curve-uct-test-a33-000176,reviewed_visible_observation,confirmed_continuous_curve
uct-test-a33,0.7748414478816377,0.08712054181882534,0.001434130905212605,0.0011864352246585552,394,402.0,,2.0,0.5,5,,visible_pixel_support,False,visible_candidate,line-uct-test-a33-000177,0.01880671785818322,"example-reviewer",accepted,,False,continuous,0,176,curve-uct-test-a33-000177,reviewed_visible_observation,confirmed_continuous_curve
uct-test-a33,0.7777097096920627,0.08712054181882534,0.001434130905212605,0.0011864352246585552,395,402.0,,2.0,0.5,5,,visible_pixel_support,False,visible_candidate,line-uct-test-a33-000178,0.19641203228439963,"example-reviewer",accepted,,False,continuous,0,177,curve-uct-test-a33-000178,reviewed_visible_observation,confirmed_continuous_curve
uct-test-a33,0.7805779715024876,0.08712054181882534,0.001434130905212605,0.0011864352246585552,396,402.0,,1.5,0.5,4,,visible_pixel_support,False,visible_candidate,line-uct-test-a33-000179,0.36306729264475734,"example-reviewer",accepted,,False,continuous,0,178,curve-uct-test-a33-000179,reviewed_visible_observation,confirmed_continuous_curve
uct-test-a33,0.7834462333129126,0.08712054181882534,0.001434130905212605,0.0011864352246585552,397,402.0,,0.5,0.5,2,,visible_pixel_support,False,visible_candidate,line-uct-test-a33-000180,0.5161171108282474,"example-reviewer",accepted,,False,continuous,0,179,curve-uct-test-a33-000180,reviewed_visible_observation,confirmed_continuous_curve
uct-test-a33,0.8035240659858875,0.08237480092019123,0.001434130905212605,0.0011864352246585552,404,404.0,,0.5,0.5,2,,visible_pixel_support,False,visible_candidate,line-uct-test-a33-000181,2.996781341107919,"example-reviewer",accepted,,True,continuous,0,180,curve-uct-test-a33-000181,reviewed_visible_observation,confirmed_continuous_curve
uct-test-a33,0.8063923277963125,0.08237480092019123,0.001434130905212605,0.0011864352246585552,405,404.0,,1.5,0.5,4,,visible_pixel_support,False,visible_candidate,line-uct-test-a33-000182,2.987311953352787,"example-reviewer",accepted,,False,continuous,0,181,curve-uct-test-a33-000182,reviewed_visible_observation,confirmed_continuous_curve
uct-test-a33,0.8092605896067375,0.08237480092019123,0.001434130905212605,0.0011864352246585552,406,404.0,,1.5,0.5,4,,visible_pixel_support,False,visible_candidate,line-uct-test-a33-000183,2.97187172011661,"example-reviewer",accepted,,False,continuous,0,182,curve-uct-test-a33-000183,reviewed_visible_observation,confirmed_continuous_curve
uct-test-a33,0.8121288514171625,0.08237480092019123,0.001434130905212605,0.0011864352246585552,407,404.0,,1.5,0.5,4,,visible_pixel_support,False,visible_candidate,line-uct-test-a33-000184,2.9507405247812812,"example-reviewer",accepted,,False,continuous,0,183,curve-uct-test-a33-000184,reviewed_visible_observation,confirmed_continuous_curve
uct-test-a33,0.8149971132275875,0.08237480092019123,0.001434130905212605,0.0011864352246585552,408,404.0,,1.5,0.5,4,,visible_pixel_support,False,visible_candidate,line-uct-test-a33-000185,2.924198250728864,"example-reviewer",accepted,,False,continuous,0,184,curve-uct-test-a33-000185,reviewed_visible_observation,confirmed_continuous_curve
uct-test-a33,0.8178653750380125,0.08237480092019123,0.001434130905212605,0.0011864352246585552,409,404.0,,2.0,0.5,5,,visible_pixel_support,False,visible_candidate,line-uct-test-a33-000186,2.8925247813411374,"example-reviewer",accepted,,False,continuous,0,185,curve-uct-test-a33-000186,reviewed_visible_observation,confirmed_continuous_curve
uct-test-a33,0.8207336368484375,0.08000193047087412,0.001434130905212605,0.0011864352246585552,410,405.0,,1.5,0.5,4,,visible_pixel_support,False,visible_candidate,line-uct-test-a33-000187,3.8560000000000514,"example-reviewer",accepted,,False,continuous,0,186,curve-uct-test-a33-000187,reviewed_visible_observation,confirmed_continuous_curve
uct-test-a33,0.8236018986588625,0.08000193047087412,0.001434130905212605,0.0011864352246585552,411,405.0,,1.5,0.5,4,,visible_pixel_support,False,visible_candidate,line-uct-test-a33-000188,3.8149037900874987,"example-reviewer",accepted,,False,continuous,0,187,curve-uct-test-a33-000188,reviewed_visible_observation,confirmed_continuous_curve
uct-test-a33,0.8264701604692875,0.08000193047087412,0.001434130905212605,0.0011864352246585552,412,405.0,,1.5,0.5,4,,visible_pixel_support,False,visible_candidate,line-uct-test-a33-000189,3.7695160349853722,"example-reviewer",accepted,,False,continuous,0,188,curve-uct-test-a33-000189,reviewed_visible_observation,confirmed_continuous_curve
uct-test-a33,0.8293384222797127,0.08237480092019123,0.001434130905212605,0.0011864352246585552,413,404.0,,2.0,0.5,5,,visible_pixel_support,False,visible_candidate,line-uct-test-a33-000190,2.720116618075849,"example-reviewer",accepted,,False,continuous,0,189,curve-uct-test-a33-000190,reviewed_visible_observation,confirmed_continuous_curve
uct-test-a33,0.8322066840901376,0.08000193047087412,0.001434130905212605,0.0011864352246585552,414,405.0,,1.5,0.5,4,,visible_pixel_support,False,visible_candidate,line-uct-test-a33-000191,3.666985422740538,"example-reviewer",accepted,,False,continuous,0,190,curve-uct-test-a33-000191,reviewed_visible_observation,confirmed_continuous_curve
uct-test-a33,0.8350749459005626,0.08000193047087412,0.001434130905212605,0.0011864352246585552,415,405.0,,1.5,0.5,4,,visible_pixel_support,False,visible_candidate,line-uct-test-a33-000192,3.6104023323615024,"example-reviewer",accepted,,False,continuous,0,191,curve-uct-test-a33-000192,reviewed_visible_observation,confirmed_continuous_curve
uct-test-a33,0.8379432077109876,0.08000193047087412,0.001434130905212605,0.0011864352246585552,416,405.0,,1.5,0.5,4,,visible_pixel_support,False,visible_candidate,line-uct-test-a33-000193,3.550647230320749,"example-reviewer",accepted,,False,continuous,0,192,curve-uct-test-a33-000193,reviewed_visible_observation,confirmed_continuous_curve
uct-test-a33,0.8408114695214126,0.08000193047087412,0.001434130905212605,0.0011864352246585552,417,405.0,,1.0,0.5,3,,visible_pixel_support,False,visible_candidate,line-uct-test-a33-000194,3.4880000000000564,"example-reviewer",accepted,,False,continuous,0,193,curve-uct-test-a33-000194,reviewed_visible_observation,confirmed_continuous_curve
uct-test-a33,0.8436797313318376,0.08000193047087412,0.001434130905212605,0.0011864352246585552,418,405.0,,0.5,0.5,2,,visible_pixel_support,False,visible_candidate,line-uct-test-a33-000195,3.422740524781318,"example-reviewer",accepted,,False,continuous,0,194,curve-uct-test-a33-000195,reviewed_visible_observation,confirmed_continuous_curve
uct-test-a33,0.8637575640048125,0.08000193047087412,0.001434130905212605,0.0011864352246585552,425,405.0,,0.5,0.5,1,,visible_pixel_support,False,visible_candidate,line-uct-test-a33-000196,2.9162915451894946,"example-reviewer",accepted,,True,continuous,0,195,curve-uct-test-a33-000196,reviewed_visible_observation,confirmed_continuous_curve
uct-test-a33,0.8666258258152375,0.08000193047087412,0.001434130905212605,0.0011864352246585552,426,405.0,,1.0,0.5,3,,visible_pixel_support,False,visible_candidate,line-uct-test-a33-000197,2.840209912536409,"example-reviewer",accepted,,False,continuous,0,196,curve-uct-test-a33-000197,reviewed_visible_observation,confirmed_continuous_curve
uct-test-a33,0.8694940876256625,0.08000193047087412,0.001434130905212605,0.0011864352246585552,427,405.0,,1.5,0.5,4,,visible_pixel_support,False,visible_candidate,line-uct-test-a33-000198,2.764034985422768,"example-reviewer",accepted,,False,continuous,0,197,curve-uct-test-a33-000198,reviewed_visible_observation,confirmed_continuous_curve
uct-test-a33,0.8723623494360875,0.08000193047087412,0.001434130905212605,0.0011864352246585552,428,405.0,,1.5,0.5,4,,visible_pixel_support,False,visible_candidate,line-uct-test-a33-000199,2.688046647230294,"example-reviewer",accepted,,False,continuous,0,198,curve-uct-test-a33-000199,reviewed_visible_observation,confirmed_continuous_curve
uct-test-a33,0.8752306112465125,0.08237480092019123,0.001434130905212605,0.0011864352246585552,429,404.0,,2.0,0.5,5,,visible_pixel_support,False,visible_candidate,line-uct-test-a33-000200,1.6125247813411647,"example-reviewer",accepted,,False,continuous,0,199,curve-uct-test-a33-000200,reviewed_visible_observation,confirmed_continuous_curve
uct-test-a33,0.8780988730569375,0.08237480092019123,0.001434130905212605,0.0011864352246585552,430,404.0,,1.5,0.5,4,,visible_pixel_support,False,visible_candidate,line-uct-test-a33-000201,1.5377492711369882,"example-reviewer",accepted,,False,continuous,0,200,curve-uct-test-a33-000201,reviewed_visible_observation,confirmed_continuous_curve
uct-test-a33,0.8809671348673624,0.08237480092019123,0.001434130905212605,0.0011864352246585552,431,404.0,,1.5,0.5,4,,visible_pixel_support,False,visible_candidate,line-uct-test-a33-000202,1.4639999999999418,"example-reviewer",accepted,,False,continuous,0,201,curve-uct-test-a33-000202,reviewed_visible_observation,confirmed_continuous_curve
uct-test-a33,0.8838353966777874,0.08237480092019123,0.001434130905212605,0.0011864352246585552,432,404.0,,2.0,0.5,5,,visible_pixel_support,False,visible_candidate,line-uct-test-a33-000203,1.3915568513119183,"example-reviewer",accepted,,False,continuous,0,202,curve-uct-test-a33-000203,reviewed_visible_observation,confirmed_continuous_curve
uct-test-a33,0.8867036584882124,0.08237480092019123,0.001434130905212605,0.0011864352246585552,433,404.0,,1.5,0.5,4,,visible_pixel_support,False,visible_candidate,line-uct-test-a33-000204,1.3206997084548107,"example-reviewer",accepted,,False,continuous,0,203,curve-uct-test-a33-000204,reviewed_visible_observation,confirmed_continuous_curve
uct-test-a33,0.8895719202986374,0.08237480092019123,0.001434130905212605,0.0011864352246585552,434,404.0,,1.5,0.5,4,,visible_pixel_support,False,visible_candidate,line-uct-test-a33-000205,1.2517084548105117,"example-reviewer",accepted,,False,continuous,0,204,curve-uct-test-a33-000205,reviewed_visible_observation,confirmed_continuous_curve
uct-test-a33,0.8924401821090624,0.08237480092019123,0.001434130905212605,0.0011864352246585552,435,404.0,,1.5,0.5,4,,visible_pixel_support,False,visible_candidate,line-uct-test-a33-000206,1.1848629737609144,"example-reviewer",accepted,,False,continuous,0,205,curve-uct-test-a33-000206,reviewed_visible_observation,confirmed_continuous_curve
uct-test-a33,0.8953084439194874,0.08237480092019123,0.001434130905212605,0.0011864352246585552,436,404.0,,1.5,0.5,4,,visible_pixel_support,False,visible_candidate,line-uct-test-a33-000207,1.1204431486880253,"example-reviewer",accepted,,False,continuous,0,206,curve-uct-test-a33-000207,reviewed_visible_observation,confirmed_continuous_curve
uct-test-a33,0.8981767057299124,0.08237480092019123,0.001434130905212605,0.0011864352246585552,437,404.0,,1.5,0.5,4,,visible_pixel_support,False,visible_candidate,line-uct-test-a33-000208,1.0587288629737373,"example-reviewer",accepted,,False,continuous,0,207,curve-uct-test-a33-000208,reviewed_visible_observation,confirmed_continuous_curve
uct-test-a33,0.9010449675403374,0.08237480092019123,0.001434130905212605,0.0011864352246585552,438,404.0,,1.5,0.5,4,,visible_pixel_support,False,visible_candidate,line-uct-test-a33-000209,1.0,"example-reviewer",accepted,,False,continuous,0,208,curve-uct-test-a33-000209,reviewed_visible_observation,confirmed_continuous_curve
uct-test-a33,0.9039132293507623,0.08237480092019123,0.001434130905212605,0.0011864352246585552,439,404.0,,1.0,0.5,3,,visible_pixel_support,False,visible_candidate,line-uct-test-a33-000210,0.9430220705314127,"example-reviewer",accepted,,False,continuous,0,209,curve-uct-test-a33-000210,reviewed_visible_observation,confirmed_continuous_curve
uct-test-a33,0.9268593238341625,0.08000193047087412,0.001434130905212605,0.0011864352246585552,447,405.0,,1.0,0.5,3,,visible_pixel_support,False,visible_candidate,line-uct-test-a33-000211,1.4959300998935987,"example-reviewer",accepted,,True,continuous,0,210,curve-uct-test-a33-000211,reviewed_visible_observation,confirmed_continuous_curve
uct-test-a33,0.9297275856445875,0.08237480092019123,0.001434130905212605,0.0011864352246585552,448,404.0,,1.5,0.5,4,,visible_pixel_support,False,visible_candidate,line-uct-test-a33-000212,0.4406984634471769,"example-reviewer",accepted,,False,continuous,0,211,curve-uct-test-a33-000212,reviewed_visible_observation,confirmed_continuous_curve
uct-test-a33,0.9325958474550124,0.08237480092019123,0.001434130905212605,0.0011864352246585552,449,404.0,,1.5,0.5,4,,visible_pixel_support,False,visible_candidate,line-uct-test-a33-000213,0.38551533514015546,"example-reviewer",accepted,,False,continuous,0,212,curve-uct-test-a33-000213,reviewed_visible_observation,confirmed_continuous_curve
uct-test-a33,0.9354641092654374,0.08237480092019123,0.001434130905212605,0.0011864352246585552,450,404.0,,1.5,0.5,4,,visible_pixel_support,False,visible_candidate,line-uct-test-a33-000214,0.33035161008905334,"example-reviewer",accepted,,False,continuous,0,213,curve-uct-test-a33-000214,reviewed_visible_observation,confirmed_continuous_curve
uct-test-a33,0.9383323710758624,0.08237480092019123,0.001434130905212605,0.0011864352246585552,451,404.0,,1.5,0.5,4,,visible_pixel_support,False,visible_candidate,line-uct-test-a33-000215,0.27517818341010525,"example-reviewer",accepted,,False,continuous,0,214,curve-uct-test-a33-000215,reviewed_visible_observation,confirmed_continuous_curve
uct-test-a33,0.9412006328862874,0.08237480092019123,0.001434130905212605,0.0011864352246585552,452,404.0,,1.5,0.5,4,,visible_pixel_support,False,visible_candidate,line-uct-test-a33-000216,0.21996595021943222,"example-reviewer",accepted,,False,continuous,0,215,curve-uct-test-a33-000216,reviewed_visible_observation,confirmed_continuous_curve
uct-test-a33,0.9440688946967124,0.08000193047087412,0.001434130905212605,0.0011864352246585552,453,405.0,,2.0,0.5,5,,visible_pixel_support,False,visible_candidate,line-uct-test-a33-000217,1.1646858056334395,"example-reviewer",accepted,,False,continuous,0,216,curve-uct-test-a33-000217,reviewed_visible_observation,confirmed_continuous_curve
uct-test-a33,0.9469371565071374,0.08000193047087412,0.001434130905212605,0.0011864352246585552,454,405.0,,2.0,0.5,5,,visible_pixel_support,False,visible_candidate,line-uct-test-a33-000218,1.1093086447684186,"example-reviewer",accepted,,False,continuous,0,217,curve-uct-test-a33-000218,reviewed_visible_observation,confirmed_continuous_curve
uct-test-a33,0.9498054183175624,0.08000193047087412,0.001434130905212605,0.0011864352246585552,455,405.0,,2.0,0.5,5,,visible_pixel_support,False,visible_candidate,line-uct-test-a33-000219,1.0538053627408317,"example-reviewer",accepted,,False,continuous,0,218,curve-uct-test-a33-000219,reviewed_visible_observation,confirmed_continuous_curve
uct-test-a33,0.9526736801279874,0.08237480092019123,0.001434130905212605,0.0011864352246585552,456,404.0,,1.5,0.5,4,,visible_pixel_support,False,visible_candidate,line-uct-test-a33-000220,0.001853145333257089,"example-reviewer",accepted,,False,continuous,0,219,curve-uct-test-a33-000220,reviewed_visible_observation,confirmed_continuous_curve
uct-test-a33,0.9555419419384124,0.08237480092019123,0.001434130905212605,0.0011864352246585552,457,404.0,,1.5,0.5,4,,visible_pixel_support,False,visible_candidate,line-uct-test-a33-000221,0.05769598433738565,"example-reviewer",accepted,,False,continuous,0,220,curve-uct-test-a33-000221,reviewed_visible_observation,confirmed_continuous_curve
uct-test-a33,0.9584102037488373,0.08237480092019123,0.001434130905212605,0.0011864352246585552,458,404.0,,1.5,0.5,4,,visible_pixel_support,False,visible_candidate,line-uct-test-a33-000222,0.11375225915543297,"example-reviewer",accepted,,False,continuous,0,221,curve-uct-test-a33-000222,reviewed_visible_observation,confirmed_continuous_curve
uct-test-a33,0.9612784655592623,0.08237480092019123,0.001434130905212605,0.0011864352246585552,459,404.0,,1.5,0.5,4,,visible_pixel_support,False,visible_candidate,line-uct-test-a33-000223,0.17005107467093694,"example-reviewer",accepted,,False,continuous,0,222,curve-uct-test-a33-000223,reviewed_visible_observation,confirmed_continuous_curve
uct-test-a33,0.9641467273696873,0.08000193047087412,0.001434130905212605,0.0011864352246585552,460,405.0,,1.0,0.5,3,,visible_pixel_support,False,visible_candidate,line-uct-test-a33-000224,0.7733784642323371,"example-reviewer",accepted,,False,continuous,0,223,curve-uct-test-a33-000224,reviewed_visible_observation,confirmed_continuous_curve
uct-test-a33,0.9870928218530872,0.077629060021557,0.001434130905212605,0.0011864352246585552,468,406.0,,0.5,0.5,2,,visible_pixel_support,False,visible_candidate,line-uct-test-a33-000225,1.3075429484905499,"example-reviewer",accepted,,True,continuous,0,224,curve-uct-test-a33-000225,reviewed_visible_observation,confirmed_continuous_curve
uct-test-a33,0.9899610836635122,0.077629060021557,0.001434130905212605,0.0011864352246585552,469,406.0,,1.5,0.5,4,,visible_pixel_support,False,visible_candidate,line-uct-test-a33-000226,1.2472179573963444,"example-reviewer",accepted,,False,continuous,0,225,curve-uct-test-a33-000226,reviewed_visible_observation,confirmed_continuous_curve
uct-test-a33,0.9928293454739374,0.077629060021557,0.001434130905212605,0.0011864352246585552,470,406.0,,1.5,0.5,4,,visible_pixel_support,False,visible_candidate,line-uct-test-a33-000227,1.1863302718838895,"example-reviewer",accepted,,False,continuous,0,226,curve-uct-test-a33-000227,reviewed_visible_observation,confirmed_continuous_curve
uct-test-a33,0.9956976072843624,0.077629060021557,0.001434130905212605,0.0011864352246585552,471,406.0,,1.5,0.5,4,,visible_pixel_support,False,visible_candidate,line-uct-test-a33-000228,1.1248507870694198,"example-reviewer",accepted,,False,continuous,0,227,curve-uct-test-a33-000228,reviewed_visible_observation,confirmed_continuous_curve
uct-test-a33,0.9985658690947874,0.077629060021557,0.001434130905212605,0.0011864352246585552,472,406.0,,1.5,0.5,4,,visible_pixel_support,False,visible_candidate,line-uct-test-a33-000229,1.0627503980693973,"example-reviewer",accepted,,False,continuous,0,228,curve-uct-test-a33-000229,reviewed_visible_observation,confirmed_continuous_curve
uct-test-a33,1.0014341309052124,0.08000193047087412,0.001434130905212605,0.0011864352246585552,473,405.0,,1.5,0.5,4,,visible_pixel_support,False,visible_candidate,line-uct-test-a33-000230,0.0,"example-reviewer",accepted,,False,continuous,0,229,curve-uct-test-a33-000230,reviewed_visible_observation,confirmed_continuous_curve
uct-test-a33,1.0043023927156374,0.08000193047087412,0.001434130905212605,0.0011864352246585552,474,405.0,,1.5,0.5,4,,visible_pixel_support,False,visible_candidate,line-uct-test-a33-000231,0.06438995892295907,"example-reviewer",accepted,,False,continuous,0,230,curve-uct-test-a33-000231,reviewed_visible_observation,confirmed_continuous_curve
uct-test-a33,1.0071706545260624,0.08000193047087412,0.001434130905212605,0.0011864352246585552,475,405.0,,1.5,0.5,4,,visible_pixel_support,False,visible_candidate,line-uct-test-a33-000232,0.1313208665206389,"example-reviewer",accepted,,False,continuous,0,231,curve-uct-test-a33-000232,reviewed_visible_observation,confirmed_continuous_curve
uct-test-a33,1.0100389163364873,0.08000193047087412,0.001434130905212605,0.0011864352246585552,476,405.0,,1.5,0.5,4,,visible_pixel_support,False,visible_candidate,line-uct-test-a33-000233,0.20068958173175133,"example-reviewer",accepted,,False,continuous,0,232,curve-uct-test-a33-000233,reviewed_visible_observation,confirmed_continuous_curve
uct-test-a33,1.0129071781469123,0.08000193047087412,0.001434130905212605,0.0011864352246585552,477,405.0,,1.5,0.5,4,,visible_pixel_support,False,visible_candidate,line-uct-test-a33-000234,0.2723929634952924,"example-reviewer",accepted,,False,continuous,0,233,curve-uct-test-a33-000234,reviewed_visible_observation,confirmed_continuous_curve
uct-test-a33,1.0157754399573373,0.077629060021557,0.001434130905212605,0.0011864352246585552,478,406.0,,2.0,0.5,5,,visible_pixel_support,False,visible_candidate,line-uct-test-a33-000235,0.6536721292497987,"example-reviewer",accepted,,False,continuous,0,234,curve-uct-test-a33-000235,reviewed_visible_observation,confirmed_continuous_curve
uct-test-a33,1.0186437017677623,0.077629060021557,0.001434130905212605,0.0011864352246585552,479,406.0,,1.5,0.5,4,,visible_pixel_support,False,visible_candidate,line-uct-test-a33-000236,0.5776088375648669,"example-reviewer",accepted,,False,continuous,0,235,curve-uct-test-a33-000236,reviewed_visible_observation,confirmed_continuous_curve
uct-test-a33,1.0215119635781873,0.077629060021557,0.001434130905212605,0.0011864352246585552,480,406.0,,1.5,0.5,4,,visible_pixel_support,False,visible_candidate,line-uct-test-a33-000237,0.4995203025108026,"example-reviewer",accepted,,False,continuous,0,236,curve-uct-test-a33-000237,reviewed_visible_observation,confirmed_continuous_curve
uct-test-a33,1.0243802253886123,0.077629060021557,0.001434130905212605,0.0011864352246585552,481,406.0,,1.5,0.5,4,,visible_pixel_support,False,visible_candidate,line-uct-test-a33-000238,0.4195096651488939,"example-reviewer",accepted,,False,continuous,0,237,curve-uct-test-a33-000238,reviewed_visible_observation,confirmed_continuous_curve
uct-test-a33,1.0272484871990373,0.077629060021557,0.001434130905212605,0.0011864352246585552,482,406.0,,0.5,0.5,2,,visible_pixel_support,False,visible_candidate,line-uct-test-a33-000239,0.3376800665401447,"example-reviewer",accepted,,False,continuous,0,238,curve-uct-test-a33-000239,reviewed_visible_observation,confirmed_continuous_curve
uct-test-a33,1.0473263198720122,0.077629060021557,0.001434130905212605,0.0011864352246585552,489,406.0,,0.5,0.5,2,,visible_pixel_support,False,visible_candidate,line-uct-test-a33-000240,0.27739418949704486,"example-reviewer",accepted,,True,continuous,0,239,curve-uct-test-a33-000240,reviewed_visible_observation,confirmed_continuous_curve
uct-test-a33,1.0501945816824372,0.077629060021557,0.001434130905212605,0.0011864352246585552,490,406.0,,1.5,0.5,4,,visible_pixel_support,False,visible_candidate,line-uct-test-a33-000241,0.37006239987977096,"example-reviewer",accepted,,False,continuous,0,240,curve-uct-test-a33-000241,reviewed_visible_observation,confirmed_continuous_curve
uct-test-a33,1.0530628434928622,0.077629060021557,0.001434130905212605,0.0011864352246585552,491,406.0,,1.5,0.5,4,,visible_pixel_support,False,visible_candidate,line-uct-test-a33-000242,0.46362130195916507,"example-reviewer",accepted,,False,continuous,0,241,curve-uct-test-a33-000242,reviewed_visible_observation,confirmed_continuous_curve
uct-test-a33,1.0559311053032872,0.0752561895722399,0.001434130905212605,0.0011864352246585552,492,407.0,,1.5,0.5,4,,visible_pixel_support,False,visible_candidate,line-uct-test-a33-000243,0.44203224532589047,"example-reviewer",accepted,,False,continuous,0,242,curve-uct-test-a33-000243,reviewed_visible_observation,confirmed_continuous_curve
uct-test-a33,1.0587993671137121,0.0752561895722399,0.001434130905212605,0.0011864352246585552,493,407.0,,2.0,0.5,5,,visible_pixel_support,False,visible_candidate,line-uct-test-a33-000244,0.3470013830365133,"example-reviewer",accepted,,False,continuous,0,243,curve-uct-test-a33-000244,reviewed_visible_observation,confirmed_continuous_curve
uct-test-a33,1.0616676289241371,0.0752561895722399,0.001434130905212605,0.0011864352246585552,494,407.0,,2.0,0.5,5,,visible_pixel_support,False,visible_candidate,line-uct-test-a33-000245,0.2513892522336505,"example-reviewer",accepted,,False,continuous,0,244,curve-uct-test-a33-000245,reviewed_visible_observation,confirmed_continuous_curve
uct-test-a33,1.0645358907345621,0.0752561895722399,0.001434130905212605,0.0011864352246585552,495,407.0,,1.5,0.5,4,,visible_pixel_support,False,visible_candidate,line-uct-test-a33-000246,0.15529899397859026,"example-reviewer",accepted,,False,continuous,0,245,curve-uct-test-a33-000246,reviewed_visible_observation,confirmed_continuous_curve
uct-test-a33,1.067404152544987,0.07288331912292279,0.001434130905212605,0.0011864352246585552,496,408.0,,2.0,0.5,5,,visible_pixel_support,False,visible_candidate,line-uct-test-a33-000247,1.058833749332564,"example-reviewer",accepted,,False,continuous,0,246,curve-uct-test-a33-000247,reviewed_visible_observation,confirmed_continuous_curve
uct-test-a33,1.070272414355412,0.0752561895722399,0.001434130905212605,0.0011864352246585552,497,407.0,,1.5,0.5,4,,visible_pixel_support,False,visible_candidate,line-uct-test-a33-000248,0.03790334064348144,"example-reviewer",accepted,,False,continuous,0,247,curve-uct-test-a33-000248,reviewed_visible_observation,confirmed_continuous_curve
uct-test-a33,1.0731406761658373,0.0752561895722399,0.001434130905212605,0.0011864352246585552,498,407.0,,1.5,0.5,4,,visible_pixel_support,False,visible_candidate,line-uct-test-a33-000249,0.13480913488837132,"example-reviewer",accepted,,False,continuous,0,248,curve-uct-test-a33-000249,reviewed_visible_observation,confirmed_continuous_curve
uct-test-a33,1.0760089379762623,0.0752561895722399,0.001434130905212605,0.0011864352246585552,499,407.0,,1.5,0.5,4,,visible_pixel_support,False,visible_candidate,line-uct-test-a33-000250,0.23178049234104492,"example-reviewer",accepted,,False,continuous,0,249,curve-uct-test-a33-000250,reviewed_visible_observation,confirmed_continuous_curve
uct-test-a33,1.0788771997866873,0.07288331912292279,0.001434130905212605,0.0011864352246585552,500,408.0,,2.0,0.5,5,,visible_pixel_support,False,visible_candidate,line-uct-test-a33-000251,0.6712857280597291,"example-reviewer",accepted,,False,continuous,0,250,curve-uct-test-a33-000251,reviewed_visible_observation,confirmed_continuous_curve
uct-test-a33,1.0817454615971123,0.07288331912292279,0.001434130905212605,0.0011864352246585552,501,408.0,,2.0,0.5,5,,visible_pixel_support,False,visible_candidate,line-uct-test-a33-000252,0.5744926673750115,"example-reviewer",accepted,,False,continuous,0,251,curve-uct-test-a33-000252,reviewed_visible_observation,confirmed_continuous_curve
uct-test-a33,1.0846137234075373,0.07288331912292279,0.001434130905212605,0.0011864352246585552,502,408.0,,2.0,0.5,5,,visible_pixel_support,False,visible_candidate,line-uct-test-a33-000253,0.4779434666659199,"example-reviewer",accepted,,False,continuous,0,252,curve-uct-test-a33-000253,reviewed_visible_observation,confirmed_continuous_curve
uct-test-a33,1.0874819852179622,0.07288331912292279,0.001434130905212605,0.0011864352246585552,503,408.0,,1.0,0.5,3,,visible_pixel_support,False,visible_candidate,line-uct-test-a33-000254,0.381741266993572,"example-reviewer",accepted,,False,continuous,0,253,curve-uct-test-a33-000254,reviewed_visible_observation,confirmed_continuous_curve
uct-test-a33,1.1104280797013621,0.07288331912292279,0.001434130905212605,0.0011864352246585552,511,408.0,,1.0,0.5,3,,visible_pixel_support,False,visible_candidate,line-uct-test-a33-000255,0.3630073657271282,"example-reviewer",accepted,,True,continuous,0,254,curve-uct-test-a33-000255,reviewed_visible_observation,confirmed_continuous_curve
uct-test-a33,1.1132963415117871,0.07288331912292279,0.001434130905212605,0.0011864352246585552,512,408.0,,2.0,0.5,5,,visible_pixel_support,False,visible_candidate,line-uct-test-a33-000256,0.4514452083180913,"example-reviewer",accepted,,False,continuous,0,255,curve-uct-test-a33-000256,reviewed_visible_observation,confirmed_continuous_curve
uct-test-a33,1.1161646033222121,0.07288331912292279,0.001434130905212605,0.0011864352246585552,513,408.0,,2.0,0.5,5,,visible_pixel_support,False,visible_candidate,line-uct-test-a33-000257,0.5385046392611912,"example-reviewer",accepted,,False,continuous,0,256,curve-uct-test-a33-000257,reviewed_visible_observation,confirmed_continuous_curve
uct-test-a33,1.1190328651326371,0.07051044867360567,0.001434130905212605,0.0011864352246585552,514,409.0,,2.0,0.5,5,,visible_pixel_support,False,visible_candidate,line-uct-test-a33-000258,0.3759174825048035,"example-reviewer",accepted,,False,continuous,0,257,curve-uct-test-a33-000258,reviewed_visible_observation,confirmed_continuous_curve
uct-test-a33,1.121901126943062,0.07051044867360567,0.001434130905212605,0.0011864352246585552,515,409.0,,2.0,0.5,5,,visible_pixel_support,False,visible_candidate,line-uct-test-a33-000259,0.2919242980411241,"example-reviewer",accepted,,False,continuous,0,258,curve-uct-test-a33-000259,reviewed_visible_observation,confirmed_continuous_curve
uct-test-a33,1.124769388753487,0.07051044867360567,0.001434130905212605,0.0011864352246585552,516,409.0,,1.5,0.5,4,,visible_pixel_support,False,visible_candidate,line-uct-test-a33-000260,0.20961894840871764,"example-reviewer",accepted,,False,continuous,0,259,curve-uct-test-a33-000260,reviewed_visible_observation,confirmed_continuous_curve
uct-test-a33,1.127637650563912,0.07051044867360567,0.001434130905212605,0.0011864352246585552,517,409.0,,1.5,0.5,4,,visible_pixel_support,False,visible_candidate,line-uct-test-a33-000261,0.1291045746687587,"example-reviewer",accepted,,False,continuous,0,260,curve-uct-test-a33-000261,reviewed_visible_observation,confirmed_continuous_curve
uct-test-a33,1.130505912374337,0.07051044867360567,0.001434130905212605,0.0011864352246585552,518,409.0,,2.0,0.5,5,,visible_pixel_support,False,visible_candidate,line-uct-test-a33-000262,0.05048431788236485,"example-reviewer",accepted,,False,continuous,0,261,curve-uct-test-a33-000262,reviewed_visible_observation,confirmed_continuous_curve
uct-test-a33,1.133374174184762,0.07051044867360567,0.001434130905212605,0.0011864352246585552,519,409.0,,2.0,0.5,5,,visible_pixel_support,False,visible_candidate,line-uct-test-a33-000263,0.02613868088928939,"example-reviewer",accepted,,False,continuous,0,262,curve-uct-test-a33-000263,reviewed_visible_observation,confirmed_continuous_curve
uct-test-a33,1.136242435995187,0.07051044867360567,0.001434130905212605,0.0011864352246585552,520,409.0,,1.5,0.5,4,,visible_pixel_support,False,visible_candidate,line-uct-test-a33-000264,0.10066128058508639,"example-reviewer",accepted,,False,continuous,0,263,curve-uct-test-a33-000264,reviewed_visible_observation,confirmed_continuous_curve
uct-test-a33,1.139110697805612,0.07051044867360567,0.001434130905212605,0.0011864352246585552,521,409.0,,1.5,0.5,4,,visible_pixel_support,False,visible_candidate,line-uct-test-a33-000265,0.1729803401440222,"example-reviewer",accepted,,False,continuous,0,264,curve-uct-test-a33-000265,reviewed_visible_observation,confirmed_continuous_curve
uct-test-a33,1.141978959616037,0.07051044867360567,0.001434130905212605,0.0011864352246585552,522,409.0,,1.5,0.5,4,,visible_pixel_support,False,visible_candidate,line-uct-test-a33-000266,0.24299271850480864,"example-reviewer",accepted,,False,continuous,0,265,curve-uct-test-a33-000266,reviewed_visible_observation,confirmed_continuous_curve
uct-test-a33,1.144847221426462,0.07051044867360567,0.001434130905212605,0.0011864352246585552,523,409.0,,1.5,0.5,4,,visible_pixel_support,False,visible_candidate,line-uct-test-a33-000267,0.3105952746064986,"example-reviewer",accepted,,False,continuous,0,266,curve-uct-test-a33-000267,reviewed_visible_observation,confirmed_continuous_curve
uct-test-a33,1.147715483236887,0.07051044867360567,0.001434130905212605,0.0011864352246585552,524,409.0,,0.5,0.5,2,,visible_pixel_support,False,visible_candidate,line-uct-test-a33-000268,0.37568486738780393,"example-reviewer",accepted,,False,continuous,0,267,curve-uct-test-a33-000268,reviewed_visible_observation,confirmed_continuous_curve
uct-test-a33,1.1706615777202871,0.07051044867360567,0.001434130905212605,0.0011864352246585552,532,409.0,,1.5,0.5,4,,visible_pixel_support,False,visible_candidate,line-uct-test-a33-000269,0.7935580027726132,"example-reviewer",accepted,,True,continuous,0,268,curve-uct-test-a33-000269,reviewed_visible_observation,confirmed_continuous_curve
uct-test-a33,1.173529839530712,0.07051044867360567,0.001434130905212605,0.0011864352246585552,533,409.0,,1.5,0.5,4,,visible_pixel_support,False,visible_candidate,line-uct-test-a33-000270,0.8313895779206746,"example-reviewer",accepted,,False,continuous,0,269,curve-uct-test-a33-000270,reviewed_visible_observation,confirmed_continuous_curve
uct-test-a33,1.176398101341137,0.07051044867360567,0.001434130905212605,0.0011864352246585552,534,409.0,,2.0,0.5,5,,visible_pixel_support,False,visible_candidate,line-uct-test-a33-000271,0.8656767791372317,"example-reviewer",accepted,,False,continuous,0,270,curve-uct-test-a33-000271,reviewed_visible_observation,confirmed_continuous_curve
uct-test-a33,1.179266363151562,0.07051044867360567,0.001434130905212605,0.0011864352246585552,535,409.0,,2.0,0.5,5,,visible_pixel_support,False,visible_candidate,line-uct-test-a33-000272,0.8963164653611102,"example-reviewer",accepted,,False,continuous,0,271,curve-uct-test-a33-000272,reviewed_visible_observation,confirmed_continuous_curve
uct-test-a33,1.182134624961987,0.07051044867360567,0.001434130905212605,0.0011864352246585552,536,409.0,,2.0,0.5,5,,visible_pixel_support,False,visible_candidate,line-uct-test-a33-000273,0.9232054955311924,"example-reviewer",accepted,,False,continuous,0,272,curve-uct-test-a33-000273,reviewed_visible_observation,confirmed_continuous_curve
uct-test-a33,1.185002886772412,0.07051044867360567,0.001434130905212605,0.0011864352246585552,537,409.0,,2.0,0.5,5,,visible_pixel_support,False,visible_candidate,line-uct-test-a33-000274,0.9462407285864174,"example-reviewer",accepted,,False,continuous,0,273,curve-uct-test-a33-000274,reviewed_visible_observation,confirmed_continuous_curve
uct-test-a33,1.187871148582837,0.07051044867360567,0.001434130905212605,0.0011864352246585552,538,409.0,,2.0,0.5,5,,visible_pixel_support,False,visible_candidate,line-uct-test-a33-000275,0.9653190234656677,"example-reviewer",accepted,,False,continuous,0,274,curve-uct-test-a33-000275,reviewed_visible_observation,confirmed_continuous_curve
uct-test-a33,1.190739410393262,0.07051044867360567,0.001434130905212605,0.0011864352246585552,539,409.0,,2.0,0.5,5,,visible_pixel_support,False,visible_candidate,line-uct-test-a33-000276,0.9803372391077687,"example-reviewer",accepted,,False,continuous,0,275,curve-uct-test-a33-000276,reviewed_visible_observation,confirmed_continuous_curve
uct-test-a33,1.193607672203687,0.07051044867360567,0.001434130905212605,0.0011864352246585552,540,409.0,,2.0,0.5,5,,visible_pixel_support,False,visible_candidate,line-uct-test-a33-000277,0.9911922344516029,"example-reviewer",accepted,,False,continuous,0,276,curve-uct-test-a33-000277,reviewed_visible_observation,confirmed_continuous_curve
uct-test-a33,1.196475934014112,0.07051044867360567,0.001434130905212605,0.0011864352246585552,541,409.0,,2.0,0.5,5,,visible_pixel_support,False,visible_candidate,line-uct-test-a33-000278,0.9977808684360525,"example-reviewer",accepted,,False,continuous,0,277,curve-uct-test-a33-000278,reviewed_visible_observation,confirmed_continuous_curve
uct-test-a33,1.199344195824537,0.06813757822428856,0.001434130905212605,0.0011864352246585552,542,410.0,,1.5,0.5,4,,visible_pixel_support,False,visible_candidate,line-uct-test-a33-000279,0.0,"example-reviewer",accepted,,False,continuous,0,278,curve-uct-test-a33-000279,reviewed_visible_observation,confirmed_continuous_curve
uct-test-a33,1.202212457634962,0.06813757822428856,0.001434130905212605,0.0011864352246585552,543,410.0,,1.5,0.5,4,,visible_pixel_support,False,visible_candidate,line-uct-test-a33-000280,0.00022937207245377067,"example-reviewer",accepted,,False,continuous,0,279,curve-uct-test-a33-000280,reviewed_visible_observation,confirmed_continuous_curve
uct-test-a33,1.205080719445387,0.06813757822428856,0.001434130905212605,0.0011864352246585552,544,410.0,,1.5,0.5,4,,visible_pixel_support,False,visible_candidate,line-uct-test-a33-000281,0.000916022177477771,"example-reviewer",accepted,,False,continuous,0,280,curve-uct-test-a33-000281,reviewed_visible_observation,confirmed_continuous_curve
uct-test-a33,1.207948981255812,0.06813757822428856,0.001434130905212605,0.0011864352246585552,545,410.0,,1.5,0.5,4,,visible_pixel_support,False,visible_candidate,line-uct-test-a33-000282,0.0020577511463670817,"example-reviewer",accepted,,False,continuous,0,281,curve-uct-test-a33-000282,reviewed_visible_observation,confirmed_continuous_curve
uct-test-a33,1.210817243066237,0.06813757822428856,0.001434130905212605,0.0011864352246585552,546,410.0,,0.5,0.5,2,,visible_pixel_support,False,visible_candidate,line-uct-test-a33-000283,0.0036523598103030963,"example-reviewer",accepted,,False,continuous,0,282,curve-uct-test-a33-000283,reviewed_visible_observation,confirmed_continuous_curve
uct-test-a33,1.2308950757392119,0.06813757822428856,0.001434130905212605,0.0011864352246585552,553,410.0,,0.5,0.5,2,,visible_pixel_support,False,visible_candidate,line-uct-test-a33-000284,0.02731052175346349,"example-reviewer",accepted,,True,continuous,0,283,curve-uct-test-a33-000284,reviewed_visible_observation,confirmed_continuous_curve
uct-test-a33,1.2337633375496369,0.06813757822428856,0.001434130905212605,0.0011864352246585552,554,410.0,,1.5,0.5,4,,visible_pixel_support,False,visible_candidate,line-uct-test-a33-000285,0.03244899790615818,"example-reviewer",accepted,,False,continuous,0,284,curve-uct-test-a33-000285,reviewed_visible_observation,confirmed_continuous_curve
uct-test-a33,1.236631599360062,0.07051044867360567,0.001434130905212605,0.0011864352246585552,555,409.0,,2.0,0.5,5,,visible_pixel_support,False,visible_candidate,line-uct-test-a33-000286,0.9619794387641036,"example-reviewer",accepted,,False,continuous,0,285,curve-uct-test-a33-000286,reviewed_visible_observation,confirmed_continuous_curve
uct-test-a33,1.239499861170487,0.07051044867360567,0.001434130905212605,0.0011864352246585552,556,409.0,,2.0,0.5,5,,visible_pixel_support,False,visible_candidate,line-uct-test-a33-000287,0.9559769874260269,"example-reviewer",accepted,,False,continuous,0,286,curve-uct-test-a33-000287,reviewed_visible_observation,confirmed_continuous_curve
uct-test-a33,1.242368122980912,0.07051044867360567,0.001434130905212605,0.0011864352246585552,557,409.0,,2.0,0.5,5,,visible_pixel_support,False,visible_candidate,line-uct-test-a33-000288,0.9495458472482596,"example-reviewer",accepted,,False,continuous,0,287,curve-uct-test-a33-000288,reviewed_visible_observation,confirmed_continuous_curve
uct-test-a33,1.245236384791337,0.07051044867360567,0.001434130905212605,0.0011864352246585552,558,409.0,,2.0,0.5,5,,visible_pixel_support,False,visible_candidate,line-uct-test-a33-000289,0.9426882173995068,"example-reviewer",accepted,,False,continuous,0,288,curve-uct-test-a33-000289,reviewed_visible_observation,confirmed_continuous_curve
uct-test-a33,1.248104646601762,0.07051044867360567,0.001434130905212605,0.0011864352246585552,559,409.0,,2.0,0.5,5,,visible_pixel_support,False,visible_candidate,line-uct-test-a33-000290,0.9354062970485302,"example-reviewer",accepted,,False,continuous,0,289,curve-uct-test-a33-000290,reviewed_visible_observation,confirmed_continuous_curve
uct-test-a33,1.250972908412187,0.06813757822428856,0.001434130905212605,0.0011864352246585552,560,410.0,,2.0,0.5,5,,visible_pixel_support,False,visible_candidate,line-uct-test-a33-000291,0.07229771463619272,"example-reviewer",accepted,,False,continuous,0,290,curve-uct-test-a33-000291,reviewed_visible_observation,confirmed_continuous_curve
uct-test-a33,1.253841170222612,0.06813757822428856,0.001434130905212605,0.0011864352246585552,561,410.0,,2.0,0.5,5,,visible_pixel_support,False,visible_candidate,line-uct-test-a33-000292,0.0804216184857296,"example-reviewer",accepted,,False,continuous,0,291,curve-uct-test-a33-000292,reviewed_visible_observation,confirmed_continuous_curve
uct-test-a33,1.256709432033037,0.06813757822428856,0.001434130905212605,0.0011864352246585552,562,410.0,,1.5,0.5,4,,visible_pixel_support,False,visible_candidate,line-uct-test-a33-000293,0.0889632153316029,"example-reviewer",accepted,,False,continuous,0,292,curve-uct-test-a33-000293,reviewed_visible_observation,confirmed_continuous_curve
uct-test-a33,1.259577693843462,0.06813757822428856,0.001434130905212605,0.0011864352246585552,563,410.0,,1.5,0.5,4,,visible_pixel_support,False,visible_candidate,line-uct-test-a33-000294,0.09792030600505086,"example-reviewer",accepted,,False,continuous,0,293,curve-uct-test-a33-000294,reviewed_visible_observation,confirmed_continuous_curve
uct-test-a33,1.262445955653887,0.06813757822428856,0.001434130905212605,0.0011864352246585552,564,410.0,,1.5,0.5,4,,visible_pixel_support,False,visible_candidate,line-uct-test-a33-000295,0.10729069133731173,"example-reviewer",accepted,,False,continuous,0,294,curve-uct-test-a33-000295,reviewed_visible_observation,confirmed_continuous_curve
uct-test-a33,1.265314217464312,0.06813757822428856,0.001434130905212605,0.0011864352246585552,565,410.0,,1.5,0.5,4,,visible_pixel_support,False,visible_candidate,line-uct-test-a33-000296,0.11707217215990795,"example-reviewer",accepted,,False,continuous,0,295,curve-uct-test-a33-000296,reviewed_visible_observation,confirmed_continuous_curve
uct-test-a33,1.268182479274737,0.06813757822428856,0.001434130905212605,0.0011864352246585552,566,410.0,,1.5,0.5,4,,visible_pixel_support,False,visible_candidate,line-uct-test-a33-000297,0.12726254930396408,"example-reviewer",accepted,,False,continuous,0,296,curve-uct-test-a33-000297,reviewed_visible_observation,confirmed_continuous_curve
uct-test-a33,1.271050741085162,0.06813757822428856,0.001434130905212605,0.0011864352246585552,567,410.0,,0.5,0.5,2,,visible_pixel_support,False,visible_candidate,line-uct-test-a33-000298,0.13785962360094572,"example-reviewer",accepted,,False,continuous,0,297,curve-uct-test-a33-000298,reviewed_visible_observation,confirmed_continuous_curve
uct-test-a33,1.2911285737581368,0.06813757822428856,0.001434130905212605,0.0011864352246585552,574,410.0,,0.5,0.5,2,,visible_pixel_support,False,visible_candidate,line-uct-test-a33-000299,0.2232419337900069,"example-reviewer",accepted,,True,continuous,0,298,curve-uct-test-a33-000299,reviewed_visible_observation,confirmed_continuous_curve
uct-test-a33,1.2939968355685618,0.06813757822428856,0.001434130905212605,0.0011864352246585552,575,410.0,,1.5,0.5,4,,visible_pixel_support,False,visible_candidate,line-uct-test-a33-000300,0.2370134152371861,"example-reviewer",accepted,,False,continuous,0,299,curve-uct-test-a33-000300,reviewed_visible_observation,confirmed_continuous_curve
uct-test-a33,1.2968650973789868,0.06813757822428856,0.001434130905212605,0.0011864352246585552,576,410.0,,1.5,0.5,4,,visible_pixel_support,False,visible_candidate,line-uct-test-a33-000301,0.2511718013191171,"example-reviewer",accepted,,False,continuous,0,300,curve-uct-test-a33-000301,reviewed_visible_observation,confirmed_continuous_curve
uct-test-a33,1.2997333591894118,0.06813757822428856,0.001434130905212605,0.0011864352246585552,577,410.0,,1.5,0.5,4,,visible_pixel_support,False,visible_candidate,line-uct-test-a33-000302,0.2657148928671518,"example-reviewer",accepted,,False,continuous,0,301,curve-uct-test-a33-000302,reviewed_visible_observation,confirmed_continuous_curve
uct-test-a33,1.3026016209998368,0.07051044867360567,0.001434130905212605,0.0011864352246585552,578,409.0,,2.0,0.5,5,,visible_pixel_support,False,visible_candidate,line-uct-test-a33-000303,0.7193595092874716,"example-reviewer",accepted,,False,continuous,0,302,curve-uct-test-a33-000303,reviewed_visible_observation,confirmed_continuous_curve
uct-test-a33,1.3054698828102618,0.07051044867360567,0.001434130905212605,0.0011864352246585552,579,409.0,,2.0,0.5,5,,visible_pixel_support,False,visible_candidate,line-uct-test-a33-000304,0.7040536043135148,"example-reviewer",accepted,,False,continuous,0,303,curve-uct-test-a33-000304,reviewed_visible_observation,confirmed_continuous_curve
uct-test-a33,1.3083381446206868,0.06813757822428856,0.001434130905212605,0.0011864352246585552,580,410.0,,1.5,0.5,4,,visible_pixel_support,False,visible_candidate,line-uct-test-a33-000305,0.31163040862048774,"example-reviewer",accepted,,False,continuous,0,304,curve-uct-test-a33-000305,reviewed_visible_observation,confirmed_continuous_curve
uct-test-a33,1.3112064064311117,0.06813757822428856,0.001434130905212605,0.0011864352246585552,581,410.0,,1.5,0.5,4,,visible_pixel_support,False,visible_candidate,line-uct-test-a33-000306,0.327690330345888,"example-reviewer",accepted,,False,continuous,0,305,curve-uct-test-a33-000306,reviewed_visible_observation,confirmed_continuous_curve
uct-test-a33,1.3140746682415367,0.06813757822428856,0.001434130905212605,0.0011864352246585552,582,410.0,,2.0,0.5,5,,visible_pixel_support,False,visible_candidate,line-uct-test-a33-000307,0.34412396169381054,"example-reviewer",accepted,,False,continuous,0,306,curve-uct-test-a33-000307,reviewed_visible_observation,confirmed_continuous_curve
uct-test-a33,1.3169429300519617,0.06813757822428856,0.001434130905212605,0.0011864352246585552,583,410.0,,2.0,0.5,5,,visible_pixel_support,False,visible_candidate,line-uct-test-a33-000308,0.3609291034957778,"example-reviewer",accepted,,False,continuous,0,307,curve-uct-test-a33-000308,reviewed_visible_observation,confirmed_continuous_curve
uct-test-a33,1.319811191862387,0.06813757822428856,0.001434130905212605,0.0011864352246585552,584,410.0,,2.0,0.5,5,,visible_pixel_support,False,visible_candidate,line-uct-test-a33-000309,0.3781035565829711,"example-reviewer",accepted,,False,continuous,0,308,curve-uct-test-a33-000309,reviewed_visible_observation,confirmed_continuous_curve
uct-test-a33,1.322679453672812,0.06813757822428856,0.001434130905212605,0.0011864352246585552,585,410.0,,2.0,0.5,5,,visible_pixel_support,False,visible_candidate,line-uct-test-a33-000310,0.39564512178668565,"example-reviewer",accepted,,False,continuous,0,309,curve-uct-test-a33-000310,reviewed_visible_observation,confirmed_continuous_curve
uct-test-a33,1.325547715483237,0.06813757822428856,0.001434130905212605,0.0011864352246585552,586,410.0,,2.0,0.5,5,,visible_pixel_support,False,visible_candidate,line-uct-test-a33-000311,0.4135515999384438,"example-reviewer",accepted,,False,continuous,0,310,curve-uct-test-a33-000311,reviewed_visible_observation,confirmed_continuous_curve
uct-test-a33,1.328415977293662,0.06813757822428856,0.001434130905212605,0.0011864352246585552,587,410.0,,2.0,0.5,5,,visible_pixel_support,False,visible_candidate,line-uct-test-a33-000312,0.4318207918693133,"example-reviewer",accepted,,False,continuous,0,311,curve-uct-test-a33-000312,reviewed_visible_observation,confirmed_continuous_curve
uct-test-a33,1.3312842391040869,0.06813757822428856,0.001434130905212605,0.0011864352246585552,588,410.0,,1.0,0.5,3,,visible_pixel_support,False,visible_candidate,line-uct-test-a33-000313,0.4504504984108735,"example-reviewer",accepted,,False,continuous,0,312,curve-uct-test-a33-000313,reviewed_visible_observation,confirmed_continuous_curve
uct-test-a33,1.3542303335874868,0.06813757822428856,0.001434130905212605,0.0011864352246585552,596,410.0,,1.5,0.5,4,,visible_pixel_support,False,visible_candidate,line-uct-test-a33-000314,0.6122027764806717,"example-reviewer",accepted,,True,continuous,0,313,curve-uct-test-a33-000314,reviewed_visible_observation,confirmed_continuous_curve
uct-test-a33,1.3570985953979118,0.06813757822428856,0.001434130905212605,0.0011864352246585552,597,410.0,,1.5,0.5,4,,visible_pixel_support,False,visible_candidate,line-uct-test-a33-000315,0.633978151926442,"example-reviewer",accepted,,False,continuous,0,314,curve-uct-test-a33-000315,reviewed_visible_observation,confirmed_continuous_curve
uct-test-a33,1.3599668572083368,0.06813757822428856,0.001434130905212605,0.0011864352246585552,598,410.0,,1.5,0.5,4,,visible_pixel_support,False,visible_candidate,line-uct-test-a33-000316,0.6560920502959675,"example-reviewer",accepted,,False,continuous,0,315,curve-uct-test-a33-000316,reviewed_visible_observation,confirmed_continuous_curve
uct-test-a33,1.3628351190187618,0.06813757822428856,0.001434130905212605,0.0011864352246585552,599,410.0,,2.0,0.5,5,,visible_pixel_support,False,visible_candidate,line-uct-test-a33-000317,0.6785422724205432,"example-reviewer",accepted,,False,continuous,0,316,curve-uct-test-a33-000317,reviewed_visible_observation,confirmed_continuous_curve
uct-test-a33,1.3657033808291867,0.06813757822428856,0.001434130905212605,0.0011864352246585552,600,410.0,,2.0,0.5,5,,visible_pixel_support,False,visible_candidate,line-uct-test-a33-000318,0.7013266191314642,"example-reviewer",accepted,,False,continuous,0,317,curve-uct-test-a33-000318,reviewed_visible_observation,confirmed_continuous_curve
uct-test-a33,1.3685716426396117,0.06813757822428856,0.001434130905212605,0.0011864352246585552,601,410.0,,2.0,0.5,5,,visible_pixel_support,False,visible_candidate,line-uct-test-a33-000319,0.7244428912600824,"example-reviewer",accepted,,False,continuous,0,318,curve-uct-test-a33-000319,reviewed_visible_observation,confirmed_continuous_curve
uct-test-a33,1.3714399044500367,0.06813757822428856,0.001434130905212605,0.0011864352246585552,602,410.0,,2.0,0.5,5,,visible_pixel_support,False,visible_candidate,line-uct-test-a33-000320,0.747888889637693,"example-reviewer",accepted,,False,continuous,0,319,curve-uct-test-a33-000320,reviewed_visible_observation,confirmed_continuous_curve
uct-test-a33,1.3743081662604617,0.06813757822428856,0.001434130905212605,0.0011864352246585552,603,410.0,,1.5,0.5,4,,visible_pixel_support,False,visible_candidate,line-uct-test-a33-000321,0.7716624150957045,"example-reviewer",accepted,,False,continuous,0,320,curve-uct-test-a33-000321,reviewed_visible_observation,confirmed_continuous_curve
uct-test-a33,1.3771764280708867,0.06813757822428856,0.001434130905212605,0.0011864352246585552,604,410.0,,1.5,0.5,4,,visible_pixel_support,False,visible_candidate,line-uct-test-a33-000322,0.7957612684653554,"example-reviewer",accepted,,False,continuous,0,321,curve-uct-test-a33-000322,reviewed_visible_observation,confirmed_continuous_curve
uct-test-a33,1.3800446898813117,0.06813757822428856,0.001434130905212605,0.0011864352246585552,605,410.0,,2.0,0.5,5,,visible_pixel_support,False,visible_candidate,line-uct-test-a33-000323,0.8201832505778839,"example-reviewer",accepted,,False,continuous,0,322,curve-uct-test-a33-000323,reviewed_visible_observation,confirmed_continuous_curve
uct-test-a33,1.3829129516917367,0.06813757822428856,0.001434130905212605,0.0011864352246585552,606,410.0,,2.0,0.5,5,,visible_pixel_support,False,visible_candidate,line-uct-test-a33-000324,0.8449261622648123,"example-reviewer",accepted,,False,continuous,0,323,curve-uct-test-a33-000324,reviewed_visible_observation,confirmed_continuous_curve
uct-test-a33,1.3857812135021617,0.06813757822428856,0.001434130905212605,0.0011864352246585552,607,410.0,,2.0,0.5,5,,visible_pixel_support,False,visible_candidate,line-uct-test-a33-000325,0.8699878043572653,"example-reviewer",accepted,,False,continuous,0,324,curve-uct-test-a33-000325,reviewed_visible_observation,confirmed_continuous_curve
uct-test-a33,1.3886494753125866,0.06813757822428856,0.001434130905212605,0.0011864352246585552,608,410.0,,1.5,0.5,4,,visible_pixel_support,False,visible_candidate,line-uct-test-a33-000326,0.8953659776867084,"example-reviewer",accepted,,False,continuous,0,325,curve-uct-test-a33-000326,reviewed_visible_observation,confirmed_continuous_curve
uct-test-a33,1.3915177371230116,0.06813757822428856,0.001434130905212605,0.0011864352246585552,609,410.0,,1.5,0.5,4,,visible_pixel_support,False,visible_candidate,line-uct-test-a33-000327,0.92105848308438,"example-reviewer",accepted,,False,continuous,0,326,curve-uct-test-a33-000327,reviewed_visible_observation,confirmed_continuous_curve
uct-test-a33,1.3943859989334366,0.06576470777497156,0.001434130905212605,0.0011864352246585552,610,411.0,,0.5,0.5,1,,visible_pixel_support,False,visible_candidate,line-uct-test-a33-000328,1.9470631213815182,"example-reviewer",accepted,,False,continuous,0,327,curve-uct-test-a33-000328,reviewed_visible_observation,confirmed_continuous_curve
uct-test-a33,1.4144638316064118,0.06813757822428856,0.001434130905212605,0.0011864352246585552,617,410.0,,0.5,0.5,2,,visible_pixel_support,False,visible_candidate,line-uct-test-a33-000329,1.228531023221251,"example-reviewer",accepted,,True,continuous,0,328,curve-uct-test-a33-000329,reviewed_visible_observation,confirmed_continuous_curve
uct-test-a33,1.4173320934168367,0.06813757822428856,0.001434130905212605,0.0011864352246585552,618,410.0,,1.5,0.5,4,,visible_pixel_support,False,visible_candidate,line-uct-test-a33-000330,1.295604624662758,"example-reviewer",accepted,,False,continuous,0,329,curve-uct-test-a33-000330,reviewed_visible_observation,confirmed_continuous_curve
uct-test-a33,1.4202003552272617,0.06813757822428856,0.001434130905212605,0.0011864352246585552,619,410.0,,1.5,0.5,4,,visible_pixel_support,False,visible_candidate,line-uct-test-a33-000331,1.3692758784486045,"example-reviewer",accepted,,False,continuous,0,330,curve-uct-test-a33-000331,reviewed_visible_observation,confirmed_continuous_curve
uct-test-a33,1.4230686170376867,0.06813757822428856,0.001434130905212605,0.0011864352246585552,620,410.0,,1.5,0.5,4,,visible_pixel_support,False,visible_candidate,line-uct-test-a33-000332,1.4493198646124483,"example-reviewer",accepted,,False,continuous,0,331,curve-uct-test-a33-000332,reviewed_visible_observation,confirmed_continuous_curve
uct-test-a33,1.4259368788481117,0.06813757822428856,0.001434130905212605,0.0011864352246585552,621,410.0,,1.5,0.5,4,,visible_pixel_support,False,visible_candidate,line-uct-test-a33-000333,1.535511663188231,"example-reviewer",accepted,,False,continuous,0,332,curve-uct-test-a33-000333,reviewed_visible_observation,confirmed_continuous_curve
uct-test-a33,1.4288051406585367,0.06813757822428856,0.001434130905212605,0.0011864352246585552,622,410.0,,1.5,0.5,4,,visible_pixel_support,False,visible_candidate,line-uct-test-a33-000334,1.6276263542095535,"example-reviewer",accepted,,False,continuous,0,333,curve-uct-test-a33-000334,reviewed_visible_observation,confirmed_continuous_curve
uct-test-a33,1.4316734024689617,0.07051044867360567,0.001434130905212605,0.0011864352246585552,623,409.0,,2.0,0.5,5,,visible_pixel_support,False,visible_candidate,line-uct-test-a33-000335,0.7254390177100731,"example-reviewer",accepted,,False,continuous,0,334,curve-uct-test-a33-000335,reviewed_visible_observation,confirmed_continuous_curve
uct-test-a33,1.4345416642793867,0.07051044867360567,0.001434130905212605,0.0011864352246585552,624,409.0,,2.0,0.5,5,,visible_pixel_support,False,visible_candidate,line-uct-test-a33-000336,0.8287247337235613,"example-reviewer",accepted,,False,continuous,0,335,curve-uct-test-a33-000336,reviewed_visible_observation,confirmed_continuous_curve
uct-test-a33,1.4374099260898117,0.07051044867360567,0.001434130905212605,0.0011864352246585552,625,409.0,,2.0,0.5,5,,visible_pixel_support,False,visible_candidate,line-uct-test-a33-000337,0.9372585822837891,"example-reviewer",accepted,,False,continuous,0,336,curve-uct-test-a33-000337,reviewed_visible_observation,confirmed_continuous_curve
uct-test-a33,1.4402781879002367,0.07051044867360567,0.001434130905212605,0.0011864352246585552,626,409.0,,2.0,0.5,5,,visible_pixel_support,False,visible_candidate,line-uct-test-a33-000338,1.0508156434243574,"example-reviewer",accepted,,False,continuous,0,337,curve-uct-test-a33-000338,reviewed_visible_observation,confirmed_continuous_curve
uct-test-a33,1.4431464497106616,0.07051044867360567,0.001434130905212605,0.0011864352246585552,627,409.0,,2.0,0.5,5,,visible_pixel_support,False,visible_candidate,line-uct-test-a33-000339,1.1691709971789805,"example-reviewer",accepted,,False,continuous,0,338,curve-uct-test-a33-000339,reviewed_visible_observation,confirmed_continuous_curve
uct-test-a33,1.4460147115210866,0.07051044867360567,0.001434130905212605,0.0011864352246585552,628,409.0,,2.0,0.5,5,,visible_pixel_support,False,visible_candidate,line-uct-test-a33-000340,1.2920997235814866,"example-reviewer",accepted,,False,continuous,0,339,curve-uct-test-a33-000340,reviewed_visible_observation,confirmed_continuous_curve
uct-test-a33,1.4488829733315116,0.07051044867360567,0.001434130905212605,0.0011864352246585552,629,409.0,,1.5,0.5,4,,visible_pixel_support,False,visible_candidate,line-uct-test-a33-000341,1.4193769026654763,"example-reviewer",accepted,,False,continuous,0,340,curve-uct-test-a33-000341,reviewed_visible_observation,confirmed_continuous_curve
uct-test-a33,1.4517512351419366,0.07051044867360567,0.001434130905212605,0.0011864352246585552,630,409.0,,1.5,0.5,4,,visible_pixel_support,False,visible_candidate,line-uct-test-a33-000342,1.550777614464721,"example-reviewer",accepted,,False,continuous,0,341,curve-uct-test-a33-000342,reviewed_visible_observation,confirmed_continuous_curve
uct-test-a33,1.4546194969523616,0.07051044867360567,0.001434130905212605,0.0011864352246585552,631,409.0,,1.5,0.5,4,,visible_pixel_support,False,visible_candidate,line-uct-test-a33-000343,1.6860769390129917,"example-reviewer",accepted,,False,continuous,0,342,curve-uct-test-a33-000343,reviewed_visible_observation,confirmed_continuous_curve
uct-test-a33,1.4746973296253365,0.077629060021557,0.001434130905212605,0.0011864352246585552,638,406.0,,0.5,0.5,2,,visible_pixel_support,False,visible_candidate,line-uct-test-a33-000344,0.27655990934675856,"example-reviewer",accepted,,True,continuous,0,343,curve-uct-test-a33-000344,reviewed_visible_observation,confirmed_continuous_curve
uct-test-a33,1.4775655914357615,0.077629060021557,0.001434130905212605,0.0011864352246585552,639,406.0,,1.5,0.5,4,,visible_pixel_support,False,visible_candidate,line-uct-test-a33-000345,0.11816880159318544,"example-reviewer",accepted,,False,continuous,0,344,curve-uct-test-a33-000345,reviewed_visible_observation,confirmed_continuous_curve
uct-test-a33,1.4804338532461865,0.077629060021557,0.001434130905212605,0.0011864352246585552,640,406.0,,1.5,0.5,4,,visible_pixel_support,False,visible_candidate,line-uct-test-a33-000346,0.042096639212843456,"example-reviewer",accepted,,False,continuous,0,345,curve-uct-test-a33-000346,reviewed_visible_observation,confirmed_continuous_curve
uct-test-a33,1.4833021150566117,0.077629060021557,0.001434130905212605,0.0011864352246585552,641,406.0,,1.5,0.5,4,,visible_pixel_support,False,visible_candidate,line-uct-test-a33-000347,0.204011493104872,"example-reviewer",accepted,,False,continuous,0,346,curve-uct-test-a33-000347,reviewed_visible_observation,confirmed_continuous_curve
uct-test-a33,1.4861703768670367,0.077629060021557,0.001434130905212605,0.0011864352246585552,642,406.0,,2.0,0.5,5,,visible_pixel_support,False,visible_candidate,line-uct-test-a33-000348,0.36735084011672825,"example-reviewer",accepted,,False,continuous,0,347,curve-uct-test-a33-000348,reviewed_visible_observation,confirmed_continuous_curve
uct-test-a33,1.4890386386774617,0.08000193047087412,0.001434130905212605,0.0011864352246585552,643,405.0,,1.5,0.5,4,,visible_pixel_support,False,visible_candidate,line-uct-test-a33-000349,0.4681102397178165,"example-reviewer",accepted,,False,continuous,0,348,curve-uct-test-a33-000349,reviewed_visible_observation,confirmed_continuous_curve
uct-test-a33,1.4919069004878867,0.08000193047087412,0.001434130905212605,0.0011864352246585552,644,405.0,,1.5,0.5,4,,visible_pixel_support,False,visible_candidate,line-uct-test-a33-000350,0.3025966663652184,"example-reviewer",accepted,,False,continuous,0,349,curve-uct-test-a33-000350,reviewed_visible_observation,confirmed_continuous_curve
uct-test-a33,1.4947751622983116,0.08000193047087412,0.001434130905212605,0.0011864352246585552,645,405.0,,1.5,0.5,4,,visible_pixel_support,False,visible_candidate,line-uct-test-a33-000351,0.1363333597916494,"example-reviewer",accepted,,False,continuous,0,350,curve-uct-test-a33-000351,reviewed_visible_observation,confirmed_continuous_curve
uct-test-a33,1.4976434241087366,0.08000193047087412,0.001434130905212605,0.0011864352246585552,646,405.0,,1.5,0.5,4,,visible_pixel_support,False,visible_candidate,line-uct-test-a33-000352,0.03045476003666181,"example-reviewer",accepted,,False,continuous,0,351,curve-uct-test-a33-000352,reviewed_visible_observation,confirmed_continuous_curve
uct-test-a33,1.5005116859191616,0.08000193047087412,0.001434130905212605,0.0011864352246585552,647,405.0,,2.0,0.5,5,,visible_pixel_support,False,visible_candidate,line-uct-test-a33-000353,0.19754277315325908,"example-reviewer",accepted,,False,continuous,0,352,curve-uct-test-a33-000353,reviewed_visible_observation,confirmed_continuous_curve
uct-test-a33,1.5033799477295866,0.08000193047087412,0.001434130905212605,0.0011864352246585552,648,405.0,,1.5,0.5,4,,visible_pixel_support,False,visible_candidate,line-uct-test-a33-000354,0.36470575959202733,"example-reviewer",accepted,,False,continuous,0,353,curve-uct-test-a33-000354,reviewed_visible_observation,confirmed_continuous_curve
uct-test-a33,1.5062482095400116,0.08237480092019123,0.001434130905212605,0.0011864352246585552,649,404.0,,1.5,0.5,4,,visible_pixel_support,False,visible_candidate,line-uct-test-a33-000355,0.4682812006134327,"example-reviewer",accepted,,False,continuous,0,354,curve-uct-test-a33-000355,reviewed_visible_observation,confirmed_continuous_curve
uct-test-a33,1.5091164713504366,0.08237480092019123,0.001434130905212605,0.0011864352246585552,650,404.0,,1.5,0.5,4,,visible_pixel_support,False,visible_candidate,line-uct-test-a33-000356,0.3016430274293498,"example-reviewer",accepted,,False,continuous,0,355,curve-uct-test-a33-000356,reviewed_visible_observation,confirmed_continuous_curve
uct-test-a33,1.5119847331608616,0.08237480092019123,0.001434130905212605,0.0011864352246585552,651,404.0,,1.0,0.5,3,,visible_pixel_support,False,visible_candidate,line-uct-test-a33-000357,0.13560464082200951,"example-reviewer",accepted,,False,continuous,0,356,curve-uct-test-a33-000357,reviewed_visible_observation,confirmed_continuous_curve
uct-test-a33,1.5148529949712866,0.08237480092019123,0.001434130905212605,0.0011864352246585552,652,404.0,,0.5,0.5,2,,visible_pixel_support,False,visible_candidate,line-uct-test-a33-000358,0.02960903924224567,"example-reviewer",accepted,,False,continuous,0,357,curve-uct-test-a33-000358,reviewed_visible_observation,confirmed_continuous_curve
uct-test-a33,1.5349308276442615,0.08949341226814245,0.001434130905212605,0.0011864352246585552,659,401.0,,1.0,0.5,3,,visible_pixel_support,False,visible_candidate,line-uct-test-a33-000359,1.8558802606813742,"example-reviewer",accepted,,True,continuous,0,358,curve-uct-test-a33-000359,reviewed_visible_observation,confirmed_continuous_curve
uct-test-a33,1.5377990894546865,0.08949341226814245,0.001434130905212605,0.0011864352246585552,660,401.0,,1.5,0.5,4,,visible_pixel_support,False,visible_candidate,line-uct-test-a33-000360,1.7053613517477402,"example-reviewer",accepted,,False,continuous,0,359,curve-uct-test-a33-000360,reviewed_visible_observation,confirmed_continuous_curve
uct-test-a33,1.5406673512651115,0.08712054181882534,0.001434130905212605,0.0011864352246585552,661,402.0,,2.0,0.5,5,,visible_pixel_support,False,visible_candidate,line-uct-test-a33-000361,0.5576914290538184,"example-reviewer",accepted,,False,continuous,0,360,curve-uct-test-a33-000361,reviewed_visible_observation,confirmed_continuous_curve
uct-test-a33,1.5435356130755364,0.08949341226814245,0.001434130905212605,0.0011864352246585552,662,401.0,,2.0,0.5,5,,visible_pixel_support,False,visible_candidate,line-uct-test-a33-000362,1.4130954125657809,"example-reviewer",accepted,,False,continuous,0,361,curve-uct-test-a33-000362,reviewed_visible_observation,confirmed_continuous_curve
uct-test-a33,1.5464038748859614,0.08949341226814245,0.001434130905212605,0.0011864352246585552,663,401.0,,2.0,0.5,5,,visible_pixel_support,False,visible_candidate,line-uct-test-a33-000363,1.2717982222499131,"example-reviewer",accepted,,False,continuous,0,362,curve-uct-test-a33-000363,reviewed_visible_observation,confirmed_continuous_curve
uct-test-a33,1.5492721366963864,0.08949341226814245,0.001434130905212605,0.0011864352246585552,664,401.0,,2.0,0.5,5,,visible_pixel_support,False,visible_candidate,line-uct-test-a33-000364,1.1340247780726145,"example-reviewer",accepted,,False,continuous,0,363,curve-uct-test-a33-000364,reviewed_visible_observation,confirmed_continuous_curve
uct-test-a33,1.5521403985068114,0.08712054181882534,0.001434130905212605,0.0011864352246585552,665,402.0,,2.0,0.5,5,,visible_pixel_support,False,visible_candidate,line-uct-test-a33-000365,0.0,"example-reviewer",accepted,,False,continuous,0,364,curve-uct-test-a33-000365,reviewed_visible_observation,confirmed_continuous_curve
