series,x,y,x_uncertainty,y_uncertainty,pixel_x,pixel_y,pixel_half_width,pixel_half_height,support_pixels,marker_shape,evidence_status,segment_break,status,candidate_id,guide_residual_px
simulation-a11,0.04630294803368873,0.7538971380769293,0.012907178146912501,0.011864352246585552,140.0,121.0,4.5,5.0,79,triangle,visible_marker_support,True,visible_candidate,line-simulation-a11-000001,
simulation-a11,0.1266142787255886,0.7752529721207831,0.012907178146912501,0.011864352246585441,168.0,112.0,4.5,5.0,82,triangle,visible_marker_support,False,visible_candidate,line-simulation-a11-000002,
simulation-a11,0.21266213303833847,0.8416933447016618,0.011473047241699952,0.010677917021926997,198.0,84.0,4.0,4.5,69,triangle,visible_marker_support,False,visible_candidate,line-simulation-a11-000003,
simulation-a11,0.29010520191981337,0.85948987307154,0.01720957086255004,0.013050787471244107,225.0,76.5,6.0,5.5,100,triangle,visible_marker_support,False,visible_candidate,line-simulation-a11-000004,
simulation-a11,0.37328479442213824,0.8654220491948328,0.01720957086255004,0.014237222695902663,254.0,74.0,6.0,6.0,102,triangle,visible_marker_support,False,visible_candidate,line-simulation-a11-000005,
simulation-a11,0.45359612511403813,0.8559305673975643,0.01434130905212505,0.011864352246585552,282.0,78.0,5.0,5.0,85,triangle,visible_marker_support,False,visible_candidate,line-simulation-a11-000006,
simulation-a11,0.7017007717158001,0.673219542800148,0.005736523620850198,0.008305046572609887,368.5,155.0,2.0,3.5,32,triangle,visible_marker_support,False,visible_candidate,line-simulation-a11-000007,
simulation-a11,0.7834462333129126,0.6305078747124403,0.015775439957337545,0.020169398819195328,397.0,173.0,5.5,8.5,90,triangle,visible_marker_support,False,visible_candidate,line-simulation-a11-000008,
simulation-a11,0.8035240659858875,0.6305078747124403,0.005736523620849976,0.018982963594536773,404.0,173.0,2.0,8.0,25,triangle,visible_marker_support,False,visible_candidate,line-simulation-a11-000009,
simulation-a11,0.8465479931422626,0.6423722269590257,0.01434130905212494,0.020169398819195328,419.0,168.0,5.0,8.5,63,triangle,visible_marker_support,False,visible_candidate,line-simulation-a11-000010,
simulation-a11,1.1132963415117871,0.8191510754331495,0.004302392715637593,0.008305046572609887,512.0,93.5,1.5,3.5,24,triangle,visible_marker_support,False,visible_candidate,line-simulation-a11-000011,
simulation-a11,1.199344195824537,0.8583034378468815,0.015775439957337545,0.011864352246585552,542.0,77.0,5.5,5.0,92,triangle,visible_marker_support,False,visible_candidate,line-simulation-a11-000012,
simulation-a11,1.2796555265164369,0.8677949196441499,0.015775439957337545,0.011864352246585552,570.0,73.0,5.5,5.0,86,triangle,visible_marker_support,False,visible_candidate,line-simulation-a11-000013,
simulation-a11,1.3614009881135494,0.8630491787455157,0.018643701767762533,0.011864352246585552,598.5,75.0,6.5,5.0,98,triangle,visible_marker_support,False,visible_candidate,line-simulation-a11-000014,
simulation-a11,1.4417123188054493,0.8488119560496131,0.014341309052125162,0.013050787471244107,626.5,81.0,5.0,5.5,90,triangle,visible_marker_support,False,visible_candidate,line-simulation-a11-000015,
simulation-a11,1.6066373729048864,0.7562700085262464,0.012907178146912557,0.011864352246585552,684.0,120.0,4.5,5.0,77,triangle,visible_marker_support,False,visible_candidate,line-simulation-a11-000016,
simulation-a22,0.04917120984411372,0.2128826756326314,0.012907178146912501,0.013050787471244107,141.0,349.0,4.5,5.5,97,circle,visible_marker_support,True,visible_candidate,line-simulation-a22-000001,
simulation-a22,0.10653644605261364,0.19864545293672886,0.025814356293825003,0.016610093145219662,161.0,355.0,9.0,7.0,119,circle,visible_marker_support,False,visible_candidate,line-simulation-a22-000002,
simulation-a22,0.1266142787255886,0.18678110069014342,0.0043023927156375374,0.010677917021926997,168.0,360.0,1.5,4.5,22,circle,visible_marker_support,False,visible_candidate,line-simulation-a22-000003,
simulation-a22,0.1811112531236635,0.14169656215311854,0.004302392715637482,0.011864352246585552,187.0,379.0,1.5,5.0,19,circle,visible_marker_support,False,visible_candidate,line-simulation-a22-000004,
simulation-a22,0.2069256094174885,0.127459339457216,0.022946094483400015,0.020169398819195328,196.0,385.0,8.0,8.5,141,circle,visible_marker_support,False,visible_candidate,line-simulation-a22-000005,
simulation-a22,0.24134475114258847,0.11322211676131344,0.008604785431275075,0.013050787471243996,208.0,391.0,3.0,5.5,35,circle,visible_marker_support,False,visible_candidate,line-simulation-a22-000006,
simulation-a22,0.29440759463545085,0.10847637586267922,0.04589218896679992,0.020169398819195328,226.5,393.0,16.0,8.5,250,circle,visible_marker_support,False,visible_candidate,line-simulation-a22-000007,
simulation-a22,0.42204524519936315,0.10847637586267922,0.07027241435541243,0.020169398819195328,271.0,393.0,24.5,8.5,409,circle,visible_marker_support,False,visible_candidate,line-simulation-a22-000008,
simulation-a22,0.49805418317562555,0.13101864513119166,0.004302392715637482,0.014237222695902552,297.5,383.5,1.5,6.0,22,circle,visible_marker_support,False,visible_candidate,line-simulation-a22-000009,
simulation-a22,0.513829623132963,0.14169656215311854,0.01434130905212505,0.016610093145219662,303.0,379.0,5.0,7.0,57,circle,visible_marker_support,False,visible_candidate,line-simulation-a22-000010,
simulation-a22,0.5697607284362505,0.16423883142163098,0.051628712587650005,0.020169398819195328,322.5,369.5,18.0,8.5,224,circle,visible_marker_support,False,visible_candidate,line-simulation-a22-000011,
simulation-a22,0.7002666408105878,0.29000096523543706,0.005736523620849976,0.014237222695902552,368.0,316.5,2.0,6.0,56,circle,visible_marker_support,False,visible_candidate,line-simulation-a22-000012,
simulation-a22,0.7719731860712127,0.57355898392883,0.007170654526062581,0.018982963594536773,393.0,197.0,2.5,8.0,30,circle,visible_marker_support,False,visible_candidate,line-simulation-a22-000013,
simulation-a22,0.7920510187441876,0.6257621338138061,0.011473047241699952,0.020169398819195328,400.0,175.0,4.0,8.5,66,circle,visible_marker_support,False,visible_candidate,line-simulation-a22-000014,
simulation-a22,0.8580210403839625,0.6233892633644891,0.007170654526062581,0.020169398819195328,423.0,176.0,2.5,8.5,33,circle,visible_marker_support,False,visible_candidate,line-simulation-a22-000015,
simulation-a22,0.8895719202986374,0.523728704493171,0.004302392715637593,0.020169398819195328,434.0,218.0,1.5,8.5,17,circle,visible_marker_support,False,visible_candidate,line-simulation-a22-000016,
simulation-a22,0.9498054183175624,0.2840687891121443,0.008604785431274964,0.014237222695902663,455.0,319.0,3.0,6.0,79,circle,visible_marker_support,False,visible_candidate,line-simulation-a22-000017,
simulation-a22,1.0329850108198873,0.17610318366821642,0.022946094483399904,0.020169398819195328,484.0,364.5,8.0,8.5,180,circle,visible_marker_support,False,visible_candidate,line-simulation-a22-000018,
simulation-a22,1.0616676289241371,0.16542526664628954,0.004302392715637593,0.014237222695902552,494.0,369.0,1.5,6.0,15,circle,visible_marker_support,False,visible_candidate,line-simulation-a22-000019,
simulation-a22,1.1075598178909372,0.15118804395038699,0.03155087991467487,0.020169398819195328,510.0,375.0,11.0,8.5,198,circle,visible_marker_support,False,visible_candidate,line-simulation-a22-000020,
simulation-a22,1.1563202686681622,0.12627290423255744,0.005736523620850198,0.016610093145219662,527.0,385.5,2.0,7.0,30,circle,visible_marker_support,False,visible_candidate,line-simulation-a22-000021,
simulation-a22,1.193607672203687,0.10847637586267922,0.02581435629382489,0.017796528369878217,540.0,393.0,9.0,7.5,157,circle,visible_marker_support,False,visible_candidate,line-simulation-a22-000022,
simulation-a22,1.2251585521183619,0.103730634964045,0.004302392715637593,0.011864352246585552,551.0,395.0,1.5,5.0,22,circle,visible_marker_support,False,visible_candidate,line-simulation-a22-000023,
simulation-a22,1.239499861170487,0.101357764514728,0.011473047241700174,0.013050787471244107,556.0,396.0,4.0,5.5,46,circle,visible_marker_support,False,visible_candidate,line-simulation-a22-000024,
simulation-a22,1.2796555265164369,0.101357764514728,0.030116749009462485,0.016610093145219662,570.0,396.0,10.5,7.0,174,circle,visible_marker_support,False,visible_candidate,line-simulation-a22-000025,
simulation-a22,1.328415977293662,0.101357764514728,0.007170654526062581,0.008305046572609887,587.0,396.0,2.5,3.5,26,circle,visible_marker_support,False,visible_candidate,line-simulation-a22-000026,
simulation-a22,1.3628351190187618,0.103730634964045,0.02581435629382489,0.013050787471244107,599.0,395.0,9.0,5.5,162,circle,visible_marker_support,False,visible_candidate,line-simulation-a22-000027,
simulation-a22,1.4087273079855618,0.10610350541336211,0.004302392715637593,0.010677917021926997,615.0,394.0,1.5,4.5,11,circle,visible_marker_support,False,visible_candidate,line-simulation-a22-000028,
simulation-a22,1.4460147115210866,0.12034072810926477,0.022946094483399904,0.016610093145219773,628.0,388.0,8.0,7.0,145,circle,visible_marker_support,False,visible_candidate,line-simulation-a22-000029,
simulation-a22,1.5693499693693616,0.17017100754492376,0.007170654526062581,0.016610093145219662,671.0,367.0,2.5,7.0,18,circle,visible_marker_support,False,visible_candidate,line-simulation-a22-000030,
simulation-a22,1.6095056347153114,0.2057640642846802,0.01434130905212494,0.011864352246585552,685.0,352.0,5.0,5.0,95,circle,visible_marker_support,False,visible_candidate,line-simulation-a22-000031,
simulation-a33,0.05490773346496369,0.03017165103521502,0.00717065452606247,0.011864352246585552,143.0,426.0,2.5,5.0,31,x,visible_marker_support,True,visible_candidate,line-simulation-a33-000001,
simulation-a33,0.1151412314838886,0.03017165103521502,0.00717065452606247,0.011864352246585552,164.0,426.0,2.5,5.0,33,x,visible_marker_support,False,visible_candidate,line-simulation-a33-000002,
simulation-a33,0.13808732596728857,0.02779878058589791,0.005736523620849976,0.011864352246585552,172.0,427.0,2.0,5.0,30,x,visible_marker_support,False,visible_candidate,line-simulation-a33-000003,
simulation-a33,0.19832082398621353,0.03017165103521502,0.007170654526062581,0.016610093145219773,193.0,426.0,2.5,7.0,33,x,visible_marker_support,False,visible_candidate,line-simulation-a33-000004,
simulation-a33,0.21839865665918845,0.03017165103521502,0.00717065452606247,0.011864352246585552,200.0,426.0,2.5,5.0,30,x,visible_marker_support,False,visible_candidate,line-simulation-a33-000005,
simulation-a33,0.2800662855833259,0.03017165103521502,0.005736523620850087,0.011864352246585552,221.5,426.0,2.0,5.0,28,x,visible_marker_support,False,visible_candidate,line-simulation-a33-000006,
simulation-a33,0.3015782491615133,0.03254452148453213,0.005736523620849976,0.013050787471244107,229.0,425.0,2.0,5.5,32,x,visible_marker_support,False,visible_candidate,line-simulation-a33-000007,
simulation-a33,0.3618117471804383,0.03254452148453213,0.005736523620850087,0.011864352246585552,250.0,425.0,2.0,5.0,28,x,visible_marker_support,False,visible_candidate,line-simulation-a33-000008,
simulation-a33,0.3847578416638382,0.03254452148453213,0.00717065452606247,0.011864352246585552,258.0,425.0,2.5,5.0,30,x,visible_marker_support,False,visible_candidate,line-simulation-a33-000009,
simulation-a33,0.44499133968276317,0.03254452148453213,0.007170654526062581,0.011864352246585552,279.0,425.0,2.5,5.0,32,x,visible_marker_support,False,visible_candidate,line-simulation-a33-000010,
simulation-a33,0.46793743416616307,0.03254452148453213,0.005736523620849976,0.011864352246585552,287.0,425.0,2.0,5.0,27,x,visible_marker_support,False,visible_candidate,line-simulation-a33-000011,
simulation-a33,0.5267368012798755,0.03017165103521502,0.005736523620850087,0.013050787471244107,307.5,426.0,2.0,5.5,28,x,visible_marker_support,False,visible_candidate,line-simulation-a33-000012,
simulation-a33,0.548248764858063,0.03017165103521502,0.00717065452606247,0.011864352246585552,315.0,426.0,2.5,5.0,31,x,visible_marker_support,False,visible_candidate,line-simulation-a33-000013,
simulation-a33,0.6084822628769879,0.03017165103521502,0.007170654526062581,0.016610093145219773,336.0,426.0,2.5,7.0,35,x,visible_marker_support,False,visible_candidate,line-simulation-a33-000014,
simulation-a33,0.6314283573603878,0.03254452148453213,0.005736523620849976,0.013050787471244107,344.0,425.0,2.0,5.5,27,x,visible_marker_support,False,visible_candidate,line-simulation-a33-000015,
simulation-a33,0.6945301171897378,0.03966313283248346,0.005736523620849976,0.013050787471243996,366.0,422.0,2.0,5.5,25,x,visible_marker_support,False,visible_candidate,line-simulation-a33-000016,
simulation-a33,0.7131738189575003,0.03966313283248346,0.005736523620849976,0.013050787471243996,372.5,422.0,2.0,5.5,24,x,visible_marker_support,False,visible_candidate,line-simulation-a33-000017,
simulation-a33,0.7748414478816377,0.04440887373111768,0.007170654526062581,0.013050787471243996,394.0,420.0,2.5,5.5,28,x,visible_marker_support,False,visible_candidate,line-simulation-a33-000018,
simulation-a33,0.7977875423650376,0.04203600328180057,0.005736523620849976,0.017796528369878217,402.0,421.0,2.0,7.5,27,x,visible_marker_support,False,visible_candidate,line-simulation-a33-000019,
simulation-a33,0.8580210403839625,0.04322243850645913,0.007170654526062581,0.013050787471244107,423.0,420.5,2.5,5.5,30,x,visible_marker_support,False,visible_candidate,line-simulation-a33-000020,
simulation-a33,0.8780988730569375,0.04203600328180057,0.007170654526062581,0.013050787471243996,430.0,421.0,2.5,5.5,31,x,visible_marker_support,False,visible_candidate,line-simulation-a33-000021,
simulation-a33,0.9412006328862874,0.03966313283248346,0.005736523620849976,0.011864352246585552,452.0,422.0,2.0,5.0,23,x,visible_marker_support,False,visible_candidate,line-simulation-a33-000022,
simulation-a33,0.9612784655592623,0.03966313283248346,0.005736523620849976,0.013050787471243996,459.0,422.0,2.0,5.5,24,x,visible_marker_support,False,visible_candidate,line-simulation-a33-000023,
simulation-a33,1.0186437017677623,0.03254452148453213,0.005736523620849976,0.011864352246585552,479.0,425.0,2.0,5.0,27,x,visible_marker_support,False,visible_candidate,line-simulation-a33-000024,
simulation-a33,1.0415897962511622,0.03254452148453213,0.007170654526062581,0.011864352246585552,487.0,425.0,2.5,5.0,33,x,visible_marker_support,False,visible_candidate,line-simulation-a33-000025,
simulation-a33,1.1046915560805122,0.03254452148453213,0.007170654526062581,0.011864352246585552,509.0,425.0,2.5,5.0,33,x,visible_marker_support,False,visible_candidate,line-simulation-a33-000026,
simulation-a33,1.127637650563912,0.03254452148453213,0.005736523620849976,0.011864352246585552,517.0,425.0,2.0,5.0,28,x,visible_marker_support,False,visible_candidate,line-simulation-a33-000027,
simulation-a33,1.1864370176776244,0.03254452148453213,0.005736523620849976,0.011864352246585552,537.5,425.0,2.0,5.0,26,x,visible_marker_support,False,visible_candidate,line-simulation-a33-000028,
simulation-a33,1.205080719445387,0.03017165103521502,0.007170654526062581,0.018982963594536884,544.0,426.0,2.5,8.0,37,x,visible_marker_support,False,visible_candidate,line-simulation-a33-000029,
simulation-a33,1.268182479274737,0.03254452148453213,0.005736523620849976,0.011864352246585552,566.0,425.0,2.0,5.0,27,x,visible_marker_support,False,visible_candidate,line-simulation-a33-000030,
simulation-a33,1.2911285737581368,0.03254452148453213,0.005736523620849976,0.011864352246585552,574.0,425.0,2.0,5.0,27,x,visible_marker_support,False,visible_candidate,line-simulation-a33-000031,
simulation-a33,1.3513620717770618,0.03254452148453213,0.007170654526062581,0.011864352246585552,595.0,425.0,2.5,5.0,34,x,visible_marker_support,False,visible_candidate,line-simulation-a33-000032,
simulation-a33,1.3714399044500367,0.03254452148453213,0.007170654526062581,0.011864352246585552,602.0,425.0,2.5,5.0,33,x,visible_marker_support,False,visible_candidate,line-simulation-a33-000033,
simulation-a33,1.4316734024689617,0.03017165103521502,0.005736523620849976,0.011864352246585552,623.0,426.0,2.0,5.0,24,x,visible_marker_support,False,visible_candidate,line-simulation-a33-000034,
simulation-a33,1.4574877587627866,0.03017165103521502,0.005736523620849976,0.013050787471244107,632.0,426.0,2.0,5.5,25,x,visible_marker_support,False,visible_candidate,line-simulation-a33-000035,
simulation-a33,1.5148529949712866,0.03017165103521502,0.005736523620849976,0.013050787471244107,652.0,426.0,2.0,5.5,28,x,visible_marker_support,False,visible_candidate,line-simulation-a33-000036,
simulation-a33,1.5377990894546865,0.03017165103521502,0.007170654526062581,0.011864352246585552,660.0,426.0,2.5,5.0,33,x,visible_marker_support,False,visible_candidate,line-simulation-a33-000037,
simulation-a33,1.5980325874736114,0.03017165103521502,0.007170654526062581,0.01779652836987833,681.0,426.0,2.5,7.5,37,x,visible_marker_support,False,visible_candidate,line-simulation-a33-000038,
uct-test-a11,0.10653644605261364,0.7444056562796608,0.001434130905212494,0.0011864352246586662,161,125.0,,0.5,1,,visible_pixel_support,True,visible_candidate,line-uct-test-a11-000001,9.244943513119523
uct-test-a11,0.10940470786303863,0.7396599153810267,0.001434130905212494,0.0023728704493171104,162,127.0,,1.0,3,,visible_pixel_support,False,visible_candidate,line-uct-test-a11-000002,7.507288629737616
uct-test-a11,0.11227296967346362,0.7372870449317096,0.001434130905212494,0.00474574089863411,163,128.0,,2.0,5,,visible_pixel_support,False,visible_candidate,line-uct-test-a11-000003,6.717520043731781
uct-test-a11,0.1151412314838886,0.7372870449317096,0.001434130905212494,0.00474574089863411,164,128.0,,2.0,5,,visible_pixel_support,False,visible_candidate,line-uct-test-a11-000004,6.872084548104937
uct-test-a11,0.1180094932943136,0.7325413040330755,0.001434130905212494,0.007118611347951331,165,130.0,,3.0,7,,visible_pixel_support,False,visible_candidate,line-uct-test-a11-000005,4.967428935860056
uct-test-a11,0.12087775510473858,0.7301684335837584,0.001434130905212494,0.005932176123292887,166,131.0,,2.5,6,,visible_pixel_support,False,visible_candidate,line-uct-test-a11-000006,4.0
uct-test-a11,0.12374601691516357,0.7277955631344413,0.0014341309052125495,0.005932176123292776,167,132.0,,2.5,6,,visible_pixel_support,False,visible_candidate,line-uct-test-a11-000007,2.930333516150455
uct-test-a11,0.1266142787255886,0.7254226926851242,0.001434130905212494,0.004745740898634221,168,133.0,,2.0,5,,visible_pixel_support,False,visible_candidate,line-uct-test-a11-000008,1.7262648154028284
uct-test-a11,0.1294825405360136,0.7254226926851242,0.001434130905212494,0.0035593056739756657,169,133.0,,1.5,4,,visible_pixel_support,False,visible_candidate,line-uct-test-a11-000009,1.395190023958662
uct-test-a11,0.1323508023464386,0.723049822235807,0.001434130905212494,0.0035593056739756657,170,134.0,,1.5,4,,visible_pixel_support,False,visible_candidate,line-uct-test-a11-000010,0.055494731980473944
uct-test-a11,0.13521906415686358,0.7254226926851242,0.001434130905212494,0.004745740898634221,171,133.0,,2.0,5,,visible_pixel_support,False,visible_candidate,line-uct-test-a11-000011,0.38160667378693347
uct-test-a11,0.13808732596728857,0.7254226926851242,0.001434130905212494,0.005932176123292776,172,133.0,,2.5,6,,visible_pixel_support,False,visible_candidate,line-uct-test-a11-000012,0.28610963253760247
uct-test-a11,0.14095558777771355,0.7301684335837584,0.001434130905212494,0.007118611347951331,173,131.0,,3.0,7,,visible_pixel_support,False,visible_candidate,line-uct-test-a11-000013,0.9487524752475167
uct-test-a11,0.14382384958813854,0.7325413040330755,0.001434130905212494,0.009491481797268442,174,130.0,,4.0,9,,visible_pixel_support,False,visible_candidate,line-uct-test-a11-000014,1.0935891233438042
uct-test-a11,0.14669211139856353,0.7349141744823925,0.001434130905212494,0.010677917021926997,175,129.0,,4.5,10,,visible_pixel_support,False,visible_candidate,line-uct-test-a11-000015,1.1557964379528585
uct-test-a11,0.14956037320898852,0.7396599153810267,0.001434130905212494,0.00949148179726833,176,127.0,,4.0,9,,visible_pixel_support,False,visible_candidate,line-uct-test-a11-000016,2.1427705452761074
uct-test-a11,0.1524286350194135,0.7444056562796608,0.001434130905212494,0.008305046572609887,177,125.0,,3.5,8,,visible_pixel_support,False,visible_candidate,line-uct-test-a11-000017,3.061907571515178
uct-test-a11,0.1552968968298386,0.7467785267289779,0.001434130905212605,0.008305046572609887,178,124.0,,3.5,8,,visible_pixel_support,False,visible_candidate,line-uct-test-a11-000018,2.9206036428715834
uct-test-a11,0.1581651586402636,0.7515242676276122,0.001434130905212494,0.007118611347951331,179,122.0,,3.0,7,,visible_pixel_support,False,visible_candidate,line-uct-test-a11-000019,3.726254885546865
uct-test-a11,0.16103342045068858,0.7562700085262464,0.001434130905212494,0.007118611347951331,180,120.0,,3.0,7,,visible_pixel_support,False,visible_candidate,line-uct-test-a11-000020,4.486257425742565
uct-test-a11,0.16390168226111357,0.7586428789755635,0.001434130905212494,0.007118611347951331,181,119.0,,3.0,7,,visible_pixel_support,False,visible_candidate,line-uct-test-a11-000021,4.208007389660253
uct-test-a11,0.16676994407153856,0.7633886198741977,0.001434130905212494,0.007118611347951331,182,117.0,,3.0,7,,visible_pixel_support,False,visible_candidate,line-uct-test-a11-000022,4.898900903501442
uct-test-a11,0.16963820588196354,0.7657614903235148,0.001434130905212494,0.007118611347951331,183,116.0,,3.0,7,,visible_pixel_support,False,visible_candidate,line-uct-test-a11-000023,4.56633409346766
uct-test-a11,0.17250646769238853,0.7705072312221489,0.001434130905212494,0.005932176123292776,184,114.0,,2.5,6,,visible_pixel_support,False,visible_candidate,line-uct-test-a11-000024,5.217703085760462
uct-test-a11,0.17537472950281352,0.772880101671466,0.001434130905212494,0.00711861134795122,185,113.0,,3.0,7,,visible_pixel_support,False,visible_candidate,line-uct-test-a11-000025,4.860404006581405
uct-test-a11,0.1782429913132385,0.7776258425701001,0.001434130905212494,0.005932176123292887,186,111.0,,2.5,6,,visible_pixel_support,False,visible_candidate,line-uct-test-a11-000026,5.501832982132029
uct-test-a11,0.1811112531236635,0.7823715834687344,0.001434130905212494,0.004745740898634221,187,109.0,,2.0,5,,visible_pixel_support,False,visible_candidate,line-uct-test-a11-000027,6.149386138613849
uct-test-a11,0.18397951493408848,0.7871173243673686,0.001434130905212494,0.004745740898634221,188,107.0,,2.0,5,,visible_pixel_support,False,visible_candidate,line-uct-test-a11-000028,6.810459602228434
uct-test-a11,0.18684777674451347,0.7894901948166857,0.001434130905212494,0.0035593056739756657,189,106.0,,1.5,4,,visible_pixel_support,False,visible_candidate,line-uct-test-a11-000029,6.492449499177326
uct-test-a11,0.18971603855493846,0.7918630652660028,0.001434130905212494,0.0035593056739756657,190,105.0,,1.5,4,,visible_pixel_support,False,visible_candidate,line-uct-test-a11-000030,6.202751955662038
uct-test-a11,0.19258430036536345,0.796608806164637,0.001434130905212494,0.0035593056739756657,191,103.0,,1.5,4,,visible_pixel_support,False,visible_candidate,line-uct-test-a11-000031,6.948763097884125
uct-test-a11,0.19545256217578855,0.8013545470632712,0.001434130905212605,0.0023728704493171104,192,101.0,,1.0,3,,visible_pixel_support,False,visible_candidate,line-uct-test-a11-000032,7.73787905204513
uct-test-a11,0.19832082398621353,0.8037274175125882,0.001434130905212494,0.0023728704493171104,193,100.0,,1.0,3,,visible_pixel_support,False,visible_candidate,line-uct-test-a11-000033,7.577495944346623
uct-test-a11,0.20118908579663852,0.8084731584112225,0.001434130905212494,0.0011864352246585552,194,98.0,,0.5,2,,visible_pixel_support,False,visible_candidate,line-uct-test-a11-000034,8.475009900990088
uct-test-a11,0.2040573476070635,0.8108460288605396,0.001434130905212494,0.0011864352246585552,195,97.0,,0.5,2,,visible_pixel_support,False,visible_candidate,line-uct-test-a11-000035,8.437817048177124
uct-test-a11,0.2069256094174885,0.8132188993098567,0.001434130905212494,0.0011864352246585552,196,96.0,,0.5,2,,visible_pixel_support,False,visible_candidate,line-uct-test-a11-000036,8.473313512109229
uct-test-a11,0.2097938712279135,0.8132188993098567,0.001434130905212494,0.0023728704493171104,197,96.0,,1.0,3,,visible_pixel_support,False,visible_candidate,line-uct-test-a11-000037,7.58889541898796
uct-test-a11,0.21266213303833847,0.8132188993098567,0.001434130905212494,0.0035593056739756657,198,96.0,,1.5,4,,visible_pixel_support,False,visible_candidate,line-uct-test-a11-000038,6.791958895014858
uct-test-a11,0.21553039484876346,0.8132188993098567,0.001434130905212494,0.0035593056739756657,199,96.0,,1.5,4,,visible_pixel_support,False,visible_candidate,line-uct-test-a11-000039,6.089900066391479
uct-test-a11,0.21839865665918845,0.8155917697591737,0.001434130905212494,0.004745740898634221,200,95.0,,2.0,5,,visible_pixel_support,False,visible_candidate,line-uct-test-a11-000040,6.490115059319336
uct-test-a11,0.22126691846961344,0.8155917697591737,0.001434130905212494,0.0035593056739757767,201,95.0,,1.5,4,,visible_pixel_support,False,visible_candidate,line-uct-test-a11-000041,6.0
uct-test-a11,0.22413518028003843,0.8155917697591737,0.001434130905212494,0.0035593056739757767,202,95.0,,1.5,4,,visible_pixel_support,False,visible_candidate,line-uct-test-a11-000042,5.56766518488584
uct-test-a11,0.22700344209046341,0.8155917697591737,0.001434130905212494,0.0035593056739757767,203,95.0,,1.5,4,,visible_pixel_support,False,visible_candidate,line-uct-test-a11-000043,5.136997373206711
uct-test-a11,0.2298717039008884,0.8155917697591737,0.001434130905212494,0.004745740898634221,204,95.0,,2.0,5,,visible_pixel_support,False,visible_candidate,line-uct-test-a11-000044,4.709057385330354
uct-test-a11,0.2327399657113134,0.8155917697591737,0.001434130905212494,0.004745740898634221,205,95.0,,2.0,5,,visible_pixel_support,False,visible_candidate,line-uct-test-a11-000045,4.284906041624566
uct-test-a11,0.23560822752173838,0.8179646402084908,0.001434130905212605,0.005932176123292776,206,94.0,,2.5,6,,visible_pixel_support,False,visible_candidate,line-uct-test-a11-000046,4.8656041624570605
uct-test-a11,0.23847648933216348,0.8203375106578079,0.001434130905212494,0.005932176123292776,207,93.0,,2.5,6,,visible_pixel_support,False,visible_candidate,line-uct-test-a11-000047,5.4522125681956055
uct-test-a11,0.24134475114258847,0.822710381107125,0.001434130905212494,0.004745740898634221,208,92.0,,2.0,5,,visible_pixel_support,False,visible_candidate,line-uct-test-a11-000048,6.045792079207928
uct-test-a11,0.24421301295301345,0.8250832515564421,0.001434130905212494,0.004745740898634221,209,91.0,,2.0,5,,visible_pixel_support,False,visible_candidate,line-uct-test-a11-000049,6.647403515861797
uct-test-a11,0.24708127476343844,0.8250832515564421,0.001434130905212494,0.0035593056739756657,210,91.0,,1.5,4,,visible_pixel_support,False,visible_candidate,line-uct-test-a11-000050,6.258107698524952
uct-test-a11,0.24994953657386343,0.8274561220057592,0.001434130905212494,0.004745740898634221,211,90.0,,2.0,5,,visible_pixel_support,False,visible_candidate,line-uct-test-a11-000051,6.87896544756515
uct-test-a11,0.2528177983842884,0.8250832515564421,0.001434130905212494,0.004745740898634221,212,91.0,,2.0,5,,visible_pixel_support,False,visible_candidate,line-uct-test-a11-000052,5.511037583350159
uct-test-a11,0.2556860601947134,0.8250832515564421,0.001434130905212494,0.004745740898634221,213,91.0,,2.0,5,,visible_pixel_support,False,visible_candidate,line-uct-test-a11-000053,5.155384926247734
uct-test-a11,0.2585543220051384,0.8203375106578079,0.001434130905212494,0.005932176123292776,214,93.0,,2.5,6,,visible_pixel_support,False,visible_candidate,line-uct-test-a11-000054,2.8130682966255733
uct-test-a11,0.2614225838155634,0.8203375106578079,0.001434130905212494,0.005932176123292776,215,93.0,,2.5,6,,visible_pixel_support,False,visible_candidate,line-uct-test-a11-000055,2.4851485148514882
uct-test-a11,0.26429084562598837,0.8179646402084908,0.001434130905212494,0.0035593056739756657,216,94.0,,1.5,4,,visible_pixel_support,False,visible_candidate,line-uct-test-a11-000056,1.1726864012931912
uct-test-a11,0.26715910743641336,0.8155917697591737,0.001434130905212494,0.0035593056739757767,217,95.0,,1.5,4,,visible_pixel_support,False,visible_candidate,line-uct-test-a11-000057,0.12325722368154857
uct-test-a11,0.27002736924683834,0.8155917697591737,0.001434130905212494,0.0035593056739757767,218,95.0,,1.5,4,,visible_pixel_support,False,visible_candidate,line-uct-test-a11-000058,0.4016215397049905
uct-test-a11,0.27289563105726333,0.8155917697591737,0.001434130905212494,0.004745740898634221,219,95.0,,2.0,5,,visible_pixel_support,False,visible_candidate,line-uct-test-a11-000059,0.6613457264093796
uct-test-a11,0.2757638928676883,0.8155917697591737,0.001434130905212605,0.0035593056739757767,220,95.0,,1.5,4,,visible_pixel_support,False,visible_candidate,line-uct-test-a11-000060,0.9013689634269468
uct-test-a11,0.2786321546781134,0.8155917697591737,0.001434130905212494,0.004745740898634221,221,95.0,,2.0,5,,visible_pixel_support,False,visible_candidate,line-uct-test-a11-000061,1.12063043038998
uct-test-a11,0.2815004164885384,0.8132188993098567,0.001434130905212494,0.004745740898634221,222,96.0,,2.0,5,,visible_pixel_support,False,visible_candidate,line-uct-test-a11-000062,2.3180693069306955
uct-test-a11,0.2843686782989634,0.8108460288605396,0.001434130905212494,0.0035593056739756657,223,97.0,,1.5,4,,visible_pixel_support,False,visible_candidate,line-uct-test-a11-000063,3.492624772681353
uct-test-a11,0.2872369401093884,0.8108460288605396,0.001434130905212494,0.0035593056739756657,224,97.0,,1.5,4,,visible_pixel_support,False,visible_candidate,line-uct-test-a11-000064,3.643236007274197
uct-test-a11,0.29010520191981337,0.8108460288605396,0.001434130905212494,0.0035593056739756657,225,97.0,,1.5,4,,visible_pixel_support,False,visible_candidate,line-uct-test-a11-000065,3.7688421903414877
uct-test-a11,0.29297346373023836,0.8108460288605396,0.001434130905212494,0.0035593056739756657,226,97.0,,1.5,4,,visible_pixel_support,False,visible_candidate,line-uct-test-a11-000066,3.8683825015154696
uct-test-a11,0.29584172554066335,0.8132188993098567,0.001434130905212494,0.0035593056739756657,227,96.0,,1.5,4,,visible_pixel_support,False,visible_candidate,line-uct-test-a11-000067,2.9407961204283595
uct-test-a11,0.29870998735108834,0.8155917697591737,0.001434130905212494,0.004745740898634221,228,95.0,,2.0,5,,visible_pixel_support,False,visible_candidate,line-uct-test-a11-000068,1.9850222267124735
uct-test-a11,0.3015782491615133,0.8155917697591737,0.001434130905212494,0.004745740898634221,229,95.0,,2.0,5,,visible_pixel_support,False,visible_candidate,line-uct-test-a11-000069,2.0
uct-test-a11,0.3044465109719383,0.8179646402084908,0.001434130905212494,0.0035593056739756657,230,94.0,,1.5,4,,visible_pixel_support,False,visible_candidate,line-uct-test-a11-000070,0.9989970970467539
uct-test-a11,0.3073147727823633,0.8179646402084908,0.001434130905212494,0.0035593056739756657,231,94.0,,1.5,4,,visible_pixel_support,False,visible_candidate,line-uct-test-a11-000071,0.9959979613236669
uct-test-a11,0.3101830345927883,0.8179646402084908,0.001434130905212494,0.0035593056739756657,232,94.0,,1.5,4,,visible_pixel_support,False,visible_candidate,line-uct-test-a11-000072,0.9910169525356736
uct-test-a11,0.3130512964032133,0.8179646402084908,0.001434130905212494,0.0035593056739756657,233,94.0,,1.5,4,,visible_pixel_support,False,visible_candidate,line-uct-test-a11-000073,0.9840684303877794
uct-test-a11,0.31591955821363826,0.8179646402084908,0.001434130905212494,0.0035593056739756657,234,94.0,,1.5,4,,visible_pixel_support,False,visible_candidate,line-uct-test-a11-000074,0.9751667545849045
uct-test-a11,0.31878782002406336,0.8155917697591737,0.001434130905212605,0.004745740898634221,235,95.0,,2.0,5,,visible_pixel_support,False,visible_candidate,line-uct-test-a11-000075,1.9643262848320546
uct-test-a11,0.32165608183448835,0.8155917697591737,0.001434130905212494,0.004745740898634221,236,95.0,,2.0,5,,visible_pixel_support,False,visible_candidate,line-uct-test-a11-000076,1.951561380834164
uct-test-a11,0.32452434364491334,0.8179646402084908,0.001434130905212494,0.0035593056739756657,237,94.0,,1.5,4,,visible_pixel_support,False,visible_candidate,line-uct-test-a11-000077,0.93688640229621
uct-test-a11,0.3273926054553383,0.8179646402084908,0.001434130905212494,0.0035593056739756657,238,94.0,,1.5,4,,visible_pixel_support,False,visible_candidate,line-uct-test-a11-000078,0.9203157089231411
uct-test-a11,0.3302608672657633,0.8179646402084908,0.001434130905212494,0.0035593056739756657,239,94.0,,1.5,4,,visible_pixel_support,False,visible_candidate,line-uct-test-a11-000079,0.9018636604199202
uct-test-a11,0.3331291290761883,0.8179646402084908,0.001434130905212494,0.0035593056739756657,240,94.0,,1.5,4,,visible_pixel_support,False,visible_candidate,line-uct-test-a11-000080,0.8815446164915386
uct-test-a11,0.3359973908866133,0.8179646402084908,0.001434130905212494,0.0035593056739756657,241,94.0,,1.5,4,,visible_pixel_support,False,visible_candidate,line-uct-test-a11-000081,0.8593729368429308
uct-test-a11,0.3388656526970383,0.8203375106578079,0.001434130905212494,0.0035593056739756657,242,93.0,,1.5,4,,visible_pixel_support,False,visible_candidate,line-uct-test-a11-000082,0.16463701882092607
uct-test-a11,0.34173391450746327,0.8203375106578079,0.001434130905212494,0.0035593056739756657,243,93.0,,1.5,4,,visible_pixel_support,False,visible_candidate,line-uct-test-a11-000083,0.19047089079506918
uct-test-a11,0.34460217631788825,0.8203375106578079,0.001434130905212494,0.0035593056739756657,244,93.0,,1.5,4,,visible_pixel_support,False,visible_candidate,line-uct-test-a11-000084,0.21811431937454984
uct-test-a11,0.34747043812831324,0.8203375106578079,0.001434130905212494,0.0035593056739756657,245,93.0,,1.5,4,,visible_pixel_support,False,visible_candidate,line-uct-test-a11-000085,0.24755294485439094
uct-test-a11,0.35033869993873823,0.822710381107125,0.001434130905212494,0.0035593056739756657,246,92.0,,1.5,4,,visible_pixel_support,False,visible_candidate,line-uct-test-a11-000086,1.278772407529658
uct-test-a11,0.3532069617491632,0.822710381107125,0.001434130905212494,0.0035593056739756657,247,92.0,,1.5,4,,visible_pixel_support,False,visible_candidate,line-uct-test-a11-000087,1.3117583476953314
uct-test-a11,0.3560752235595882,0.822710381107125,0.001434130905212494,0.0035593056739756657,248,92.0,,1.5,4,,visible_pixel_support,False,visible_candidate,line-uct-test-a11-000088,1.3464964056464908
uct-test-a11,0.3589434853700133,0.822710381107125,0.001434130905212605,0.0035593056739756657,249,92.0,,1.5,4,,visible_pixel_support,False,visible_candidate,line-uct-test-a11-000089,1.3829722216781732
uct-test-a11,0.3618117471804383,0.822710381107125,0.001434130905212494,0.0035593056739756657,250,92.0,,1.5,4,,visible_pixel_support,False,visible_candidate,line-uct-test-a11-000090,1.4211714360853875
uct-test-a11,0.3646800089908633,0.822710381107125,0.001434130905212494,0.004745740898634221,251,92.0,,2.0,5,,visible_pixel_support,False,visible_candidate,line-uct-test-a11-000091,1.4610796891632134
uct-test-a11,0.36754827080128827,0.8203375106578079,0.001434130905212494,0.0035593056739756657,252,93.0,,1.5,4,,visible_pixel_support,False,visible_candidate,line-uct-test-a11-000092,0.5026826212066311
uct-test-a11,0.37041653261171326,0.8203375106578079,0.001434130905212494,0.0035593056739756657,253,93.0,,1.5,4,,visible_pixel_support,False,visible_candidate,line-uct-test-a11-000093,0.5459658725107204
uct-test-a11,0.37328479442213824,0.8203375106578079,0.001434130905212494,0.004745740898634221,254,93.0,,2.0,5,,visible_pixel_support,False,visible_candidate,line-uct-test-a11-000094,0.5909150833705041
uct-test-a11,0.37615305623256323,0.8179646402084908,0.001434130905212494,0.0035593056739756657,255,94.0,,1.5,4,,visible_pixel_support,False,visible_candidate,line-uct-test-a11-000095,0.3624841059189663
uct-test-a11,0.3790213180429882,0.8179646402084908,0.001434130905212494,0.0035593056739756657,256,94.0,,1.5,4,,visible_pixel_support,False,visible_candidate,line-uct-test-a11-000096,0.3142460550626822
uct-test-a11,0.3818895798534132,0.8179646402084908,0.001434130905212494,0.0035593056739756657,257,94.0,,1.5,4,,visible_pixel_support,False,visible_candidate,line-uct-test-a11-000097,0.2643851237655923
uct-test-a11,0.3847578416638382,0.8179646402084908,0.001434130905212494,0.004745740898634221,258,94.0,,2.0,5,,visible_pixel_support,False,visible_candidate,line-uct-test-a11-000098,0.21291567173263104
uct-test-a11,0.3876261034742632,0.8179646402084908,0.001434130905212494,0.0035593056739756657,259,94.0,,1.5,4,,visible_pixel_support,False,visible_candidate,line-uct-test-a11-000099,0.15985205866883234
uct-test-a11,0.39049436528468817,0.8179646402084908,0.001434130905212494,0.0035593056739756657,260,94.0,,1.5,4,,visible_pixel_support,False,visible_candidate,line-uct-test-a11-000100,0.10520864427910226
uct-test-a11,0.39336262709511316,0.8155917697591737,0.001434130905212494,0.004745740898634221,261,95.0,,2.0,5,,visible_pixel_support,False,visible_candidate,line-uct-test-a11-000101,1.0489997882683895
uct-test-a11,0.39623088890553815,0.8155917697591737,0.001434130905212494,0.0035593056739757767,262,95.0,,1.5,4,,visible_pixel_support,False,visible_candidate,line-uct-test-a11-000102,0.9912398503416995
uct-test-a11,0.39909915071596314,0.8155917697591737,0.001434130905212605,0.0035593056739757767,263,95.0,,1.5,4,,visible_pixel_support,False,visible_candidate,line-uct-test-a11-000103,0.9319431902040094
uct-test-a11,0.40196741252638823,0.8132188993098567,0.001434130905212494,0.0035593056739756657,264,96.0,,1.5,4,,visible_pixel_support,False,visible_candidate,line-uct-test-a11-000104,1.8711241675602253
uct-test-a11,0.4048356743368132,0.8132188993098567,0.001434130905212494,0.0035593056739756657,265,96.0,,1.5,4,,visible_pixel_support,False,visible_candidate,line-uct-test-a11-000105,1.8087971421153526
uct-test-a11,0.4077039361472382,0.8108460288605396,0.001434130905212494,0.0035593056739756657,266,97.0,,1.5,4,,visible_pixel_support,False,visible_candidate,line-uct-test-a11-000106,2.744976473574326
uct-test-a11,0.4105721979576632,0.8108460288605396,0.001434130905212494,0.0035593056739756657,267,97.0,,1.5,4,,visible_pixel_support,False,visible_candidate,line-uct-test-a11-000107,2.6796765216421363
uct-test-a11,0.4134404597680882,0.8108460288605396,0.001434130905212494,0.0035593056739756657,268,97.0,,1.5,4,,visible_pixel_support,False,visible_candidate,line-uct-test-a11-000108,2.6129116460237327
uct-test-a11,0.4163087215785132,0.8132188993098567,0.001434130905212494,0.004745740898634221,269,96.0,,2.0,5,,visible_pixel_support,False,visible_candidate,line-uct-test-a11-000109,1.544696206424092
uct-test-a11,0.41917698338893816,0.8132188993098567,0.001434130905212494,0.0035593056739756657,270,96.0,,1.5,4,,visible_pixel_support,False,visible_candidate,line-uct-test-a11-000110,1.4750445625481348
uct-test-a11,0.42204524519936315,0.8132188993098567,0.001434130905212494,0.004745740898634221,271,96.0,,2.0,5,,visible_pixel_support,False,visible_candidate,line-uct-test-a11-000111,1.403971074100852
uct-test-a11,0.42491350700978814,0.8155917697591737,0.001434130905212494,0.004745740898634221,272,95.0,,2.0,5,,visible_pixel_support,False,visible_candidate,line-uct-test-a11-000112,0.3314901007872493
uct-test-a11,0.4277817688202131,0.8155917697591737,0.001434130905212494,0.0035593056739757767,273,95.0,,1.5,4,,visible_pixel_support,False,visible_candidate,line-uct-test-a11-000113,0.2576160023122185
uct-test-a11,0.4306500306306381,0.8155917697591737,0.001434130905212494,0.0035593056739757767,274,95.0,,1.5,4,,visible_pixel_support,False,visible_candidate,line-uct-test-a11-000114,0.18236313838077933
uct-test-a11,0.4335182924410631,0.8155917697591737,0.001434130905212494,0.004745740898634221,275,95.0,,2.0,5,,visible_pixel_support,False,visible_candidate,line-uct-test-a11-000115,0.10574586869785207
uct-test-a11,0.4363865542514881,0.8155917697591737,0.001434130905212494,0.0035593056739757767,276,95.0,,1.5,4,,visible_pixel_support,False,visible_candidate,line-uct-test-a11-000116,0.027778552968413806
uct-test-a11,0.4392548160619131,0.8132188993098567,0.001434130905212605,0.004745740898634221,277,96.0,,2.0,5,,visible_pixel_support,False,visible_candidate,line-uct-test-a11-000117,0.9484755508974558
uct-test-a11,0.4421230778723382,0.8132188993098567,0.001434130905212494,0.004745740898634221,278,96.0,,2.0,5,,visible_pixel_support,False,visible_candidate,line-uct-test-a11-000118,0.8678512221898984
uct-test-a11,0.44499133968276317,0.8132188993098567,0.001434130905212494,0.004745740898634221,279,96.0,,2.0,5,,visible_pixel_support,False,visible_candidate,line-uct-test-a11-000119,0.7859199265507044
uct-test-a11,0.44785960149318815,0.8132188993098567,0.001434130905212494,0.004745740898634221,280,96.0,,2.0,5,,visible_pixel_support,False,visible_candidate,line-uct-test-a11-000120,0.7026960236848936
uct-test-a11,0.45072786330361314,0.8132188993098567,0.001434130905212494,0.004745740898634221,281,96.0,,2.0,5,,visible_pixel_support,False,visible_candidate,line-uct-test-a11-000121,0.6181938732973578
uct-test-a11,0.45359612511403813,0.8155917697591737,0.001434130905212494,0.0035593056739757767,282,95.0,,1.5,4,,visible_pixel_support,False,visible_candidate,line-uct-test-a11-000122,0.46757216490688336
uct-test-a11,0.4564643869244631,0.8155917697591737,0.001434130905212494,0.0035593056739757767,283,95.0,,1.5,4,,visible_pixel_support,False,visible_candidate,line-uct-test-a11-000123,0.5545877312228953
uct-test-a11,0.4593326487348881,0.8179646402084908,0.001434130905212494,0.0035593056739756657,284,94.0,,1.5,4,,visible_pixel_support,False,visible_candidate,line-uct-test-a11-000124,1.6428384659457151
uct-test-a11,0.4622009105453131,0.8179646402084908,0.001434130905212494,0.004745740898634221,285,94.0,,2.0,5,,visible_pixel_support,False,visible_candidate,line-uct-test-a11-000125,1.73231000937038
uct-test-a11,0.4650691723557381,0.8179646402084908,0.001434130905212494,0.004745740898634221,286,94.0,,2.0,5,,visible_pixel_support,False,visible_candidate,line-uct-test-a11-000126,1.8229880017918987
uct-test-a11,0.46793743416616307,0.8179646402084908,0.001434130905212494,0.004745740898634221,287,94.0,,2.0,5,,visible_pixel_support,False,visible_candidate,line-uct-test-a11-000127,1.9148580835053508
uct-test-a11,0.47080569597658806,0.8179646402084908,0.001434130905212494,0.0035593056739756657,288,94.0,,1.5,4,,visible_pixel_support,False,visible_candidate,line-uct-test-a11-000128,2.007905894805745
uct-test-a11,0.47367395778701304,0.8155917697591737,0.001434130905212494,0.004745740898634221,289,95.0,,2.0,5,,visible_pixel_support,False,visible_candidate,line-uct-test-a11-000129,1.1021170759881045
uct-test-a11,0.47654221959743803,0.8155917697591737,0.001434130905212494,0.004745740898634221,290,95.0,,2.0,5,,visible_pixel_support,False,visible_candidate,line-uct-test-a11-000130,1.197477267347523
uct-test-a11,0.479410481407863,0.8155917697591737,0.001434130905212494,0.004745740898634221,291,95.0,,2.0,5,,visible_pixel_support,False,visible_candidate,line-uct-test-a11-000131,1.2939721091789664
uct-test-a11,0.4822787432182881,0.8155917697591737,0.001434130905212605,0.004745740898634221,292,95.0,,2.0,5,,visible_pixel_support,False,visible_candidate,line-uct-test-a11-000132,1.3915872417775432
uct-test-a11,0.4851470050287131,0.8155917697591737,0.001434130905212494,0.004745740898634221,293,95.0,,2.0,5,,visible_pixel_support,False,visible_candidate,line-uct-test-a11-000133,1.4903083054382336
uct-test-a11,0.4880152668391381,0.8155917697591737,0.001434130905212494,0.0035593056739757767,294,95.0,,1.5,4,,visible_pixel_support,False,visible_candidate,line-uct-test-a11-000134,1.5901209404560888
uct-test-a11,0.4908835286495631,0.8155917697591737,0.001434130905212494,0.0035593056739757767,295,95.0,,1.5,4,,visible_pixel_support,False,visible_candidate,line-uct-test-a11-000135,1.6910107871261744
uct-test-a11,0.49375179045998807,0.8155917697591737,0.001434130905212494,0.005932176123292776,296,95.0,,2.5,6,,visible_pixel_support,False,visible_candidate,line-uct-test-a11-000136,1.7929634857434849
uct-test-a11,0.49662005227041306,0.8155917697591737,0.001434130905212494,0.004745740898634221,297,95.0,,2.0,5,,visible_pixel_support,False,visible_candidate,line-uct-test-a11-000137,1.8959646766030716
uct-test-a11,0.49948831408083805,0.8132188993098567,0.001434130905212494,0.004745740898634221,298,96.0,,2.0,5,,visible_pixel_support,False,visible_candidate,line-uct-test-a11-000138,1.0
uct-test-a11,0.502356575891263,0.8108460288605396,0.001434130905212494,0.004745740898634221,299,97.0,,2.0,5,,visible_pixel_support,False,visible_candidate,line-uct-test-a11-000139,0.10990654017426493
uct-test-a11,0.505224837701688,0.8108460288605396,0.001434130905212494,0.0035593056739756657,300,97.0,,1.5,4,,visible_pixel_support,False,visible_candidate,line-uct-test-a11-000140,0.23054206502057184
uct-test-a11,0.508093099512113,0.8084731584112225,0.001434130905212494,0.0035593056739756657,301,98.0,,1.5,4,,visible_pixel_support,False,visible_candidate,line-uct-test-a11-000141,0.6380767596840258
uct-test-a11,0.510961361322538,0.8084731584112225,0.001434130905212494,0.0035593056739756657,302,98.0,,1.5,4,,visible_pixel_support,False,visible_candidate,line-uct-test-a11-000142,0.49593326816253125
uct-test-a11,0.513829623132963,0.8084731584112225,0.001434130905212494,0.0035593056739756657,303,98.0,,1.5,4,,visible_pixel_support,False,visible_candidate,line-uct-test-a11-000143,0.3430107946379195
uct-test-a11,0.516697884943388,0.8084731584112225,0.001434130905212494,0.0023728704493171104,304,98.0,,1.0,3,,visible_pixel_support,False,visible_candidate,line-uct-test-a11-000144,0.17929267333313703
uct-test-a11,0.519566146753813,0.8084731584112225,0.001434130905212494,0.0023728704493171104,305,98.0,,1.0,3,,visible_pixel_support,False,visible_candidate,line-uct-test-a11-000145,0.004762238471158753
uct-test-a11,0.5224344085642381,0.8084731584112225,0.001434130905212605,0.0023728704493171104,306,98.0,,1.0,3,,visible_pixel_support,False,visible_candidate,line-uct-test-a11-000146,0.18059717572506884
uct-test-a11,0.525302670374663,0.8084731584112225,0.001434130905212494,0.0023728704493171104,307,98.0,,1.0,3,,visible_pixel_support,False,visible_candidate,line-uct-test-a11-000147,0.376802235032514
uct-test-a11,0.528170932185088,0.8061002879619054,0.001434130905212494,0.0035593056739756657,308,99.0,,1.5,4,,visible_pixel_support,False,visible_candidate,line-uct-test-a11-000148,0.41613039477176983
uct-test-a11,0.531039193995513,0.8061002879619054,0.001434130905212494,0.0035593056739756657,309,99.0,,1.5,4,,visible_pixel_support,False,visible_candidate,line-uct-test-a11-000149,0.19818404791072908
uct-test-a11,0.533907455805938,0.8061002879619054,0.001434130905212494,0.0035593056739756657,310,99.0,,1.5,4,,visible_pixel_support,False,visible_candidate,line-uct-test-a11-000150,0.030657941392675525
uct-test-a11,0.536775717616363,0.8013545470632712,0.001434130905212494,0.004745740898634221,311,101.0,,2.0,5,,visible_pixel_support,False,visible_candidate,line-uct-test-a11-000151,1.7295877610845878
uct-test-a11,0.539643979426788,0.8013545470632712,0.001434130905212494,0.004745740898634221,312,101.0,,2.0,5,,visible_pixel_support,False,visible_candidate,line-uct-test-a11-000152,1.4789044895654797
uct-test-a11,0.542512241237213,0.7989816766139541,0.001434130905212494,0.0035593056739756657,313,102.0,,1.5,4,,visible_pixel_support,False,visible_candidate,line-uct-test-a11-000153,2.21727557827289
uct-test-a11,0.545380503047638,0.796608806164637,0.001434130905212494,0.0023728704493171104,314,103.0,,1.0,3,,visible_pixel_support,False,visible_candidate,line-uct-test-a11-000154,2.9446843614298785
uct-test-a11,0.548248764858063,0.796608806164637,0.001434130905212494,0.0035593056739756657,315,103.0,,1.5,4,,visible_pixel_support,False,visible_candidate,line-uct-test-a11-000155,2.661114173259378
uct-test-a11,0.5511170266684879,0.796608806164637,0.001434130905212494,0.0035593056739756657,316,103.0,,1.5,4,,visible_pixel_support,False,visible_candidate,line-uct-test-a11-000156,2.366548347984377
uct-test-a11,0.5539852884789129,0.796608806164637,0.001434130905212494,0.0035593056739756657,317,103.0,,1.5,4,,visible_pixel_support,False,visible_candidate,line-uct-test-a11-000157,2.060970219827823
uct-test-a11,0.5568535502893379,0.796608806164637,0.001434130905212494,0.0035593056739756657,318,103.0,,1.5,4,,visible_pixel_support,False,visible_candidate,line-uct-test-a11-000158,1.744363123012704
uct-test-a11,0.5597218120997629,0.796608806164637,0.001434130905212494,0.0035593056739756657,319,103.0,,1.5,4,,visible_pixel_support,False,visible_candidate,line-uct-test-a11-000159,1.416710391761967
uct-test-a11,0.5625900739101879,0.796608806164637,0.001434130905212605,0.0035593056739756657,320,103.0,,1.5,4,,visible_pixel_support,False,visible_candidate,line-uct-test-a11-000160,1.0779953602986154
uct-test-a11,0.565458335720613,0.796608806164637,0.001434130905212494,0.0035593056739756657,321,103.0,,1.5,4,,visible_pixel_support,False,visible_candidate,line-uct-test-a11-000161,0.7282013628456099
uct-test-a11,0.568326597531038,0.796608806164637,0.001434130905212494,0.0035593056739756657,322,103.0,,1.5,4,,visible_pixel_support,False,visible_candidate,line-uct-test-a11-000162,0.3673117336259111
uct-test-a11,0.571194859341463,0.796608806164637,0.001434130905212494,0.0035593056739756657,323,103.0,,1.5,4,,visible_pixel_support,False,visible_candidate,line-uct-test-a11-000163,0.004690193137520282
uct-test-a11,0.574063121151888,0.796608806164637,0.001434130905212494,0.0035593056739756657,324,103.0,,1.5,4,,visible_pixel_support,False,visible_candidate,line-uct-test-a11-000164,0.38782108322166664
uct-test-a11,0.5769313829623129,0.7942359357153199,0.001434130905212494,0.0035593056739756657,325,104.0,,1.5,4,,visible_pixel_support,False,visible_candidate,line-uct-test-a11-000165,0.21790239759640428
uct-test-a11,0.5797996447727379,0.7942359357153199,0.001434130905212494,0.0035593056739756657,326,104.0,,1.5,4,,visible_pixel_support,False,visible_candidate,line-uct-test-a11-000166,0.1875364164603468
uct-test-a11,0.5826679065831629,0.7918630652660028,0.001434130905212494,0.0035593056739756657,327,105.0,,1.5,4,,visible_pixel_support,False,visible_candidate,line-uct-test-a11-000167,0.39584580883109766
uct-test-a11,0.5855361683935879,0.7918630652660028,0.001434130905212494,0.0035593056739756657,328,105.0,,1.5,4,,visible_pixel_support,False,visible_candidate,line-uct-test-a11-000168,0.03196759230633006
uct-test-a11,0.5884044302040129,0.7918630652660028,0.001434130905212494,0.0035593056739756657,329,105.0,,1.5,4,,visible_pixel_support,False,visible_candidate,line-uct-test-a11-000169,0.47099328564966925
uct-test-a11,0.5912726920144379,0.7894901948166857,0.001434130905212494,0.0023728704493171104,330,106.0,,1.0,3,,visible_pixel_support,False,visible_candidate,line-uct-test-a11-000170,0.07875206302411186
uct-test-a11,0.5941409538248629,0.7894901948166857,0.001434130905212494,0.0035593056739756657,331,106.0,,1.5,4,,visible_pixel_support,False,visible_candidate,line-uct-test-a11-000171,0.38274821206208287
uct-test-a11,0.5970092156352879,0.7871173243673686,0.001434130905212494,0.0035593056739756657,332,107.0,,1.5,4,,visible_pixel_support,False,visible_candidate,line-uct-test-a11-000172,0.1444892233147499
uct-test-a11,0.5998774774457128,0.7871173243673686,0.001434130905212494,0.0023728704493171104,333,107.0,,1.0,3,,visible_pixel_support,False,visible_candidate,line-uct-test-a11-000173,0.33955229662241493
uct-test-a11,0.6027457392561378,0.7847444539180515,0.001434130905212605,0.004745740898634221,334,108.0,,2.0,5,,visible_pixel_support,False,visible_candidate,line-uct-test-a11-000174,0.16511056234936916
uct-test-a11,0.6056140010665629,0.7823715834687344,0.001434130905212494,0.004745740898634221,335,109.0,,2.0,5,,visible_pixel_support,False,visible_candidate,line-uct-test-a11-000175,0.6584611344530913
uct-test-a11,0.6084822628769879,0.7799987130194173,0.001434130905212494,0.005932176123292887,336,110.0,,2.5,6,,visible_pixel_support,False,visible_candidate,line-uct-test-a11-000176,1.1404827539117122
uct-test-a11,0.6113505246874129,0.7776258425701001,0.001434130905212494,0.005932176123292887,337,111.0,,2.5,6,,visible_pixel_support,False,visible_candidate,line-uct-test-a11-000177,1.6111587549482067
uct-test-a11,0.6142187864978379,0.7752529721207831,0.001434130905212494,0.004745740898634221,338,112.0,,2.0,5,,visible_pixel_support,False,visible_candidate,line-uct-test-a11-000178,2.070472471785564
uct-test-a11,0.6170870483082629,0.772880101671466,0.001434130905212494,0.0035593056739756657,339,113.0,,1.5,4,,visible_pixel_support,False,visible_candidate,line-uct-test-a11-000179,2.518407238646745
uct-test-a11,0.6199553101186879,0.7705072312221489,0.001434130905212494,0.0035593056739756657,340,114.0,,1.5,4,,visible_pixel_support,False,visible_candidate,line-uct-test-a11-000180,2.9549463897546957
uct-test-a11,0.6228235719291129,0.7705072312221489,0.001434130905212494,0.0035593056739756657,341,114.0,,1.5,4,,visible_pixel_support,False,visible_candidate,line-uct-test-a11-000181,2.38007325933242
uct-test-a11,0.6256918337395379,0.7705072312221489,0.001434130905212494,0.0023728704493171104,342,114.0,,1.0,3,,visible_pixel_support,False,visible_candidate,line-uct-test-a11-000182,1.793771181602878
uct-test-a11,0.6285600955499628,0.772880101671466,0.001434130905212494,0.0035593056739756657,343,113.0,,1.5,4,,visible_pixel_support,False,visible_candidate,line-uct-test-a11-000183,0.19602349078901682
uct-test-a11,0.6314283573603878,0.772880101671466,0.001434130905212494,0.0035593056739756657,344,113.0,,1.5,4,,visible_pixel_support,False,visible_candidate,line-uct-test-a11-000184,0.41318647888616056
uct-test-a11,0.6342966191708128,0.7705072312221489,0.001434130905212494,0.0035593056739756657,345,114.0,,1.5,4,,visible_pixel_support,False,visible_candidate,line-uct-test-a11-000185,0.03387539319967914
uct-test-a11,0.6371648809812378,0.7705072312221489,0.001434130905212494,0.0035593056739756657,346,114.0,,1.5,4,,visible_pixel_support,False,visible_candidate,line-uct-test-a11-000186,0.6660599179285924
uct-test-a11,0.6400331427916628,0.7705072312221489,0.001434130905212494,0.004745740898634221,347,114.0,,2.0,5,,visible_pixel_support,False,visible_candidate,line-uct-test-a11-000187,1.3097567188499255
uct-test-a11,0.6429014046020878,0.7681343607728319,0.001434130905212605,0.004745740898634221,348,115.0,,2.0,5,,visible_pixel_support,False,visible_candidate,line-uct-test-a11-000188,0.9649824617407035
uct-test-a11,0.6457696664125128,0.7657614903235148,0.001434130905212605,0.004745740898634221,349,116.0,,2.0,5,,visible_pixel_support,False,visible_candidate,line-uct-test-a11-000189,0.6317538123779656
uct-test-a11,0.6486379282229378,0.7633886198741977,0.001434130905212605,0.004745740898634221,350,117.0,,2.0,5,,visible_pixel_support,False,visible_candidate,line-uct-test-a11-000190,0.3100874365386943
uct-test-a11,0.6515061900333627,0.7610157494248806,0.001434130905212605,0.0035593056739756657,351,118.0,,1.5,4,,visible_pixel_support,False,visible_candidate,line-uct-test-a11-000191,0.0
uct-test-a11,0.6543744518437877,0.7586428789755635,0.001434130905212605,0.0035593056739756657,352,119.0,,1.5,4,,visible_pixel_support,False,visible_candidate,line-uct-test-a11-000192,0.275953770342241
uct-test-a11,0.6572427136542127,0.7586428789755635,0.001434130905212605,0.004745740898634221,353,119.0,,2.0,5,,visible_pixel_support,False,visible_candidate,line-uct-test-a11-000193,0.5061848831293219
uct-test-a11,0.6601109754646377,0.7562700085262464,0.001434130905212605,0.0035593056739756657,354,120.0,,1.5,4,,visible_pixel_support,False,visible_candidate,line-uct-test-a11-000194,0.3485386722739605
uct-test-a11,0.6629792372750627,0.7562700085262464,0.001434130905212605,0.004745740898634221,355,120.0,,2.0,5,,visible_pixel_support,False,visible_candidate,line-uct-test-a11-000195,1.2532303089508616
uct-test-a11,0.6658474990854879,0.7515242676276122,0.001434130905212605,0.005932176123292776,356,122.0,,2.5,6,,visible_pixel_support,False,visible_candidate,line-uct-test-a11-000196,0.22238250501924028
uct-test-a11,0.6687157608959129,0.749151397178295,0.001434130905212605,0.005932176123292776,357,123.0,,2.5,6,,visible_pixel_support,False,visible_candidate,line-uct-test-a11-000197,0.2581179723383258
uct-test-a11,0.6715840227063379,0.7444056562796608,0.001434130905212605,0.007118611347951331,358,125.0,,3.0,7,,visible_pixel_support,False,visible_candidate,line-uct-test-a11-000198,0.637440577232681
uct-test-a11,0.6744522845167629,0.7420327858303437,0.001434130905212605,0.008305046572609998,359,126.0,,3.5,8,,visible_pixel_support,False,visible_candidate,line-uct-test-a11-000199,0.46217043183452233
uct-test-a11,0.6773205463271879,0.7396599153810267,0.001434130905212605,0.00711861134795122,360,127.0,,3.0,7,,visible_pixel_support,False,visible_candidate,line-uct-test-a11-000200,0.2139488796080542
uct-test-a11,0.6801888081376128,0.7349141744823925,0.001434130905212605,0.008305046572609887,361,129.0,,3.5,8,,visible_pixel_support,False,visible_candidate,line-uct-test-a11-000201,0.8906532086939762
uct-test-a11,0.6830570699480378,0.7301684335837584,0.001434130905212605,0.005932176123292887,362,131.0,,2.5,6,,visible_pixel_support,False,visible_candidate,line-uct-test-a11-000202,1.490160707233116
uct-test-a11,0.6859253317584628,0.7277955631344413,0.001434130905212605,0.007118611347951331,363,132.0,,3.0,7,,visible_pixel_support,False,visible_candidate,line-uct-test-a11-000203,1.010348663366301
uct-test-a11,0.6887935935688878,0.723049822235807,0.001434130905212605,0.005932176123292776,364,134.0,,2.5,6,,visible_pixel_support,False,visible_candidate,line-uct-test-a11-000204,1.4490943652342594
uct-test-a11,0.6916618553793128,0.7206769517864899,0.001434130905212605,0.005932176123292665,365,135.0,,2.5,6,,visible_pixel_support,False,visible_candidate,line-uct-test-a11-000205,0.804275100977776
uct-test-a11,0.6945301171897378,0.7183040813371728,0.001434130905212605,0.005932176123292665,366,136.0,,2.5,6,,visible_pixel_support,False,visible_candidate,line-uct-test-a11-000206,0.07376815873766418
uct-test-a11,0.6973983790001628,0.7135583404385386,0.001434130905212605,0.007118611347951331,367,138.0,,3.0,7,,visible_pixel_support,False,visible_candidate,line-uct-test-a11-000207,0.25545082665470886
uct-test-a11,0.7002666408105878,0.7088125995399044,0.001434130905212605,0.009491481797268442,368,140.0,,4.0,9,,visible_pixel_support,False,visible_candidate,line-uct-test-a11-000208,0.3472003928696381
uct-test-a11,0.7031349026210127,0.7040668586412703,0.001434130905212605,0.00949148179726833,369,142.0,,4.0,9,,visible_pixel_support,False,visible_candidate,line-uct-test-a11-000209,0.3468941455232937
uct-test-a11,0.7060031644314377,0.6993211177426361,0.001434130905212605,0.00949148179726833,370,144.0,,4.0,9,,visible_pixel_support,False,visible_candidate,line-uct-test-a11-000210,0.25240937275646047
uct-test-a11,0.7088714262418627,0.694575376844002,0.001434130905212605,0.008305046572609887,371,146.0,,3.5,8,,visible_pixel_support,False,visible_candidate,line-uct-test-a11-000211,0.06162336270986657
uct-test-a11,0.7117396880522877,0.6898296359453677,0.001434130905212605,0.009491481797268442,372,148.0,,4.0,9,,visible_pixel_support,False,visible_candidate,line-uct-test-a11-000212,0.22758659647564627
uct-test-a11,0.7146079498627127,0.6827110245974164,0.001434130905212605,0.008305046572609776,373,151.0,,3.5,8,,visible_pixel_support,False,visible_candidate,line-uct-test-a11-000213,0.38265678334067843
uct-test-a11,0.7174762116731377,0.6779652836987822,0.001434130905212605,0.009491481797268442,374,153.0,,4.0,9,,visible_pixel_support,False,visible_candidate,line-uct-test-a11-000214,0.1097692097003744
uct-test-a11,0.7203444734835627,0.6708466723508308,0.001434130905212605,0.013050787471244107,375,156.0,,5.5,12,,visible_pixel_support,False,visible_candidate,line-uct-test-a11-000215,0.29301271254198014
uct-test-a11,0.7232127352939877,0.6637280610028796,0.001434130905212605,0.017796528369878217,376,159.0,,7.5,16,,visible_pixel_support,False,visible_candidate,line-uct-test-a11-000216,0.5888798382085838
uct-test-a11,0.7260809971044127,0.6589823201042455,0.001434130905212605,0.017796528369878217,377,161.0,,7.5,16,,visible_pixel_support,False,visible_candidate,line-uct-test-a11-000217,0.22429054455989217
uct-test-a11,0.7289492589148376,0.6518637087562942,0.001434130905212605,0.017796528369878217,378,164.0,,7.5,16,,visible_pixel_support,False,visible_candidate,line-uct-test-a11-000218,0.1486211476225776
uct-test-a11,0.7318175207252626,0.6423722269590257,0.001434130905212605,0.013050787471243996,379,168.0,,5.5,12,,visible_pixel_support,False,visible_candidate,line-uct-test-a11-000219,0.813765317161284
uct-test-a11,0.7346857825356876,0.6328807451617574,0.001434130905212605,0.011864352246585441,380,172.0,,5.0,11,,visible_pixel_support,False,visible_candidate,line-uct-test-a11-000220,1.660746137932506
uct-test-a11,0.7375540443461126,0.621016392915172,0.001434130905212605,0.008305046572609887,381,177.0,,3.5,8,,visible_pixel_support,False,visible_candidate,line-uct-test-a11-000221,3.390198602831788
uct-test-a11,0.7404223061565376,0.6044062997699522,0.001434130905212605,0.0035593056739756657,382,184.0,,1.5,4,,visible_pixel_support,False,visible_candidate,line-uct-test-a11-000222,7.0
uct-test-a11,0.7432905679669626,0.5925419475233668,0.001434130905212605,0.0023728704493171104,383,189.0,,1.0,3,,visible_pixel_support,False,visible_candidate,line-uct-test-a11-000223,7.370776678108712
uct-test-a11,0.7461588297773878,0.5759318543781471,0.001434130905212605,0.0023728704493171104,384,196.0,,1.0,3,,visible_pixel_support,False,visible_candidate,line-uct-test-a11-000224,7.617371697491137
uct-test-a11,0.7490270915878128,0.5640675021315615,0.001434130905212605,0.007118611347951331,385,201.0,,3.0,7,,visible_pixel_support,False,visible_candidate,line-uct-test-a11-000225,4.088987413780842
uct-test-a11,0.7518953533982378,0.5450845385370249,0.001434130905212605,0.010677917021926997,386,209.0,,4.5,10,,visible_pixel_support,False,visible_candidate,line-uct-test-a11-000226,2.134826182611164
uct-test-a11,0.7662366624503627,0.3955937002300478,0.001434130905212605,0.004745740898634221,391,272.0,,2.0,5,,visible_pixel_support,True,visible_candidate,line-uct-test-a11-000227,6.199448262041642
uct-test-a11,0.7691049242607877,0.38372934798346237,0.001434130905212605,0.022542269268512438,392,277.0,,9.5,20,,visible_pixel_support,False,visible_candidate,line-uct-test-a11-000228,0.023874814417354173
uct-test-a11,0.7719731860712127,0.36000064349029137,0.001434130905212605,0.020169398819195328,393,287.0,,8.5,18,,visible_pixel_support,False,visible_candidate,line-uct-test-a11-000229,0.13305909123232595
uct-test-a11,0.7748414478816377,0.3410176798957546,0.001434130905212605,0.014237222695902552,394,295.0,,6.0,13,,visible_pixel_support,False,visible_candidate,line-uct-test-a11-000230,0.9221510992740036
uct-test-a11,0.7777097096920627,0.32678045719985205,0.001434130905212605,0.011864352246585441,395,301.0,,5.0,11,,visible_pixel_support,False,visible_candidate,line-uct-test-a11-000231,1.9941988540743978
uct-test-a11,0.7805779715024876,0.3101703640546324,0.001434130905212605,0.017796528369878217,396,308.0,,7.5,16,,visible_pixel_support,False,visible_candidate,line-uct-test-a11-000232,0.0
uct-test-a11,0.7834462333129126,0.30067888225736394,0.001434130905212605,0.017796528369878217,397,312.0,,7.5,16,,visible_pixel_support,False,visible_candidate,line-uct-test-a11-000233,0.179317960950641
uct-test-a11,0.7863144951233376,0.2935602709094127,0.001434130905212605,0.018982963594536773,398,315.0,,8.0,17,,visible_pixel_support,False,visible_candidate,line-uct-test-a11-000234,0.549748210972723
uct-test-a11,0.7891827569337626,0.2840687891121443,0.001434130905212605,0.017796528369878217,399,319.0,,7.5,16,,visible_pixel_support,False,visible_candidate,line-uct-test-a11-000235,0.15655976676384853
uct-test-a11,0.7920510187441876,0.27457730731487595,0.001434130905212605,0.018982963594536773,400,323.0,,8.0,17,,visible_pixel_support,False,visible_candidate,line-uct-test-a11-000236,0.3895220425832804
uct-test-a11,0.7949192805546126,0.2674586959669246,0.001434130905212605,0.016610093145219662,401,326.0,,7.0,15,,visible_pixel_support,False,visible_candidate,line-uct-test-a11-000237,0.11913596607473664
uct-test-a11,0.7977875423650376,0.2603400846189734,0.001434130905212605,0.011864352246585552,402,329.0,,5.0,11,,visible_pixel_support,False,visible_candidate,line-uct-test-a11-000238,0.06292075271664999
uct-test-a11,0.8006558041754626,0.2555943437203392,0.001434130905212605,0.008305046572609887,403,331.0,,3.5,8,,visible_pixel_support,False,visible_candidate,line-uct-test-a11-000239,0.7484848484848499
uct-test-a11,0.8035240659858875,0.25084860282170496,0.001434130905212605,0.005932176123292776,404,333.0,,2.5,6,,visible_pixel_support,False,visible_candidate,line-uct-test-a11-000240,1.2844420885237469
uct-test-a11,0.8063923277963125,0.24610286192307074,0.001434130905212605,0.007118611347951331,405,335.0,,3.0,7,,visible_pixel_support,False,visible_candidate,line-uct-test-a11-000241,1.5143122183938544
uct-test-a11,0.8092605896067375,0.24372999147375374,0.001434130905212605,0.005932176123292776,406,336.0,,2.5,6,,visible_pixel_support,False,visible_candidate,line-uct-test-a11-000242,2.4074564890891565
uct-test-a11,0.8121288514171625,0.24135712102443663,0.001434130905212605,0.004745740898634221,407,337.0,,2.0,5,,visible_pixel_support,False,visible_candidate,line-uct-test-a11-000243,2.9332361516035235
uct-test-a11,0.8149971132275875,0.23898425057511952,0.001434130905212605,0.0035593056739756657,408,338.0,,1.5,4,,visible_pixel_support,False,visible_candidate,line-uct-test-a11-000244,3.0610124569308255
uct-test-a11,0.8178653750380125,0.2366113801258024,0.001434130905212605,0.004745740898634221,409,339.0,,2.0,5,,visible_pixel_support,False,visible_candidate,line-uct-test-a11-000245,2.7601466560649897
uct-test-a11,0.8207336368484375,0.2342385096764853,0.001434130905212605,0.004745740898634221,410,340.0,,2.0,5,,visible_pixel_support,False,visible_candidate,line-uct-test-a11-000246,2.0
uct-test-a11,0.8236018986588625,0.2342385096764853,0.001434130905212605,0.0035593056739756657,411,340.0,,1.5,4,,visible_pixel_support,False,visible_candidate,line-uct-test-a11-000247,1.8514851485148256
uct-test-a11,0.8264701604692875,0.2342385096764853,0.001434130905212605,0.0035593056739756657,412,340.0,,1.5,4,,visible_pixel_support,False,visible_candidate,line-uct-test-a11-000248,1.418670438472418
uct-test-a11,0.8293384222797127,0.2366113801258024,0.001434130905212605,0.004745740898634221,413,339.0,,2.0,5,,visible_pixel_support,False,visible_candidate,line-uct-test-a11-000249,1.7206506364922234
uct-test-a11,0.8322066840901376,0.2366113801258024,0.001434130905212605,0.007118611347951331,414,339.0,,3.0,7,,visible_pixel_support,False,visible_candidate,line-uct-test-a11-000250,0.7765205091937446
uct-test-a11,0.8350749459005626,0.23898425057511952,0.001434130905212605,0.008305046572609887,415,338.0,,3.5,8,,visible_pixel_support,False,visible_candidate,line-uct-test-a11-000251,0.6053748231965983
uct-test-a11,0.8379432077109876,0.24372999147375374,0.001434130905212605,0.008305046572609887,416,336.0,,3.5,8,,visible_pixel_support,False,visible_candidate,line-uct-test-a11-000252,1.2263083451202306
uct-test-a11,0.8408114695214126,0.24847573237238785,0.001434130905212605,0.009491481797268442,417,334.0,,4.0,9,,visible_pixel_support,False,visible_candidate,line-uct-test-a11-000253,1.6584158415841443
uct-test-a11,0.8436797313318376,0.25084860282170496,0.001434130905212605,0.010677917021926997,418,333.0,,4.5,10,,visible_pixel_support,False,visible_candidate,line-uct-test-a11-000254,0.9207920792078994
uct-test-a11,0.8465479931422626,0.2555943437203392,0.001434130905212605,0.010677917021926886,419,331.0,,4.5,10,,visible_pixel_support,False,visible_candidate,line-uct-test-a11-000255,1.0325318246109987
uct-test-a11,0.8494162549526876,0.2603400846189734,0.001434130905212605,0.011864352246585552,420,329.0,,5.0,11,,visible_pixel_support,False,visible_candidate,line-uct-test-a11-000256,1.0127298444130588
uct-test-a11,0.8522845167631126,0.2650858255176075,0.001434130905212605,0.013050787471244107,421,327.0,,5.5,12,,visible_pixel_support,False,visible_candidate,line-uct-test-a11-000257,0.8804809052334122
uct-test-a11,0.8551527785735376,0.27220443686555884,0.001434130905212605,0.011864352246585441,422,324.0,,5.0,11,,visible_pixel_support,False,visible_candidate,line-uct-test-a11-000258,1.6548797736916754
uct-test-a11,0.8580210403839625,0.27932304821351017,0.001434130905212605,0.010677917021926997,423,321.0,,4.5,10,,visible_pixel_support,False,visible_candidate,line-uct-test-a11-000259,2.3550212164073514
uct-test-a11,0.8608893021943875,0.2864416595614614,0.001434130905212605,0.009491481797268442,424,318.0,,4.0,9,,visible_pixel_support,False,visible_candidate,line-uct-test-a11-000260,3.0
uct-test-a11,0.8637575640048125,0.2935602709094127,0.001434130905212605,0.008305046572609887,425,315.0,,3.5,8,,visible_pixel_support,False,visible_candidate,line-uct-test-a11-000261,3.166283312502685
uct-test-a11,0.8666258258152375,0.3101703640546324,0.001434130905212605,0.004745740898634221,426,308.0,,2.0,5,,visible_pixel_support,False,visible_candidate,line-uct-test-a11-000262,6.48500759207991
uct-test-a11,0.8694940876256625,0.3196618458519007,0.001434130905212605,0.0035593056739756657,427,304.0,,1.5,4,,visible_pixel_support,False,visible_candidate,line-uct-test-a11-000263,6.057271480547911
uct-test-a11,0.8723623494360875,0.32915332764916916,0.001434130905212605,0.007118611347951331,428,300.0,,3.0,7,,visible_pixel_support,False,visible_candidate,line-uct-test-a11-000264,4.984173619723322
uct-test-a11,0.8752306112465125,0.3386448094464375,0.001434130905212605,0.008305046572609887,429,296.0,,3.5,8,,visible_pixel_support,False,visible_candidate,line-uct-test-a11-000265,3.3668126514224355
uct-test-a11,0.8780988730569375,0.35288203214234015,0.001434130905212605,0.008305046572609887,430,290.0,,3.5,8,,visible_pixel_support,False,visible_candidate,line-uct-test-a11-000266,3.306287217461943
uct-test-a11,0.8809671348673624,0.3647463843889256,0.001434130905212605,0.011864352246585441,431,285.0,,5.0,11,,visible_pixel_support,False,visible_candidate,line-uct-test-a11-000267,1.90369595965808
uct-test-a11,0.8838353966777874,0.38135647753414526,0.001434130905212605,0.009491481797268442,432,278.0,,4.0,9,,visible_pixel_support,False,visible_candidate,line-uct-test-a11-000268,2.260137519827367
uct-test-a11,0.8867036584882124,0.3979665706793649,0.001434130905212605,0.0011864352246585552,433,271.0,,0.5,1,,visible_pixel_support,False,visible_candidate,line-uct-test-a11-000269,2.476710539786211
uct-test-a11,0.9039132293507623,0.4976271295506829,0.001434130905212605,0.0035593056739756657,439,229.0,,1.5,4,,visible_pixel_support,True,visible_candidate,line-uct-test-a11-000270,6.042471548470445
uct-test-a11,0.9268593238341625,0.6305078747124403,0.001434130905212605,0.0011864352246585552,447,173.0,,0.5,1,,visible_pixel_support,True,visible_candidate,line-uct-test-a11-000271,9.651827847760927
uct-test-a11,0.9297275856445875,0.6399993565097086,0.001434130905212605,0.0023728704493171104,448,169.0,,1.0,3,,visible_pixel_support,False,visible_candidate,line-uct-test-a11-000272,7.932195933514038
uct-test-a11,0.9325958474550124,0.64711796785766,0.001434130905212605,0.005932176123292665,449,166.0,,2.5,6,,visible_pixel_support,False,visible_candidate,line-uct-test-a11-000273,5.712497154321142
uct-test-a11,0.9354641092654374,0.6566094496549284,0.001434130905212605,0.005932176123292776,450,162.0,,2.5,6,,visible_pixel_support,False,visible_candidate,line-uct-test-a11-000274,5.087431547475546
uct-test-a11,0.9383323710758624,0.6661009314521967,0.001434130905212605,0.005932176123292776,451,158.0,,2.5,6,,visible_pixel_support,False,visible_candidate,line-uct-test-a11-000275,5.1516991502707015
uct-test-a11,0.9412006328862874,0.673219542800148,0.001434130905212605,0.007118611347951331,452,155.0,,3.0,7,,visible_pixel_support,False,visible_candidate,line-uct-test-a11-000276,5.0
uct-test-a11,0.9440688946967124,0.6779652836987822,0.001434130905212605,0.007118611347951331,453,153.0,,3.0,7,,visible_pixel_support,False,visible_candidate,line-uct-test-a11-000277,4.313676699692479
uct-test-a11,0.9469371565071374,0.6827110245974164,0.001434130905212605,0.008305046572609776,454,151.0,,3.5,8,,visible_pixel_support,False,visible_candidate,line-uct-test-a11-000278,3.710489115227489
uct-test-a11,0.9498054183175624,0.6898296359453677,0.001434130905212605,0.007118611347951331,455,148.0,,3.0,7,,visible_pixel_support,False,visible_candidate,line-uct-test-a11-000279,4.189763178174218
uct-test-a11,0.9526736801279874,0.694575376844002,0.001434130905212605,0.008305046572609887,456,146.0,,3.5,8,,visible_pixel_support,False,visible_candidate,line-uct-test-a11-000280,3.750824820101542
uct-test-a11,0.9555419419384124,0.6993211177426361,0.001434130905212605,0.008305046572609887,457,144.0,,3.5,8,,visible_pixel_support,False,visible_candidate,line-uct-test-a11-000281,3.3929999725785365
uct-test-a11,0.9584102037488373,0.7064397290905873,0.001434130905212605,0.007118611347951331,458,141.0,,3.0,7,,visible_pixel_support,False,visible_candidate,line-uct-test-a11-000282,4.115614567174163
uct-test-a11,0.9612784655592623,0.7135583404385386,0.001434130905212605,0.005932176123292776,459,138.0,,2.5,6,,visible_pixel_support,False,visible_candidate,line-uct-test-a11-000283,4.917994535457495
uct-test-a11,0.9641467273696873,0.7183040813371728,0.001434130905212605,0.005932176123292665,460,136.0,,2.5,6,,visible_pixel_support,False,visible_candidate,line-uct-test-a11-000284,4.799465808997553
uct-test-a11,0.9670149891801123,0.7206769517864899,0.001434130905212605,0.005932176123292665,461,135.0,,2.5,6,,visible_pixel_support,False,visible_candidate,line-uct-test-a11-000285,3.759354319363325
uct-test-a11,0.9698832509905373,0.7254226926851242,0.001434130905212605,0.008305046572609887,462,133.0,,3.5,8,,visible_pixel_support,False,visible_candidate,line-uct-test-a11-000286,3.796985998123887
uct-test-a11,0.9727515128009623,0.7277955631344413,0.001434130905212605,0.009491481797268442,463,132.0,,4.0,9,,visible_pixel_support,False,visible_candidate,line-uct-test-a11-000287,2.911686776848228
uct-test-a11,0.9756197746113873,0.7325413040330755,0.001434130905212605,0.008305046572609998,464,130.0,,3.5,8,,visible_pixel_support,False,visible_candidate,line-uct-test-a11-000288,3.102782587105338
uct-test-a11,0.9784880364218123,0.7372870449317096,0.001434130905212605,0.008305046572609887,465,128.0,,3.5,8,,visible_pixel_support,False,visible_candidate,line-uct-test-a11-000289,3.369599360464264
uct-test-a11,0.9813562982322372,0.7467785267289779,0.001434130905212605,0.005932176123292776,466,124.0,,2.5,6,,visible_pixel_support,False,visible_candidate,line-uct-test-a11-000290,5.711463028494052
uct-test-a11,0.9842245600426622,0.7515242676276122,0.001434130905212605,0.004745740898634221,467,122.0,,2.0,5,,visible_pixel_support,False,visible_candidate,line-uct-test-a11-000291,6.127699522763692
uct-test-a11,0.9870928218530872,0.7538971380769293,0.001434130905212605,0.005932176123292665,468,121.0,,2.5,6,,visible_pixel_support,False,visible_candidate,line-uct-test-a11-000292,5.617634774842202
uct-test-a11,0.9899610836635122,0.7562700085262464,0.001434130905212605,0.004745740898634221,469,120.0,,2.0,5,,visible_pixel_support,False,visible_candidate,line-uct-test-a11-000293,5.180594716298614
uct-test-a11,0.9928293454739374,0.7586428789755635,0.001434130905212605,0.0035593056739756657,470,119.0,,1.5,4,,visible_pixel_support,False,visible_candidate,line-uct-test-a11-000294,4.815905278701933
uct-test-a11,0.9956976072843624,0.7610157494248806,0.001434130905212605,0.0035593056739756657,471,118.0,,1.5,4,,visible_pixel_support,False,visible_candidate,line-uct-test-a11-000295,4.5228923936212055
uct-test-a11,0.9985658690947874,0.7610157494248806,0.001434130905212605,0.0035593056739756657,472,118.0,,1.5,4,,visible_pixel_support,False,visible_candidate,line-uct-test-a11-000296,3.3008819926254063
uct-test-a11,1.0014341309052124,0.7610157494248806,0.001434130905212605,0.0035593056739756657,473,118.0,,1.5,4,,visible_pixel_support,False,visible_candidate,line-uct-test-a11-000297,2.1492000072836106
uct-test-a11,1.0043023927156374,0.7610157494248806,0.001434130905212605,0.0035593056739756657,474,118.0,,1.5,4,,visible_pixel_support,False,visible_candidate,line-uct-test-a11-000298,1.067172369164794
uct-test-a11,1.0071706545260624,0.7610157494248806,0.001434130905212605,0.0035593056739756657,475,118.0,,1.5,4,,visible_pixel_support,False,visible_candidate,line-uct-test-a11-000299,0.05412500983800328
uct-test-a11,1.0100389163364873,0.7633886198741977,0.001434130905212605,0.0035593056739757767,476,117.0,,1.5,4,,visible_pixel_support,False,visible_candidate,line-uct-test-a11-000300,0.10938386087225638
uct-test-a11,1.0129071781469123,0.7657614903235148,0.001434130905212605,0.005932176123292887,477,116.0,,2.5,6,,visible_pixel_support,False,visible_candidate,line-uct-test-a11-000301,0.23227485383654312
uct-test-a11,1.0157754399573373,0.7681343607728319,0.001434130905212605,0.005932176123292887,478,115.0,,2.5,6,,visible_pixel_support,False,visible_candidate,line-uct-test-a11-000302,0.4221239202999527
uct-test-a11,1.0186437017677623,0.7705072312221489,0.001434130905212605,0.005932176123292776,479,114.0,,2.5,6,,visible_pixel_support,False,visible_candidate,line-uct-test-a11-000303,0.6782569918314039
uct-test-a11,1.0215119635781873,0.7752529721207831,0.001434130905212605,0.005932176123292776,480,112.0,,2.5,6,,visible_pixel_support,False,visible_candidate,line-uct-test-a11-000304,2.0
uct-test-a11,1.0243802253886123,0.7752529721207831,0.001434130905212605,0.004745740898634221,481,112.0,,2.0,5,,visible_pixel_support,False,visible_candidate,line-uct-test-a11-000305,1.359831656892112
uct-test-a11,1.0272484871990373,0.7776258425701001,0.001434130905212605,0.0035593056739757767,482,111.0,,1.5,4,,visible_pixel_support,False,visible_candidate,line-uct-test-a11-000306,1.730720502619974
uct-test-a11,1.0301167490094623,0.7776258425701001,0.001434130905212605,0.0035593056739757767,483,111.0,,1.5,4,,visible_pixel_support,False,visible_candidate,line-uct-test-a11-000307,1.1127272107911637
uct-test-a11,1.0329850108198873,0.7776258425701001,0.001434130905212605,0.0035593056739757767,484,111.0,,1.5,4,,visible_pixel_support,False,visible_candidate,line-uct-test-a11-000308,0.5059124550133589
uct-test-a11,1.0358532726303122,0.7776258425701001,0.001434130905212605,0.0035593056739757767,485,111.0,,1.5,4,,visible_pixel_support,False,visible_candidate,line-uct-test-a11-000309,0.08966309110580539
uct-test-a11,1.0387215344407372,0.7752529721207831,0.001434130905212605,0.004745740898634221,486,112.0,,2.0,5,,visible_pixel_support,False,visible_candidate,line-uct-test-a11-000310,1.67393875395868
uct-test-a11,1.0415897962511622,0.7752529721207831,0.001434130905212605,0.0035593056739756657,487,112.0,,1.5,4,,visible_pixel_support,False,visible_candidate,line-uct-test-a11-000311,2.246853859937559
uct-test-a11,1.0444580580615872,0.7776258425701001,0.001434130905212605,0.005932176123292887,488,111.0,,2.5,6,,visible_pixel_support,False,visible_candidate,line-uct-test-a11-000312,1.8083477354349213
uct-test-a11,1.0473263198720122,0.7776258425701001,0.001434130905212605,0.004745740898634221,489,111.0,,2.0,5,,visible_pixel_support,False,visible_candidate,line-uct-test-a11-000313,2.358359706843004
uct-test-a11,1.0501945816824372,0.7799987130194173,0.001434130905212605,0.007118611347951331,490,110.0,,3.0,7,,visible_pixel_support,False,visible_candidate,line-uct-test-a11-000314,1.8968291005542284
uct-test-a11,1.0530628434928622,0.7823715834687344,0.001434130905212605,0.007118611347951331,491,109.0,,3.0,7,,visible_pixel_support,False,visible_candidate,line-uct-test-a11-000315,1.4236952429609318
uct-test-a11,1.0559311053032872,0.7847444539180515,0.001434130905212605,0.007118611347951331,492,108.0,,3.0,7,,visible_pixel_support,False,visible_candidate,line-uct-test-a11-000316,0.9388974604554505
uct-test-a11,1.0587993671137121,0.7871173243673686,0.001434130905212605,0.005932176123292776,493,107.0,,2.5,6,,visible_pixel_support,False,visible_candidate,line-uct-test-a11-000317,0.44237507943013554
uct-test-a11,1.0616676289241371,0.7894901948166857,0.001434130905212605,0.005932176123292776,494,106.0,,2.5,6,,visible_pixel_support,False,visible_candidate,line-uct-test-a11-000318,0.06593257372261974
uct-test-a11,1.0645358907345621,0.7918630652660028,0.001434130905212605,0.0035593056739756657,495,105.0,,1.5,4,,visible_pixel_support,False,visible_candidate,line-uct-test-a11-000319,0.5860861726104929
uct-test-a11,1.067404152544987,0.7942359357153199,0.001434130905212605,0.0035593056739756657,496,104.0,,1.5,4,,visible_pixel_support,False,visible_candidate,line-uct-test-a11-000320,1.1181463908411473
uct-test-a11,1.070272414355412,0.7942359357153199,0.001434130905212605,0.0035593056739756657,497,104.0,,1.5,4,,visible_pixel_support,False,visible_candidate,line-uct-test-a11-000321,0.6621739020221895
uct-test-a11,1.0731406761658373,0.7942359357153199,0.001434130905212605,0.0035593056739756657,498,104.0,,1.5,4,,visible_pixel_support,False,visible_candidate,line-uct-test-a11-000322,0.21822937976126866
uct-test-a11,1.0760089379762623,0.7942359357153199,0.001434130905212605,0.0035593056739756657,499,104.0,,1.5,4,,visible_pixel_support,False,visible_candidate,line-uct-test-a11-000323,0.21362650233393765
uct-test-a11,1.0788771997866873,0.796608806164637,0.001434130905212605,0.0035593056739756657,500,103.0,,1.5,4,,visible_pixel_support,False,visible_candidate,line-uct-test-a11-000324,0.3666669293442055
uct-test-a11,1.0817454615971123,0.796608806164637,0.001434130905212605,0.0035593056739756657,501,103.0,,1.5,4,,visible_pixel_support,False,visible_candidate,line-uct-test-a11-000325,0.04082965159668106
uct-test-a11,1.0846137234075373,0.7989816766139541,0.001434130905212605,0.004745740898634221,502,102.0,,2.0,5,,visible_pixel_support,False,visible_candidate,line-uct-test-a11-000326,0.5639444284510944
uct-test-a11,1.0874819852179622,0.7989816766139541,0.001434130905212605,0.0035593056739756657,503,102.0,,1.5,4,,visible_pixel_support,False,visible_candidate,line-uct-test-a11-000327,0.18104984309513839
uct-test-a11,1.0903502470283872,0.796608806164637,0.001434130905212605,0.004745740898634221,504,103.0,,2.0,5,,visible_pixel_support,False,visible_candidate,line-uct-test-a11-000328,1.1894527340568999
uct-test-a11,1.0932185088388122,0.796608806164637,0.001434130905212605,0.0035593056739756657,505,103.0,,1.5,4,,visible_pixel_support,False,visible_candidate,line-uct-test-a11-000329,1.5475026293973428
uct-test-a11,1.0960867706492372,0.796608806164637,0.001434130905212605,0.004745740898634221,506,103.0,,2.0,5,,visible_pixel_support,False,visible_candidate,line-uct-test-a11-000330,1.8930391693185697
uct-test-a11,1.0989550324596622,0.7942359357153199,0.001434130905212605,0.0035593056739756657,507,104.0,,1.5,4,,visible_pixel_support,False,visible_candidate,line-uct-test-a11-000331,3.2260016802129314
uct-test-a11,1.1018232942700872,0.7942359357153199,0.001434130905212605,0.0035593056739756657,508,104.0,,1.5,4,,visible_pixel_support,False,visible_candidate,line-uct-test-a11-000332,3.5463294884727787
uct-test-a11,1.1046915560805122,0.796608806164637,0.001434130905212605,0.004745740898634221,509,103.0,,2.0,5,,visible_pixel_support,False,visible_candidate,line-uct-test-a11-000333,2.8539619204904625
uct-test-a11,1.1075598178909372,0.796608806164637,0.001434130905212605,0.0035593056739756657,510,103.0,,1.5,4,,visible_pixel_support,False,visible_candidate,line-uct-test-a11-000334,3.1488383026583335
uct-test-a11,1.1104280797013621,0.7989816766139541,0.001434130905212605,0.004745740898634221,511,102.0,,2.0,5,,visible_pixel_support,False,visible_candidate,line-uct-test-a11-000335,2.430897961368757
uct-test-a11,1.1132963415117871,0.8013545470632712,0.001434130905212605,0.004745740898634221,512,101.0,,2.0,5,,visible_pixel_support,False,visible_candidate,line-uct-test-a11-000336,1.7000802230140835
uct-test-a11,1.1161646033222121,0.8013545470632712,0.001434130905212605,0.004745740898634221,513,101.0,,2.0,5,,visible_pixel_support,False,visible_candidate,line-uct-test-a11-000337,1.956324413986664
uct-test-a11,1.1190328651326371,0.8037274175125882,0.001434130905212605,0.0035593056739756657,514,100.0,,1.5,4,,visible_pixel_support,False,visible_candidate,line-uct-test-a11-000338,1.199569860678821
uct-test-a11,1.121901126943062,0.8061002879619054,0.001434130905212605,0.0035593056739756657,515,99.0,,1.5,4,,visible_pixel_support,False,visible_candidate,line-uct-test-a11-000339,0.42975588948297627
uct-test-a11,1.124769388753487,0.8061002879619054,0.001434130905212605,0.0035593056739756657,516,99.0,,1.5,4,,visible_pixel_support,False,visible_candidate,line-uct-test-a11-000340,0.6468218267914381
uct-test-a11,1.127637650563912,0.8037274175125882,0.001434130905212605,0.0035593056739756657,517,100.0,,1.5,4,,visible_pixel_support,False,visible_candidate,line-uct-test-a11-000341,1.850706998996543
uct-test-a11,1.130505912374337,0.8037274175125882,0.001434130905212605,0.004745740898634221,518,100.0,,2.0,5,,visible_pixel_support,False,visible_candidate,line-uct-test-a11-000342,2.0413507324906988
uct-test-a11,1.133374174184762,0.8013545470632712,0.001434130905212605,0.004745740898634221,519,101.0,,2.0,5,,visible_pixel_support,False,visible_candidate,line-uct-test-a11-000343,3.2186923536662135
uct-test-a11,1.136242435995187,0.8013545470632712,0.001434130905212605,0.004745740898634221,520,101.0,,2.0,5,,visible_pixel_support,False,visible_candidate,line-uct-test-a11-000344,3.3826711889154666
uct-test-a11,1.139110697805612,0.8013545470632712,0.001434130905212605,0.004745740898634221,521,101.0,,2.0,5,,visible_pixel_support,False,visible_candidate,line-uct-test-a11-000345,3.5332265646307945
uct-test-a11,1.141978959616037,0.8013545470632712,0.001434130905212605,0.0035593056739757767,522,101.0,,1.5,4,,visible_pixel_support,False,visible_candidate,line-uct-test-a11-000346,3.6702978072045482
uct-test-a11,1.144847221426462,0.8037274175125882,0.001434130905212605,0.004745740898634221,523,100.0,,2.0,5,,visible_pixel_support,False,visible_candidate,line-uct-test-a11-000347,2.793824243029121
uct-test-a11,1.147715483236887,0.8061002879619054,0.001434130905212605,0.005932176123292776,524,99.0,,2.5,6,,visible_pixel_support,False,visible_candidate,line-uct-test-a11-000348,1.9037451984968072
uct-test-a11,1.150583745047312,0.8084731584112225,0.001434130905212605,0.005932176123292776,525,98.0,,2.5,6,,visible_pixel_support,False,visible_candidate,line-uct-test-a11-000349,1.0
uct-test-a11,1.153452006857737,0.8108460288605396,0.001434130905212605,0.007118611347951331,526,97.0,,3.0,7,,visible_pixel_support,False,visible_candidate,line-uct-test-a11-000350,0.08893137004446316
uct-test-a11,1.1563202686681622,0.8132188993098567,0.001434130905212605,0.007118611347951331,527,96.0,,3.0,7,,visible_pixel_support,False,visible_candidate,line-uct-test-a11-000351,0.8230788687276771
uct-test-a11,1.1591885304785872,0.8155917697591737,0.001434130905212605,0.004745740898634221,528,95.0,,2.0,5,,visible_pixel_support,False,visible_candidate,line-uct-test-a11-000352,1.736032739719505
uct-test-a11,1.1620567922890122,0.8155917697591737,0.001434130905212605,0.004745740898634221,529,95.0,,2.0,5,,visible_pixel_support,False,visible_candidate,line-uct-test-a11-000353,1.649932266334119
uct-test-a11,1.1649250540994371,0.8179646402084908,0.001434130905212605,0.0035593056739756657,530,94.0,,1.5,4,,visible_pixel_support,False,visible_candidate,line-uct-test-a11-000354,2.564779471974603
uct-test-a11,1.1677933159098621,0.8179646402084908,0.001434130905212605,0.0035593056739756657,531,94.0,,1.5,4,,visible_pixel_support,False,visible_candidate,line-uct-test-a11-000355,2.4805763800440843
uct-test-a11,1.1706615777202871,0.8179646402084908,0.001434130905212605,0.0035593056739756657,532,94.0,,1.5,4,,visible_pixel_support,False,visible_candidate,line-uct-test-a11-000356,2.3973250139456184
uct-test-a11,1.173529839530712,0.8179646402084908,0.001434130905212605,0.0035593056739756657,533,94.0,,1.5,4,,visible_pixel_support,False,visible_candidate,line-uct-test-a11-000357,2.3150273970823037
uct-test-a11,1.176398101341137,0.8179646402084908,0.001434130905212605,0.0035593056739756657,534,94.0,,1.5,4,,visible_pixel_support,False,visible_candidate,line-uct-test-a11-000358,2.233685552857267
uct-test-a11,1.179266363151562,0.8179646402084908,0.001434130905212605,0.0035593056739756657,535,94.0,,1.5,4,,visible_pixel_support,False,visible_candidate,line-uct-test-a11-000359,2.1533015046735784
uct-test-a11,1.182134624961987,0.8179646402084908,0.001434130905212605,0.0035593056739756657,536,94.0,,1.5,4,,visible_pixel_support,False,visible_candidate,line-uct-test-a11-000360,2.073877275934322
uct-test-a11,1.185002886772412,0.8179646402084908,0.001434130905212605,0.0035593056739756657,537,94.0,,1.5,4,,visible_pixel_support,False,visible_candidate,line-uct-test-a11-000361,1.9954148900426105
uct-test-a11,1.187871148582837,0.8179646402084908,0.001434130905212605,0.004745740898634221,538,94.0,,2.0,5,,visible_pixel_support,False,visible_candidate,line-uct-test-a11-000362,1.9179163704015423
uct-test-a11,1.190739410393262,0.8179646402084908,0.001434130905212605,0.004745740898634221,539,94.0,,2.0,5,,visible_pixel_support,False,visible_candidate,line-uct-test-a11-000363,1.8413837404142015
uct-test-a11,1.193607672203687,0.8179646402084908,0.001434130905212605,0.004745740898634221,540,94.0,,2.0,5,,visible_pixel_support,False,visible_candidate,line-uct-test-a11-000364,1.7658190234836724
uct-test-a11,1.196475934014112,0.8179646402084908,0.001434130905212605,0.004745740898634221,541,94.0,,2.0,5,,visible_pixel_support,False,visible_candidate,line-uct-test-a11-000365,1.6912242430130675
uct-test-a11,1.199344195824537,0.8179646402084908,0.001434130905212605,0.004745740898634221,542,94.0,,2.0,5,,visible_pixel_support,False,visible_candidate,line-uct-test-a11-000366,1.6176014224054711
uct-test-a11,1.202212457634962,0.8179646402084908,0.001434130905212605,0.0035593056739756657,543,94.0,,1.5,4,,visible_pixel_support,False,visible_candidate,line-uct-test-a11-000367,1.5449525850639816
uct-test-a11,1.205080719445387,0.8203375106578079,0.001434130905212605,0.0035593056739756657,544,93.0,,1.5,4,,visible_pixel_support,False,visible_candidate,line-uct-test-a11-000368,2.4732797543916973
uct-test-a11,1.207948981255812,0.8203375106578079,0.001434130905212605,0.0035593056739756657,545,93.0,,1.5,4,,visible_pixel_support,False,visible_candidate,line-uct-test-a11-000369,2.4025849537916883
uct-test-a11,1.210817243066237,0.8203375106578079,0.001434130905212605,0.0035593056739756657,546,93.0,,1.5,4,,visible_pixel_support,False,visible_candidate,line-uct-test-a11-000370,2.3328702066670814
uct-test-a11,1.213685504876662,0.8203375106578079,0.001434130905212605,0.0035593056739756657,547,93.0,,1.5,4,,visible_pixel_support,False,visible_candidate,line-uct-test-a11-000371,2.264137536420961
uct-test-a11,1.216553766687087,0.8179646402084908,0.001434130905212605,0.004745740898634221,548,94.0,,2.0,5,,visible_pixel_support,False,visible_candidate,line-uct-test-a11-000372,1.1963889664564107
uct-test-a11,1.219422028497512,0.8179646402084908,0.001434130905212605,0.0035593056739756657,549,94.0,,1.5,4,,visible_pixel_support,False,visible_candidate,line-uct-test-a11-000373,1.1296265201765436
uct-test-a11,1.222290290307937,0.8179646402084908,0.001434130905212605,0.0035593056739756657,550,94.0,,1.5,4,,visible_pixel_support,False,visible_candidate,line-uct-test-a11-000374,1.0638522209844155
uct-test-a11,1.2251585521183619,0.8179646402084908,0.001434130905212605,0.0035593056739756657,551,94.0,,1.5,4,,visible_pixel_support,False,visible_candidate,line-uct-test-a11-000375,0.9990680922831956
uct-test-a11,1.2280268139287869,0.8155917697591737,0.001434130905212605,0.0035593056739757767,552,95.0,,1.5,4,,visible_pixel_support,False,visible_candidate,line-uct-test-a11-000376,0.06472384252410279
uct-test-a11,1.2308950757392119,0.8155917697591737,0.001434130905212605,0.0035593056739757767,553,95.0,,1.5,4,,visible_pixel_support,False,visible_candidate,line-uct-test-a11-000377,0.1275215600343529
uct-test-a11,1.2337633375496369,0.8155917697591737,0.001434130905212605,0.004745740898634221,554,95.0,,2.0,5,,visible_pixel_support,False,visible_candidate,line-uct-test-a11-000378,0.1893230368444705
uct-test-a11,1.236631599360062,0.8155917697591737,0.001434130905212605,0.004745740898634221,555,95.0,,2.0,5,,visible_pixel_support,False,visible_candidate,line-uct-test-a11-000379,0.250126249551343
uct-test-a11,1.239499861170487,0.8155917697591737,0.001434130905212605,0.004745740898634221,556,95.0,,2.0,5,,visible_pixel_support,False,visible_candidate,line-uct-test-a11-000380,0.3099291747519004
uct-test-a11,1.242368122980912,0.8155917697591737,0.001434130905212605,0.004745740898634221,557,95.0,,2.0,5,,visible_pixel_support,False,visible_candidate,line-uct-test-a11-000381,0.3687297890429875
uct-test-a11,1.245236384791337,0.8155917697591737,0.001434130905212605,0.004745740898634221,558,95.0,,2.0,5,,visible_pixel_support,False,visible_candidate,line-uct-test-a11-000382,0.4265260690216053
uct-test-a11,1.248104646601762,0.8155917697591737,0.001434130905212605,0.004745740898634221,559,95.0,,2.0,5,,visible_pixel_support,False,visible_candidate,line-uct-test-a11-000383,0.48331599128457015
uct-test-a11,1.250972908412187,0.8179646402084908,0.001434130905212605,0.0035593056739756657,560,94.0,,1.5,4,,visible_pixel_support,False,visible_candidate,line-uct-test-a11-000384,0.4609024675711453
uct-test-a11,1.253841170222612,0.8179646402084908,0.001434130905212605,0.0035593056739756657,561,94.0,,1.5,4,,visible_pixel_support,False,visible_candidate,line-uct-test-a11-000385,0.40613133094869625
uct-test-a11,1.256709432033037,0.8179646402084908,0.001434130905212605,0.0035593056739756657,562,94.0,,1.5,4,,visible_pixel_support,False,visible_candidate,line-uct-test-a11-000386,0.3523726222511243
uct-test-a11,1.259577693843462,0.8179646402084908,0.001434130905212605,0.0035593056739756657,563,94.0,,1.5,4,,visible_pixel_support,False,visible_candidate,line-uct-test-a11-000387,0.2996283648815421
uct-test-a11,1.262445955653887,0.8179646402084908,0.001434130905212605,0.0035593056739756657,564,94.0,,1.5,4,,visible_pixel_support,False,visible_candidate,line-uct-test-a11-000388,0.247900582243048
uct-test-a11,1.265314217464312,0.8179646402084908,0.001434130905212605,0.0035593056739756657,565,94.0,,1.5,4,,visible_pixel_support,False,visible_candidate,line-uct-test-a11-000389,0.19719129773872623
uct-test-a11,1.268182479274737,0.8179646402084908,0.001434130905212605,0.0035593056739756657,566,94.0,,1.5,4,,visible_pixel_support,False,visible_candidate,line-uct-test-a11-000390,0.1475025347716894
uct-test-a11,1.271050741085162,0.8179646402084908,0.001434130905212605,0.0035593056739756657,567,94.0,,1.5,4,,visible_pixel_support,False,visible_candidate,line-uct-test-a11-000391,0.09883631674502169
uct-test-a11,1.273919002895587,0.8179646402084908,0.001434130905212605,0.0035593056739756657,568,94.0,,1.5,4,,visible_pixel_support,False,visible_candidate,line-uct-test-a11-000392,0.05119466706180731
uct-test-a11,1.276787264706012,0.8179646402084908,0.001434130905212605,0.0035593056739756657,569,94.0,,1.5,4,,visible_pixel_support,False,visible_candidate,line-uct-test-a11-000393,0.004579609125158868
uct-test-a11,1.2796555265164369,0.8179646402084908,0.001434130905212605,0.0035593056739756657,570,94.0,,1.5,4,,visible_pixel_support,False,visible_candidate,line-uct-test-a11-000394,0.04100683366183944
uct-test-a11,1.2825237883268619,0.8179646402084908,0.001434130905212605,0.0035593056739756657,571,94.0,,1.5,4,,visible_pixel_support,False,visible_candidate,line-uct-test-a11-000395,0.08556263789610341
uct-test-a11,1.2853920501372869,0.8179646402084908,0.001434130905212605,0.0035593056739756657,572,94.0,,1.5,4,,visible_pixel_support,False,visible_candidate,line-uct-test-a11-000396,0.12908578017450623
uct-test-a11,1.2882603119477118,0.8179646402084908,0.001434130905212605,0.0035593056739756657,573,94.0,,1.5,4,,visible_pixel_support,False,visible_candidate,line-uct-test-a11-000397,0.1715742370939921
uct-test-a11,1.2911285737581368,0.8179646402084908,0.001434130905212605,0.0035593056739756657,574,94.0,,1.5,4,,visible_pixel_support,False,visible_candidate,line-uct-test-a11-000398,0.21302598525144845
uct-test-a11,1.2939968355685618,0.8179646402084908,0.001434130905212605,0.004745740898634221,575,94.0,,2.0,5,,visible_pixel_support,False,visible_candidate,line-uct-test-a11-000399,0.25343900124377683
uct-test-a11,1.2968650973789868,0.8179646402084908,0.001434130905212605,0.0035593056739756657,576,94.0,,1.5,4,,visible_pixel_support,False,visible_candidate,line-uct-test-a11-000400,0.29281126166787885
uct-test-a11,1.2997333591894118,0.8155917697591737,0.001434130905212605,0.004745740898634221,577,95.0,,2.0,5,,visible_pixel_support,False,visible_candidate,line-uct-test-a11-000401,1.3311407431206845
uct-test-a11,1.3026016209998368,0.8155917697591737,0.001434130905212605,0.004745740898634221,578,95.0,,2.0,5,,visible_pixel_support,False,visible_candidate,line-uct-test-a11-000402,1.3684254221990813
uct-test-a11,1.3054698828102618,0.8179646402084908,0.001434130905212605,0.0035593056739756657,579,94.0,,1.5,4,,visible_pixel_support,False,visible_candidate,line-uct-test-a11-000403,0.4046632754999848
uct-test-a11,1.3083381446206868,0.8179646402084908,0.001434130905212605,0.004745740898634221,580,94.0,,2.0,5,,visible_pixel_support,False,visible_candidate,line-uct-test-a11-000404,0.4398522796202826
uct-test-a11,1.3112064064311117,0.8179646402084908,0.001434130905212605,0.0035593056739756657,581,94.0,,1.5,4,,visible_pixel_support,False,visible_candidate,line-uct-test-a11-000405,0.47399041115689045
uct-test-a11,1.3140746682415367,0.8203375106578079,0.001434130905212605,0.0035593056739756657,582,93.0,,1.5,4,,visible_pixel_support,False,visible_candidate,line-uct-test-a11-000406,0.4929243532932759
uct-test-a11,1.3169429300519617,0.822710381107125,0.001434130905212605,0.0035593056739756657,583,92.0,,1.5,4,,visible_pixel_support,False,visible_candidate,line-uct-test-a11-000407,1.4608940371333148
uct-test-a11,1.319811191862387,0.8250832515564421,0.001434130905212605,0.0023728704493171104,584,91.0,,1.0,3,,visible_pixel_support,False,visible_candidate,line-uct-test-a11-000408,2.429920663766339
uct-test-a11,1.322679453672812,0.8250832515564421,0.001434130905212605,0.0035593056739756657,585,91.0,,1.5,4,,visible_pixel_support,False,visible_candidate,line-uct-test-a11-000409,2.400006256595418
uct-test-a11,1.325547715483237,0.8274561220057592,0.001434130905212605,0.0023728704493171104,586,90.0,,1.0,3,,visible_pixel_support,False,visible_candidate,line-uct-test-a11-000410,3.371152839023665
uct-test-a11,1.328415977293662,0.8274561220057592,0.001434130905212605,0.0035593056739756657,587,90.0,,1.5,4,,visible_pixel_support,False,visible_candidate,line-uct-test-a11-000411,3.34336243445415
uct-test-a11,1.3312842391040869,0.8274561220057592,0.001434130905212605,0.0035593056739756657,588,90.0,,1.5,4,,visible_pixel_support,False,visible_candidate,line-uct-test-a11-000412,3.3166370662900135
uct-test-a11,1.3341525009145119,0.8274561220057592,0.001434130905212605,0.0035593056739756657,589,90.0,,1.5,4,,visible_pixel_support,False,visible_candidate,line-uct-test-a11-000413,3.2909787579342975
uct-test-a11,1.3370207627249369,0.8274561220057592,0.001434130905212605,0.0035593056739756657,590,90.0,,1.5,4,,visible_pixel_support,False,visible_candidate,line-uct-test-a11-000414,3.2663895327901287
uct-test-a11,1.3398890245353618,0.8274561220057592,0.001434130905212605,0.0035593056739756657,591,90.0,,1.5,4,,visible_pixel_support,False,visible_candidate,line-uct-test-a11-000415,3.242871414260577
uct-test-a11,1.3427572863457868,0.8274561220057592,0.001434130905212605,0.0035593056739756657,592,90.0,,1.5,4,,visible_pixel_support,False,visible_candidate,line-uct-test-a11-000416,3.2204264257487694
uct-test-a11,1.3456255481562118,0.8274561220057592,0.001434130905212605,0.0035593056739756657,593,90.0,,1.5,4,,visible_pixel_support,False,visible_candidate,line-uct-test-a11-000417,3.1990565906577615
uct-test-a11,1.3484938099666368,0.8274561220057592,0.001434130905212605,0.0035593056739756657,594,90.0,,1.5,4,,visible_pixel_support,False,visible_candidate,line-uct-test-a11-000418,3.1787639323906802
uct-test-a11,1.3513620717770618,0.8274561220057592,0.001434130905212605,0.0035593056739756657,595,90.0,,1.5,4,,visible_pixel_support,False,visible_candidate,line-uct-test-a11-000419,3.1595504743505956
uct-test-a11,1.3542303335874868,0.8274561220057592,0.001434130905212605,0.0035593056739756657,596,90.0,,1.5,4,,visible_pixel_support,False,visible_candidate,line-uct-test-a11-000420,3.1414182399406343
uct-test-a11,1.3570985953979118,0.8274561220057592,0.001434130905212605,0.0035593056739756657,597,90.0,,1.5,4,,visible_pixel_support,False,visible_candidate,line-uct-test-a11-000421,3.1243692525638522
uct-test-a11,1.3599668572083368,0.8274561220057592,0.001434130905212605,0.0035593056739756657,598,90.0,,1.5,4,,visible_pixel_support,False,visible_candidate,line-uct-test-a11-000422,3.108405535623376
uct-test-a11,1.3628351190187618,0.8250832515564421,0.001434130905212605,0.004745740898634221,599,91.0,,2.0,5,,visible_pixel_support,False,visible_candidate,line-uct-test-a11-000423,2.093529112522276
uct-test-a11,1.3657033808291867,0.8250832515564421,0.001434130905212605,0.0035593056739756657,600,91.0,,1.5,4,,visible_pixel_support,False,visible_candidate,line-uct-test-a11-000424,2.0797420066636505
uct-test-a11,1.3685716426396117,0.8250832515564421,0.001434130905212605,0.0035593056739756657,601,91.0,,1.5,4,,visible_pixel_support,False,visible_candidate,line-uct-test-a11-000425,2.067046241450612
uct-test-a11,1.3714399044500367,0.8274561220057592,0.001434130905212605,0.0035593056739756657,602,90.0,,1.5,4,,visible_pixel_support,False,visible_candidate,line-uct-test-a11-000426,3.0554438402862445
uct-test-a11,1.3743081662604617,0.8274561220057592,0.001434130905212605,0.0035593056739756657,603,90.0,,1.5,4,,visible_pixel_support,False,visible_candidate,line-uct-test-a11-000427,3.0449368265736183
uct-test-a11,1.3771764280708867,0.8274561220057592,0.001434130905212605,0.0035593056739756657,604,90.0,,1.5,4,,visible_pixel_support,False,visible_candidate,line-uct-test-a11-000428,3.0355272237158744
uct-test-a11,1.3800446898813117,0.8274561220057592,0.001434130905212605,0.0035593056739756657,605,90.0,,1.5,4,,visible_pixel_support,False,visible_candidate,line-uct-test-a11-000429,3.0272170551160684
uct-test-a11,1.3829129516917367,0.8274561220057592,0.001434130905212605,0.0035593056739756657,606,90.0,,1.5,4,,visible_pixel_support,False,visible_candidate,line-uct-test-a11-000430,3.020008344177313
uct-test-a11,1.3857812135021617,0.8274561220057592,0.001434130905212605,0.0035593056739756657,607,90.0,,1.5,4,,visible_pixel_support,False,visible_candidate,line-uct-test-a11-000431,3.0139031143026926
uct-test-a11,1.3886494753125866,0.8250832515564421,0.001434130905212605,0.004745740898634221,608,91.0,,2.0,5,,visible_pixel_support,False,visible_candidate,line-uct-test-a11-000432,2.0089033888953054
uct-test-a11,1.3915177371230116,0.8250832515564421,0.001434130905212605,0.0035593056739756657,609,91.0,,1.5,4,,visible_pixel_support,False,visible_candidate,line-uct-test-a11-000433,2.00501119135825
uct-test-a11,1.3943859989334366,0.8250832515564421,0.001434130905212605,0.0035593056739756657,610,91.0,,1.5,4,,visible_pixel_support,False,visible_candidate,line-uct-test-a11-000434,2.0022285450946242
uct-test-a11,1.3972542607438616,0.822710381107125,0.001434130905212605,0.0035593056739756657,611,92.0,,1.5,4,,visible_pixel_support,False,visible_candidate,line-uct-test-a11-000435,1.0005574735074987
uct-test-a11,1.4001225225542868,0.822710381107125,0.001434130905212605,0.0035593056739756657,612,92.0,,1.5,4,,visible_pixel_support,False,visible_candidate,line-uct-test-a11-000436,1.0
uct-test-a11,1.4029907843647118,0.822710381107125,0.001434130905212605,0.0035593056739756657,613,92.0,,1.5,4,,visible_pixel_support,False,visible_candidate,line-uct-test-a11-000437,1.0460002275830789
uct-test-a11,1.4058590461751368,0.822710381107125,0.001434130905212605,0.004745740898634221,614,92.0,,2.0,5,,visible_pixel_support,False,visible_candidate,line-uct-test-a11-000438,1.1816112881201661
uct-test-a11,1.4087273079855618,0.8203375106578079,0.001434130905212605,0.004745740898634221,615,93.0,,2.0,5,,visible_pixel_support,False,visible_candidate,line-uct-test-a11-000439,0.40324874829312307
uct-test-a11,1.4115955697959868,0.8179646402084908,0.001434130905212605,0.005932176123292776,616,94.0,,2.5,6,,visible_pixel_support,False,visible_candidate,line-uct-test-a11-000440,0.2926718252162033
uct-test-a11,1.4144638316064118,0.8179646402084908,0.001434130905212605,0.004745740898634221,617,94.0,,2.0,5,,visible_pixel_support,False,visible_candidate,line-uct-test-a11-000441,0.09026513427401994
uct-test-a11,1.4173320934168367,0.8155917697591737,0.001434130905212605,0.004745740898634221,618,95.0,,2.0,5,,visible_pixel_support,False,visible_candidate,line-uct-test-a11-000442,0.45152480655440286
uct-test-a11,1.4202003552272617,0.8155917697591737,0.001434130905212605,0.004745740898634221,619,95.0,,2.0,5,,visible_pixel_support,False,visible_candidate,line-uct-test-a11-000443,0.07837391898041801
uct-test-a11,1.4230686170376867,0.8155917697591737,0.001434130905212605,0.004745740898634221,620,95.0,,2.0,5,,visible_pixel_support,False,visible_candidate,line-uct-test-a11-000444,0.6763768775603154
uct-test-a11,1.4259368788481117,0.8155917697591737,0.001434130905212605,0.0035593056739757767,621,95.0,,1.5,4,,visible_pixel_support,False,visible_candidate,line-uct-test-a11-000445,1.3388996358670937
uct-test-a11,1.4288051406585367,0.8155917697591737,0.001434130905212605,0.0035593056739757767,622,95.0,,1.5,4,,visible_pixel_support,False,visible_candidate,line-uct-test-a11-000446,2.062357760582614
uct-test-a11,1.4316734024689617,0.8155917697591737,0.001434130905212605,0.0035593056739757767,623,95.0,,1.5,4,,visible_pixel_support,False,visible_candidate,line-uct-test-a11-000447,2.8431668183887098
uct-test-a11,1.4345416642793867,0.8155917697591737,0.001434130905212605,0.0035593056739757767,624,95.0,,1.5,4,,visible_pixel_support,False,visible_candidate,line-uct-test-a11-000448,3.6777423759672274
uct-test-a11,1.4374099260898117,0.8155917697591737,0.001434130905212605,0.0035593056739757767,625,95.0,,1.5,4,,visible_pixel_support,False,visible_candidate,line-uct-test-a11-000449,4.5625
uct-test-a11,1.4402781879002367,0.8132188993098567,0.001434130905212605,0.004745740898634221,626,96.0,,2.0,5,,visible_pixel_support,False,visible_candidate,line-uct-test-a11-000450,4.49385525716886
uct-test-a11,1.4431464497106616,0.8084731584112225,0.001434130905212605,0.005932176123292776,627,98.0,,2.5,6,,visible_pixel_support,False,visible_candidate,line-uct-test-a11-000451,3.4682237141556698
uct-test-a11,1.4460147115210866,0.8037274175125882,0.001434130905212605,0.007118611347951331,628,100.0,,3.0,7,,visible_pixel_support,False,visible_candidate,line-uct-test-a11-000452,2.4820209376422326
uct-test-a11,1.4488829733315116,0.8013545470632712,0.001434130905212605,0.008305046572609887,629,101.0,,3.5,8,,visible_pixel_support,False,visible_candidate,line-uct-test-a11-000453,2.5316624943104244
uct-test-a11,1.4517512351419366,0.796608806164637,0.001434130905212605,0.008305046572609887,630,103.0,,3.5,8,,visible_pixel_support,False,visible_candidate,line-uct-test-a11-000454,1.6135639508420638
uct-test-a11,1.4546194969523616,0.7942359357153199,0.001434130905212605,0.008305046572609776,631,104.0,,3.5,8,,visible_pixel_support,False,visible_candidate,line-uct-test-a11-000455,1.7241408739189694
uct-test-a11,1.4574877587627866,0.7918630652660028,0.001434130905212605,0.007118611347951331,632,105.0,,3.0,7,,visible_pixel_support,False,visible_candidate,line-uct-test-a11-000456,1.859808830223045
uct-test-a11,1.4603560205732116,0.7871173243673686,0.001434130905212605,0.007118611347951331,633,107.0,,3.0,7,,visible_pixel_support,False,visible_candidate,line-uct-test-a11-000457,1.0169833864360527
uct-test-a11,1.4632242823836366,0.7847444539180515,0.001434130905212605,0.005932176123292776,634,108.0,,2.5,6,,visible_pixel_support,False,visible_candidate,line-uct-test-a11-000458,1.1920801092398676
uct-test-a11,1.4660925441940615,0.7823715834687344,0.001434130905212605,0.005932176123292776,635,109.0,,2.5,6,,visible_pixel_support,False,visible_candidate,line-uct-test-a11-000459,1.381514565316337
uct-test-a11,1.4689608060044865,0.7799987130194173,0.001434130905212605,0.004745740898634221,636,110.0,,2.0,5,,visible_pixel_support,False,visible_candidate,line-uct-test-a11-000460,1.5817023213472936
uct-test-a11,1.4718290678149115,0.7776258425701001,0.001434130905212605,0.005932176123292887,637,111.0,,2.5,6,,visible_pixel_support,False,visible_candidate,line-uct-test-a11-000461,1.7890589440145561
uct-test-a11,1.4746973296253365,0.772880101671466,0.001434130905212605,0.00711861134795122,638,113.0,,3.0,7,,visible_pixel_support,False,visible_candidate,line-uct-test-a11-000462,1.0
uct-test-a11,1.4775655914357615,0.7705072312221489,0.001434130905212605,0.00711861134795122,639,114.0,,3.0,7,,visible_pixel_support,False,visible_candidate,line-uct-test-a11-000463,1.2109410559854439
uct-test-a11,1.4804338532461865,0.7657614903235148,0.001434130905212605,0.007118611347951331,640,116.0,,3.0,7,,visible_pixel_support,False,visible_candidate,line-uct-test-a11-000464,0.4182976786527206
uct-test-a11,1.4833021150566117,0.7633886198741977,0.001434130905212605,0.007118611347951331,641,117.0,,3.0,7,,visible_pixel_support,False,visible_candidate,line-uct-test-a11-000465,0.618485434683663
uct-test-a11,1.4861703768670367,0.7610157494248806,0.001434130905212605,0.0035593056739756657,642,118.0,,1.5,4,,visible_pixel_support,False,visible_candidate,line-uct-test-a11-000466,0.8079198907601324
uct-test-a11,1.4890386386774617,0.7610157494248806,0.001434130905212605,0.004745740898634221,643,118.0,,2.0,5,,visible_pixel_support,False,visible_candidate,line-uct-test-a11-000467,1.9830166135639473
uct-test-a11,1.4919069004878867,0.7586428789755635,0.001434130905212605,0.0035593056739756657,644,119.0,,1.5,4,,visible_pixel_support,False,visible_candidate,line-uct-test-a11-000468,2.140191169776969
uct-test-a11,1.4947751622983116,0.7562700085262464,0.001434130905212605,0.004745740898634221,645,120.0,,2.0,5,,visible_pixel_support,False,visible_candidate,line-uct-test-a11-000469,2.2758591260810306
uct-test-a11,1.4976434241087366,0.7538971380769293,0.001434130905212605,0.004745740898634221,646,121.0,,2.0,5,,visible_pixel_support,False,visible_candidate,line-uct-test-a11-000470,2.386436049157936
uct-test-a11,1.5005116859191616,0.7538971380769293,0.001434130905212605,0.004745740898634221,647,121.0,,2.0,5,,visible_pixel_support,False,visible_candidate,line-uct-test-a11-000471,3.4683375056895898
uct-test-a11,1.5033799477295866,0.7515242676276122,0.001434130905212605,0.004745740898634221,648,122.0,,2.0,5,,visible_pixel_support,False,visible_candidate,line-uct-test-a11-000472,3.5179790623577674
uct-test-a11,1.5062482095400116,0.749151397178295,0.001434130905212605,0.004745740898634221,649,123.0,,2.0,5,,visible_pixel_support,False,visible_candidate,line-uct-test-a11-000473,3.5317762858443302
uct-test-a11,1.5091164713504366,0.7467785267289779,0.001434130905212605,0.004745740898634221,650,124.0,,2.0,5,,visible_pixel_support,False,visible_candidate,line-uct-test-a11-000474,3.5061447428311396
uct-test-a11,1.5119847331608616,0.7444056562796608,0.001434130905212605,0.004745740898634221,651,125.0,,2.0,5,,visible_pixel_support,False,visible_candidate,line-uct-test-a11-000475,3.4375
uct-test-a11,1.5148529949712866,0.7396599153810267,0.001434130905212605,0.005932176123292776,652,127.0,,2.5,6,,visible_pixel_support,False,visible_candidate,line-uct-test-a11-000476,2.3222576240327726
uct-test-a11,1.5177212567817115,0.7372870449317096,0.001434130905212605,0.00711861134795122,653,128.0,,3.0,7,,visible_pixel_support,False,visible_candidate,line-uct-test-a11-000477,2.1568331816112902
uct-test-a11,1.5205895185921365,0.7325413040330755,0.001434130905212605,0.008305046572609998,654,130.0,,3.5,8,,visible_pixel_support,False,visible_candidate,line-uct-test-a11-000478,0.9376422394173858
uct-test-a11,1.5234577804025615,0.7301684335837584,0.001434130905212605,0.007118611347951331,655,131.0,,3.0,7,,visible_pixel_support,False,visible_candidate,line-uct-test-a11-000479,0.6611003641329205
uct-test-a11,1.5263260422129865,0.7277955631344413,0.001434130905212605,0.008305046572609887,656,132.0,,3.5,8,,visible_pixel_support,False,visible_candidate,line-uct-test-a11-000480,0.3236231224396988
uct-test-a11,1.5291943040234115,0.7254226926851242,0.001434130905212605,0.007118611347951331,657,133.0,,3.0,7,,visible_pixel_support,False,visible_candidate,line-uct-test-a11-000481,0.07837391898041801
uct-test-a11,1.5320625658338365,0.723049822235807,0.001434130905212605,0.004745740898634221,658,134.0,,2.0,5,,visible_pixel_support,False,visible_candidate,line-uct-test-a11-000482,0.5484751934456256
uct-test-a11,1.5349308276442615,0.723049822235807,0.001434130905212605,0.004745740898634221,659,134.0,,2.0,5,,visible_pixel_support,False,visible_candidate,line-uct-test-a11-000483,0.09026513427403415
uct-test-a11,1.5377990894546865,0.723049822235807,0.001434130905212605,0.004745740898634221,660,134.0,,2.0,5,,visible_pixel_support,False,visible_candidate,line-uct-test-a11-000484,0.2926718252162175
uct-test-a11,1.5406673512651115,0.723049822235807,0.001434130905212605,0.0035593056739756657,661,134.0,,1.5,4,,visible_pixel_support,False,visible_candidate,line-uct-test-a11-000485,0.5967512517068485
uct-test-a11,1.5435356130755364,0.7254226926851242,0.001434130905212605,0.0035593056739756657,662,133.0,,1.5,4,,visible_pixel_support,False,visible_candidate,line-uct-test-a11-000486,1.8183887118798623
uct-test-a11,1.5464038748859614,0.7254226926851242,0.001434130905212605,0.004745740898634221,663,133.0,,2.0,5,,visible_pixel_support,False,visible_candidate,line-uct-test-a11-000487,1.9539997724169496
uct-test-a11,1.5492721366963864,0.7277955631344413,0.001434130905212605,0.004745740898634221,664,132.0,,2.0,5,,visible_pixel_support,False,visible_candidate,line-uct-test-a11-000488,3.0
uct-test-a11,1.5521403985068114,0.7277955631344413,0.001434130905212605,0.005932176123292776,665,132.0,,2.5,6,,visible_pixel_support,False,visible_candidate,line-uct-test-a11-000489,2.946688000000023
uct-test-a11,1.5550086603172364,0.7325413040330755,0.001434130905212605,0.005932176123292887,666,130.0,,2.5,6,,visible_pixel_support,False,visible_candidate,line-uct-test-a11-000490,4.7911040000000185
uct-test-a11,1.5578769221276614,0.7349141744823925,0.001434130905212605,0.005932176123292776,667,129.0,,2.5,6,,visible_pixel_support,False,visible_candidate,line-uct-test-a11-000491,5.539776000000018
uct-test-a11,1.5607451839380864,0.7372870449317096,0.001434130905212605,0.00474574089863411,668,128.0,,2.0,5,,visible_pixel_support,False,visible_candidate,line-uct-test-a11-000492,6.199231999999995
uct-test-a11,1.5636134457485116,0.7396599153810267,0.001434130905212605,0.0035593056739756657,669,127.0,,1.5,4,,visible_pixel_support,False,visible_candidate,line-uct-test-a11-000493,6.7760000000000105
uct-test-a11,1.5664817075589366,0.7420327858303437,0.001434130905212605,0.0023728704493171104,670,126.0,,1.0,3,,visible_pixel_support,False,visible_candidate,line-uct-test-a11-000494,7.27660800000001
uct-test-a11,1.5693499693693616,0.749151397178295,0.001434130905212605,0.0011864352246586662,671,123.0,,0.5,1,,visible_pixel_support,False,visible_candidate,line-uct-test-a11-000495,9.707583999999997
uct-test-a22,0.0405664244128387,0.19864545293672886,0.001434130905212494,0.0011864352246585552,138,355.0,,0.5,1,,visible_pixel_support,True,visible_candidate,line-uct-test-a22-000001,1.0
uct-test-a22,0.04343468622326374,0.19627258248741175,0.0014341309052125495,0.0011864352246585552,139,356.0,,0.5,2,,visible_pixel_support,False,visible_candidate,line-uct-test-a22-000002,0.6071428571428896
uct-test-a22,0.04630294803368873,0.19627258248741175,0.001434130905212494,0.007118611347951331,140,356.0,,3.0,3,,visible_pixel_support,False,visible_candidate,line-uct-test-a22-000003,1.2142857142857224
uct-test-a22,0.04917120984411372,0.19864545293672886,0.001434130905212494,0.005932176123292776,141,355.0,,2.5,2,,visible_pixel_support,False,visible_candidate,line-uct-test-a22-000004,2.821428571428555
uct-test-a22,0.052039471654538705,0.19864545293672886,0.001434130905212494,0.0011864352246585552,142,355.0,,0.5,1,,visible_pixel_support,False,visible_candidate,line-uct-test-a22-000005,3.428571428571445
uct-test-a22,0.05490773346496369,0.19864545293672886,0.001434130905212494,0.0011864352246585552,143,355.0,,0.5,2,,visible_pixel_support,False,visible_candidate,line-uct-test-a22-000006,4.035714285714278
uct-test-a22,0.05777599527538868,0.20101832338604597,0.001434130905212494,0.0011864352246585552,144,354.0,,0.5,1,,visible_pixel_support,False,visible_candidate,line-uct-test-a22-000007,5.642857142857167
uct-test-a22,0.06064425708581367,0.20339119383536308,0.001434130905212494,0.0011864352246585552,145,353.0,,0.5,1,,visible_pixel_support,False,visible_candidate,line-uct-test-a22-000008,7.25
uct-test-a22,0.06351251889623871,0.2057640642846802,0.0014341309052125495,0.0011864352246585552,146,352.0,,0.5,2,,visible_pixel_support,False,visible_candidate,line-uct-test-a22-000009,8.857142857142776
uct-test-a22,0.0663807807066637,0.2057640642846802,0.001434130905212494,0.0011864352246585552,147,352.0,,0.5,1,,visible_pixel_support,False,visible_candidate,line-uct-test-a22-000010,9.464285714285722
uct-test-a22,0.07211730432751368,0.1796624893421921,0.001434130905212494,0.0011864352246585552,149,363.0,,0.5,2,,visible_pixel_support,True,visible_candidate,line-uct-test-a22-000011,0.3214285714285552
uct-test-a22,0.07498556613793866,0.17491674844355787,0.001434130905212494,0.005932176123292776,150,365.0,,2.5,4,,visible_pixel_support,False,visible_candidate,line-uct-test-a22-000012,1.7142857142857224
uct-test-a22,0.07785382794836365,0.17491674844355787,0.001434130905212494,0.004745740898634221,151,365.0,,2.0,5,,visible_pixel_support,False,visible_candidate,line-uct-test-a22-000013,1.1071428571428328
uct-test-a22,0.08072208975878864,0.17017100754492376,0.001434130905212494,0.010677917021926997,152,367.0,,4.5,5,,visible_pixel_support,False,visible_candidate,line-uct-test-a22-000014,2.5
uct-test-a22,0.08359035156921368,0.1796624893421921,0.0014341309052125495,0.008305046572609887,153,363.0,,3.5,3,,visible_pixel_support,False,visible_candidate,line-uct-test-a22-000015,2.107142857142833
uct-test-a22,0.08645861337963867,0.1796624893421921,0.001434130905212494,0.010677917021926997,154,363.0,,4.5,4,,visible_pixel_support,False,visible_candidate,line-uct-test-a22-000016,2.7142857142857224
uct-test-a22,0.08932687519006366,0.17491674844355787,0.001434130905212494,0.0023728704493171104,155,365.0,,1.0,2,,visible_pixel_support,False,visible_candidate,line-uct-test-a22-000017,1.321428571428612
uct-test-a22,0.09219513700048865,0.17254387799424087,0.001434130905212494,0.0035593056739756657,156,366.0,,1.5,3,,visible_pixel_support,False,visible_candidate,line-uct-test-a22-000018,0.9285714285714448
uct-test-a22,0.09506339881091364,0.16542526664628954,0.001434130905212494,0.004745740898634221,157,369.0,,2.0,2,,visible_pixel_support,False,visible_candidate,line-uct-test-a22-000019,1.4642857142857224
uct-test-a22,0.09793166062133862,0.1559337848490212,0.001434130905212494,0.0011864352246585552,158,373.0,,0.5,2,,visible_pixel_support,False,visible_candidate,line-uct-test-a22-000020,4.857142857142833
uct-test-a22,0.10079992243176361,0.17491674844355787,0.001434130905212494,0.014237222695902663,159,365.0,,6.0,6,,visible_pixel_support,False,visible_candidate,line-uct-test-a22-000021,3.75
uct-test-a22,0.1036681842421886,0.1559337848490212,0.0014341309052125495,0.013050787471244107,160,373.0,,5.5,3,,visible_pixel_support,False,visible_candidate,line-uct-test-a22-000022,3.642857142857167
uct-test-a22,0.10653644605261364,0.16305239619697243,0.001434130905212494,0.0011864352246585552,161,370.0,,0.5,1,,visible_pixel_support,False,visible_candidate,line-uct-test-a22-000023,0.03571428571433444
uct-test-a22,0.10940470786303863,0.16067952574765532,0.001434130905212494,0.011864352246585552,162,371.0,,5.0,3,,visible_pixel_support,False,visible_candidate,line-uct-test-a22-000024,0.42857142857150166
uct-test-a22,0.11227296967346362,0.16542526664628954,0.001434130905212494,0.004745740898634221,163,369.0,,2.0,2,,visible_pixel_support,False,visible_candidate,line-uct-test-a22-000025,2.178571428571445
uct-test-a22,0.1151412314838886,0.17254387799424087,0.001434130905212494,0.0023728704493171104,164,366.0,,1.0,2,,visible_pixel_support,False,visible_candidate,line-uct-test-a22-000026,5.785714285714278
uct-test-a22,0.1266142787255886,0.17491674844355787,0.001434130905212494,0.0011864352246585552,168,365.0,,0.5,1,,visible_pixel_support,True,visible_candidate,line-uct-test-a22-000027,9.263603327859187
uct-test-a22,0.1294825405360136,0.17491674844355787,0.001434130905212494,0.0011864352246585552,169,365.0,,0.5,1,,visible_pixel_support,False,visible_candidate,line-uct-test-a22-000028,9.928125331563479
uct-test-a22,0.17250646769238853,0.14644230305175276,0.001434130905212494,0.0011864352246585552,184,377.0,,0.5,1,,visible_pixel_support,True,visible_candidate,line-uct-test-a22-000029,8.465004774513716
uct-test-a22,0.17537472950281352,0.14406943260243565,0.001434130905212494,0.0011864352246585552,185,378.0,,0.5,1,,visible_pixel_support,False,visible_candidate,line-uct-test-a22-000030,8.076415502062048
uct-test-a22,0.1782429913132385,0.14169656215311854,0.001434130905212494,0.0011864352246585552,186,379.0,,0.5,1,,visible_pixel_support,False,visible_candidate,line-uct-test-a22-000031,7.66032217588662
uct-test-a22,0.1811112531236635,0.13932369170380143,0.001434130905212494,0.0011864352246585552,187,380.0,,0.5,1,,visible_pixel_support,False,visible_candidate,line-uct-test-a22-000032,7.2138795490506595
uct-test-a22,0.18397951493408848,0.13457795080516732,0.001434130905212494,0.0023728704493171104,188,382.0,,1.0,3,,visible_pixel_support,False,visible_candidate,line-uct-test-a22-000033,5.734242374617111
uct-test-a22,0.18684777674451347,0.13457795080516732,0.001434130905212494,0.0035593056739756657,189,382.0,,1.5,4,,visible_pixel_support,False,visible_candidate,line-uct-test-a22-000034,6.218565405649144
uct-test-a22,0.18971603855493846,0.12508646900789888,0.001434130905212494,0.009491481797268442,190,386.0,,4.0,7,,visible_pixel_support,False,visible_candidate,line-uct-test-a22-000035,2.664003395209761
uct-test-a22,0.19258430036536345,0.11796785765994766,0.001434130905212494,0.011864352246585552,191,389.0,,5.0,5,,visible_pixel_support,False,visible_candidate,line-uct-test-a22-000036,0.06771109636213168
uct-test-a22,0.19545256217578855,0.11559498721063055,0.001434130905212605,0.008305046572609887,192,390.0,,3.5,4,,visible_pixel_support,False,visible_candidate,line-uct-test-a22-000037,0.5731567378307432
uct-test-a22,0.19832082398621353,0.11322211676131344,0.001434130905212494,0.011864352246585441,193,391.0,,5.0,5,,visible_pixel_support,False,visible_candidate,line-uct-test-a22-000038,1.261445354305863
uct-test-a22,0.20118908579663852,0.10847637586267922,0.001434130905212494,0.015423657920561107,194,393.0,,6.5,4,,visible_pixel_support,False,visible_candidate,line-uct-test-a22-000039,3.0
uct-test-a22,0.2040573476070635,0.10847637586267922,0.001434130905212494,0.014237222695902552,195,393.0,,6.0,2,,visible_pixel_support,False,visible_candidate,line-uct-test-a22-000040,2.7659347870982174
uct-test-a22,0.2069256094174885,0.13695082125448443,0.001434130905212494,0.0011864352246585552,196,381.0,,0.5,1,,visible_pixel_support,False,visible_candidate,line-uct-test-a22-000041,9.465482904622547
uct-test-a22,0.21266213303833847,0.10847637586267922,0.001434130905212494,0.0011864352246585552,198,393.0,,0.5,1,,visible_pixel_support,True,visible_candidate,line-uct-test-a22-000042,2.079924868779642
uct-test-a22,0.21553039484876346,0.11084924631199633,0.001434130905212494,0.010677917021926886,199,392.0,,4.5,4,,visible_pixel_support,False,visible_candidate,line-uct-test-a22-000043,0.8569006305527296
uct-test-a22,0.21839865665918845,0.11322211676131344,0.001434130905212494,0.010677917021926886,200,391.0,,4.5,6,,visible_pixel_support,False,visible_candidate,line-uct-test-a22-000044,0.36317549319267073
uct-test-a22,0.22126691846961344,0.11559498721063055,0.001434130905212494,0.010677917021926997,201,390.0,,4.5,6,,visible_pixel_support,False,visible_candidate,line-uct-test-a22-000045,1.5802283541314637
uct-test-a22,0.22413518028003843,0.11559498721063055,0.001434130905212494,0.009491481797268442,202,390.0,,4.0,5,,visible_pixel_support,False,visible_candidate,line-uct-test-a22-000046,1.7941828039386678
uct-test-a22,0.22700344209046341,0.11559498721063055,0.001434130905212494,0.009491481797268442,203,390.0,,4.0,7,,visible_pixel_support,False,visible_candidate,line-uct-test-a22-000047,2.0049636942889606
uct-test-a22,0.2298717039008884,0.11559498721063055,0.001434130905212494,0.009491481797268442,204,390.0,,4.0,6,,visible_pixel_support,False,visible_candidate,line-uct-test-a22-000048,2.2124958768574174
uct-test-a22,0.2327399657113134,0.11322211676131344,0.001434130905212494,0.004745740898634221,205,391.0,,2.0,4,,visible_pixel_support,False,visible_candidate,line-uct-test-a22-000049,1.4167042033188295
uct-test-a22,0.23560822752173838,0.11084924631199633,0.001434130905212605,0.010677917021926886,206,392.0,,4.5,3,,visible_pixel_support,False,visible_candidate,line-uct-test-a22-000050,0.6175135253481585
uct-test-a22,0.23847648933216348,0.11084924631199633,0.001434130905212494,0.011864352246585441,207,392.0,,5.0,5,,visible_pixel_support,False,visible_candidate,line-uct-test-a22-000051,0.8148486946202524
uct-test-a22,0.24134475114258847,0.10847637586267922,0.001434130905212494,0.011864352246585552,208,393.0,,5.0,6,,visible_pixel_support,False,visible_candidate,line-uct-test-a22-000052,0.008634562810016178
uct-test-a22,0.24421301295301345,0.11084924631199633,0.001434130905212494,0.010677917021926886,209,392.0,,4.5,7,,visible_pixel_support,False,visible_candidate,line-uct-test-a22-000053,1.1987959815924114
uct-test-a22,0.24708127476343844,0.11322211676131344,0.001434130905212494,0.005932176123292776,210,391.0,,2.5,6,,visible_pixel_support,False,visible_candidate,line-uct-test-a22-000054,2.3852578026422293
uct-test-a22,0.24994953657386343,0.11322211676131344,0.001434130905212494,0.0035593056739756657,211,391.0,,1.5,4,,visible_pixel_support,False,visible_candidate,line-uct-test-a22-000055,2.5679448776345453
uct-test-a22,0.2528177983842884,0.11084924631199633,0.001434130905212494,0.0023728704493171104,212,392.0,,1.0,3,,visible_pixel_support,False,visible_candidate,line-uct-test-a22-000056,1.74678205824398
uct-test-a22,0.2556860601947134,0.10847637586267922,0.001434130905212494,0.007118611347951331,213,393.0,,3.0,5,,visible_pixel_support,False,visible_candidate,line-uct-test-a22-000057,0.9216941961456087
uct-test-a22,0.2585543220051384,0.11084924631199633,0.001434130905212494,0.010677917021926886,214,392.0,,4.5,5,,visible_pixel_support,False,visible_candidate,line-uct-test-a22-000058,2.0926061430143363
uct-test-a22,0.2614225838155634,0.10610350541336211,0.001434130905212494,0.010677917021926997,215,394.0,,4.5,4,,visible_pixel_support,False,visible_candidate,line-uct-test-a22-000059,0.259442750525011
uct-test-a22,0.26429084562598837,0.10610350541336211,0.001434130905212494,0.010677917021926997,216,394.0,,4.5,3,,visible_pixel_support,False,visible_candidate,line-uct-test-a22-000060,0.42212887035253743
uct-test-a22,0.26715910743641336,0.11559498721063055,0.001434130905212494,0.005932176123292776,217,390.0,,2.5,3,,visible_pixel_support,False,visible_candidate,line-uct-test-a22-000061,4.580589354171821
uct-test-a22,0.27002736924683834,0.103730634964045,0.001434130905212494,0.011864352246585552,218,395.0,,5.0,3,,visible_pixel_support,False,visible_candidate,line-uct-test-a22-000062,0.2652509463422348
uct-test-a22,0.27289563105726333,0.103730634964045,0.001434130905212494,0.014237222695902663,219,395.0,,6.0,7,,visible_pixel_support,False,visible_candidate,line-uct-test-a22-000063,0.11546717951478058
uct-test-a22,0.2757638928676883,0.10847637586267922,0.001434130905212605,0.013050787471243996,220,393.0,,5.5,8,,visible_pixel_support,False,visible_candidate,line-uct-test-a22-000064,2.029865506329088
uct-test-a22,0.2786321546781134,0.101357764514728,0.001434130905212494,0.014237222695902663,221,396.0,,6.0,9,,visible_pixel_support,False,visible_candidate,line-uct-test-a22-000065,0.8293280371356673
uct-test-a22,0.2815004164885384,0.09898489406541089,0.001434130905212494,0.016610093145219662,222,397.0,,7.0,5,,visible_pixel_support,False,visible_candidate,line-uct-test-a22-000066,1.6931229582341984
uct-test-a22,0.2843686782989634,0.09898489406541089,0.001434130905212494,0.016610093145219662,223,397.0,,7.0,4,,visible_pixel_support,False,visible_candidate,line-uct-test-a22-000067,1.5615944052916575
uct-test-a22,0.2872369401093884,0.09898489406541089,0.001434130905212494,0.018982963594536773,224,397.0,,8.0,4,,visible_pixel_support,False,visible_candidate,line-uct-test-a22-000068,1.434817526632969
uct-test-a22,0.29010520191981337,0.11084924631199633,0.001434130905212494,0.018982963594536773,225,392.0,,8.0,3,,visible_pixel_support,False,visible_candidate,line-uct-test-a22-000069,3.6871325294165445
uct-test-a22,0.29297346373023836,0.103730634964045,0.001434130905212494,0.017796528369878217,226,395.0,,7.5,6,,visible_pixel_support,False,visible_candidate,line-uct-test-a22-000070,0.8041806145319015
uct-test-a22,0.29584172554066335,0.101357764514728,0.001434130905212494,0.015423657920561218,227,396.0,,6.5,6,,visible_pixel_support,False,visible_candidate,line-uct-test-a22-000071,0.08374841961199309
uct-test-a22,0.29870998735108834,0.11559498721063055,0.001434130905212494,0.015423657920561107,228,390.0,,6.5,4,,visible_pixel_support,False,visible_candidate,line-uct-test-a22-000072,6.023270278659595
uct-test-a22,0.3015782491615133,0.09186628271745956,0.001434130905212494,0.014237222695902552,229,400.0,,6.0,4,,visible_pixel_support,False,visible_candidate,line-uct-test-a22-000073,3.874838438978202
uct-test-a22,0.3044465109719383,0.09423915316677667,0.001434130905212494,0.011864352246585441,230,399.0,,5.0,2,,visible_pixel_support,False,visible_candidate,line-uct-test-a22-000074,2.7781497208505925
uct-test-a22,0.3073147727823633,0.11084924631199633,0.001434130905212494,0.010677917021926886,231,392.0,,4.5,5,,visible_pixel_support,False,visible_candidate,line-uct-test-a22-000075,4.313261284717214
uct-test-a22,0.3101830345927883,0.101357764514728,0.001434130905212494,0.009491481797268442,232,396.0,,4.0,6,,visible_pixel_support,False,visible_candidate,line-uct-test-a22-000076,0.3993194294002933
uct-test-a22,0.3130512964032133,0.101357764514728,0.001434130905212494,0.009491481797268442,233,396.0,,4.0,6,,visible_pixel_support,False,visible_candidate,line-uct-test-a22-000077,0.47994956487343643
uct-test-a22,0.31591955821363826,0.101357764514728,0.001434130905212494,0.009491481797268442,234,396.0,,4.0,5,,visible_pixel_support,False,visible_candidate,line-uct-test-a22-000078,0.5550765428115483
uct-test-a22,0.31878782002406336,0.103730634964045,0.001434130905212605,0.009491481797268442,235,395.0,,4.0,4,,visible_pixel_support,False,visible_candidate,line-uct-test-a22-000079,1.6246252148895337
uct-test-a22,0.32165608183448835,0.103730634964045,0.001434130905212494,0.009491481797268442,236,395.0,,4.0,4,,visible_pixel_support,False,visible_candidate,line-uct-test-a22-000080,1.6885204327822976
uct-test-a22,0.32452434364491334,0.103730634964045,0.001434130905212494,0.009491481797268442,237,395.0,,4.0,4,,visible_pixel_support,False,visible_candidate,line-uct-test-a22-000081,1.7466870481648016
uct-test-a22,0.3273926054553383,0.09898489406541089,0.001434130905212494,0.008305046572609887,238,397.0,,3.5,3,,visible_pixel_support,False,visible_candidate,line-uct-test-a22-000082,0.2009500872881631
uct-test-a22,0.3302608672657633,0.101357764514728,0.001434130905212494,0.008305046572609887,239,396.0,,3.5,4,,visible_pixel_support,False,visible_candidate,line-uct-test-a22-000083,0.8455338780983084
uct-test-a22,0.3331291290761883,0.101357764514728,0.001434130905212494,0.008305046572609887,240,396.0,,3.5,4,,visible_pixel_support,False,visible_candidate,line-uct-test-a22-000084,0.8860637959991209
uct-test-a22,0.3359973908866133,0.09898489406541089,0.001434130905212494,0.008305046572609887,241,397.0,,3.5,3,,visible_pixel_support,False,visible_candidate,line-uct-test-a22-000085,0.07943548191076388
uct-test-a22,0.3388656526970383,0.103730634964045,0.001434130905212494,0.008305046572609887,242,395.0,,3.5,4,,visible_pixel_support,False,visible_candidate,line-uct-test-a22-000086,1.948960896043502
uct-test-a22,0.34173391450746327,0.103730634964045,0.001434130905212494,0.005932176123292776,243,395.0,,2.5,3,,visible_pixel_support,False,visible_candidate,line-uct-test-a22-000087,1.9711777815368237
uct-test-a22,0.34460217631788825,0.103730634964045,0.001434130905212494,0.007118611347951331,244,395.0,,3.0,3,,visible_pixel_support,False,visible_candidate,line-uct-test-a22-000088,1.9871400262440488
uct-test-a22,0.34747043812831324,0.103730634964045,0.001434130905212494,0.013050787471244107,245,395.0,,5.5,4,,visible_pixel_support,False,visible_candidate,line-uct-test-a22-000089,1.9967724818401962
uct-test-a22,0.35033869993873823,0.103730634964045,0.001434130905212494,0.013050787471244107,246,395.0,,5.5,5,,visible_pixel_support,False,visible_candidate,line-uct-test-a22-000090,2.0
uct-test-a22,0.3532069617491632,0.103730634964045,0.001434130905212494,0.013050787471244107,247,395.0,,5.5,4,,visible_pixel_support,False,visible_candidate,line-uct-test-a22-000091,1.995489090399758
uct-test-a22,0.3560752235595882,0.09661202361609378,0.001434130905212494,0.014237222695902552,248,398.0,,6.0,5,,visible_pixel_support,False,visible_candidate,line-uct-test-a22-000092,1.0179595986843992
uct-test-a22,0.3589434853700133,0.09423915316677667,0.001434130905212605,0.016610093145219662,249,399.0,,7.0,7,,visible_pixel_support,False,visible_candidate,line-uct-test-a22-000093,2.0402200076777603
uct-test-a22,0.3618117471804383,0.103730634964045,0.001434130905212494,0.017796528369878217,250,395.0,,7.5,6,,visible_pixel_support,False,visible_candidate,line-uct-test-a22-000094,1.928833922994727
uct-test-a22,0.3646800089908633,0.09186628271745956,0.001434130905212494,0.013050787471243996,251,400.0,,5.5,5,,visible_pixel_support,False,visible_candidate,line-uct-test-a22-000095,3.11067174709234
uct-test-a22,0.36754827080128827,0.11084924631199633,0.001434130905212494,0.014237222695902552,252,392.0,,6.0,3,,visible_pixel_support,False,visible_candidate,line-uct-test-a22-000096,4.841389041635978
uct-test-a22,0.37041653261171326,0.101357764514728,0.001434130905212494,0.020169398819195328,253,396.0,,8.5,7,,visible_pixel_support,False,visible_candidate,line-uct-test-a22-000097,0.7851423487545048
uct-test-a22,0.37328479442213824,0.101357764514728,0.001434130905212494,0.020169398819195328,254,396.0,,8.5,10,,visible_pixel_support,False,visible_candidate,line-uct-test-a22-000098,0.7207142338378958
uct-test-a22,0.37615305623256323,0.103730634964045,0.001434130905212494,0.020169398819195328,255,395.0,,8.5,9,,visible_pixel_support,False,visible_candidate,line-uct-test-a22-000099,1.6482307564612597
uct-test-a22,0.3790213180429882,0.103730634964045,0.001434130905212494,0.020169398819195328,256,395.0,,8.5,7,,visible_pixel_support,False,visible_candidate,line-uct-test-a22-000100,1.5678179761991942
uct-test-a22,0.3818895798534132,0.10610350541336211,0.001434130905212494,0.018982963594536773,257,394.0,,8.0,6,,visible_pixel_support,False,visible_candidate,line-uct-test-a22-000101,2.479601952626524
uct-test-a22,0.3847578416638382,0.103730634964045,0.001434130905212494,0.018982963594536773,258,395.0,,8.0,6,,visible_pixel_support,False,visible_candidate,line-uct-test-a22-000102,1.383708745318188
uct-test-a22,0.3876261034742632,0.10610350541336211,0.001434130905212494,0.014237222695902663,259,394.0,,6.0,6,,visible_pixel_support,False,visible_candidate,line-uct-test-a22-000103,2.2802644138488404
uct-test-a22,0.39049436528468817,0.103730634964045,0.001434130905212494,0.013050787471244107,260,395.0,,5.5,5,,visible_pixel_support,False,visible_candidate,line-uct-test-a22-000104,1.1693950177935903
uct-test-a22,0.39336262709511316,0.09661202361609378,0.001434130905212494,0.010677917021926997,261,398.0,,4.5,5,,visible_pixel_support,False,visible_candidate,line-uct-test-a22-000105,1.9487733832730214
uct-test-a22,0.39623088890553815,0.103730634964045,0.001434130905212494,0.014237222695902663,262,395.0,,6.0,4,,visible_pixel_support,False,visible_candidate,line-uct-test-a22-000106,0.9258852702240006
uct-test-a22,0.39909915071596314,0.09898489406541089,0.001434130905212605,0.0035593056739756657,263,397.0,,1.5,3,,visible_pixel_support,False,visible_candidate,line-uct-test-a22-000107,1.2065029621406325
uct-test-a22,0.40196741252638823,0.101357764514728,0.001434130905212494,0.010677917021926997,264,396.0,,4.5,5,,visible_pixel_support,False,visible_candidate,line-uct-test-a22-000108,0.34581202079203877
uct-test-a22,0.4048356743368132,0.103730634964045,0.001434130905212494,0.009491481797268442,265,395.0,,4.0,4,,visible_pixel_support,False,visible_candidate,line-uct-test-a22-000109,0.5080841538445497
uct-test-a22,0.4077039361472382,0.103730634964045,0.001434130905212494,0.010677917021926997,266,395.0,,4.5,3,,visible_pixel_support,False,visible_candidate,line-uct-test-a22-000110,0.35531162134401484
uct-test-a22,0.4105721979576632,0.103730634964045,0.001434130905212494,0.008305046572609887,267,395.0,,3.5,3,,visible_pixel_support,False,visible_candidate,line-uct-test-a22-000111,0.1959964412811246
uct-test-a22,0.4134404597680882,0.103730634964045,0.001434130905212494,0.008305046572609887,268,395.0,,3.5,3,,visible_pixel_support,False,visible_candidate,line-uct-test-a22-000112,0.030264673230817607
uct-test-a22,0.4163087215785132,0.103730634964045,0.001434130905212494,0.010677917021926997,269,395.0,,4.5,3,,visible_pixel_support,False,visible_candidate,line-uct-test-a22-000113,0.14175762323230856
uct-test-a22,0.41917698338893816,0.101357764514728,0.001434130905212494,0.009491481797268442,270,396.0,,4.0,5,,visible_pixel_support,False,visible_candidate,line-uct-test-a22-000114,1.3199443885332585
uct-test-a22,0.42204524519936315,0.103730634964045,0.001434130905212494,0.014237222695902663,271,395.0,,6.0,6,,visible_pixel_support,False,visible_candidate,line-uct-test-a22-000115,0.504169563097264
uct-test-a22,0.42491350700978814,0.11322211676131344,0.001434130905212494,0.014237222695902552,272,391.0,,6.0,4,,visible_pixel_support,False,visible_candidate,line-uct-test-a22-000116,3.3056929126505565
uct-test-a22,0.4277817688202131,0.101357764514728,0.001434130905212494,0.014237222695902663,273,396.0,,6.0,6,,visible_pixel_support,False,visible_candidate,line-uct-test-a22-000117,1.8902309017150287
uct-test-a22,0.4306500306306381,0.10610350541336211,0.001434130905212494,0.014237222695902663,274,394.0,,6.0,4,,visible_pixel_support,False,visible_candidate,line-uct-test-a22-000118,0.09181494661919487
uct-test-a22,0.4335182924410631,0.10610350541336211,0.001434130905212494,0.010677917021926997,275,394.0,,4.5,3,,visible_pixel_support,False,visible_candidate,line-uct-test-a22-000119,0.29893316248717383
uct-test-a22,0.4363865542514881,0.12508646900789888,0.001434130905212494,0.0011864352246585552,276,386.0,,0.5,2,,visible_pixel_support,False,visible_candidate,line-uct-test-a22-000120,7.488540510255973
uct-test-a22,0.4392548160619131,0.10847637586267922,0.001434130905212605,0.014237222695902552,277,393.0,,6.0,3,,visible_pixel_support,False,visible_candidate,line-uct-test-a22-000121,0.27073213118495687
uct-test-a22,0.4421230778723382,0.09898489406541089,0.001434130905212494,0.009491481797268442,278,397.0,,4.0,2,,visible_pixel_support,False,visible_candidate,line-uct-test-a22-000122,3.9522322401252836
uct-test-a22,0.44499133968276317,0.103730634964045,0.001434130905212494,0.011864352246585552,279,395.0,,5.0,3,,visible_pixel_support,False,visible_candidate,line-uct-test-a22-000123,2.180226544100151
uct-test-a22,0.44785960149318815,0.103730634964045,0.001434130905212494,0.013050787471244107,280,395.0,,5.5,3,,visible_pixel_support,False,visible_candidate,line-uct-test-a22-000124,2.413124721164536
uct-test-a22,0.45072786330361314,0.103730634964045,0.001434130905212494,0.017796528369878217,281,395.0,,7.5,4,,visible_pixel_support,False,visible_candidate,line-uct-test-a22-000125,2.650800711743784
uct-test-a22,0.45359612511403813,0.10610350541336211,0.001434130905212494,0.017796528369878217,282,394.0,,7.5,6,,visible_pixel_support,False,visible_candidate,line-uct-test-a22-000126,1.893128456263014
uct-test-a22,0.4564643869244631,0.10610350541336211,0.001434130905212494,0.017796528369878217,283,394.0,,7.5,6,,visible_pixel_support,False,visible_candidate,line-uct-test-a22-000127,2.139981895147514
uct-test-a22,0.4593326487348881,0.11559498721063055,0.001434130905212494,0.015423657920561107,284,390.0,,6.5,4,,visible_pixel_support,False,visible_candidate,line-uct-test-a22-000128,1.608765031177711
uct-test-a22,0.4622009105453131,0.11322211676131344,0.001434130905212494,0.014237222695902552,285,391.0,,6.0,6,,visible_pixel_support,False,visible_candidate,line-uct-test-a22-000129,0.35323838228731574
uct-test-a22,0.4650691723557381,0.11322211676131344,0.001434130905212494,0.011864352246585441,286,391.0,,5.0,5,,visible_pixel_support,False,visible_candidate,line-uct-test-a22-000130,0.09356421775623858
uct-test-a22,0.46793743416616307,0.101357764514728,0.001434130905212494,0.0023728704493171104,287,396.0,,1.0,3,,visible_pixel_support,False,visible_candidate,line-uct-test-a22-000131,5.170131402840752
uct-test-a22,0.47080569597658806,0.12271359855858177,0.001434130905212494,0.013050787471244107,288,387.0,,5.5,3,,visible_pixel_support,False,visible_candidate,line-uct-test-a22-000132,3.562277580071168
uct-test-a22,0.47367395778701304,0.12271359855858177,0.001434130905212494,0.013050787471244107,289,387.0,,5.5,5,,visible_pixel_support,False,visible_candidate,line-uct-test-a22-000133,3.2909172260668242
uct-test-a22,0.47654221959743803,0.11084924631199633,0.001434130905212494,0.009491481797268442,290,392.0,,4.0,5,,visible_pixel_support,False,visible_candidate,line-uct-test-a22-000134,1.9840864052789584
uct-test-a22,0.479410481407863,0.127459339457216,0.001434130905212494,0.0023728704493171104,291,385.0,,1.0,3,,visible_pixel_support,False,visible_candidate,line-uct-test-a22-000135,4.737392745608702
uct-test-a22,0.4822787432182881,0.12034072810926477,0.001434130905212605,0.005932176123292776,292,388.0,,2.5,5,,visible_pixel_support,False,visible_candidate,line-uct-test-a22-000136,1.455480738304459
uct-test-a22,0.4851470050287131,0.12271359855858177,0.001434130905212494,0.0035593056739756657,293,387.0,,1.5,2,,visible_pixel_support,False,visible_candidate,line-uct-test-a22-000137,2.170303632383309
uct-test-a22,0.4880152668391381,0.12508646900789888,0.001434130905212494,0.004745740898634221,294,386.0,,2.0,3,,visible_pixel_support,False,visible_candidate,line-uct-test-a22-000138,2.8819874874200195
uct-test-a22,0.4908835286495631,0.12271359855858177,0.001434130905212494,0.005932176123292776,295,387.0,,2.5,3,,visible_pixel_support,False,visible_candidate,line-uct-test-a22-000139,1.590658362989359
uct-test-a22,0.49375179045998807,0.12271359855858177,0.001434130905212494,0.007118611347951331,296,387.0,,3.0,3,,visible_pixel_support,False,visible_candidate,line-uct-test-a22-000140,1.296442318666152
uct-test-a22,0.49662005227041306,0.12508646900789888,0.001434130905212494,0.007118611347951331,297,386.0,,3.0,2,,visible_pixel_support,False,visible_candidate,line-uct-test-a22-000141,1.9994654140253374
uct-test-a22,0.49948831408083805,0.11559498721063055,0.001434130905212494,0.013050787471243996,298,390.0,,5.5,5,,visible_pixel_support,False,visible_candidate,line-uct-test-a22-000142,2.3001462913584305
uct-test-a22,0.502356575891263,0.11796785765994766,0.001434130905212494,0.014237222695902663,299,389.0,,6.0,6,,visible_pixel_support,False,visible_candidate,line-uct-test-a22-000143,1.6022667379101563
uct-test-a22,0.505224837701688,0.11796785765994766,0.001434130905212494,0.014237222695902663,300,389.0,,6.0,5,,visible_pixel_support,False,visible_candidate,line-uct-test-a22-000144,1.9067698660552423
uct-test-a22,0.508093099512113,0.1322050803558502,0.001434130905212494,0.014237222695902552,301,383.0,,6.0,5,,visible_pixel_support,False,visible_candidate,line-uct-test-a22-000145,3.7864703837814204
uct-test-a22,0.510961361322538,0.13932369170380143,0.001434130905212494,0.0023728704493171104,302,380.0,,1.0,2,,visible_pixel_support,False,visible_candidate,line-uct-test-a22-000146,6.477580071174373
uct-test-a22,0.513829623132963,0.1322050803558502,0.001434130905212494,0.005932176123292776,303,383.0,,2.5,4,,visible_pixel_support,False,visible_candidate,line-uct-test-a22-000147,3.16668525569861
uct-test-a22,0.516697884943388,0.11796785765994766,0.001434130905212494,0.015423657920561107,304,389.0,,6.5,4,,visible_pixel_support,False,visible_candidate,line-uct-test-a22-000148,3.1460880030710996
uct-test-a22,0.519566146753813,0.12034072810926477,0.001434130905212494,0.014237222695902663,305,388.0,,6.0,4,,visible_pixel_support,False,visible_candidate,line-uct-test-a22-000149,2.4606136455599312
uct-test-a22,0.5224344085642381,0.1322050803558502,0.001434130905212605,0.008305046572609887,306,383.0,,3.5,2,,visible_pixel_support,False,visible_candidate,line-uct-test-a22-000150,2.223234387806997
uct-test-a22,0.525302670374663,0.1322050803558502,0.001434130905212494,0.008305046572609887,307,383.0,,3.5,2,,visible_pixel_support,False,visible_candidate,line-uct-test-a22-000151,1.9055821566043392
uct-test-a22,0.528170932185088,0.1322050803558502,0.001434130905212494,0.008305046572609887,308,383.0,,3.5,4,,visible_pixel_support,False,visible_candidate,line-uct-test-a22-000152,1.5865557204071479
uct-test-a22,0.531039193995513,0.1322050803558502,0.001434130905212494,0.014237222695902552,309,383.0,,6.0,4,,visible_pixel_support,False,visible_candidate,line-uct-test-a22-000153,1.2662811387900206
uct-test-a22,0.533907455805938,0.13457795080516732,0.001434130905212494,0.007118611347951331,310,382.0,,3.0,3,,visible_pixel_support,False,visible_candidate,line-uct-test-a22-000154,1.9448844713278959
uct-test-a22,0.536775717616363,0.13932369170380143,0.001434130905212494,0.0035593056739756657,311,380.0,,1.5,3,,visible_pixel_support,False,visible_candidate,line-uct-test-a22-000155,3.6224917775956555
uct-test-a22,0.539643979426788,0.13932369170380143,0.001434130905212494,0.008305046572609887,312,380.0,,3.5,4,,visible_pixel_support,False,visible_candidate,line-uct-test-a22-000156,3.299229117167954
uct-test-a22,0.542512241237213,0.1298322099065331,0.001434130905212494,0.00949148179726833,313,384.0,,4.0,5,,visible_pixel_support,False,visible_candidate,line-uct-test-a22-000157,1.0247774503802702
uct-test-a22,0.545380503047638,0.14169656215311854,0.001434130905212494,0.0035593056739756657,314,379.0,,1.5,4,,visible_pixel_support,False,visible_candidate,line-uct-test-a22-000158,3.650598134525808
uct-test-a22,0.548248764858063,0.14169656215311854,0.001434130905212494,0.004745740898634221,315,379.0,,2.0,5,,visible_pixel_support,False,visible_candidate,line-uct-test-a22-000159,3.3254819314608994
uct-test-a22,0.5511170266684879,0.14169656215311854,0.001434130905212494,0.007118611347951331,316,379.0,,3.0,5,,visible_pixel_support,False,visible_candidate,line-uct-test-a22-000160,3.0
uct-test-a22,0.5539852884789129,0.14169656215311854,0.001434130905212494,0.008305046572609887,317,379.0,,3.5,5,,visible_pixel_support,False,visible_candidate,line-uct-test-a22-000161,2.6753366612060177
uct-test-a22,0.5568535502893379,0.127459339457216,0.001434130905212494,0.015423657920561107,318,385.0,,6.5,3,,visible_pixel_support,False,visible_candidate,line-uct-test-a22-000162,3.647920100051067
uct-test-a22,0.5597218120997629,0.127459339457216,0.001434130905212494,0.0011864352246585552,319,385.0,,0.5,1,,visible_pixel_support,False,visible_candidate,line-uct-test-a22-000163,3.9705387284860763
uct-test-a22,0.5625900739101879,0.1322050803558502,0.001434130905212605,0.0023728704493171104,320,383.0,,1.0,2,,visible_pixel_support,False,visible_candidate,line-uct-test-a22-000164,2.2932876688137185
uct-test-a22,0.565458335720613,0.1322050803558502,0.001434130905212494,0.0023728704493171104,321,383.0,,1.0,2,,visible_pixel_support,False,visible_candidate,line-uct-test-a22-000165,2.616935365748816
uct-test-a22,0.568326597531038,0.1322050803558502,0.001434130905212494,0.008305046572609887,322,383.0,,3.5,3,,visible_pixel_support,False,visible_candidate,line-uct-test-a22-000166,2.942250264006077
uct-test-a22,0.571194859341463,0.14169656215311854,0.001434130905212494,0.004745740898634221,323,379.0,,2.0,2,,visible_pixel_support,False,visible_candidate,line-uct-test-a22-000167,0.729999191699676
uct-test-a22,0.574063121151888,0.14169656215311854,0.001434130905212494,0.0011864352246585552,324,379.0,,0.5,2,,visible_pixel_support,False,visible_candidate,line-uct-test-a22-000168,0.3990445566536778
uct-test-a22,0.5769313829623129,0.13932369170380143,0.001434130905212494,0.0011864352246585552,325,380.0,,0.5,1,,visible_pixel_support,False,visible_candidate,line-uct-test-a22-000169,0.9358826138590643
uct-test-a22,0.5797996447727379,0.14169656215311854,0.001434130905212494,0.0011864352246585552,326,379.0,,0.5,2,,visible_pixel_support,False,visible_candidate,line-uct-test-a22-000170,0.2755507645530315
uct-test-a22,0.5826679065831629,0.14169656215311854,0.001434130905212494,0.008305046572609887,327,379.0,,3.5,5,,visible_pixel_support,False,visible_candidate,line-uct-test-a22-000171,0.6207283401431027
uct-test-a22,0.5855361683935879,0.14406943260243565,0.001434130905212494,0.008305046572609887,328,378.0,,3.5,5,,visible_pixel_support,False,visible_candidate,line-uct-test-a22-000172,0.027816214655899785
uct-test-a22,0.5884044302040129,0.14406943260243565,0.001434130905212494,0.007118611347951331,329,378.0,,3.0,4,,visible_pixel_support,False,visible_candidate,line-uct-test-a22-000173,0.33068554487073243
uct-test-a22,0.5912726920144379,0.14406943260243565,0.001434130905212494,0.008305046572609887,330,378.0,,3.5,3,,visible_pixel_support,False,visible_candidate,line-uct-test-a22-000174,0.6970020634378216
uct-test-a22,0.5970092156352879,0.13695082125448443,0.001434130905212494,0.0011864352246585552,332,381.0,,0.5,2,,visible_pixel_support,True,visible_candidate,line-uct-test-a22-000175,4.456153156552546
uct-test-a22,0.5998774774457128,0.14644230305175276,0.001434130905212494,0.008305046572609887,333,377.0,,3.5,4,,visible_pixel_support,False,visible_candidate,line-uct-test-a22-000176,0.8505246205297681
uct-test-a22,0.6027457392561378,0.1535609143997041,0.001434130905212605,0.009491481797268442,334,374.0,,4.0,2,,visible_pixel_support,False,visible_candidate,line-uct-test-a22-000177,1.7442153775934344
uct-test-a22,0.6056140010665629,0.1535609143997041,0.001434130905212494,0.007118611347951331,335,374.0,,3.0,2,,visible_pixel_support,False,visible_candidate,line-uct-test-a22-000178,1.3272983931022964
uct-test-a22,0.6084822628769879,0.1559337848490212,0.001434130905212494,0.018982963594536773,336,373.0,,8.0,4,,visible_pixel_support,False,visible_candidate,line-uct-test-a22-000179,1.8979559812820526
uct-test-a22,0.6113505246874129,0.14406943260243565,0.001434130905212494,0.017796528369878217,337,378.0,,7.5,6,,visible_pixel_support,False,visible_candidate,line-uct-test-a22-000180,3.544580302582176
uct-test-a22,0.6142187864978379,0.14644230305175276,0.001434130905212494,0.015423657920561107,338,377.0,,6.5,3,,visible_pixel_support,False,visible_candidate,line-uct-test-a22-000181,3.001078903205098
uct-test-a22,0.6170870483082629,0.14406943260243565,0.001434130905212494,0.013050787471243996,339,378.0,,5.5,2,,visible_pixel_support,False,visible_candidate,line-uct-test-a22-000182,4.4723082653014785
uct-test-a22,0.6199553101186879,0.15118804395038699,0.001434130905212494,0.010677917021926997,340,375.0,,4.5,4,,visible_pixel_support,False,visible_candidate,line-uct-test-a22-000183,1.959036833586083
uct-test-a22,0.6228235719291129,0.16305239619697243,0.001434130905212494,0.008305046572609887,341,370.0,,3.5,4,,visible_pixel_support,False,visible_candidate,line-uct-test-a22-000184,2.5379669472262094
uct-test-a22,0.6256918337395379,0.16305239619697243,0.001434130905212494,0.010677917021926997,342,370.0,,4.5,4,,visible_pixel_support,False,visible_candidate,line-uct-test-a22-000185,2.0179346324206904
uct-test-a22,0.6285600955499628,0.16067952574765532,0.001434130905212494,0.014237222695902552,343,371.0,,6.0,7,,visible_pixel_support,False,visible_candidate,line-uct-test-a22-000186,0.48009777728253766
uct-test-a22,0.6314283573603878,0.16067952574765532,0.001434130905212494,0.015423657920561107,344,371.0,,6.5,7,,visible_pixel_support,False,visible_candidate,line-uct-test-a22-000187,0.07631206290295722
uct-test-a22,0.6342966191708128,0.16305239619697243,0.001434130905212494,0.015423657920561107,345,370.0,,6.5,4,,visible_pixel_support,False,visible_candidate,line-uct-test-a22-000188,0.34793666714938354
uct-test-a22,0.6371648809812378,0.16542526664628954,0.001434130905212494,0.018982963594536773,346,369.0,,8.0,8,,visible_pixel_support,False,visible_candidate,line-uct-test-a22-000189,0.7520755227246809
uct-test-a22,0.6400331427916628,0.16305239619697243,0.001434130905212494,0.018982963594536773,347,370.0,,8.0,4,,visible_pixel_support,False,visible_candidate,line-uct-test-a22-000190,0.8646639408916599
uct-test-a22,0.6429014046020878,0.16779813709560665,0.001434130905212605,0.0011864352246585552,348,368.0,,0.5,2,,visible_pixel_support,False,visible_candidate,line-uct-test-a22-000191,0.49694983158553896
uct-test-a22,0.6457696664125128,0.1559337848490212,0.001434130905212605,0.0023728704493171104,349,373.0,,1.0,2,,visible_pixel_support,False,visible_candidate,line-uct-test-a22-000192,5.163851604558658
uct-test-a22,0.6486379282229378,0.16779813709560665,0.001434130905212605,0.009491481797268442,350,368.0,,4.0,5,,visible_pixel_support,False,visible_candidate,line-uct-test-a22-000193,0.8478366940388469
uct-test-a22,0.6515061900333627,0.17017100754492376,0.001434130905212605,0.008305046572609887,351,367.0,,3.5,4,,visible_pixel_support,False,visible_candidate,line-uct-test-a22-000194,0.5557738815699622
uct-test-a22,0.6543744518437877,0.17254387799424087,0.001434130905212605,0.008305046572609887,352,366.0,,3.5,5,,visible_pixel_support,False,visible_candidate,line-uct-test-a22-000195,0.2884316118666561
uct-test-a22,0.6572427136542127,0.17491674844355787,0.001434130905212605,0.0011864352246585552,353,365.0,,0.5,2,,visible_pixel_support,False,visible_candidate,line-uct-test-a22-000196,0.046578329643693905
uct-test-a22,0.6601109754646377,0.17728961889287498,0.001434130905212605,0.0011864352246585552,354,364.0,,0.5,2,,visible_pixel_support,False,visible_candidate,line-uct-test-a22-000197,0.16901752038398854
uct-test-a22,0.6629792372750627,0.1796624893421921,0.001434130905212605,0.0011864352246585552,355,363.0,,0.5,2,,visible_pixel_support,False,visible_candidate,line-uct-test-a22-000198,0.3575874935017396
uct-test-a22,0.6658474990854879,0.1796624893421921,0.001434130905212605,0.007118611347951331,356,363.0,,3.0,2,,visible_pixel_support,False,visible_candidate,line-uct-test-a22-000199,0.48163685500531983
uct-test-a22,0.6687157608959129,0.1820353597915092,0.001434130905212605,0.013050787471243996,357,362.0,,5.5,3,,visible_pixel_support,False,visible_candidate,line-uct-test-a22-000200,0.3494239698518413
uct-test-a22,0.6715840227063379,0.18678110069014342,0.001434130905212605,0.008305046572609887,358,360.0,,3.5,3,,visible_pixel_support,False,visible_candidate,line-uct-test-a22-000201,0.7534577042473529
uct-test-a22,0.6744522845167629,0.17254387799424087,0.001434130905212605,0.0035593056739756657,359,366.0,,1.5,4,,visible_pixel_support,False,visible_candidate,line-uct-test-a22-000202,6.173760277422616
uct-test-a22,0.6773205463271879,0.17728961889287498,0.001434130905212605,0.014237222695902663,360,364.0,,6.0,3,,visible_pixel_support,False,visible_candidate,line-uct-test-a22-000203,5.131846359576514
uct-test-a22,0.6801888081376128,0.1820353597915092,0.001434130905212605,0.014237222695902552,361,362.0,,6.0,6,,visible_pixel_support,False,visible_candidate,line-uct-test-a22-000204,4.121568986928878
uct-test-a22,0.6830570699480378,0.20101832338604597,0.001434130905212605,0.010677917021926886,362,354.0,,4.5,2,,visible_pixel_support,False,visible_candidate,line-uct-test-a22-000205,2.8563033958051847
uct-test-a22,0.6859253317584628,0.20339119383536308,0.001434130905212605,0.008305046572609887,363,353.0,,3.5,3,,visible_pixel_support,False,visible_candidate,line-uct-test-a22-000206,2.8010023439111364
uct-test-a22,0.6887935935688878,0.2057640642846802,0.001434130905212605,0.008305046572609887,364,352.0,,3.5,3,,visible_pixel_support,False,visible_candidate,line-uct-test-a22-000207,2.7117594126739277
uct-test-a22,0.6916618553793128,0.19627258248741175,0.001434130905212605,0.010677917021926997,365,356.0,,4.5,4,,visible_pixel_support,False,visible_candidate,line-uct-test-a22-000208,2.412193842620866
uct-test-a22,0.6945301171897378,0.2105098051833143,0.001434130905212605,0.009491481797268442,366,350.0,,4.0,3,,visible_pixel_support,False,visible_candidate,line-uct-test-a22-000209,2.4283741333116495
uct-test-a22,0.6973983790001628,0.21525554608194852,0.001434130905212605,0.013050787471243996,367,348.0,,5.5,4,,visible_pixel_support,False,visible_candidate,line-uct-test-a22-000210,3.2326948957569357
uct-test-a22,0.7002666408105878,0.22000128698058274,0.001434130905212605,0.015423657920561107,368,346.0,,6.5,4,,visible_pixel_support,False,visible_candidate,line-uct-test-a22-000211,4.0
uct-test-a22,0.7031349026210127,0.2057640642846802,0.001434130905212605,0.016610093145219662,369,352.0,,7.0,4,,visible_pixel_support,False,visible_candidate,line-uct-test-a22-000212,3.6535396724173097
uct-test-a22,0.7060031644314377,0.20339119383536308,0.001434130905212605,0.017796528369878217,370,353.0,,7.5,2,,visible_pixel_support,False,visible_candidate,line-uct-test-a22-000213,7.072420866907294
uct-test-a22,0.7088714262418627,0.21525554608194852,0.001434130905212605,0.017796528369878217,371,348.0,,7.5,4,,visible_pixel_support,False,visible_candidate,line-uct-test-a22-000214,5.198413468616025
uct-test-a22,0.7117396880522877,0.24135712102443663,0.001434130905212605,0.018982963594536773,372,337.0,,8.0,6,,visible_pixel_support,False,visible_candidate,line-uct-test-a22-000215,2.026712637310993
uct-test-a22,0.7146079498627127,0.25084860282170496,0.001434130905212605,0.015423657920561107,373,333.0,,6.5,6,,visible_pixel_support,False,visible_candidate,line-uct-test-a22-000216,1.6611875657275732
uct-test-a22,0.7174762116731377,0.2555943437203392,0.001434130905212605,0.014237222695902552,374,331.0,,6.0,6,,visible_pixel_support,False,visible_candidate,line-uct-test-a22-000217,1.2367585685118456
uct-test-a22,0.7203444734835627,0.27457730731487595,0.001434130905212605,0.004745740898634221,375,323.0,,2.0,5,,visible_pixel_support,False,visible_candidate,line-uct-test-a22-000218,1.3911043494468345
uct-test-a22,0.7232127352939877,0.27457730731487595,0.001434130905212605,0.018982963594536773,376,323.0,,8.0,5,,visible_pixel_support,False,visible_candidate,line-uct-test-a22-000219,4.396993565542232
uct-test-a22,0.7260809971044127,0.29830601180804694,0.001434130905212605,0.015423657920561218,377,313.0,,6.5,13,,visible_pixel_support,False,visible_candidate,line-uct-test-a22-000220,0.54282219862489
uct-test-a22,0.7289492589148376,0.3172889754025837,0.001434130905212605,0.013050787471244107,378,305.0,,5.5,8,,visible_pixel_support,False,visible_candidate,line-uct-test-a22-000221,1.0118485650530147
uct-test-a22,0.7318175207252626,0.3220347163012178,0.001434130905212605,0.009491481797268442,379,303.0,,4.0,4,,visible_pixel_support,False,visible_candidate,line-uct-test-a22-000222,3.674751159654363
uct-test-a22,0.7346857825356876,0.34813629124370593,0.001434130905212605,0.010677917021926997,380,292.0,,4.5,4,,visible_pixel_support,False,visible_candidate,line-uct-test-a22-000223,0.4556087421072448
uct-test-a22,0.7375540443461126,0.3623735139396085,0.001434130905212605,0.011864352246585441,381,286.0,,5.0,8,,visible_pixel_support,False,visible_candidate,line-uct-test-a22-000224,0.5388416148081774
uct-test-a22,0.7404223061565376,0.37898360708482814,0.001434130905212605,0.013050787471243996,382,279.0,,5.5,8,,visible_pixel_support,False,visible_candidate,line-uct-test-a22-000225,0.5998721155461908
uct-test-a22,0.7432905679669626,0.400339441128682,0.001434130905212605,0.016610093145219662,383,270.0,,7.0,9,,visible_pixel_support,False,visible_candidate,line-uct-test-a22-000226,1.330747354747075
uct-test-a22,0.7461588297773878,0.4193224047232188,0.001434130905212605,0.017796528369878217,384,262.0,,7.5,10,,visible_pixel_support,False,visible_candidate,line-uct-test-a22-000227,2.311246910926002
uct-test-a22,0.7490270915878128,0.4430511092163897,0.001434130905212605,0.017796528369878217,385,252.0,,7.5,6,,visible_pixel_support,False,visible_candidate,line-uct-test-a22-000228,5.399856667844631
uct-test-a22,0.7518953533982378,0.46203407281092645,0.001434130905212605,0.004745740898634221,386,244.0,,2.0,5,,visible_pixel_support,False,visible_candidate,line-uct-test-a22-000229,6.654806740357174
uct-test-a22,0.7605001388295127,0.5,0.001434130905212605,0.0035593056739756657,389,228.0,,1.5,4,,visible_pixel_support,True,visible_candidate,line-uct-test-a22-000230,4.0
uct-test-a22,0.7662366624503627,0.5403387976383907,0.001434130905212605,0.0011864352246585552,391,211.0,,0.5,2,,visible_pixel_support,True,visible_candidate,line-uct-test-a22-000231,8.1277307483914
uct-test-a22,0.7691049242607877,0.5569488907836103,0.001434130905212605,0.0023728704493171104,392,204.0,,1.0,3,,visible_pixel_support,False,visible_candidate,line-uct-test-a22-000232,7.866776277043471
uct-test-a22,0.7719731860712127,0.5711861134795129,0.001434130905212605,0.004745740898634221,393,198.0,,2.0,5,,visible_pixel_support,False,visible_candidate,line-uct-test-a22-000233,6.295317649409782
uct-test-a22,0.7748414478816377,0.5877962066247326,0.001434130905212605,0.0035593056739757767,394,191.0,,1.5,4,,visible_pixel_support,False,visible_candidate,line-uct-test-a22-000234,5.592886671047836
uct-test-a22,0.7777097096920627,0.599660558871318,0.001434130905212605,0.009491481797268442,395,186.0,,4.0,6,,visible_pixel_support,False,visible_candidate,line-uct-test-a22-000235,2.939015147515022
uct-test-a22,0.7805779715024876,0.6162706520165377,0.001434130905212605,0.009491481797268442,396,179.0,,4.0,7,,visible_pixel_support,False,visible_candidate,line-uct-test-a22-000236,2.5132348843688987
uct-test-a22,0.7834462333129126,0.6305078747124403,0.001434130905212605,0.013050787471244107,397,173.0,,5.5,10,,visible_pixel_support,False,visible_candidate,line-uct-test-a22-000237,1.4950776871668836
uct-test-a22,0.7863144951233376,0.6376264860603915,0.001434130905212605,0.017796528369878217,398,170.0,,7.5,9,,visible_pixel_support,False,visible_candidate,line-uct-test-a22-000238,1.9359246385335211
uct-test-a22,0.7891827569337626,0.6494908383069771,0.001434130905212605,0.014237222695902663,399,165.0,,6.0,8,,visible_pixel_support,False,visible_candidate,line-uct-test-a22-000239,2.60024028717487
uct-test-a22,0.7920510187441876,0.6661009314521967,0.001434130905212605,0.005932176123292776,400,158.0,,2.5,4,,visible_pixel_support,False,visible_candidate,line-uct-test-a22-000240,0.31833745319966056
uct-test-a22,0.7949192805546126,0.6684738019015138,0.001434130905212605,0.0035593056739756657,401,157.0,,1.5,4,,visible_pixel_support,False,visible_candidate,line-uct-test-a22-000241,2.910684331050419
uct-test-a22,0.7977875423650376,0.673219542800148,0.001434130905212605,0.0011864352246586662,402,155.0,,0.5,2,,visible_pixel_support,False,visible_candidate,line-uct-test-a22-000242,3.197749115169671
uct-test-a22,0.8035240659858875,0.6589823201042455,0.001434130905212605,0.0011864352246586662,404,161.0,,0.5,1,,visible_pixel_support,True,visible_candidate,line-uct-test-a22-000243,9.965176546809204
uct-test-a22,0.8063923277963125,0.6637280610028796,0.001434130905212605,0.0011864352246585552,405,159.0,,0.5,1,,visible_pixel_support,False,visible_candidate,line-uct-test-a22-000244,7.862001943634596
uct-test-a22,0.8092605896067375,0.6684738019015138,0.001434130905212605,0.0023728704493171104,406,157.0,,1.0,3,,visible_pixel_support,False,visible_candidate,line-uct-test-a22-000245,5.692419825072875
uct-test-a22,0.8121288514171625,0.6898296359453677,0.001434130905212605,0.011864352246585552,407,148.0,,5.0,3,,visible_pixel_support,False,visible_candidate,line-uct-test-a22-000246,3.54162617427923
uct-test-a22,0.8149971132275875,0.6874567654960506,0.001434130905212605,0.009491481797268442,408,149.0,,4.0,4,,visible_pixel_support,False,visible_candidate,line-uct-test-a22-000247,2.8381924198250488
uct-test-a22,0.8178653750380125,0.6755924132494651,0.001434130905212605,0.008305046572609887,409,154.0,,3.5,3,,visible_pixel_support,False,visible_candidate,line-uct-test-a22-000248,1.80466472303209
uct-test-a22,0.8207336368484375,0.6803381541480993,0.001434130905212605,0.007118611347951331,410,152.0,,3.0,3,,visible_pixel_support,False,visible_candidate,line-uct-test-a22-000249,0.6111111111111143
uct-test-a22,0.8236018986588625,0.6827110245974164,0.001434130905212605,0.005932176123292665,411,151.0,,2.5,3,,visible_pixel_support,False,visible_candidate,line-uct-test-a22-000250,2.083576287657934
uct-test-a22,0.8264701604692875,0.6922025063946848,0.001434130905212605,0.0011864352246586662,412,147.0,,0.5,2,,visible_pixel_support,False,visible_candidate,line-uct-test-a22-000251,6.610787172011641
uct-test-a22,0.8293384222797127,0.6755924132494651,0.001434130905212605,0.009491481797268442,413,154.0,,4.0,4,,visible_pixel_support,False,visible_candidate,line-uct-test-a22-000252,0.19080012957564918
uct-test-a22,0.8322066840901376,0.673219542800148,0.001434130905212605,0.011864352246585552,414,155.0,,5.0,6,,visible_pixel_support,False,visible_candidate,line-uct-test-a22-000253,0.1783284742468254
uct-test-a22,0.8350749459005626,0.673219542800148,0.001434130905212605,0.011864352246585552,415,155.0,,5.0,3,,visible_pixel_support,False,visible_candidate,line-uct-test-a22-000254,0.5014577259475175
uct-test-a22,0.8379432077109876,0.6661009314521967,0.001434130905212605,0.016610093145219662,416,158.0,,7.0,5,,visible_pixel_support,False,visible_candidate,line-uct-test-a22-000255,1.7717849044379648
uct-test-a22,0.8408114695214126,0.6637280610028796,0.001434130905212605,0.015423657920561218,417,159.0,,6.5,4,,visible_pixel_support,False,visible_candidate,line-uct-test-a22-000256,2.0
uct-test-a22,0.8436797313318376,0.6566094496549284,0.001434130905212605,0.020169398819195328,418,162.0,,8.5,8,,visible_pixel_support,False,visible_candidate,line-uct-test-a22-000257,3.573975888634891
uct-test-a22,0.8465479931422626,0.6494908383069771,0.001434130905212605,0.018982963594536773,419,165.0,,8.0,6,,visible_pixel_support,False,visible_candidate,line-uct-test-a22-000258,3.977485018423721
uct-test-a22,0.8494162549526876,0.6423722269590257,0.001434130905212605,0.014237222695902663,420,168.0,,6.0,3,,visible_pixel_support,False,visible_candidate,line-uct-test-a22-000259,3.351947204240446
uct-test-a22,0.8522845167631126,0.6376264860603915,0.001434130905212605,0.010677917021926997,421,170.0,,4.5,4,,visible_pixel_support,False,visible_candidate,line-uct-test-a22-000260,0.8387822609589364
uct-test-a22,0.8551527785735376,0.6281350042631232,0.001434130905212605,0.014237222695902552,422,174.0,,6.0,12,,visible_pixel_support,False,visible_candidate,line-uct-test-a22-000261,0.42058999654690865
uct-test-a22,0.8580210403839625,0.6138977815672206,0.001434130905212605,0.016610093145219662,423,180.0,,7.0,9,,visible_pixel_support,False,visible_candidate,line-uct-test-a22-000262,0.2847497534031902
uct-test-a22,0.8608893021943875,0.597287688422001,0.001434130905212605,0.00949148179726833,424,187.0,,4.0,9,,visible_pixel_support,False,visible_candidate,line-uct-test-a22-000263,0.38772280526404757
uct-test-a22,0.8637575640048125,0.5854233361754155,0.001434130905212605,0.010677917021926997,425,192.0,,4.5,7,,visible_pixel_support,False,visible_candidate,line-uct-test-a22-000264,1.2617525056713532
uct-test-a22,0.8666258258152375,0.5640675021315615,0.001434130905212605,0.013050787471244107,426,201.0,,5.5,10,,visible_pixel_support,False,visible_candidate,line-uct-test-a22-000265,0.9082441286645349
uct-test-a22,0.8694940876256625,0.547457408986342,0.001434130905212605,0.013050787471244107,427,208.0,,5.5,8,,visible_pixel_support,False,visible_candidate,line-uct-test-a22-000266,1.0391325231456108
uct-test-a22,0.8723623494360875,0.5332201862904393,0.001434130905212605,0.014237222695902663,428,214.0,,6.0,13,,visible_pixel_support,False,visible_candidate,line-uct-test-a22-000267,0.27233249264580195
uct-test-a22,0.8752306112465125,0.5166100931452197,0.001434130905212605,0.015423657920561107,429,221.0,,6.5,12,,visible_pixel_support,False,visible_candidate,line-uct-test-a22-000268,0.7492638520389789
uct-test-a22,0.8780988730569375,0.5094914817972684,0.001434130905212605,0.014237222695902552,430,224.0,,6.0,9,,visible_pixel_support,False,visible_candidate,line-uct-test-a22-000269,2.388653583800874
uct-test-a22,0.8809671348673624,0.4928813886520488,0.001434130905212605,0.014237222695902663,431,231.0,,6.0,10,,visible_pixel_support,False,visible_candidate,line-uct-test-a22-000270,1.0
uct-test-a22,0.8838353966777874,0.4810170364054632,0.001434130905212605,0.014237222695902663,432,236.0,,6.0,8,,visible_pixel_support,False,visible_candidate,line-uct-test-a22-000271,1.4404869536498097
uct-test-a22,0.8924401821090624,0.4216952751725359,0.001434130905212605,0.005932176123292776,435,261.0,,2.5,6,,visible_pixel_support,True,visible_candidate,line-uct-test-a22-000272,5.9053988074293216
uct-test-a22,0.8953084439194874,0.40508518202731625,0.001434130905212605,0.0011864352246585552,436,268.0,,0.5,2,,visible_pixel_support,False,visible_candidate,line-uct-test-a22-000273,6.719033955455814
uct-test-a22,0.8981767057299124,0.3861022184327795,0.001434130905212605,0.0011864352246585552,437,276.0,,0.5,2,,visible_pixel_support,False,visible_candidate,line-uct-test-a22-000274,8.453117894144327
uct-test-a22,0.9096497529716125,0.3694921252875598,0.001434130905212605,0.0011864352246585552,441,283.0,,0.5,1,,visible_pixel_support,True,visible_candidate,line-uct-test-a22-000275,9.550712322537606
uct-test-a22,0.9125180147820375,0.35050916169302304,0.001434130905212605,0.022542269268512438,442,291.0,,9.5,4,,visible_pixel_support,False,visible_candidate,line-uct-test-a22-000276,7.57287483908118
uct-test-a22,0.9153862765924625,0.3362719389971204,0.001434130905212605,0.0023728704493171104,443,297.0,,1.0,3,,visible_pixel_support,False,visible_candidate,line-uct-test-a22-000277,7.417984728379679
uct-test-a22,0.9182545384028875,0.3077974936053153,0.001434130905212605,0.021355834043853883,444,309.0,,9.0,6,,visible_pixel_support,False,visible_candidate,line-uct-test-a22-000278,1.0432746843358132
uct-test-a22,0.9211228002133125,0.29830601180804694,0.001434130905212605,0.022542269268512438,445,313.0,,9.5,9,,visible_pixel_support,False,visible_candidate,line-uct-test-a22-000279,2.405977400852464
uct-test-a22,0.9239910620237375,0.26983156641624173,0.001434130905212605,0.022542269268512438,446,325.0,,9.5,9,,visible_pixel_support,False,visible_candidate,line-uct-test-a22-000280,4.536674428167544
uct-test-a22,0.9268593238341625,0.2603400846189734,0.001434130905212605,0.020169398819195328,447,329.0,,8.5,7,,visible_pixel_support,False,visible_candidate,line-uct-test-a22-000281,3.827448108821386
uct-test-a22,0.9297275856445875,0.25322147327102207,0.001434130905212605,0.018982963594536773,448,332.0,,8.0,4,,visible_pixel_support,False,visible_candidate,line-uct-test-a22-000282,2.509110947206352
uct-test-a22,0.9325958474550124,0.24610286192307074,0.001434130905212605,0.004745740898634221,449,335.0,,2.0,4,,visible_pixel_support,False,visible_candidate,line-uct-test-a22-000283,1.6244302494194471
uct-test-a22,0.9354641092654374,0.24135712102443663,0.001434130905212605,0.011864352246585552,450,337.0,,5.0,2,,visible_pixel_support,False,visible_candidate,line-uct-test-a22-000284,0.2161733215579602
uct-test-a22,0.9412006328862874,0.22474702787921697,0.001434130905212605,0.015423657920561107,452,344.0,,6.5,4,,visible_pixel_support,True,visible_candidate,line-uct-test-a22-000285,2.0
uct-test-a22,0.9440688946967124,0.22474702787921697,0.001434130905212605,0.016610093145219662,453,344.0,,7.0,5,,visible_pixel_support,False,visible_candidate,line-uct-test-a22-000286,0.0059201068959851
uct-test-a22,0.9469371565071374,0.21762841653126563,0.001434130905212605,0.015423657920561107,454,347.0,,6.5,5,,visible_pixel_support,False,visible_candidate,line-uct-test-a22-000287,1.0861523973652538
uct-test-a22,0.9498054183175624,0.2105098051833143,0.001434130905212605,0.017796528369878217,455,350.0,,7.5,6,,visible_pixel_support,False,visible_candidate,line-uct-test-a22-000288,2.2387872961988364
uct-test-a22,0.9526736801279874,0.2057640642846802,0.001434130905212605,0.016610093145219662,456,352.0,,7.0,4,,visible_pixel_support,False,visible_candidate,line-uct-test-a22-000289,2.461915228188218
uct-test-a22,0.9555419419384124,0.19864545293672886,0.001434130905212605,0.015423657920561107,457,355.0,,6.5,5,,visible_pixel_support,False,visible_candidate,line-uct-test-a22-000290,3.753626618124656
uct-test-a22,0.9584102037488373,0.19627258248741175,0.001434130905212605,0.016610093145219662,458,356.0,,7.0,5,,visible_pixel_support,False,visible_candidate,line-uct-test-a22-000291,3.1120118907994083
uct-test-a22,0.9612784655592623,0.19389971203809464,0.001434130905212605,0.010677917021926997,459,357.0,,4.5,4,,visible_pixel_support,False,visible_candidate,line-uct-test-a22-000292,2.5351614710037893
uct-test-a22,0.9641467273696873,0.19152684158877764,0.001434130905212605,0.015423657920561218,460,358.0,,6.5,7,,visible_pixel_support,False,visible_candidate,line-uct-test-a22-000293,2.0211657835290566
uct-test-a22,0.9670149891801123,0.18915397113946053,0.001434130905212605,0.015423657920561107,461,359.0,,6.5,5,,visible_pixel_support,False,visible_candidate,line-uct-test-a22-000294,1.568115253166468
uct-test-a22,0.9698832509905373,0.1820353597915092,0.001434130905212605,0.013050787471243996,462,362.0,,5.5,3,,visible_pixel_support,False,visible_candidate,line-uct-test-a22-000295,3.1741003047073377
uct-test-a22,0.9727515128009623,0.17728961889287498,0.001434130905212605,0.016610093145219662,463,364.0,,7.0,6,,visible_pixel_support,False,visible_candidate,line-uct-test-a22-000296,3.8372113629430373
uct-test-a22,0.9756197746113873,0.19389971203809464,0.001434130905212605,0.017796528369878217,464,357.0,,7.5,4,,visible_pixel_support,False,visible_candidate,line-uct-test-a22-000297,4.444461147335346
uct-test-a22,0.9784880364218123,0.18915397113946053,0.001434130905212605,0.016610093145219662,465,359.0,,7.0,5,,visible_pixel_support,False,visible_candidate,line-uct-test-a22-000298,3.6728268013363845
uct-test-a22,0.9813562982322372,0.1844082302408263,0.001434130905212605,0.015423657920561107,466,361.0,,6.5,6,,visible_pixel_support,False,visible_candidate,line-uct-test-a22-000299,2.84979517426882
uct-test-a22,0.9842245600426622,0.17728961889287498,0.001434130905212605,0.013050787471244107,467,364.0,,5.5,4,,visible_pixel_support,False,visible_candidate,line-uct-test-a22-000300,0.9772758413412816
uct-test-a22,0.9870928218530872,0.17254387799424087,0.001434130905212605,0.009491481797268442,468,366.0,,4.0,3,,visible_pixel_support,False,visible_candidate,line-uct-test-a22-000301,0.057178377762681976
uct-test-a22,0.9899610836635122,0.17017100754492376,0.001434130905212605,0.007118611347951331,469,367.0,,3.0,3,,visible_pixel_support,False,visible_candidate,line-uct-test-a22-000302,0.09141235874159293
uct-test-a22,0.9928293454739374,0.16779813709560665,0.001434130905212605,0.005932176123292776,470,368.0,,2.5,3,,visible_pixel_support,False,visible_candidate,line-uct-test-a22-000303,0.08188735948675685
uct-test-a22,0.9956976072843624,0.1583066552983382,0.001434130905212605,0.0011864352246585552,471,372.0,,0.5,2,,visible_pixel_support,False,visible_candidate,line-uct-test-a22-000304,2.9694870447931407
uct-test-a22,1.0014341309052124,0.17017100754492376,0.001434130905212605,0.0011864352246585552,473,367.0,,0.5,1,,visible_pixel_support,True,visible_candidate,line-uct-test-a22-000305,3.8098542324070195
uct-test-a22,1.0043023927156374,0.17017100754492376,0.001434130905212605,0.0011864352246585552,474,367.0,,0.5,1,,visible_pixel_support,False,visible_candidate,line-uct-test-a22-000306,4.644389064304278
uct-test-a22,1.0071706545260624,0.16779813709560665,0.001434130905212605,0.0023728704493171104,475,368.0,,1.0,3,,visible_pixel_support,False,visible_candidate,line-uct-test-a22-000307,4.444712792011501
uct-test-a22,1.0100389163364873,0.16542526664628954,0.001434130905212605,0.0011864352246585552,476,369.0,,0.5,2,,visible_pixel_support,False,visible_candidate,line-uct-test-a22-000308,4.212734990737317
uct-test-a22,1.0129071781469123,0.14644230305175276,0.001434130905212605,0.015423657920561107,477,377.0,,6.5,3,,visible_pixel_support,False,visible_candidate,line-uct-test-a22-000309,3.049634764309758
uct-test-a22,1.0157754399573373,0.14881517350106988,0.001434130905212605,0.013050787471243996,478,376.0,,5.5,6,,visible_pixel_support,False,visible_candidate,line-uct-test-a22-000310,1.340486897920755
uct-test-a22,1.0186437017677623,0.16542526664628954,0.001434130905212605,0.0035593056739756657,479,369.0,,1.5,4,,visible_pixel_support,False,visible_candidate,line-uct-test-a22-000311,6.342088165112898
uct-test-a22,1.0215119635781873,0.14169656215311854,0.001434130905212605,0.016610093145219662,480,379.0,,7.0,8,,visible_pixel_support,False,visible_candidate,line-uct-test-a22-000312,3.0
uct-test-a22,1.0243802253886123,0.14169656215311854,0.001434130905212605,0.015423657920561107,481,379.0,,6.5,7,,visible_pixel_support,False,visible_candidate,line-uct-test-a22-000313,2.355159713886792
uct-test-a22,1.0272484871990373,0.15118804395038699,0.001434130905212605,0.007118611347951331,482,375.0,,3.0,3,,visible_pixel_support,False,visible_candidate,line-uct-test-a22-000314,2.286760915051275
uct-test-a22,1.0301167490094623,0.15118804395038699,0.001434130905212605,0.005932176123292776,483,375.0,,2.5,2,,visible_pixel_support,False,visible_candidate,line-uct-test-a22-000315,2.925511780362001
uct-test-a22,1.0329850108198873,0.14169656215311854,0.001434130905212605,0.011864352246585552,484,379.0,,5.0,4,,visible_pixel_support,False,visible_candidate,line-uct-test-a22-000316,0.43915722440669924
uct-test-a22,1.0358532726303122,0.13932369170380143,0.001434130905212605,0.011864352246585552,485,380.0,,5.0,3,,visible_pixel_support,False,visible_candidate,line-uct-test-a22-000317,0.8074962057069683
uct-test-a22,1.0387215344407372,0.14169656215311854,0.001434130905212605,0.010677917021926997,486,379.0,,4.5,4,,visible_pixel_support,False,visible_candidate,line-uct-test-a22-000318,0.8202447300088807
uct-test-a22,1.0415897962511622,0.14644230305175276,0.001434130905212605,0.0011864352246585552,487,377.0,,0.5,1,,visible_pixel_support,False,visible_candidate,line-uct-test-a22-000319,3.4438154762888757
uct-test-a22,1.0444580580615872,0.14169656215311854,0.001434130905212605,0.0023728704493171104,488,379.0,,1.0,2,,visible_pixel_support,False,visible_candidate,line-uct-test-a22-000320,2.062965926680704
uct-test-a22,1.0473263198720122,0.14169656215311854,0.001434130905212605,0.008305046572609887,489,379.0,,3.5,4,,visible_pixel_support,False,visible_candidate,line-uct-test-a22-000321,2.6774459747322226
uct-test-a22,1.0501945816824372,0.13457795080516732,0.001434130905212605,0.0023728704493171104,490,382.0,,1.0,2,,visible_pixel_support,False,visible_candidate,line-uct-test-a22-000322,0.28700551399140295
uct-test-a22,1.0530628434928622,0.13457795080516732,0.001434130905212605,0.011864352246585552,491,382.0,,5.0,6,,visible_pixel_support,False,visible_candidate,line-uct-test-a22-000323,0.8913944380058751
uct-test-a22,1.0559311053032872,0.1322050803558502,0.001434130905212605,0.011864352246585441,492,383.0,,5.0,4,,visible_pixel_support,False,visible_candidate,line-uct-test-a22-000324,0.49036264032366716
uct-test-a22,1.0587993671137121,0.1322050803558502,0.001434130905212605,0.011864352246585441,493,383.0,,5.0,4,,visible_pixel_support,False,visible_candidate,line-uct-test-a22-000325,1.0836600144924091
uct-test-a22,1.0616676289241371,0.14169656215311854,0.001434130905212605,0.0035593056739756657,494,379.0,,1.5,2,,visible_pixel_support,False,visible_candidate,line-uct-test-a22-000326,5.671036454060129
uct-test-a22,1.0645358907345621,0.13932369170380143,0.001434130905212605,0.0011864352246585552,495,380.0,,0.5,1,,visible_pixel_support,False,visible_candidate,line-uct-test-a22-000327,5.252241852574571
uct-test-a22,1.067404152544987,0.12508646900789888,0.001434130905212605,0.0011864352246585552,496,386.0,,0.5,1,,visible_pixel_support,False,visible_candidate,line-uct-test-a22-000328,0.17297389641635164
uct-test-a22,1.0731406761658373,0.127459339457216,0.001434130905212605,0.004745740898634221,498,385.0,,2.0,2,,visible_pixel_support,True,visible_candidate,line-uct-test-a22-000329,1.9563307372766872
uct-test-a22,1.0760089379762623,0.12271359855858177,0.001434130905212605,0.008305046572609887,499,387.0,,3.5,3,,visible_pixel_support,False,visible_candidate,line-uct-test-a22-000330,0.5103509070564769
uct-test-a22,1.0788771997866873,0.12508646900789888,0.001434130905212605,0.007118611347951331,500,386.0,,3.0,2,,visible_pixel_support,False,visible_candidate,line-uct-test-a22-000331,2.0569495035221053
uct-test-a22,1.0817454615971123,0.12034072810926477,0.001434130905212605,0.008305046572609887,501,388.0,,3.5,3,,visible_pixel_support,False,visible_candidate,line-uct-test-a22-000332,0.5958764202215434
uct-test-a22,1.0846137234075373,0.12034072810926477,0.001434130905212605,0.008305046572609887,502,388.0,,3.5,3,,visible_pixel_support,False,visible_candidate,line-uct-test-a22-000333,1.126881550702592
uct-test-a22,1.0874819852179622,0.12034072810926477,0.001434130905212605,0.008305046572609887,503,388.0,,3.5,4,,visible_pixel_support,False,visible_candidate,line-uct-test-a22-000334,1.6497147885130516
uct-test-a22,1.0903502470283872,0.12508646900789888,0.001434130905212605,0.005932176123292776,504,386.0,,2.5,2,,visible_pixel_support,False,visible_candidate,line-uct-test-a22-000335,4.164126027200723
uct-test-a22,1.0932185088388122,0.12271359855858177,0.001434130905212605,0.007118611347951331,505,387.0,,3.0,3,,visible_pixel_support,False,visible_candidate,line-uct-test-a22-000336,3.6698651603135204
uct-test-a22,1.0960867706492372,0.12508646900789888,0.001434130905212605,0.0011864352246585552,506,386.0,,0.5,2,,visible_pixel_support,False,visible_candidate,line-uct-test-a22-000337,5.1666820813992445
uct-test-a22,1.0989550324596622,0.1298322099065331,0.001434130905212605,0.0011864352246585552,507,384.0,,0.5,1,,visible_pixel_support,False,visible_candidate,line-uct-test-a22-000338,7.654326684005696
uct-test-a22,1.1046915560805122,0.12508646900789888,0.001434130905212605,0.0023728704493171104,509,386.0,,1.0,2,,visible_pixel_support,True,visible_candidate,line-uct-test-a22-000339,6.601098507972324
uct-test-a22,1.1075598178909372,0.12271359855858177,0.001434130905212605,0.0023728704493171104,510,387.0,,1.0,2,,visible_pixel_support,False,visible_candidate,line-uct-test-a22-000340,6.059725516428102
uct-test-a22,1.1104280797013621,0.12508646900789888,0.001434130905212605,0.0011864352246585552,511,386.0,,0.5,1,,visible_pixel_support,False,visible_candidate,line-uct-test-a22-000341,7.508179780596038
uct-test-a22,1.1132963415117871,0.12034072810926477,0.001434130905212605,0.0011864352246585552,512,388.0,,0.5,2,,visible_pixel_support,False,visible_candidate,line-uct-test-a22-000342,5.946211194023931
uct-test-a22,1.1161646033222121,0.12034072810926477,0.001434130905212605,0.0011864352246585552,513,388.0,,0.5,2,,visible_pixel_support,False,visible_candidate,line-uct-test-a22-000343,6.373569650259526
uct-test-a22,1.1190328651326371,0.11796785765994766,0.001434130905212605,0.0011864352246585552,514,389.0,,0.5,2,,visible_pixel_support,False,visible_candidate,line-uct-test-a22-000344,5.790005042850794
uct-test-a22,1.121901126943062,0.11796785765994766,0.001434130905212605,0.0011864352246585552,515,389.0,,0.5,2,,visible_pixel_support,False,visible_candidate,line-uct-test-a22-000345,6.195267265345478
uct-test-a22,1.127637650563912,0.12034072810926477,0.001434130905212605,0.0011864352246585552,517,388.0,,0.5,2,,visible_pixel_support,True,visible_candidate,line-uct-test-a22-000346,7.971271774236641
uct-test-a22,1.133374174184762,0.12271359855858177,0.001434130905212605,0.0011864352246585552,519,387.0,,0.5,1,,visible_pixel_support,True,visible_candidate,line-uct-test-a22-000347,9.699582325315646
uct-test-a22,1.141978959616037,0.12034072810926477,0.001434130905212605,0.0011864352246585552,522,388.0,,0.5,1,,visible_pixel_support,True,visible_candidate,line-uct-test-a22-000348,9.698245118123396
uct-test-a22,1.144847221426462,0.11559498721063055,0.001434130905212605,0.0011864352246585552,523,390.0,,0.5,2,,visible_pixel_support,False,visible_candidate,line-uct-test-a22-000349,8.005118147567828
uct-test-a22,1.147715483236887,0.11322211676131344,0.001434130905212605,0.0023728704493171104,524,391.0,,1.0,3,,visible_pixel_support,False,visible_candidate,line-uct-test-a22-000350,7.2985670488461665
uct-test-a22,1.150583745047312,0.10847637586267922,0.001434130905212605,0.0035593056739756657,525,393.0,,1.5,2,,visible_pixel_support,False,visible_candidate,line-uct-test-a22-000351,5.57834171550644
uct-test-a22,1.153452006857737,0.10610350541336211,0.001434130905212605,0.0011864352246585552,526,394.0,,0.5,1,,visible_pixel_support,False,visible_candidate,line-uct-test-a22-000352,4.844192041096278
uct-test-a22,1.1563202686681622,0.103730634964045,0.001434130905212605,0.0023728704493171104,527,395.0,,1.0,2,,visible_pixel_support,False,visible_candidate,line-uct-test-a22-000353,4.095867919163595
uct-test-a22,1.1591885304785872,0.103730634964045,0.001434130905212605,0.0011864352246585552,528,395.0,,0.5,2,,visible_pixel_support,False,visible_candidate,line-uct-test-a22-000354,4.333119243256306
uct-test-a22,1.1649250540994371,0.11559498721063055,0.001434130905212605,0.0011864352246585552,530,390.0,,0.5,1,,visible_pixel_support,True,visible_candidate,line-uct-test-a22-000355,9.763347803708882
uct-test-a22,1.1677933159098621,0.10610350541336211,0.001434130905212605,0.004745740898634221,531,394.0,,2.0,2,,visible_pixel_support,False,visible_candidate,line-uct-test-a22-000356,5.95582482716452
uct-test-a22,1.1706615777202871,0.103730634964045,0.001434130905212605,0.0011864352246585552,532,395.0,,0.5,2,,visible_pixel_support,False,visible_candidate,line-uct-test-a22-000357,5.132876870836753
uct-test-a22,1.173529839530712,0.103730634964045,0.001434130905212605,0.004745740898634221,533,395.0,,2.0,3,,visible_pixel_support,False,visible_candidate,line-uct-test-a22-000358,5.294253828273611
uct-test-a22,1.176398101341137,0.10610350541336211,0.001434130905212605,0.0023728704493171104,534,394.0,,1.0,3,,visible_pixel_support,False,visible_candidate,line-uct-test-a22-000359,6.4397055930227225
uct-test-a22,1.179266363151562,0.103730634964045,0.001434130905212605,0.0035593056739756657,535,395.0,,1.5,3,,visible_pixel_support,False,visible_candidate,line-uct-test-a22-000360,5.5689820586320025
uct-test-a22,1.182134624961987,0.09898489406541089,0.001434130905212605,0.0023728704493171104,536,397.0,,1.0,3,,visible_pixel_support,False,visible_candidate,line-uct-test-a22-000361,3.6818331186493083
uct-test-a22,1.185002886772412,0.09661202361609378,0.001434130905212605,0.0035593056739756657,537,398.0,,1.5,3,,visible_pixel_support,False,visible_candidate,line-uct-test-a22-000362,2.7780086666224406
uct-test-a22,1.190739410393262,0.09186628271745956,0.001434130905212605,0.010677917021926997,539,400.0,,4.5,4,,visible_pixel_support,True,visible_candidate,line-uct-test-a22-000363,0.9193328006276147
uct-test-a22,1.193607672203687,0.08949341226814245,0.001434130905212605,0.011864352246585552,540,401.0,,5.0,4,,visible_pixel_support,False,visible_candidate,line-uct-test-a22-000364,0.036018826244742286
uct-test-a22,1.196475934014112,0.08949341226814245,0.001434130905212605,0.011864352246585552,541,401.0,,5.0,4,,visible_pixel_support,False,visible_candidate,line-uct-test-a22-000365,0.009046390969842832
uct-test-a22,1.199344195824537,0.09423915316677667,0.001434130905212605,0.011864352246585441,542,399.0,,5.0,6,,visible_pixel_support,False,visible_candidate,line-uct-test-a22-000366,2.0
uct-test-a22,1.202212457634962,0.09186628271745956,0.001434130905212605,0.011864352246585441,543,400.0,,5.0,5,,visible_pixel_support,False,visible_candidate,line-uct-test-a22-000367,0.999806557391139
uct-test-a22,1.205080719445387,0.09423915316677667,0.001434130905212605,0.0023728704493171104,544,399.0,,1.0,3,,visible_pixel_support,False,visible_candidate,line-uct-test-a22-000368,1.9992256128095391
uct-test-a22,1.207948981255812,0.09423915316677667,0.001434130905212605,0.0011864352246585552,545,399.0,,0.5,1,,visible_pixel_support,False,visible_candidate,line-uct-test-a22-000369,1.9982562411227036
uct-test-a22,1.210817243066237,0.09423915316677667,0.001434130905212605,0.0011864352246585552,546,399.0,,0.5,2,,visible_pixel_support,False,visible_candidate,line-uct-test-a22-000370,1.9968975171981356
uct-test-a22,1.213685504876662,0.09661202361609378,0.001434130905212605,0.008305046572609887,547,398.0,,3.5,2,,visible_pixel_support,False,visible_candidate,line-uct-test-a22-000371,2.9951485159032813
uct-test-a22,1.216553766687087,0.09661202361609378,0.001434130905212605,0.007118611347951331,548,398.0,,3.0,4,,visible_pixel_support,False,visible_candidate,line-uct-test-a22-000372,2.993008312105701
uct-test-a22,1.219422028497512,0.09661202361609378,0.001434130905212605,0.004745740898634221,549,398.0,,2.0,2,,visible_pixel_support,False,visible_candidate,line-uct-test-a22-000373,2.9904759806728407
uct-test-a22,1.222290290307937,0.09661202361609378,0.001434130905212605,0.004745740898634221,550,398.0,,2.0,2,,visible_pixel_support,False,visible_candidate,line-uct-test-a22-000374,2.9875505964723175
uct-test-a22,1.2251585521183619,0.09661202361609378,0.001434130905212605,0.005932176123292776,551,398.0,,2.5,4,,visible_pixel_support,False,visible_candidate,line-uct-test-a22-000375,2.984231234371464
uct-test-a22,1.2280268139287869,0.09661202361609378,0.001434130905212605,0.005932176123292776,552,398.0,,2.5,3,,visible_pixel_support,False,visible_candidate,line-uct-test-a22-000376,2.98051696923784
uct-test-a22,1.2308950757392119,0.09661202361609378,0.001434130905212605,0.007118611347951331,553,398.0,,3.0,5,,visible_pixel_support,False,visible_candidate,line-uct-test-a22-000377,2.976406875938949
uct-test-a22,1.2337633375496369,0.09898489406541089,0.001434130905212605,0.007118611347951331,554,397.0,,3.0,5,,visible_pixel_support,False,visible_candidate,line-uct-test-a22-000378,3.9719000293422937
uct-test-a22,1.236631599360062,0.09898489406541089,0.001434130905212605,0.007118611347951331,555,397.0,,3.0,5,,visible_pixel_support,False,visible_candidate,line-uct-test-a22-000379,3.9669955043153777
uct-test-a22,1.239499861170487,0.09898489406541089,0.001434130905212605,0.008305046572609887,556,397.0,,3.5,5,,visible_pixel_support,False,visible_candidate,line-uct-test-a22-000380,3.961692375725761
uct-test-a22,1.242368122980912,0.09661202361609378,0.001434130905212605,0.007118611347951331,557,398.0,,3.0,5,,visible_pixel_support,False,visible_candidate,line-uct-test-a22-000381,2.955989718440776
uct-test-a22,1.245236384791337,0.09661202361609378,0.001434130905212605,0.008305046572609887,558,398.0,,3.5,6,,visible_pixel_support,False,visible_candidate,line-uct-test-a22-000382,2.9498866073280396
uct-test-a22,1.248104646601762,0.09661202361609378,0.001434130905212605,0.008305046572609887,559,398.0,,3.5,6,,visible_pixel_support,False,visible_candidate,line-uct-test-a22-000383,2.9433821172549983
uct-test-a22,1.250972908412187,0.09661202361609378,0.001434130905212605,0.007118611347951331,560,398.0,,3.0,5,,visible_pixel_support,False,visible_candidate,line-uct-test-a22-000384,2.936475323089212
uct-test-a22,1.253841170222612,0.09661202361609378,0.001434130905212605,0.0035593056739756657,561,398.0,,1.5,3,,visible_pixel_support,False,visible_candidate,line-uct-test-a22-000385,2.929165299698127
uct-test-a22,1.256709432033037,0.09661202361609378,0.001434130905212605,0.005932176123292776,562,398.0,,2.5,5,,visible_pixel_support,False,visible_candidate,line-uct-test-a22-000386,2.9214511219491897
uct-test-a22,1.259577693843462,0.09423915316677667,0.001434130905212605,0.005932176123292776,563,399.0,,2.5,3,,visible_pixel_support,False,visible_candidate,line-uct-test-a22-000387,1.9133318647100168
uct-test-a22,1.262445955653887,0.09186628271745956,0.001434130905212605,0.009491481797268442,564,400.0,,4.0,6,,visible_pixel_support,False,visible_candidate,line-uct-test-a22-000388,0.9048066028481117
uct-test-a22,1.265314217464312,0.08712054181882534,0.001434130905212605,0.011864352246585552,565,402.0,,5.0,3,,visible_pixel_support,False,visible_candidate,line-uct-test-a22-000389,1.10412558876925
uct-test-a22,1.268182479274737,0.08712054181882534,0.001434130905212605,0.013050787471244107,566,402.0,,5.5,3,,visible_pixel_support,False,visible_candidate,line-uct-test-a22-000390,1.1134656352742809
uct-test-a22,1.271050741085162,0.08712054181882534,0.001434130905212605,0.014237222695902663,567,402.0,,6.0,3,,visible_pixel_support,False,visible_candidate,line-uct-test-a22-000391,1.123214461799762
uct-test-a22,1.273919002895587,0.08237480092019123,0.001434130905212605,0.014237222695902663,568,404.0,,6.0,2,,visible_pixel_support,False,visible_candidate,line-uct-test-a22-000392,3.1333729934779626
uct-test-a22,1.276787264706012,0.09423915316677667,0.001434130905212605,0.005932176123292776,569,399.0,,2.5,2,,visible_pixel_support,False,visible_candidate,line-uct-test-a22-000393,1.8560578445585634
uct-test-a22,1.2796555265164369,0.08949341226814245,0.001434130905212605,0.005932176123292776,570,401.0,,2.5,4,,visible_pixel_support,False,visible_candidate,line-uct-test-a22-000394,0.1549228728227945
uct-test-a22,1.2825237883268619,0.08949341226814245,0.001434130905212605,0.004745740898634221,571,401.0,,2.0,3,,visible_pixel_support,False,visible_candidate,line-uct-test-a22-000395,0.1663160707544762
uct-test-a22,1.2853920501372869,0.08949341226814245,0.001434130905212605,0.014237222695902552,572,401.0,,6.0,6,,visible_pixel_support,False,visible_candidate,line-uct-test-a22-000396,0.17812267436897855
uct-test-a22,1.2882603119477118,0.08949341226814245,0.001434130905212605,0.014237222695902552,573,401.0,,6.0,7,,visible_pixel_support,False,visible_candidate,line-uct-test-a22-000397,0.19034360879874157
uct-test-a22,1.2911285737581368,0.08712054181882534,0.001434130905212605,0.013050787471244107,574,402.0,,5.5,5,,visible_pixel_support,False,visible_candidate,line-uct-test-a22-000398,1.2029797991763758
uct-test-a22,1.2939968355685618,0.08949341226814245,0.001434130905212605,0.013050787471244107,575,401.0,,5.5,7,,visible_pixel_support,False,visible_candidate,line-uct-test-a22-000399,0.21603217063437796
uct-test-a22,1.2968650973789868,0.09423915316677667,0.001434130905212605,0.010677917021926886,576,399.0,,4.5,8,,visible_pixel_support,False,visible_candidate,line-uct-test-a22-000400,1.7704983516948687
uct-test-a22,1.2997333591894118,0.09661202361609378,0.001434130905212605,0.0035593056739756657,577,398.0,,1.5,4,,visible_pixel_support,False,visible_candidate,line-uct-test-a22-000401,2.75661084267864
uct-test-a22,1.3026016209998368,0.09661202361609378,0.001434130905212605,0.0023728704493171104,578,398.0,,1.0,3,,visible_pixel_support,False,visible_candidate,line-uct-test-a22-000402,2.7423043771846096
uct-test-a22,1.3054698828102618,0.09661202361609378,0.001434130905212605,0.008305046572609887,579,398.0,,3.5,5,,visible_pixel_support,False,visible_candidate,line-uct-test-a22-000403,2.7275780300803376
uct-test-a22,1.3083381446206868,0.09661202361609378,0.001434130905212605,0.007118611347951331,580,398.0,,3.0,7,,visible_pixel_support,False,visible_candidate,line-uct-test-a22-000404,2.7124308762331566
uct-test-a22,1.3112064064311117,0.09898489406541089,0.001434130905212605,0.005932176123292776,581,397.0,,2.5,5,,visible_pixel_support,False,visible_candidate,line-uct-test-a22-000405,3.6968619905105697
uct-test-a22,1.3140746682415367,0.101357764514728,0.001434130905212605,0.0023728704493171104,582,396.0,,1.0,3,,visible_pixel_support,False,visible_candidate,line-uct-test-a22-000406,4.680870447780194
uct-test-a22,1.3169429300519617,0.09661202361609378,0.001434130905212605,0.004745740898634221,583,398.0,,2.0,5,,visible_pixel_support,False,visible_candidate,line-uct-test-a22-000407,2.6644553229094186
uct-test-a22,1.319811191862387,0.09898489406541089,0.001434130905212605,0.008305046572609887,584,397.0,,3.5,4,,visible_pixel_support,False,visible_candidate,line-uct-test-a22-000408,3.6476156907658037
uct-test-a22,1.322679453672812,0.09898489406541089,0.001434130905212605,0.008305046572609887,585,397.0,,3.5,4,,visible_pixel_support,False,visible_candidate,line-uct-test-a22-000409,3.6303506262168526
uct-test-a22,1.325547715483237,0.09898489406541089,0.001434130905212605,0.008305046572609887,586,397.0,,3.5,5,,visible_pixel_support,False,visible_candidate,line-uct-test-a22-000410,3.6126592041299546
uct-test-a22,1.328415977293662,0.09898489406541089,0.001434130905212605,0.008305046572609887,587,397.0,,3.5,5,,visible_pixel_support,False,visible_candidate,line-uct-test-a22-000411,3.5945404993727834
uct-test-a22,1.3312842391040869,0.09661202361609378,0.001434130905212605,0.008305046572609887,588,398.0,,3.5,3,,visible_pixel_support,False,visible_candidate,line-uct-test-a22-000412,2.5759935868126718
uct-test-a22,1.3341525009145119,0.09661202361609378,0.001434130905212605,0.005932176123292776,589,398.0,,2.5,2,,visible_pixel_support,False,visible_candidate,line-uct-test-a22-000413,2.5570175413171796
uct-test-a22,1.3370207627249369,0.09661202361609378,0.001434130905212605,0.008305046572609887,590,398.0,,3.5,3,,visible_pixel_support,False,visible_candidate,line-uct-test-a22-000414,2.537611437753867
uct-test-a22,1.3398890245353618,0.09661202361609378,0.001434130905212605,0.008305046572609887,591,398.0,,3.5,3,,visible_pixel_support,False,visible_candidate,line-uct-test-a22-000415,2.5177743509901234
uct-test-a22,1.3427572863457868,0.09661202361609378,0.001434130905212605,0.008305046572609887,592,398.0,,3.5,5,,visible_pixel_support,False,visible_candidate,line-uct-test-a22-000416,2.4975053558935087
uct-test-a22,1.3456255481562118,0.09661202361609378,0.001434130905212605,0.009491481797268442,593,398.0,,4.0,6,,visible_pixel_support,False,visible_candidate,line-uct-test-a22-000417,2.4768035273314126
uct-test-a22,1.3484938099666368,0.09423915316677667,0.001434130905212605,0.010677917021926886,594,399.0,,4.5,5,,visible_pixel_support,False,visible_candidate,line-uct-test-a22-000418,1.4556679401715655
uct-test-a22,1.3513620717770618,0.08949341226814245,0.001434130905212605,0.011864352246585552,595,401.0,,5.0,3,,visible_pixel_support,False,visible_candidate,line-uct-test-a22-000419,0.5659023307187567
uct-test-a22,1.3542303335874868,0.08949341226814245,0.001434130905212605,0.013050787471244107,596,401.0,,5.5,4,,visible_pixel_support,False,visible_candidate,line-uct-test-a22-000420,0.5879082104719373
uct-test-a22,1.3570985953979118,0.08949341226814245,0.001434130905212605,0.013050787471244107,597,401.0,,5.5,3,,visible_pixel_support,False,visible_candidate,line-uct-test-a22-000421,0.6103506242205299
uct-test-a22,1.3599668572083368,0.08949341226814245,0.001434130905212605,0.013050787471244107,598,401.0,,5.5,4,,visible_pixel_support,False,visible_candidate,line-uct-test-a22-000422,0.6332304970970881
uct-test-a22,1.3628351190187618,0.08949341226814245,0.001434130905212605,0.013050787471244107,599,401.0,,5.5,4,,visible_pixel_support,False,visible_candidate,line-uct-test-a22-000423,0.6565487542339952
uct-test-a22,1.3657033808291867,0.08712054181882534,0.001434130905212605,0.013050787471244107,600,402.0,,5.5,3,,visible_pixel_support,False,visible_candidate,line-uct-test-a22-000424,1.6803063207638047
uct-test-a22,1.3685716426396117,0.08949341226814245,0.001434130905212605,0.013050787471244107,601,401.0,,5.5,4,,visible_pixel_support,False,visible_candidate,line-uct-test-a22-000425,0.7045041218190704
uct-test-a22,1.3714399044500367,0.08949341226814245,0.001434130905212605,0.013050787471244107,602,401.0,,5.5,4,,visible_pixel_support,False,visible_candidate,line-uct-test-a22-000426,0.7291430825322323
uct-test-a22,1.3743081662604617,0.09186628271745956,0.001434130905212605,0.011864352246585441,603,400.0,,5.0,5,,visible_pixel_support,False,visible_candidate,line-uct-test-a22-000427,0.2457758719642129
uct-test-a22,1.3771764280708867,0.09423915316677667,0.001434130905212605,0.00949148179726833,604,399.0,,4.0,3,,visible_pixel_support,False,visible_candidate,line-uct-test-a22-000428,1.2202518165376546
uct-test-a22,1.3800446898813117,0.09661202361609378,0.001434130905212605,0.008305046572609887,605,398.0,,3.5,3,,visible_pixel_support,False,visible_candidate,line-uct-test-a22-000429,2.1942838260557664
uct-test-a22,1.3829129516917367,0.09898489406541089,0.001434130905212605,0.007118611347951331,606,397.0,,3.0,2,,visible_pixel_support,False,visible_candidate,line-uct-test-a22-000430,3.167870975385938
uct-test-a22,1.3857812135021617,0.09898489406541089,0.001434130905212605,0.007118611347951331,607,397.0,,3.0,3,,visible_pixel_support,False,visible_candidate,line-uct-test-a22-000431,3.1410123393956155
uct-test-a22,1.3886494753125866,0.09898489406541089,0.001434130905212605,0.007118611347951331,608,397.0,,3.0,3,,visible_pixel_support,False,visible_candidate,line-uct-test-a22-000432,3.113706992952416
uct-test-a22,1.3915177371230116,0.10847637586267922,0.001434130905212605,0.0011864352246585552,609,393.0,,0.5,1,,visible_pixel_support,False,visible_candidate,line-uct-test-a22-000433,7.085954010923729
uct-test-a22,1.3943859989334366,0.101357764514728,0.001434130905212605,0.0035593056739756657,610,396.0,,1.5,2,,visible_pixel_support,False,visible_candidate,line-uct-test-a22-000434,4.057752468177114
uct-test-a22,1.3972542607438616,0.103730634964045,0.001434130905212605,0.0035593056739756657,611,395.0,,1.5,3,,visible_pixel_support,False,visible_candidate,line-uct-test-a22-000435,5.029101439580074
uct-test-a22,1.4001225225542868,0.103730634964045,0.001434130905212605,0.005932176123292776,612,395.0,,2.5,3,,visible_pixel_support,False,visible_candidate,line-uct-test-a22-000436,5.0
uct-test-a22,1.4029907843647118,0.103730634964045,0.001434130905212605,0.005932176123292776,613,395.0,,2.5,3,,visible_pixel_support,False,visible_candidate,line-uct-test-a22-000437,4.937976655484647
uct-test-a22,1.4058590461751368,0.103730634964045,0.001434130905212605,0.0011864352246585552,614,395.0,,0.5,1,,visible_pixel_support,False,visible_candidate,line-uct-test-a22-000438,4.812050204632385
uct-test-a22,1.4087273079855618,0.103730634964045,0.001434130905212605,0.0011864352246585552,615,395.0,,0.5,1,,visible_pixel_support,False,visible_candidate,line-uct-test-a22-000439,4.624455161137064
uct-test-a22,1.4144638316064118,0.10610350541336211,0.001434130905212605,0.0035593056739756657,617,394.0,,1.5,2,,visible_pixel_support,True,visible_candidate,line-uct-test-a22-000440,5.073197350992643
uct-test-a22,1.4173320934168367,0.10610350541336211,0.001434130905212605,0.0035593056739756657,618,394.0,,1.5,2,,visible_pixel_support,False,visible_candidate,line-uct-test-a22-000441,4.714003611731073
uct-test-a22,1.4202003552272617,0.11322211676131344,0.001434130905212605,0.0011864352246585552,619,391.0,,0.5,2,,visible_pixel_support,False,visible_candidate,line-uct-test-a22-000442,7.302079334601785
uct-test-a22,1.4230686170376867,0.10847637586267922,0.001434130905212605,0.0035593056739756657,620,393.0,,1.5,2,,visible_pixel_support,False,visible_candidate,line-uct-test-a22-000443,4.839659033298631
uct-test-a22,1.4259368788481117,0.10847637586267922,0.001434130905212605,0.005932176123292776,621,393.0,,2.5,3,,visible_pixel_support,False,visible_candidate,line-uct-test-a22-000444,4.328977221515288
uct-test-a22,1.4288051406585367,0.10847637586267922,0.001434130905212605,0.007118611347951331,622,393.0,,3.0,2,,visible_pixel_support,False,visible_candidate,line-uct-test-a22-000445,3.772268412945664
uct-test-a22,1.4316734024689617,0.10847637586267922,0.001434130905212605,0.007118611347951331,623,393.0,,3.0,2,,visible_pixel_support,False,visible_candidate,line-uct-test-a22-000446,3.171767121283608
uct-test-a22,1.4345416642793867,0.10610350541336211,0.001434130905212605,0.0011864352246585552,624,394.0,,0.5,1,,visible_pixel_support,False,visible_candidate,line-uct-test-a22-000447,1.5297078602229703
uct-test-a22,1.4374099260898117,0.10610350541336211,0.001434130905212605,0.0011864352246585552,625,394.0,,0.5,1,,visible_pixel_support,False,visible_candidate,line-uct-test-a22-000448,0.8483251434574299
uct-test-a22,1.4402781879002367,0.10610350541336211,0.001434130905212605,0.0011864352246585552,626,394.0,,0.5,1,,visible_pixel_support,False,visible_candidate,line-uct-test-a22-000449,0.12985348468095026
uct-test-a22,1.4431464497106616,0.10610350541336211,0.001434130905212605,0.013050787471244107,627,394.0,,5.5,4,,visible_pixel_support,False,visible_candidate,line-uct-test-a22-000450,0.6234726024126758
uct-test-a22,1.4460147115210866,0.10610350541336211,0.001434130905212605,0.014237222695902663,628,394.0,,6.0,6,,visible_pixel_support,False,visible_candidate,line-uct-test-a22-000451,1.4094186041296553
uct-test-a22,1.4488829733315116,0.11796785765994766,0.001434130905212605,0.015423657920561107,629,389.0,,6.5,8,,visible_pixel_support,False,visible_candidate,line-uct-test-a22-000452,2.7742499932238616
uct-test-a22,1.4517512351419366,0.10847637586267922,0.001434130905212605,0.014237222695902552,630,393.0,,6.0,4,,visible_pixel_support,False,visible_candidate,line-uct-test-a22-000453,2.0702322966582756
uct-test-a22,1.4546194969523616,0.10847637586267922,0.001434130905212605,0.013050787471243996,631,393.0,,5.5,3,,visible_pixel_support,False,visible_candidate,line-uct-test-a22-000454,2.9406309600822738
uct-test-a22,1.4574877587627866,0.10610350541336211,0.001434130905212605,0.013050787471244107,632,394.0,,5.5,2,,visible_pixel_support,False,visible_candidate,line-uct-test-a22-000455,4.83471148335434
uct-test-a22,1.4603560205732116,0.11559498721063055,0.001434130905212605,0.013050787471243996,633,390.0,,5.5,6,,visible_pixel_support,False,visible_candidate,line-uct-test-a22-000456,1.7502393527806248
uct-test-a22,1.4632242823836366,0.12271359855858177,0.001434130905212605,0.011864352246585552,634,387.0,,5.0,10,,visible_pixel_support,False,visible_candidate,line-uct-test-a22-000457,0.315019945332665
uct-test-a22,1.4660925441940615,0.1298322099065331,0.001434130905212605,0.004745740898634221,635,384.0,,2.0,3,,visible_pixel_support,False,visible_candidate,line-uct-test-a22-000458,2.363300924679379
uct-test-a22,1.4689608060044865,0.1322050803558502,0.001434130905212605,0.004745740898634221,636,383.0,,2.0,2,,visible_pixel_support,False,visible_candidate,line-uct-test-a22-000459,2.3968380989534808
uct-test-a22,1.4718290678149115,0.13457795080516732,0.001434130905212605,0.004745740898634221,637,382.0,,2.0,2,,visible_pixel_support,False,visible_candidate,line-uct-test-a22-000460,2.4178659818485357
uct-test-a22,1.4746973296253365,0.13695082125448443,0.001434130905212605,0.004745740898634221,638,381.0,,2.0,2,,visible_pixel_support,False,visible_candidate,line-uct-test-a22-000461,2.428619087058564
uct-test-a22,1.4775655914357615,0.14169656215311854,0.001434130905212605,0.005932176123292776,639,379.0,,2.5,4,,visible_pixel_support,False,visible_candidate,line-uct-test-a22-000462,3.4313319282773023
uct-test-a22,1.4804338532461865,0.14169656215311854,0.001434130905212605,0.005932176123292776,640,379.0,,2.5,3,,visible_pixel_support,False,visible_candidate,line-uct-test-a22-000463,2.4282390191986565
uct-test-a22,1.4833021150566117,0.14644230305175276,0.001434130905212605,0.005932176123292776,641,377.0,,2.5,4,,visible_pixel_support,False,visible_candidate,line-uct-test-a22-000464,3.421574873516363
uct-test-a22,1.4861703768670367,0.14881517350106988,0.001434130905212605,0.005932176123292776,642,376.0,,2.5,4,,visible_pixel_support,False,visible_candidate,line-uct-test-a22-000465,3.4135740049242713
uct-test-a22,1.4890386386774617,0.15118804395038699,0.001434130905212605,0.004745740898634221,643,375.0,,2.0,4,,visible_pixel_support,False,visible_candidate,line-uct-test-a22-000466,3.4064709271161746
uct-test-a22,1.4919069004878867,0.1535609143997041,0.001434130905212605,0.007118611347951331,644,374.0,,3.0,2,,visible_pixel_support,False,visible_candidate,line-uct-test-a22-000467,3.4025001537859794
uct-test-a22,1.4947751622983116,0.16542526664628954,0.001434130905212605,0.0023728704493171104,645,369.0,,1.0,3,,visible_pixel_support,False,visible_candidate,line-uct-test-a22-000468,7.4038961986274785
uct-test-a22,1.4976434241087366,0.16779813709560665,0.001434130905212605,0.0011864352246585552,646,368.0,,0.5,1,,visible_pixel_support,False,visible_candidate,line-uct-test-a22-000469,7.412893575334465
uct-test-a22,1.5033799477295866,0.1583066552983382,0.001434130905212605,0.009491481797268442,648,372.0,,4.0,2,,visible_pixel_support,True,visible_candidate,line-uct-test-a22-000470,1.462630379120185
uct-test-a22,1.5062482095400116,0.16067952574765532,0.001434130905212605,0.008305046572609887,649,371.0,,3.5,2,,visible_pixel_support,False,visible_candidate,line-uct-test-a22-000471,1.5078388335866748
uct-test-a22,1.5091164713504366,0.16305239619697243,0.001434130905212605,0.009491481797268442,650,370.0,,4.0,4,,visible_pixel_support,False,visible_candidate,line-uct-test-a22-000472,1.5695866746939373
uct-test-a22,1.5119847331608616,0.16305239619697243,0.001434130905212605,0.010677917021926997,651,370.0,,4.5,4,,visible_pixel_support,False,visible_candidate,line-uct-test-a22-000473,0.6501084161358222
uct-test-a22,1.5148529949712866,0.16779813709560665,0.001434130905212605,0.010677917021926997,652,368.0,,4.5,5,,visible_pixel_support,False,visible_candidate,line-uct-test-a22-000474,1.751638571606179
uct-test-a22,1.5177212567817115,0.16779813709560665,0.001434130905212605,0.0035593056739756657,653,368.0,,1.5,4,,visible_pixel_support,False,visible_candidate,line-uct-test-a22-000475,0.876411654798801
uct-test-a22,1.5205895185921365,0.17017100754492376,0.001434130905212605,0.0035593056739756657,654,367.0,,1.5,4,,visible_pixel_support,False,visible_candidate,line-uct-test-a22-000476,1.026662179407424
uct-test-a22,1.5234577804025615,0.17254387799424087,0.001434130905212605,0.0023728704493171104,655,366.0,,1.0,3,,visible_pixel_support,False,visible_candidate,line-uct-test-a22-000477,1.2046246591261252
uct-test-a22,1.5263260422129865,0.17017100754492376,0.001434130905212605,0.0011864352246585552,656,367.0,,0.5,1,,visible_pixel_support,False,visible_candidate,line-uct-test-a22-000478,0.5874663923514731
uct-test-a22,1.5291943040234115,0.17017100754492376,0.001434130905212605,0.0011864352246585552,657,367.0,,0.5,1,,visible_pixel_support,False,visible_candidate,line-uct-test-a22-000479,1.3473764613314643
uct-test-a22,1.5320625658338365,0.1820353597915092,0.001434130905212605,0.009491481797268442,658,362.0,,4.0,5,,visible_pixel_support,False,visible_candidate,line-uct-test-a22-000480,2.927128965879888
uct-test-a22,1.5349308276442615,0.1820353597915092,0.001434130905212605,0.013050787471243996,659,362.0,,5.5,6,,visible_pixel_support,False,visible_candidate,line-uct-test-a22-000481,2.238284402976433
uct-test-a22,1.5377990894546865,0.1844082302408263,0.001434130905212605,0.011864352246585441,660,361.0,,5.0,7,,visible_pixel_support,False,visible_candidate,line-uct-test-a22-000482,2.588324363652191
uct-test-a22,1.5406673512651115,0.1844082302408263,0.001434130905212605,0.010677917021926886,661,361.0,,4.5,8,,visible_pixel_support,False,visible_candidate,line-uct-test-a22-000483,1.9794833616006713
uct-test-a22,1.5435356130755364,0.1820353597915092,0.001434130905212605,0.009491481797268442,662,362.0,,4.0,7,,visible_pixel_support,False,visible_candidate,line-uct-test-a22-000484,0.41399591051583684
uct-test-a22,1.5464038748859614,0.1820353597915092,0.001434130905212605,0.009491481797268442,663,362.0,,4.0,7,,visible_pixel_support,False,visible_candidate,line-uct-test-a22-000485,0.10590347590834881
uct-test-a22,1.5492721366963864,0.17728961889287498,0.001434130905212605,0.011864352246585552,664,364.0,,5.0,3,,visible_pixel_support,False,visible_candidate,line-uct-test-a22-000486,2.5779802839782633
uct-test-a22,1.5521403985068114,0.19864545293672886,0.001434130905212605,0.0011864352246585552,665,355.0,,0.5,1,,visible_pixel_support,False,visible_candidate,line-uct-test-a22-000487,6.0
uct-test-a22,1.5550086603172364,0.18678110069014342,0.001434130905212605,0.011864352246585552,666,360.0,,5.0,5,,visible_pixel_support,False,visible_candidate,line-uct-test-a22-000488,0.6122870781005645
uct-test-a22,1.5578769221276614,0.18678110069014342,0.001434130905212605,0.014237222695902552,667,360.0,,6.0,7,,visible_pixel_support,False,visible_candidate,line-uct-test-a22-000489,0.24091472892501997
uct-test-a22,1.5607451839380864,0.1844082302408263,0.001434130905212605,0.016610093145219662,668,361.0,,7.0,6,,visible_pixel_support,False,visible_candidate,line-uct-test-a22-000490,1.115206419041499
uct-test-a22,1.5636134457485116,0.19627258248741175,0.001434130905212605,0.017796528369878217,669,356.0,,7.5,4,,visible_pixel_support,False,visible_candidate,line-uct-test-a22-000491,3.5428342626859717
uct-test-a22,1.5664817075589366,0.1820353597915092,0.001434130905212605,0.015423657920561107,670,362.0,,6.5,5,,visible_pixel_support,False,visible_candidate,line-uct-test-a22-000492,2.7860525974073767
uct-test-a22,1.5693499693693616,0.19627258248741175,0.001434130905212605,0.010677917021926997,671,356.0,,4.5,3,,visible_pixel_support,False,visible_candidate,line-uct-test-a22-000493,2.897043629163477
uct-test-a22,1.5722182311797865,0.20101832338604597,0.001434130905212605,0.015423657920561107,672,354.0,,6.5,2,,visible_pixel_support,False,visible_candidate,line-uct-test-a22-000494,4.59103357088361
uct-test-a22,1.5750864929902115,0.19864545293672886,0.001434130905212605,0.014237222695902552,673,355.0,,6.0,3,,visible_pixel_support,False,visible_candidate,line-uct-test-a22-000495,3.2948278562381006
uct-test-a22,1.5779547548006365,0.19864545293672886,0.001434130905212605,0.0011864352246585552,674,355.0,,0.5,2,,visible_pixel_support,False,visible_candidate,line-uct-test-a22-000496,3.0073371137119693
uct-test-a22,1.5808230166110615,0.19864545293672886,0.001434130905212605,0.0011864352246585552,675,355.0,,0.5,1,,visible_pixel_support,False,visible_candidate,line-uct-test-a22-000497,2.727471971790294
uct-test-a22,1.5836912784214865,0.19864545293672886,0.001434130905212605,0.0011864352246585552,676,355.0,,0.5,2,,visible_pixel_support,False,visible_candidate,line-uct-test-a22-000498,2.454143058958323
uct-test-a22,1.5865595402319115,0.20101832338604597,0.001434130905212605,0.0011864352246585552,677,354.0,,0.5,1,,visible_pixel_support,False,visible_candidate,line-uct-test-a22-000499,3.1862610037009063
uct-test-a22,1.5894278020423365,0.20101832338604597,0.001434130905212605,0.0011864352246585552,678,354.0,,0.5,1,,visible_pixel_support,False,visible_candidate,line-uct-test-a22-000500,2.9227364345031788
uct-test-a22,1.5922960638527615,0.20101832338604597,0.001434130905212605,0.0011864352246585552,679,354.0,,0.5,1,,visible_pixel_support,False,visible_candidate,line-uct-test-a22-000501,2.662479979850218
uct-test-a22,1.5951643256631864,0.19864545293672886,0.001434130905212605,0.0011864352246585552,680,355.0,,0.5,2,,visible_pixel_support,False,visible_candidate,line-uct-test-a22-000502,1.4044022682271589
uct-test-a22,1.5980325874736114,0.19627258248741175,0.001434130905212605,0.0011864352246585552,681,356.0,,0.5,2,,visible_pixel_support,False,visible_candidate,line-uct-test-a22-000503,0.14741392811902188
uct-test-a22,1.6009008492840364,0.19389971203809464,0.001434130905212605,0.0011864352246585552,682,357.0,,0.5,1,,visible_pixel_support,False,visible_candidate,line-uct-test-a22-000504,1.109574411989115
uct-test-a22,1.6037691110944614,0.19389971203809464,0.001434130905212605,0.0011864352246585552,683,357.0,,0.5,1,,visible_pixel_support,False,visible_candidate,line-uct-test-a22-000505,1.3676521236121744
uct-test-a22,1.6066373729048864,0.19389971203809464,0.001434130905212605,0.0011864352246585552,684,357.0,,0.5,2,,visible_pixel_support,False,visible_candidate,line-uct-test-a22-000506,1.6279085782650782
uct-test-a22,1.6095056347153114,0.19152684158877764,0.001434130905212605,0.0011864352246585552,685,358.0,,0.5,1,,visible_pixel_support,False,visible_candidate,line-uct-test-a22-000507,2.8914331474628625
uct-test-a22,1.6123738965257364,0.19152684158877764,0.001434130905212605,0.0011864352246585552,686,358.0,,0.5,1,,visible_pixel_support,False,visible_candidate,line-uct-test-a22-000508,3.1593152027202223
uct-test-a22,1.6152421583361614,0.19389971203809464,0.001434130905212605,0.0011864352246585552,687,357.0,,0.5,1,,visible_pixel_support,False,visible_candidate,line-uct-test-a22-000509,2.432644115552307
uct-test-a22,1.6181104201465863,0.19864545293672886,0.001434130905212605,0.0023728704493171104,688,355.0,,1.0,2,,visible_pixel_support,False,visible_candidate,line-uct-test-a22-000510,0.7125092574739256
uct-test-a22,1.6209786819570113,0.19864545293672886,0.001434130905212605,0.0023728704493171104,689,355.0,,1.0,3,,visible_pixel_support,False,visible_candidate,line-uct-test-a22-000511,1.0
uct-test-a33,0.07498556613793866,0.06339183732565445,0.001434130905212494,0.0011864352246585552,150,412.0,,0.5,2,,visible_pixel_support,True,visible_candidate,line-uct-test-a33-000001,3.793663833572168
uct-test-a33,0.07785382794836365,0.06339183732565445,0.001434130905212494,0.0035593056739756657,151,412.0,,1.5,4,,visible_pixel_support,False,visible_candidate,line-uct-test-a33-000002,3.7769747824220303
uct-test-a33,0.08072208975878864,0.06339183732565445,0.001434130905212494,0.0035593056739756657,152,412.0,,1.5,4,,visible_pixel_support,False,visible_candidate,line-uct-test-a33-000003,3.7603283898305335
uct-test-a33,0.08359035156921368,0.06576470777497156,0.0014341309052125495,0.004745740898634221,153,411.0,,2.0,5,,visible_pixel_support,False,visible_candidate,line-uct-test-a33-000004,2.7437171278166375
uct-test-a33,0.08645861337963867,0.06576470777497156,0.001434130905212494,0.0035593056739756657,154,411.0,,1.5,4,,visible_pixel_support,False,visible_candidate,line-uct-test-a33-000005,2.7271334683994723
uct-test-a33,0.08932687519006366,0.06813757822428856,0.001434130905212494,0.004745740898634221,155,410.0,,2.0,5,,visible_pixel_support,False,visible_candidate,line-uct-test-a33-000006,1.7105698835981116
uct-test-a33,0.09219513700048865,0.06813757822428856,0.001434130905212494,0.004745740898634221,156,410.0,,2.0,5,,visible_pixel_support,False,visible_candidate,line-uct-test-a33-000007,1.6940188454316285
uct-test-a33,0.09506339881091364,0.06813757822428856,0.001434130905212494,0.004745740898634221,157,410.0,,2.0,5,,visible_pixel_support,False,visible_candidate,line-uct-test-a33-000008,1.6774728259190397
uct-test-a33,0.09793166062133862,0.06813757822428856,0.001434130905212494,0.004745740898634221,158,410.0,,2.0,5,,visible_pixel_support,False,visible_candidate,line-uct-test-a33-000009,1.6609242970796458
uct-test-a33,0.10079992243176361,0.06813757822428856,0.001434130905212494,0.004745740898634221,159,410.0,,2.0,5,,visible_pixel_support,False,visible_candidate,line-uct-test-a33-000010,1.6443657309321793
uct-test-a33,0.1036681842421886,0.07051044867360567,0.0014341309052125495,0.004745740898634221,160,409.0,,2.0,5,,visible_pixel_support,False,visible_candidate,line-uct-test-a33-000011,0.6277895994959408
uct-test-a33,0.10653644605261364,0.07051044867360567,0.001434130905212494,0.004745740898634221,161,409.0,,2.0,5,,visible_pixel_support,False,visible_candidate,line-uct-test-a33-000012,0.6111883747900038
uct-test-a33,0.10940470786303863,0.07051044867360567,0.001434130905212494,0.004745740898634221,162,409.0,,2.0,5,,visible_pixel_support,False,visible_candidate,line-uct-test-a33-000013,0.594554528833271
uct-test-a33,0.11227296967346362,0.07051044867360567,0.001434130905212494,0.0035593056739756657,163,409.0,,1.5,4,,visible_pixel_support,False,visible_candidate,line-uct-test-a33-000014,0.5778805336450432
uct-test-a33,0.1151412314838886,0.07051044867360567,0.001434130905212494,0.0011864352246585552,164,409.0,,0.5,2,,visible_pixel_support,False,visible_candidate,line-uct-test-a33-000015,0.5611588612442233
uct-test-a33,0.13521906415686358,0.07051044867360567,0.001434130905212494,0.0011864352246585552,171,409.0,,0.5,2,,visible_pixel_support,True,visible_candidate,line-uct-test-a33-000016,0.4421398420899436
uct-test-a33,0.13808732596728857,0.07051044867360567,0.001434130905212494,0.0035593056739756657,172,409.0,,1.5,4,,visible_pixel_support,False,visible_candidate,line-uct-test-a33-000017,0.42476574467553974
uct-test-a33,0.14095558777771355,0.07051044867360567,0.001434130905212494,0.004745740898634221,173,409.0,,2.0,5,,visible_pixel_support,False,visible_candidate,line-uct-test-a33-000018,0.4072762182203178
uct-test-a33,0.14382384958813854,0.07051044867360567,0.001434130905212494,0.004745740898634221,174,409.0,,2.0,5,,visible_pixel_support,False,visible_candidate,line-uct-test-a33-000019,0.38966373474323746
uct-test-a33,0.14669211139856353,0.06813757822428856,0.001434130905212494,0.004745740898634221,175,410.0,,2.0,5,,visible_pixel_support,False,visible_candidate,line-uct-test-a33-000020,1.3719207662635426
uct-test-a33,0.14956037320898852,0.06813757822428856,0.001434130905212494,0.004745740898634221,176,410.0,,2.0,5,,visible_pixel_support,False,visible_candidate,line-uct-test-a33-000021,1.3540397848001362
uct-test-a33,0.1524286350194135,0.06813757822428856,0.001434130905212494,0.004745740898634221,177,410.0,,2.0,5,,visible_pixel_support,False,visible_candidate,line-uct-test-a33-000022,1.3360132623722052
uct-test-a33,0.1552968968298386,0.06813757822428856,0.001434130905212605,0.0035593056739756657,178,410.0,,1.5,4,,visible_pixel_support,False,visible_candidate,line-uct-test-a33-000023,1.3178336709987093
uct-test-a33,0.1581651586402636,0.06813757822428856,0.001434130905212494,0.004745740898634221,179,410.0,,2.0,5,,visible_pixel_support,False,visible_candidate,line-uct-test-a33-000024,1.2994934826987787
uct-test-a33,0.16103342045068858,0.06813757822428856,0.001434130905212494,0.004745740898634221,180,410.0,,2.0,5,,visible_pixel_support,False,visible_candidate,line-uct-test-a33-000025,1.2809851694915437
uct-test-a33,0.16390168226111357,0.06813757822428856,0.001434130905212494,0.004745740898634221,181,410.0,,2.0,5,,visible_pixel_support,False,visible_candidate,line-uct-test-a33-000026,1.262301203395964
uct-test-a33,0.16676994407153856,0.06813757822428856,0.001434130905212494,0.004745740898634221,182,410.0,,2.0,5,,visible_pixel_support,False,visible_candidate,line-uct-test-a33-000027,1.2434340564312834
uct-test-a33,0.16963820588196354,0.06576470777497156,0.001434130905212494,0.0035593056739756657,183,411.0,,1.5,4,,visible_pixel_support,False,visible_candidate,line-uct-test-a33-000028,2.2243762006164616
uct-test-a33,0.17250646769238853,0.06576470777497156,0.001434130905212494,0.0035593056739756657,184,411.0,,1.5,4,,visible_pixel_support,False,visible_candidate,line-uct-test-a33-000029,2.205120107970572
uct-test-a33,0.17537472950281352,0.06339183732565445,0.001434130905212494,0.0011864352246585552,185,412.0,,0.5,1,,visible_pixel_support,False,visible_candidate,line-uct-test-a33-000030,3.185658250512688
uct-test-a33,0.19545256217578855,0.061018966876337344,0.001434130905212605,0.0035593056739756657,192,413.0,,1.5,4,,visible_pixel_support,True,visible_candidate,line-uct-test-a33-000031,4.0430314831743885
uct-test-a33,0.19832082398621353,0.061018966876337344,0.001434130905212494,0.0035593056739756657,193,413.0,,1.5,4,,visible_pixel_support,False,visible_candidate,line-uct-test-a33-000032,4.021652499907361
uct-test-a33,0.20118908579663852,0.061018966876337344,0.001434130905212494,0.0035593056739756657,194,413.0,,1.5,4,,visible_pixel_support,False,visible_candidate,line-uct-test-a33-000033,4.0
uct-test-a33,0.2040573476070635,0.061018966876337344,0.001434130905212494,0.0035593056739756657,195,413.0,,1.5,4,,visible_pixel_support,False,visible_candidate,line-uct-test-a33-000034,3.9776135790878016
uct-test-a33,0.2069256094174885,0.061018966876337344,0.001434130905212494,0.004745740898634221,196,413.0,,2.0,5,,visible_pixel_support,False,visible_candidate,line-uct-test-a33-000035,3.9540667094925084
uct-test-a33,0.2097938712279135,0.061018966876337344,0.001434130905212494,0.0035593056739756657,197,413.0,,1.5,4,,visible_pixel_support,False,visible_candidate,line-uct-test-a33-000036,3.9294026782625906
uct-test-a33,0.21266213303833847,0.061018966876337344,0.001434130905212494,0.0035593056739756657,198,413.0,,1.5,4,,visible_pixel_support,False,visible_candidate,line-uct-test-a33-000037,3.9036647724464615
uct-test-a33,0.21553039484876346,0.061018966876337344,0.001434130905212494,0.0035593056739756657,199,413.0,,1.5,4,,visible_pixel_support,False,visible_candidate,line-uct-test-a33-000038,3.876896279092705
uct-test-a33,0.21839865665918845,0.061018966876337344,0.001434130905212494,0.0035593056739756657,200,413.0,,1.5,4,,visible_pixel_support,False,visible_candidate,line-uct-test-a33-000039,3.849140485249791
uct-test-a33,0.22126691846961344,0.061018966876337344,0.001434130905212494,0.0035593056739756657,201,413.0,,1.5,4,,visible_pixel_support,False,visible_candidate,line-uct-test-a33-000040,3.8204406779661326
uct-test-a33,0.22413518028003843,0.061018966876337344,0.001434130905212494,0.0035593056739756657,202,413.0,,1.5,4,,visible_pixel_support,False,visible_candidate,line-uct-test-a33-000041,3.7908401442901436
uct-test-a33,0.22700344209046341,0.061018966876337344,0.001434130905212494,0.004745740898634221,203,413.0,,2.0,5,,visible_pixel_support,False,visible_candidate,line-uct-test-a33-000042,3.7603821712704075
uct-test-a33,0.2298717039008884,0.061018966876337344,0.001434130905212494,0.0035593056739756657,204,413.0,,1.5,4,,visible_pixel_support,False,visible_candidate,line-uct-test-a33-000043,3.7291100459553945
uct-test-a33,0.2327399657113134,0.061018966876337344,0.001434130905212494,0.0023728704493171104,205,413.0,,1.0,3,,visible_pixel_support,False,visible_candidate,line-uct-test-a33-000044,3.6970670553935747
uct-test-a33,0.23560822752173838,0.05864609642702023,0.001434130905212605,0.0011864352246585552,206,414.0,,0.5,1,,visible_pixel_support,False,visible_candidate,line-uct-test-a33-000045,4.664296486633475
uct-test-a33,0.2556860601947134,0.061018966876337344,0.001434130905212494,0.0011864352246585552,213,413.0,,0.5,2,,visible_pixel_support,True,visible_candidate,line-uct-test-a33-000046,3.418166427830215
uct-test-a33,0.2585543220051384,0.061018966876337344,0.001434130905212494,0.0035593056739756657,214,413.0,,1.5,4,,visible_pixel_support,False,visible_candidate,line-uct-test-a33-000047,3.381133567228403
uct-test-a33,0.2614225838155634,0.061018966876337344,0.001434130905212494,0.0035593056739756657,215,413.0,,1.5,4,,visible_pixel_support,False,visible_candidate,line-uct-test-a33-000048,3.343762711864372
uct-test-a33,0.26429084562598837,0.061018966876337344,0.001434130905212494,0.0035593056739756657,216,413.0,,1.5,4,,visible_pixel_support,False,visible_candidate,line-uct-test-a33-000049,3.3060971487868187
uct-test-a33,0.26715910743641336,0.061018966876337344,0.001434130905212494,0.0035593056739756657,217,413.0,,1.5,4,,visible_pixel_support,False,visible_candidate,line-uct-test-a33-000050,3.268180165044214
uct-test-a33,0.27002736924683834,0.061018966876337344,0.001434130905212494,0.0035593056739756657,218,413.0,,1.5,4,,visible_pixel_support,False,visible_candidate,line-uct-test-a33-000051,3.230055047684914
uct-test-a33,0.27289563105726333,0.061018966876337344,0.001434130905212494,0.0035593056739756657,219,413.0,,1.5,4,,visible_pixel_support,False,visible_candidate,line-uct-test-a33-000052,3.1917650837574456
uct-test-a33,0.2757638928676883,0.06339183732565445,0.001434130905212605,0.004745740898634221,220,412.0,,2.0,5,,visible_pixel_support,False,visible_candidate,line-uct-test-a33-000053,2.153353560310336
uct-test-a33,0.2786321546781134,0.06339183732565445,0.001434130905212494,0.0035593056739756657,221,412.0,,1.5,4,,visible_pixel_support,False,visible_candidate,line-uct-test-a33-000054,2.1148637643919983
uct-test-a33,0.2815004164885384,0.06339183732565445,0.001434130905212494,0.0035593056739756657,222,412.0,,1.5,4,,visible_pixel_support,False,visible_candidate,line-uct-test-a33-000055,2.076338983050846
uct-test-a33,0.2843686782989634,0.06339183732565445,0.001434130905212494,0.0035593056739756657,223,412.0,,1.5,4,,visible_pixel_support,False,visible_candidate,line-uct-test-a33-000056,2.0378225033354056
uct-test-a33,0.2872369401093884,0.06339183732565445,0.001434130905212494,0.0035593056739756657,224,412.0,,1.5,4,,visible_pixel_support,False,visible_candidate,line-uct-test-a33-000057,1.9993576122943182
uct-test-a33,0.29010520191981337,0.06339183732565445,0.001434130905212494,0.0035593056739756657,225,412.0,,1.5,4,,visible_pixel_support,False,visible_candidate,line-uct-test-a33-000058,1.9609875969758264
uct-test-a33,0.29297346373023836,0.06339183732565445,0.001434130905212494,0.0035593056739756657,226,412.0,,1.5,4,,visible_pixel_support,False,visible_candidate,line-uct-test-a33-000059,1.922755744428514
uct-test-a33,0.29584172554066335,0.06339183732565445,0.001434130905212494,0.0011864352246585552,227,412.0,,0.5,2,,visible_pixel_support,False,visible_candidate,line-uct-test-a33-000060,1.884705341700851
uct-test-a33,0.31591955821363826,0.06339183732565445,0.001434130905212494,0.0011864352246585552,234,412.0,,0.5,1,,visible_pixel_support,True,visible_candidate,line-uct-test-a33-000061,1.6270692296288871
uct-test-a33,0.31878782002406336,0.06339183732565445,0.001434130905212605,0.0023728704493171104,235,412.0,,1.0,3,,visible_pixel_support,False,visible_candidate,line-uct-test-a33-000062,1.5920287592034583
uct-test-a33,0.32165608183448835,0.06339183732565445,0.001434130905212494,0.0035593056739756657,236,412.0,,1.5,4,,visible_pixel_support,False,visible_candidate,line-uct-test-a33-000063,1.557559322033967
uct-test-a33,0.32452434364491334,0.06339183732565445,0.001434130905212494,0.0035593056739756657,237,412.0,,1.5,4,,visible_pixel_support,False,visible_candidate,line-uct-test-a33-000064,1.5237042051687695
uct-test-a33,0.3273926054553383,0.06339183732565445,0.001434130905212494,0.0035593056739756657,238,412.0,,1.5,4,,visible_pixel_support,False,visible_candidate,line-uct-test-a33-000065,1.4905066956565065
uct-test-a33,0.3302608672657633,0.06339183732565445,0.001434130905212494,0.0035593056739756657,239,412.0,,1.5,4,,visible_pixel_support,False,visible_candidate,line-uct-test-a33-000066,1.4580100805455345
uct-test-a33,0.3331291290761883,0.06339183732565445,0.001434130905212494,0.0035593056739756657,240,412.0,,1.5,4,,visible_pixel_support,False,visible_candidate,line-uct-test-a33-000067,1.4262576468844372
uct-test-a33,0.3359973908866133,0.06339183732565445,0.001434130905212494,0.0035593056739756657,241,412.0,,1.5,4,,visible_pixel_support,False,visible_candidate,line-uct-test-a33-000068,1.395292681721628
uct-test-a33,0.3388656526970383,0.06339183732565445,0.001434130905212494,0.0035593056739756657,242,412.0,,1.5,4,,visible_pixel_support,False,visible_candidate,line-uct-test-a33-000069,1.36515847210552
uct-test-a33,0.34173391450746327,0.06339183732565445,0.001434130905212494,0.0035593056739756657,243,412.0,,1.5,4,,visible_pixel_support,False,visible_candidate,line-uct-test-a33-000070,1.3358983050846973
uct-test-a33,0.34460217631788825,0.06339183732565445,0.001434130905212494,0.0035593056739756657,244,412.0,,1.5,4,,visible_pixel_support,False,visible_candidate,line-uct-test-a33-000071,1.3075554677076298
uct-test-a33,0.34747043812831324,0.06339183732565445,0.001434130905212494,0.0035593056739756657,245,412.0,,1.5,4,,visible_pixel_support,False,visible_candidate,line-uct-test-a33-000072,1.2801732470227876
uct-test-a33,0.35033869993873823,0.06339183732565445,0.001434130905212494,0.0035593056739756657,246,412.0,,1.5,4,,visible_pixel_support,False,visible_candidate,line-uct-test-a33-000073,1.253794930078584
uct-test-a33,0.3532069617491632,0.06339183732565445,0.001434130905212494,0.0035593056739756657,247,412.0,,1.5,4,,visible_pixel_support,False,visible_candidate,line-uct-test-a33-000074,1.2284638039234892
uct-test-a33,0.3560752235595882,0.06339183732565445,0.001434130905212494,0.0023728704493171104,248,412.0,,1.0,3,,visible_pixel_support,False,visible_candidate,line-uct-test-a33-000075,1.204223155606087
uct-test-a33,0.3790213180429882,0.06339183732565445,0.001434130905212494,0.0023728704493171104,256,412.0,,1.0,3,,visible_pixel_support,True,visible_candidate,line-uct-test-a33-000076,1.0547496170381123
uct-test-a33,0.3818895798534132,0.06339183732565445,0.001434130905212494,0.0023728704493171104,257,412.0,,1.0,3,,visible_pixel_support,False,visible_candidate,line-uct-test-a33-000077,1.0422711864407006
uct-test-a33,0.3847578416638382,0.06576470777497156,0.001434130905212494,0.0035593056739756657,258,411.0,,1.5,4,,visible_pixel_support,False,visible_candidate,line-uct-test-a33-000078,0.0313161041656258
uct-test-a33,0.3876261034742632,0.06576470777497156,0.001434130905212494,0.0035593056739756657,259,411.0,,1.5,4,,visible_pixel_support,False,visible_candidate,line-uct-test-a33-000079,0.02192765726141488
uct-test-a33,0.39049436528468817,0.06576470777497156,0.001434130905212494,0.0035593056739756657,260,411.0,,1.5,4,,visible_pixel_support,False,visible_candidate,line-uct-test-a33-000080,0.014149132776594797
uct-test-a33,0.39336262709511316,0.06576470777497156,0.001434130905212494,0.004745740898634221,261,411.0,,2.0,5,,visible_pixel_support,False,visible_candidate,line-uct-test-a33-000081,0.00802381775952199
uct-test-a33,0.39623088890553815,0.06576470777497156,0.001434130905212494,0.004745740898634221,262,411.0,,2.0,5,,visible_pixel_support,False,visible_candidate,line-uct-test-a33-000082,0.0035949992587802626
uct-test-a33,0.39909915071596314,0.06576470777497156,0.001434130905212605,0.004745740898634221,263,411.0,,2.0,5,,visible_pixel_support,False,visible_candidate,line-uct-test-a33-000083,0.0009059643227828929
uct-test-a33,0.40196741252638823,0.06576470777497156,0.001434130905212494,0.004745740898634221,264,411.0,,2.0,5,,visible_pixel_support,False,visible_candidate,line-uct-test-a33-000084,0.0
uct-test-a33,0.4048356743368132,0.06576470777497156,0.001434130905212494,0.0035593056739756657,265,411.0,,1.5,4,,visible_pixel_support,False,visible_candidate,line-uct-test-a33-000085,0.0016442292746887688
uct-test-a33,0.4077039361472382,0.06576470777497156,0.001434130905212494,0.0035593056739756657,266,411.0,,1.5,4,,visible_pixel_support,False,visible_candidate,line-uct-test-a33-000086,0.006529618884371757
uct-test-a33,0.4105721979576632,0.06576470777497156,0.001434130905212494,0.0035593056739756657,267,411.0,,1.5,4,,visible_pixel_support,False,visible_candidate,line-uct-test-a33-000087,0.01458522150750241
uct-test-a33,0.4134404597680882,0.06576470777497156,0.001434130905212494,0.0035593056739756657,268,411.0,,1.5,4,,visible_pixel_support,False,visible_candidate,line-uct-test-a33-000088,0.02574008982247733
uct-test-a33,0.4163087215785132,0.06576470777497156,0.001434130905212494,0.0035593056739756657,269,411.0,,1.5,4,,visible_pixel_support,False,visible_candidate,line-uct-test-a33-000089,0.03992327650774996
uct-test-a33,0.41917698338893816,0.06576470777497156,0.001434130905212494,0.0011864352246585552,270,411.0,,0.5,2,,visible_pixel_support,False,visible_candidate,line-uct-test-a33-000090,0.057063834241887434
uct-test-a33,0.4392548160619131,0.06576470777497156,0.001434130905212605,0.0011864352246585552,277,411.0,,0.5,2,,visible_pixel_support,True,visible_candidate,line-uct-test-a33-000091,0.2538945527342662
uct-test-a33,0.4421230778723382,0.06576470777497156,0.001434130905212494,0.0035593056739756657,278,411.0,,1.5,4,,visible_pixel_support,False,visible_candidate,line-uct-test-a33-000092,0.2921399752821685
uct-test-a33,0.44499133968276317,0.06576470777497156,0.001434130905212494,0.0035593056739756657,279,411.0,,1.5,4,,visible_pixel_support,False,visible_candidate,line-uct-test-a33-000093,0.33270424298484613
uct-test-a33,0.44785960149318815,0.06576470777497156,0.001434130905212494,0.004745740898634221,280,411.0,,2.0,5,,visible_pixel_support,False,visible_candidate,line-uct-test-a33-000094,0.375516408520582
uct-test-a33,0.45072786330361314,0.06576470777497156,0.001434130905212494,0.004745740898634221,281,411.0,,2.0,5,,visible_pixel_support,False,visible_candidate,line-uct-test-a33-000095,0.4205055245679432
uct-test-a33,0.45359612511403813,0.06576470777497156,0.001434130905212494,0.004745740898634221,282,411.0,,2.0,5,,visible_pixel_support,False,visible_candidate,line-uct-test-a33-000096,0.4676006438052127
uct-test-a33,0.4564643869244631,0.06813757822428856,0.001434130905212494,0.0035593056739756657,283,410.0,,1.5,4,,visible_pixel_support,False,visible_candidate,line-uct-test-a33-000097,0.48326918108898553
uct-test-a33,0.4593326487348881,0.06576470777497156,0.001434130905212494,0.004745740898634221,284,411.0,,2.0,5,,visible_pixel_support,False,visible_candidate,line-uct-test-a33-000098,0.5678251025638588
uct-test-a33,0.4622009105453131,0.06576470777497156,0.001434130905212494,0.004745740898634221,285,411.0,,2.0,5,,visible_pixel_support,False,visible_candidate,line-uct-test-a33-000099,0.6208125474419148
uct-test-a33,0.4650691723557381,0.06576470777497156,0.001434130905212494,0.004745740898634221,286,411.0,,2.0,5,,visible_pixel_support,False,visible_candidate,line-uct-test-a33-000100,0.675622206223693
uct-test-a33,0.46793743416616307,0.06576470777497156,0.001434130905212494,0.0035593056739756657,287,411.0,,1.5,4,,visible_pixel_support,False,visible_candidate,line-uct-test-a33-000101,0.7321831315878171
uct-test-a33,0.47080569597658806,0.06576470777497156,0.001434130905212494,0.004745740898634221,288,411.0,,2.0,5,,visible_pixel_support,False,visible_candidate,line-uct-test-a33-000102,0.7904243762125702
uct-test-a33,0.47367395778701304,0.06576470777497156,0.001434130905212494,0.004745740898634221,289,411.0,,2.0,5,,visible_pixel_support,False,visible_candidate,line-uct-test-a33-000103,0.8502749927763489
uct-test-a33,0.47654221959743803,0.06576470777497156,0.001434130905212494,0.0035593056739756657,290,411.0,,1.5,4,,visible_pixel_support,False,visible_candidate,line-uct-test-a33-000104,0.9116640339577202
uct-test-a33,0.479410481407863,0.06576470777497156,0.001434130905212494,0.0011864352246585552,291,411.0,,0.5,2,,visible_pixel_support,False,visible_candidate,line-uct-test-a33-000105,0.9745205524350808
uct-test-a33,0.49948831408083805,0.06813757822428856,0.001434130905212494,0.0011864352246585552,298,410.0,,0.5,1,,visible_pixel_support,True,visible_candidate,line-uct-test-a33-000106,0.44964597105274606
uct-test-a33,0.502356575891263,0.07051044867360567,0.001434130905212494,0.0035593056739756657,299,409.0,,1.5,4,,visible_pixel_support,False,visible_candidate,line-uct-test-a33-000107,0.4783117956782803
uct-test-a33,0.505224837701688,0.06813757822428856,0.001434130905212494,0.004745740898634221,300,410.0,,2.0,5,,visible_pixel_support,False,visible_candidate,line-uct-test-a33-000108,0.5945593889926499
uct-test-a33,0.508093099512113,0.06813757822428856,0.001434130905212494,0.004745740898634221,301,410.0,,2.0,5,,visible_pixel_support,False,visible_candidate,line-uct-test-a33-000109,0.6681885777439334
uct-test-a33,0.510961361322538,0.06813757822428856,0.001434130905212494,0.004745740898634221,302,410.0,,2.0,5,,visible_pixel_support,False,visible_candidate,line-uct-test-a33-000110,0.7425048232540234
uct-test-a33,0.513829623132963,0.06813757822428856,0.001434130905212494,0.0035593056739756657,303,410.0,,1.5,4,,visible_pixel_support,False,visible_candidate,line-uct-test-a33-000111,0.8174371782013736
uct-test-a33,0.516697884943388,0.06813757822428856,0.001434130905212494,0.004745740898634221,304,410.0,,2.0,5,,visible_pixel_support,False,visible_candidate,line-uct-test-a33-000112,0.8929146952643805
uct-test-a33,0.519566146753813,0.06813757822428856,0.001434130905212494,0.004745740898634221,305,410.0,,2.0,5,,visible_pixel_support,False,visible_candidate,line-uct-test-a33-000113,0.9688664271214975
uct-test-a33,0.5224344085642381,0.06813757822428856,0.001434130905212605,0.004745740898634221,306,410.0,,2.0,5,,visible_pixel_support,False,visible_candidate,line-uct-test-a33-000114,1.045221426451235
uct-test-a33,0.525302670374663,0.06813757822428856,0.001434130905212494,0.004745740898634221,307,410.0,,2.0,5,,visible_pixel_support,False,visible_candidate,line-uct-test-a33-000115,1.1219087459318757
uct-test-a33,0.528170932185088,0.06813757822428856,0.001434130905212494,0.004745740898634221,308,410.0,,2.0,5,,visible_pixel_support,False,visible_candidate,line-uct-test-a33-000116,1.1988574382421007
uct-test-a33,0.531039193995513,0.06813757822428856,0.001434130905212494,0.004745740898634221,309,410.0,,2.0,5,,visible_pixel_support,False,visible_candidate,line-uct-test-a33-000117,1.2759965560601358
uct-test-a33,0.533907455805938,0.06813757822428856,0.001434130905212494,0.004745740898634221,310,410.0,,2.0,5,,visible_pixel_support,False,visible_candidate,line-uct-test-a33-000118,1.3532551520644347
uct-test-a33,0.536775717616363,0.07051044867360567,0.001434130905212494,0.004745740898634221,311,409.0,,2.0,5,,visible_pixel_support,False,visible_candidate,line-uct-test-a33-000119,0.4305622789336212
uct-test-a33,0.539643979426788,0.07051044867360567,0.001434130905212494,0.0035593056739756657,312,409.0,,1.5,4,,visible_pixel_support,False,visible_candidate,line-uct-test-a33-000120,0.5078469893459783
uct-test-a33,0.5625900739101879,0.07051044867360567,0.001434130905212605,0.0023728704493171104,320,409.0,,1.0,3,,visible_pixel_support,True,visible_candidate,line-uct-test-a33-000121,1.1168040016124792
uct-test-a33,0.565458335720613,0.07051044867360567,0.001434130905212494,0.004745740898634221,321,409.0,,2.0,5,,visible_pixel_support,False,visible_candidate,line-uct-test-a33-000122,1.1906943344433785
uct-test-a33,0.568326597531038,0.07051044867360567,0.001434130905212494,0.004745740898634221,322,409.0,,2.0,5,,visible_pixel_support,False,visible_candidate,line-uct-test-a33-000123,1.263852777601869
uct-test-a33,0.571194859341463,0.07051044867360567,0.001434130905212494,0.004745740898634221,323,409.0,,2.0,5,,visible_pixel_support,False,visible_candidate,line-uct-test-a33-000124,1.3362083837664045
uct-test-a33,0.574063121151888,0.07051044867360567,0.001434130905212494,0.004745740898634221,324,409.0,,2.0,5,,visible_pixel_support,False,visible_candidate,line-uct-test-a33-000125,1.4076902056153813
uct-test-a33,0.5769313829623129,0.07288331912292279,0.001434130905212494,0.004745740898634221,325,408.0,,2.0,5,,visible_pixel_support,False,visible_candidate,line-uct-test-a33-000126,0.4782272958272529
uct-test-a33,0.5797996447727379,0.07288331912292279,0.001434130905212494,0.004745740898634221,326,408.0,,2.0,5,,visible_pixel_support,False,visible_candidate,line-uct-test-a33-000127,0.5477487070805864
uct-test-a33,0.5826679065831629,0.07288331912292279,0.001434130905212494,0.004745740898634221,327,408.0,,2.0,5,,visible_pixel_support,False,visible_candidate,line-uct-test-a33-000128,0.6161834920535512
uct-test-a33,0.5855361683935879,0.07288331912292279,0.001434130905212494,0.0035593056739756657,328,408.0,,1.5,4,,visible_pixel_support,False,visible_candidate,line-uct-test-a33-000129,0.6834607034248847
uct-test-a33,0.5884044302040129,0.07288331912292279,0.001434130905212494,0.004745740898634221,329,408.0,,2.0,5,,visible_pixel_support,False,visible_candidate,line-uct-test-a33-000130,0.7495093938728132
uct-test-a33,0.5912726920144379,0.07288331912292279,0.001434130905212494,0.004745740898634221,330,408.0,,2.0,5,,visible_pixel_support,False,visible_candidate,line-uct-test-a33-000131,0.8142586160758469
uct-test-a33,0.5941409538248629,0.07288331912292279,0.001434130905212494,0.0035593056739756657,331,408.0,,1.5,4,,visible_pixel_support,False,visible_candidate,line-uct-test-a33-000132,0.8776374227124393
uct-test-a33,0.5970092156352879,0.07288331912292279,0.001434130905212494,0.0035593056739756657,332,408.0,,1.5,4,,visible_pixel_support,False,visible_candidate,line-uct-test-a33-000133,0.9395748664610437
uct-test-a33,0.5998774774457128,0.07288331912292279,0.001434130905212494,0.0035593056739756657,333,408.0,,1.5,4,,visible_pixel_support,False,visible_candidate,line-uct-test-a33-000134,1.0
uct-test-a33,0.6027457392561378,0.07288331912292279,0.001434130905212605,0.0011864352246585552,334,408.0,,0.5,2,,visible_pixel_support,False,visible_candidate,line-uct-test-a33-000135,1.0591229959729844
uct-test-a33,0.6228235719291129,0.0752561895722399,0.001434130905212494,0.0023728704493171104,341,407.0,,1.0,3,,visible_pixel_support,True,visible_candidate,line-uct-test-a33-000136,0.44890920373194376
uct-test-a33,0.6256918337395379,0.0752561895722399,0.001434130905212494,0.0035593056739756657,342,407.0,,1.5,4,,visible_pixel_support,False,visible_candidate,line-uct-test-a33-000137,0.5019855373681139
uct-test-a33,0.6285600955499628,0.0752561895722399,0.001434130905212494,0.0035593056739756657,343,407.0,,1.5,4,,visible_pixel_support,False,visible_candidate,line-uct-test-a33-000138,0.5546179788415202
uct-test-a33,0.6314283573603878,0.0752561895722399,0.001434130905212494,0.0035593056739756657,344,407.0,,1.5,4,,visible_pixel_support,False,visible_candidate,line-uct-test-a33-000139,0.6068758482919634
uct-test-a33,0.6342966191708128,0.0752561895722399,0.001434130905212494,0.0035593056739756657,345,407.0,,1.5,4,,visible_pixel_support,False,visible_candidate,line-uct-test-a33-000140,0.6588284658592443
uct-test-a33,0.6371648809812378,0.0752561895722399,0.001434130905212494,0.0035593056739756657,346,407.0,,1.5,4,,visible_pixel_support,False,visible_candidate,line-uct-test-a33-000141,0.7105451516832773
uct-test-a33,0.6400331427916628,0.0752561895722399,0.001434130905212494,0.0035593056739756657,347,407.0,,1.5,4,,visible_pixel_support,False,visible_candidate,line-uct-test-a33-000142,0.7620952259038631
uct-test-a33,0.6429014046020878,0.0752561895722399,0.001434130905212605,0.0035593056739756657,348,407.0,,1.5,4,,visible_pixel_support,False,visible_candidate,line-uct-test-a33-000143,0.8135480086608027
uct-test-a33,0.6457696664125128,0.0752561895722399,0.001434130905212605,0.004745740898634221,349,407.0,,2.0,5,,visible_pixel_support,False,visible_candidate,line-uct-test-a33-000144,0.8649728200939535
uct-test-a33,0.6486379282229378,0.0752561895722399,0.001434130905212605,0.004745740898634221,350,407.0,,2.0,5,,visible_pixel_support,False,visible_candidate,line-uct-test-a33-000145,0.9164389803431732
uct-test-a33,0.6515061900333627,0.0752561895722399,0.001434130905212605,0.0035593056739756657,351,407.0,,1.5,4,,visible_pixel_support,False,visible_candidate,line-uct-test-a33-000146,0.9680158095482057
uct-test-a33,0.6543744518437877,0.0752561895722399,0.001434130905212605,0.004745740898634221,352,407.0,,2.0,5,,visible_pixel_support,False,visible_candidate,line-uct-test-a33-000147,1.019772627849136
uct-test-a33,0.6572427136542127,0.077629060021557,0.001434130905212605,0.0035593056739756657,353,406.0,,1.5,4,,visible_pixel_support,False,visible_candidate,line-uct-test-a33-000148,0.0717787553855942
uct-test-a33,0.6601109754646377,0.0752561895722399,0.001434130905212605,0.0023728704493171104,354,407.0,,1.0,3,,visible_pixel_support,False,visible_candidate,line-uct-test-a33-000149,1.124103512297438
uct-test-a33,0.6629792372750627,0.0752561895722399,0.001434130905212605,0.0011864352246585552,355,407.0,,0.5,1,,visible_pixel_support,False,visible_candidate,line-uct-test-a33-000150,1.1768162187245252
uct-test-a33,0.6830570699480378,0.08000193047087412,0.001434130905212605,0.0011864352246585552,362,405.0,,0.5,2,,visible_pixel_support,True,visible_candidate,line-uct-test-a33-000151,0.4375093581116971
uct-test-a33,0.6859253317584628,0.08000193047087412,0.001434130905212605,0.0035593056739756657,363,405.0,,1.5,4,,visible_pixel_support,False,visible_candidate,line-uct-test-a33-000152,0.37919753052830174
uct-test-a33,0.6887935935688878,0.08000193047087412,0.001434130905212605,0.0035593056739756657,364,405.0,,1.5,4,,visible_pixel_support,False,visible_candidate,line-uct-test-a33-000153,0.3198738721710015
uct-test-a33,0.6916618553793128,0.08000193047087412,0.001434130905212605,0.004745740898634221,365,405.0,,2.0,5,,visible_pixel_support,False,visible_candidate,line-uct-test-a33-000154,0.25946906290016614
uct-test-a33,0.6945301171897378,0.08000193047087412,0.001434130905212605,0.0035593056739756657,366,405.0,,1.5,4,,visible_pixel_support,False,visible_candidate,line-uct-test-a33-000155,0.19791378257571068
uct-test-a33,0.6973983790001628,0.08000193047087412,0.001434130905212605,0.0035593056739756657,367,405.0,,1.5,4,,visible_pixel_support,False,visible_candidate,line-uct-test-a33-000156,0.13513871105794806
uct-test-a33,0.7002666408105878,0.08000193047087412,0.001434130905212605,0.0035593056739756657,368,405.0,,1.5,4,,visible_pixel_support,False,visible_candidate,line-uct-test-a33-000157,0.07107452820707749
uct-test-a33,0.7031349026210127,0.08000193047087412,0.001434130905212605,0.0035593056739756657,369,405.0,,1.5,4,,visible_pixel_support,False,visible_candidate,line-uct-test-a33-000158,0.005651913883014004
uct-test-a33,0.7060031644314377,0.08000193047087412,0.001434130905212605,0.0035593056739756657,370,405.0,,1.5,4,,visible_pixel_support,False,visible_candidate,line-uct-test-a33-000159,0.06119845205370211
uct-test-a33,0.7088714262418627,0.08000193047087412,0.001434130905212605,0.0035593056739756657,371,405.0,,1.5,4,,visible_pixel_support,False,visible_candidate,line-uct-test-a33-000160,0.12954588974326953
uct-test-a33,0.7117396880522877,0.08000193047087412,0.001434130905212605,0.0035593056739756657,372,405.0,,1.5,4,,visible_pixel_support,False,visible_candidate,line-uct-test-a33-000161,0.19945971932526163
uct-test-a33,0.7146079498627127,0.08000193047087412,0.001434130905212605,0.0035593056739756657,373,405.0,,1.5,4,,visible_pixel_support,False,visible_candidate,line-uct-test-a33-000162,0.27100926093970656
uct-test-a33,0.7174762116731377,0.08000193047087412,0.001434130905212605,0.0035593056739756657,374,405.0,,1.5,4,,visible_pixel_support,False,visible_candidate,line-uct-test-a33-000163,0.34426383472634825
uct-test-a33,0.7203444734835627,0.08000193047087412,0.001434130905212605,0.0035593056739756657,375,405.0,,1.5,4,,visible_pixel_support,False,visible_candidate,line-uct-test-a33-000164,0.41929276082510114
uct-test-a33,0.7232127352939877,0.08000193047087412,0.001434130905212605,0.0011864352246585552,376,405.0,,0.5,2,,visible_pixel_support,False,visible_candidate,line-uct-test-a33-000165,0.4961653593756523
uct-test-a33,0.7432905679669626,0.08949341226814245,0.001434130905212605,0.0023728704493171104,383,401.0,,1.0,3,,visible_pixel_support,True,visible_candidate,line-uct-test-a33-000166,2.8981143094394497
uct-test-a33,0.7461588297773878,0.08712054181882534,0.001434130905212605,0.004745740898634221,384,402.0,,2.0,5,,visible_pixel_support,False,visible_candidate,line-uct-test-a33-000167,1.7753140156129348
uct-test-a33,0.7490270915878128,0.08712054181882534,0.001434130905212605,0.004745740898634221,385,402.0,,2.0,5,,visible_pixel_support,False,visible_candidate,line-uct-test-a33-000168,1.6342545066316347
uct-test-a33,0.7518953533982378,0.08712054181882534,0.001434130905212605,0.004745740898634221,386,402.0,,2.0,5,,visible_pixel_support,False,visible_candidate,line-uct-test-a33-000169,1.477591170606388
uct-test-a33,0.7547636152086628,0.08712054181882534,0.001434130905212605,0.004745740898634221,387,402.0,,2.0,5,,visible_pixel_support,False,visible_candidate,line-uct-test-a33-000170,1.3079793956482604
uct-test-a33,0.7576318770190877,0.08712054181882534,0.001434130905212605,0.004745740898634221,388,402.0,,2.0,5,,visible_pixel_support,False,visible_candidate,line-uct-test-a33-000171,1.128074569868204
uct-test-a33,0.7605001388295127,0.08712054181882534,0.001434130905212605,0.004745740898634221,389,402.0,,2.0,5,,visible_pixel_support,False,visible_candidate,line-uct-test-a33-000172,0.9405320813771141
uct-test-a33,0.7633684006399377,0.08712054181882534,0.001434130905212605,0.004745740898634221,390,402.0,,2.0,5,,visible_pixel_support,False,visible_candidate,line-uct-test-a33-000173,0.7480073182861133
uct-test-a33,0.7662366624503627,0.08712054181882534,0.001434130905212605,0.004745740898634221,391,402.0,,2.0,5,,visible_pixel_support,False,visible_candidate,line-uct-test-a33-000174,0.5531556687061538
uct-test-a33,0.7691049242607877,0.08712054181882534,0.001434130905212605,0.004745740898634221,392,402.0,,2.0,5,,visible_pixel_support,False,visible_candidate,line-uct-test-a33-000175,0.35863252074807406
uct-test-a33,0.7719731860712127,0.08712054181882534,0.001434130905212605,0.004745740898634221,393,402.0,,2.0,5,,visible_pixel_support,False,visible_candidate,line-uct-test-a33-000176,0.16709326252293977
uct-test-a33,0.7748414478816377,0.08712054181882534,0.001434130905212605,0.004745740898634221,394,402.0,,2.0,5,,visible_pixel_support,False,visible_candidate,line-uct-test-a33-000177,0.01880671785818322
uct-test-a33,0.7777097096920627,0.08712054181882534,0.001434130905212605,0.004745740898634221,395,402.0,,2.0,5,,visible_pixel_support,False,visible_candidate,line-uct-test-a33-000178,0.19641203228439963
uct-test-a33,0.7805779715024876,0.08712054181882534,0.001434130905212605,0.0035593056739756657,396,402.0,,1.5,4,,visible_pixel_support,False,visible_candidate,line-uct-test-a33-000179,0.36306729264475734
uct-test-a33,0.7834462333129126,0.08712054181882534,0.001434130905212605,0.0011864352246585552,397,402.0,,0.5,2,,visible_pixel_support,False,visible_candidate,line-uct-test-a33-000180,0.5161171108282474
uct-test-a33,0.8035240659858875,0.08237480092019123,0.001434130905212605,0.0011864352246585552,404,404.0,,0.5,2,,visible_pixel_support,True,visible_candidate,line-uct-test-a33-000181,2.996781341107919
uct-test-a33,0.8063923277963125,0.08237480092019123,0.001434130905212605,0.0035593056739756657,405,404.0,,1.5,4,,visible_pixel_support,False,visible_candidate,line-uct-test-a33-000182,2.987311953352787
uct-test-a33,0.8092605896067375,0.08237480092019123,0.001434130905212605,0.0035593056739756657,406,404.0,,1.5,4,,visible_pixel_support,False,visible_candidate,line-uct-test-a33-000183,2.97187172011661
uct-test-a33,0.8121288514171625,0.08237480092019123,0.001434130905212605,0.0035593056739756657,407,404.0,,1.5,4,,visible_pixel_support,False,visible_candidate,line-uct-test-a33-000184,2.9507405247812812
uct-test-a33,0.8149971132275875,0.08237480092019123,0.001434130905212605,0.0035593056739756657,408,404.0,,1.5,4,,visible_pixel_support,False,visible_candidate,line-uct-test-a33-000185,2.924198250728864
uct-test-a33,0.8178653750380125,0.08237480092019123,0.001434130905212605,0.004745740898634221,409,404.0,,2.0,5,,visible_pixel_support,False,visible_candidate,line-uct-test-a33-000186,2.8925247813411374
uct-test-a33,0.8207336368484375,0.08000193047087412,0.001434130905212605,0.0035593056739756657,410,405.0,,1.5,4,,visible_pixel_support,False,visible_candidate,line-uct-test-a33-000187,3.8560000000000514
uct-test-a33,0.8236018986588625,0.08000193047087412,0.001434130905212605,0.0035593056739756657,411,405.0,,1.5,4,,visible_pixel_support,False,visible_candidate,line-uct-test-a33-000188,3.8149037900874987
uct-test-a33,0.8264701604692875,0.08000193047087412,0.001434130905212605,0.0035593056739756657,412,405.0,,1.5,4,,visible_pixel_support,False,visible_candidate,line-uct-test-a33-000189,3.7695160349853722
uct-test-a33,0.8293384222797127,0.08237480092019123,0.001434130905212605,0.004745740898634221,413,404.0,,2.0,5,,visible_pixel_support,False,visible_candidate,line-uct-test-a33-000190,2.720116618075849
uct-test-a33,0.8322066840901376,0.08000193047087412,0.001434130905212605,0.0035593056739756657,414,405.0,,1.5,4,,visible_pixel_support,False,visible_candidate,line-uct-test-a33-000191,3.666985422740538
uct-test-a33,0.8350749459005626,0.08000193047087412,0.001434130905212605,0.0035593056739756657,415,405.0,,1.5,4,,visible_pixel_support,False,visible_candidate,line-uct-test-a33-000192,3.6104023323615024
uct-test-a33,0.8379432077109876,0.08000193047087412,0.001434130905212605,0.0035593056739756657,416,405.0,,1.5,4,,visible_pixel_support,False,visible_candidate,line-uct-test-a33-000193,3.550647230320749
uct-test-a33,0.8408114695214126,0.08000193047087412,0.001434130905212605,0.0023728704493171104,417,405.0,,1.0,3,,visible_pixel_support,False,visible_candidate,line-uct-test-a33-000194,3.4880000000000564
uct-test-a33,0.8436797313318376,0.08000193047087412,0.001434130905212605,0.0011864352246585552,418,405.0,,0.5,2,,visible_pixel_support,False,visible_candidate,line-uct-test-a33-000195,3.422740524781318
uct-test-a33,0.8637575640048125,0.08000193047087412,0.001434130905212605,0.0011864352246585552,425,405.0,,0.5,1,,visible_pixel_support,True,visible_candidate,line-uct-test-a33-000196,2.9162915451894946
uct-test-a33,0.8666258258152375,0.08000193047087412,0.001434130905212605,0.0023728704493171104,426,405.0,,1.0,3,,visible_pixel_support,False,visible_candidate,line-uct-test-a33-000197,2.840209912536409
uct-test-a33,0.8694940876256625,0.08000193047087412,0.001434130905212605,0.0035593056739756657,427,405.0,,1.5,4,,visible_pixel_support,False,visible_candidate,line-uct-test-a33-000198,2.764034985422768
uct-test-a33,0.8723623494360875,0.08000193047087412,0.001434130905212605,0.0035593056739756657,428,405.0,,1.5,4,,visible_pixel_support,False,visible_candidate,line-uct-test-a33-000199,2.688046647230294
uct-test-a33,0.8752306112465125,0.08237480092019123,0.001434130905212605,0.004745740898634221,429,404.0,,2.0,5,,visible_pixel_support,False,visible_candidate,line-uct-test-a33-000200,1.6125247813411647
uct-test-a33,0.8780988730569375,0.08237480092019123,0.001434130905212605,0.0035593056739756657,430,404.0,,1.5,4,,visible_pixel_support,False,visible_candidate,line-uct-test-a33-000201,1.5377492711369882
uct-test-a33,0.8809671348673624,0.08237480092019123,0.001434130905212605,0.0035593056739756657,431,404.0,,1.5,4,,visible_pixel_support,False,visible_candidate,line-uct-test-a33-000202,1.4639999999999418
uct-test-a33,0.8838353966777874,0.08237480092019123,0.001434130905212605,0.004745740898634221,432,404.0,,2.0,5,,visible_pixel_support,False,visible_candidate,line-uct-test-a33-000203,1.3915568513119183
uct-test-a33,0.8867036584882124,0.08237480092019123,0.001434130905212605,0.0035593056739756657,433,404.0,,1.5,4,,visible_pixel_support,False,visible_candidate,line-uct-test-a33-000204,1.3206997084548107
uct-test-a33,0.8895719202986374,0.08237480092019123,0.001434130905212605,0.0035593056739756657,434,404.0,,1.5,4,,visible_pixel_support,False,visible_candidate,line-uct-test-a33-000205,1.2517084548105117
uct-test-a33,0.8924401821090624,0.08237480092019123,0.001434130905212605,0.0035593056739756657,435,404.0,,1.5,4,,visible_pixel_support,False,visible_candidate,line-uct-test-a33-000206,1.1848629737609144
uct-test-a33,0.8953084439194874,0.08237480092019123,0.001434130905212605,0.0035593056739756657,436,404.0,,1.5,4,,visible_pixel_support,False,visible_candidate,line-uct-test-a33-000207,1.1204431486880253
uct-test-a33,0.8981767057299124,0.08237480092019123,0.001434130905212605,0.0035593056739756657,437,404.0,,1.5,4,,visible_pixel_support,False,visible_candidate,line-uct-test-a33-000208,1.0587288629737373
uct-test-a33,0.9010449675403374,0.08237480092019123,0.001434130905212605,0.0035593056739756657,438,404.0,,1.5,4,,visible_pixel_support,False,visible_candidate,line-uct-test-a33-000209,1.0
uct-test-a33,0.9039132293507623,0.08237480092019123,0.001434130905212605,0.0023728704493171104,439,404.0,,1.0,3,,visible_pixel_support,False,visible_candidate,line-uct-test-a33-000210,0.9430220705314127
uct-test-a33,0.9268593238341625,0.08000193047087412,0.001434130905212605,0.0023728704493171104,447,405.0,,1.0,3,,visible_pixel_support,True,visible_candidate,line-uct-test-a33-000211,1.4959300998935987
uct-test-a33,0.9297275856445875,0.08237480092019123,0.001434130905212605,0.0035593056739756657,448,404.0,,1.5,4,,visible_pixel_support,False,visible_candidate,line-uct-test-a33-000212,0.4406984634471769
uct-test-a33,0.9325958474550124,0.08237480092019123,0.001434130905212605,0.0035593056739756657,449,404.0,,1.5,4,,visible_pixel_support,False,visible_candidate,line-uct-test-a33-000213,0.38551533514015546
uct-test-a33,0.9354641092654374,0.08237480092019123,0.001434130905212605,0.0035593056739756657,450,404.0,,1.5,4,,visible_pixel_support,False,visible_candidate,line-uct-test-a33-000214,0.33035161008905334
uct-test-a33,0.9383323710758624,0.08237480092019123,0.001434130905212605,0.0035593056739756657,451,404.0,,1.5,4,,visible_pixel_support,False,visible_candidate,line-uct-test-a33-000215,0.27517818341010525
uct-test-a33,0.9412006328862874,0.08237480092019123,0.001434130905212605,0.0035593056739756657,452,404.0,,1.5,4,,visible_pixel_support,False,visible_candidate,line-uct-test-a33-000216,0.21996595021943222
uct-test-a33,0.9440688946967124,0.08000193047087412,0.001434130905212605,0.004745740898634221,453,405.0,,2.0,5,,visible_pixel_support,False,visible_candidate,line-uct-test-a33-000217,1.1646858056334395
uct-test-a33,0.9469371565071374,0.08000193047087412,0.001434130905212605,0.004745740898634221,454,405.0,,2.0,5,,visible_pixel_support,False,visible_candidate,line-uct-test-a33-000218,1.1093086447684186
uct-test-a33,0.9498054183175624,0.08000193047087412,0.001434130905212605,0.004745740898634221,455,405.0,,2.0,5,,visible_pixel_support,False,visible_candidate,line-uct-test-a33-000219,1.0538053627408317
uct-test-a33,0.9526736801279874,0.08237480092019123,0.001434130905212605,0.0035593056739756657,456,404.0,,1.5,4,,visible_pixel_support,False,visible_candidate,line-uct-test-a33-000220,0.001853145333257089
uct-test-a33,0.9555419419384124,0.08237480092019123,0.001434130905212605,0.0035593056739756657,457,404.0,,1.5,4,,visible_pixel_support,False,visible_candidate,line-uct-test-a33-000221,0.05769598433738565
uct-test-a33,0.9584102037488373,0.08237480092019123,0.001434130905212605,0.0035593056739756657,458,404.0,,1.5,4,,visible_pixel_support,False,visible_candidate,line-uct-test-a33-000222,0.11375225915543297
uct-test-a33,0.9612784655592623,0.08237480092019123,0.001434130905212605,0.0035593056739756657,459,404.0,,1.5,4,,visible_pixel_support,False,visible_candidate,line-uct-test-a33-000223,0.17005107467093694
uct-test-a33,0.9641467273696873,0.08000193047087412,0.001434130905212605,0.0023728704493171104,460,405.0,,1.0,3,,visible_pixel_support,False,visible_candidate,line-uct-test-a33-000224,0.7733784642323371
uct-test-a33,0.9870928218530872,0.077629060021557,0.001434130905212605,0.0011864352246585552,468,406.0,,0.5,2,,visible_pixel_support,True,visible_candidate,line-uct-test-a33-000225,1.3075429484905499
uct-test-a33,0.9899610836635122,0.077629060021557,0.001434130905212605,0.0035593056739756657,469,406.0,,1.5,4,,visible_pixel_support,False,visible_candidate,line-uct-test-a33-000226,1.2472179573963444
uct-test-a33,0.9928293454739374,0.077629060021557,0.001434130905212605,0.0035593056739756657,470,406.0,,1.5,4,,visible_pixel_support,False,visible_candidate,line-uct-test-a33-000227,1.1863302718838895
uct-test-a33,0.9956976072843624,0.077629060021557,0.001434130905212605,0.0035593056739756657,471,406.0,,1.5,4,,visible_pixel_support,False,visible_candidate,line-uct-test-a33-000228,1.1248507870694198
uct-test-a33,0.9985658690947874,0.077629060021557,0.001434130905212605,0.0035593056739756657,472,406.0,,1.5,4,,visible_pixel_support,False,visible_candidate,line-uct-test-a33-000229,1.0627503980693973
uct-test-a33,1.0014341309052124,0.08000193047087412,0.001434130905212605,0.0035593056739756657,473,405.0,,1.5,4,,visible_pixel_support,False,visible_candidate,line-uct-test-a33-000230,0.0
uct-test-a33,1.0043023927156374,0.08000193047087412,0.001434130905212605,0.0035593056739756657,474,405.0,,1.5,4,,visible_pixel_support,False,visible_candidate,line-uct-test-a33-000231,0.06438995892295907
uct-test-a33,1.0071706545260624,0.08000193047087412,0.001434130905212605,0.0035593056739756657,475,405.0,,1.5,4,,visible_pixel_support,False,visible_candidate,line-uct-test-a33-000232,0.1313208665206389
uct-test-a33,1.0100389163364873,0.08000193047087412,0.001434130905212605,0.0035593056739756657,476,405.0,,1.5,4,,visible_pixel_support,False,visible_candidate,line-uct-test-a33-000233,0.20068958173175133
uct-test-a33,1.0129071781469123,0.08000193047087412,0.001434130905212605,0.0035593056739756657,477,405.0,,1.5,4,,visible_pixel_support,False,visible_candidate,line-uct-test-a33-000234,0.2723929634952924
uct-test-a33,1.0157754399573373,0.077629060021557,0.001434130905212605,0.004745740898634221,478,406.0,,2.0,5,,visible_pixel_support,False,visible_candidate,line-uct-test-a33-000235,0.6536721292497987
uct-test-a33,1.0186437017677623,0.077629060021557,0.001434130905212605,0.0035593056739756657,479,406.0,,1.5,4,,visible_pixel_support,False,visible_candidate,line-uct-test-a33-000236,0.5776088375648669
uct-test-a33,1.0215119635781873,0.077629060021557,0.001434130905212605,0.0035593056739756657,480,406.0,,1.5,4,,visible_pixel_support,False,visible_candidate,line-uct-test-a33-000237,0.4995203025108026
uct-test-a33,1.0243802253886123,0.077629060021557,0.001434130905212605,0.0035593056739756657,481,406.0,,1.5,4,,visible_pixel_support,False,visible_candidate,line-uct-test-a33-000238,0.4195096651488939
uct-test-a33,1.0272484871990373,0.077629060021557,0.001434130905212605,0.0011864352246585552,482,406.0,,0.5,2,,visible_pixel_support,False,visible_candidate,line-uct-test-a33-000239,0.3376800665401447
uct-test-a33,1.0473263198720122,0.077629060021557,0.001434130905212605,0.0011864352246585552,489,406.0,,0.5,2,,visible_pixel_support,True,visible_candidate,line-uct-test-a33-000240,0.27739418949704486
uct-test-a33,1.0501945816824372,0.077629060021557,0.001434130905212605,0.0035593056739756657,490,406.0,,1.5,4,,visible_pixel_support,False,visible_candidate,line-uct-test-a33-000241,0.37006239987977096
uct-test-a33,1.0530628434928622,0.077629060021557,0.001434130905212605,0.0035593056739756657,491,406.0,,1.5,4,,visible_pixel_support,False,visible_candidate,line-uct-test-a33-000242,0.46362130195916507
uct-test-a33,1.0559311053032872,0.0752561895722399,0.001434130905212605,0.0035593056739756657,492,407.0,,1.5,4,,visible_pixel_support,False,visible_candidate,line-uct-test-a33-000243,0.44203224532589047
uct-test-a33,1.0587993671137121,0.0752561895722399,0.001434130905212605,0.004745740898634221,493,407.0,,2.0,5,,visible_pixel_support,False,visible_candidate,line-uct-test-a33-000244,0.3470013830365133
uct-test-a33,1.0616676289241371,0.0752561895722399,0.001434130905212605,0.004745740898634221,494,407.0,,2.0,5,,visible_pixel_support,False,visible_candidate,line-uct-test-a33-000245,0.2513892522336505
uct-test-a33,1.0645358907345621,0.0752561895722399,0.001434130905212605,0.0035593056739756657,495,407.0,,1.5,4,,visible_pixel_support,False,visible_candidate,line-uct-test-a33-000246,0.15529899397859026
uct-test-a33,1.067404152544987,0.07288331912292279,0.001434130905212605,0.004745740898634221,496,408.0,,2.0,5,,visible_pixel_support,False,visible_candidate,line-uct-test-a33-000247,1.058833749332564
uct-test-a33,1.070272414355412,0.0752561895722399,0.001434130905212605,0.0035593056739756657,497,407.0,,1.5,4,,visible_pixel_support,False,visible_candidate,line-uct-test-a33-000248,0.03790334064348144
uct-test-a33,1.0731406761658373,0.0752561895722399,0.001434130905212605,0.0035593056739756657,498,407.0,,1.5,4,,visible_pixel_support,False,visible_candidate,line-uct-test-a33-000249,0.13480913488837132
uct-test-a33,1.0760089379762623,0.0752561895722399,0.001434130905212605,0.0035593056739756657,499,407.0,,1.5,4,,visible_pixel_support,False,visible_candidate,line-uct-test-a33-000250,0.23178049234104492
uct-test-a33,1.0788771997866873,0.07288331912292279,0.001434130905212605,0.004745740898634221,500,408.0,,2.0,5,,visible_pixel_support,False,visible_candidate,line-uct-test-a33-000251,0.6712857280597291
uct-test-a33,1.0817454615971123,0.07288331912292279,0.001434130905212605,0.004745740898634221,501,408.0,,2.0,5,,visible_pixel_support,False,visible_candidate,line-uct-test-a33-000252,0.5744926673750115
uct-test-a33,1.0846137234075373,0.07288331912292279,0.001434130905212605,0.004745740898634221,502,408.0,,2.0,5,,visible_pixel_support,False,visible_candidate,line-uct-test-a33-000253,0.4779434666659199
uct-test-a33,1.0874819852179622,0.07288331912292279,0.001434130905212605,0.0023728704493171104,503,408.0,,1.0,3,,visible_pixel_support,False,visible_candidate,line-uct-test-a33-000254,0.381741266993572
uct-test-a33,1.1104280797013621,0.07288331912292279,0.001434130905212605,0.0023728704493171104,511,408.0,,1.0,3,,visible_pixel_support,True,visible_candidate,line-uct-test-a33-000255,0.3630073657271282
uct-test-a33,1.1132963415117871,0.07288331912292279,0.001434130905212605,0.004745740898634221,512,408.0,,2.0,5,,visible_pixel_support,False,visible_candidate,line-uct-test-a33-000256,0.4514452083180913
uct-test-a33,1.1161646033222121,0.07288331912292279,0.001434130905212605,0.004745740898634221,513,408.0,,2.0,5,,visible_pixel_support,False,visible_candidate,line-uct-test-a33-000257,0.5385046392611912
uct-test-a33,1.1190328651326371,0.07051044867360567,0.001434130905212605,0.004745740898634221,514,409.0,,2.0,5,,visible_pixel_support,False,visible_candidate,line-uct-test-a33-000258,0.3759174825048035
uct-test-a33,1.121901126943062,0.07051044867360567,0.001434130905212605,0.004745740898634221,515,409.0,,2.0,5,,visible_pixel_support,False,visible_candidate,line-uct-test-a33-000259,0.2919242980411241
uct-test-a33,1.124769388753487,0.07051044867360567,0.001434130905212605,0.0035593056739756657,516,409.0,,1.5,4,,visible_pixel_support,False,visible_candidate,line-uct-test-a33-000260,0.20961894840871764
uct-test-a33,1.127637650563912,0.07051044867360567,0.001434130905212605,0.0035593056739756657,517,409.0,,1.5,4,,visible_pixel_support,False,visible_candidate,line-uct-test-a33-000261,0.1291045746687587
uct-test-a33,1.130505912374337,0.07051044867360567,0.001434130905212605,0.004745740898634221,518,409.0,,2.0,5,,visible_pixel_support,False,visible_candidate,line-uct-test-a33-000262,0.05048431788236485
uct-test-a33,1.133374174184762,0.07051044867360567,0.001434130905212605,0.004745740898634221,519,409.0,,2.0,5,,visible_pixel_support,False,visible_candidate,line-uct-test-a33-000263,0.02613868088928939
uct-test-a33,1.136242435995187,0.07051044867360567,0.001434130905212605,0.0035593056739756657,520,409.0,,1.5,4,,visible_pixel_support,False,visible_candidate,line-uct-test-a33-000264,0.10066128058508639
uct-test-a33,1.139110697805612,0.07051044867360567,0.001434130905212605,0.0035593056739756657,521,409.0,,1.5,4,,visible_pixel_support,False,visible_candidate,line-uct-test-a33-000265,0.1729803401440222
uct-test-a33,1.141978959616037,0.07051044867360567,0.001434130905212605,0.0035593056739756657,522,409.0,,1.5,4,,visible_pixel_support,False,visible_candidate,line-uct-test-a33-000266,0.24299271850480864
uct-test-a33,1.144847221426462,0.07051044867360567,0.001434130905212605,0.0035593056739756657,523,409.0,,1.5,4,,visible_pixel_support,False,visible_candidate,line-uct-test-a33-000267,0.3105952746064986
uct-test-a33,1.147715483236887,0.07051044867360567,0.001434130905212605,0.0011864352246585552,524,409.0,,0.5,2,,visible_pixel_support,False,visible_candidate,line-uct-test-a33-000268,0.37568486738780393
uct-test-a33,1.1706615777202871,0.07051044867360567,0.001434130905212605,0.0035593056739756657,532,409.0,,1.5,4,,visible_pixel_support,True,visible_candidate,line-uct-test-a33-000269,0.7935580027726132
uct-test-a33,1.173529839530712,0.07051044867360567,0.001434130905212605,0.0035593056739756657,533,409.0,,1.5,4,,visible_pixel_support,False,visible_candidate,line-uct-test-a33-000270,0.8313895779206746
uct-test-a33,1.176398101341137,0.07051044867360567,0.001434130905212605,0.004745740898634221,534,409.0,,2.0,5,,visible_pixel_support,False,visible_candidate,line-uct-test-a33-000271,0.8656767791372317
uct-test-a33,1.179266363151562,0.07051044867360567,0.001434130905212605,0.004745740898634221,535,409.0,,2.0,5,,visible_pixel_support,False,visible_candidate,line-uct-test-a33-000272,0.8963164653611102
uct-test-a33,1.182134624961987,0.07051044867360567,0.001434130905212605,0.004745740898634221,536,409.0,,2.0,5,,visible_pixel_support,False,visible_candidate,line-uct-test-a33-000273,0.9232054955311924
uct-test-a33,1.185002886772412,0.07051044867360567,0.001434130905212605,0.004745740898634221,537,409.0,,2.0,5,,visible_pixel_support,False,visible_candidate,line-uct-test-a33-000274,0.9462407285864174
uct-test-a33,1.187871148582837,0.07051044867360567,0.001434130905212605,0.004745740898634221,538,409.0,,2.0,5,,visible_pixel_support,False,visible_candidate,line-uct-test-a33-000275,0.9653190234656677
uct-test-a33,1.190739410393262,0.07051044867360567,0.001434130905212605,0.004745740898634221,539,409.0,,2.0,5,,visible_pixel_support,False,visible_candidate,line-uct-test-a33-000276,0.9803372391077687
uct-test-a33,1.193607672203687,0.07051044867360567,0.001434130905212605,0.004745740898634221,540,409.0,,2.0,5,,visible_pixel_support,False,visible_candidate,line-uct-test-a33-000277,0.9911922344516029
uct-test-a33,1.196475934014112,0.07051044867360567,0.001434130905212605,0.004745740898634221,541,409.0,,2.0,5,,visible_pixel_support,False,visible_candidate,line-uct-test-a33-000278,0.9977808684360525
uct-test-a33,1.199344195824537,0.06813757822428856,0.001434130905212605,0.0035593056739756657,542,410.0,,1.5,4,,visible_pixel_support,False,visible_candidate,line-uct-test-a33-000279,0.0
uct-test-a33,1.202212457634962,0.06813757822428856,0.001434130905212605,0.0035593056739756657,543,410.0,,1.5,4,,visible_pixel_support,False,visible_candidate,line-uct-test-a33-000280,0.00022937207245377067
uct-test-a33,1.205080719445387,0.06813757822428856,0.001434130905212605,0.0035593056739756657,544,410.0,,1.5,4,,visible_pixel_support,False,visible_candidate,line-uct-test-a33-000281,0.000916022177477771
uct-test-a33,1.207948981255812,0.06813757822428856,0.001434130905212605,0.0035593056739756657,545,410.0,,1.5,4,,visible_pixel_support,False,visible_candidate,line-uct-test-a33-000282,0.0020577511463670817
uct-test-a33,1.210817243066237,0.06813757822428856,0.001434130905212605,0.0011864352246585552,546,410.0,,0.5,2,,visible_pixel_support,False,visible_candidate,line-uct-test-a33-000283,0.0036523598103030963
uct-test-a33,1.2308950757392119,0.06813757822428856,0.001434130905212605,0.0011864352246585552,553,410.0,,0.5,2,,visible_pixel_support,True,visible_candidate,line-uct-test-a33-000284,0.02731052175346349
uct-test-a33,1.2337633375496369,0.06813757822428856,0.001434130905212605,0.0035593056739756657,554,410.0,,1.5,4,,visible_pixel_support,False,visible_candidate,line-uct-test-a33-000285,0.03244899790615818
uct-test-a33,1.236631599360062,0.07051044867360567,0.001434130905212605,0.004745740898634221,555,409.0,,2.0,5,,visible_pixel_support,False,visible_candidate,line-uct-test-a33-000286,0.9619794387641036
uct-test-a33,1.239499861170487,0.07051044867360567,0.001434130905212605,0.004745740898634221,556,409.0,,2.0,5,,visible_pixel_support,False,visible_candidate,line-uct-test-a33-000287,0.9559769874260269
uct-test-a33,1.242368122980912,0.07051044867360567,0.001434130905212605,0.004745740898634221,557,409.0,,2.0,5,,visible_pixel_support,False,visible_candidate,line-uct-test-a33-000288,0.9495458472482596
uct-test-a33,1.245236384791337,0.07051044867360567,0.001434130905212605,0.004745740898634221,558,409.0,,2.0,5,,visible_pixel_support,False,visible_candidate,line-uct-test-a33-000289,0.9426882173995068
uct-test-a33,1.248104646601762,0.07051044867360567,0.001434130905212605,0.004745740898634221,559,409.0,,2.0,5,,visible_pixel_support,False,visible_candidate,line-uct-test-a33-000290,0.9354062970485302
uct-test-a33,1.250972908412187,0.06813757822428856,0.001434130905212605,0.004745740898634221,560,410.0,,2.0,5,,visible_pixel_support,False,visible_candidate,line-uct-test-a33-000291,0.07229771463619272
uct-test-a33,1.253841170222612,0.06813757822428856,0.001434130905212605,0.004745740898634221,561,410.0,,2.0,5,,visible_pixel_support,False,visible_candidate,line-uct-test-a33-000292,0.0804216184857296
uct-test-a33,1.256709432033037,0.06813757822428856,0.001434130905212605,0.0035593056739756657,562,410.0,,1.5,4,,visible_pixel_support,False,visible_candidate,line-uct-test-a33-000293,0.0889632153316029
uct-test-a33,1.259577693843462,0.06813757822428856,0.001434130905212605,0.0035593056739756657,563,410.0,,1.5,4,,visible_pixel_support,False,visible_candidate,line-uct-test-a33-000294,0.09792030600505086
uct-test-a33,1.262445955653887,0.06813757822428856,0.001434130905212605,0.0035593056739756657,564,410.0,,1.5,4,,visible_pixel_support,False,visible_candidate,line-uct-test-a33-000295,0.10729069133731173
uct-test-a33,1.265314217464312,0.06813757822428856,0.001434130905212605,0.0035593056739756657,565,410.0,,1.5,4,,visible_pixel_support,False,visible_candidate,line-uct-test-a33-000296,0.11707217215990795
uct-test-a33,1.268182479274737,0.06813757822428856,0.001434130905212605,0.0035593056739756657,566,410.0,,1.5,4,,visible_pixel_support,False,visible_candidate,line-uct-test-a33-000297,0.12726254930396408
uct-test-a33,1.271050741085162,0.06813757822428856,0.001434130905212605,0.0011864352246585552,567,410.0,,0.5,2,,visible_pixel_support,False,visible_candidate,line-uct-test-a33-000298,0.13785962360094572
uct-test-a33,1.2911285737581368,0.06813757822428856,0.001434130905212605,0.0011864352246585552,574,410.0,,0.5,2,,visible_pixel_support,True,visible_candidate,line-uct-test-a33-000299,0.2232419337900069
uct-test-a33,1.2939968355685618,0.06813757822428856,0.001434130905212605,0.0035593056739756657,575,410.0,,1.5,4,,visible_pixel_support,False,visible_candidate,line-uct-test-a33-000300,0.2370134152371861
uct-test-a33,1.2968650973789868,0.06813757822428856,0.001434130905212605,0.0035593056739756657,576,410.0,,1.5,4,,visible_pixel_support,False,visible_candidate,line-uct-test-a33-000301,0.2511718013191171
uct-test-a33,1.2997333591894118,0.06813757822428856,0.001434130905212605,0.0035593056739756657,577,410.0,,1.5,4,,visible_pixel_support,False,visible_candidate,line-uct-test-a33-000302,0.2657148928671518
uct-test-a33,1.3026016209998368,0.07051044867360567,0.001434130905212605,0.004745740898634221,578,409.0,,2.0,5,,visible_pixel_support,False,visible_candidate,line-uct-test-a33-000303,0.7193595092874716
uct-test-a33,1.3054698828102618,0.07051044867360567,0.001434130905212605,0.004745740898634221,579,409.0,,2.0,5,,visible_pixel_support,False,visible_candidate,line-uct-test-a33-000304,0.7040536043135148
uct-test-a33,1.3083381446206868,0.06813757822428856,0.001434130905212605,0.0035593056739756657,580,410.0,,1.5,4,,visible_pixel_support,False,visible_candidate,line-uct-test-a33-000305,0.31163040862048774
uct-test-a33,1.3112064064311117,0.06813757822428856,0.001434130905212605,0.0035593056739756657,581,410.0,,1.5,4,,visible_pixel_support,False,visible_candidate,line-uct-test-a33-000306,0.327690330345888
uct-test-a33,1.3140746682415367,0.06813757822428856,0.001434130905212605,0.004745740898634221,582,410.0,,2.0,5,,visible_pixel_support,False,visible_candidate,line-uct-test-a33-000307,0.34412396169381054
uct-test-a33,1.3169429300519617,0.06813757822428856,0.001434130905212605,0.004745740898634221,583,410.0,,2.0,5,,visible_pixel_support,False,visible_candidate,line-uct-test-a33-000308,0.3609291034957778
uct-test-a33,1.319811191862387,0.06813757822428856,0.001434130905212605,0.004745740898634221,584,410.0,,2.0,5,,visible_pixel_support,False,visible_candidate,line-uct-test-a33-000309,0.3781035565829711
uct-test-a33,1.322679453672812,0.06813757822428856,0.001434130905212605,0.004745740898634221,585,410.0,,2.0,5,,visible_pixel_support,False,visible_candidate,line-uct-test-a33-000310,0.39564512178668565
uct-test-a33,1.325547715483237,0.06813757822428856,0.001434130905212605,0.004745740898634221,586,410.0,,2.0,5,,visible_pixel_support,False,visible_candidate,line-uct-test-a33-000311,0.4135515999384438
uct-test-a33,1.328415977293662,0.06813757822428856,0.001434130905212605,0.004745740898634221,587,410.0,,2.0,5,,visible_pixel_support,False,visible_candidate,line-uct-test-a33-000312,0.4318207918693133
uct-test-a33,1.3312842391040869,0.06813757822428856,0.001434130905212605,0.0023728704493171104,588,410.0,,1.0,3,,visible_pixel_support,False,visible_candidate,line-uct-test-a33-000313,0.4504504984108735
uct-test-a33,1.3542303335874868,0.06813757822428856,0.001434130905212605,0.0035593056739756657,596,410.0,,1.5,4,,visible_pixel_support,True,visible_candidate,line-uct-test-a33-000314,0.6122027764806717
uct-test-a33,1.3570985953979118,0.06813757822428856,0.001434130905212605,0.0035593056739756657,597,410.0,,1.5,4,,visible_pixel_support,False,visible_candidate,line-uct-test-a33-000315,0.633978151926442
uct-test-a33,1.3599668572083368,0.06813757822428856,0.001434130905212605,0.0035593056739756657,598,410.0,,1.5,4,,visible_pixel_support,False,visible_candidate,line-uct-test-a33-000316,0.6560920502959675
uct-test-a33,1.3628351190187618,0.06813757822428856,0.001434130905212605,0.004745740898634221,599,410.0,,2.0,5,,visible_pixel_support,False,visible_candidate,line-uct-test-a33-000317,0.6785422724205432
uct-test-a33,1.3657033808291867,0.06813757822428856,0.001434130905212605,0.004745740898634221,600,410.0,,2.0,5,,visible_pixel_support,False,visible_candidate,line-uct-test-a33-000318,0.7013266191314642
uct-test-a33,1.3685716426396117,0.06813757822428856,0.001434130905212605,0.004745740898634221,601,410.0,,2.0,5,,visible_pixel_support,False,visible_candidate,line-uct-test-a33-000319,0.7244428912600824
uct-test-a33,1.3714399044500367,0.06813757822428856,0.001434130905212605,0.004745740898634221,602,410.0,,2.0,5,,visible_pixel_support,False,visible_candidate,line-uct-test-a33-000320,0.747888889637693
uct-test-a33,1.3743081662604617,0.06813757822428856,0.001434130905212605,0.0035593056739756657,603,410.0,,1.5,4,,visible_pixel_support,False,visible_candidate,line-uct-test-a33-000321,0.7716624150957045
uct-test-a33,1.3771764280708867,0.06813757822428856,0.001434130905212605,0.0035593056739756657,604,410.0,,1.5,4,,visible_pixel_support,False,visible_candidate,line-uct-test-a33-000322,0.7957612684653554
uct-test-a33,1.3800446898813117,0.06813757822428856,0.001434130905212605,0.004745740898634221,605,410.0,,2.0,5,,visible_pixel_support,False,visible_candidate,line-uct-test-a33-000323,0.8201832505778839
uct-test-a33,1.3829129516917367,0.06813757822428856,0.001434130905212605,0.004745740898634221,606,410.0,,2.0,5,,visible_pixel_support,False,visible_candidate,line-uct-test-a33-000324,0.8449261622648123
uct-test-a33,1.3857812135021617,0.06813757822428856,0.001434130905212605,0.004745740898634221,607,410.0,,2.0,5,,visible_pixel_support,False,visible_candidate,line-uct-test-a33-000325,0.8699878043572653
uct-test-a33,1.3886494753125866,0.06813757822428856,0.001434130905212605,0.0035593056739756657,608,410.0,,1.5,4,,visible_pixel_support,False,visible_candidate,line-uct-test-a33-000326,0.8953659776867084
uct-test-a33,1.3915177371230116,0.06813757822428856,0.001434130905212605,0.0035593056739756657,609,410.0,,1.5,4,,visible_pixel_support,False,visible_candidate,line-uct-test-a33-000327,0.92105848308438
uct-test-a33,1.3943859989334366,0.06576470777497156,0.001434130905212605,0.0011864352246585552,610,411.0,,0.5,1,,visible_pixel_support,False,visible_candidate,line-uct-test-a33-000328,1.9470631213815182
uct-test-a33,1.4144638316064118,0.06813757822428856,0.001434130905212605,0.0011864352246585552,617,410.0,,0.5,2,,visible_pixel_support,True,visible_candidate,line-uct-test-a33-000329,1.228531023221251
uct-test-a33,1.4173320934168367,0.06813757822428856,0.001434130905212605,0.0035593056739756657,618,410.0,,1.5,4,,visible_pixel_support,False,visible_candidate,line-uct-test-a33-000330,1.295604624662758
uct-test-a33,1.4202003552272617,0.06813757822428856,0.001434130905212605,0.0035593056739756657,619,410.0,,1.5,4,,visible_pixel_support,False,visible_candidate,line-uct-test-a33-000331,1.3692758784486045
uct-test-a33,1.4230686170376867,0.06813757822428856,0.001434130905212605,0.0035593056739756657,620,410.0,,1.5,4,,visible_pixel_support,False,visible_candidate,line-uct-test-a33-000332,1.4493198646124483
uct-test-a33,1.4259368788481117,0.06813757822428856,0.001434130905212605,0.0035593056739756657,621,410.0,,1.5,4,,visible_pixel_support,False,visible_candidate,line-uct-test-a33-000333,1.535511663188231
uct-test-a33,1.4288051406585367,0.06813757822428856,0.001434130905212605,0.0035593056739756657,622,410.0,,1.5,4,,visible_pixel_support,False,visible_candidate,line-uct-test-a33-000334,1.6276263542095535
uct-test-a33,1.4316734024689617,0.07051044867360567,0.001434130905212605,0.004745740898634221,623,409.0,,2.0,5,,visible_pixel_support,False,visible_candidate,line-uct-test-a33-000335,0.7254390177100731
uct-test-a33,1.4345416642793867,0.07051044867360567,0.001434130905212605,0.004745740898634221,624,409.0,,2.0,5,,visible_pixel_support,False,visible_candidate,line-uct-test-a33-000336,0.8287247337235613
uct-test-a33,1.4374099260898117,0.07051044867360567,0.001434130905212605,0.004745740898634221,625,409.0,,2.0,5,,visible_pixel_support,False,visible_candidate,line-uct-test-a33-000337,0.9372585822837891
uct-test-a33,1.4402781879002367,0.07051044867360567,0.001434130905212605,0.004745740898634221,626,409.0,,2.0,5,,visible_pixel_support,False,visible_candidate,line-uct-test-a33-000338,1.0508156434243574
uct-test-a33,1.4431464497106616,0.07051044867360567,0.001434130905212605,0.004745740898634221,627,409.0,,2.0,5,,visible_pixel_support,False,visible_candidate,line-uct-test-a33-000339,1.1691709971789805
uct-test-a33,1.4460147115210866,0.07051044867360567,0.001434130905212605,0.004745740898634221,628,409.0,,2.0,5,,visible_pixel_support,False,visible_candidate,line-uct-test-a33-000340,1.2920997235814866
uct-test-a33,1.4488829733315116,0.07051044867360567,0.001434130905212605,0.0035593056739756657,629,409.0,,1.5,4,,visible_pixel_support,False,visible_candidate,line-uct-test-a33-000341,1.4193769026654763
uct-test-a33,1.4517512351419366,0.07051044867360567,0.001434130905212605,0.0035593056739756657,630,409.0,,1.5,4,,visible_pixel_support,False,visible_candidate,line-uct-test-a33-000342,1.550777614464721
uct-test-a33,1.4546194969523616,0.07051044867360567,0.001434130905212605,0.0035593056739756657,631,409.0,,1.5,4,,visible_pixel_support,False,visible_candidate,line-uct-test-a33-000343,1.6860769390129917
uct-test-a33,1.4746973296253365,0.077629060021557,0.001434130905212605,0.0011864352246585552,638,406.0,,0.5,2,,visible_pixel_support,True,visible_candidate,line-uct-test-a33-000344,0.27655990934675856
uct-test-a33,1.4775655914357615,0.077629060021557,0.001434130905212605,0.0035593056739756657,639,406.0,,1.5,4,,visible_pixel_support,False,visible_candidate,line-uct-test-a33-000345,0.11816880159318544
uct-test-a33,1.4804338532461865,0.077629060021557,0.001434130905212605,0.0035593056739756657,640,406.0,,1.5,4,,visible_pixel_support,False,visible_candidate,line-uct-test-a33-000346,0.042096639212843456
uct-test-a33,1.4833021150566117,0.077629060021557,0.001434130905212605,0.0035593056739756657,641,406.0,,1.5,4,,visible_pixel_support,False,visible_candidate,line-uct-test-a33-000347,0.204011493104872
uct-test-a33,1.4861703768670367,0.077629060021557,0.001434130905212605,0.004745740898634221,642,406.0,,2.0,5,,visible_pixel_support,False,visible_candidate,line-uct-test-a33-000348,0.36735084011672825
uct-test-a33,1.4890386386774617,0.08000193047087412,0.001434130905212605,0.0035593056739756657,643,405.0,,1.5,4,,visible_pixel_support,False,visible_candidate,line-uct-test-a33-000349,0.4681102397178165
uct-test-a33,1.4919069004878867,0.08000193047087412,0.001434130905212605,0.0035593056739756657,644,405.0,,1.5,4,,visible_pixel_support,False,visible_candidate,line-uct-test-a33-000350,0.3025966663652184
uct-test-a33,1.4947751622983116,0.08000193047087412,0.001434130905212605,0.0035593056739756657,645,405.0,,1.5,4,,visible_pixel_support,False,visible_candidate,line-uct-test-a33-000351,0.1363333597916494
uct-test-a33,1.4976434241087366,0.08000193047087412,0.001434130905212605,0.0035593056739756657,646,405.0,,1.5,4,,visible_pixel_support,False,visible_candidate,line-uct-test-a33-000352,0.03045476003666181
uct-test-a33,1.5005116859191616,0.08000193047087412,0.001434130905212605,0.004745740898634221,647,405.0,,2.0,5,,visible_pixel_support,False,visible_candidate,line-uct-test-a33-000353,0.19754277315325908
uct-test-a33,1.5033799477295866,0.08000193047087412,0.001434130905212605,0.0035593056739756657,648,405.0,,1.5,4,,visible_pixel_support,False,visible_candidate,line-uct-test-a33-000354,0.36470575959202733
uct-test-a33,1.5062482095400116,0.08237480092019123,0.001434130905212605,0.0035593056739756657,649,404.0,,1.5,4,,visible_pixel_support,False,visible_candidate,line-uct-test-a33-000355,0.4682812006134327
uct-test-a33,1.5091164713504366,0.08237480092019123,0.001434130905212605,0.0035593056739756657,650,404.0,,1.5,4,,visible_pixel_support,False,visible_candidate,line-uct-test-a33-000356,0.3016430274293498
uct-test-a33,1.5119847331608616,0.08237480092019123,0.001434130905212605,0.0023728704493171104,651,404.0,,1.0,3,,visible_pixel_support,False,visible_candidate,line-uct-test-a33-000357,0.13560464082200951
uct-test-a33,1.5148529949712866,0.08237480092019123,0.001434130905212605,0.0011864352246585552,652,404.0,,0.5,2,,visible_pixel_support,False,visible_candidate,line-uct-test-a33-000358,0.02960903924224567
uct-test-a33,1.5349308276442615,0.08949341226814245,0.001434130905212605,0.0023728704493171104,659,401.0,,1.0,3,,visible_pixel_support,True,visible_candidate,line-uct-test-a33-000359,1.8558802606813742
uct-test-a33,1.5377990894546865,0.08949341226814245,0.001434130905212605,0.0035593056739756657,660,401.0,,1.5,4,,visible_pixel_support,False,visible_candidate,line-uct-test-a33-000360,1.7053613517477402
uct-test-a33,1.5406673512651115,0.08712054181882534,0.001434130905212605,0.004745740898634221,661,402.0,,2.0,5,,visible_pixel_support,False,visible_candidate,line-uct-test-a33-000361,0.5576914290538184
uct-test-a33,1.5435356130755364,0.08949341226814245,0.001434130905212605,0.004745740898634221,662,401.0,,2.0,5,,visible_pixel_support,False,visible_candidate,line-uct-test-a33-000362,1.4130954125657809
uct-test-a33,1.5464038748859614,0.08949341226814245,0.001434130905212605,0.004745740898634221,663,401.0,,2.0,5,,visible_pixel_support,False,visible_candidate,line-uct-test-a33-000363,1.2717982222499131
uct-test-a33,1.5492721366963864,0.08949341226814245,0.001434130905212605,0.004745740898634221,664,401.0,,2.0,5,,visible_pixel_support,False,visible_candidate,line-uct-test-a33-000364,1.1340247780726145
uct-test-a33,1.5521403985068114,0.08712054181882534,0.001434130905212605,0.004745740898634221,665,402.0,,2.0,5,,visible_pixel_support,False,visible_candidate,line-uct-test-a33-000365,0.0
