series,segment,x,y,provenance,observed_anchor_count,display_anchor_count,discarded_or_thinned_count,derived_point_count
p1,0,110.38560746895433,8.75221291273131,accepted_observation_geometry,20,20,0,0
p1,0,114.98480632598393,3.881103246286017,accepted_observation_geometry,20,20,0,0
p1,0,119.58400518301346,3.60007768860649,accepted_observation_geometry,20,20,0,0
p1,0,124.18320404004305,3.0380265732474214,accepted_observation_geometry,20,20,0,0
p1,0,128.78240289707264,3.225376945033773,accepted_observation_geometry,20,20,0,0
p1,0,133.38160175410223,2.475975457888339,accepted_observation_geometry,20,20,0,0
p1,0,137.98080061113183,1.351873227170202,accepted_observation_geometry,20,20,0,0
p1,0,142.57999946816142,2.101274714315636,accepted_observation_geometry,20,20,0,0
p1,0,147.17919832519095,7.6281106820131725,accepted_observation_geometry,20,20,0,0
p1,0,151.77839718222054,8.564862540944958,accepted_observation_geometry,20,20,0,0
p1,0,156.37759603925014,10.62571663059488,accepted_observation_geometry,20,20,0,0
p1,0,160.97679489627973,12.499220348458465,accepted_observation_geometry,20,20,0,0
p1,0,165.57599375330932,14.560074438108387,accepted_observation_geometry,20,20,0,0
p1,0,170.1751926103389,17.276654829010567,accepted_observation_geometry,20,20,0,0
p1,0,174.77439146736845,19.805884848126396,accepted_observation_geometry,20,20,0,0
p1,0,179.37359032439804,21.30468782241725,accepted_observation_geometry,20,20,0,0
p1,0,183.97278918142763,22.616140424921753,accepted_observation_geometry,20,20,0,0
p1,0,188.57198803845722,21.773063751883143,accepted_observation_geometry,20,20,0,0
p1,0,193.1711868954868,20.555286335271816,accepted_observation_geometry,20,20,0,0
p1,0,197.7703857525164,18.77545780330142,accepted_observation_geometry,20,20,0,0
p1,1,211.56798232360518,15.684176668826538,accepted_observation_geometry,2,2,0,0
p1,1,216.16718118063477,16.620928527758323,accepted_observation_geometry,2,2,0,0
p1,2,225.36557889469384,16.620928527758323,accepted_observation_geometry,26,26,0,0
p1,2,229.96477775172343,17.932381130262826,accepted_observation_geometry,26,26,0,0
p1,2,234.56397660875302,18.77545780330142,accepted_observation_geometry,26,26,0,0
p1,2,239.16317546578261,21.398363008310426,accepted_observation_geometry,26,26,0,0
p1,2,243.7623743228122,25.801096745289826,accepted_observation_geometry,26,26,0,0
p1,2,248.3615731798418,27.206224533687504,accepted_observation_geometry,26,26,0,0
p1,2,252.9607720368714,29.173403437444257,accepted_observation_geometry,26,26,0,0
p1,2,257.559970893901,30.391180854055577,accepted_observation_geometry,26,26,0,0
p1,2,262.1591697509306,31.234257527094186,accepted_observation_geometry,26,26,0,0
p1,2,266.75836860796016,31.140582341201004,accepted_observation_geometry,26,26,0,0
p1,2,271.35756746498976,29.548104181016967,accepted_observation_geometry,26,26,0,0
p1,2,275.95676632201935,28.330326764405648,accepted_observation_geometry,26,26,0,0
p1,2,280.5559651790488,27.76827564904658,accepted_observation_geometry,26,26,0,0
p1,2,285.1551640360784,29.267078623337433,accepted_observation_geometry,26,26,0,0
p1,2,289.754362893108,31.046907155307828,accepted_observation_geometry,26,26,0,0
p1,2,294.3535617501376,30.67220641173511,accepted_observation_geometry,26,26,0,0
p1,2,298.9527606071672,28.517677136192006,accepted_observation_geometry,26,26,0,0
p1,2,303.5519594641968,26.363147860648894,accepted_observation_geometry,26,26,0,0
p1,2,308.1511583212264,24.489644142785323,accepted_observation_geometry,26,26,0,0
p1,2,312.75035717825597,22.616140424921753,accepted_observation_geometry,26,26,0,0
p1,2,317.34955603528556,19.524859290446855,accepted_observation_geometry,26,26,0,0
p1,2,321.94875489231515,17.55768038669011,accepted_observation_geometry,26,26,0,0
p1,2,326.54795374934474,7.15973475254728,accepted_observation_geometry,26,26,0,0
p1,2,331.14715260637433,10.532041444701704,accepted_observation_geometry,26,26,0,0
p1,2,335.7463514634039,12.780245906137992,accepted_observation_geometry,26,26,0,0
p1,2,340.3455503204334,18.494432245621894,accepted_observation_geometry,26,26,0,0
p1,3,349.5439480344926,22.054089309562684,accepted_observation_geometry,53,53,0,0
p1,3,354.1431468915222,22.33511486724221,accepted_observation_geometry,53,53,0,0
p1,3,358.74234574855177,23.084516354387645,accepted_observation_geometry,53,53,0,0
p1,3,363.34154460558136,22.241439681349036,accepted_observation_geometry,53,53,0,0
p1,3,367.94074346261095,21.30468782241725,accepted_observation_geometry,53,53,0,0
p1,3,372.53994231964055,20.929987078844533,accepted_observation_geometry,53,53,0,0
p1,3,377.13914117667014,21.679388565989967,accepted_observation_geometry,53,53,0,0
p1,3,381.7383400336997,22.70981561081493,accepted_observation_geometry,53,53,0,0
p1,3,386.3375388907293,23.74024265563989,accepted_observation_geometry,53,53,0,0
p1,3,390.9367377477589,25.145370444037567,accepted_observation_geometry,53,53,0,0
p1,3,395.5359366047885,26.363147860648894,accepted_observation_geometry,53,53,0,0
p1,3,400.135135461818,27.393574905473862,accepted_observation_geometry,53,53,0,0
p1,3,404.7343343188476,28.424001950298823,accepted_observation_geometry,53,53,0,0
p1,3,409.33353317587716,28.79870269387154,accepted_observation_geometry,53,53,0,0
p1,3,413.93273203290676,28.9860530656579,accepted_observation_geometry,53,53,0,0
p1,3,418.53193088993635,28.61135232208518,accepted_observation_geometry,53,53,0,0
p1,3,423.13112974696594,28.049301206726113,accepted_observation_geometry,53,53,0,0
p1,3,427.73032860399553,27.206224533687504,accepted_observation_geometry,53,53,0,0
p1,3,432.3295274610251,26.175797488862543,accepted_observation_geometry,53,53,0,0
p1,3,436.9287263180547,25.332720815823933,accepted_observation_geometry,53,53,0,0
p1,3,441.5279251750843,24.489644142785323,accepted_observation_geometry,53,53,0,0
p1,3,446.1271240321139,23.83391784153308,accepted_observation_geometry,53,53,0,0
p1,3,450.7263228891435,23.271866726173997,accepted_observation_geometry,53,53,0,0
p1,3,455.32552174617297,22.616140424921753,accepted_observation_geometry,53,53,0,0
p1,3,459.92472060320256,21.960414123669494,accepted_observation_geometry,53,53,0,0
p1,3,464.52391946023215,21.30468782241725,accepted_observation_geometry,53,53,0,0
p1,3,469.12311831726174,20.836311892951358,accepted_observation_geometry,53,53,0,0
p1,3,473.72231717429133,21.1173374506309,accepted_observation_geometry,53,53,0,0
p1,3,478.3215160313209,21.960414123669494,accepted_observation_geometry,53,53,0,0
p1,3,482.9207148883505,23.084516354387645,accepted_observation_geometry,53,53,0,0
p1,3,487.5199137453801,24.5833193286785,accepted_observation_geometry,53,53,0,0
p1,3,492.1191126024097,26.175797488862543,accepted_observation_geometry,53,53,0,0
p1,3,496.7183114594393,27.76827564904658,accepted_observation_geometry,53,53,0,0
p1,3,501.3175103164689,29.267078623337433,accepted_observation_geometry,53,53,0,0
p1,3,505.9167091734985,30.765881597628294,accepted_observation_geometry,53,53,0,0
p1,3,510.51590803052807,32.17100938602597,accepted_observation_geometry,53,53,0,0
p1,3,515.1151068875575,33.95083791799637,accepted_observation_geometry,53,53,0,0
p1,3,519.7143057445871,34.700239405141794,accepted_observation_geometry,53,53,0,0
p1,3,524.3135046016167,35.73066644996676,accepted_observation_geometry,53,53,0,0
p1,3,528.9127034586463,37.13579423836444,accepted_observation_geometry,53,53,0,0
p1,3,533.5119023156759,38.44724684086894,accepted_observation_geometry,53,53,0,0
p1,3,538.1111011727055,40.03972500105298,accepted_observation_geometry,53,53,0,0
p1,3,542.7103000297351,41.44485278945066,accepted_observation_geometry,53,53,0,0
p1,3,547.3094988867647,42.475279834275625,accepted_observation_geometry,53,53,0,0
p1,3,551.9086977437943,43.03733094963469,accepted_observation_geometry,53,53,0,0
p1,3,556.5078966008239,42.849980577848335,accepted_observation_geometry,53,53,0,0
p1,3,561.1070954578535,42.194254276596084,accepted_observation_geometry,53,53,0,0
p1,3,565.706294314883,41.16382723177112,accepted_observation_geometry,53,53,0,0
p1,3,570.3054931719126,39.946049815159796,accepted_observation_geometry,53,53,0,0
p1,3,574.9046920289421,38.72827239854848,accepted_observation_geometry,53,53,0,0
p1,3,579.5038908859717,37.97887091140305,accepted_observation_geometry,53,53,0,0
p1,3,584.1030897430013,37.416819796043974,accepted_observation_geometry,53,53,0,0
p1,3,588.7022886000309,37.88519572550987,accepted_observation_geometry,53,53,0,0
p1,4,602.4998851711197,40.88280167409158,accepted_observation_geometry,45,45,0,0
p1,4,607.0990840281493,41.819553533023374,accepted_observation_geometry,45,45,0,0
p1,4,611.6982828851789,41.91322871891655,accepted_observation_geometry,45,45,0,0
p1,4,616.2974817422084,41.2575024176643,accepted_observation_geometry,45,45,0,0
p1,4,620.896680599238,40.03972500105298,accepted_observation_geometry,45,45,0,0
p1,4,625.4958794562676,38.44724684086894,accepted_observation_geometry,45,45,0,0
p1,4,630.0950783132972,36.66741830889855,accepted_observation_geometry,45,45,0,0
p1,4,634.6942771703267,35.355965706394045,accepted_observation_geometry,45,45,0,0
p1,4,639.2934760273563,33.95083791799637,accepted_observation_geometry,45,45,0,0
p1,4,643.8926748843859,33.10776124495776,accepted_observation_geometry,45,45,0,0
p1,4,648.4918737414155,30.110155296376043,accepted_observation_geometry,45,45,0,0
p1,4,653.0910725984451,28.424001950298823,accepted_observation_geometry,45,45,0,0
p1,4,657.6902714554747,27.206224533687504,accepted_observation_geometry,45,45,0,0
p1,4,662.2894703125042,27.95562602083293,accepted_observation_geometry,45,45,0,0
p1,4,666.8886691695338,29.64177936691015,accepted_observation_geometry,45,45,0,0
p1,4,671.4878680265634,31.140582341201004,accepted_observation_geometry,45,45,0,0
p1,4,676.087066883593,30.2975056681624,accepted_observation_geometry,45,45,0,0
p1,4,680.6862657406226,28.236651578512472,accepted_observation_geometry,45,45,0,0
p1,4,685.2854645976522,25.145370444037567,accepted_observation_geometry,45,45,0,0
p1,4,689.8846634546817,24.02126821331943,accepted_observation_geometry,45,45,0,0
p1,4,694.4838623117114,25.520071187610284,accepted_observation_geometry,45,45,0,0
p1,4,699.0830611687409,27.112549347794328,accepted_observation_geometry,45,45,0,0
p1,4,703.6822600257706,27.112549347794328,accepted_observation_geometry,45,45,0,0
p1,4,708.2814588828,26.175797488862543,accepted_observation_geometry,45,45,0,0
p1,4,712.8806577398298,25.239045629930757,accepted_observation_geometry,45,45,0,0
p1,4,717.4798565968592,24.676994514571675,accepted_observation_geometry,45,45,0,0
p1,4,722.0790554538887,28.236651578512472,accepted_observation_geometry,45,45,0,0
p1,4,726.6782543109184,30.578531225841935,accepted_observation_geometry,45,45,0,0
p1,4,731.2774531679479,34.138188289782725,accepted_observation_geometry,45,45,0,0
p1,4,735.8766520249776,37.51049498193716,accepted_observation_geometry,45,45,0,0
p1,4,740.4758508820071,38.6345972126553,accepted_observation_geometry,45,45,0,0
p1,4,745.0750497390368,37.416819796043974,accepted_observation_geometry,45,45,0,0
p1,4,749.6742485960663,36.10536719353947,accepted_observation_geometry,45,45,0,0
p1,4,754.273447453096,33.857162732103184,accepted_observation_geometry,45,45,0,0
p1,4,758.8726463101254,31.421607898880545,accepted_observation_geometry,45,45,0,0
p1,4,763.4718451671552,28.424001950298823,accepted_observation_geometry,45,45,0,0
p1,4,768.0710440241846,26.73784860422161,accepted_observation_geometry,45,45,0,0
p1,4,772.6702428812143,24.958020072251216,accepted_observation_geometry,45,45,0,0
p1,4,777.2694417382438,25.145370444037567,accepted_observation_geometry,45,45,0,0
p1,4,781.8686405952733,27.76827564904658,accepted_observation_geometry,45,45,0,0
p1,4,786.467839452303,29.45442899512379,accepted_observation_geometry,45,45,0,0
p1,4,791.0670383093325,31.983659014239613,accepted_observation_geometry,45,45,0,0
p1,4,795.6662371663622,35.63699126407358,accepted_observation_geometry,45,45,0,0
p1,4,800.2654360233917,36.94844386657808,accepted_observation_geometry,45,45,0,0
p1,4,804.8646348804214,37.042119052471264,accepted_observation_geometry,45,45,0,0
p1,5,818.66223145151,39.19664832801437,accepted_observation_geometry,9,9,0,0
p1,5,823.2614303085397,40.789126488198406,accepted_observation_geometry,9,9,0,0
p1,5,827.8606291655692,42.75630539195516,accepted_observation_geometry,9,9,0,0
p1,5,832.4598280225989,44.81715948160509,accepted_observation_geometry,9,9,0,0
p1,5,837.0590268796284,45.84758652643005,accepted_observation_geometry,9,9,0,0
p1,5,841.6582257366579,44.81715948160509,accepted_observation_geometry,9,9,0,0
p1,5,846.2574245936876,43.505706879100586,accepted_observation_geometry,9,9,0,0
p1,5,850.856623450717,41.72587834713019,accepted_observation_geometry,9,9,0,0
p1,5,855.4558223077468,41.16382723177112,accepted_observation_geometry,9,9,0,0
p1,6,864.6542200218059,38.54092202676212,accepted_observation_geometry,10,10,0,0
p1,6,869.2534188788354,36.94844386657808,accepted_observation_geometry,10,10,0,0
p1,6,873.8526177358651,34.512889033355435,accepted_observation_geometry,10,10,0,0
p1,6,878.4518165928946,33.20143643085094,accepted_observation_geometry,10,10,0,0
p1,6,883.0510154499243,31.421607898880545,accepted_observation_geometry,10,10,0,0
p1,6,887.6502143069538,31.889983828346438,accepted_observation_geometry,10,10,0,0
p1,6,892.2494131639835,33.482461988530474,accepted_observation_geometry,10,10,0,0
p1,6,896.848612021013,36.10536719353947,accepted_observation_geometry,10,10,0,0
p1,6,901.4478108780424,40.50810093051887,accepted_observation_geometry,10,10,0,0
p1,6,906.0470097350722,45.47288578285734,accepted_observation_geometry,10,10,0,0
p1,7,933.6422028772497,46.22228727000277,accepted_observation_geometry,57,57,0,0
p1,7,938.2414017342792,44.62980910981873,accepted_observation_geometry,57,57,0,0
p1,7,942.8406005913089,44.16143318035284,accepted_observation_geometry,57,57,0,0
p1,7,947.4397994483384,43.97408280856648,accepted_observation_geometry,57,57,0,0
p1,7,952.0389983053681,43.41203169320741,accepted_observation_geometry,57,57,0,0
p1,7,956.6381971623975,41.819553533023374,accepted_observation_geometry,57,57,0,0
p1,7,961.237396019427,39.19664832801437,accepted_observation_geometry,57,57,0,0
p1,7,965.8365948764567,36.48006793711219,accepted_observation_geometry,57,57,0,0
p1,7,970.4357937334862,33.66981236031683,accepted_observation_geometry,57,57,0,0
p1,7,975.0349925905159,31.046907155307828,accepted_observation_geometry,57,57,0,0
p1,7,979.6341914475454,28.424001950298823,accepted_observation_geometry,57,57,0,0
p1,7,984.2333903045751,25.70742155939665,accepted_observation_geometry,57,57,0,0
p1,7,988.8325891616046,22.99084116849447,accepted_observation_geometry,57,57,0,0
p1,7,993.4317880186343,21.58571338009679,accepted_observation_geometry,57,57,0,0
p1,7,998.0309868756638,18.77545780330142,accepted_observation_geometry,57,57,0,0
p1,7,1002.6301857326935,19.61853447634003,accepted_observation_geometry,57,57,0,0
p1,7,1007.2293845897229,22.054089309562684,accepted_observation_geometry,57,57,0,0
p1,7,1011.8285834467526,25.42639600171711,accepted_observation_geometry,57,57,0,0
p1,7,1016.4277823037821,29.922804924589684,accepted_observation_geometry,57,57,0,0
p1,7,1021.0269811608116,32.35835975781233,accepted_observation_geometry,57,57,0,0
p1,7,1025.6261800178413,34.2318634756759,accepted_observation_geometry,57,57,0,0
p1,7,1030.2253788748708,35.168615334607686,accepted_observation_geometry,57,57,0,0
p1,7,1034.8245777319005,36.10536719353947,accepted_observation_geometry,57,57,0,0
p1,7,1039.42377658893,36.76109349479172,accepted_observation_geometry,57,57,0,0
p1,7,1044.0229754459597,37.51049498193716,accepted_observation_geometry,57,57,0,0
p1,7,1048.6221743029892,37.88519572550987,accepted_observation_geometry,57,57,0,0
p1,7,1053.2213731600189,36.854768680684906,accepted_observation_geometry,57,57,0,0
p1,7,1057.8205720170483,34.79391459103498,accepted_observation_geometry,57,57,0,0
p1,7,1062.419770874078,30.01648011048286,accepted_observation_geometry,57,57,0,0
p1,7,1067.0189697311075,29.922804924589684,accepted_observation_geometry,57,57,0,0
p1,7,1071.6181685881372,28.236651578512472,accepted_observation_geometry,57,57,0,0
p1,7,1076.2173674451667,27.393574905473862,accepted_observation_geometry,57,57,0,0
p1,7,1080.8165663021962,28.424001950298823,accepted_observation_geometry,57,57,0,0
p1,7,1085.4157651592259,29.735454552803326,accepted_observation_geometry,57,57,0,0
p1,7,1090.0149640162554,30.20383048226922,accepted_observation_geometry,57,57,0,0
p1,7,1094.614162873285,28.517677136192006,accepted_observation_geometry,57,57,0,0
p1,7,1099.2133617303145,27.112549347794328,accepted_observation_geometry,57,57,0,0
p1,7,1103.8125605873443,26.73784860422161,accepted_observation_geometry,57,57,0,0
p1,7,1108.4117594443737,28.61135232208518,accepted_observation_geometry,57,57,0,0
p1,7,1113.0109583014034,28.9860530656579,accepted_observation_geometry,57,57,0,0
p1,7,1117.610157158433,32.639385315491865,accepted_observation_geometry,57,57,0,0
p1,7,1122.2093560154626,38.35357165497576,accepted_observation_geometry,57,57,0,0
p1,7,1126.808554872492,38.1662212831894,accepted_observation_geometry,57,57,0,0
p1,7,1131.4077537295218,35.63699126407358,accepted_observation_geometry,57,57,0,0
p1,7,1136.0069525865513,33.38878680263729,accepted_observation_geometry,57,57,0,0
p1,7,1140.6061514435808,30.953231969414652,accepted_observation_geometry,57,57,0,0
p1,7,1145.2053503006105,28.14297639261929,accepted_observation_geometry,57,57,0,0
p1,7,1149.80454915764,20.086910405805924,accepted_observation_geometry,57,57,0,0
p1,7,1154.4037480146696,12.124519604885748,accepted_observation_geometry,57,57,0,0
p1,7,1159.0029468716991,6.878709194867739,accepted_observation_geometry,57,57,0,0
p1,7,1163.6021457287288,12.218194790778924,accepted_observation_geometry,57,57,0,0
p1,7,1168.2013445857583,18.213406687942353,accepted_observation_geometry,57,57,0,0
p1,7,1172.800543442788,27.112549347794328,accepted_observation_geometry,57,57,0,0
p1,7,1177.3997422998175,30.110155296376043,accepted_observation_geometry,57,57,0,0
p1,7,1181.9989411568472,32.73306050138504,accepted_observation_geometry,57,57,0,0
p1,7,1186.5981400138767,34.88758977692815,accepted_observation_geometry,57,57,0,0
p1,7,1191.1973388709062,35.63699126407358,accepted_observation_geometry,57,57,0,0
p1,8,1200.3957365849653,31.327932712987362,accepted_observation_geometry,33,33,0,0
p1,8,1204.994935441995,27.861950834939755,accepted_observation_geometry,33,33,0,0
p1,8,1209.5941342990245,25.801096745289826,accepted_observation_geometry,33,33,0,0
p1,8,1214.1933331560542,27.206224533687504,accepted_observation_geometry,33,33,0,0
p1,8,1218.7925320130837,30.20383048226922,accepted_observation_geometry,33,33,0,0
p1,8,1223.3917308701134,33.95083791799637,accepted_observation_geometry,33,33,0,0
p1,8,1227.9909297271429,35.5433160781804,accepted_observation_geometry,33,33,0,0
p1,8,1232.5901285841726,36.48006793711219,accepted_observation_geometry,33,33,0,0
p1,8,1237.189327441202,36.573743123005364,accepted_observation_geometry,33,33,0,0
p1,8,1241.7885262982318,36.48006793711219,accepted_observation_geometry,33,33,0,0
p1,8,1246.3877251552613,36.38639275121901,accepted_observation_geometry,33,33,0,0
p1,8,1250.9869240122907,36.011692007646296,accepted_observation_geometry,33,33,0,0
p1,8,1255.5861228693204,35.44964089228722,accepted_observation_geometry,33,33,0,0
p1,8,1260.18532172635,34.98126496282133,accepted_observation_geometry,33,33,0,0
p1,8,1264.7845205833796,34.700239405141794,accepted_observation_geometry,33,33,0,0
p1,8,1269.383719440409,34.79391459103498,accepted_observation_geometry,33,33,0,0
p1,8,1273.9829182974388,34.88758977692815,accepted_observation_geometry,33,33,0,0
p1,8,1278.5821171544683,34.98126496282133,accepted_observation_geometry,33,33,0,0
p1,8,1283.181316011498,35.168615334607686,accepted_observation_geometry,33,33,0,0
p1,8,1287.7805148685275,35.82434163585994,accepted_observation_geometry,33,33,0,0
p1,8,1292.3797137255572,36.76109349479172,accepted_observation_geometry,33,33,0,0
p1,8,1296.9789125825866,37.88519572550987,accepted_observation_geometry,33,33,0,0
p1,8,1301.5781114396164,38.915622770334835,accepted_observation_geometry,33,33,0,0
p1,8,1306.1773102966458,39.85237462926662,accepted_observation_geometry,33,33,0,0
p1,8,1310.7765091536753,40.41442574462569,accepted_observation_geometry,33,33,0,0
p1,8,1315.375708010705,41.07015204587794,accepted_observation_geometry,33,33,0,0
p1,8,1319.9749068677345,41.44485278945066,accepted_observation_geometry,33,33,0,0
p1,8,1324.5741057247642,40.976476859984764,accepted_observation_geometry,33,33,0,0
p1,8,1329.1733045817937,39.4776738856939,accepted_observation_geometry,33,33,0,0
p1,8,1333.7725034388234,37.79152053961669,accepted_observation_geometry,33,33,0,0
p1,8,1338.3717022958529,34.700239405141794,accepted_observation_geometry,33,33,0,0
p1,8,1342.9709011528826,32.35835975781233,accepted_observation_geometry,33,33,0,0
p1,8,1347.570100009912,30.391180854055577,accepted_observation_geometry,33,33,0,0
p1,9,1356.7684977239712,26.45682304654207,accepted_observation_geometry,2,2,0,0
p1,9,1361.367696581001,25.61374637350346,accepted_observation_geometry,2,2,0,0
p1,10,1370.5660942950599,19.337508918660504,accepted_observation_geometry,9,9,0,0
p1,10,1375.1652931520896,19.056483360980963,accepted_observation_geometry,9,9,0,0
p1,10,1379.764492009119,20.27426077759229,accepted_observation_geometry,9,9,0,0
p1,10,1384.3636908661488,22.054089309562684,accepted_observation_geometry,9,9,0,0
p1,10,1388.9628897231783,25.70742155939665,accepted_observation_geometry,9,9,0,0
p1,10,1393.562088580208,28.049301206726113,accepted_observation_geometry,9,9,0,0
p1,10,1398.1612874372374,30.01648011048286,accepted_observation_geometry,9,9,0,0
p1,10,1402.7604862942671,31.796308642453255,accepted_observation_geometry,9,9,0,0
p1,10,1407.3596851512966,32.639385315491865,accepted_observation_geometry,9,9,0,0
p1,11,1416.5580828653558,33.482461988530474,accepted_observation_geometry,4,4,0,0
p1,11,1421.1572817223855,33.01408605906458,accepted_observation_geometry,4,4,0,0
p1,11,1425.756480579415,33.482461988530474,accepted_observation_geometry,4,4,0,0
p1,11,1430.3556794364445,33.76348754621001,accepted_observation_geometry,4,4,0,0
p1,12,1439.5540771505036,30.765881597628294,accepted_observation_geometry,209,209,0,0
p1,12,1444.1532760075333,28.79870269387154,accepted_observation_geometry,209,209,0,0
p1,12,1448.7524748645628,23.365541912067187,accepted_observation_geometry,209,209,0,0
p1,12,1453.3516737215925,20.27426077759229,accepted_observation_geometry,209,209,0,0
p1,12,1457.950872578622,18.77545780330142,accepted_observation_geometry,209,209,0,0
p1,12,1462.5500714356517,21.398363008310426,accepted_observation_geometry,209,209,0,0
p1,12,1467.1492702926812,22.616140424921753,accepted_observation_geometry,209,209,0,0
p1,12,1471.748469149711,27.29989971958068,accepted_observation_geometry,209,209,0,0
p1,12,1476.3476680067404,29.64177936691015,accepted_observation_geometry,209,209,0,0
p1,12,1480.94686686377,32.17100938602597,accepted_observation_geometry,209,209,0,0
p1,12,1485.5460657207996,34.88758977692815,accepted_observation_geometry,209,209,0,0
p1,12,1490.145264577829,36.573743123005364,accepted_observation_geometry,209,209,0,0
p1,12,1494.7444634348587,38.259896469082584,accepted_observation_geometry,209,209,0,0
p1,12,1499.3436622918882,39.19664832801437,accepted_observation_geometry,209,209,0,0
p1,12,1503.942861148918,40.133400186946155,accepted_observation_geometry,209,209,0,0
p1,12,1508.5420600059474,40.60177611641205,accepted_observation_geometry,209,209,0,0
p1,12,1513.141258862977,40.22707537283934,accepted_observation_geometry,209,209,0,0
p1,12,1517.7404577200066,39.66502425748026,accepted_observation_geometry,209,209,0,0
p1,12,1522.3396565770363,39.10297314212119,accepted_observation_geometry,209,209,0,0
p1,12,1526.9388554340658,38.72827239854848,accepted_observation_geometry,209,209,0,0
p1,12,1531.5380542910955,38.915622770334835,accepted_observation_geometry,209,209,0,0
p1,12,1536.137253148125,39.290323513907545,accepted_observation_geometry,209,209,0,0
p1,12,1540.7364520051547,39.38399869980073,accepted_observation_geometry,209,209,0,0
p1,12,1545.3356508621841,39.00929795622801,accepted_observation_geometry,209,209,0,0
p1,12,1549.9348497192136,38.6345972126553,accepted_observation_geometry,209,209,0,0
p1,12,1554.5340485762433,38.44724684086894,accepted_observation_geometry,209,209,0,0
p1,12,1559.1332474332728,38.44724684086894,accepted_observation_geometry,209,209,0,0
p1,12,1563.7324462903025,38.82194758444165,accepted_observation_geometry,209,209,0,0
p1,12,1568.331645147332,39.290323513907545,accepted_observation_geometry,209,209,0,0
p1,12,1572.9308440043617,39.38399869980073,accepted_observation_geometry,209,209,0,0
p1,12,1577.5300428613912,39.10297314212119,accepted_observation_geometry,209,209,0,0
p1,12,1582.1292417184209,38.82194758444165,accepted_observation_geometry,209,209,0,0
p1,12,1586.7284405754503,38.259896469082584,accepted_observation_geometry,209,209,0,0
p1,12,1591.32763943248,37.60417016783033,accepted_observation_geometry,209,209,0,0
p1,12,1595.9268382895095,36.29271756532583,accepted_observation_geometry,209,209,0,0
p1,12,1600.5260371465392,33.66981236031683,accepted_observation_geometry,209,209,0,0
p1,12,1605.1252360035687,31.327932712987362,accepted_observation_geometry,209,209,0,0
p1,12,1609.7244348605982,25.239045629930757,accepted_observation_geometry,209,209,0,0
p1,12,1614.323633717628,22.054089309562684,accepted_observation_geometry,209,209,0,0
p1,12,1618.9228325746574,19.993235219912748,accepted_observation_geometry,209,209,0,0
p1,12,1623.522031431687,21.773063751883143,accepted_observation_geometry,209,209,0,0
p1,12,1628.1212302887166,24.302293770998972,accepted_observation_geometry,209,209,0,0
p1,12,1632.7204291457463,26.73784860422161,accepted_observation_geometry,209,209,0,0
p1,12,1637.3196280027757,28.049301206726113,accepted_observation_geometry,209,209,0,0
p1,12,1641.9188268598054,26.925198976007962,accepted_observation_geometry,209,209,0,0
p1,12,1646.518025716835,25.332720815823933,accepted_observation_geometry,209,209,0,0
p1,12,1651.1172245738646,24.5833193286785,accepted_observation_geometry,209,209,0,0
p1,12,1655.716423430894,21.86673893777632,accepted_observation_geometry,209,209,0,0
p1,12,1660.3156222879238,22.70981561081493,accepted_observation_geometry,209,209,0,0
p1,12,1664.9148211449533,24.02126821331943,accepted_observation_geometry,209,209,0,0
p1,12,1669.5140200019828,28.61135232208518,accepted_observation_geometry,209,209,0,0
p1,12,1674.1132188590125,30.953231969414652,accepted_observation_geometry,209,209,0,0
p1,12,1678.712417716042,34.04451310388954,accepted_observation_geometry,209,209,0,0
p1,12,1683.3116165730717,36.66741830889855,accepted_observation_geometry,209,209,0,0
p1,12,1687.9108154301011,38.6345972126553,accepted_observation_geometry,209,209,0,0
p1,12,1692.5100142871308,39.758699443373445,accepted_observation_geometry,209,209,0,0
p1,12,1697.1092131441603,40.22707537283934,accepted_observation_geometry,209,209,0,0
p1,12,1701.70841200119,40.50810093051887,accepted_observation_geometry,209,209,0,0
p1,12,1706.3076108582195,40.976476859984764,accepted_observation_geometry,209,209,0,0
p1,12,1710.9068097152492,41.35117760355748,accepted_observation_geometry,209,209,0,0
p1,12,1715.5060085722787,41.819553533023374,accepted_observation_geometry,209,209,0,0
p1,12,1720.1052074293082,42.10057909070291,accepted_observation_geometry,209,209,0,0
p1,12,1724.7044062863376,41.819553533023374,accepted_observation_geometry,209,209,0,0
p1,12,1729.3036051433676,41.2575024176643,accepted_observation_geometry,209,209,0,0
p1,12,1733.902804000397,40.789126488198406,accepted_observation_geometry,209,209,0,0
p1,12,1738.5020028574265,40.133400186946155,accepted_observation_geometry,209,209,0,0
p1,12,1743.101201714456,39.571349071587086,accepted_observation_geometry,209,209,0,0
p1,12,1747.700400571486,39.19664832801437,accepted_observation_geometry,209,209,0,0
p1,12,1752.2995994285154,38.82194758444165,accepted_observation_geometry,209,209,0,0
p1,12,1756.898798285545,38.1662212831894,accepted_observation_geometry,209,209,0,0
p1,12,1761.4979971425744,37.416819796043974,accepted_observation_geometry,209,209,0,0
p1,12,1766.0971959996043,36.48006793711219,accepted_observation_geometry,209,209,0,0
p1,12,1770.6963948566338,35.73066644996676,accepted_observation_geometry,209,209,0,0
p1,12,1775.2955937136633,34.98126496282133,accepted_observation_geometry,209,209,0,0
p1,12,1779.8947925706927,34.60656421924862,accepted_observation_geometry,209,209,0,0
p1,12,1784.4939914277222,34.04451310388954,accepted_observation_geometry,209,209,0,0
p1,12,1789.0931902847522,33.857162732103184,accepted_observation_geometry,209,209,0,0
p1,12,1793.6923891417816,32.452034943705506,accepted_observation_geometry,209,209,0,0
p1,12,1798.291587998811,31.889983828346438,accepted_observation_geometry,209,209,0,0
p1,12,1802.8907868558406,30.67220641173511,accepted_observation_geometry,209,209,0,0
p1,12,1807.4899857128705,29.360753809230616,accepted_observation_geometry,209,209,0,0
p1,12,1812.0891845699,28.14297639261929,accepted_observation_geometry,209,209,0,0
p1,12,1816.6883834269295,27.29989971958068,accepted_observation_geometry,209,209,0,0
p1,12,1821.287582283959,28.14297639261929,accepted_observation_geometry,209,209,0,0
p1,12,1825.886781140989,30.20383048226922,accepted_observation_geometry,209,209,0,0
p1,12,1830.4859799980184,34.60656421924862,accepted_observation_geometry,209,209,0,0
p1,12,1835.0851788550478,35.44964089228722,accepted_observation_geometry,209,209,0,0
p1,12,1839.6843777120773,36.199042379432655,accepted_observation_geometry,209,209,0,0
p1,12,1844.2835765691068,36.48006793711219,accepted_observation_geometry,209,209,0,0
p1,12,1848.8827754261367,37.79152053961669,accepted_observation_geometry,209,209,0,0
p1,12,1853.4819742831662,40.789126488198406,accepted_observation_geometry,209,209,0,0
p1,12,1858.0811731401957,37.60417016783033,accepted_observation_geometry,209,209,0,0
p1,12,1862.6803719972252,37.416819796043974,accepted_observation_geometry,209,209,0,0
p1,12,1867.279570854255,37.042119052471264,accepted_observation_geometry,209,209,0,0
p1,12,1871.8787697112846,36.573743123005364,accepted_observation_geometry,209,209,0,0
p1,12,1876.477968568314,35.73066644996676,accepted_observation_geometry,209,209,0,0
p1,12,1881.0771674253435,34.41921384746226,accepted_observation_geometry,209,209,0,0
p1,12,1885.6763662823735,33.20143643085094,accepted_observation_geometry,209,209,0,0
p1,12,1890.275565139403,32.9204108731714,accepted_observation_geometry,209,209,0,0
p1,12,1894.8747639964324,34.2318634756759,accepted_observation_geometry,209,209,0,0
p1,12,1899.473962853462,35.63699126407358,accepted_observation_geometry,209,209,0,0
p1,12,1904.0731617104914,37.79152053961669,accepted_observation_geometry,209,209,0,0
p1,12,1908.6723605675213,38.35357165497576,accepted_observation_geometry,209,209,0,0
p1,12,1913.2715594245508,39.19664832801437,accepted_observation_geometry,209,209,0,0
p1,12,1917.8707582815803,39.4776738856939,accepted_observation_geometry,209,209,0,0
p1,12,1922.4699571386097,39.38399869980073,accepted_observation_geometry,209,209,0,0
p1,12,1927.0691559956397,39.00929795622801,accepted_observation_geometry,209,209,0,0
p1,12,1931.6683548526692,39.00929795622801,accepted_observation_geometry,209,209,0,0
p1,12,1936.2675537096986,39.290323513907545,accepted_observation_geometry,209,209,0,0
p1,12,1940.866752566728,39.10297314212119,accepted_observation_geometry,209,209,0,0
p1,12,1945.465951423758,38.44724684086894,accepted_observation_geometry,209,209,0,0
p1,12,1950.0651502807875,38.072546097296225,accepted_observation_geometry,209,209,0,0
p1,12,1954.664349137817,38.35357165497576,accepted_observation_geometry,209,209,0,0
p1,12,1959.2635479948465,38.1662212831894,accepted_observation_geometry,209,209,0,0
p1,12,1963.862746851876,37.229469424257616,accepted_observation_geometry,209,209,0,0
p1,12,1968.461945708906,35.07494014871451,accepted_observation_geometry,209,209,0,0
p1,12,1973.0611445659354,33.295111616744116,accepted_observation_geometry,209,209,0,0
p1,12,1977.6603434229648,31.327932712987362,accepted_observation_geometry,209,209,0,0
p1,12,1982.2595422799943,29.267078623337433,accepted_observation_geometry,209,209,0,0
p1,12,1986.8587411370243,29.735454552803326,accepted_observation_geometry,209,209,0,0
p1,12,1991.4579399940537,31.234257527094186,accepted_observation_geometry,209,209,0,0
p1,12,1996.0571388510832,32.73306050138504,accepted_observation_geometry,209,209,0,0
p1,12,2000.6563377081127,34.04451310388954,accepted_observation_geometry,209,209,0,0
p1,12,2005.2555365651426,35.44964089228722,accepted_observation_geometry,209,209,0,0
p1,12,2009.854735422172,36.29271756532583,accepted_observation_geometry,209,209,0,0
p1,12,2014.4539342792016,37.13579423836444,accepted_observation_geometry,209,209,0,0
p1,12,2019.053133136231,37.60417016783033,accepted_observation_geometry,209,209,0,0
p1,12,2023.6523319932605,37.60417016783033,accepted_observation_geometry,209,209,0,0
p1,12,2028.2515308502905,37.416819796043974,accepted_observation_geometry,209,209,0,0
p1,12,2032.85072970732,37.13579423836444,accepted_observation_geometry,209,209,0,0
p1,12,2037.4499285643494,36.854768680684906,accepted_observation_geometry,209,209,0,0
p1,12,2042.049127421379,37.13579423836444,accepted_observation_geometry,209,209,0,0
p1,12,2046.6483262784088,37.88519572550987,accepted_observation_geometry,209,209,0,0
p1,12,2051.247525135438,38.72827239854848,accepted_observation_geometry,209,209,0,0
p1,12,2055.8467239924676,39.571349071587086,accepted_observation_geometry,209,209,0,0
p1,12,2060.445922849497,40.22707537283934,accepted_observation_geometry,209,209,0,0
p1,12,2065.0451217065274,40.50810093051887,accepted_observation_geometry,209,209,0,0
p1,12,2069.644320563557,40.69545130230523,accepted_observation_geometry,209,209,0,0
p1,12,2074.2435194205864,41.16382723177112,accepted_observation_geometry,209,209,0,0
p1,12,2078.842718277616,41.53852797534383,accepted_observation_geometry,209,209,0,0
p1,12,2083.4419171346453,41.2575024176643,accepted_observation_geometry,209,209,0,0
p1,12,2088.041115991675,40.789126488198406,accepted_observation_geometry,209,209,0,0
p1,12,2092.6403148487043,41.07015204587794,accepted_observation_geometry,209,209,0,0
p1,12,2097.2395137057338,41.632203161237015,accepted_observation_geometry,209,209,0,0
p1,12,2101.8387125627632,42.006903904809725,accepted_observation_geometry,209,209,0,0
p1,12,2106.4379114197936,41.632203161237015,accepted_observation_geometry,209,209,0,0
p1,12,2111.037110276823,41.2575024176643,accepted_observation_geometry,209,209,0,0
p1,12,2115.6363091338526,40.88280167409158,accepted_observation_geometry,209,209,0,0
p1,12,2120.235507990882,40.69545130230523,accepted_observation_geometry,209,209,0,0
p1,12,2124.8347068479115,40.789126488198406,accepted_observation_geometry,209,209,0,0
p1,12,2129.433905704941,40.976476859984764,accepted_observation_geometry,209,209,0,0
p1,12,2134.0331045619705,41.2575024176643,accepted_observation_geometry,209,209,0,0
p1,12,2138.632303419,41.632203161237015,accepted_observation_geometry,209,209,0,0
p1,12,2143.2315022760295,42.10057909070291,accepted_observation_geometry,209,209,0,0
p1,12,2147.83070113306,42.475279834275625,accepted_observation_geometry,209,209,0,0
p1,12,2152.4298999900893,43.13100613552787,accepted_observation_geometry,209,209,0,0
p1,12,2157.029098847119,43.505706879100586,accepted_observation_geometry,209,209,0,0
p1,12,2161.6282977041483,43.31835650731423,accepted_observation_geometry,209,209,0,0
p1,12,2166.2274965611778,42.849980577848335,accepted_observation_geometry,209,209,0,0
p1,12,2170.8266954182072,42.475279834275625,accepted_observation_geometry,209,209,0,0
p1,12,2175.4258942752367,42.38160464838244,accepted_observation_geometry,209,209,0,0
p1,12,2180.025093132266,42.28792946248927,accepted_observation_geometry,209,209,0,0
p1,12,2184.6242919892966,42.194254276596084,accepted_observation_geometry,209,209,0,0
p1,12,2189.223490846326,43.03733094963469,accepted_observation_geometry,209,209,0,0
p1,12,2193.8226897033555,44.06775799445966,accepted_observation_geometry,209,209,0,0
p1,12,2198.421888560385,45.191860225177805,accepted_observation_geometry,209,209,0,0
p1,12,2203.0210874174145,44.16143318035284,accepted_observation_geometry,209,209,0,0
p1,12,2207.620286274444,42.5689550201688,accepted_observation_geometry,209,209,0,0
p1,12,2212.2194851314734,41.16382723177112,accepted_observation_geometry,209,209,0,0
p1,12,2216.818683988503,40.32075055873251,accepted_observation_geometry,209,209,0,0
p1,12,2221.4178828455324,40.22707537283934,accepted_observation_geometry,209,209,0,0
p1,12,2226.017081702563,40.69545130230523,accepted_observation_geometry,209,209,0,0
p1,12,2230.6162805595923,40.69545130230523,accepted_observation_geometry,209,209,0,0
p1,12,2235.2154794166217,40.133400186946155,accepted_observation_geometry,209,209,0,0
p1,12,2239.814678273651,39.758699443373445,accepted_observation_geometry,209,209,0,0
p1,12,2244.4138771306807,40.133400186946155,accepted_observation_geometry,209,209,0,0
p1,12,2249.01307598771,40.22707537283934,accepted_observation_geometry,209,209,0,0
p1,12,2253.6122748447397,39.4776738856939,accepted_observation_geometry,209,209,0,0
p1,12,2258.211473701769,38.54092202676212,accepted_observation_geometry,209,209,0,0
p1,12,2262.8106725587986,37.51049498193716,accepted_observation_geometry,209,209,0,0
p1,12,2267.409871415829,36.94844386657808,accepted_observation_geometry,209,209,0,0
p1,12,2272.0090702728585,36.29271756532583,accepted_observation_geometry,209,209,0,0
p1,12,2276.608269129888,35.73066644996676,accepted_observation_geometry,209,209,0,0
p1,12,2281.2074679869174,35.26229052050087,accepted_observation_geometry,209,209,0,0
p1,12,2285.806666843947,34.98126496282133,accepted_observation_geometry,209,209,0,0
p1,12,2290.4058657009764,34.88758977692815,accepted_observation_geometry,209,209,0,0
p1,12,2295.005064558006,34.88758977692815,accepted_observation_geometry,209,209,0,0
p1,12,2299.6042634150353,34.88758977692815,accepted_observation_geometry,209,209,0,0
p1,12,2304.2034622720657,34.79391459103498,accepted_observation_geometry,209,209,0,0
p1,12,2308.802661129095,34.98126496282133,accepted_observation_geometry,209,209,0,0
p1,12,2313.4018599861247,35.73066644996676,accepted_observation_geometry,209,209,0,0
p1,12,2318.001058843154,36.573743123005364,accepted_observation_geometry,209,209,0,0
p1,12,2322.6002577001836,37.042119052471264,accepted_observation_geometry,209,209,0,0
p1,12,2327.199456557213,36.76109349479172,accepted_observation_geometry,209,209,0,0
p1,12,2331.7986554142426,36.66741830889855,accepted_observation_geometry,209,209,0,0
p1,12,2336.397854271272,36.854768680684906,accepted_observation_geometry,209,209,0,0
p1,12,2340.9970531283016,37.042119052471264,accepted_observation_geometry,209,209,0,0
p1,12,2345.596251985332,36.854768680684906,accepted_observation_geometry,209,209,0,0
p1,12,2350.1954508423614,36.94844386657808,accepted_observation_geometry,209,209,0,0
p1,12,2354.794649699391,37.229469424257616,accepted_observation_geometry,209,209,0,0
p1,12,2359.3938485564204,37.416819796043974,accepted_observation_geometry,209,209,0,0
p1,12,2363.99304741345,37.416819796043974,accepted_observation_geometry,209,209,0,0
p1,12,2368.5922462704793,36.94844386657808,accepted_observation_geometry,209,209,0,0
p1,12,2373.191445127509,36.29271756532583,accepted_observation_geometry,209,209,0,0
p1,12,2377.7906439845383,35.168615334607686,accepted_observation_geometry,209,209,0,0
p1,12,2382.3898428415678,33.95083791799637,accepted_observation_geometry,209,209,0,0
p1,12,2386.989041698598,32.54571012959869,accepted_observation_geometry,209,209,0,0
p1,12,2391.5882405556276,31.046907155307828,accepted_observation_geometry,209,209,0,0
p1,12,2396.187439412657,29.922804924589684,accepted_observation_geometry,209,209,0,0
p1,13,2409.9850359837455,30.20383048226922,accepted_observation_geometry,2,2,0,0
p1,13,2414.584234840775,30.48485603994876,accepted_observation_geometry,2,2,0,0
p1,14,2423.782632554835,31.70263345656008,accepted_observation_geometry,15,15,0,0
p1,14,2428.3818314118644,32.17100938602597,accepted_observation_geometry,15,15,0,0
p1,14,2432.981030268894,33.01408605906458,accepted_observation_geometry,15,15,0,0
p1,14,2437.5802291259233,33.76348754621001,accepted_observation_geometry,15,15,0,0
p1,14,2442.179427982953,34.512889033355435,accepted_observation_geometry,15,15,0,0
p1,14,2446.7786268399823,35.355965706394045,accepted_observation_geometry,15,15,0,0
p1,14,2451.3778256970118,36.011692007646296,accepted_observation_geometry,15,15,0,0
p1,14,2455.9770245540412,36.66741830889855,accepted_observation_geometry,15,15,0,0
p1,14,2460.5762234110707,37.416819796043974,accepted_observation_geometry,15,15,0,0
p1,14,2465.175422268101,38.35357165497576,accepted_observation_geometry,15,15,0,0
p1,14,2469.7746211251306,39.290323513907545,accepted_observation_geometry,15,15,0,0
p1,14,2474.37381998216,40.41442574462569,accepted_observation_geometry,15,15,0,0
p1,14,2478.9730188391895,41.16382723177112,accepted_observation_geometry,15,15,0,0
p1,14,2483.572217696219,41.72587834713019,accepted_observation_geometry,15,15,0,0
p1,14,2488.1714165532485,42.10057909070291,accepted_observation_geometry,15,15,0,0
p1,15,2580.15539369384,41.35117760355748,accepted_observation_geometry,37,37,0,0
p1,15,2584.7545925508703,40.32075055873251,accepted_observation_geometry,37,37,0,0
p1,15,2589.3537914078997,39.19664832801437,accepted_observation_geometry,37,37,0,0
p1,15,2593.952990264929,37.88519572550987,accepted_observation_geometry,37,37,0,0
p1,15,2598.5521891219587,37.229469424257616,accepted_observation_geometry,37,37,0,0
p1,15,2603.151387978988,36.573743123005364,accepted_observation_geometry,37,37,0,0
p1,15,2607.7505868360176,35.82434163585994,accepted_observation_geometry,37,37,0,0
p1,15,2612.349785693047,35.07494014871451,accepted_observation_geometry,37,37,0,0
p1,15,2616.9489845500766,34.32553866156908,accepted_observation_geometry,37,37,0,0
p1,15,2621.548183407106,33.95083791799637,accepted_observation_geometry,37,37,0,0
p1,15,2626.1473822641365,33.01408605906458,accepted_observation_geometry,37,37,0,0
p1,15,2630.746581121166,32.73306050138504,accepted_observation_geometry,37,37,0,0
p1,15,2635.3457799781954,32.82673568727822,accepted_observation_geometry,37,37,0,0
p1,15,2639.944978835225,33.10776124495776,accepted_observation_geometry,37,37,0,0
p1,15,2644.5441776922544,34.32553866156908,accepted_observation_geometry,37,37,0,0
p1,15,2649.143376549284,34.98126496282133,accepted_observation_geometry,37,37,0,0
p1,15,2653.7425754063133,35.73066644996676,accepted_observation_geometry,37,37,0,0
p1,15,2658.341774263343,36.199042379432655,accepted_observation_geometry,37,37,0,0
p1,15,2662.9409731203723,35.91801682175312,accepted_observation_geometry,37,37,0,0
p1,15,2667.5401719774027,35.63699126407358,accepted_observation_geometry,37,37,0,0
p1,15,2672.139370834432,36.199042379432655,accepted_observation_geometry,37,37,0,0
p1,15,2676.7385696914616,37.13579423836444,accepted_observation_geometry,37,37,0,0
p1,15,2681.337768548491,37.88519572550987,accepted_observation_geometry,37,37,0,0
p1,15,2685.9369674055206,37.97887091140305,accepted_observation_geometry,37,37,0,0
p1,15,2690.53616626255,37.88519572550987,accepted_observation_geometry,37,37,0,0
p1,15,2695.1353651195795,37.79152053961669,accepted_observation_geometry,37,37,0,0
p1,15,2699.734563976609,37.79152053961669,accepted_observation_geometry,37,37,0,0
p1,15,2704.3337628336394,38.072546097296225,accepted_observation_geometry,37,37,0,0
p1,15,2708.932961690669,38.44724684086894,accepted_observation_geometry,37,37,0,0
p1,15,2713.5321605476984,38.82194758444165,accepted_observation_geometry,37,37,0,0
p1,15,2718.131359404728,39.19664832801437,accepted_observation_geometry,37,37,0,0
p1,15,2722.7305582617573,39.4776738856939,accepted_observation_geometry,37,37,0,0
p1,15,2727.329757118787,39.66502425748026,accepted_observation_geometry,37,37,0,0
p1,15,2731.9289559758163,39.38399869980073,accepted_observation_geometry,37,37,0,0
p1,15,2736.5281548328458,39.290323513907545,accepted_observation_geometry,37,37,0,0
p1,15,2741.1273536898752,40.789126488198406,accepted_observation_geometry,37,37,0,0
p1,15,2745.7265525469056,42.10057909070291,accepted_observation_geometry,37,37,0,0
p1,16,2754.9249502609646,41.819553533023374,accepted_observation_geometry,1,1,0,0
p1,17,2782.5201434031414,41.819553533023374,accepted_observation_geometry,47,47,0,0
p1,17,2787.119342260172,40.03972500105298,accepted_observation_geometry,47,47,0,0
p1,17,2791.7185411172013,37.69784535372351,accepted_observation_geometry,47,47,0,0
p1,17,2796.317739974231,37.416819796043974,accepted_observation_geometry,47,47,0,0
p1,17,2800.9169388312603,37.416819796043974,accepted_observation_geometry,47,47,0,0
p1,17,2805.5161376882897,37.229469424257616,accepted_observation_geometry,47,47,0,0
p1,17,2810.115336545319,37.042119052471264,accepted_observation_geometry,47,47,0,0
p1,17,2814.7145354023487,36.854768680684906,accepted_observation_geometry,47,47,0,0
p1,17,2819.313734259378,36.66741830889855,accepted_observation_geometry,47,47,0,0
p1,17,2823.9129331164086,36.76109349479172,accepted_observation_geometry,47,47,0,0
p1,17,2828.512131973438,36.66741830889855,accepted_observation_geometry,47,47,0,0
p1,17,2833.1113308304675,36.199042379432655,accepted_observation_geometry,47,47,0,0
p1,17,2837.710529687497,35.26229052050087,accepted_observation_geometry,47,47,0,0
p1,17,2842.3097285445265,34.32553866156908,accepted_observation_geometry,47,47,0,0
p1,17,2846.908927401556,33.57613717442365,accepted_observation_geometry,47,47,0,0
p1,17,2851.5081262585854,33.20143643085094,accepted_observation_geometry,47,47,0,0
p1,17,2856.107325115615,33.57613717442365,accepted_observation_geometry,47,47,0,0
p1,17,2860.7065239726444,33.95083791799637,accepted_observation_geometry,47,47,0,0
p1,17,2865.305722829675,34.32553866156908,accepted_observation_geometry,47,47,0,0
p1,17,2869.9049216867043,34.60656421924862,accepted_observation_geometry,47,47,0,0
p1,17,2874.5041205437337,34.700239405141794,accepted_observation_geometry,47,47,0,0
p1,17,2879.103319400763,35.07494014871451,accepted_observation_geometry,47,47,0,0
p1,17,2883.7025182577927,35.73066644996676,accepted_observation_geometry,47,47,0,0
p1,17,2888.301717114822,36.48006793711219,accepted_observation_geometry,47,47,0,0
p1,17,2892.9009159718516,37.229469424257616,accepted_observation_geometry,47,47,0,0
p1,17,2897.500114828881,37.60417016783033,accepted_observation_geometry,47,47,0,0
p1,17,2902.0993136859106,37.229469424257616,accepted_observation_geometry,47,47,0,0
p1,17,2906.698512542941,36.66741830889855,accepted_observation_geometry,47,47,0,0
p1,17,2911.2977113999705,36.38639275121901,accepted_observation_geometry,47,47,0,0
p1,17,2915.896910257,36.76109349479172,accepted_observation_geometry,47,47,0,0
p1,17,2920.4961091140294,37.13579423836444,accepted_observation_geometry,47,47,0,0
p1,17,2925.095307971059,37.416819796043974,accepted_observation_geometry,47,47,0,0
p1,17,2929.6945068280884,37.51049498193716,accepted_observation_geometry,47,47,0,0
p1,17,2934.293705685118,37.042119052471264,accepted_observation_geometry,47,47,0,0
p1,17,2938.8929045421473,36.38639275121901,accepted_observation_geometry,47,47,0,0
p1,17,2943.4921033991777,35.63699126407358,accepted_observation_geometry,47,47,0,0
p1,17,2948.091302256207,34.98126496282133,accepted_observation_geometry,47,47,0,0
p1,17,2952.6905011132367,34.98126496282133,accepted_observation_geometry,47,47,0,0
p1,17,2957.289699970266,35.44964089228722,accepted_observation_geometry,47,47,0,0
p1,17,2961.8888988272956,35.44964089228722,accepted_observation_geometry,47,47,0,0
p1,17,2966.488097684325,34.98126496282133,accepted_observation_geometry,47,47,0,0
p1,17,2971.0872965413546,34.700239405141794,accepted_observation_geometry,47,47,0,0
p1,17,2975.686495398384,34.700239405141794,accepted_observation_geometry,47,47,0,0
p1,17,2980.2856942554135,34.700239405141794,accepted_observation_geometry,47,47,0,0
p1,17,2984.884893112444,34.79391459103498,accepted_observation_geometry,47,47,0,0
p1,17,2989.4840919694734,34.98126496282133,accepted_observation_geometry,47,47,0,0
p1,17,2994.083290826503,35.07494014871451,accepted_observation_geometry,47,47,0,0
p2,0,156.37759603925014,3.974778432179207,accepted_observation_geometry,7,7,0,0
p2,0,160.97679489627973,3.3190521309269485,accepted_observation_geometry,7,7,0,0
p2,0,165.57599375330932,6.410333265401846,accepted_observation_geometry,7,7,0,0
p2,0,170.1751926103389,6.504008451295022,accepted_observation_geometry,7,7,0,0
p2,0,174.77439146736845,9.87631514344946,accepted_observation_geometry,7,7,0,0
p2,0,179.37359032439804,10.157340701128987,accepted_observation_geometry,7,7,0,0
p2,0,183.97278918142763,11.656143675419855,accepted_observation_geometry,7,7,0,0
p2,1,197.7703857525164,13.248621835603885,accepted_observation_geometry,609,609,0,0
p2,1,202.369584609546,16.246227784185606,accepted_observation_geometry,609,609,0,0
p2,1,206.9687834665756,18.119731502049177,accepted_observation_geometry,609,609,0,0
p2,1,211.56798232360518,19.712209662233207,accepted_observation_geometry,609,609,0,0
p2,1,216.16718118063477,21.02366226473771,accepted_observation_geometry,609,609,0,0
p2,1,220.76638003766425,21.398363008310426,accepted_observation_geometry,609,609,0,0
p2,1,225.36557889469384,21.02366226473771,accepted_observation_geometry,609,609,0,0
p2,1,229.96477775172343,21.30468782241725,accepted_observation_geometry,609,609,0,0
p2,1,234.56397660875302,21.960414123669494,accepted_observation_geometry,609,609,0,0
p2,1,239.16317546578261,22.89716598260128,accepted_observation_geometry,609,609,0,0
p2,1,243.7623743228122,23.83391784153308,accepted_observation_geometry,609,609,0,0
p2,1,248.3615731798418,24.395968956892148,accepted_observation_geometry,609,609,0,0
p2,1,252.9607720368714,24.676994514571675,accepted_observation_geometry,609,609,0,0
p2,1,257.559970893901,24.395968956892148,accepted_observation_geometry,609,609,0,0
p2,1,262.1591697509306,23.927593027426255,accepted_observation_geometry,609,609,0,0
p2,1,266.75836860796016,23.365541912067187,accepted_observation_geometry,609,609,0,0
p2,1,271.35756746498976,23.927593027426255,accepted_observation_geometry,609,609,0,0
p2,1,275.95676632201935,24.86434488635804,accepted_observation_geometry,609,609,0,0
p2,1,280.5559651790488,23.271866726173997,accepted_observation_geometry,609,609,0,0
p2,1,285.1551640360784,22.054089309562684,accepted_observation_geometry,609,609,0,0
p2,1,289.754362893108,15.309475925253821,accepted_observation_geometry,609,609,0,0
p2,1,294.3535617501376,12.218194790778924,accepted_observation_geometry,609,609,0,0
p2,1,298.9527606071672,9.969990329342636,accepted_observation_geometry,609,609,0,0
p2,1,303.5519594641968,8.096486611479065,accepted_observation_geometry,609,609,0,0
p2,1,308.1511583212264,8.190161797372241,accepted_observation_geometry,609,609,0,0
p2,1,312.75035717825597,9.314264028090378,accepted_observation_geometry,609,609,0,0
p2,1,317.34955603528556,10.438366258808529,accepted_observation_geometry,609,609,0,0
p2,1,321.94875489231515,14.18537369453567,accepted_observation_geometry,609,609,0,0
p2,1,326.54795374934474,16.339902970078782,accepted_observation_geometry,609,609,0,0
p2,1,331.14715260637433,18.86913298919461,accepted_observation_geometry,609,609,0,0
p2,1,335.7463514634039,21.30468782241725,accepted_observation_geometry,609,609,0,0
p2,1,340.3455503204334,22.616140424921753,accepted_observation_geometry,609,609,0,0
p2,1,344.944749177463,21.86673893777632,accepted_observation_geometry,609,609,0,0
p2,1,349.5439480344926,21.02366226473771,accepted_observation_geometry,609,609,0,0
p2,1,354.1431468915222,20.555286335271816,accepted_observation_geometry,609,609,0,0
p2,1,358.74234574855177,20.46161114937864,accepted_observation_geometry,609,609,0,0
p2,1,363.34154460558136,20.086910405805924,accepted_observation_geometry,609,609,0,0
p2,1,367.94074346261095,19.524859290446855,accepted_observation_geometry,609,609,0,0
p2,1,372.53994231964055,19.524859290446855,accepted_observation_geometry,609,609,0,0
p2,1,377.13914117667014,19.899560034019572,accepted_observation_geometry,609,609,0,0
p2,1,381.7383400336997,19.524859290446855,accepted_observation_geometry,609,609,0,0
p2,1,386.3375388907293,18.58810743151507,accepted_observation_geometry,609,609,0,0
p2,1,390.9367377477589,17.55768038669011,accepted_observation_geometry,609,609,0,0
p2,1,395.5359366047885,15.02845036757428,accepted_observation_geometry,609,609,0,0
p2,1,400.135135461818,12.780245906137992,accepted_observation_geometry,609,609,0,0
p2,1,404.7343343188476,10.62571663059488,accepted_observation_geometry,609,609,0,0
p2,1,409.33353317587716,8.564862540944958,accepted_observation_geometry,609,609,0,0
p2,1,413.93273203290676,6.691358823081387,accepted_observation_geometry,609,609,0,0
p2,1,418.53193088993635,4.911530291110992,accepted_observation_geometry,609,609,0,0
p2,1,423.13112974696594,3.3190521309269485,accepted_observation_geometry,609,609,0,0
p2,1,427.73032860399553,2.1949499002088118,accepted_observation_geometry,609,609,0,0
p2,1,432.3295274610251,1.6328987848497292,accepted_observation_geometry,609,609,0,0
p2,1,436.9287263180547,2.1949499002088118,accepted_observation_geometry,609,609,0,0
p2,1,441.5279251750843,2.382300271995163,accepted_observation_geometry,609,609,0,0
p2,1,446.1271240321139,2.475975457888339,accepted_observation_geometry,609,609,0,0
p2,1,450.7263228891435,3.412727316820124,accepted_observation_geometry,609,609,0,0
p2,1,455.32552174617297,4.8178551052178165,accepted_observation_geometry,609,609,0,0
p2,1,459.92472060320256,6.129307707722305,accepted_observation_geometry,609,609,0,0
p2,1,464.52391946023215,7.06605956665409,accepted_observation_geometry,609,609,0,0
p2,1,469.12311831726174,9.314264028090378,accepted_observation_geometry,609,609,0,0
p2,1,473.72231717429133,10.251015887022177,accepted_observation_geometry,609,609,0,0
p2,1,478.3215160313209,11.000417374167597,accepted_observation_geometry,609,609,0,0
p2,1,482.9207148883505,13.43597220739025,accepted_observation_geometry,609,609,0,0
p2,1,487.5199137453801,15.684176668826538,accepted_observation_geometry,609,609,0,0
p2,1,492.1191126024097,17.370330014903743,accepted_observation_geometry,609,609,0,0
p2,1,496.7183114594393,19.712209662233207,accepted_observation_geometry,609,609,0,0
p2,1,501.3175103164689,22.33511486724221,accepted_observation_geometry,609,609,0,0
p2,1,505.9167091734985,24.86434488635804,accepted_observation_geometry,609,609,0,0
p2,1,510.51590803052807,27.674600463153396,accepted_observation_geometry,609,609,0,0
p2,1,515.1151068875575,30.391180854055577,accepted_observation_geometry,609,609,0,0
p2,1,519.7143057445871,31.889983828346438,accepted_observation_geometry,609,609,0,0
p2,1,524.3135046016167,32.82673568727822,accepted_observation_geometry,609,609,0,0
p2,1,528.9127034586463,31.51528308477372,accepted_observation_geometry,609,609,0,0
p2,1,533.5119023156759,30.20383048226922,accepted_observation_geometry,609,609,0,0
p2,1,538.1111011727055,27.58092527726022,accepted_observation_geometry,609,609,0,0
p2,1,542.7103000297351,25.801096745289826,accepted_observation_geometry,609,609,0,0
p2,1,547.3094988867647,24.208618585105782,accepted_observation_geometry,609,609,0,0
p2,1,551.9086977437943,24.02126821331943,accepted_observation_geometry,609,609,0,0
p2,1,556.5078966008239,25.145370444037567,accepted_observation_geometry,609,609,0,0
p2,1,561.1070954578535,25.988447117076177,accepted_observation_geometry,609,609,0,0
p2,1,565.706294314883,25.988447117076177,accepted_observation_geometry,609,609,0,0
p2,1,570.3054931719126,26.45682304654207,accepted_observation_geometry,609,609,0,0
p2,1,574.9046920289421,27.29989971958068,accepted_observation_geometry,609,609,0,0
p2,1,579.5038908859717,28.517677136192006,accepted_observation_geometry,609,609,0,0
p2,1,584.1030897430013,31.70263345656008,accepted_observation_geometry,609,609,0,0
p2,1,588.7022886000309,34.512889033355435,accepted_observation_geometry,609,609,0,0
p2,1,593.3014874570605,38.35357165497576,accepted_observation_geometry,609,609,0,0
p2,1,597.9006863140901,41.07015204587794,accepted_observation_geometry,609,609,0,0
p2,1,602.4998851711197,44.06775799445966,accepted_observation_geometry,609,609,0,0
p2,1,607.0990840281493,46.22228727000277,accepted_observation_geometry,609,609,0,0
p2,1,611.6982828851789,47.34638950072091,accepted_observation_geometry,609,609,0,0
p2,1,616.2974817422084,47.15903912893455,accepted_observation_geometry,609,609,0,0
p2,1,620.896680599238,45.94126171232323,accepted_observation_geometry,609,609,0,0
p2,1,625.4958794562676,44.536133923925554,accepted_observation_geometry,609,609,0,0
p2,1,630.0950783132972,43.31835650731423,accepted_observation_geometry,609,609,0,0
p2,1,634.6942771703267,42.10057909070291,accepted_observation_geometry,609,609,0,0
p2,1,639.2934760273563,41.819553533023374,accepted_observation_geometry,609,609,0,0
p2,1,643.8926748843859,42.006903904809725,accepted_observation_geometry,609,609,0,0
p2,1,648.4918737414155,42.28792946248927,accepted_observation_geometry,609,609,0,0
p2,1,653.0910725984451,42.38160464838244,accepted_observation_geometry,609,609,0,0
p2,1,657.6902714554747,42.194254276596084,accepted_observation_geometry,609,609,0,0
p2,1,662.2894703125042,41.72587834713019,accepted_observation_geometry,609,609,0,0
p2,1,666.8886691695338,40.789126488198406,accepted_observation_geometry,609,609,0,0
p2,1,671.4878680265634,39.66502425748026,accepted_observation_geometry,609,609,0,0
p2,1,676.087066883593,38.54092202676212,accepted_observation_geometry,609,609,0,0
p2,1,680.6862657406226,38.44724684086894,accepted_observation_geometry,609,609,0,0
p2,1,685.2854645976522,39.571349071587086,accepted_observation_geometry,609,609,0,0
p2,1,689.8846634546817,40.41442574462569,accepted_observation_geometry,609,609,0,0
p2,1,694.4838623117114,40.50810093051887,accepted_observation_geometry,609,609,0,0
p2,1,699.0830611687409,40.03972500105298,accepted_observation_geometry,609,609,0,0
p2,1,703.6822600257706,39.571349071587086,accepted_observation_geometry,609,609,0,0
p2,1,708.2814588828,38.915622770334835,accepted_observation_geometry,609,609,0,0
p2,1,712.8806577398298,38.1662212831894,accepted_observation_geometry,609,609,0,0
p2,1,717.4798565968592,37.416819796043974,accepted_observation_geometry,609,609,0,0
p2,1,722.0790554538887,38.44724684086894,accepted_observation_geometry,609,609,0,0
p2,1,726.6782543109184,40.32075055873251,accepted_observation_geometry,609,609,0,0
p2,1,731.2774531679479,42.94365576374152,accepted_observation_geometry,609,609,0,0
p2,1,735.8766520249776,45.566560968750515,accepted_observation_geometry,609,609,0,0
p2,1,740.4758508820071,47.15903912893455,accepted_observation_geometry,609,609,0,0
p2,1,745.0750497390368,47.065363943041376,accepted_observation_geometry,609,609,0,0
p2,1,749.6742485960663,46.31596245589594,accepted_observation_geometry,609,609,0,0
p2,1,754.273447453096,45.566560968750515,accepted_observation_geometry,609,609,0,0
p2,1,758.8726463101254,44.62980910981873,accepted_observation_geometry,609,609,0,0
p2,1,763.4718451671552,43.78673243678012,accepted_observation_geometry,609,609,0,0
p2,1,768.0710440241846,42.194254276596084,accepted_observation_geometry,609,609,0,0
p2,1,772.6702428812143,40.789126488198406,accepted_observation_geometry,609,609,0,0
p2,1,777.2694417382438,38.82194758444165,accepted_observation_geometry,609,609,0,0
p2,1,781.8686405952733,36.66741830889855,accepted_observation_geometry,609,609,0,0
p2,1,786.467839452303,34.700239405141794,accepted_observation_geometry,609,609,0,0
p2,1,791.0670383093325,33.20143643085094,accepted_observation_geometry,609,609,0,0
p2,1,795.6662371663622,32.35835975781233,accepted_observation_geometry,609,609,0,0
p2,1,800.2654360233917,33.20143643085094,accepted_observation_geometry,609,609,0,0
p2,1,804.8646348804214,34.32553866156908,accepted_observation_geometry,609,609,0,0
p2,1,809.4638337374508,35.63699126407358,accepted_observation_geometry,609,609,0,0
p2,1,814.0630325944805,37.042119052471264,accepted_observation_geometry,609,609,0,0
p2,1,818.66223145151,37.69784535372351,accepted_observation_geometry,609,609,0,0
p2,1,823.2614303085397,38.1662212831894,accepted_observation_geometry,609,609,0,0
p2,1,827.8606291655692,37.51049498193716,accepted_observation_geometry,609,609,0,0
p2,1,832.4598280225989,36.38639275121901,accepted_observation_geometry,609,609,0,0
p2,1,837.0590268796284,35.07494014871451,accepted_observation_geometry,609,609,0,0
p2,1,841.6582257366579,34.04451310388954,accepted_observation_geometry,609,609,0,0
p2,1,846.2574245936876,34.512889033355435,accepted_observation_geometry,609,609,0,0
p2,1,850.856623450717,36.199042379432655,accepted_observation_geometry,609,609,0,0
p2,1,855.4558223077468,37.97887091140305,accepted_observation_geometry,609,609,0,0
p2,1,860.0550211647762,39.66502425748026,accepted_observation_geometry,609,609,0,0
p2,1,864.6542200218059,41.07015204587794,accepted_observation_geometry,609,609,0,0
p2,1,869.2534188788354,40.41442574462569,accepted_observation_geometry,609,609,0,0
p2,1,873.8526177358651,39.19664832801437,accepted_observation_geometry,609,609,0,0
p2,1,878.4518165928946,37.88519572550987,accepted_observation_geometry,609,609,0,0
p2,1,883.0510154499243,36.76109349479172,accepted_observation_geometry,609,609,0,0
p2,1,887.6502143069538,37.416819796043974,accepted_observation_geometry,609,609,0,0
p2,1,892.2494131639835,38.82194758444165,accepted_observation_geometry,609,609,0,0
p2,1,896.848612021013,40.50810093051887,accepted_observation_geometry,609,609,0,0
p2,1,901.4478108780424,42.194254276596084,accepted_observation_geometry,609,609,0,0
p2,1,906.0470097350722,43.41203169320741,accepted_observation_geometry,609,609,0,0
p2,1,910.6462085921016,53.5289517696707,accepted_observation_geometry,609,609,0,0
p2,1,915.2454074491313,62.80279517309539,accepted_observation_geometry,609,609,0,0
p2,1,919.8446063061608,62.70911998720221,accepted_observation_geometry,609,609,0,0
p2,1,924.4438051631905,61.95971850005678,accepted_observation_geometry,609,609,0,0
p2,1,929.04300402022,54.18467807092295,accepted_observation_geometry,609,609,0,0
p2,1,933.6422028772497,40.69545130230523,accepted_observation_geometry,609,609,0,0
p2,1,938.2414017342792,37.13579423836444,accepted_observation_geometry,609,609,0,0
p2,1,942.8406005913089,34.138188289782725,accepted_observation_geometry,609,609,0,0
p2,1,947.4397994483384,30.20383048226922,accepted_observation_geometry,609,609,0,0
p2,1,952.0389983053681,26.55049823243526,accepted_observation_geometry,609,609,0,0
p2,1,956.6381971623975,19.43118410455368,accepted_observation_geometry,609,609,0,0
p2,1,961.237396019427,16.433578155971958,accepted_observation_geometry,609,609,0,0
p2,1,965.8365948764567,15.122125553467455,accepted_observation_geometry,609,609,0,0
p2,1,970.4357937334862,16.15255259829243,accepted_observation_geometry,609,609,0,0
p2,1,975.0349925905159,16.90195408543785,accepted_observation_geometry,609,609,0,0
p2,1,979.6341914475454,17.55768038669011,accepted_observation_geometry,609,609,0,0
p2,1,984.2333903045751,18.026056316156,accepted_observation_geometry,609,609,0,0
p2,1,988.8325891616046,18.58810743151507,accepted_observation_geometry,609,609,0,0
p2,1,993.4317880186343,19.524859290446855,accepted_observation_geometry,609,609,0,0
p2,1,998.0309868756638,21.398363008310426,accepted_observation_geometry,609,609,0,0
p2,1,1002.6301857326935,23.552892283853538,accepted_observation_geometry,609,609,0,0
p2,1,1007.2293845897229,25.61374637350346,accepted_observation_geometry,609,609,0,0
p2,1,1011.8285834467526,27.29989971958068,accepted_observation_geometry,609,609,0,0
p2,1,1016.4277823037821,28.61135232208518,accepted_observation_geometry,609,609,0,0
p2,1,1021.0269811608116,29.922804924589684,accepted_observation_geometry,609,609,0,0
p2,1,1025.6261800178413,31.234257527094186,accepted_observation_geometry,609,609,0,0
p2,1,1030.2253788748708,32.82673568727822,accepted_observation_geometry,609,609,0,0
p2,1,1034.8245777319005,34.32553866156908,accepted_observation_geometry,609,609,0,0
p2,1,1039.42377658893,35.07494014871451,accepted_observation_geometry,609,609,0,0
p2,1,1044.0229754459597,34.79391459103498,accepted_observation_geometry,609,609,0,0
p2,1,1048.6221743029892,33.66981236031683,accepted_observation_geometry,609,609,0,0
p2,1,1053.2213731600189,32.73306050138504,accepted_observation_geometry,609,609,0,0
p2,1,1057.8205720170483,31.70263345656008,accepted_observation_geometry,609,609,0,0
p2,1,1062.419770874078,32.9204108731714,accepted_observation_geometry,609,609,0,0
p2,1,1067.0189697311075,34.512889033355435,accepted_observation_geometry,609,609,0,0
p2,1,1071.6181685881372,36.011692007646296,accepted_observation_geometry,609,609,0,0
p2,1,1076.2173674451667,36.94844386657808,accepted_observation_geometry,609,609,0,0
p2,1,1080.8165663021962,36.94844386657808,accepted_observation_geometry,609,609,0,0
p2,1,1085.4157651592259,36.48006793711219,accepted_observation_geometry,609,609,0,0
p2,1,1090.0149640162554,35.73066644996676,accepted_observation_geometry,609,609,0,0
p2,1,1094.614162873285,34.88758977692815,accepted_observation_geometry,609,609,0,0
p2,1,1099.2133617303145,33.66981236031683,accepted_observation_geometry,609,609,0,0
p2,1,1103.8125605873443,32.35835975781233,accepted_observation_geometry,609,609,0,0
p2,1,1108.4117594443737,31.608958270666896,accepted_observation_geometry,609,609,0,0
p2,1,1113.0109583014034,33.295111616744116,accepted_observation_geometry,609,609,0,0
p2,1,1117.610157158433,35.355965706394045,accepted_observation_geometry,609,609,0,0
p2,1,1122.2093560154626,37.042119052471264,accepted_observation_geometry,609,609,0,0
p2,1,1126.808554872492,37.51049498193716,accepted_observation_geometry,609,609,0,0
p2,1,1131.4077537295218,36.854768680684906,accepted_observation_geometry,609,609,0,0
p2,1,1136.0069525865513,35.73066644996676,accepted_observation_geometry,609,609,0,0
p2,1,1140.6061514435808,34.512889033355435,accepted_observation_geometry,609,609,0,0
p2,1,1145.2053503006105,33.10776124495776,accepted_observation_geometry,609,609,0,0
p2,1,1149.80454915764,32.54571012959869,accepted_observation_geometry,609,609,0,0
p2,1,1154.4037480146696,32.077334200132796,accepted_observation_geometry,609,609,0,0
p2,1,1159.0029468716991,32.9204108731714,accepted_observation_geometry,609,609,0,0
p2,1,1163.6021457287288,33.95083791799637,accepted_observation_geometry,609,609,0,0
p2,1,1168.2013445857583,35.355965706394045,accepted_observation_geometry,609,609,0,0
p2,1,1172.800543442788,36.48006793711219,accepted_observation_geometry,609,609,0,0
p2,1,1177.3997422998175,37.229469424257616,accepted_observation_geometry,609,609,0,0
p2,1,1181.9989411568472,37.416819796043974,accepted_observation_geometry,609,609,0,0
p2,1,1186.5981400138767,37.51049498193716,accepted_observation_geometry,609,609,0,0
p2,1,1191.1973388709062,36.854768680684906,accepted_observation_geometry,609,609,0,0
p2,1,1195.7965377279359,35.82434163585994,accepted_observation_geometry,609,609,0,0
p2,1,1200.3957365849653,34.700239405141794,accepted_observation_geometry,609,609,0,0
p2,1,1204.994935441995,33.57613717442365,accepted_observation_geometry,609,609,0,0
p2,1,1209.5941342990245,32.82673568727822,accepted_observation_geometry,609,609,0,0
p2,1,1214.1933331560542,31.983659014239613,accepted_observation_geometry,609,609,0,0
p2,1,1218.7925320130837,31.51528308477372,accepted_observation_geometry,609,609,0,0
p2,1,1223.3917308701134,30.953231969414652,accepted_observation_geometry,609,609,0,0
p2,1,1227.9909297271429,29.82912973869651,accepted_observation_geometry,609,609,0,0
p2,1,1232.5901285841726,28.424001950298823,accepted_observation_geometry,609,609,0,0
p2,1,1237.189327441202,26.73784860422161,accepted_observation_geometry,609,609,0,0
p2,1,1241.7885262982318,25.05169525814439,accepted_observation_geometry,609,609,0,0
p2,1,1246.3877251552613,23.927593027426255,accepted_observation_geometry,609,609,0,0
p2,1,1250.9869240122907,24.302293770998972,accepted_observation_geometry,609,609,0,0
p2,1,1255.5861228693204,25.520071187610284,accepted_observation_geometry,609,609,0,0
p2,1,1260.18532172635,27.487250091367038,accepted_observation_geometry,609,609,0,0
p2,1,1264.7845205833796,29.45442899512379,accepted_observation_geometry,609,609,0,0
p2,1,1269.383719440409,30.953231969414652,accepted_observation_geometry,609,609,0,0
p2,1,1273.9829182974388,32.35835975781233,accepted_observation_geometry,609,609,0,0
p2,1,1278.5821171544683,32.9204108731714,accepted_observation_geometry,609,609,0,0
p2,1,1283.181316011498,32.9204108731714,accepted_observation_geometry,609,609,0,0
p2,1,1287.7805148685275,33.01408605906458,accepted_observation_geometry,609,609,0,0
p2,1,1292.3797137255572,33.76348754621001,accepted_observation_geometry,609,609,0,0
p2,1,1296.9789125825866,34.79391459103498,accepted_observation_geometry,609,609,0,0
p2,1,1301.5781114396164,35.63699126407358,accepted_observation_geometry,609,609,0,0
p2,1,1306.1773102966458,36.199042379432655,accepted_observation_geometry,609,609,0,0
p2,1,1310.7765091536753,35.91801682175312,accepted_observation_geometry,609,609,0,0
p2,1,1315.375708010705,35.07494014871451,accepted_observation_geometry,609,609,0,0
p2,1,1319.9749068677345,32.73306050138504,accepted_observation_geometry,609,609,0,0
p2,1,1324.5741057247642,30.20383048226922,accepted_observation_geometry,609,609,0,0
p2,1,1329.1733045817937,28.049301206726113,accepted_observation_geometry,609,609,0,0
p2,1,1333.7725034388234,27.76827564904658,accepted_observation_geometry,609,609,0,0
p2,1,1338.3717022958529,28.9860530656579,accepted_observation_geometry,609,609,0,0
p2,1,1342.9709011528826,29.173403437444257,accepted_observation_geometry,609,609,0,0
p2,1,1347.570100009912,25.239045629930757,accepted_observation_geometry,609,609,0,0
p2,1,1352.1692988669417,18.40075705972872,accepted_observation_geometry,609,609,0,0
p2,1,1356.7684977239712,11.562468489526665,accepted_observation_geometry,609,609,0,0
p2,1,1361.367696581001,10.344691072915353,accepted_observation_geometry,609,609,0,0
p2,1,1365.9668954380304,19.337508918660504,accepted_observation_geometry,609,609,0,0
p2,1,1370.5660942950599,25.520071187610284,accepted_observation_geometry,609,609,0,0
p2,1,1375.1652931520896,31.046907155307828,accepted_observation_geometry,609,609,0,0
p2,1,1379.764492009119,32.54571012959869,accepted_observation_geometry,609,609,0,0
p2,1,1384.3636908661488,33.95083791799637,accepted_observation_geometry,609,609,0,0
p2,1,1388.9628897231783,34.41921384746226,accepted_observation_geometry,609,609,0,0
p2,1,1393.562088580208,34.512889033355435,accepted_observation_geometry,609,609,0,0
p2,1,1398.1612874372374,34.32553866156908,accepted_observation_geometry,609,609,0,0
p2,1,1402.7604862942671,34.32553866156908,accepted_observation_geometry,609,609,0,0
p2,1,1407.3596851512966,33.95083791799637,accepted_observation_geometry,609,609,0,0
p2,1,1411.9588840083263,33.01408605906458,accepted_observation_geometry,609,609,0,0
p2,1,1416.5580828653558,31.889983828346438,accepted_observation_geometry,609,609,0,0
p2,1,1421.1572817223855,31.046907155307828,accepted_observation_geometry,609,609,0,0
p2,1,1425.756480579415,30.765881597628294,accepted_observation_geometry,609,609,0,0
p2,1,1430.3556794364445,31.796308642453255,accepted_observation_geometry,609,609,0,0
p2,1,1434.9548782934742,33.20143643085094,accepted_observation_geometry,609,609,0,0
p2,1,1439.5540771505036,34.700239405141794,accepted_observation_geometry,609,609,0,0
p2,1,1444.1532760075333,36.10536719353947,accepted_observation_geometry,609,609,0,0
p2,1,1448.7524748645628,36.66741830889855,accepted_observation_geometry,609,609,0,0
p2,1,1453.3516737215925,36.29271756532583,accepted_observation_geometry,609,609,0,0
p2,1,1457.950872578622,35.355965706394045,accepted_observation_geometry,609,609,0,0
p2,1,1462.5500714356517,34.60656421924862,accepted_observation_geometry,609,609,0,0
p2,1,1467.1492702926812,33.857162732103184,accepted_observation_geometry,609,609,0,0
p2,1,1471.748469149711,33.295111616744116,accepted_observation_geometry,609,609,0,0
p2,1,1476.3476680067404,32.82673568727822,accepted_observation_geometry,609,609,0,0
p2,1,1480.94686686377,32.639385315491865,accepted_observation_geometry,609,609,0,0
p2,1,1485.5460657207996,32.639385315491865,accepted_observation_geometry,609,609,0,0
p2,1,1490.145264577829,32.26468457191915,accepted_observation_geometry,609,609,0,0
p2,1,1494.7444634348587,31.796308642453255,accepted_observation_geometry,609,609,0,0
p2,1,1499.3436622918882,30.765881597628294,accepted_observation_geometry,609,609,0,0
p2,1,1503.942861148918,29.735454552803326,accepted_observation_geometry,609,609,0,0
p2,1,1508.5420600059474,28.9860530656579,accepted_observation_geometry,609,609,0,0
p2,1,1513.141258862977,28.517677136192006,accepted_observation_geometry,609,609,0,0
p2,1,1517.7404577200066,28.892377879764716,accepted_observation_geometry,609,609,0,0
p2,1,1522.3396565770363,28.705027507978365,accepted_observation_geometry,609,609,0,0
p2,1,1526.9388554340658,28.049301206726113,accepted_observation_geometry,609,609,0,0
p2,1,1531.5380542910955,27.29989971958068,accepted_observation_geometry,609,609,0,0
p2,1,1536.137253148125,26.45682304654207,accepted_observation_geometry,609,609,0,0
p2,1,1540.7364520051547,25.520071187610284,accepted_observation_geometry,609,609,0,0
p2,1,1545.3356508621841,24.5833193286785,accepted_observation_geometry,609,609,0,0
p2,1,1549.9348497192136,24.770669700464865,accepted_observation_geometry,609,609,0,0
p2,1,1554.5340485762433,25.61374637350346,accepted_observation_geometry,609,609,0,0
p2,1,1559.1332474332728,27.58092527726022,accepted_observation_geometry,609,609,0,0
p2,1,1563.7324462903025,29.45442899512379,accepted_observation_geometry,609,609,0,0
p2,1,1568.331645147332,30.765881597628294,accepted_observation_geometry,609,609,0,0
p2,1,1572.9308440043617,31.796308642453255,accepted_observation_geometry,609,609,0,0
p2,1,1577.5300428613912,32.077334200132796,accepted_observation_geometry,609,609,0,0
p2,1,1582.1292417184209,31.796308642453255,accepted_observation_geometry,609,609,0,0
p2,1,1586.7284405754503,31.327932712987362,accepted_observation_geometry,609,609,0,0
p2,1,1591.32763943248,30.85955678352147,accepted_observation_geometry,609,609,0,0
p2,1,1595.9268382895095,30.391180854055577,accepted_observation_geometry,609,609,0,0
p2,1,1600.5260371465392,29.735454552803326,accepted_observation_geometry,609,609,0,0
p2,1,1605.1252360035687,28.9860530656579,accepted_observation_geometry,609,609,0,0
p2,1,1609.7244348605982,28.424001950298823,accepted_observation_geometry,609,609,0,0
p2,1,1614.323633717628,29.079728251551074,accepted_observation_geometry,609,609,0,0
p2,1,1618.9228325746574,30.578531225841935,accepted_observation_geometry,609,609,0,0
p2,1,1623.522031431687,32.17100938602597,accepted_observation_geometry,609,609,0,0
p2,1,1628.1212302887166,33.95083791799637,accepted_observation_geometry,609,609,0,0
p2,1,1632.7204291457463,35.73066644996676,accepted_observation_geometry,609,609,0,0
p2,1,1637.3196280027757,36.94844386657808,accepted_observation_geometry,609,609,0,0
p2,1,1641.9188268598054,37.88519572550987,accepted_observation_geometry,609,609,0,0
p2,1,1646.518025716835,39.19664832801437,accepted_observation_geometry,609,609,0,0
p2,1,1651.1172245738646,41.07015204587794,accepted_observation_geometry,609,609,0,0
p2,1,1655.716423430894,43.31835650731423,accepted_observation_geometry,609,609,0,0
p2,1,1660.3156222879238,43.59938206499376,accepted_observation_geometry,609,609,0,0
p2,1,1664.9148211449533,41.07015204587794,accepted_observation_geometry,609,609,0,0
p2,1,1669.5140200019828,38.72827239854848,accepted_observation_geometry,609,609,0,0
p2,1,1674.1132188590125,37.13579423836444,accepted_observation_geometry,609,609,0,0
p2,1,1678.712417716042,37.416819796043974,accepted_observation_geometry,609,609,0,0
p2,1,1683.3116165730717,37.3231446101508,accepted_observation_geometry,609,609,0,0
p2,1,1687.9108154301011,36.94844386657808,accepted_observation_geometry,609,609,0,0
p2,1,1692.5100142871308,36.573743123005364,accepted_observation_geometry,609,609,0,0
p2,1,1697.1092131441603,36.199042379432655,accepted_observation_geometry,609,609,0,0
p2,1,1701.70841200119,36.011692007646296,accepted_observation_geometry,609,609,0,0
p2,1,1706.3076108582195,36.10536719353947,accepted_observation_geometry,609,609,0,0
p2,1,1710.9068097152492,35.91801682175312,accepted_observation_geometry,609,609,0,0
p2,1,1715.5060085722787,35.26229052050087,accepted_observation_geometry,609,609,0,0
p2,1,1720.1052074293082,34.138188289782725,accepted_observation_geometry,609,609,0,0
p2,1,1724.7044062863376,32.73306050138504,accepted_observation_geometry,609,609,0,0
p2,1,1729.3036051433676,31.51528308477372,accepted_observation_geometry,609,609,0,0
p2,1,1733.902804000397,30.2975056681624,accepted_observation_geometry,609,609,0,0
p2,1,1738.5020028574265,29.735454552803326,accepted_observation_geometry,609,609,0,0
p2,1,1743.101201714456,29.267078623337433,accepted_observation_geometry,609,609,0,0
p2,1,1747.700400571486,28.79870269387154,accepted_observation_geometry,609,609,0,0
p2,1,1752.2995994285154,28.236651578512472,accepted_observation_geometry,609,609,0,0
p2,1,1756.898798285545,27.29989971958068,accepted_observation_geometry,609,609,0,0
p2,1,1761.4979971425744,26.175797488862543,accepted_observation_geometry,609,609,0,0
p2,1,1766.0971959996043,25.05169525814439,accepted_observation_geometry,609,609,0,0
p2,1,1770.6963948566338,25.332720815823933,accepted_observation_geometry,609,609,0,0
p2,1,1775.2955937136633,26.925198976007962,accepted_observation_geometry,609,609,0,0
p2,1,1779.8947925706927,28.892377879764716,accepted_observation_geometry,609,609,0,0
p2,1,1784.4939914277222,30.85955678352147,accepted_observation_geometry,609,609,0,0
p2,1,1789.0931902847522,32.26468457191915,accepted_observation_geometry,609,609,0,0
p2,1,1793.6923891417816,33.482461988530474,accepted_observation_geometry,609,609,0,0
p2,1,1798.291587998811,34.138188289782725,accepted_observation_geometry,609,609,0,0
p2,1,1802.8907868558406,34.512889033355435,accepted_observation_geometry,609,609,0,0
p2,1,1807.4899857128705,34.41921384746226,accepted_observation_geometry,609,609,0,0
p2,1,1812.0891845699,34.512889033355435,accepted_observation_geometry,609,609,0,0
p2,1,1816.6883834269295,34.88758977692815,accepted_observation_geometry,609,609,0,0
p2,1,1821.287582283959,35.5433160781804,accepted_observation_geometry,609,609,0,0
p2,1,1825.886781140989,36.76109349479172,accepted_observation_geometry,609,609,0,0
p2,1,1830.4859799980184,48.09579098786634,accepted_observation_geometry,609,609,0,0
p2,1,1835.0851788550478,48.93886766090495,accepted_observation_geometry,609,609,0,0
p2,1,1839.6843777120773,45.566560968750515,accepted_observation_geometry,609,609,0,0
p2,1,1844.2835765691068,40.03972500105298,accepted_observation_geometry,609,609,0,0
p2,1,1848.8827754261367,52.030148795379844,accepted_observation_geometry,609,609,0,0
p2,1,1853.4819742831662,52.77955028252527,accepted_observation_geometry,609,609,0,0
p2,1,1858.0811731401957,51.65544805180713,accepted_observation_geometry,609,609,0,0
p2,1,1862.6803719972252,40.60177611641205,accepted_observation_geometry,609,609,0,0
p2,1,1867.279570854255,37.97887091140305,accepted_observation_geometry,609,609,0,0
p2,1,1871.8787697112846,37.79152053961669,accepted_observation_geometry,609,609,0,0
p2,1,1876.477968568314,37.69784535372351,accepted_observation_geometry,609,609,0,0
p2,1,1881.0771674253435,37.3231446101508,accepted_observation_geometry,609,609,0,0
p2,1,1885.6763662823735,36.854768680684906,accepted_observation_geometry,609,609,0,0
p2,1,1890.275565139403,36.573743123005364,accepted_observation_geometry,609,609,0,0
p2,1,1894.8747639964324,36.94844386657808,accepted_observation_geometry,609,609,0,0
p2,1,1899.473962853462,37.3231446101508,accepted_observation_geometry,609,609,0,0
p2,1,1904.0731617104914,37.3231446101508,accepted_observation_geometry,609,609,0,0
p2,1,1908.6723605675213,37.229469424257616,accepted_observation_geometry,609,609,0,0
p2,1,1913.2715594245508,37.13579423836444,accepted_observation_geometry,609,609,0,0
p2,1,1917.8707582815803,37.042119052471264,accepted_observation_geometry,609,609,0,0
p2,1,1922.4699571386097,36.854768680684906,accepted_observation_geometry,609,609,0,0
p2,1,1927.0691559956397,36.29271756532583,accepted_observation_geometry,609,609,0,0
p2,1,1931.6683548526692,36.011692007646296,accepted_observation_geometry,609,609,0,0
p2,1,1936.2675537096986,35.5433160781804,accepted_observation_geometry,609,609,0,0
p2,1,1940.866752566728,34.79391459103498,accepted_observation_geometry,609,609,0,0
p2,1,1945.465951423758,33.95083791799637,accepted_observation_geometry,609,609,0,0
p2,1,1950.0651502807875,33.295111616744116,accepted_observation_geometry,609,609,0,0
p2,1,1954.664349137817,32.73306050138504,accepted_observation_geometry,609,609,0,0
p2,1,1959.2635479948465,32.35835975781233,accepted_observation_geometry,609,609,0,0
p2,1,1963.862746851876,31.796308642453255,accepted_observation_geometry,609,609,0,0
p2,1,1968.461945708906,30.85955678352147,accepted_observation_geometry,609,609,0,0
p2,1,1973.0611445659354,29.922804924589684,accepted_observation_geometry,609,609,0,0
p2,1,1977.6603434229648,29.079728251551074,accepted_observation_geometry,609,609,0,0
p2,1,1982.2595422799943,28.517677136192006,accepted_observation_geometry,609,609,0,0
p2,1,1986.8587411370243,28.330326764405648,accepted_observation_geometry,609,609,0,0
p2,1,1991.4579399940537,28.892377879764716,accepted_observation_geometry,609,609,0,0
p2,1,1996.0571388510832,29.82912973869651,accepted_observation_geometry,609,609,0,0
p2,1,2000.6563377081127,30.85955678352147,accepted_observation_geometry,609,609,0,0
p2,1,2005.2555365651426,31.889983828346438,accepted_observation_geometry,609,609,0,0
p2,1,2009.854735422172,33.01408605906458,accepted_observation_geometry,609,609,0,0
p2,1,2014.4539342792016,34.04451310388954,accepted_observation_geometry,609,609,0,0
p2,1,2019.053133136231,34.88758977692815,accepted_observation_geometry,609,609,0,0
p2,1,2023.6523319932605,35.5433160781804,accepted_observation_geometry,609,609,0,0
p2,1,2028.2515308502905,35.5433160781804,accepted_observation_geometry,609,609,0,0
p2,1,2032.85072970732,35.07494014871451,accepted_observation_geometry,609,609,0,0
p2,1,2037.4499285643494,34.04451310388954,accepted_observation_geometry,609,609,0,0
p2,1,2042.049127421379,33.10776124495776,accepted_observation_geometry,609,609,0,0
p2,1,2046.6483262784088,32.17100938602597,accepted_observation_geometry,609,609,0,0
p2,1,2051.247525135438,31.327932712987362,accepted_observation_geometry,609,609,0,0
p2,1,2055.8467239924676,30.48485603994876,accepted_observation_geometry,609,609,0,0
p2,1,2060.445922849497,29.079728251551074,accepted_observation_geometry,609,609,0,0
p2,1,2065.0451217065274,27.487250091367038,accepted_observation_geometry,609,609,0,0
p2,1,2069.644320563557,24.5833193286785,accepted_observation_geometry,609,609,0,0
p2,1,2074.2435194205864,21.679388565989967,accepted_observation_geometry,609,609,0,0
p2,1,2078.842718277616,19.150158546874138,accepted_observation_geometry,609,609,0,0
p2,1,2083.4419171346453,17.089304457224216,accepted_observation_geometry,609,609,0,0
p2,1,2088.041115991675,17.089304457224216,accepted_observation_geometry,609,609,0,0
p2,1,2092.6403148487043,19.056483360980963,accepted_observation_geometry,609,609,0,0
p2,1,2097.2395137057338,21.58571338009679,accepted_observation_geometry,609,609,0,0
p2,1,2101.8387125627632,23.552892283853538,accepted_observation_geometry,609,609,0,0
p2,1,2106.4379114197936,24.676994514571675,accepted_observation_geometry,609,609,0,0
p2,1,2111.037110276823,24.676994514571675,accepted_observation_geometry,609,609,0,0
p2,1,2115.6363091338526,24.489644142785323,accepted_observation_geometry,609,609,0,0
p2,1,2120.235507990882,24.5833193286785,accepted_observation_geometry,609,609,0,0
p2,1,2124.8347068479115,24.958020072251216,accepted_observation_geometry,609,609,0,0
p2,1,2129.433905704941,25.332720815823933,accepted_observation_geometry,609,609,0,0
p2,1,2134.0331045619705,25.61374637350346,accepted_observation_geometry,609,609,0,0
p2,1,2138.632303419,25.70742155939665,accepted_observation_geometry,609,609,0,0
p2,1,2143.2315022760295,25.520071187610284,accepted_observation_geometry,609,609,0,0
p2,1,2147.83070113306,24.208618585105782,accepted_observation_geometry,609,609,0,0
p2,1,2152.4298999900893,22.99084116849447,accepted_observation_geometry,609,609,0,0
p2,1,2157.029098847119,19.712209662233207,accepted_observation_geometry,609,609,0,0
p2,1,2161.6282977041483,18.40075705972872,accepted_observation_geometry,609,609,0,0
p2,1,2166.2274965611778,17.74503075847646,accepted_observation_geometry,609,609,0,0
p2,1,2170.8266954182072,20.742636707058182,accepted_observation_geometry,609,609,0,0
p2,1,2175.4258942752367,22.33511486724221,accepted_observation_geometry,609,609,0,0
p2,1,2180.025093132266,24.86434488635804,accepted_observation_geometry,609,609,0,0
p2,1,2184.6242919892966,27.29989971958068,accepted_observation_geometry,609,609,0,0
p2,1,2189.223490846326,29.45442899512379,accepted_observation_geometry,609,609,0,0
p2,1,2193.8226897033555,31.796308642453255,accepted_observation_geometry,609,609,0,0
p2,1,2198.421888560385,33.857162732103184,accepted_observation_geometry,609,609,0,0
p2,1,2203.0210874174145,34.88758977692815,accepted_observation_geometry,609,609,0,0
p2,1,2207.620286274444,34.04451310388954,accepted_observation_geometry,609,609,0,0
p2,1,2212.2194851314734,33.295111616744116,accepted_observation_geometry,609,609,0,0
p2,1,2216.818683988503,32.639385315491865,accepted_observation_geometry,609,609,0,0
p2,1,2221.4178828455324,32.54571012959869,accepted_observation_geometry,609,609,0,0
p2,1,2226.017081702563,33.01408605906458,accepted_observation_geometry,609,609,0,0
p2,1,2230.6162805595923,33.10776124495776,accepted_observation_geometry,609,609,0,0
p2,1,2235.2154794166217,32.73306050138504,accepted_observation_geometry,609,609,0,0
p2,1,2239.814678273651,32.26468457191915,accepted_observation_geometry,609,609,0,0
p2,1,2244.4138771306807,32.452034943705506,accepted_observation_geometry,609,609,0,0
p2,1,2249.01307598771,32.26468457191915,accepted_observation_geometry,609,609,0,0
p2,1,2253.6122748447397,31.51528308477372,accepted_observation_geometry,609,609,0,0
p2,1,2258.211473701769,30.2975056681624,accepted_observation_geometry,609,609,0,0
p2,1,2262.8106725587986,29.079728251551074,accepted_observation_geometry,609,609,0,0
p2,1,2267.409871415829,27.95562602083293,accepted_observation_geometry,609,609,0,0
p2,1,2272.0090702728585,26.73784860422161,accepted_observation_geometry,609,609,0,0
p2,1,2276.608269129888,25.61374637350346,accepted_observation_geometry,609,609,0,0
p2,1,2281.2074679869174,24.770669700464865,accepted_observation_geometry,609,609,0,0
p2,1,2285.806666843947,24.395968956892148,accepted_observation_geometry,609,609,0,0
p2,1,2290.4058657009764,24.5833193286785,accepted_observation_geometry,609,609,0,0
p2,1,2295.005064558006,24.958020072251216,accepted_observation_geometry,609,609,0,0
p2,1,2299.6042634150353,25.239045629930757,accepted_observation_geometry,609,609,0,0
p2,1,2304.2034622720657,25.42639600171711,accepted_observation_geometry,609,609,0,0
p2,1,2308.802661129095,25.894771931183,accepted_observation_geometry,609,609,0,0
p2,1,2313.4018599861247,26.55049823243526,accepted_observation_geometry,609,609,0,0
p2,1,2318.001058843154,27.206224533687504,accepted_observation_geometry,609,609,0,0
p2,1,2322.6002577001836,27.018874161901145,accepted_observation_geometry,609,609,0,0
p2,1,2327.199456557213,25.988447117076177,accepted_observation_geometry,609,609,0,0
p2,1,2331.7986554142426,24.86434488635804,accepted_observation_geometry,609,609,0,0
p2,1,2336.397854271272,23.74024265563989,accepted_observation_geometry,609,609,0,0
p2,1,2340.9970531283016,22.616140424921753,accepted_observation_geometry,609,609,0,0
p2,1,2345.596251985332,21.58571338009679,accepted_observation_geometry,609,609,0,0
p2,1,2350.1954508423614,20.929987078844533,accepted_observation_geometry,609,609,0,0
p2,1,2354.794649699391,20.27426077759229,accepted_observation_geometry,609,609,0,0
p2,1,2359.3938485564204,20.086910405805924,accepted_observation_geometry,609,609,0,0
p2,1,2363.99304741345,20.46161114937864,accepted_observation_geometry,609,609,0,0
p2,1,2368.5922462704793,21.398363008310426,accepted_observation_geometry,609,609,0,0
p2,1,2373.191445127509,22.522465239028577,accepted_observation_geometry,609,609,0,0
p2,1,2377.7906439845383,24.114943399212606,accepted_observation_geometry,609,609,0,0
p2,1,2382.3898428415678,25.801096745289826,accepted_observation_geometry,609,609,0,0
p2,1,2386.989041698598,27.29989971958068,accepted_observation_geometry,609,609,0,0
p2,1,2391.5882405556276,28.14297639261929,accepted_observation_geometry,609,609,0,0
p2,1,2396.187439412657,28.330326764405648,accepted_observation_geometry,609,609,0,0
p2,1,2400.7866382696866,29.267078623337433,accepted_observation_geometry,609,609,0,0
p2,1,2405.385837126716,30.48485603994876,accepted_observation_geometry,609,609,0,0
p2,1,2409.9850359837455,31.51528308477372,accepted_observation_geometry,609,609,0,0
p2,1,2414.584234840775,31.608958270666896,accepted_observation_geometry,609,609,0,0
p2,1,2419.1834336978045,30.48485603994876,accepted_observation_geometry,609,609,0,0
p2,1,2423.782632554835,29.45442899512379,accepted_observation_geometry,609,609,0,0
p2,1,2428.3818314118644,27.674600463153396,accepted_observation_geometry,609,609,0,0
p2,1,2432.981030268894,25.801096745289826,accepted_observation_geometry,609,609,0,0
p2,1,2437.5802291259233,23.927593027426255,accepted_observation_geometry,609,609,0,0
p2,1,2442.179427982953,21.211012636524075,accepted_observation_geometry,609,609,0,0
p2,1,2446.7786268399823,19.43118410455368,accepted_observation_geometry,609,609,0,0
p2,1,2451.3778256970118,19.150158546874138,accepted_observation_geometry,609,609,0,0
p2,1,2455.9770245540412,21.211012636524075,accepted_observation_geometry,609,609,0,0
p2,1,2460.5762234110707,23.646567469746714,accepted_observation_geometry,609,609,0,0
p2,1,2465.175422268101,26.363147860648894,accepted_observation_geometry,609,609,0,0
p2,1,2469.7746211251306,28.61135232208518,accepted_observation_geometry,609,609,0,0
p2,1,2474.37381998216,30.765881597628294,accepted_observation_geometry,609,609,0,0
p2,1,2478.9730188391895,31.51528308477372,accepted_observation_geometry,609,609,0,0
p2,1,2483.572217696219,32.17100938602597,accepted_observation_geometry,609,609,0,0
p2,1,2488.1714165532485,32.639385315491865,accepted_observation_geometry,609,609,0,0
p2,1,2492.770615410278,33.01408605906458,accepted_observation_geometry,609,609,0,0
p2,1,2497.3698142673074,33.38878680263729,accepted_observation_geometry,609,609,0,0
p2,1,2501.969013124337,33.38878680263729,accepted_observation_geometry,609,609,0,0
p2,1,2506.5682119813673,33.38878680263729,accepted_observation_geometry,609,609,0,0
p2,1,2511.167410838397,33.01408605906458,accepted_observation_geometry,609,609,0,0
p2,1,2515.7666096954263,32.54571012959869,accepted_observation_geometry,609,609,0,0
p2,1,2520.3658085524557,32.077334200132796,accepted_observation_geometry,609,609,0,0
p2,1,2524.965007409485,31.889983828346438,accepted_observation_geometry,609,609,0,0
p2,1,2529.5642062665147,31.70263345656008,accepted_observation_geometry,609,609,0,0
p2,1,2534.163405123544,31.327932712987362,accepted_observation_geometry,609,609,0,0
p2,1,2538.7626039805737,31.046907155307828,accepted_observation_geometry,609,609,0,0
p2,1,2543.361802837604,31.608958270666896,accepted_observation_geometry,609,609,0,0
p2,1,2547.9610016946335,32.26468457191915,accepted_observation_geometry,609,609,0,0
p2,1,2552.560200551663,32.54571012959869,accepted_observation_geometry,609,609,0,0
p2,1,2557.1593994086925,32.452034943705506,accepted_observation_geometry,609,609,0,0
p2,1,2561.758598265722,32.9204108731714,accepted_observation_geometry,609,609,0,0
p2,1,2566.3577971227514,33.66981236031683,accepted_observation_geometry,609,609,0,0
p2,1,2570.956995979781,34.138188289782725,accepted_observation_geometry,609,609,0,0
p2,1,2575.5561948368104,33.482461988530474,accepted_observation_geometry,609,609,0,0
p2,1,2580.15539369384,32.73306050138504,accepted_observation_geometry,609,609,0,0
p2,1,2584.7545925508703,31.889983828346438,accepted_observation_geometry,609,609,0,0
p2,1,2589.3537914078997,31.327932712987362,accepted_observation_geometry,609,609,0,0
p2,1,2593.952990264929,31.70263345656008,accepted_observation_geometry,609,609,0,0
p2,1,2598.5521891219587,32.26468457191915,accepted_observation_geometry,609,609,0,0
p2,1,2603.151387978988,32.639385315491865,accepted_observation_geometry,609,609,0,0
p2,1,2607.7505868360176,32.73306050138504,accepted_observation_geometry,609,609,0,0
p2,1,2612.349785693047,33.01408605906458,accepted_observation_geometry,609,609,0,0
p2,1,2616.9489845500766,33.295111616744116,accepted_observation_geometry,609,609,0,0
p2,1,2621.548183407106,33.482461988530474,accepted_observation_geometry,609,609,0,0
p2,1,2626.1473822641365,33.76348754621001,accepted_observation_geometry,609,609,0,0
p2,1,2630.746581121166,33.857162732103184,accepted_observation_geometry,609,609,0,0
p2,1,2635.3457799781954,33.76348754621001,accepted_observation_geometry,609,609,0,0
p2,1,2639.944978835225,33.66981236031683,accepted_observation_geometry,609,609,0,0
p2,1,2644.5441776922544,33.57613717442365,accepted_observation_geometry,609,609,0,0
p2,1,2649.143376549284,33.295111616744116,accepted_observation_geometry,609,609,0,0
p2,1,2653.7425754063133,32.73306050138504,accepted_observation_geometry,609,609,0,0
p2,1,2658.341774263343,31.51528308477372,accepted_observation_geometry,609,609,0,0
p2,1,2662.9409731203723,30.110155296376043,accepted_observation_geometry,609,609,0,0
p2,1,2667.5401719774027,28.79870269387154,accepted_observation_geometry,609,609,0,0
p2,1,2672.139370834432,27.861950834939755,accepted_observation_geometry,609,609,0,0
p2,1,2676.7385696914616,27.861950834939755,accepted_observation_geometry,609,609,0,0
p2,1,2681.337768548491,27.674600463153396,accepted_observation_geometry,609,609,0,0
p2,1,2685.9369674055206,27.29989971958068,accepted_observation_geometry,609,609,0,0
p2,1,2690.53616626255,26.925198976007962,accepted_observation_geometry,609,609,0,0
p2,1,2695.1353651195795,26.831523790114787,accepted_observation_geometry,609,609,0,0
p2,1,2699.734563976609,27.112549347794328,accepted_observation_geometry,609,609,0,0
p2,1,2704.3337628336394,27.487250091367038,accepted_observation_geometry,609,609,0,0
p2,1,2708.932961690669,28.517677136192006,accepted_observation_geometry,609,609,0,0
p2,1,2713.5321605476984,29.360753809230616,accepted_observation_geometry,609,609,0,0
p2,1,2718.131359404728,30.67220641173511,accepted_observation_geometry,609,609,0,0
p2,1,2722.7305582617573,31.983659014239613,accepted_observation_geometry,609,609,0,0
p2,1,2727.329757118787,33.01408605906458,accepted_observation_geometry,609,609,0,0
p2,1,2731.9289559758163,34.138188289782725,accepted_observation_geometry,609,609,0,0
p2,1,2736.5281548328458,35.168615334607686,accepted_observation_geometry,609,609,0,0
p2,1,2741.1273536898752,37.13579423836444,accepted_observation_geometry,609,609,0,0
p2,1,2745.7265525469056,39.10297314212119,accepted_observation_geometry,609,609,0,0
p2,1,2750.325751403935,40.60177611641205,accepted_observation_geometry,609,609,0,0
p2,1,2754.9249502609646,38.915622770334835,accepted_observation_geometry,609,609,0,0
p2,1,2759.524149117994,41.632203161237015,accepted_observation_geometry,609,609,0,0
p2,1,2764.1233479750235,44.16143318035284,accepted_observation_geometry,609,609,0,0
p2,1,2768.722546832053,47.15903912893455,accepted_observation_geometry,609,609,0,0
p2,1,2773.3217456890825,43.41203169320741,accepted_observation_geometry,609,609,0,0
p2,1,2777.920944546112,40.32075055873251,accepted_observation_geometry,609,609,0,0
p2,1,2782.5201434031414,37.88519572550987,accepted_observation_geometry,609,609,0,0
p2,1,2787.119342260172,35.168615334607686,accepted_observation_geometry,609,609,0,0
p2,1,2791.7185411172013,32.73306050138504,accepted_observation_geometry,609,609,0,0
p2,1,2796.317739974231,30.953231969414652,accepted_observation_geometry,609,609,0,0
p2,1,2800.9169388312603,29.548104181016967,accepted_observation_geometry,609,609,0,0
p2,1,2805.5161376882897,28.049301206726113,accepted_observation_geometry,609,609,0,0
p2,1,2810.115336545319,26.26947267475572,accepted_observation_geometry,609,609,0,0
p2,1,2814.7145354023487,24.5833193286785,accepted_observation_geometry,609,609,0,0
p2,1,2819.313734259378,23.552892283853538,accepted_observation_geometry,609,609,0,0
p2,1,2823.9129331164086,22.616140424921753,accepted_observation_geometry,609,609,0,0
p2,1,2828.512131973438,22.14776449545586,accepted_observation_geometry,609,609,0,0
p2,1,2833.1113308304675,21.58571338009679,accepted_observation_geometry,609,609,0,0
p2,1,2837.710529687497,20.929987078844533,accepted_observation_geometry,609,609,0,0
p2,1,2842.3097285445265,20.367935963485465,accepted_observation_geometry,609,609,0,0
p2,1,2846.908927401556,19.899560034019572,accepted_observation_geometry,609,609,0,0
p2,1,2851.5081262585854,19.712209662233207,accepted_observation_geometry,609,609,0,0
p2,1,2856.107325115615,19.61853447634003,accepted_observation_geometry,609,609,0,0
p2,1,2860.7065239726444,19.056483360980963,accepted_observation_geometry,609,609,0,0
p2,1,2865.305722829675,18.58810743151507,accepted_observation_geometry,609,609,0,0
p2,1,2869.9049216867043,18.30708187383553,accepted_observation_geometry,609,609,0,0
p2,1,2874.5041205437337,18.77545780330142,accepted_observation_geometry,609,609,0,0
p2,1,2879.103319400763,20.1805855916991,accepted_observation_geometry,609,609,0,0
p2,1,2883.7025182577927,21.58571338009679,accepted_observation_geometry,609,609,0,0
p2,1,2888.301717114822,23.084516354387645,accepted_observation_geometry,609,609,0,0
p2,1,2892.9009159718516,24.489644142785323,accepted_observation_geometry,609,609,0,0
p2,1,2897.500114828881,25.332720815823933,accepted_observation_geometry,609,609,0,0
p2,1,2902.0993136859106,25.801096745289826,accepted_observation_geometry,609,609,0,0
p2,1,2906.698512542941,25.520071187610284,accepted_observation_geometry,609,609,0,0
p2,1,2911.2977113999705,25.801096745289826,accepted_observation_geometry,609,609,0,0
p2,1,2915.896910257,26.45682304654207,accepted_observation_geometry,609,609,0,0
p2,1,2920.4961091140294,27.112549347794328,accepted_observation_geometry,609,609,0,0
p2,1,2925.095307971059,27.674600463153396,accepted_observation_geometry,609,609,0,0
p2,1,2929.6945068280884,27.95562602083293,accepted_observation_geometry,609,609,0,0
p2,1,2934.293705685118,27.58092527726022,accepted_observation_geometry,609,609,0,0
p2,1,2938.8929045421473,26.831523790114787,accepted_observation_geometry,609,609,0,0
p2,1,2943.4921033991777,25.988447117076177,accepted_observation_geometry,609,609,0,0
p2,1,2948.091302256207,25.332720815823933,accepted_observation_geometry,609,609,0,0
p2,1,2952.6905011132367,25.05169525814439,accepted_observation_geometry,609,609,0,0
p2,1,2957.289699970266,25.239045629930757,accepted_observation_geometry,609,609,0,0
p2,1,2961.8888988272956,24.676994514571675,accepted_observation_geometry,609,609,0,0
p2,1,2966.488097684325,23.74024265563989,accepted_observation_geometry,609,609,0,0
p2,1,2971.0872965413546,23.17819154028082,accepted_observation_geometry,609,609,0,0
p2,1,2975.686495398384,23.17819154028082,accepted_observation_geometry,609,609,0,0
p2,1,2980.2856942554135,23.74024265563989,accepted_observation_geometry,609,609,0,0
p2,1,2984.884893112444,24.395968956892148,accepted_observation_geometry,609,609,0,0
p2,1,2989.4840919694734,25.239045629930757,accepted_observation_geometry,609,609,0,0
p2,1,2994.083290826503,25.988447117076177,accepted_observation_geometry,609,609,0,0
p3,0,110.38560746895433,12.873921092031168,accepted_observation_geometry,66,66,0,0
p3,0,114.98480632598393,9.220588842197202,accepted_observation_geometry,66,66,0,0
p3,0,119.58400518301346,6.035632521829129,accepted_observation_geometry,66,66,0,0
p3,0,124.18320404004305,6.410333265401846,accepted_observation_geometry,66,66,0,0
p3,0,128.78240289707264,6.972384380760914,accepted_observation_geometry,66,66,0,0
p3,0,133.38160175410223,7.347085124333631,accepted_observation_geometry,66,66,0,0
p3,0,137.98080061113183,7.6281106820131725,accepted_observation_geometry,66,66,0,0
p3,0,142.57999946816142,6.31665807950867,accepted_observation_geometry,66,66,0,0
p3,0,147.17919832519095,5.8482821500427775,accepted_observation_geometry,66,66,0,0
p3,0,151.77839718222054,2.850676201461056,accepted_observation_geometry,66,66,0,0
p3,0,156.37759603925014,1.5392235989565535,accepted_observation_geometry,66,66,0,0
p3,0,160.97679489627973,4.0684536180723825,accepted_observation_geometry,66,66,0,0
p3,0,165.57599375330932,7.815461053799524,accepted_observation_geometry,66,66,0,0
p3,0,170.1751926103389,11.375118117740314,accepted_observation_geometry,66,66,0,0
p3,0,174.77439146736845,15.02845036757428,accepted_observation_geometry,66,66,0,0
p3,0,179.37359032439804,15.403151111146997,accepted_observation_geometry,66,66,0,0
p3,0,183.97278918142763,16.05887741239924,accepted_observation_geometry,66,66,0,0
p3,0,188.57198803845722,15.02845036757428,accepted_observation_geometry,66,66,0,0
p3,0,193.1711868954868,14.747424809894738,accepted_observation_geometry,66,66,0,0
p3,0,197.7703857525164,11.562468489526665,accepted_observation_geometry,66,66,0,0
p3,0,202.369584609546,13.154946649710709,accepted_observation_geometry,66,66,0,0
p3,0,206.9687834665756,13.810672950962953,accepted_observation_geometry,66,66,0,0
p3,0,211.56798232360518,16.7146037136515,accepted_observation_geometry,66,66,0,0
p3,0,216.16718118063477,17.182979643117392,accepted_observation_geometry,66,66,0,0
p3,0,220.76638003766425,17.838705944369636,accepted_observation_geometry,66,66,0,0
p3,0,225.36557889469384,17.651355572583284,accepted_observation_geometry,66,66,0,0
p3,0,229.96477775172343,14.091698508642494,accepted_observation_geometry,66,66,0,0
p3,0,234.56397660875302,13.810672950962953,accepted_observation_geometry,66,66,0,0
p3,0,239.16317546578261,11.000417374167597,accepted_observation_geometry,66,66,0,0
p3,0,243.7623743228122,11.187767745953963,accepted_observation_geometry,66,66,0,0
p3,0,248.3615731798418,14.372724066322036,accepted_observation_geometry,66,66,0,0
p3,0,252.9607720368714,17.370330014903743,accepted_observation_geometry,66,66,0,0
p3,0,257.559970893901,18.026056316156,accepted_observation_geometry,66,66,0,0
p3,0,262.1591697509306,21.30468782241725,accepted_observation_geometry,66,66,0,0
p3,0,266.75836860796016,21.4920381942036,accepted_observation_geometry,66,66,0,0
p3,0,271.35756746498976,20.555286335271816,accepted_observation_geometry,66,66,0,0
p3,0,275.95676632201935,15.87152704061289,accepted_observation_geometry,66,66,0,0
p3,0,280.5559651790488,15.684176668826538,accepted_observation_geometry,66,66,0,0
p3,0,285.1551640360784,19.150158546874138,accepted_observation_geometry,66,66,0,0
p3,0,289.754362893108,18.86913298919461,accepted_observation_geometry,66,66,0,0
p3,0,294.3535617501376,18.494432245621894,accepted_observation_geometry,66,66,0,0
p3,0,298.9527606071672,18.681782617408246,accepted_observation_geometry,66,66,0,0
p3,0,303.5519594641968,14.841099995787928,accepted_observation_geometry,66,66,0,0
p3,0,308.1511583212264,14.560074438108387,accepted_observation_geometry,66,66,0,0
p3,0,312.75035717825597,11.937169233099382,accepted_observation_geometry,66,66,0,0
p3,0,317.34955603528556,11.187767745953963,accepted_observation_geometry,66,66,0,0
p3,0,321.94875489231515,11.187767745953963,accepted_observation_geometry,66,66,0,0
p3,0,326.54795374934474,7.815461053799524,accepted_observation_geometry,66,66,0,0
p3,0,331.14715260637433,7.534435496119997,accepted_observation_geometry,66,66,0,0
p3,0,335.7463514634039,7.440760310226807,accepted_observation_geometry,66,66,0,0
p3,0,340.3455503204334,4.162128803965558,accepted_observation_geometry,66,66,0,0
p3,0,344.944749177463,2.75700101556788,accepted_observation_geometry,66,66,0,0
p3,0,349.5439480344926,3.3190521309269485,accepted_observation_geometry,66,66,0,0
p3,0,354.1431468915222,4.911530291110992,accepted_observation_geometry,66,66,0,0
p3,0,358.74234574855177,9.688964771663095,accepted_observation_geometry,66,66,0,0
p3,0,363.34154460558136,9.501614399876743,accepted_observation_geometry,66,66,0,0
p3,0,367.94074346261095,3.225376945033773,accepted_observation_geometry,66,66,0,0
p3,0,372.53994231964055,2.6633258296747044,accepted_observation_geometry,66,66,0,0
p3,0,377.13914117667014,4.255803989858734,accepted_observation_geometry,66,66,0,0
p3,0,381.7383400336997,7.253409938440456,accepted_observation_geometry,66,66,0,0
p3,0,386.3375388907293,11.187767745953963,accepted_observation_geometry,66,66,0,0
p3,0,390.9367377477589,15.215800739360645,accepted_observation_geometry,66,66,0,0
p3,0,395.5359366047885,18.40075705972872,accepted_observation_geometry,66,66,0,0
p3,0,400.135135461818,18.77545780330142,accepted_observation_geometry,66,66,0,0
p3,0,404.7343343188476,19.337508918660504,accepted_observation_geometry,66,66,0,0
p3,0,409.33353317587716,19.61853447634003,accepted_observation_geometry,66,66,0,0
p3,1,423.13112974696594,18.40075705972872,accepted_observation_geometry,5,5,0,0
p3,1,427.73032860399553,18.30708187383553,accepted_observation_geometry,5,5,0,0
p3,1,432.3295274610251,15.403151111146997,accepted_observation_geometry,5,5,0,0
p3,1,436.9287263180547,14.372724066322036,accepted_observation_geometry,5,5,0,0
p3,1,441.5279251750843,14.091698508642494,accepted_observation_geometry,5,5,0,0
p3,2,469.12311831726174,11.656143675419855,accepted_observation_geometry,22,22,0,0
p3,2,473.72231717429133,7.534435496119997,accepted_observation_geometry,22,22,0,0
p3,2,478.3215160313209,3.974778432179207,accepted_observation_geometry,22,22,0,0
p3,2,482.9207148883505,4.7241799193246266,accepted_observation_geometry,22,22,0,0
p3,2,487.5199137453801,11.656143675419855,accepted_observation_geometry,22,22,0,0
p3,2,492.1191126024097,10.063665515235812,accepted_observation_geometry,22,22,0,0
p3,2,496.7183114594393,6.504008451295022,accepted_observation_geometry,22,22,0,0
p3,2,501.3175103164689,5.286231034683709,accepted_observation_geometry,22,22,0,0
p3,2,505.9167091734985,2.5696506437815287,accepted_observation_geometry,22,22,0,0
p3,2,510.51590803052807,6.129307707722305,accepted_observation_geometry,22,22,0,0
p3,2,515.1151068875575,9.87631514344946,accepted_observation_geometry,22,22,0,0
p3,2,519.7143057445871,16.433578155971958,accepted_observation_geometry,22,22,0,0
p3,2,524.3135046016167,27.58092527726022,accepted_observation_geometry,22,22,0,0
p3,2,528.9127034586463,28.517677136192006,accepted_observation_geometry,22,22,0,0
p3,2,533.5119023156759,31.327932712987362,accepted_observation_geometry,22,22,0,0
p3,2,538.1111011727055,31.70263345656008,accepted_observation_geometry,22,22,0,0
p3,2,542.7103000297351,32.26468457191915,accepted_observation_geometry,22,22,0,0
p3,2,547.3094988867647,34.2318634756759,accepted_observation_geometry,22,22,0,0
p3,2,551.9086977437943,34.2318634756759,accepted_observation_geometry,22,22,0,0
p3,2,556.5078966008239,34.41921384746226,accepted_observation_geometry,22,22,0,0
p3,2,561.1070954578535,33.95083791799637,accepted_observation_geometry,22,22,0,0
p3,2,565.706294314883,33.66981236031683,accepted_observation_geometry,22,22,0,0
p3,3,584.1030897430013,31.140582341201004,accepted_observation_geometry,6,6,0,0
p3,3,588.7022886000309,31.140582341201004,accepted_observation_geometry,6,6,0,0
p3,3,593.3014874570605,34.32553866156908,accepted_observation_geometry,6,6,0,0
p3,3,597.9006863140901,35.168615334607686,accepted_observation_geometry,6,6,0,0
p3,3,602.4998851711197,37.88519572550987,accepted_observation_geometry,6,6,0,0
p3,3,607.0990840281493,38.35357165497576,accepted_observation_geometry,6,6,0,0
p3,4,616.2974817422084,38.1662212831894,accepted_observation_geometry,4,4,0,0
p3,4,620.896680599238,37.79152053961669,accepted_observation_geometry,4,4,0,0
p3,4,625.4958794562676,34.512889033355435,accepted_observation_geometry,4,4,0,0
p3,4,630.0950783132972,34.138188289782725,accepted_observation_geometry,4,4,0,0
p3,5,639.2934760273563,31.421607898880545,accepted_observation_geometry,5,5,0,0
p3,5,643.8926748843859,31.046907155307828,accepted_observation_geometry,5,5,0,0
p3,5,648.4918737414155,30.765881597628294,accepted_observation_geometry,5,5,0,0
p3,5,653.0910725984451,30.2975056681624,accepted_observation_geometry,5,5,0,0
p3,5,657.6902714554747,30.20383048226922,accepted_observation_geometry,5,5,0,0
p3,6,680.6862657406226,31.234257527094186,accepted_observation_geometry,3,3,0,0
p3,6,685.2854645976522,31.796308642453255,accepted_observation_geometry,3,3,0,0
p3,6,689.8846634546817,32.17100938602597,accepted_observation_geometry,3,3,0,0
p3,7,703.6822600257706,30.67220641173511,accepted_observation_geometry,12,12,0,0
p3,7,708.2814588828,30.20383048226922,accepted_observation_geometry,12,12,0,0
p3,7,712.8806577398298,29.735454552803326,accepted_observation_geometry,12,12,0,0
p3,7,717.4798565968592,29.267078623337433,accepted_observation_geometry,12,12,0,0
p3,7,722.0790554538887,27.112549347794328,accepted_observation_geometry,12,12,0,0
p3,7,726.6782543109184,26.925198976007962,accepted_observation_geometry,12,12,0,0
p3,7,731.2774531679479,29.735454552803326,accepted_observation_geometry,12,12,0,0
p3,7,735.8766520249776,31.234257527094186,accepted_observation_geometry,12,12,0,0
p3,7,740.4758508820071,34.138188289782725,accepted_observation_geometry,12,12,0,0
p3,7,745.0750497390368,34.512889033355435,accepted_observation_geometry,12,12,0,0
p3,7,749.6742485960663,34.138188289782725,accepted_observation_geometry,12,12,0,0
p3,7,754.273447453096,33.57613717442365,accepted_observation_geometry,12,12,0,0
p3,8,763.4718451671552,31.140582341201004,accepted_observation_geometry,37,37,0,0
p3,8,768.0710440241846,30.765881597628294,accepted_observation_geometry,37,37,0,0
p3,8,772.6702428812143,27.861950834939755,accepted_observation_geometry,37,37,0,0
p3,8,777.2694417382438,27.018874161901145,accepted_observation_geometry,37,37,0,0
p3,8,781.8686405952733,24.114943399212606,accepted_observation_geometry,37,37,0,0
p3,8,786.467839452303,20.1805855916991,accepted_observation_geometry,37,37,0,0
p3,8,791.0670383093325,19.993235219912748,accepted_observation_geometry,37,37,0,0
p3,8,795.6662371663622,22.33511486724221,accepted_observation_geometry,37,37,0,0
p3,8,800.2654360233917,22.70981561081493,accepted_observation_geometry,37,37,0,0
p3,8,804.8646348804214,23.365541912067187,accepted_observation_geometry,37,37,0,0
p3,8,809.4638337374508,26.175797488862543,accepted_observation_geometry,37,37,0,0
p3,8,814.0630325944805,26.45682304654207,accepted_observation_geometry,37,37,0,0
p3,8,818.66223145151,27.112549347794328,accepted_observation_geometry,37,37,0,0
p3,8,823.2614303085397,29.173403437444257,accepted_observation_geometry,37,37,0,0
p3,8,827.8606291655692,30.391180854055577,accepted_observation_geometry,37,37,0,0
p3,8,832.4598280225989,29.735454552803326,accepted_observation_geometry,37,37,0,0
p3,8,837.0590268796284,29.079728251551074,accepted_observation_geometry,37,37,0,0
p3,8,841.6582257366579,25.239045629930757,accepted_observation_geometry,37,37,0,0
p3,8,846.2574245936876,21.773063751883143,accepted_observation_geometry,37,37,0,0
p3,8,850.856623450717,19.43118410455368,accepted_observation_geometry,37,37,0,0
p3,8,855.4558223077468,19.899560034019572,accepted_observation_geometry,37,37,0,0
p3,8,860.0550211647762,22.616140424921753,accepted_observation_geometry,37,37,0,0
p3,8,864.6542200218059,23.17819154028082,accepted_observation_geometry,37,37,0,0
p3,8,869.2534188788354,24.208618585105782,accepted_observation_geometry,37,37,0,0
p3,8,873.8526177358651,24.02126821331943,accepted_observation_geometry,37,37,0,0
p3,8,878.4518165928946,23.552892283853538,accepted_observation_geometry,37,37,0,0
p3,8,883.0510154499243,20.929987078844533,accepted_observation_geometry,37,37,0,0
p3,8,887.6502143069538,20.367935963485465,accepted_observation_geometry,37,37,0,0
p3,8,892.2494131639835,22.428790053135387,accepted_observation_geometry,37,37,0,0
p3,8,896.848612021013,23.271866726173997,accepted_observation_geometry,37,37,0,0
p3,8,901.4478108780424,26.26947267475572,accepted_observation_geometry,37,37,0,0
p3,8,906.0470097350722,26.925198976007962,accepted_observation_geometry,37,37,0,0
p3,8,910.6462085921016,37.229469424257616,accepted_observation_geometry,37,37,0,0
p3,8,915.2454074491313,37.229469424257616,accepted_observation_geometry,37,37,0,0
p3,8,919.8446063061608,41.632203161237015,accepted_observation_geometry,37,37,0,0
p3,8,924.4438051631905,45.6602361546437,accepted_observation_geometry,37,37,0,0
p3,8,929.04300402022,41.44485278945066,accepted_observation_geometry,37,37,0,0
p3,9,938.2414017342792,25.239045629930757,accepted_observation_geometry,1,1,0,0
p3,10,947.4397994483384,25.70742155939665,accepted_observation_geometry,13,13,0,0
p3,10,952.0389983053681,25.332720815823933,accepted_observation_geometry,13,13,0,0
p3,10,956.6381971623975,24.86434488635804,accepted_observation_geometry,13,13,0,0
p3,10,961.237396019427,21.960414123669494,accepted_observation_geometry,13,13,0,0
p3,10,965.8365948764567,21.679388565989967,accepted_observation_geometry,13,13,0,0
p3,10,970.4357937334862,16.05887741239924,accepted_observation_geometry,13,13,0,0
p3,10,975.0349925905159,13.529647393283426,accepted_observation_geometry,13,13,0,0
p3,10,979.6341914475454,11.656143675419855,accepted_observation_geometry,13,13,0,0
p3,10,984.2333903045751,11.937169233099382,accepted_observation_geometry,13,13,0,0
p3,10,988.8325891616046,12.405545162565275,accepted_observation_geometry,13,13,0,0
p3,10,993.4317880186343,14.934775181681104,accepted_observation_geometry,13,13,0,0
p3,10,998.0309868756638,15.309475925253821,accepted_observation_geometry,13,13,0,0
p3,10,1002.6301857326935,15.87152704061289,accepted_observation_geometry,13,13,0,0
p3,11,1011.8285834467526,18.494432245621894,accepted_observation_geometry,3,3,0,0
p3,11,1016.4277823037821,18.77545780330142,accepted_observation_geometry,3,3,0,0
p3,11,1021.0269811608116,19.150158546874138,accepted_observation_geometry,3,3,0,0
p3,12,1030.2253788748708,16.90195408543785,accepted_observation_geometry,7,7,0,0
p3,12,1034.8245777319005,16.246227784185606,accepted_observation_geometry,7,7,0,0
p3,12,1039.42377658893,17.276654829010567,accepted_observation_geometry,7,7,0,0
p3,12,1044.0229754459597,18.86913298919461,accepted_observation_geometry,7,7,0,0
p3,12,1048.6221743029892,22.522465239028577,accepted_observation_geometry,7,7,0,0
p3,12,1053.2213731600189,25.42639600171711,accepted_observation_geometry,7,7,0,0
p3,12,1057.8205720170483,25.801096745289826,accepted_observation_geometry,7,7,0,0
p3,13,1076.2173674451667,25.05169525814439,accepted_observation_geometry,14,14,0,0
p3,13,1080.8165663021962,24.489644142785323,accepted_observation_geometry,14,14,0,0
p3,13,1085.4157651592259,24.114943399212606,accepted_observation_geometry,14,14,0,0
p3,13,1090.0149640162554,21.398363008310426,accepted_observation_geometry,14,14,0,0
p3,13,1094.614162873285,20.836311892951358,accepted_observation_geometry,14,14,0,0
p3,13,1099.2133617303145,20.367935963485465,accepted_observation_geometry,14,14,0,0
p3,13,1103.8125605873443,21.960414123669494,accepted_observation_geometry,14,14,0,0
p3,13,1108.4117594443737,22.428790053135387,accepted_observation_geometry,14,14,0,0
p3,13,1113.0109583014034,22.99084116849447,accepted_observation_geometry,14,14,0,0
p3,13,1117.610157158433,25.801096745289826,accepted_observation_geometry,14,14,0,0
p3,13,1122.2093560154626,25.894771931183,accepted_observation_geometry,14,14,0,0
p3,13,1126.808554872492,25.988447117076177,accepted_observation_geometry,14,14,0,0
p3,13,1131.4077537295218,25.70742155939665,accepted_observation_geometry,14,14,0,0
p3,13,1136.0069525865513,25.520071187610284,accepted_observation_geometry,14,14,0,0
p3,14,1149.80454915764,24.5833193286785,accepted_observation_geometry,3,3,0,0
p3,14,1154.4037480146696,25.145370444037567,accepted_observation_geometry,3,3,0,0
p3,14,1159.0029468716991,25.520071187610284,accepted_observation_geometry,3,3,0,0
p3,15,1168.2013445857583,23.084516354387645,accepted_observation_geometry,4,4,0,0
p3,15,1172.800543442788,21.30468782241725,accepted_observation_geometry,4,4,0,0
p3,15,1177.3997422998175,19.43118410455368,accepted_observation_geometry,4,4,0,0
p3,15,1181.9989411568472,18.681782617408246,accepted_observation_geometry,4,4,0,0
p3,16,1191.1973388709062,18.213406687942353,accepted_observation_geometry,2,2,0,0
p3,16,1195.7965377279359,18.40075705972872,accepted_observation_geometry,2,2,0,0
p3,17,1204.994935441995,19.43118410455368,accepted_observation_geometry,4,4,0,0
p3,17,1209.5941342990245,18.77545780330142,accepted_observation_geometry,4,4,0,0
p3,17,1214.1933331560542,18.213406687942353,accepted_observation_geometry,4,4,0,0
p3,17,1218.7925320130837,17.838705944369636,accepted_observation_geometry,4,4,0,0
p3,18,1227.9909297271429,15.309475925253821,accepted_observation_geometry,16,16,0,0
p3,18,1232.5901285841726,14.841099995787928,accepted_observation_geometry,16,16,0,0
p3,18,1237.189327441202,12.030844418992558,accepted_observation_geometry,16,16,0,0
p3,18,1241.7885262982318,11.187767745953963,accepted_observation_geometry,16,16,0,0
p3,18,1246.3877251552613,7.9091362396927,accepted_observation_geometry,16,16,0,0
p3,18,1250.9869240122907,6.785034008974563,accepted_observation_geometry,16,16,0,0
p3,18,1255.5861228693204,3.412727316820124,accepted_observation_geometry,16,16,0,0
p3,18,1260.18532172635,0.6961469259179438,accepted_observation_geometry,16,16,0,0
p3,18,1264.7845205833796,1.5392235989565535,accepted_observation_geometry,16,16,0,0
p3,18,1269.383719440409,5.192555848790519,accepted_observation_geometry,16,16,0,0
p3,18,1273.9829182974388,12.124519604885748,accepted_observation_geometry,16,16,0,0
p3,18,1278.5821171544683,16.246227784185606,accepted_observation_geometry,16,16,0,0
p3,18,1283.181316011498,19.337508918660504,accepted_observation_geometry,16,16,0,0
p3,18,1287.7805148685275,20.086910405805924,accepted_observation_geometry,16,16,0,0
p3,18,1292.3797137255572,22.803490796708104,accepted_observation_geometry,16,16,0,0
p3,18,1296.9789125825866,23.271866726173997,accepted_observation_geometry,16,16,0,0
p3,19,1310.7765091536753,22.99084116849447,accepted_observation_geometry,14,14,0,0
p3,19,1315.375708010705,22.522465239028577,accepted_observation_geometry,14,14,0,0
p3,19,1319.9749068677345,21.960414123669494,accepted_observation_geometry,14,14,0,0
p3,19,1324.5741057247642,18.86913298919461,accepted_observation_geometry,14,14,0,0
p3,19,1329.1733045817937,18.30708187383553,accepted_observation_geometry,14,14,0,0
p3,19,1333.7725034388234,14.934775181681104,accepted_observation_geometry,14,14,0,0
p3,19,1338.3717022958529,13.716997765069777,accepted_observation_geometry,14,14,0,0
p3,19,1342.9709011528826,13.998023322749319,accepted_observation_geometry,14,14,0,0
p3,19,1347.570100009912,18.681782617408246,accepted_observation_geometry,14,14,0,0
p3,19,1352.1692988669417,20.46161114937864,accepted_observation_geometry,14,14,0,0
p3,19,1356.7684977239712,23.83391784153308,accepted_observation_geometry,14,14,0,0
p3,19,1361.367696581001,24.02126821331943,accepted_observation_geometry,14,14,0,0
p3,19,1365.9668954380304,24.5833193286785,accepted_observation_geometry,14,14,0,0
p3,19,1370.5660942950599,24.489644142785323,accepted_observation_geometry,14,14,0,0
p3,20,1379.764492009119,22.522465239028577,accepted_observation_geometry,5,5,0,0
p3,20,1384.3636908661488,22.522465239028577,accepted_observation_geometry,5,5,0,0
p3,20,1388.9628897231783,22.70981561081493,accepted_observation_geometry,5,5,0,0
p3,20,1393.562088580208,23.17819154028082,accepted_observation_geometry,5,5,0,0
p3,20,1398.1612874372374,23.552892283853538,accepted_observation_geometry,5,5,0,0
p3,21,1407.3596851512966,22.054089309562684,accepted_observation_geometry,8,8,0,0
p3,21,1411.9588840083263,21.773063751883143,accepted_observation_geometry,8,8,0,0
p3,21,1416.5580828653558,15.309475925253821,accepted_observation_geometry,8,8,0,0
p3,21,1421.1572817223855,15.02845036757428,accepted_observation_geometry,8,8,0,0
p3,21,1425.756480579415,18.119731502049177,accepted_observation_geometry,8,8,0,0
p3,21,1430.3556794364445,21.58571338009679,accepted_observation_geometry,8,8,0,0
p3,21,1434.9548782934742,24.958020072251216,accepted_observation_geometry,8,8,0,0
p3,21,1439.5540771505036,25.239045629930757,accepted_observation_geometry,8,8,0,0
p3,22,1448.7524748645628,24.395968956892148,accepted_observation_geometry,10,10,0,0
p3,22,1453.3516737215925,23.927593027426255,accepted_observation_geometry,10,10,0,0
p3,22,1457.950872578622,19.993235219912748,accepted_observation_geometry,10,10,0,0
p3,22,1462.5500714356517,16.808278899544675,accepted_observation_geometry,10,10,0,0
p3,22,1467.1492702926812,10.251015887022177,accepted_observation_geometry,10,10,0,0
p3,22,1471.748469149711,9.688964771663095,accepted_observation_geometry,10,10,0,0
p3,22,1476.3476680067404,12.780245906137992,accepted_observation_geometry,10,10,0,0
p3,22,1480.94686686377,15.590501482933348,accepted_observation_geometry,10,10,0,0
p3,22,1485.5460657207996,16.433578155971958,accepted_observation_geometry,10,10,0,0
p3,22,1490.145264577829,16.808278899544675,accepted_observation_geometry,10,10,0,0
p3,23,1499.3436622918882,16.339902970078782,accepted_observation_geometry,9,9,0,0
p3,23,1503.942861148918,14.747424809894738,accepted_observation_geometry,9,9,0,0
p3,23,1508.5420600059474,12.967596277924358,accepted_observation_geometry,9,9,0,0
p3,23,1513.141258862977,14.091698508642494,accepted_observation_geometry,9,9,0,0
p3,23,1517.7404577200066,14.372724066322036,accepted_observation_geometry,9,9,0,0
p3,23,1522.3396565770363,17.932381130262826,accepted_observation_geometry,9,9,0,0
p3,23,1526.9388554340658,18.30708187383553,accepted_observation_geometry,9,9,0,0
p3,23,1531.5380542910955,21.679388565989967,accepted_observation_geometry,9,9,0,0
p3,23,1536.137253148125,21.960414123669494,accepted_observation_geometry,9,9,0,0
p3,24,1549.9348497192136,23.271866726173997,accepted_observation_geometry,12,12,0,0
p3,24,1554.5340485762433,22.70981561081493,accepted_observation_geometry,12,12,0,0
p3,24,1559.1332474332728,22.241439681349036,accepted_observation_geometry,12,12,0,0
p3,24,1563.7324462903025,19.243833732767314,accepted_observation_geometry,12,12,0,0
p3,24,1568.331645147332,19.150158546874138,accepted_observation_geometry,12,12,0,0
p3,24,1572.9308440043617,19.61853447634003,accepted_observation_geometry,12,12,0,0
p3,24,1577.5300428613912,19.805884848126396,accepted_observation_geometry,12,12,0,0
p3,24,1582.1292417184209,22.99084116849447,accepted_observation_geometry,12,12,0,0
p3,24,1586.7284405754503,23.646567469746714,accepted_observation_geometry,12,12,0,0
p3,24,1591.32763943248,24.489644142785323,accepted_observation_geometry,12,12,0,0
p3,24,1595.9268382895095,27.29989971958068,accepted_observation_geometry,12,12,0,0
p3,24,1600.5260371465392,27.674600463153396,accepted_observation_geometry,12,12,0,0
p3,25,1609.7244348605982,27.206224533687504,accepted_observation_geometry,5,5,0,0
p3,25,1614.323633717628,26.925198976007962,accepted_observation_geometry,5,5,0,0
p3,25,1618.9228325746574,26.644173418328435,accepted_observation_geometry,5,5,0,0
p3,25,1623.522031431687,26.925198976007962,accepted_observation_geometry,5,5,0,0
p3,25,1628.1212302887166,27.206224533687504,accepted_observation_geometry,5,5,0,0
p3,26,1646.518025716835,27.674600463153396,accepted_observation_geometry,8,8,0,0
p3,26,1651.1172245738646,28.330326764405648,accepted_observation_geometry,8,8,0,0
p3,26,1655.716423430894,31.327932712987362,accepted_observation_geometry,8,8,0,0
p3,26,1660.3156222879238,30.85955678352147,accepted_observation_geometry,8,8,0,0
p3,26,1664.9148211449533,29.45442899512379,accepted_observation_geometry,8,8,0,0
p3,26,1669.5140200019828,25.70742155939665,accepted_observation_geometry,8,8,0,0
p3,26,1674.1132188590125,22.522465239028577,accepted_observation_geometry,8,8,0,0
p3,26,1678.712417716042,22.70981561081493,accepted_observation_geometry,8,8,0,0
p3,27,1706.3076108582195,21.960414123669494,accepted_observation_geometry,7,7,0,0
p3,27,1710.9068097152492,21.773063751883143,accepted_observation_geometry,7,7,0,0
p3,27,1715.5060085722787,21.4920381942036,accepted_observation_geometry,7,7,0,0
p3,27,1720.1052074293082,21.30468782241725,accepted_observation_geometry,7,7,0,0
p3,27,1724.7044062863376,21.30468782241725,accepted_observation_geometry,7,7,0,0
p3,27,1729.3036051433676,21.4920381942036,accepted_observation_geometry,7,7,0,0
p3,27,1733.902804000397,21.679388565989967,accepted_observation_geometry,7,7,0,0
p3,28,1747.700400571486,22.803490796708104,accepted_observation_geometry,1,1,0,0
p3,29,1756.898798285545,21.58571338009679,accepted_observation_geometry,13,13,0,0
p3,29,1761.4979971425744,20.27426077759229,accepted_observation_geometry,13,13,0,0
p3,29,1766.0971959996043,20.1805855916991,accepted_observation_geometry,13,13,0,0
p3,29,1770.6963948566338,19.899560034019572,accepted_observation_geometry,13,13,0,0
p3,29,1775.2955937136633,20.367935963485465,accepted_observation_geometry,13,13,0,0
p3,29,1779.8947925706927,20.836311892951358,accepted_observation_geometry,13,13,0,0
p3,29,1784.4939914277222,21.30468782241725,accepted_observation_geometry,13,13,0,0
p3,29,1789.0931902847522,23.271866726173997,accepted_observation_geometry,13,13,0,0
p3,29,1793.6923891417816,23.365541912067187,accepted_observation_geometry,13,13,0,0
p3,29,1798.291587998811,23.365541912067187,accepted_observation_geometry,13,13,0,0
p3,29,1802.8907868558406,23.17819154028082,accepted_observation_geometry,13,13,0,0
p3,29,1807.4899857128705,22.70981561081493,accepted_observation_geometry,13,13,0,0
p3,29,1812.0891845699,22.616140424921753,accepted_observation_geometry,13,13,0,0
p3,30,1825.886781140989,25.42639600171711,accepted_observation_geometry,4,4,0,0
p3,30,1830.4859799980184,36.573743123005364,accepted_observation_geometry,4,4,0,0
p3,30,1835.0851788550478,36.76109349479172,accepted_observation_geometry,4,4,0,0
p3,30,1839.6843777120773,33.76348754621001,accepted_observation_geometry,4,4,0,0
p3,31,1848.8827754261367,36.38639275121901,accepted_observation_geometry,9,9,0,0
p3,31,1853.4819742831662,38.35357165497576,accepted_observation_geometry,9,9,0,0
p3,31,1858.0811731401957,35.168615334607686,accepted_observation_geometry,9,9,0,0
p3,31,1862.6803719972252,26.363147860648894,accepted_observation_geometry,9,9,0,0
p3,31,1867.279570854255,21.86673893777632,accepted_observation_geometry,9,9,0,0
p3,31,1871.8787697112846,21.86673893777632,accepted_observation_geometry,9,9,0,0
p3,31,1876.477968568314,21.960414123669494,accepted_observation_geometry,9,9,0,0
p3,31,1881.0771674253435,21.58571338009679,accepted_observation_geometry,9,9,0,0
p3,31,1885.6763662823735,21.30468782241725,accepted_observation_geometry,9,9,0,0
p3,32,1904.0731617104914,19.899560034019572,accepted_observation_geometry,7,7,0,0
p3,32,1908.6723605675213,20.086910405805924,accepted_observation_geometry,7,7,0,0
p3,32,1913.2715594245508,20.367935963485465,accepted_observation_geometry,7,7,0,0
p3,32,1917.8707582815803,20.555286335271816,accepted_observation_geometry,7,7,0,0
p3,32,1922.4699571386097,20.46161114937864,accepted_observation_geometry,7,7,0,0
p3,32,1927.0691559956397,20.1805855916991,accepted_observation_geometry,7,7,0,0
p3,32,1931.6683548526692,20.1805855916991,accepted_observation_geometry,7,7,0,0
p3,33,1940.866752566728,20.086910405805924,accepted_observation_geometry,7,7,0,0
p3,33,1945.465951423758,19.712209662233207,accepted_observation_geometry,7,7,0,0
p3,33,1950.0651502807875,19.43118410455368,accepted_observation_geometry,7,7,0,0
p3,33,1954.664349137817,19.61853447634003,accepted_observation_geometry,7,7,0,0
p3,33,1959.2635479948465,19.899560034019572,accepted_observation_geometry,7,7,0,0
p3,33,1963.862746851876,19.243833732767314,accepted_observation_geometry,7,7,0,0
p3,33,1968.461945708906,18.962808175087787,accepted_observation_geometry,7,7,0,0
p3,34,1996.0571388510832,18.213406687942353,accepted_observation_geometry,24,24,0,0
p3,34,2000.6563377081127,18.119731502049177,accepted_observation_geometry,24,24,0,0
p3,34,2005.2555365651426,17.838705944369636,accepted_observation_geometry,24,24,0,0
p3,34,2009.854735422172,17.55768038669011,accepted_observation_geometry,24,24,0,0
p3,34,2014.4539342792016,17.651355572583284,accepted_observation_geometry,24,24,0,0
p3,34,2019.053133136231,17.46400520079692,accepted_observation_geometry,24,24,0,0
p3,34,2023.6523319932605,17.370330014903743,accepted_observation_geometry,24,24,0,0
p3,34,2028.2515308502905,15.122125553467455,accepted_observation_geometry,24,24,0,0
p3,34,2032.85072970732,14.841099995787928,accepted_observation_geometry,24,24,0,0
p3,34,2037.4499285643494,14.466399252215211,accepted_observation_geometry,24,24,0,0
p3,34,2042.049127421379,14.18537369453567,accepted_observation_geometry,24,24,0,0
p3,34,2046.6483262784088,13.998023322749319,accepted_observation_geometry,24,24,0,0
p3,34,2051.247525135438,13.810672950962953,accepted_observation_geometry,24,24,0,0
p3,34,2055.8467239924676,11.562468489526665,accepted_observation_geometry,24,24,0,0
p3,34,2060.445922849497,11.094092560060773,accepted_observation_geometry,24,24,0,0
p3,34,2065.0451217065274,10.71939181648807,accepted_observation_geometry,24,24,0,0
p3,34,2069.644320563557,10.813067002381246,accepted_observation_geometry,24,24,0,0
p3,34,2074.2435194205864,11.46879330363349,accepted_observation_geometry,24,24,0,0
p3,34,2078.842718277616,11.937169233099382,accepted_observation_geometry,24,24,0,0
p3,34,2083.4419171346453,12.218194790778924,accepted_observation_geometry,24,24,0,0
p3,34,2088.041115991675,11.843494047206207,accepted_observation_geometry,24,24,0,0
p3,34,2092.6403148487043,13.904348136856143,accepted_observation_geometry,24,24,0,0
p3,34,2097.2395137057338,14.653749624001563,accepted_observation_geometry,24,24,0,0
p3,34,2101.8387125627632,15.02845036757428,accepted_observation_geometry,24,24,0,0
p3,35,2124.8347068479115,16.7146037136515,accepted_observation_geometry,29,29,0,0
p3,35,2129.433905704941,16.995629271331026,accepted_observation_geometry,29,29,0,0
p3,35,2134.0331045619705,17.55768038669011,accepted_observation_geometry,29,29,0,0
p3,35,2138.632303419,17.932381130262826,accepted_observation_geometry,29,29,0,0
p3,35,2143.2315022760295,18.119731502049177,accepted_observation_geometry,29,29,0,0
p3,35,2147.83070113306,20.46161114937864,accepted_observation_geometry,29,29,0,0
p3,35,2152.4298999900893,20.742636707058182,accepted_observation_geometry,29,29,0,0
p3,35,2157.029098847119,21.30468782241725,accepted_observation_geometry,29,29,0,0
p3,35,2161.6282977041483,21.58571338009679,accepted_observation_geometry,29,29,0,0
p3,35,2166.2274965611778,18.86913298919461,accepted_observation_geometry,29,29,0,0
p3,35,2170.8266954182072,18.58810743151507,accepted_observation_geometry,29,29,0,0
p3,35,2175.4258942752367,15.777851854719714,accepted_observation_geometry,29,29,0,0
p3,35,2180.025093132266,15.02845036757428,accepted_observation_geometry,29,29,0,0
p3,35,2184.6242919892966,14.372724066322036,accepted_observation_geometry,29,29,0,0
p3,35,2189.223490846326,12.405545162565275,accepted_observation_geometry,29,29,0,0
p3,35,2193.8226897033555,15.309475925253821,accepted_observation_geometry,29,29,0,0
p3,35,2198.421888560385,16.15255259829243,accepted_observation_geometry,29,29,0,0
p3,35,2203.0210874174145,18.681782617408246,accepted_observation_geometry,29,29,0,0
p3,35,2207.620286274444,18.86913298919461,accepted_observation_geometry,29,29,0,0
p3,35,2212.2194851314734,18.962808175087787,accepted_observation_geometry,29,29,0,0
p3,35,2216.818683988503,18.962808175087787,accepted_observation_geometry,29,29,0,0
p3,35,2221.4178828455324,19.150158546874138,accepted_observation_geometry,29,29,0,0
p3,35,2226.017081702563,19.43118410455368,accepted_observation_geometry,29,29,0,0
p3,35,2230.6162805595923,21.773063751883143,accepted_observation_geometry,29,29,0,0
p3,35,2235.2154794166217,22.241439681349036,accepted_observation_geometry,29,29,0,0
p3,35,2239.814678273651,22.70981561081493,accepted_observation_geometry,29,29,0,0
p3,35,2244.4138771306807,25.239045629930757,accepted_observation_geometry,29,29,0,0
p3,35,2249.01307598771,25.520071187610284,accepted_observation_geometry,29,29,0,0
p3,35,2253.6122748447397,25.332720815823933,accepted_observation_geometry,29,29,0,0
p3,36,2262.8106725587986,22.803490796708104,accepted_observation_geometry,19,19,0,0
p3,36,2267.409871415829,22.241439681349036,accepted_observation_geometry,19,19,0,0
p3,36,2272.0090702728585,21.960414123669494,accepted_observation_geometry,19,19,0,0
p3,36,2276.608269129888,18.58810743151507,accepted_observation_geometry,19,19,0,0
p3,36,2281.2074679869174,18.40075705972872,accepted_observation_geometry,19,19,0,0
p3,36,2285.806666843947,15.403151111146997,accepted_observation_geometry,19,19,0,0
p3,36,2290.4058657009764,15.403151111146997,accepted_observation_geometry,19,19,0,0
p3,36,2295.005064558006,15.87152704061289,accepted_observation_geometry,19,19,0,0
p3,36,2299.6042634150353,16.15255259829243,accepted_observation_geometry,19,19,0,0
p3,36,2304.2034622720657,16.433578155971958,accepted_observation_geometry,19,19,0,0
p3,36,2308.802661129095,18.962808175087787,accepted_observation_geometry,19,19,0,0
p3,36,2313.4018599861247,19.337508918660504,accepted_observation_geometry,19,19,0,0
p3,36,2318.001058843154,19.899560034019572,accepted_observation_geometry,19,19,0,0
p3,36,2322.6002577001836,21.02366226473771,accepted_observation_geometry,19,19,0,0
p3,36,2327.199456557213,20.742636707058182,accepted_observation_geometry,19,19,0,0
p3,36,2331.7986554142426,20.555286335271816,accepted_observation_geometry,19,19,0,0
p3,36,2336.397854271272,20.46161114937864,accepted_observation_geometry,19,19,0,0
p3,36,2340.9970531283016,20.27426077759229,accepted_observation_geometry,19,19,0,0
p3,36,2345.596251985332,20.086910405805924,accepted_observation_geometry,19,19,0,0
p3,37,2373.191445127509,19.712209662233207,accepted_observation_geometry,7,7,0,0
p3,37,2377.7906439845383,19.993235219912748,accepted_observation_geometry,7,7,0,0
p3,37,2382.3898428415678,20.27426077759229,accepted_observation_geometry,7,7,0,0
p3,37,2386.989041698598,20.555286335271816,accepted_observation_geometry,7,7,0,0
p3,37,2391.5882405556276,20.46161114937864,accepted_observation_geometry,7,7,0,0
p3,37,2396.187439412657,17.651355572583284,accepted_observation_geometry,7,7,0,0
p3,37,2400.7866382696866,17.55768038669011,accepted_observation_geometry,7,7,0,0
p3,38,2419.1834336978045,18.681782617408246,accepted_observation_geometry,4,4,0,0
p3,38,2423.782632554835,18.962808175087787,accepted_observation_geometry,4,4,0,0
p3,38,2428.3818314118644,19.150158546874138,accepted_observation_geometry,4,4,0,0
p3,38,2432.981030268894,18.962808175087787,accepted_observation_geometry,4,4,0,0
p3,39,2451.3778256970118,18.77545780330142,accepted_observation_geometry,4,4,0,0
p3,39,2455.9770245540412,19.150158546874138,accepted_observation_geometry,4,4,0,0
p3,39,2460.5762234110707,19.712209662233207,accepted_observation_geometry,4,4,0,0
p3,39,2465.175422268101,19.993235219912748,accepted_observation_geometry,4,4,0,0
p3,40,2474.37381998216,22.054089309562684,accepted_observation_geometry,7,7,0,0
p3,40,2478.9730188391895,22.241439681349036,accepted_observation_geometry,7,7,0,0
p3,40,2483.572217696219,22.241439681349036,accepted_observation_geometry,7,7,0,0
p3,40,2488.1714165532485,22.616140424921753,accepted_observation_geometry,7,7,0,0
p3,40,2492.770615410278,22.428790053135387,accepted_observation_geometry,7,7,0,0
p3,40,2497.3698142673074,22.241439681349036,accepted_observation_geometry,7,7,0,0
p3,40,2501.969013124337,22.054089309562684,accepted_observation_geometry,7,7,0,0
p3,41,2520.3658085524557,19.61853447634003,accepted_observation_geometry,5,5,0,0
p3,41,2524.965007409485,19.243833732767314,accepted_observation_geometry,5,5,0,0
p3,41,2529.5642062665147,17.46400520079692,accepted_observation_geometry,5,5,0,0
p3,41,2534.163405123544,15.777851854719714,accepted_observation_geometry,5,5,0,0
p3,41,2538.7626039805737,15.403151111146997,accepted_observation_geometry,5,5,0,0
p3,42,2552.560200551663,13.529647393283426,accepted_observation_geometry,23,23,0,0
p3,42,2557.1593994086925,12.967596277924358,accepted_observation_geometry,23,23,0,0
p3,42,2561.758598265722,14.279048880428846,accepted_observation_geometry,23,23,0,0
p3,42,2566.3577971227514,14.653749624001563,accepted_observation_geometry,23,23,0,0
p3,42,2570.956995979781,15.309475925253821,accepted_observation_geometry,23,23,0,0
p3,42,2575.5561948368104,16.90195408543785,accepted_observation_geometry,23,23,0,0
p3,42,2580.15539369384,16.339902970078782,accepted_observation_geometry,23,23,0,0
p3,42,2584.7545925508703,16.15255259829243,accepted_observation_geometry,23,23,0,0
p3,42,2589.3537914078997,13.34229702149706,accepted_observation_geometry,23,23,0,0
p3,42,2593.952990264929,12.873921092031168,accepted_observation_geometry,23,23,0,0
p3,42,2598.5521891219587,11.937169233099382,accepted_observation_geometry,23,23,0,0
p3,42,2603.151387978988,8.845888098624485,accepted_observation_geometry,23,23,0,0
p3,42,2607.7505868360176,5.8482821500427775,accepted_observation_geometry,23,23,0,0
p3,42,2612.349785693047,5.005205477004168,accepted_observation_geometry,23,23,0,0
p3,42,2616.9489845500766,2.2886250861019874,accepted_observation_geometry,23,23,0,0
p3,42,2621.548183407106,2.475975457888339,accepted_observation_geometry,23,23,0,0
p3,42,2626.1473822641365,2.9443513873542315,accepted_observation_geometry,23,23,0,0
p3,42,2630.746581121166,5.660931778256412,accepted_observation_geometry,23,23,0,0
p3,42,2635.3457799781954,6.035632521829129,accepted_observation_geometry,23,23,0,0
p3,42,2639.944978835225,6.597683637188197,accepted_observation_geometry,23,23,0,0
p3,42,2644.5441776922544,9.126913656304026,accepted_observation_geometry,23,23,0,0
p3,42,2649.143376549284,9.220588842197202,accepted_observation_geometry,23,23,0,0
p3,42,2653.7425754063133,9.126913656304026,accepted_observation_geometry,23,23,0,0
p3,43,2672.139370834432,9.782639957556285,accepted_observation_geometry,11,11,0,0
p3,43,2676.7385696914616,10.251015887022177,accepted_observation_geometry,11,11,0,0
p3,43,2681.337768548491,10.813067002381246,accepted_observation_geometry,11,11,0,0
p3,43,2685.9369674055206,10.251015887022177,accepted_observation_geometry,11,11,0,0
p3,43,2690.53616626255,10.438366258808529,accepted_observation_geometry,11,11,0,0
p3,43,2695.1353651195795,10.438366258808529,accepted_observation_geometry,11,11,0,0
p3,43,2699.734563976609,11.094092560060773,accepted_observation_geometry,11,11,0,0
p3,43,2704.3337628336394,11.656143675419855,accepted_observation_geometry,11,11,0,0
p3,43,2708.932961690669,14.279048880428846,accepted_observation_geometry,11,11,0,0
p3,43,2713.5321605476984,14.934775181681104,accepted_observation_geometry,11,11,0,0
p3,43,2718.131359404728,15.215800739360645,accepted_observation_geometry,11,11,0,0
p3,44,2727.329757118787,15.87152704061289,accepted_observation_geometry,4,4,0,0
p3,44,2731.9289559758163,14.091698508642494,accepted_observation_geometry,4,4,0,0
p3,44,2736.5281548328458,13.810672950962953,accepted_observation_geometry,4,4,0,0
p3,44,2741.1273536898752,13.154946649710709,accepted_observation_geometry,4,4,0,0
p3,45,2754.9249502609646,13.154946649710709,accepted_observation_geometry,10,10,0,0
p3,45,2759.524149117994,19.43118410455368,accepted_observation_geometry,10,10,0,0
p3,45,2764.1233479750235,26.26947267475572,accepted_observation_geometry,10,10,0,0
p3,45,2768.722546832053,26.175797488862543,accepted_observation_geometry,10,10,0,0
p3,45,2773.3217456890825,21.773063751883143,accepted_observation_geometry,10,10,0,0
p3,45,2777.920944546112,19.899560034019572,accepted_observation_geometry,10,10,0,0
p3,45,2782.5201434031414,19.337508918660504,accepted_observation_geometry,10,10,0,0
p3,45,2787.119342260172,16.433578155971958,accepted_observation_geometry,10,10,0,0
p3,45,2791.7185411172013,15.684176668826538,accepted_observation_geometry,10,10,0,0
p3,45,2796.317739974231,15.403151111146997,accepted_observation_geometry,10,10,0,0
p3,46,2823.9129331164086,16.620928527758323,accepted_observation_geometry,5,5,0,0
p3,46,2828.512131973438,16.808278899544675,accepted_observation_geometry,5,5,0,0
p3,46,2833.1113308304675,16.7146037136515,accepted_observation_geometry,5,5,0,0
p3,46,2837.710529687497,16.339902970078782,accepted_observation_geometry,5,5,0,0
p3,46,2842.3097285445265,16.15255259829243,accepted_observation_geometry,5,5,0,0
p3,47,2860.7065239726444,17.370330014903743,accepted_observation_geometry,7,7,0,0
p3,47,2865.305722829675,17.46400520079692,accepted_observation_geometry,7,7,0,0
p3,47,2869.9049216867043,17.651355572583284,accepted_observation_geometry,7,7,0,0
p3,47,2874.5041205437337,17.651355572583284,accepted_observation_geometry,7,7,0,0
p3,47,2879.103319400763,17.74503075847646,accepted_observation_geometry,7,7,0,0
p3,47,2883.7025182577927,18.026056316156,accepted_observation_geometry,7,7,0,0
p3,47,2888.301717114822,18.213406687942353,accepted_observation_geometry,7,7,0,0
p3,48,2897.500114828881,16.246227784185606,accepted_observation_geometry,21,21,0,0
p3,48,2902.0993136859106,15.684176668826538,accepted_observation_geometry,21,21,0,0
p3,48,2906.698512542941,15.122125553467455,accepted_observation_geometry,21,21,0,0
p3,48,2911.2977113999705,12.124519604885748,accepted_observation_geometry,21,21,0,0
p3,48,2915.896910257,11.749818861313031,accepted_observation_geometry,21,21,0,0
p3,48,2920.4961091140294,8.564862540944958,accepted_observation_geometry,21,21,0,0
p3,48,2925.095307971059,5.4735814064700605,accepted_observation_geometry,21,21,0,0
p3,48,2929.6945068280884,4.630504733431451,accepted_observation_geometry,21,21,0,0
p3,48,2934.293705685118,1.6328987848497292,accepted_observation_geometry,21,21,0,0
p3,48,2938.8929045421473,1.726573970742919,accepted_observation_geometry,21,21,0,0
p3,48,2943.4921033991777,4.4431543616450995,accepted_observation_geometry,21,21,0,0
p3,48,2948.091302256207,7.721785867906348,accepted_observation_geometry,21,21,0,0
p3,48,2952.6905011132367,10.344691072915353,accepted_observation_geometry,21,21,0,0
p3,48,2957.289699970266,12.218194790778924,accepted_observation_geometry,21,21,0,0
p3,48,2961.8888988272956,14.841099995787928,accepted_observation_geometry,21,21,0,0
p3,48,2966.488097684325,15.02845036757428,accepted_observation_geometry,21,21,0,0
p3,48,2971.0872965413546,15.403151111146997,accepted_observation_geometry,21,21,0,0
p3,48,2975.686495398384,15.684176668826538,accepted_observation_geometry,21,21,0,0
p3,48,2980.2856942554135,15.777851854719714,accepted_observation_geometry,21,21,0,0
p3,48,2984.884893112444,15.684176668826538,accepted_observation_geometry,21,21,0,0
p3,48,2989.4840919694734,15.684176668826538,accepted_observation_geometry,21,21,0,0
p4,0,110.38560746895433,16.339902970078782,accepted_observation_geometry,52,52,0,0
p4,0,114.98480632598393,11.937169233099382,accepted_observation_geometry,52,52,0,0
p4,0,119.58400518301346,9.03323847041085,accepted_observation_geometry,52,52,0,0
p4,0,124.18320404004305,5.379906220576885,accepted_observation_geometry,52,52,0,0
p4,0,128.78240289707264,5.0988806628973435,accepted_observation_geometry,52,52,0,0
p4,0,133.38160175410223,6.31665807950867,accepted_observation_geometry,52,52,0,0
p4,0,137.98080061113183,9.03323847041085,accepted_observation_geometry,52,52,0,0
p4,0,142.57999946816142,9.501614399876743,accepted_observation_geometry,52,52,0,0
p4,0,147.17919832519095,9.595289585769919,accepted_observation_geometry,52,52,0,0
p4,0,151.77839718222054,6.129307707722305,accepted_observation_geometry,52,52,0,0
p4,0,156.37759603925014,3.3190521309269485,accepted_observation_geometry,52,52,0,0
p4,0,160.97679489627973,2.5696506437815287,accepted_observation_geometry,52,52,0,0
p4,0,165.57599375330932,4.911530291110992,accepted_observation_geometry,52,52,0,0
p4,0,170.1751926103389,7.815461053799524,accepted_observation_geometry,52,52,0,0
p4,0,174.77439146736845,9.407939213983568,accepted_observation_geometry,52,52,0,0
p4,0,179.37359032439804,12.218194790778924,accepted_observation_geometry,52,52,0,0
p4,0,183.97278918142763,12.967596277924358,accepted_observation_geometry,52,52,0,0
p4,0,188.57198803845722,12.218194790778924,accepted_observation_geometry,52,52,0,0
p4,0,193.1711868954868,11.749818861313031,accepted_observation_geometry,52,52,0,0
p4,0,197.7703857525164,8.471187355051782,accepted_observation_geometry,52,52,0,0
p4,0,202.369584609546,9.87631514344946,accepted_observation_geometry,52,52,0,0
p4,0,206.9687834665756,10.532041444701704,accepted_observation_geometry,52,52,0,0
p4,0,211.56798232360518,13.998023322749319,accepted_observation_geometry,52,52,0,0
p4,0,216.16718118063477,14.18537369453567,accepted_observation_geometry,52,52,0,0
p4,0,220.76638003766425,15.215800739360645,accepted_observation_geometry,52,52,0,0
p4,0,225.36557889469384,15.122125553467455,accepted_observation_geometry,52,52,0,0
p4,0,229.96477775172343,11.562468489526665,accepted_observation_geometry,52,52,0,0
p4,0,234.56397660875302,11.281442931847138,accepted_observation_geometry,52,52,0,0
p4,0,239.16317546578261,8.75221291273131,accepted_observation_geometry,52,52,0,0
p4,0,243.7623743228122,8.845888098624485,accepted_observation_geometry,52,52,0,0
p4,0,248.3615731798418,12.218194790778924,accepted_observation_geometry,52,52,0,0
p4,0,252.9607720368714,14.934775181681104,accepted_observation_geometry,52,52,0,0
p4,0,257.559970893901,15.965202226506065,accepted_observation_geometry,52,52,0,0
p4,0,262.1591697509306,19.337508918660504,accepted_observation_geometry,52,52,0,0
p4,0,266.75836860796016,19.61853447634003,accepted_observation_geometry,52,52,0,0
p4,0,271.35756746498976,18.40075705972872,accepted_observation_geometry,52,52,0,0
p4,0,275.95676632201935,18.026056316156,accepted_observation_geometry,52,52,0,0
p4,0,280.5559651790488,17.370330014903743,accepted_observation_geometry,52,52,0,0
p4,0,285.1551640360784,17.55768038669011,accepted_observation_geometry,52,52,0,0
p4,0,289.754362893108,19.993235219912748,accepted_observation_geometry,52,52,0,0
p4,0,294.3535617501376,19.61853447634003,accepted_observation_geometry,52,52,0,0
p4,0,298.9527606071672,16.7146037136515,accepted_observation_geometry,52,52,0,0
p4,0,303.5519594641968,16.15255259829243,accepted_observation_geometry,52,52,0,0
p4,0,308.1511583212264,14.372724066322036,accepted_observation_geometry,52,52,0,0
p4,0,312.75035717825597,12.686570720244816,accepted_observation_geometry,52,52,0,0
p4,0,317.34955603528556,12.124519604885748,accepted_observation_geometry,52,52,0,0
p4,0,321.94875489231515,11.843494047206207,accepted_observation_geometry,52,52,0,0
p4,0,326.54795374934474,8.939563284517675,accepted_observation_geometry,52,52,0,0
p4,0,331.14715260637433,8.75221291273131,accepted_observation_geometry,52,52,0,0
p4,0,335.7463514634039,5.567256592363236,accepted_observation_geometry,52,52,0,0
p4,0,340.3455503204334,5.379906220576885,accepted_observation_geometry,52,52,0,0
p4,0,344.944749177463,5.286231034683709,accepted_observation_geometry,52,52,0,0
p4,1,354.1431468915222,7.440760310226807,accepted_observation_geometry,16,16,0,0
p4,1,358.74234574855177,7.347085124333631,accepted_observation_geometry,16,16,0,0
p4,1,363.34154460558136,6.878709194867739,accepted_observation_geometry,16,16,0,0
p4,1,367.94074346261095,6.504008451295022,accepted_observation_geometry,16,16,0,0
p4,1,372.53994231964055,8.283836983265417,accepted_observation_geometry,16,16,0,0
p4,1,377.13914117667014,8.75221291273131,accepted_observation_geometry,16,16,0,0
p4,1,381.7383400336997,10.532041444701704,accepted_observation_geometry,16,16,0,0
p4,1,386.3375388907293,12.405545162565275,accepted_observation_geometry,16,16,0,0
p4,1,390.9367377477589,12.780245906137992,accepted_observation_geometry,16,16,0,0
p4,1,395.5359366047885,15.309475925253821,accepted_observation_geometry,16,16,0,0
p4,1,400.135135461818,15.403151111146997,accepted_observation_geometry,16,16,0,0
p4,1,404.7343343188476,15.777851854719714,accepted_observation_geometry,16,16,0,0
p4,1,409.33353317587716,15.965202226506065,accepted_observation_geometry,16,16,0,0
p4,1,413.93273203290676,15.87152704061289,accepted_observation_geometry,16,16,0,0
p4,1,418.53193088993635,15.87152704061289,accepted_observation_geometry,16,16,0,0
p4,1,423.13112974696594,15.87152704061289,accepted_observation_geometry,16,16,0,0
p4,2,432.3295274610251,15.122125553467455,accepted_observation_geometry,16,16,0,0
p4,2,436.9287263180547,14.934775181681104,accepted_observation_geometry,16,16,0,0
p4,2,441.5279251750843,14.653749624001563,accepted_observation_geometry,16,16,0,0
p4,2,446.1271240321139,14.372724066322036,accepted_observation_geometry,16,16,0,0
p4,2,450.7263228891435,14.279048880428846,accepted_observation_geometry,16,16,0,0
p4,2,455.32552174617297,14.279048880428846,accepted_observation_geometry,16,16,0,0
p4,2,459.92472060320256,11.937169233099382,accepted_observation_geometry,16,16,0,0
p4,2,464.52391946023215,9.969990329342636,accepted_observation_geometry,16,16,0,0
p4,2,469.12311831726174,7.534435496119997,accepted_observation_geometry,16,16,0,0
p4,2,473.72231717429133,8.190161797372241,accepted_observation_geometry,16,16,0,0
p4,2,478.3215160313209,9.126913656304026,accepted_observation_geometry,16,16,0,0
p4,2,482.9207148883505,11.094092560060773,accepted_observation_geometry,16,16,0,0
p4,2,487.5199137453801,10.62571663059488,accepted_observation_geometry,16,16,0,0
p4,2,492.1191126024097,10.71939181648807,accepted_observation_geometry,16,16,0,0
p4,2,496.7183114594393,13.529647393283426,accepted_observation_geometry,16,16,0,0
p4,2,501.3175103164689,13.810672950962953,accepted_observation_geometry,16,16,0,0
p4,3,510.51590803052807,16.995629271331026,accepted_observation_geometry,10,10,0,0
p4,3,515.1151068875575,17.74503075847646,accepted_observation_geometry,10,10,0,0
p4,3,519.7143057445871,21.02366226473771,accepted_observation_geometry,10,10,0,0
p4,3,524.3135046016167,24.208618585105782,accepted_observation_geometry,10,10,0,0
p4,3,528.9127034586463,25.239045629930757,accepted_observation_geometry,10,10,0,0
p4,3,533.5119023156759,28.14297639261929,accepted_observation_geometry,10,10,0,0
p4,3,538.1111011727055,28.705027507978365,accepted_observation_geometry,10,10,0,0
p4,3,542.7103000297351,31.421607898880545,accepted_observation_geometry,10,10,0,0
p4,3,547.3094988867647,31.796308642453255,accepted_observation_geometry,10,10,0,0
p4,3,551.9086977437943,32.35835975781233,accepted_observation_geometry,10,10,0,0
p4,4,565.706294314883,31.046907155307828,accepted_observation_geometry,11,11,0,0
p4,4,570.3054931719126,30.953231969414652,accepted_observation_geometry,11,11,0,0
p4,4,574.9046920289421,30.48485603994876,accepted_observation_geometry,11,11,0,0
p4,4,579.5038908859717,30.01648011048286,accepted_observation_geometry,11,11,0,0
p4,4,584.1030897430013,29.735454552803326,accepted_observation_geometry,11,11,0,0
p4,4,588.7022886000309,30.01648011048286,accepted_observation_geometry,11,11,0,0
p4,4,593.3014874570605,30.48485603994876,accepted_observation_geometry,11,11,0,0
p4,4,597.9006863140901,33.57613717442365,accepted_observation_geometry,11,11,0,0
p4,4,602.4998851711197,34.138188289782725,accepted_observation_geometry,11,11,0,0
p4,4,607.0990840281493,34.512889033355435,accepted_observation_geometry,11,11,0,0
p4,4,611.6982828851789,34.512889033355435,accepted_observation_geometry,11,11,0,0
p4,5,620.896680599238,32.26468457191915,accepted_observation_geometry,6,6,0,0
p4,5,625.4958794562676,31.889983828346438,accepted_observation_geometry,6,6,0,0
p4,5,630.0950783132972,30.20383048226922,accepted_observation_geometry,6,6,0,0
p4,5,634.6942771703267,28.517677136192006,accepted_observation_geometry,6,6,0,0
p4,5,639.2934760273563,28.049301206726113,accepted_observation_geometry,6,6,0,0
p4,5,643.8926748843859,27.58092527726022,accepted_observation_geometry,6,6,0,0
p4,6,653.0910725984451,25.520071187610284,accepted_observation_geometry,9,9,0,0
p4,6,657.6902714554747,24.86434488635804,accepted_observation_geometry,9,9,0,0
p4,6,662.2894703125042,24.395968956892148,accepted_observation_geometry,9,9,0,0
p4,6,666.8886691695338,21.211012636524075,accepted_observation_geometry,9,9,0,0
p4,6,671.4878680265634,21.1173374506309,accepted_observation_geometry,9,9,0,0
p4,6,676.087066883593,23.271866726173997,accepted_observation_geometry,9,9,0,0
p4,6,680.6862657406226,23.646567469746714,accepted_observation_geometry,9,9,0,0
p4,6,685.2854645976522,26.831523790114787,accepted_observation_geometry,9,9,0,0
p4,6,689.8846634546817,27.018874161901145,accepted_observation_geometry,9,9,0,0
p4,7,717.4798565968592,25.801096745289826,accepted_observation_geometry,6,6,0,0
p4,7,722.0790554538887,25.05169525814439,accepted_observation_geometry,6,6,0,0
p4,7,726.6782543109184,22.054089309562684,accepted_observation_geometry,6,6,0,0
p4,7,731.2774531679479,21.211012636524075,accepted_observation_geometry,6,6,0,0
p4,7,735.8766520249776,21.679388565989967,accepted_observation_geometry,6,6,0,0
p4,7,740.4758508820071,22.14776449545586,accepted_observation_geometry,6,6,0,0
p4,8,754.273447453096,23.365541912067187,accepted_observation_geometry,4,4,0,0
p4,8,758.8726463101254,23.552892283853538,accepted_observation_geometry,4,4,0,0
p4,8,763.4718451671552,23.271866726173997,accepted_observation_geometry,4,4,0,0
p4,8,768.0710440241846,22.89716598260128,accepted_observation_geometry,4,4,0,0
p4,9,781.8686405952733,22.522465239028577,accepted_observation_geometry,5,5,0,0
p4,9,786.467839452303,23.084516354387645,accepted_observation_geometry,5,5,0,0
p4,9,791.0670383093325,23.459217097960362,accepted_observation_geometry,5,5,0,0
p4,9,795.6662371663622,26.831523790114787,accepted_observation_geometry,5,5,0,0
p4,9,800.2654360233917,26.925198976007962,accepted_observation_geometry,5,5,0,0
p4,10,818.66223145151,29.922804924589684,accepted_observation_geometry,12,12,0,0
p4,10,823.2614303085397,30.110155296376043,accepted_observation_geometry,12,12,0,0
p4,10,827.8606291655692,33.20143643085094,accepted_observation_geometry,12,12,0,0
p4,10,832.4598280225989,32.9204108731714,accepted_observation_geometry,12,12,0,0
p4,10,837.0590268796284,32.54571012959869,accepted_observation_geometry,12,12,0,0
p4,10,841.6582257366579,29.45442899512379,accepted_observation_geometry,12,12,0,0
p4,10,846.2574245936876,26.55049823243526,accepted_observation_geometry,12,12,0,0
p4,10,850.856623450717,23.927593027426255,accepted_observation_geometry,12,12,0,0
p4,10,855.4558223077468,21.773063751883143,accepted_observation_geometry,12,12,0,0
p4,10,860.0550211647762,19.056483360980963,accepted_observation_geometry,12,12,0,0
p4,10,864.6542200218059,19.43118410455368,accepted_observation_geometry,12,12,0,0
p4,10,869.2534188788354,19.805884848126396,accepted_observation_geometry,12,12,0,0
p4,11,878.4518165928946,19.524859290446855,accepted_observation_geometry,57,57,0,0
p4,11,883.0510154499243,19.056483360980963,accepted_observation_geometry,57,57,0,0
p4,11,887.6502143069538,15.777851854719714,accepted_observation_geometry,57,57,0,0
p4,11,892.2494131639835,15.590501482933348,accepted_observation_geometry,57,57,0,0
p4,11,896.848612021013,17.089304457224216,accepted_observation_geometry,57,57,0,0
p4,11,901.4478108780424,17.370330014903743,accepted_observation_geometry,57,57,0,0
p4,11,906.0470097350722,20.742636707058182,accepted_observation_geometry,57,57,0,0
p4,11,910.6462085921016,31.327932712987362,accepted_observation_geometry,57,57,0,0
p4,11,915.2454074491313,43.505706879100586,accepted_observation_geometry,57,57,0,0
p4,11,919.8446063061608,46.97168875714819,accepted_observation_geometry,57,57,0,0
p4,11,924.4438051631905,42.94365576374152,accepted_observation_geometry,57,57,0,0
p4,11,929.04300402022,36.573743123005364,accepted_observation_geometry,57,57,0,0
p4,11,933.6422028772497,25.520071187610284,accepted_observation_geometry,57,57,0,0
p4,11,938.2414017342792,24.676994514571675,accepted_observation_geometry,57,57,0,0
p4,11,942.8406005913089,22.616140424921753,accepted_observation_geometry,57,57,0,0
p4,11,947.4397994483384,22.428790053135387,accepted_observation_geometry,57,57,0,0
p4,11,952.0389983053681,21.773063751883143,accepted_observation_geometry,57,57,0,0
p4,11,956.6381971623975,21.4920381942036,accepted_observation_geometry,57,57,0,0
p4,11,961.237396019427,18.40075705972872,accepted_observation_geometry,57,57,0,0
p4,11,965.8365948764567,18.213406687942353,accepted_observation_geometry,57,57,0,0
p4,11,970.4357937334862,15.403151111146997,accepted_observation_geometry,57,57,0,0
p4,11,975.0349925905159,14.747424809894738,accepted_observation_geometry,57,57,0,0
p4,11,979.6341914475454,14.372724066322036,accepted_observation_geometry,57,57,0,0
p4,11,984.2333903045751,13.810672950962953,accepted_observation_geometry,57,57,0,0
p4,11,988.8325891616046,11.000417374167597,accepted_observation_geometry,57,57,0,0
p4,11,993.4317880186343,10.906742188274421,accepted_observation_geometry,57,57,0,0
p4,11,998.0309868756638,7.721785867906348,accepted_observation_geometry,57,57,0,0
p4,11,1002.6301857326935,7.721785867906348,accepted_observation_geometry,57,57,0,0
p4,11,1007.2293845897229,10.906742188274421,accepted_observation_geometry,57,57,0,0
p4,11,1011.8285834467526,11.375118117740314,accepted_observation_geometry,57,57,0,0
p4,11,1016.4277823037821,14.653749624001563,accepted_observation_geometry,57,57,0,0
p4,11,1021.0269811608116,17.370330014903743,accepted_observation_geometry,57,57,0,0
p4,11,1025.6261800178413,18.30708187383553,accepted_observation_geometry,57,57,0,0
p4,11,1030.2253788748708,18.962808175087787,accepted_observation_geometry,57,57,0,0
p4,11,1034.8245777319005,21.398363008310426,accepted_observation_geometry,57,57,0,0
p4,11,1039.42377658893,21.679388565989967,accepted_observation_geometry,57,57,0,0
p4,11,1044.0229754459597,21.960414123669494,accepted_observation_geometry,57,57,0,0
p4,11,1048.6221743029892,21.86673893777632,accepted_observation_geometry,57,57,0,0
p4,11,1053.2213731600189,21.773063751883143,accepted_observation_geometry,57,57,0,0
p4,11,1057.8205720170483,19.899560034019572,accepted_observation_geometry,57,57,0,0
p4,11,1062.419770874078,19.805884848126396,accepted_observation_geometry,57,57,0,0
p4,11,1067.0189697311075,19.43118410455368,accepted_observation_geometry,57,57,0,0
p4,11,1071.6181685881372,18.962808175087787,accepted_observation_geometry,57,57,0,0
p4,11,1076.2173674451667,18.58810743151507,accepted_observation_geometry,57,57,0,0
p4,11,1080.8165663021962,15.496826297040172,accepted_observation_geometry,57,57,0,0
p4,11,1085.4157651592259,15.215800739360645,accepted_observation_geometry,57,57,0,0
p4,11,1090.0149640162554,12.030844418992558,accepted_observation_geometry,57,57,0,0
p4,11,1094.614162873285,11.562468489526665,accepted_observation_geometry,57,57,0,0
p4,11,1099.2133617303145,11.187767745953963,accepted_observation_geometry,57,57,0,0
p4,11,1103.8125605873443,12.780245906137992,accepted_observation_geometry,57,57,0,0
p4,11,1108.4117594443737,12.967596277924358,accepted_observation_geometry,57,57,0,0
p4,11,1113.0109583014034,16.433578155971958,accepted_observation_geometry,57,57,0,0
p4,11,1117.610157158433,17.089304457224216,accepted_observation_geometry,57,57,0,0
p4,11,1122.2093560154626,19.899560034019572,accepted_observation_geometry,57,57,0,0
p4,11,1126.808554872492,20.367935963485465,accepted_observation_geometry,57,57,0,0
p4,11,1131.4077537295218,20.648961521165006,accepted_observation_geometry,57,57,0,0
p4,11,1136.0069525865513,20.836311892951358,accepted_observation_geometry,57,57,0,0
p4,12,1149.80454915764,21.960414123669494,accepted_observation_geometry,8,8,0,0
p4,12,1154.4037480146696,22.522465239028577,accepted_observation_geometry,8,8,0,0
p4,12,1159.0029468716991,22.89716598260128,accepted_observation_geometry,8,8,0,0
p4,12,1163.6021457287288,25.520071187610284,accepted_observation_geometry,8,8,0,0
p4,12,1168.2013445857583,25.70742155939665,accepted_observation_geometry,8,8,0,0
p4,12,1172.800543442788,26.082122302969367,accepted_observation_geometry,8,8,0,0
p4,12,1177.3997422998175,25.894771931183,accepted_observation_geometry,8,8,0,0
p4,12,1181.9989411568472,25.70742155939665,accepted_observation_geometry,8,8,0,0
p4,13,1191.1973388709062,22.70981561081493,accepted_observation_geometry,6,6,0,0
p4,13,1195.7965377279359,21.960414123669494,accepted_observation_geometry,6,6,0,0
p4,13,1200.3957365849653,18.962808175087787,accepted_observation_geometry,6,6,0,0
p4,13,1204.994935441995,16.246227784185606,accepted_observation_geometry,6,6,0,0
p4,13,1209.5941342990245,15.777851854719714,accepted_observation_geometry,6,6,0,0
p4,13,1214.1933331560542,15.777851854719714,accepted_observation_geometry,6,6,0,0
p4,14,1227.9909297271429,17.089304457224216,accepted_observation_geometry,46,46,0,0
p4,14,1232.5901285841726,16.90195408543785,accepted_observation_geometry,46,46,0,0
p4,14,1237.189327441202,16.246227784185606,accepted_observation_geometry,46,46,0,0
p4,14,1241.7885262982318,15.965202226506065,accepted_observation_geometry,46,46,0,0
p4,14,1246.3877251552613,12.59289553435164,accepted_observation_geometry,46,46,0,0
p4,14,1250.9869240122907,9.595289585769919,accepted_observation_geometry,46,46,0,0
p4,14,1255.5861228693204,5.379906220576885,accepted_observation_geometry,46,46,0,0
p4,14,1260.18532172635,3.506402502713314,accepted_observation_geometry,46,46,0,0
p4,14,1264.7845205833796,7.9091362396927,accepted_observation_geometry,46,46,0,0
p4,14,1269.383719440409,10.71939181648807,accepted_observation_geometry,46,46,0,0
p4,14,1273.9829182974388,14.841099995787928,accepted_observation_geometry,46,46,0,0
p4,14,1278.5821171544683,15.215800739360645,accepted_observation_geometry,46,46,0,0
p4,14,1283.181316011498,17.089304457224216,accepted_observation_geometry,46,46,0,0
p4,14,1287.7805148685275,18.962808175087787,accepted_observation_geometry,46,46,0,0
p4,14,1292.3797137255572,19.337508918660504,accepted_observation_geometry,46,46,0,0
p4,14,1296.9789125825866,22.14776449545586,accepted_observation_geometry,46,46,0,0
p4,14,1301.5781114396164,21.773063751883143,accepted_observation_geometry,46,46,0,0
p4,14,1306.1773102966458,18.681782617408246,accepted_observation_geometry,46,46,0,0
p4,14,1310.7765091536753,18.77545780330142,accepted_observation_geometry,46,46,0,0
p4,14,1315.375708010705,19.899560034019572,accepted_observation_geometry,46,46,0,0
p4,14,1319.9749068677345,20.742636707058182,accepted_observation_geometry,46,46,0,0
p4,14,1324.5741057247642,23.646567469746714,accepted_observation_geometry,46,46,0,0
p4,14,1329.1733045817937,24.02126821331943,accepted_observation_geometry,46,46,0,0
p4,14,1333.7725034388234,23.646567469746714,accepted_observation_geometry,46,46,0,0
p4,14,1338.3717022958529,20.46161114937864,accepted_observation_geometry,46,46,0,0
p4,14,1342.9709011528826,19.899560034019572,accepted_observation_geometry,46,46,0,0
p4,14,1347.570100009912,17.089304457224216,accepted_observation_geometry,46,46,0,0
p4,14,1352.1692988669417,17.089304457224216,accepted_observation_geometry,46,46,0,0
p4,14,1356.7684977239712,17.089304457224216,accepted_observation_geometry,46,46,0,0
p4,14,1361.367696581001,15.590501482933348,accepted_observation_geometry,46,46,0,0
p4,14,1365.9668954380304,13.716997765069777,accepted_observation_geometry,46,46,0,0
p4,14,1370.5660942950599,10.344691072915353,accepted_observation_geometry,46,46,0,0
p4,14,1375.1652931520896,9.688964771663095,accepted_observation_geometry,46,46,0,0
p4,14,1379.764492009119,6.410333265401846,accepted_observation_geometry,46,46,0,0
p4,14,1384.3636908661488,5.941957335935953,accepted_observation_geometry,46,46,0,0
p4,14,1388.9628897231783,4.0684536180723825,accepted_observation_geometry,46,46,0,0
p4,14,1393.562088580208,4.255803989858734,accepted_observation_geometry,46,46,0,0
p4,14,1398.1612874372374,8.00281142558589,accepted_observation_geometry,46,46,0,0
p4,14,1402.7604862942671,11.46879330363349,accepted_observation_geometry,46,46,0,0
p4,14,1407.3596851512966,15.122125553467455,accepted_observation_geometry,46,46,0,0
p4,14,1411.9588840083263,18.77545780330142,accepted_observation_geometry,46,46,0,0
p4,14,1416.5580828653558,21.679388565989967,accepted_observation_geometry,46,46,0,0
p4,14,1421.1572817223855,22.428790053135387,accepted_observation_geometry,46,46,0,0
p4,14,1425.756480579415,23.271866726173997,accepted_observation_geometry,46,46,0,0
p4,14,1430.3556794364445,25.988447117076177,accepted_observation_geometry,46,46,0,0
p4,14,1434.9548782934742,26.55049823243526,accepted_observation_geometry,46,46,0,0
p4,15,1444.1532760075333,25.988447117076177,accepted_observation_geometry,3,3,0,0
p4,15,1448.7524748645628,25.61374637350346,accepted_observation_geometry,3,3,0,0
p4,15,1453.3516737215925,25.145370444037567,accepted_observation_geometry,3,3,0,0
p4,16,1467.1492702926812,25.520071187610284,accepted_observation_geometry,9,9,0,0
p4,16,1471.748469149711,25.145370444037567,accepted_observation_geometry,9,9,0,0
p4,16,1476.3476680067404,24.770669700464865,accepted_observation_geometry,9,9,0,0
p4,16,1480.94686686377,22.241439681349036,accepted_observation_geometry,9,9,0,0
p4,16,1485.5460657207996,21.679388565989967,accepted_observation_geometry,9,9,0,0
p4,16,1490.145264577829,21.30468782241725,accepted_observation_geometry,9,9,0,0
p4,16,1494.7444634348587,18.30708187383553,accepted_observation_geometry,9,9,0,0
p4,16,1499.3436622918882,17.932381130262826,accepted_observation_geometry,9,9,0,0
p4,16,1503.942861148918,17.370330014903743,accepted_observation_geometry,9,9,0,0
p4,17,1513.141258862977,15.590501482933348,accepted_observation_geometry,13,13,0,0
p4,17,1517.7404577200066,15.496826297040172,accepted_observation_geometry,13,13,0,0
p4,17,1522.3396565770363,15.496826297040172,accepted_observation_geometry,13,13,0,0
p4,17,1526.9388554340658,15.777851854719714,accepted_observation_geometry,13,13,0,0
p4,17,1531.5380542910955,15.777851854719714,accepted_observation_geometry,13,13,0,0
p4,17,1536.137253148125,15.496826297040172,accepted_observation_geometry,13,13,0,0
p4,17,1540.7364520051547,15.403151111146997,accepted_observation_geometry,13,13,0,0
p4,17,1545.3356508621841,13.248621835603885,accepted_observation_geometry,13,13,0,0
p4,17,1549.9348497192136,13.810672950962953,accepted_observation_geometry,13,13,0,0
p4,17,1554.5340485762433,13.998023322749319,accepted_observation_geometry,13,13,0,0
p4,17,1559.1332474332728,17.276654829010567,accepted_observation_geometry,13,13,0,0
p4,17,1563.7324462903025,17.55768038669011,accepted_observation_geometry,13,13,0,0
p4,17,1568.331645147332,18.213406687942353,accepted_observation_geometry,13,13,0,0
p4,18,1577.5300428613912,20.367935963485465,accepted_observation_geometry,29,29,0,0
p4,18,1582.1292417184209,20.367935963485465,accepted_observation_geometry,29,29,0,0
p4,18,1586.7284405754503,20.46161114937864,accepted_observation_geometry,29,29,0,0
p4,18,1591.32763943248,20.648961521165006,accepted_observation_geometry,29,29,0,0
p4,18,1595.9268382895095,20.929987078844533,accepted_observation_geometry,29,29,0,0
p4,18,1600.5260371465392,20.836311892951358,accepted_observation_geometry,29,29,0,0
p4,18,1605.1252360035687,20.555286335271816,accepted_observation_geometry,29,29,0,0
p4,18,1609.7244348605982,18.213406687942353,accepted_observation_geometry,29,29,0,0
p4,18,1614.323633717628,17.74503075847646,accepted_observation_geometry,29,29,0,0
p4,18,1618.9228325746574,17.182979643117392,accepted_observation_geometry,29,29,0,0
p4,18,1623.522031431687,16.995629271331026,accepted_observation_geometry,29,29,0,0
p4,18,1628.1212302887166,18.962808175087787,accepted_observation_geometry,29,29,0,0
p4,18,1632.7204291457463,19.243833732767314,accepted_observation_geometry,29,29,0,0
p4,18,1637.3196280027757,19.61853447634003,accepted_observation_geometry,29,29,0,0
p4,18,1641.9188268598054,20.1805855916991,accepted_observation_geometry,29,29,0,0
p4,18,1646.518025716835,20.27426077759229,accepted_observation_geometry,29,29,0,0
p4,18,1651.1172245738646,23.271866726173997,accepted_observation_geometry,29,29,0,0
p4,18,1655.716423430894,25.239045629930757,accepted_observation_geometry,29,29,0,0
p4,18,1660.3156222879238,26.363147860648894,accepted_observation_geometry,29,29,0,0
p4,18,1664.9148211449533,22.99084116849447,accepted_observation_geometry,29,29,0,0
p4,18,1669.5140200019828,21.4920381942036,accepted_observation_geometry,29,29,0,0
p4,18,1674.1132188590125,19.712209662233207,accepted_observation_geometry,29,29,0,0
p4,18,1678.712417716042,20.1805855916991,accepted_observation_geometry,29,29,0,0
p4,18,1683.3116165730717,22.522465239028577,accepted_observation_geometry,29,29,0,0
p4,18,1687.9108154301011,22.803490796708104,accepted_observation_geometry,29,29,0,0
p4,18,1692.5100142871308,22.99084116849447,accepted_observation_geometry,29,29,0,0
p4,18,1697.1092131441603,23.17819154028082,accepted_observation_geometry,29,29,0,0
p4,18,1701.70841200119,23.17819154028082,accepted_observation_geometry,29,29,0,0
p4,18,1706.3076108582195,23.084516354387645,accepted_observation_geometry,29,29,0,0
p4,19,1724.7044062863376,24.489644142785323,accepted_observation_geometry,10,10,0,0
p4,19,1729.3036051433676,24.489644142785323,accepted_observation_geometry,10,10,0,0
p4,19,1733.902804000397,24.676994514571675,accepted_observation_geometry,10,10,0,0
p4,19,1738.5020028574265,24.770669700464865,accepted_observation_geometry,10,10,0,0
p4,19,1743.101201714456,24.86434488635804,accepted_observation_geometry,10,10,0,0
p4,19,1747.700400571486,24.676994514571675,accepted_observation_geometry,10,10,0,0
p4,19,1752.2995994285154,24.5833193286785,accepted_observation_geometry,10,10,0,0
p4,19,1756.898798285545,21.960414123669494,accepted_observation_geometry,10,10,0,0
p4,19,1761.4979971425744,21.398363008310426,accepted_observation_geometry,10,10,0,0
p4,19,1766.0971959996043,21.1173374506309,accepted_observation_geometry,10,10,0,0
p4,20,1784.4939914277222,19.150158546874138,accepted_observation_geometry,8,8,0,0
p4,20,1789.0931902847522,19.150158546874138,accepted_observation_geometry,8,8,0,0
p4,20,1793.6923891417816,19.337508918660504,accepted_observation_geometry,8,8,0,0
p4,20,1798.291587998811,19.524859290446855,accepted_observation_geometry,8,8,0,0
p4,20,1802.8907868558406,19.43118410455368,accepted_observation_geometry,8,8,0,0
p4,20,1807.4899857128705,16.527253341865134,accepted_observation_geometry,8,8,0,0
p4,20,1812.0891845699,16.246227784185606,accepted_observation_geometry,8,8,0,0
p4,20,1816.6883834269295,15.590501482933348,accepted_observation_geometry,8,8,0,0
p4,21,1825.886781140989,17.089304457224216,accepted_observation_geometry,21,21,0,0
p4,21,1830.4859799980184,24.676994514571675,accepted_observation_geometry,21,21,0,0
p4,21,1835.0851788550478,24.5833193286785,accepted_observation_geometry,21,21,0,0
p4,21,1839.6843777120773,21.211012636524075,accepted_observation_geometry,21,21,0,0
p4,21,1844.2835765691068,13.34229702149706,accepted_observation_geometry,21,21,0,0
p4,21,1848.8827754261367,19.712209662233207,accepted_observation_geometry,21,21,0,0
p4,21,1853.4819742831662,22.14776449545586,accepted_observation_geometry,21,21,0,0
p4,21,1858.0811731401957,18.681782617408246,accepted_observation_geometry,21,21,0,0
p4,21,1862.6803719972252,8.564862540944958,accepted_observation_geometry,21,21,0,0
p4,21,1867.279570854255,4.7241799193246266,accepted_observation_geometry,21,21,0,0
p4,21,1871.8787697112846,4.255803989858734,accepted_observation_geometry,21,21,0,0
p4,21,1876.477968568314,5.005205477004168,accepted_observation_geometry,21,21,0,0
p4,21,1881.0771674253435,5.192555848790519,accepted_observation_geometry,21,21,0,0
p4,21,1885.6763662823735,5.4735814064700605,accepted_observation_geometry,21,21,0,0
p4,21,1890.275565139403,6.129307707722305,accepted_observation_geometry,21,21,0,0
p4,21,1894.8747639964324,6.31665807950867,accepted_observation_geometry,21,21,0,0
p4,21,1899.473962853462,9.501614399876743,accepted_observation_geometry,21,21,0,0
p4,21,1904.0731617104914,11.375118117740314,accepted_observation_geometry,21,21,0,0
p4,21,1908.6723605675213,13.716997765069777,accepted_observation_geometry,21,21,0,0
p4,21,1913.2715594245508,16.808278899544675,accepted_observation_geometry,21,21,0,0
p4,21,1917.8707582815803,17.276654829010567,accepted_observation_geometry,21,21,0,0
p4,22,1936.2675537096986,16.90195408543785,accepted_observation_geometry,11,11,0,0
p4,22,1940.866752566728,16.620928527758323,accepted_observation_geometry,11,11,0,0
p4,22,1945.465951423758,13.248621835603885,accepted_observation_geometry,11,11,0,0
p4,22,1950.0651502807875,13.154946649710709,accepted_observation_geometry,11,11,0,0
p4,22,1954.664349137817,15.215800739360645,accepted_observation_geometry,11,11,0,0
p4,22,1959.2635479948465,15.590501482933348,accepted_observation_geometry,11,11,0,0
p4,22,1963.862746851876,15.215800739360645,accepted_observation_geometry,11,11,0,0
p4,22,1968.461945708906,14.653749624001563,accepted_observation_geometry,11,11,0,0
p4,22,1973.0611445659354,14.18537369453567,accepted_observation_geometry,11,11,0,0
p4,22,1977.6603434229648,14.466399252215211,accepted_observation_geometry,11,11,0,0
p4,22,1982.2595422799943,15.02845036757428,accepted_observation_geometry,11,11,0,0
p4,23,2005.2555365651426,13.248621835603885,accepted_observation_geometry,17,17,0,0
p4,23,2009.854735422172,12.780245906137992,accepted_observation_geometry,17,17,0,0
p4,23,2014.4539342792016,12.3118699766721,accepted_observation_geometry,17,17,0,0
p4,23,2019.053133136231,9.126913656304026,accepted_observation_geometry,17,17,0,0
p4,23,2023.6523319932605,8.377512169158592,accepted_observation_geometry,17,17,0,0
p4,23,2028.2515308502905,5.0988806628973435,accepted_observation_geometry,17,17,0,0
p4,23,2032.85072970732,4.7241799193246266,accepted_observation_geometry,17,17,0,0
p4,23,2037.4499285643494,6.2229828936154945,accepted_observation_geometry,17,17,0,0
p4,23,2042.049127421379,5.754606964149602,accepted_observation_geometry,17,17,0,0
p4,23,2046.6483262784088,5.286231034683709,accepted_observation_geometry,17,17,0,0
p4,23,2051.247525135438,5.8482821500427775,accepted_observation_geometry,17,17,0,0
p4,23,2055.8467239924676,6.035632521829129,accepted_observation_geometry,17,17,0,0
p4,23,2060.445922849497,6.785034008974563,accepted_observation_geometry,17,17,0,0
p4,23,2065.0451217065274,6.410333265401846,accepted_observation_geometry,17,17,0,0
p4,23,2069.644320563557,6.2229828936154945,accepted_observation_geometry,17,17,0,0
p4,23,2074.2435194205864,5.8482821500427775,accepted_observation_geometry,17,17,0,0
p4,23,2078.842718277616,5.754606964149602,accepted_observation_geometry,17,17,0,0
p4,24,2097.2395137057338,4.630504733431451,accepted_observation_geometry,8,8,0,0
p4,24,2101.8387125627632,3.974778432179207,accepted_observation_geometry,8,8,0,0
p4,24,2106.4379114197936,3.131701759140597,accepted_observation_geometry,8,8,0,0
p4,24,2111.037110276823,0.5087965541315924,accepted_observation_geometry,8,8,0,0
p4,24,2115.6363091338526,0.4151213682384167,accepted_observation_geometry,8,8,0,0
p4,24,2120.235507990882,3.225376945033773,accepted_observation_geometry,8,8,0,0
p4,24,2124.8347068479115,5.192555848790519,accepted_observation_geometry,8,8,0,0
p4,24,2129.433905704941,6.972384380760914,accepted_observation_geometry,8,8,0,0
p4,25,2138.632303419,9.969990329342636,accepted_observation_geometry,15,15,0,0
p4,25,2143.2315022760295,10.532041444701704,accepted_observation_geometry,15,15,0,0
p4,25,2147.83070113306,11.187767745953963,accepted_observation_geometry,15,15,0,0
p4,25,2152.4298999900893,13.810672950962953,accepted_observation_geometry,15,15,0,0
p4,25,2157.029098847119,14.18537369453567,accepted_observation_geometry,15,15,0,0
p4,25,2161.6282977041483,13.904348136856143,accepted_observation_geometry,15,15,0,0
p4,25,2166.2274965611778,12.59289553435164,accepted_observation_geometry,15,15,0,0
p4,25,2170.8266954182072,10.71939181648807,accepted_observation_geometry,15,15,0,0
p4,25,2175.4258942752367,8.939563284517675,accepted_observation_geometry,15,15,0,0
p4,25,2180.025093132266,8.283836983265417,accepted_observation_geometry,15,15,0,0
p4,25,2184.6242919892966,5.379906220576885,accepted_observation_geometry,15,15,0,0
p4,25,2189.223490846326,6.2229828936154945,accepted_observation_geometry,15,15,0,0
p4,25,2193.8226897033555,10.438366258808529,accepted_observation_geometry,15,15,0,0
p4,25,2198.421888560385,13.623322579176602,accepted_observation_geometry,15,15,0,0
p4,25,2203.0210874174145,15.02845036757428,accepted_observation_geometry,15,15,0,0
p4,26,2226.017081702563,16.339902970078782,accepted_observation_geometry,6,6,0,0
p4,26,2230.6162805595923,15.777851854719714,accepted_observation_geometry,6,6,0,0
p4,26,2235.2154794166217,15.403151111146997,accepted_observation_geometry,6,6,0,0
p4,26,2239.814678273651,13.061271463817533,accepted_observation_geometry,6,6,0,0
p4,26,2244.4138771306807,13.529647393283426,accepted_observation_geometry,6,6,0,0
p4,26,2249.01307598771,13.998023322749319,accepted_observation_geometry,6,6,0,0
p4,27,2262.8106725587986,11.749818861313031,accepted_observation_geometry,17,17,0,0
p4,27,2267.409871415829,11.375118117740314,accepted_observation_geometry,17,17,0,0
p4,27,2272.0090702728585,8.096486611479065,accepted_observation_geometry,17,17,0,0
p4,27,2276.608269129888,7.6281106820131725,accepted_observation_geometry,17,17,0,0
p4,27,2281.2074679869174,4.34947917575191,accepted_observation_geometry,17,17,0,0
p4,27,2285.806666843947,3.881103246286017,accepted_observation_geometry,17,17,0,0
p4,27,2290.4058657009764,3.506402502713314,accepted_observation_geometry,17,17,0,0
p4,27,2295.005064558006,6.597683637188197,accepted_observation_geometry,17,17,0,0
p4,27,2299.6042634150353,8.564862540944958,accepted_observation_geometry,17,17,0,0
p4,27,2304.2034622720657,9.220588842197202,accepted_observation_geometry,17,17,0,0
p4,27,2308.802661129095,8.283836983265417,accepted_observation_geometry,17,17,0,0
p4,27,2313.4018599861247,10.157340701128987,accepted_observation_geometry,17,17,0,0
p4,27,2318.001058843154,12.3118699766721,accepted_observation_geometry,17,17,0,0
p4,27,2322.6002577001836,15.122125553467455,accepted_observation_geometry,17,17,0,0
p4,27,2327.199456557213,15.496826297040172,accepted_observation_geometry,17,17,0,0
p4,27,2331.7986554142426,15.965202226506065,accepted_observation_geometry,17,17,0,0
p4,27,2336.397854271272,16.246227784185606,accepted_observation_geometry,17,17,0,0
p4,28,2354.794649699391,18.40075705972872,accepted_observation_geometry,20,20,0,0
p4,28,2359.3938485564204,18.58810743151507,accepted_observation_geometry,20,20,0,0
p4,28,2363.99304741345,18.86913298919461,accepted_observation_geometry,20,20,0,0
p4,28,2368.5922462704793,19.056483360980963,accepted_observation_geometry,20,20,0,0
p4,28,2373.191445127509,19.243833732767314,accepted_observation_geometry,20,20,0,0
p4,28,2377.7906439845383,19.43118410455368,accepted_observation_geometry,20,20,0,0
p4,28,2382.3898428415678,19.337508918660504,accepted_observation_geometry,20,20,0,0
p4,28,2386.989041698598,16.620928527758323,accepted_observation_geometry,20,20,0,0
p4,28,2391.5882405556276,15.496826297040172,accepted_observation_geometry,20,20,0,0
p4,28,2396.187439412657,12.218194790778924,accepted_observation_geometry,20,20,0,0
p4,28,2400.7866382696866,11.094092560060773,accepted_observation_geometry,20,20,0,0
p4,28,2405.385837126716,13.810672950962953,accepted_observation_geometry,20,20,0,0
p4,28,2409.9850359837455,16.433578155971958,accepted_observation_geometry,20,20,0,0
p4,28,2414.584234840775,19.337508918660504,accepted_observation_geometry,20,20,0,0
p4,28,2419.1834336978045,22.054089309562684,accepted_observation_geometry,20,20,0,0
p4,28,2423.782632554835,22.33511486724221,accepted_observation_geometry,20,20,0,0
p4,28,2428.3818314118644,22.616140424921753,accepted_observation_geometry,20,20,0,0
p4,28,2432.981030268894,22.522465239028577,accepted_observation_geometry,20,20,0,0
p4,28,2437.5802291259233,22.241439681349036,accepted_observation_geometry,20,20,0,0
p4,28,2442.179427982953,22.14776449545586,accepted_observation_geometry,20,20,0,0
p4,29,2460.5762234110707,20.836311892951358,accepted_observation_geometry,11,11,0,0
p4,29,2465.175422268101,20.648961521165006,accepted_observation_geometry,11,11,0,0
p4,29,2469.7746211251306,19.899560034019572,accepted_observation_geometry,11,11,0,0
p4,29,2474.37381998216,19.712209662233207,accepted_observation_geometry,11,11,0,0
p4,29,2478.9730188391895,17.182979643117392,accepted_observation_geometry,11,11,0,0
p4,29,2483.572217696219,16.995629271331026,accepted_observation_geometry,11,11,0,0
p4,29,2488.1714165532485,16.433578155971958,accepted_observation_geometry,11,11,0,0
p4,29,2492.770615410278,15.965202226506065,accepted_observation_geometry,11,11,0,0
p4,29,2497.3698142673074,13.061271463817533,accepted_observation_geometry,11,11,0,0
p4,29,2501.969013124337,12.686570720244816,accepted_observation_geometry,11,11,0,0
p4,29,2506.5682119813673,12.124519604885748,accepted_observation_geometry,11,11,0,0
p4,30,2524.965007409485,10.157340701128987,accepted_observation_geometry,7,7,0,0
p4,30,2529.5642062665147,10.063665515235812,accepted_observation_geometry,7,7,0,0
p4,30,2534.163405123544,10.251015887022177,accepted_observation_geometry,7,7,0,0
p4,30,2538.7626039805737,10.813067002381246,accepted_observation_geometry,7,7,0,0
p4,30,2543.361802837604,11.46879330363349,accepted_observation_geometry,7,7,0,0
p4,30,2547.9610016946335,14.279048880428846,accepted_observation_geometry,7,7,0,0
p4,30,2552.560200551663,14.653749624001563,accepted_observation_geometry,7,7,0,0
p4,31,2561.758598265722,17.089304457224216,accepted_observation_geometry,8,8,0,0
p4,31,2566.3577971227514,17.55768038669011,accepted_observation_geometry,8,8,0,0
p4,31,2570.956995979781,17.74503075847646,accepted_observation_geometry,8,8,0,0
p4,31,2575.5561948368104,17.74503075847646,accepted_observation_geometry,8,8,0,0
p4,31,2580.15539369384,17.651355572583284,accepted_observation_geometry,8,8,0,0
p4,31,2584.7545925508703,14.934775181681104,accepted_observation_geometry,8,8,0,0
p4,31,2589.3537914078997,14.653749624001563,accepted_observation_geometry,8,8,0,0
p4,31,2593.952990264929,14.091698508642494,accepted_observation_geometry,8,8,0,0
p4,32,2607.7505868360176,15.87152704061289,accepted_observation_geometry,5,5,0,0
p4,32,2612.349785693047,15.965202226506065,accepted_observation_geometry,5,5,0,0
p4,32,2616.9489845500766,15.965202226506065,accepted_observation_geometry,5,5,0,0
p4,32,2621.548183407106,15.590501482933348,accepted_observation_geometry,5,5,0,0
p4,32,2626.1473822641365,15.215800739360645,accepted_observation_geometry,5,5,0,0
p4,33,2644.5441776922544,14.18537369453567,accepted_observation_geometry,7,7,0,0
p4,33,2649.143376549284,13.998023322749319,accepted_observation_geometry,7,7,0,0
p4,33,2653.7425754063133,13.810672950962953,accepted_observation_geometry,7,7,0,0
p4,33,2658.341774263343,10.438366258808529,accepted_observation_geometry,7,7,0,0
p4,33,2662.9409731203723,9.688964771663095,accepted_observation_geometry,7,7,0,0
p4,33,2667.5401719774027,6.785034008974563,accepted_observation_geometry,7,7,0,0
p4,33,2672.139370834432,6.129307707722305,accepted_observation_geometry,7,7,0,0
p4,34,2681.337768548491,6.972384380760914,accepted_observation_geometry,7,7,0,0
p4,34,2685.9369674055206,7.253409938440456,accepted_observation_geometry,7,7,0,0
p4,34,2690.53616626255,9.969990329342636,accepted_observation_geometry,7,7,0,0
p4,34,2695.1353651195795,9.969990329342636,accepted_observation_geometry,7,7,0,0
p4,34,2699.734563976609,10.063665515235812,accepted_observation_geometry,7,7,0,0
p4,34,2704.3337628336394,10.344691072915353,accepted_observation_geometry,7,7,0,0
p4,34,2708.932961690669,10.62571663059488,accepted_observation_geometry,7,7,0,0
p4,35,2722.7305582617573,12.967596277924358,accepted_observation_geometry,12,12,0,0
p4,35,2727.329757118787,13.34229702149706,accepted_observation_geometry,12,12,0,0
p4,35,2731.9289559758163,13.34229702149706,accepted_observation_geometry,12,12,0,0
p4,35,2736.5281548328458,13.154946649710709,accepted_observation_geometry,12,12,0,0
p4,35,2741.1273536898752,14.747424809894738,accepted_observation_geometry,12,12,0,0
p4,35,2745.7265525469056,15.122125553467455,accepted_observation_geometry,12,12,0,0
p4,35,2750.325751403935,15.309475925253821,accepted_observation_geometry,12,12,0,0
p4,35,2754.9249502609646,13.43597220739025,accepted_observation_geometry,12,12,0,0
p4,35,2759.524149117994,14.279048880428846,accepted_observation_geometry,12,12,0,0
p4,35,2764.1233479750235,18.86913298919461,accepted_observation_geometry,12,12,0,0
p4,35,2768.722546832053,20.46161114937864,accepted_observation_geometry,12,12,0,0
p4,35,2773.3217456890825,15.965202226506065,accepted_observation_geometry,12,12,0,0
p4,36,2782.5201434031414,12.405545162565275,accepted_observation_geometry,4,4,0,0
p4,36,2787.119342260172,12.030844418992558,accepted_observation_geometry,4,4,0,0
p4,36,2791.7185411172013,11.187767745953963,accepted_observation_geometry,4,4,0,0
p4,36,2796.317739974231,11.562468489526665,accepted_observation_geometry,4,4,0,0
p4,37,2805.5161376882897,13.998023322749319,accepted_observation_geometry,4,4,0,0
p4,37,2810.115336545319,13.810672950962953,accepted_observation_geometry,4,4,0,0
p4,37,2814.7145354023487,13.34229702149706,accepted_observation_geometry,4,4,0,0
p4,37,2819.313734259378,12.967596277924358,accepted_observation_geometry,4,4,0,0
p4,38,2833.1113308304675,9.87631514344946,accepted_observation_geometry,9,9,0,0
p4,38,2837.710529687497,9.782639957556285,accepted_observation_geometry,9,9,0,0
p4,38,2842.3097285445265,6.597683637188197,accepted_observation_geometry,9,9,0,0
p4,38,2846.908927401556,6.2229828936154945,accepted_observation_geometry,9,9,0,0
p4,38,2851.5081262585854,5.660931778256412,accepted_observation_geometry,9,9,0,0
p4,38,2856.107325115615,3.225376945033773,accepted_observation_geometry,9,9,0,0
p4,38,2860.7065239726444,2.850676201461056,accepted_observation_geometry,9,9,0,0
p4,38,2865.305722829675,2.2886250861019874,accepted_observation_geometry,9,9,0,0
p4,38,2869.9049216867043,1.9139243425292705,accepted_observation_geometry,9,9,0,0
p4,39,2879.103319400763,3.412727316820124,accepted_observation_geometry,9,9,0,0
p4,39,2883.7025182577927,3.506402502713314,accepted_observation_geometry,9,9,0,0
p4,39,2888.301717114822,6.785034008974563,accepted_observation_geometry,9,9,0,0
p4,39,2892.9009159718516,7.253409938440456,accepted_observation_geometry,9,9,0,0
p4,39,2897.500114828881,7.721785867906348,accepted_observation_geometry,9,9,0,0
p4,39,2902.0993136859106,7.15973475254728,accepted_observation_geometry,9,9,0,0
p4,39,2906.698512542941,6.691358823081387,accepted_observation_geometry,9,9,0,0
p4,39,2911.2977113999705,6.504008451295022,accepted_observation_geometry,9,9,0,0
p4,39,2915.896910257,6.691358823081387,accepted_observation_geometry,9,9,0,0
p4,40,2925.095307971059,8.845888098624485,accepted_observation_geometry,5,5,0,0
p4,40,2929.6945068280884,8.939563284517675,accepted_observation_geometry,5,5,0,0
p4,40,2934.293705685118,8.75221291273131,accepted_observation_geometry,5,5,0,0
p4,40,2938.8929045421473,8.283836983265417,accepted_observation_geometry,5,5,0,0
p4,40,2943.4921033991777,8.00281142558589,accepted_observation_geometry,5,5,0,0
p4,41,2957.289699970266,7.721785867906348,accepted_observation_geometry,3,3,0,0
p4,41,2961.8888988272956,7.15973475254728,accepted_observation_geometry,3,3,0,0
p4,41,2966.488097684325,6.785034008974563,accepted_observation_geometry,3,3,0,0
p4,42,2994.083290826503,4.911530291110992,accepted_observation_geometry,1,1,0,0
