series,x,y,x_uncertainty,y_uncertainty,pixel_x,pixel_y,pixel_radius,pixel_half_height,center_localization_half_width_px,support_pixels,angular_half_width_deg,evidence_status,segment_break,status,candidate_id,reviewed_by,review_decision,review_reason,evidence_segment_break,curve_topology,curve_segment,curve_order,data_id,data_provenance,topology_provenance
sound-pressure-level-directivity,0.0,63.00480282791879,0.5,0.078916195550498,150.0,322.0,177.00282483621552,2.005586417832049,0.5,21,0.75,visible_pixel_support,True,visible_candidate,polar_line-sound-pressure-level-directivity-000001,example-reviewer,accepted,,True,continuous,0,0,curve-sound-pressure-level-directivity-000001,reviewed_visible_observation,confirmed_continuous_curve
sound-pressure-level-directivity,1.0,62.853697859577714,0.5,0.078916195550498,151.0,319.0,176.0454486773231,1.9994836044668176,0.5,21,0.75,visible_pixel_support,False,visible_candidate,polar_line-sound-pressure-level-directivity-000002,example-reviewer,accepted,,False,continuous,0,1,curve-sound-pressure-level-directivity-000002,reviewed_visible_observation,confirmed_continuous_curve
sound-pressure-level-directivity,2.0,62.7175379125991,0.5,0.0789161955504909,152.0,315.0,175.18276170902203,2.430032914538401,0.5,22,0.75,visible_pixel_support,False,visible_candidate,polar_line-sound-pressure-level-directivity-000003,example-reviewer,accepted,,False,continuous,0,2,curve-sound-pressure-level-directivity-000003,reviewed_visible_observation,confirmed_continuous_curve
sound-pressure-level-directivity,3.0,62.7175379125991,0.5,0.0789161955504909,152.0,315.0,175.18276170902203,1.997913202255745,0.5,21,0.75,visible_pixel_support,False,visible_candidate,polar_line-sound-pressure-level-directivity-000004,example-reviewer,accepted,,False,continuous,0,3,curve-sound-pressure-level-directivity-000004,reviewed_visible_observation,confirmed_continuous_curve
sound-pressure-level-directivity,4.0,62.60740162767112,0.5,0.078916195550498,153.0,310.0,174.4849563716024,1.9944405541854167,0.5,21,0.75,visible_pixel_support,False,visible_candidate,polar_line-sound-pressure-level-directivity-000005,example-reviewer,accepted,,False,continuous,0,4,curve-sound-pressure-level-directivity-000005,reviewed_visible_observation,confirmed_continuous_curve
sound-pressure-level-directivity,5.0,62.504541794991816,0.5,0.078916195550498,154.0,306.0,173.83325343558406,1.990411927056229,0.5,20,0.75,visible_pixel_support,False,visible_candidate,polar_line-sound-pressure-level-directivity-000006,example-reviewer,accepted,,False,continuous,0,5,curve-sound-pressure-level-directivity-000006,reviewed_visible_observation,confirmed_continuous_curve
sound-pressure-level-directivity,6.0,62.504541794991816,0.5,0.078916195550498,154.0,306.0,173.83325343558406,1.990411927056229,0.5,20,0.75,visible_pixel_support,False,visible_candidate,polar_line-sound-pressure-level-directivity-000007,example-reviewer,accepted,,False,continuous,0,6,curve-sound-pressure-level-directivity-000007,reviewed_visible_observation,confirmed_continuous_curve
sound-pressure-level-directivity,7.0,62.41678399872747,0.5,0.0789161955504909,155.0,302.0,173.27723451163456,1.9852559649108201,0.5,20,0.75,visible_pixel_support,False,visible_candidate,polar_line-sound-pressure-level-directivity-000008,example-reviewer,accepted,,False,continuous,0,7,curve-sound-pressure-level-directivity-000008,reviewed_visible_observation,confirmed_continuous_curve
sound-pressure-level-directivity,8.0,62.367552908295565,0.5,0.0789161955504909,156.0,297.0,172.96531444194238,1.9772720584033578,0.5,20,0.75,visible_pixel_support,False,visible_candidate,polar_line-sound-pressure-level-directivity-000009,example-reviewer,accepted,,False,continuous,0,8,curve-sound-pressure-level-directivity-000009,reviewed_visible_observation,confirmed_continuous_curve
sound-pressure-level-directivity,9.0,62.367552908295565,0.5,0.0789161955504909,156.0,297.0,172.96531444194238,1.9772720584033578,0.5,20,0.75,visible_pixel_support,False,visible_candidate,polar_line-sound-pressure-level-directivity-000010,example-reviewer,accepted,,False,continuous,0,9,curve-sound-pressure-level-directivity-000010,reviewed_visible_observation,confirmed_continuous_curve
sound-pressure-level-directivity,10.0,62.31411884294383,0.5,0.0789161955504909,157.0,293.0,172.6267650163207,1.9695631249423116,0.5,19,0.75,visible_pixel_support,False,visible_candidate,polar_line-sound-pressure-level-directivity-000011,example-reviewer,accepted,,False,continuous,0,10,curve-sound-pressure-level-directivity-000011,reviewed_visible_observation,confirmed_continuous_curve
sound-pressure-level-directivity,11.0,62.24545994735517,0.5,0.0789161955504909,158.0,290.0,172.19175357722565,1.9629230522801038,0.5,19,0.75,visible_pixel_support,False,visible_candidate,polar_line-sound-pressure-level-directivity-000012,example-reviewer,accepted,,False,continuous,0,11,curve-sound-pressure-level-directivity-000012,reviewed_visible_observation,confirmed_continuous_curve
sound-pressure-level-directivity,12.0,62.185814957665514,0.5,0.078916195550498,159.0,287.0,171.81385275931623,1.955599010637016,0.5,19,0.75,visible_pixel_support,False,visible_candidate,polar_line-sound-pressure-level-directivity-000013,example-reviewer,accepted,,False,continuous,0,12,curve-sound-pressure-level-directivity-000013,reviewed_visible_observation,confirmed_continuous_curve
sound-pressure-level-directivity,13.0,62.13524346273421,0.5,0.078916195550498,160.0,284.0,171.49344010777787,1.9475895111524153,0.5,18,0.75,visible_pixel_support,False,visible_candidate,polar_line-sound-pressure-level-directivity-000014,example-reviewer,accepted,,False,continuous,0,13,curve-sound-pressure-level-directivity-000014,reviewed_visible_observation,confirmed_continuous_curve
sound-pressure-level-directivity,14.0,62.13294251320734,0.5,0.078916195550498,161.0,280.0,171.4788616710526,1.9360904118261146,0.5,18,0.75,visible_pixel_support,False,visible_candidate,polar_line-sound-pressure-level-directivity-000015,example-reviewer,accepted,,False,continuous,0,14,curve-sound-pressure-level-directivity-000015,reviewed_visible_observation,confirmed_continuous_curve
sound-pressure-level-directivity,15.0,62.13294251320734,0.5,0.078916195550498,161.0,280.0,171.4788616710526,1.9360904118261146,0.5,18,0.75,visible_pixel_support,False,visible_candidate,polar_line-sound-pressure-level-directivity-000016,example-reviewer,accepted,,False,continuous,0,15,curve-sound-pressure-level-directivity-000016,reviewed_visible_observation,confirmed_continuous_curve
sound-pressure-level-directivity,16.0,62.10347306350893,0.5,0.078916195550498,162.0,277.0,171.29214809792072,1.9265236687790122,0.5,19,0.75,visible_pixel_support,False,visible_candidate,polar_line-sound-pressure-level-directivity-000017,example-reviewer,accepted,,False,continuous,0,16,curve-sound-pressure-level-directivity-000017,reviewed_visible_observation,confirmed_continuous_curve
sound-pressure-level-directivity,17.0,62.083194169252664,0.5,0.078916195550498,163.0,274.0,171.1636643683466,1.9162838441102963,0.5,18,0.75,visible_pixel_support,False,visible_candidate,polar_line-sound-pressure-level-directivity-000018,example-reviewer,accepted,,False,continuous,0,17,curve-sound-pressure-level-directivity-000018,reviewed_visible_observation,confirmed_continuous_curve
sound-pressure-level-directivity,18.0,62.072126535556045,0.5,0.078916195550498,164.0,271.0,171.09354166653983,1.905378421556847,0.5,18,0.75,visible_pixel_support,False,visible_candidate,polar_line-sound-pressure-level-directivity-000019,example-reviewer,accepted,,False,continuous,0,18,curve-sound-pressure-level-directivity-000019,reviewed_visible_observation,confirmed_continuous_curve
sound-pressure-level-directivity,19.0,62.07028148890295,0.5,0.0789161955504909,165.0,268.0,171.0818517552344,1.911158575255243,0.5,18,0.75,visible_pixel_support,False,visible_candidate,polar_line-sound-pressure-level-directivity-000020,example-reviewer,accepted,,False,continuous,0,19,curve-sound-pressure-level-directivity-000020,reviewed_visible_observation,confirmed_continuous_curve
sound-pressure-level-directivity,20.0,62.0245763428955,0.5,0.0789161955504909,166.0,266.0,170.79227148791014,1.8816110292691803,0.5,10,0.75,visible_pixel_support,False,visible_candidate,polar_line-sound-pressure-level-directivity-000021,example-reviewer,accepted,,False,continuous,0,20,curve-sound-pressure-level-directivity-000021,reviewed_visible_observation,confirmed_continuous_curve
sound-pressure-level-directivity,21.0,61.743098690882896,0.5,0.078916195550498,169.0,263.0,169.00887550658396,0.6476163766381546,0.5,5,0.75,visible_pixel_support,False,visible_candidate,polar_line-sound-pressure-level-directivity-000022,example-reviewer,accepted,,False,continuous,0,21,curve-sound-pressure-level-directivity-000022,reviewed_visible_observation,confirmed_continuous_curve
sound-pressure-level-directivity,22.0,61.74169784845652,0.5,0.078916195550498,171.0,258.0,169.0,1.11517000610354,0.5,9,0.75,visible_pixel_support,False,visible_candidate,polar_line-sound-pressure-level-directivity-000023,example-reviewer,accepted,,False,continuous,0,22,curve-sound-pressure-level-directivity-000023,reviewed_visible_observation,confirmed_continuous_curve
sound-pressure-level-directivity,23.0,61.74169784845652,0.5,0.078916195550498,171.0,258.0,169.0,1.3807676015100157,0.5,11,0.75,visible_pixel_support,False,visible_candidate,polar_line-sound-pressure-level-directivity-000024,example-reviewer,accepted,,False,continuous,0,23,curve-sound-pressure-level-directivity-000024,reviewed_visible_observation,confirmed_continuous_curve
sound-pressure-level-directivity,24.0,61.78275870123551,0.5,0.078916195550498,172.0,255.0,169.26015479137433,1.8251497315471994,0.5,13,0.75,visible_pixel_support,False,visible_candidate,polar_line-sound-pressure-level-directivity-000025,example-reviewer,accepted,,False,continuous,0,24,curve-sound-pressure-level-directivity-000025,reviewed_visible_observation,confirmed_continuous_curve
sound-pressure-level-directivity,25.0,61.689814858824164,0.5,0.0789161955504909,174.0,252.0,168.67127793433,1.8141570503912874,0.5,17,0.75,visible_pixel_support,False,visible_candidate,polar_line-sound-pressure-level-directivity-000026,example-reviewer,accepted,,False,continuous,0,25,curve-sound-pressure-level-directivity-000026,reviewed_visible_observation,confirmed_continuous_curve
sound-pressure-level-directivity,26.0,61.74916815816953,0.5,0.078916195550498,176.0,247.0,169.04733065032408,1.5723030122041308,0.5,9,0.75,visible_pixel_support,False,visible_candidate,polar_line-sound-pressure-level-directivity-000027,example-reviewer,accepted,,False,continuous,0,26,curve-sound-pressure-level-directivity-000027,reviewed_visible_observation,confirmed_continuous_curve
sound-pressure-level-directivity,27.0,61.53967314068478,0.5,0.0789161955504909,178.0,246.0,167.72000476985446,2.007562161284426,0.5,14,0.75,visible_pixel_support,False,visible_candidate,polar_line-sound-pressure-level-directivity-000028,example-reviewer,accepted,,False,continuous,0,27,curve-sound-pressure-level-directivity-000028,reviewed_visible_observation,confirmed_continuous_curve
sound-pressure-level-directivity,28.0,61.472774277516244,0.5,0.078916195550498,179.0,245.0,167.29614460590537,1.9970530529428885,0.5,19,0.75,visible_pixel_support,False,visible_candidate,polar_line-sound-pressure-level-directivity-000029,example-reviewer,accepted,,False,continuous,0,28,curve-sound-pressure-level-directivity-000029,reviewed_visible_observation,confirmed_continuous_curve
sound-pressure-level-directivity,29.0,61.4203618313082,0.5,0.0789161955504909,181.0,242.0,166.96406799069075,1.8446554427555384,0.5,18,0.75,visible_pixel_support,False,visible_candidate,polar_line-sound-pressure-level-directivity-000030,example-reviewer,accepted,,False,continuous,0,29,curve-sound-pressure-level-directivity-000030,reviewed_visible_observation,confirmed_continuous_curve
sound-pressure-level-directivity,30.0,61.35979254177498,0.5,0.078916195550498,182.0,241.0,166.58031096140985,2.5990519353634767,0.5,20,0.75,visible_pixel_support,False,visible_candidate,polar_line-sound-pressure-level-directivity-000031,example-reviewer,accepted,,False,continuous,0,30,curve-sound-pressure-level-directivity-000031,reviewed_visible_observation,confirmed_continuous_curve
sound-pressure-level-directivity,31.0,61.0533906370006,0.5,0.078916195550498,186.0,238.0,164.63899902513984,3.0001105064440594,0.5,22,0.75,visible_pixel_support,False,visible_candidate,polar_line-sound-pressure-level-directivity-000032,example-reviewer,accepted,,False,continuous,0,31,curve-sound-pressure-level-directivity-000032,reviewed_visible_observation,confirmed_continuous_curve
sound-pressure-level-directivity,32.0,60.8662579624293,0.5,0.078916195550498,188.0,237.0,163.45335726133007,2.385251286861731,0.5,19,0.75,visible_pixel_support,False,visible_candidate,polar_line-sound-pressure-level-directivity-000033,example-reviewer,accepted,,False,continuous,0,32,curve-sound-pressure-level-directivity-000033,reviewed_visible_observation,confirmed_continuous_curve
sound-pressure-level-directivity,33.0,60.67629880935597,0.5,0.078916195550498,192.0,233.0,162.24980739587951,2.5185829743094956,0.5,19,0.75,visible_pixel_support,False,visible_candidate,polar_line-sound-pressure-level-directivity-000034,example-reviewer,accepted,,False,continuous,0,33,curve-sound-pressure-level-directivity-000034,reviewed_visible_observation,confirmed_continuous_curve
sound-pressure-level-directivity,34.0,60.41425466075968,0.5,0.0789161955504909,194.0,233.0,160.58953888718904,2.901889624595654,0.5,20,0.75,visible_pixel_support,False,visible_candidate,polar_line-sound-pressure-level-directivity-000035,example-reviewer,accepted,,False,continuous,0,34,curve-sound-pressure-level-directivity-000035,reviewed_visible_observation,confirmed_continuous_curve
sound-pressure-level-directivity,35.0,60.24315596978277,0.5,0.078916195550498,196.0,232.0,159.5054857990784,2.3339723802086922,0.5,18,0.75,visible_pixel_support,False,visible_candidate,polar_line-sound-pressure-level-directivity-000036,example-reviewer,accepted,,False,continuous,0,35,curve-sound-pressure-level-directivity-000036,reviewed_visible_observation,confirmed_continuous_curve
sound-pressure-level-directivity,36.0,60.0399811670145,0.5,0.0789161955504909,199.0,230.0,158.21820375671064,2.4268771717962494,0.5,19,0.75,visible_pixel_support,False,visible_candidate,polar_line-sound-pressure-level-directivity-000037,example-reviewer,accepted,,False,continuous,0,36,curve-sound-pressure-level-directivity-000037,reviewed_visible_observation,confirmed_continuous_curve
sound-pressure-level-directivity,37.0,59.87935595516237,0.5,0.078916195550498,201.0,229.0,157.20050890502867,2.2978384478411016,0.5,18,0.75,visible_pixel_support,False,visible_candidate,polar_line-sound-pressure-level-directivity-000038,example-reviewer,accepted,,False,continuous,0,37,curve-sound-pressure-level-directivity-000038,reviewed_visible_observation,confirmed_continuous_curve
sound-pressure-level-directivity,38.0,59.72273658526733,0.5,0.078916195550498,203.0,228.0,156.20819440733575,2.3647818454703327,0.5,18,0.75,visible_pixel_support,False,visible_candidate,polar_line-sound-pressure-level-directivity-000039,example-reviewer,accepted,,False,continuous,0,38,curve-sound-pressure-level-directivity-000039,reviewed_visible_observation,confirmed_continuous_curve
sound-pressure-level-directivity,39.0,59.5447694821584,0.5,0.078916195550498,206.0,226.0,155.08062419270823,2.6495963645980254,0.5,18,0.75,visible_pixel_support,False,visible_candidate,polar_line-sound-pressure-level-directivity-000040,example-reviewer,accepted,,False,continuous,0,39,curve-sound-pressure-level-directivity-000040,reviewed_visible_observation,confirmed_continuous_curve
sound-pressure-level-directivity,40.0,59.39930872402167,0.5,0.078916195550498,208.0,225.0,154.1590088188167,2.29808515394042,0.5,17,0.75,visible_pixel_support,False,visible_candidate,polar_line-sound-pressure-level-directivity-000041,example-reviewer,accepted,,False,continuous,0,40,curve-sound-pressure-level-directivity-000041,reviewed_visible_observation,confirmed_continuous_curve
sound-pressure-level-directivity,41.0,59.32958849397623,0.5,0.0789161955504909,212.0,221.0,153.7172729396407,2.219495194620805,0.5,17,0.75,visible_pixel_support,False,visible_candidate,polar_line-sound-pressure-level-directivity-000042,example-reviewer,accepted,,False,continuous,0,41,curve-sound-pressure-level-directivity-000042,reviewed_visible_observation,confirmed_continuous_curve
sound-pressure-level-directivity,42.0,59.20038473772121,0.5,0.0789161955504909,214.0,220.0,152.89865924853626,2.190422139209403,0.5,18,0.75,visible_pixel_support,False,visible_candidate,polar_line-sound-pressure-level-directivity-000043,example-reviewer,accepted,,False,continuous,0,42,curve-sound-pressure-level-directivity-000043,reviewed_visible_observation,confirmed_continuous_curve
sound-pressure-level-directivity,43.0,59.07567420759486,0.5,0.0789161955504909,216.0,219.0,152.10851389715174,2.172355282771491,0.5,18,0.75,visible_pixel_support,False,visible_candidate,polar_line-sound-pressure-level-directivity-000044,example-reviewer,accepted,,False,continuous,0,43,curve-sound-pressure-level-directivity-000044,reviewed_visible_observation,confirmed_continuous_curve
sound-pressure-level-directivity,44.0,58.95552727764493,0.5,0.078916195550498,218.0,218.0,151.34728276384746,2.140845820335983,0.5,18,0.75,visible_pixel_support,False,visible_candidate,polar_line-sound-pressure-level-directivity-000045,example-reviewer,accepted,,False,continuous,0,44,curve-sound-pressure-level-directivity-000045,reviewed_visible_observation,confirmed_continuous_curve
sound-pressure-level-directivity,45.0,58.840013143175995,0.5,0.078916195550498,221.0,216.0,150.6154042586614,2.1212268171038318,0.5,15,0.75,visible_pixel_support,False,visible_candidate,polar_line-sound-pressure-level-directivity-000046,example-reviewer,accepted,,False,continuous,0,45,curve-sound-pressure-level-directivity-000046,reviewed_visible_observation,confirmed_continuous_curve
sound-pressure-level-directivity,46.0,58.73235791883356,0.5,0.0789161955504909,223.0,215.0,149.9333185119305,2.107577425071483,0.5,18,0.75,visible_pixel_support,False,visible_candidate,polar_line-sound-pressure-level-directivity-000047,example-reviewer,accepted,,False,continuous,0,46,curve-sound-pressure-level-directivity-000047,reviewed_visible_observation,confirmed_continuous_curve
sound-pressure-level-directivity,47.0,58.63795440867897,0.5,0.078916195550498,226.0,213.0,149.33519344079613,1.7994737788557416,0.5,17,0.75,visible_pixel_support,False,visible_candidate,polar_line-sound-pressure-level-directivity-000048,example-reviewer,accepted,,False,continuous,0,47,curve-sound-pressure-level-directivity-000048,reviewed_visible_observation,confirmed_continuous_curve
sound-pressure-level-directivity,48.0,58.54317126509869,0.5,0.078916195550498,228.0,212.0,148.73466307488647,2.077493010096134,0.5,15,0.75,visible_pixel_support,False,visible_candidate,polar_line-sound-pressure-level-directivity-000049,example-reviewer,accepted,,False,continuous,0,48,curve-sound-pressure-level-directivity-000049,reviewed_visible_observation,confirmed_continuous_curve
sound-pressure-level-directivity,49.0,58.47036840029192,0.5,0.078916195550498,231.0,210.0,148.27339613025663,1.8367471316732917,0.5,17,0.75,visible_pixel_support,False,visible_candidate,polar_line-sound-pressure-level-directivity-000050,example-reviewer,accepted,,False,continuous,0,49,curve-sound-pressure-level-directivity-000050,reviewed_visible_observation,confirmed_continuous_curve
sound-pressure-level-directivity,50.0,58.38879437164792,0.5,0.078916195550498,233.0,209.0,147.75655653811103,2.6957981638907853,0.5,18,0.75,visible_pixel_support,False,visible_candidate,polar_line-sound-pressure-level-directivity-000051,example-reviewer,accepted,,False,continuous,0,50,curve-sound-pressure-level-directivity-000051,reviewed_visible_observation,confirmed_continuous_curve
sound-pressure-level-directivity,51.0,58.18925699343578,0.5,0.078916195550498,235.0,209.0,146.4923206178399,2.351635741099173,0.5,17,0.75,visible_pixel_support,False,visible_candidate,polar_line-sound-pressure-level-directivity-000052,example-reviewer,accepted,,False,continuous,0,51,curve-sound-pressure-level-directivity-000052,reviewed_visible_observation,confirmed_continuous_curve
sound-pressure-level-directivity,52.0,58.019480189642834,0.5,0.078916195550498,238.0,208.0,145.41664278891878,2.415221389771645,0.5,17,0.75,visible_pixel_support,False,visible_candidate,polar_line-sound-pressure-level-directivity-000053,example-reviewer,accepted,,False,continuous,0,52,curve-sound-pressure-level-directivity-000053,reviewed_visible_observation,confirmed_continuous_curve
sound-pressure-level-directivity,53.0,57.85937079176004,0.5,0.078916195550498,241.0,207.0,144.40221604947757,2.3975259787433743,0.5,17,0.75,visible_pixel_support,False,visible_candidate,polar_line-sound-pressure-level-directivity-000054,example-reviewer,accepted,,False,continuous,0,53,curve-sound-pressure-level-directivity-000054,reviewed_visible_observation,confirmed_continuous_curve
sound-pressure-level-directivity,54.0,57.67279621790222,0.5,0.0789161955504909,243.0,207.0,143.22011031974526,2.280152825203814,0.5,17,0.75,visible_pixel_support,False,visible_candidate,polar_line-sound-pressure-level-directivity-000055,example-reviewer,accepted,,False,continuous,0,54,curve-sound-pressure-level-directivity-000055,reviewed_visible_observation,confirmed_continuous_curve
sound-pressure-level-directivity,55.0,57.52796675172212,0.5,0.078916195550498,246.0,206.0,142.30249470757707,2.6620683355789936,0.5,18,0.75,visible_pixel_support,False,visible_candidate,polar_line-sound-pressure-level-directivity-000056,example-reviewer,accepted,,False,continuous,0,55,curve-sound-pressure-level-directivity-000056,reviewed_visible_observation,confirmed_continuous_curve
sound-pressure-level-directivity,56.0,57.34979879737773,0.5,0.078916195550498,248.0,206.0,141.1736519326464,1.947896638787256,0.5,15,0.75,visible_pixel_support,False,visible_candidate,polar_line-sound-pressure-level-directivity-000057,example-reviewer,accepted,,False,continuous,0,56,curve-sound-pressure-level-directivity-000057,reviewed_visible_observation,confirmed_continuous_curve
sound-pressure-level-directivity,57.0,57.22085550160183,0.5,0.078916195550498,251.0,205.0,140.356688476182,2.3507884398822085,0.5,16,0.75,visible_pixel_support,False,visible_candidate,polar_line-sound-pressure-level-directivity-000058,example-reviewer,accepted,,False,continuous,0,57,curve-sound-pressure-level-directivity-000058,reviewed_visible_observation,confirmed_continuous_curve
sound-pressure-level-directivity,58.0,57.10246568169581,0.5,0.078916195550498,254.0,204.0,139.60659010233005,2.3260633819323715,0.5,16,0.75,visible_pixel_support,False,visible_candidate,polar_line-sound-pressure-level-directivity-000059,example-reviewer,accepted,,False,continuous,0,58,curve-sound-pressure-level-directivity-000059,reviewed_visible_observation,confirmed_continuous_curve
sound-pressure-level-directivity,59.0,56.9390604172562,0.5,0.078916195550498,256.0,204.0,138.5712812959453,2.5757456582778104,0.5,18,0.75,visible_pixel_support,False,visible_candidate,polar_line-sound-pressure-level-directivity-000060,example-reviewer,accepted,,False,continuous,0,59,curve-sound-pressure-level-directivity-000060,reviewed_visible_observation,confirmed_continuous_curve
sound-pressure-level-directivity,60.0,56.7002758598588,0.5,0.078916195550498,259.0,204.0,137.05838172107534,3.661315033219978,0.5,21,0.75,visible_pixel_support,False,visible_candidate,polar_line-sound-pressure-level-directivity-000061,example-reviewer,accepted,,False,continuous,0,60,curve-sound-pressure-level-directivity-000061,reviewed_visible_observation,confirmed_continuous_curve
sound-pressure-level-directivity,61.0,56.3309232428215,0.5,0.0789161955504909,262.0,205.0,134.71822445385777,4.321339546912284,0.5,23,0.75,visible_pixel_support,False,visible_candidate,polar_line-sound-pressure-level-directivity-000062,example-reviewer,accepted,,False,continuous,0,61,curve-sound-pressure-level-directivity-000062,reviewed_visible_observation,confirmed_continuous_curve
sound-pressure-level-directivity,62.0,55.96696342675886,0.5,0.078916195550498,265.0,206.0,132.41223508422476,3.6161089853162025,0.5,21,0.75,visible_pixel_support,False,visible_candidate,polar_line-sound-pressure-level-directivity-000063,example-reviewer,accepted,,False,continuous,0,62,curve-sound-pressure-level-directivity-000063,reviewed_visible_observation,confirmed_continuous_curve
sound-pressure-level-directivity,63.0,55.540655396294625,0.5,0.078916195550498,267.0,208.0,129.71121771072848,3.590817381605369,0.5,20,0.75,visible_pixel_support,False,visible_candidate,polar_line-sound-pressure-level-directivity-000064,example-reviewer,accepted,,False,continuous,0,63,curve-sound-pressure-level-directivity-000064,reviewed_visible_observation,confirmed_continuous_curve
sound-pressure-level-directivity,64.0,55.18468921891863,0.5,0.078916195550498,270.0,209.0,127.45587471748802,3.339956151807229,0.5,19,0.75,visible_pixel_support,False,visible_candidate,polar_line-sound-pressure-level-directivity-000065,example-reviewer,accepted,,False,continuous,0,64,curve-sound-pressure-level-directivity-000065,reviewed_visible_observation,confirmed_continuous_curve
sound-pressure-level-directivity,65.0,54.767377803150865,0.5,0.078916195550498,274.0,210.0,124.8118584109699,3.1113543274541158,0.5,18,0.75,visible_pixel_support,False,visible_candidate,polar_line-sound-pressure-level-directivity-000066,example-reviewer,accepted,,False,continuous,0,65,curve-sound-pressure-level-directivity-000066,reviewed_visible_observation,confirmed_continuous_curve
sound-pressure-level-directivity,66.0,54.49167066648688,0.5,0.078916195550498,276.0,211.0,123.06502346320826,3.304383187666069,0.5,19,0.75,visible_pixel_support,False,visible_candidate,polar_line-sound-pressure-level-directivity-000067,example-reviewer,accepted,,False,continuous,0,66,curve-sound-pressure-level-directivity-000067,reviewed_visible_observation,confirmed_continuous_curve
sound-pressure-level-directivity,67.0,54.15530502368594,0.5,0.0789161955504909,279.0,212.0,120.93386622447825,3.2796132043500066,0.5,17,0.75,visible_pixel_support,False,visible_candidate,polar_line-sound-pressure-level-directivity-000068,example-reviewer,accepted,,False,continuous,0,67,curve-sound-pressure-level-directivity-000068,reviewed_visible_observation,confirmed_continuous_curve
sound-pressure-level-directivity,68.0,53.91363424648341,0.5,0.078916195550498,283.0,212.0,119.4026800369238,3.2526960320439855,0.5,17,0.75,visible_pixel_support,False,visible_candidate,polar_line-sound-pressure-level-directivity-000069,example-reviewer,accepted,,False,continuous,0,68,curve-sound-pressure-level-directivity-000069,reviewed_visible_observation,confirmed_continuous_curve
sound-pressure-level-directivity,69.0,53.65207570207488,0.5,0.078916195550498,285.0,213.0,117.74548823628021,3.050326014459401,0.5,17,0.75,visible_pixel_support,False,visible_candidate,polar_line-sound-pressure-level-directivity-000070,example-reviewer,accepted,,False,continuous,0,69,curve-sound-pressure-level-directivity-000070,reviewed_visible_observation,confirmed_continuous_curve
sound-pressure-level-directivity,70.0,53.393581028470194,0.5,0.078916195550498,287.0,214.0,116.1077086157504,2.566447858200462,0.5,15,0.75,visible_pixel_support,False,visible_candidate,polar_line-sound-pressure-level-directivity-000071,example-reviewer,accepted,,False,continuous,0,70,curve-sound-pressure-level-directivity-000071,reviewed_visible_observation,confirmed_continuous_curve
sound-pressure-level-directivity,71.0,53.086511284643166,0.5,0.078916195550498,290.0,215.0,114.16216536138407,2.5400953031749793,0.5,16,0.75,visible_pixel_support,False,visible_candidate,polar_line-sound-pressure-level-directivity-000072,example-reviewer,accepted,,False,continuous,0,71,curve-sound-pressure-level-directivity-000072,reviewed_visible_observation,confirmed_continuous_curve
sound-pressure-level-directivity,72.0,52.83661461066032,0.5,0.0789161955504909,292.0,216.0,112.57886124845996,2.996201494167053,0.5,16,0.75,visible_pixel_support,False,visible_candidate,polar_line-sound-pressure-level-directivity-000073,example-reviewer,accepted,,False,continuous,0,72,curve-sound-pressure-level-directivity-000073,reviewed_visible_observation,confirmed_continuous_curve
sound-pressure-level-directivity,73.0,52.69515333405462,0.5,0.0789161955504909,295.0,216.0,111.68258592994702,2.828897881486647,0.5,14,0.75,visible_pixel_support,False,visible_candidate,polar_line-sound-pressure-level-directivity-000074,example-reviewer,accepted,,False,continuous,0,73,curve-sound-pressure-level-directivity-000074,reviewed_visible_observation,confirmed_continuous_curve
sound-pressure-level-directivity,74.0,52.455394710312746,0.5,0.0789161955504909,297.0,217.0,110.16351483136329,2.336717496859606,0.5,14,0.75,visible_pixel_support,False,visible_candidate,polar_line-sound-pressure-level-directivity-000075,example-reviewer,accepted,,False,continuous,0,74,curve-sound-pressure-level-directivity-000075,reviewed_visible_observation,confirmed_continuous_curve
sound-pressure-level-directivity,75.0,52.21954703765074,0.5,0.078916195550498,299.0,218.0,108.66922287382016,2.323004735899147,0.5,14,0.75,visible_pixel_support,False,visible_candidate,polar_line-sound-pressure-level-directivity-000076,example-reviewer,accepted,,False,continuous,0,75,curve-sound-pressure-level-directivity-000076,reviewed_visible_observation,confirmed_continuous_curve
sound-pressure-level-directivity,76.0,52.026745113186884,0.5,0.078916195550498,300.0,219.0,107.44766167767449,2.7919236898464987,0.5,14,0.75,visible_pixel_support,False,visible_candidate,polar_line-sound-pressure-level-directivity-000077,example-reviewer,accepted,,False,continuous,0,76,curve-sound-pressure-level-directivity-000077,reviewed_visible_observation,confirmed_continuous_curve
sound-pressure-level-directivity,77.0,51.913997676446996,0.5,0.078916195550498,303.0,219.0,106.73331251301067,2.7699722881811084,0.5,13,0.75,visible_pixel_support,False,visible_candidate,polar_line-sound-pressure-level-directivity-000078,example-reviewer,accepted,,False,continuous,0,77,curve-sound-pressure-level-directivity-000078,reviewed_visible_observation,confirmed_continuous_curve
sound-pressure-level-directivity,78.0,51.691453886074584,0.5,0.0789161955504909,305.0,220.0,105.32331175955302,2.1647322899059276,0.5,13,0.75,visible_pixel_support,False,visible_candidate,polar_line-sound-pressure-level-directivity-000079,example-reviewer,accepted,,False,continuous,0,78,curve-sound-pressure-level-directivity-000079,reviewed_visible_observation,confirmed_continuous_curve
sound-pressure-level-directivity,79.0,51.47348418499546,0.5,0.078916195550498,307.0,221.0,103.94229168149026,3.2298303531565935,0.5,15,0.75,visible_pixel_support,False,visible_candidate,polar_line-sound-pressure-level-directivity-000080,example-reviewer,accepted,,False,continuous,0,79,curve-sound-pressure-level-directivity-000080,reviewed_visible_observation,confirmed_continuous_curve
sound-pressure-level-directivity,80.0,51.10491314650473,0.5,0.078916195550498,309.0,223.0,101.6070863670443,4.1985656633706725,0.5,20,0.75,visible_pixel_support,False,visible_candidate,polar_line-sound-pressure-level-directivity-000081,example-reviewer,accepted,,False,continuous,0,80,curve-sound-pressure-level-directivity-000081,reviewed_visible_observation,confirmed_continuous_curve
sound-pressure-level-directivity,81.0,50.740390768614624,0.5,0.078916195550498,311.0,225.0,99.29753269845128,5.172813115215632,0.5,23,0.75,visible_pixel_support,False,visible_candidate,polar_line-sound-pressure-level-directivity-000082,example-reviewer,accepted,,False,continuous,0,81,curve-sound-pressure-level-directivity-000082,reviewed_visible_observation,confirmed_continuous_curve
sound-pressure-level-directivity,82.0,50.22404295926973,0.5,0.078916195550498,313.0,228.0,96.0260381354974,5.161133189127042,0.5,22,0.75,visible_pixel_support,False,visible_candidate,polar_line-sound-pressure-level-directivity-000083,example-reviewer,accepted,,False,continuous,0,82,curve-sound-pressure-level-directivity-000083,reviewed_visible_observation,confirmed_continuous_curve
sound-pressure-level-directivity,83.0,49.71160378471359,0.5,0.0789161955504909,315.0,231.0,92.77930803794561,5.146062706162006,0.5,21,0.75,visible_pixel_support,False,visible_candidate,polar_line-sound-pressure-level-directivity-000084,example-reviewer,accepted,,False,continuous,0,83,curve-sound-pressure-level-directivity-000084,reviewed_visible_observation,confirmed_continuous_curve
sound-pressure-level-directivity,84.0,49.34378684833085,0.5,0.0789161955504909,318.0,233.0,90.44888059008801,5.129540587037937,0.5,20,0.75,visible_pixel_support,False,visible_candidate,polar_line-sound-pressure-level-directivity-000085,example-reviewer,accepted,,False,continuous,0,84,curve-sound-pressure-level-directivity-000085,reviewed_visible_observation,confirmed_continuous_curve
sound-pressure-level-directivity,85.0,48.857372869532114,0.5,0.078916195550498,319.0,236.0,87.36704184073076,4.572255747628887,0.5,18,0.75,visible_pixel_support,False,visible_candidate,polar_line-sound-pressure-level-directivity-000086,example-reviewer,accepted,,False,continuous,0,85,curve-sound-pressure-level-directivity-000086,reviewed_visible_observation,confirmed_continuous_curve
sound-pressure-level-directivity,86.0,48.51715879466036,0.5,0.0789161955504909,321.0,238.0,85.21150157109074,4.558818753793055,0.5,20,0.75,visible_pixel_support,False,visible_candidate,polar_line-sound-pressure-level-directivity-000087,example-reviewer,accepted,,False,continuous,0,86,curve-sound-pressure-level-directivity-000087,reviewed_visible_observation,confirmed_continuous_curve
sound-pressure-level-directivity,87.0,48.18331615152894,0.5,0.078916195550498,323.0,240.0,83.09632964216891,4.0211793569384895,0.5,14,0.75,visible_pixel_support,False,visible_candidate,polar_line-sound-pressure-level-directivity-000088,example-reviewer,accepted,,False,continuous,0,87,curve-sound-pressure-level-directivity-000088,reviewed_visible_observation,confirmed_continuous_curve
sound-pressure-level-directivity,88.0,47.861212892783904,0.5,0.078916195550498,324.0,242.0,81.05553651663777,4.034047975706187,0.5,16,0.75,visible_pixel_support,False,visible_candidate,polar_line-sound-pressure-level-directivity-000089,example-reviewer,accepted,,False,continuous,0,88,curve-sound-pressure-level-directivity-000089,reviewed_visible_observation,confirmed_continuous_curve
sound-pressure-level-directivity,89.0,47.54077776606636,0.5,0.078916195550498,325.0,244.0,79.02531240052139,3.508757113055907,0.5,13,0.75,visible_pixel_support,False,visible_candidate,polar_line-sound-pressure-level-directivity-000090,example-reviewer,accepted,,False,continuous,0,89,curve-sound-pressure-level-directivity-000090,reviewed_visible_observation,confirmed_continuous_curve
sound-pressure-level-directivity,90.0,47.37895025826658,0.5,0.078916195550498,327.0,245.0,78.0,2.5030863021572713,0.5,13,0.75,visible_pixel_support,False,visible_candidate,polar_line-sound-pressure-level-directivity-000091,example-reviewer,accepted,,False,continuous,0,90,curve-sound-pressure-level-directivity-000091,reviewed_visible_observation,confirmed_continuous_curve
sound-pressure-level-directivity,91.0,47.37996196279274,0.5,0.078916195550498,328.0,245.0,78.00640999302557,1.5093668689409654,0.5,8,0.75,visible_pixel_support,False,visible_candidate,polar_line-sound-pressure-level-directivity-000092,example-reviewer,accepted,,False,continuous,0,91,curve-sound-pressure-level-directivity-000092,reviewed_visible_observation,confirmed_continuous_curve
sound-pressure-level-directivity,92.0,47.38299657768755,0.5,0.078916195550498,329.0,245.0,78.02563681252464,1.515315134608322,0.5,8,0.75,visible_pixel_support,False,visible_candidate,polar_line-sound-pressure-level-directivity-000093,example-reviewer,accepted,,False,continuous,0,92,curve-sound-pressure-level-directivity-000093,reviewed_visible_observation,confirmed_continuous_curve
sound-pressure-level-directivity,93.0,47.395127566830155,0.5,0.078916195550498,331.0,245.0,78.10249675906654,2.048455115090661,0.5,10,0.75,visible_pixel_support,False,visible_candidate,polar_line-sound-pressure-level-directivity-000094,example-reviewer,accepted,,False,continuous,0,93,curve-sound-pressure-level-directivity-000094,reviewed_visible_observation,confirmed_continuous_curve
sound-pressure-level-directivity,94.0,47.56173116944494,0.5,0.078916195550498,332.0,244.0,79.1580697086532,1.5312587925423102,0.5,8,0.75,visible_pixel_support,False,visible_candidate,polar_line-sound-pressure-level-directivity-000095,example-reviewer,accepted,,False,continuous,0,94,curve-sound-pressure-level-directivity-000095,reviewed_visible_observation,confirmed_continuous_curve
sound-pressure-level-directivity,95.0,47.57269274934713,0.5,0.0789161955504909,333.0,244.0,79.22752047110903,1.5827962551843058,0.5,9,0.75,visible_pixel_support,False,visible_candidate,polar_line-sound-pressure-level-directivity-000096,example-reviewer,accepted,,False,continuous,0,95,curve-sound-pressure-level-directivity-000096,reviewed_visible_observation,confirmed_continuous_curve
sound-pressure-level-directivity,96.0,47.600551689981806,0.5,0.078916195550498,335.0,244.0,79.40403012442127,1.545094659233655,0.5,8,0.75,visible_pixel_support,False,visible_candidate,polar_line-sound-pressure-level-directivity-000097,example-reviewer,accepted,,False,continuous,0,96,curve-sound-pressure-level-directivity-000097,reviewed_visible_observation,confirmed_continuous_curve
sound-pressure-level-directivity,97.0,47.61743587364453,0.5,0.078916195550498,336.0,244.0,79.51100552753688,2.109655748743002,0.5,9,0.75,visible_pixel_support,False,visible_candidate,polar_line-sound-pressure-level-directivity-000098,example-reviewer,accepted,,False,continuous,0,97,curve-sound-pressure-level-directivity-000098,reviewed_visible_observation,confirmed_continuous_curve
sound-pressure-level-directivity,98.0,47.657074039695885,0.5,0.078916195550498,338.0,244.0,79.76214641043707,2.1187144562602143,0.5,11,0.75,visible_pixel_support,False,visible_candidate,polar_line-sound-pressure-level-directivity-000099,example-reviewer,accepted,,False,continuous,0,98,curve-sound-pressure-level-directivity-000099,reviewed_visible_observation,confirmed_continuous_curve
sound-pressure-level-directivity,99.0,47.83587403057683,0.5,0.078916195550498,339.0,243.0,80.89499366462674,1.5594492900896455,0.5,8,0.75,visible_pixel_support,False,visible_candidate,polar_line-sound-pressure-level-directivity-000100,example-reviewer,accepted,,False,continuous,0,99,curve-sound-pressure-level-directivity-000100,reviewed_visible_observation,confirmed_continuous_curve
sound-pressure-level-directivity,100.0,47.8865016666195,0.5,0.078916195550498,341.0,243.0,81.21576201698781,1.6506342062995145,0.5,8,0.75,visible_pixel_support,False,visible_candidate,polar_line-sound-pressure-level-directivity-000101,example-reviewer,accepted,,False,continuous,0,100,curve-sound-pressure-level-directivity-000101,reviewed_visible_observation,confirmed_continuous_curve
sound-pressure-level-directivity,101.0,47.91464964732165,0.5,0.078916195550498,342.0,243.0,81.39410298049853,2.1572213534674987,0.5,9,0.75,visible_pixel_support,False,visible_candidate,polar_line-sound-pressure-level-directivity-000102,example-reviewer,accepted,,False,continuous,0,101,curve-sound-pressure-level-directivity-000102,reviewed_visible_observation,confirmed_continuous_curve
sound-pressure-level-directivity,102.0,47.97655213326635,0.5,0.078916195550498,344.0,243.0,81.78630692236935,2.1641252488419482,0.5,11,0.75,visible_pixel_support,False,visible_candidate,polar_line-sound-pressure-level-directivity-000103,example-reviewer,accepted,,False,continuous,0,102,curve-sound-pressure-level-directivity-000103,reviewed_visible_observation,confirmed_continuous_curve
sound-pressure-level-directivity,103.0,48.04583949868943,0.5,0.078916195550498,346.0,243.0,82.22530024268686,2.286359869484322,0.5,10,0.75,visible_pixel_support,False,visible_candidate,polar_line-sound-pressure-level-directivity-000104,example-reviewer,accepted,,False,continuous,0,103,curve-sound-pressure-level-directivity-000104,reviewed_visible_observation,confirmed_continuous_curve
sound-pressure-level-directivity,104.0,48.12239415618006,0.5,0.078916195550498,348.0,243.0,82.71033792700887,1.6968153760752145,0.5,9,0.75,visible_pixel_support,False,visible_candidate,polar_line-sound-pressure-level-directivity-000105,example-reviewer,accepted,,False,continuous,0,104,curve-sound-pressure-level-directivity-000105,reviewed_visible_observation,confirmed_continuous_curve
sound-pressure-level-directivity,105.0,48.31560631035896,0.5,0.078916195550498,349.0,242.0,83.93449827097318,2.1921553648973386,0.5,11,0.75,visible_pixel_support,False,visible_candidate,polar_line-sound-pressure-level-directivity-000106,example-reviewer,accepted,,False,continuous,0,105,curve-sound-pressure-level-directivity-000106,reviewed_visible_observation,confirmed_continuous_curve
sound-pressure-level-directivity,106.0,48.40182521666955,0.5,0.0789161955504909,351.0,242.0,84.48076704197234,2.1970670734438826,0.5,10,0.75,visible_pixel_support,False,visible_candidate,polar_line-sound-pressure-level-directivity-000107,example-reviewer,accepted,,False,continuous,0,106,curve-sound-pressure-level-directivity-000107,reviewed_visible_observation,confirmed_continuous_curve
sound-pressure-level-directivity,107.0,48.598412031708605,0.5,0.078916195550498,352.0,241.0,85.72630868059116,2.2046698383190133,0.5,10,0.75,visible_pixel_support,False,visible_candidate,polar_line-sound-pressure-level-directivity-000108,example-reviewer,accepted,,False,continuous,0,107,curve-sound-pressure-level-directivity-000108,reviewed_visible_observation,confirmed_continuous_curve
sound-pressure-level-directivity,108.0,48.693813917070734,0.5,0.078916195550498,354.0,241.0,86.33075929238663,2.364250706756785,0.5,11,0.75,visible_pixel_support,False,visible_candidate,polar_line-sound-pressure-level-directivity-000109,example-reviewer,accepted,,False,continuous,0,108,curve-sound-pressure-level-directivity-000109,reviewed_visible_observation,confirmed_continuous_curve
sound-pressure-level-directivity,109.0,48.89345653482594,0.5,0.078916195550498,355.0,240.0,87.5956619930462,1.907457829682393,0.5,10,0.75,visible_pixel_support,False,visible_candidate,polar_line-sound-pressure-level-directivity-000110,example-reviewer,accepted,,False,continuous,0,109,curve-sound-pressure-level-directivity-000110,reviewed_visible_observation,confirmed_continuous_curve
sound-pressure-level-directivity,110.0,48.84924102450722,0.5,0.078916195550498,357.0,241.0,87.31551981177229,2.221817979182134,0.5,12,0.75,visible_pixel_support,False,visible_candidate,polar_line-sound-pressure-level-directivity-000111,example-reviewer,accepted,,False,continuous,0,110,curve-sound-pressure-level-directivity-000111,reviewed_visible_observation,confirmed_continuous_curve
sound-pressure-level-directivity,111.0,48.609454243785294,0.5,0.078916195550498,358.0,243.0,85.7962703152066,3.4499688959336083,0.5,15,0.75,visible_pixel_support,False,visible_candidate,polar_line-sound-pressure-level-directivity-000112,example-reviewer,accepted,,False,continuous,0,111,curve-sound-pressure-level-directivity-000112,reviewed_visible_observation,confirmed_continuous_curve
sound-pressure-level-directivity,112.0,48.374707811241194,0.5,0.0789161955504909,359.0,245.0,84.30895563343196,3.895903802262353,0.5,15,0.75,visible_pixel_support,False,visible_candidate,polar_line-sound-pressure-level-directivity-000113,example-reviewer,accepted,,False,continuous,0,112,curve-sound-pressure-level-directivity-000113,reviewed_visible_observation,confirmed_continuous_curve
sound-pressure-level-directivity,113.0,48.14527316377944,0.5,0.078916195550498,360.0,247.0,82.85529554590944,3.41664992066152,0.5,14,0.75,visible_pixel_support,False,visible_candidate,polar_line-sound-pressure-level-directivity-000114,example-reviewer,accepted,,False,continuous,0,113,curve-sound-pressure-level-directivity-000114,reviewed_visible_observation,confirmed_continuous_curve
sound-pressure-level-directivity,114.0,47.85634393384812,0.5,0.078916195550498,360.0,249.0,81.02468759581859,3.602458213250216,0.5,14,0.75,visible_pixel_support,False,visible_candidate,polar_line-sound-pressure-level-directivity-000115,example-reviewer,accepted,,False,continuous,0,114,curve-sound-pressure-level-directivity-000115,reviewed_visible_observation,confirmed_continuous_curve
sound-pressure-level-directivity,115.0,47.63528851984604,0.5,0.078916195550498,361.0,251.0,79.62411694957753,2.930767400134471,0.5,14,0.75,visible_pixel_support,False,visible_candidate,polar_line-sound-pressure-level-directivity-000116,example-reviewer,accepted,,False,continuous,0,115,curve-sound-pressure-level-directivity-000116,reviewed_visible_observation,confirmed_continuous_curve
sound-pressure-level-directivity,116.0,47.350588698281236,0.5,0.078916195550498,361.0,253.0,77.82030583337487,3.5868132818399445,0.5,13,0.75,visible_pixel_support,False,visible_candidate,polar_line-sound-pressure-level-directivity-000117,example-reviewer,accepted,,False,continuous,0,116,curve-sound-pressure-level-directivity-000117,reviewed_visible_observation,confirmed_continuous_curve
sound-pressure-level-directivity,117.0,47.13884855718858,0.5,0.0789161955504909,362.0,255.0,76.47875521999558,2.6796874381222437,0.5,10,0.75,visible_pixel_support,False,visible_candidate,polar_line-sound-pressure-level-directivity-000118,example-reviewer,accepted,,False,continuous,0,117,curve-sound-pressure-level-directivity-000118,reviewed_visible_observation,confirmed_continuous_curve
sound-pressure-level-directivity,118.0,46.859064690395655,0.5,0.078916195550498,362.0,257.0,74.70609078247904,2.6780234492316666,0.5,11,0.75,visible_pixel_support,False,visible_candidate,polar_line-sound-pressure-level-directivity-000119,example-reviewer,accepted,,False,continuous,0,118,curve-sound-pressure-level-directivity-000119,reviewed_visible_observation,confirmed_continuous_curve
sound-pressure-level-directivity,119.0,46.79551208454732,0.5,0.078916195550498,363.0,258.0,74.30343195303969,2.6703312136497814,0.5,11,0.75,visible_pixel_support,False,visible_candidate,polar_line-sound-pressure-level-directivity-000120,example-reviewer,accepted,,False,continuous,0,119,curve-sound-pressure-level-directivity-000120,reviewed_visible_observation,confirmed_continuous_curve
sound-pressure-level-directivity,120.0,46.59951359227306,0.5,0.078916195550498,364.0,260.0,73.06161783043132,2.416472742124327,0.5,10,0.75,visible_pixel_support,False,visible_candidate,polar_line-sound-pressure-level-directivity-000121,example-reviewer,accepted,,False,continuous,0,120,curve-sound-pressure-level-directivity-000121,reviewed_visible_observation,confirmed_continuous_curve
sound-pressure-level-directivity,121.0,46.59951359227306,0.5,0.078916195550498,364.0,260.0,73.06161783043132,2.0579317111739,0.5,8,0.75,visible_pixel_support,False,visible_candidate,polar_line-sound-pressure-level-directivity-000122,example-reviewer,accepted,,False,continuous,0,121,curve-sound-pressure-level-directivity-000122,reviewed_visible_observation,confirmed_continuous_curve
sound-pressure-level-directivity,122.0,46.76254125448413,0.5,0.078916195550498,366.0,260.0,74.09453421137081,2.069322113657826,0.5,9,0.75,visible_pixel_support,False,visible_candidate,polar_line-sound-pressure-level-directivity-000123,example-reviewer,accepted,,False,continuous,0,122,curve-sound-pressure-level-directivity-000123,reviewed_visible_observation,confirmed_continuous_curve
sound-pressure-level-directivity,123.0,46.84638160217354,0.5,0.0789161955504909,367.0,260.0,74.62573282722254,2.0744896982133696,0.5,9,0.75,visible_pixel_support,False,visible_candidate,polar_line-sound-pressure-level-directivity-000124,example-reviewer,accepted,,False,continuous,0,123,curve-sound-pressure-level-directivity-000124,reviewed_visible_observation,confirmed_continuous_curve
sound-pressure-level-directivity,124.0,47.01855211230718,0.5,0.078916195550498,369.0,260.0,75.71657678474378,2.36038322822143,0.5,11,0.75,visible_pixel_support,False,visible_candidate,polar_line-sound-pressure-level-directivity-000125,example-reviewer,accepted,,False,continuous,0,124,curve-sound-pressure-level-directivity-000125,reviewed_visible_observation,confirmed_continuous_curve
sound-pressure-level-directivity,125.0,47.10681806469721,0.5,0.078916195550498,370.0,260.0,76.27581530209953,2.377728067905018,0.5,10,0.75,visible_pixel_support,False,visible_candidate,polar_line-sound-pressure-level-directivity-000126,example-reviewer,accepted,,False,continuous,0,125,curve-sound-pressure-level-directivity-000126,reviewed_visible_observation,confirmed_continuous_curve
sound-pressure-level-directivity,126.0,47.28755384572156,0.5,0.078916195550498,372.0,260.0,77.42092740338364,2.0954996692630985,0.5,10,0.75,visible_pixel_support,False,visible_candidate,polar_line-sound-pressure-level-directivity-000127,example-reviewer,accepted,,False,continuous,0,126,curve-sound-pressure-level-directivity-000127,reviewed_visible_observation,confirmed_continuous_curve
sound-pressure-level-directivity,127.0,47.44353261096452,0.5,0.078916195550498,375.0,261.0,78.40918313565064,2.400797746278819,0.5,11,0.75,visible_pixel_support,False,visible_candidate,polar_line-sound-pressure-level-directivity-000128,example-reviewer,accepted,,False,continuous,0,127,curve-sound-pressure-level-directivity-000128,reviewed_visible_observation,confirmed_continuous_curve
sound-pressure-level-directivity,128.0,47.568707832420905,0.5,0.078916195550498,375.0,260.0,79.20227269466452,2.4143535087726207,0.5,10,0.75,visible_pixel_support,False,visible_candidate,polar_line-sound-pressure-level-directivity-000129,example-reviewer,accepted,,False,continuous,0,128,curve-sound-pressure-level-directivity-000129,reviewed_visible_observation,confirmed_continuous_curve
sound-pressure-level-directivity,129.0,47.76249778443034,0.5,0.078916195550498,377.0,260.0,80.43009387039157,2.4265595370473463,0.5,11,0.75,visible_pixel_support,False,visible_candidate,polar_line-sound-pressure-level-directivity-000130,example-reviewer,accepted,,False,continuous,0,129,curve-sound-pressure-level-directivity-000130,reviewed_visible_observation,confirmed_continuous_curve
sound-pressure-level-directivity,130.0,47.83977558919446,0.5,0.0789161955504909,379.0,261.0,80.91971329657564,2.1115067476624603,0.5,10,0.75,visible_pixel_support,False,visible_candidate,polar_line-sound-pressure-level-directivity-000131,example-reviewer,accepted,,False,continuous,0,130,curve-sound-pressure-level-directivity-000131,reviewed_visible_observation,confirmed_continuous_curve
sound-pressure-level-directivity,131.0,47.822209176581794,0.5,0.078916195550498,380.0,262.0,80.8084154033477,1.7890835752595748,0.5,9,0.75,visible_pixel_support,False,visible_candidate,polar_line-sound-pressure-level-directivity-000132,example-reviewer,accepted,,False,continuous,0,131,curve-sound-pressure-level-directivity-000132,reviewed_visible_observation,confirmed_continuous_curve
sound-pressure-level-directivity,132.0,47.80852966632988,0.5,0.078916195550498,381.0,263.0,80.72174428244226,1.784955132190234,0.5,9,0.75,visible_pixel_support,False,visible_candidate,polar_line-sound-pressure-level-directivity-000133,example-reviewer,accepted,,False,continuous,0,132,curve-sound-pressure-level-directivity-000133,reviewed_visible_observation,confirmed_continuous_curve
sound-pressure-level-directivity,133.0,47.79874958819098,0.5,0.078916195550498,382.0,264.0,80.65977932030313,1.7802767550024328,0.5,9,0.75,visible_pixel_support,False,visible_candidate,polar_line-sound-pressure-level-directivity-000134,example-reviewer,accepted,,False,continuous,0,133,curve-sound-pressure-level-directivity-000134,reviewed_visible_observation,confirmed_continuous_curve
sound-pressure-level-directivity,134.0,47.79287793325379,0.5,0.078916195550498,383.0,265.0,80.62257748298549,2.1333237660203537,0.5,9,0.75,visible_pixel_support,False,visible_candidate,polar_line-sound-pressure-level-directivity-000135,example-reviewer,accepted,,False,continuous,0,134,curve-sound-pressure-level-directivity-000135,reviewed_visible_observation,confirmed_continuous_curve
sound-pressure-level-directivity,135.0,47.79092011276665,0.5,0.078916195550498,384.0,266.0,80.61017305526642,1.766174402438942,0.5,9,0.75,visible_pixel_support,False,visible_candidate,polar_line-sound-pressure-level-directivity-000136,example-reviewer,accepted,,False,continuous,0,135,curve-sound-pressure-level-directivity-000136,reviewed_visible_observation,confirmed_continuous_curve
sound-pressure-level-directivity,136.0,47.79287793325379,0.5,0.078916195550498,385.0,267.0,80.62257748298549,1.7722696976065535,0.5,9,0.75,visible_pixel_support,False,visible_candidate,polar_line-sound-pressure-level-directivity-000137,example-reviewer,accepted,,False,continuous,0,136,curve-sound-pressure-level-directivity-000137,reviewed_visible_observation,confirmed_continuous_curve
sound-pressure-level-directivity,137.0,47.79874958819098,0.5,0.078916195550498,386.0,268.0,80.65977932030313,1.7778120724591844,0.5,9,0.75,visible_pixel_support,False,visible_candidate,polar_line-sound-pressure-level-directivity-000138,example-reviewer,accepted,,False,continuous,0,137,curve-sound-pressure-level-directivity-000138,reviewed_visible_observation,confirmed_continuous_curve
sound-pressure-level-directivity,138.0,47.80852966632988,0.5,0.078916195550498,387.0,269.0,80.72174428244226,1.782797645931403,0.5,9,0.75,visible_pixel_support,False,visible_candidate,polar_line-sound-pressure-level-directivity-000139,example-reviewer,accepted,,False,continuous,0,138,curve-sound-pressure-level-directivity-000139,reviewed_visible_observation,confirmed_continuous_curve
sound-pressure-level-directivity,139.0,47.59955779427164,0.5,0.078916195550498,387.0,271.0,79.39773296511683,1.7893729121201218,0.5,9,0.75,visible_pixel_support,False,visible_candidate,polar_line-sound-pressure-level-directivity-000140,example-reviewer,accepted,,False,continuous,0,139,curve-sound-pressure-level-directivity-000140,reviewed_visible_observation,confirmed_continuous_curve
sound-pressure-level-directivity,140.0,47.61743587364453,0.5,0.078916195550498,388.0,272.0,79.51100552753688,1.792967857285376,0.5,9,0.75,visible_pixel_support,False,visible_candidate,polar_line-sound-pressure-level-directivity-000141,example-reviewer,accepted,,False,continuous,0,140,curve-sound-pressure-level-directivity-000141,reviewed_visible_observation,confirmed_continuous_curve
sound-pressure-level-directivity,141.0,47.861212892783904,0.5,0.078916195550498,390.0,272.0,81.05553651663777,2.4987022592764063,0.5,11,0.75,visible_pixel_support,False,visible_candidate,polar_line-sound-pressure-level-directivity-000142,example-reviewer,accepted,,False,continuous,0,141,curve-sound-pressure-level-directivity-000142,reviewed_visible_observation,confirmed_continuous_curve
sound-pressure-level-directivity,142.0,48.011242179519854,0.5,0.078916195550498,392.0,273.0,82.00609733428362,2.893121707944225,0.5,13,0.75,visible_pixel_support,False,visible_candidate,polar_line-sound-pressure-level-directivity-000143,example-reviewer,accepted,,False,continuous,0,142,curve-sound-pressure-level-directivity-000143,reviewed_visible_observation,confirmed_continuous_curve
sound-pressure-level-directivity,143.0,48.136698229725475,0.5,0.078916195550498,393.0,273.0,82.80096617793781,2.5990638754520035,0.5,11,0.75,visible_pixel_support,False,visible_candidate,polar_line-sound-pressure-level-directivity-000144,example-reviewer,accepted,,False,continuous,0,143,curve-sound-pressure-level-directivity-000144,reviewed_visible_observation,confirmed_continuous_curve
sound-pressure-level-directivity,144.0,48.51715879466036,0.5,0.0789161955504909,396.0,273.0,85.21150157109074,3.0158368944340737,0.5,13,0.75,visible_pixel_support,False,visible_candidate,polar_line-sound-pressure-level-directivity-000145,example-reviewer,accepted,,False,continuous,0,144,curve-sound-pressure-level-directivity-000145,reviewed_visible_observation,confirmed_continuous_curve
sound-pressure-level-directivity,145.0,48.683754945073815,0.5,0.078916195550498,398.0,274.0,86.2670273047588,3.315444797123263,0.5,14,0.75,visible_pixel_support,False,visible_candidate,polar_line-sound-pressure-level-directivity-000146,example-reviewer,accepted,,False,continuous,0,145,curve-sound-pressure-level-directivity-000146,reviewed_visible_observation,confirmed_continuous_curve
sound-pressure-level-directivity,146.0,48.9447136405244,0.5,0.078916195550498,400.0,274.0,87.92041856133307,3.0480713143307483,0.5,12,0.75,visible_pixel_support,False,visible_candidate,polar_line-sound-pressure-level-directivity-000147,example-reviewer,accepted,,False,continuous,0,146,curve-sound-pressure-level-directivity-000147,reviewed_visible_observation,confirmed_continuous_curve
sound-pressure-level-directivity,147.0,49.207903423056415,0.5,0.078916195550498,402.0,274.0,89.58794561770016,3.480042328962533,0.5,16,0.75,visible_pixel_support,False,visible_candidate,polar_line-sound-pressure-level-directivity-000148,example-reviewer,accepted,,False,continuous,0,147,curve-sound-pressure-level-directivity-000148,reviewed_visible_observation,confirmed_continuous_curve
sound-pressure-level-directivity,148.0,49.38908472156476,0.5,0.078916195550498,404.0,275.0,90.7358804442873,3.0747566435963307,0.5,15,0.75,visible_pixel_support,False,visible_candidate,polar_line-sound-pressure-level-directivity-000149,example-reviewer,accepted,,False,continuous,0,148,curve-sound-pressure-level-directivity-000149,reviewed_visible_observation,confirmed_continuous_curve
sound-pressure-level-directivity,149.0,49.79303303172185,0.5,0.0789161955504909,407.0,275.0,93.29523031752481,3.9441403590441055,0.5,15,0.75,visible_pixel_support,False,visible_candidate,polar_line-sound-pressure-level-directivity-000150,example-reviewer,accepted,,False,continuous,0,149,curve-sound-pressure-level-directivity-000150,reviewed_visible_observation,confirmed_continuous_curve
sound-pressure-level-directivity,150.0,50.06459279030467,0.5,0.078916195550498,409.0,275.0,95.01578816175763,3.3477760035028368,0.5,17,0.75,visible_pixel_support,False,visible_candidate,polar_line-sound-pressure-level-directivity-000151,example-reviewer,accepted,,False,continuous,0,150,curve-sound-pressure-level-directivity-000151,reviewed_visible_observation,confirmed_continuous_curve
sound-pressure-level-directivity,151.0,50.398091422276096,0.5,0.078916195550498,412.0,276.0,97.12878049270464,3.984163043003228,0.5,16,0.75,visible_pixel_support,False,visible_candidate,polar_line-sound-pressure-level-directivity-000152,example-reviewer,accepted,,False,continuous,0,151,curve-sound-pressure-level-directivity-000152,reviewed_visible_observation,confirmed_continuous_curve
sound-pressure-level-directivity,152.0,50.740390768614624,0.5,0.078916195550498,415.0,277.0,99.29753269845128,3.5564350151468105,0.5,19,0.75,visible_pixel_support,False,visible_candidate,polar_line-sound-pressure-level-directivity-000153,example-reviewer,accepted,,False,continuous,0,152,curve-sound-pressure-level-directivity-000153,reviewed_visible_observation,confirmed_continuous_curve
sound-pressure-level-directivity,153.0,51.09092680685605,0.5,0.078916195550498,418.0,278.0,101.51847122568385,4.464364828753688,0.5,18,0.75,visible_pixel_support,False,visible_candidate,polar_line-sound-pressure-level-directivity-000154,example-reviewer,accepted,,False,continuous,0,153,curve-sound-pressure-level-directivity-000154,reviewed_visible_observation,confirmed_continuous_curve
sound-pressure-level-directivity,154.0,51.44384741174338,0.5,0.078916195550498,420.0,277.0,103.75451797391764,3.365746890214453,0.5,18,0.75,visible_pixel_support,False,visible_candidate,polar_line-sound-pressure-level-directivity-000155,example-reviewer,accepted,,False,continuous,0,154,curve-sound-pressure-level-directivity-000155,reviewed_visible_observation,confirmed_continuous_curve
sound-pressure-level-directivity,155.0,51.87921102328249,0.5,0.078916195550498,424.0,279.0,106.51291001564083,4.956207786869612,0.5,19,0.75,visible_pixel_support,False,visible_candidate,polar_line-sound-pressure-level-directivity-000156,example-reviewer,accepted,,False,continuous,0,155,curve-sound-pressure-level-directivity-000156,reviewed_visible_observation,confirmed_continuous_curve
sound-pressure-level-directivity,156.0,52.24857070387171,0.5,0.078916195550498,427.0,280.0,108.85311203635843,4.06391625016952,0.5,22,0.75,visible_pixel_support,False,visible_candidate,polar_line-sound-pressure-level-directivity-000157,example-reviewer,accepted,,False,continuous,0,156,curve-sound-pressure-level-directivity-000157,reviewed_visible_observation,confirmed_continuous_curve
sound-pressure-level-directivity,157.0,52.80855301567246,0.5,0.078916195550498,430.0,278.0,112.40106761058811,4.529435160563089,0.5,22,0.75,visible_pixel_support,False,visible_candidate,polar_line-sound-pressure-level-directivity-000158,example-reviewer,accepted,,False,continuous,0,157,curve-sound-pressure-level-directivity-000158,reviewed_visible_observation,confirmed_continuous_curve
sound-pressure-level-directivity,158.0,53.21051212671397,0.5,0.078916195550498,434.0,281.0,114.94781424629178,5.477758282058687,0.5,24,0.75,visible_pixel_support,False,visible_candidate,polar_line-sound-pressure-level-directivity-000159,example-reviewer,accepted,,False,continuous,0,158,curve-sound-pressure-level-directivity-000159,reviewed_visible_observation,confirmed_continuous_curve
sound-pressure-level-directivity,159.0,53.70895793717383,0.5,0.078916195550498,437.0,280.0,118.10588469674151,4.847917954860982,0.5,25,0.75,visible_pixel_support,False,visible_candidate,polar_line-sound-pressure-level-directivity-000160,example-reviewer,accepted,,False,continuous,0,159,curve-sound-pressure-level-directivity-000160,reviewed_visible_observation,confirmed_continuous_curve
sound-pressure-level-directivity,160.0,54.24319780444108,0.5,0.078916195550498,441.0,281.0,121.49074038789952,3.9270479279110404,0.5,21,0.75,visible_pixel_support,False,visible_candidate,polar_line-sound-pressure-level-directivity-000161,example-reviewer,accepted,,False,continuous,0,160,curve-sound-pressure-level-directivity-000161,reviewed_visible_observation,confirmed_continuous_curve
sound-pressure-level-directivity,161.0,54.434514781379406,0.5,0.078916195550498,443.0,283.0,122.70289320142373,2.5246053209899344,0.5,15,0.75,visible_pixel_support,False,visible_candidate,polar_line-sound-pressure-level-directivity-000162,example-reviewer,accepted,,False,continuous,0,161,curve-sound-pressure-level-directivity-000162,reviewed_visible_observation,confirmed_continuous_curve
sound-pressure-level-directivity,162.0,54.533307685144436,0.5,0.078916195550498,444.0,284.0,123.3288287465668,1.8973416417508489,0.5,14,0.75,visible_pixel_support,False,visible_candidate,polar_line-sound-pressure-level-directivity-000163,example-reviewer,accepted,,False,continuous,0,162,curve-sound-pressure-level-directivity-000163,reviewed_visible_observation,confirmed_continuous_curve
sound-pressure-level-directivity,163.0,54.586345833661284,0.5,0.0789161955504909,445.0,286.0,123.664869708418,1.908361178718799,0.5,14,0.75,visible_pixel_support,False,visible_candidate,polar_line-sound-pressure-level-directivity-000164,example-reviewer,accepted,,False,continuous,0,163,curve-sound-pressure-level-directivity-000164,reviewed_visible_observation,confirmed_continuous_curve
sound-pressure-level-directivity,164.0,54.64560342380349,0.5,0.078916195550498,446.0,288.0,124.04031602668546,1.9187111410086573,0.5,14,0.75,visible_pixel_support,False,visible_candidate,polar_line-sound-pressure-level-directivity-000165,example-reviewer,accepted,,False,continuous,0,164,curve-sound-pressure-level-directivity-000165,reviewed_visible_observation,confirmed_continuous_curve
sound-pressure-level-directivity,165.0,54.71102416855989,0.5,0.0789161955504909,447.0,290.0,124.45481107614924,1.9283932746847938,0.5,14,0.75,visible_pixel_support,False,visible_candidate,polar_line-sound-pressure-level-directivity-000166,example-reviewer,accepted,,False,continuous,0,165,curve-sound-pressure-level-directivity-000166,reviewed_visible_observation,confirmed_continuous_curve
sound-pressure-level-directivity,166.0,54.782546712521814,0.5,0.078916195550498,448.0,292.0,124.90796611905904,1.937411170101825,0.5,14,0.75,visible_pixel_support,False,visible_candidate,polar_line-sound-pressure-level-directivity-000167,example-reviewer,accepted,,False,continuous,0,166,curve-sound-pressure-level-directivity-000167,reviewed_visible_observation,confirmed_continuous_curve
sound-pressure-level-directivity,167.0,54.86010490567666,0.5,0.078916195550498,449.0,294.0,125.39936203984452,1.9457701851858786,0.5,14,0.75,visible_pixel_support,False,visible_candidate,polar_line-sound-pressure-level-directivity-000168,example-reviewer,accepted,,False,continuous,0,167,curve-sound-pressure-level-directivity-000168,reviewed_visible_observation,confirmed_continuous_curve
sound-pressure-level-directivity,168.0,54.94362809157455,0.5,0.078916195550498,450.0,296.0,125.92855117089213,1.95347735784555,0.5,14,0.75,visible_pixel_support,False,visible_candidate,polar_line-sound-pressure-level-directivity-000169,example-reviewer,accepted,,False,continuous,0,168,curve-sound-pressure-level-directivity-000169,reviewed_visible_observation,confirmed_continuous_curve
sound-pressure-level-directivity,169.0,55.00244844521205,0.5,0.0789161955504909,451.0,299.0,126.30122723077555,1.9635508098176473,0.5,14,0.75,visible_pixel_support,False,visible_candidate,polar_line-sound-pressure-level-directivity-000170,example-reviewer,accepted,,False,continuous,0,169,curve-sound-pressure-level-directivity-000170,reviewed_visible_observation,confirmed_continuous_curve
sound-pressure-level-directivity,170.0,55.10030581988437,0.5,0.078916195550498,452.0,301.0,126.92123541787639,2.379613465134561,0.5,14,0.75,visible_pixel_support,False,visible_candidate,polar_line-sound-pressure-level-directivity-000171,example-reviewer,accepted,,False,continuous,0,170,curve-sound-pressure-level-directivity-000171,reviewed_visible_observation,confirmed_continuous_curve
sound-pressure-level-directivity,171.0,55.22921980017527,0.5,0.078916195550498,453.0,302.0,127.73801313626261,2.3945848917580577,0.5,15,0.75,visible_pixel_support,False,visible_candidate,polar_line-sound-pressure-level-directivity-000172,example-reviewer,accepted,,False,continuous,0,171,curve-sound-pressure-level-directivity-000172,reviewed_visible_observation,confirmed_continuous_curve
sound-pressure-level-directivity,172.0,55.46934851271791,0.5,0.078916195550498,455.0,305.0,129.2594290564522,2.4022416476971884,0.5,15,0.75,visible_pixel_support,False,visible_candidate,polar_line-sound-pressure-level-directivity-000173,example-reviewer,accepted,,False,continuous,0,172,curve-sound-pressure-level-directivity-000173,reviewed_visible_observation,confirmed_continuous_curve
sound-pressure-level-directivity,173.0,55.5844133717166,0.5,0.078916195550498,456.0,307.0,129.98846102635417,2.4159144500194785,0.5,14,0.75,visible_pixel_support,False,visible_candidate,polar_line-sound-pressure-level-directivity-000174,example-reviewer,accepted,,False,continuous,0,173,curve-sound-pressure-level-directivity-000174,reviewed_visible_observation,confirmed_continuous_curve
sound-pressure-level-directivity,174.0,55.704872947082066,0.5,0.0789161955504909,457.0,309.0,130.75167302944922,2.4352396150357265,0.5,16,0.75,visible_pixel_support,False,visible_candidate,polar_line-sound-pressure-level-directivity-000175,example-reviewer,accepted,,False,continuous,0,174,curve-sound-pressure-level-directivity-000175,reviewed_visible_observation,confirmed_continuous_curve
sound-pressure-level-directivity,175.0,55.974114067823834,0.5,0.078916195550498,459.0,312.0,132.45754036671525,2.4468985908204246,0.5,18,0.75,visible_pixel_support,False,visible_candidate,polar_line-sound-pressure-level-directivity-000176,example-reviewer,accepted,,False,continuous,0,175,curve-sound-pressure-level-directivity-000176,reviewed_visible_observation,confirmed_continuous_curve
sound-pressure-level-directivity,176.0,56.11898363110233,0.5,0.078916195550498,460.0,313.0,133.37541002748594,2.463147286584231,0.5,17,0.75,visible_pixel_support,False,visible_candidate,polar_line-sound-pressure-level-directivity-000177,example-reviewer,accepted,,False,continuous,0,176,curve-sound-pressure-level-directivity-000177,reviewed_visible_observation,confirmed_continuous_curve
sound-pressure-level-directivity,177.0,56.25522195142962,0.5,0.0789161955504909,461.0,315.0,134.23859355639868,2.444560940639107,0.5,14,0.75,visible_pixel_support,False,visible_candidate,polar_line-sound-pressure-level-directivity-000178,example-reviewer,accepted,,False,continuous,0,177,curve-sound-pressure-level-directivity-000178,reviewed_visible_observation,confirmed_continuous_curve
sound-pressure-level-directivity,178.0,56.54251119345061,0.5,0.0789161955504909,463.0,319.0,136.0588108135596,2.4776402227910097,0.5,18,0.75,visible_pixel_support,False,visible_candidate,polar_line-sound-pressure-level-directivity-000179,example-reviewer,accepted,,False,continuous,0,178,curve-sound-pressure-level-directivity-000179,reviewed_visible_observation,confirmed_continuous_curve
sound-pressure-level-directivity,179.0,56.7002758598588,0.5,0.078916195550498,464.0,319.0,137.05838172107534,2.9772983932729886,0.5,20,0.75,visible_pixel_support,False,visible_candidate,polar_line-sound-pressure-level-directivity-000180,example-reviewer,accepted,,False,continuous,0,179,curve-sound-pressure-level-directivity-000180,reviewed_visible_observation,confirmed_continuous_curve
sound-pressure-level-directivity,180.0,57.006726115426865,0.5,0.078916195550498,466.0,323.0,139.0,2.4999348169017708,0.5,14,0.75,visible_pixel_support,False,visible_candidate,polar_line-sound-pressure-level-directivity-000181,example-reviewer,accepted,,False,continuous,0,180,curve-sound-pressure-level-directivity-000181,reviewed_visible_observation,confirmed_continuous_curve
sound-pressure-level-directivity,181.0,57.1668131399457,0.5,0.078916195550498,467.0,325.0,140.0142849854971,2.026351857897211,0.5,17,0.75,visible_pixel_support,False,visible_candidate,polar_line-sound-pressure-level-directivity-000182,example-reviewer,accepted,,False,continuous,0,181,curve-sound-pressure-level-directivity-000182,reviewed_visible_observation,confirmed_continuous_curve
sound-pressure-level-directivity,182.0,57.33134412590968,0.5,0.0789161955504909,468.0,327.0,141.05672617780408,1.5345809945348492,0.5,12,0.75,visible_pixel_support,False,visible_candidate,polar_line-sound-pressure-level-directivity-000183,example-reviewer,accepted,,False,continuous,0,182,curve-sound-pressure-level-directivity-000183,reviewed_visible_observation,confirmed_continuous_curve
sound-pressure-level-directivity,183.0,57.35818223344724,0.5,0.078916195550498,468.0,331.0,141.2267680009707,2.076750369468215,0.5,17,0.75,visible_pixel_support,False,visible_candidate,polar_line-sound-pressure-level-directivity-000184,example-reviewer,accepted,,False,continuous,0,183,curve-sound-pressure-level-directivity-000184,reviewed_visible_observation,confirmed_continuous_curve
sound-pressure-level-directivity,184.0,57.52519374806943,0.5,0.0789161955504909,469.0,332.0,142.28492541376264,2.095571310900226,0.5,14,0.75,visible_pixel_support,False,visible_candidate,polar_line-sound-pressure-level-directivity-000185,example-reviewer,accepted,,False,continuous,0,184,curve-sound-pressure-level-directivity-000185,reviewed_visible_observation,confirmed_continuous_curve
sound-pressure-level-directivity,185.0,57.70473243344735,0.5,0.0789161955504909,470.0,334.0,143.42245291445826,2.6214081396287128,0.5,18,0.75,visible_pixel_support,False,visible_candidate,polar_line-sound-pressure-level-directivity-000186,example-reviewer,accepted,,False,continuous,0,185,curve-sound-pressure-level-directivity-000186,reviewed_visible_observation,confirmed_continuous_curve
sound-pressure-level-directivity,186.0,57.77889281343532,0.5,0.078916195550498,470.0,339.0,143.8923208513922,2.197563969599827,0.5,16,0.75,visible_pixel_support,False,visible_candidate,polar_line-sound-pressure-level-directivity-000187,example-reviewer,accepted,,False,continuous,0,186,curve-sound-pressure-level-directivity-000187,reviewed_visible_observation,confirmed_continuous_curve
sound-pressure-level-directivity,187.0,57.95372046203279,0.5,0.078916195550498,471.0,340.0,145.0,2.166272709806748,0.5,17,0.75,visible_pixel_support,False,visible_candidate,polar_line-sound-pressure-level-directivity-000188,example-reviewer,accepted,,False,continuous,0,187,curve-sound-pressure-level-directivity-000188,reviewed_visible_observation,confirmed_continuous_curve
sound-pressure-level-directivity,188.0,58.149358373127846,0.5,0.078916195550498,472.0,342.0,146.23952953972466,2.19021322294266,0.5,17,0.75,visible_pixel_support,False,visible_candidate,polar_line-sound-pressure-level-directivity-000189,example-reviewer,accepted,,False,continuous,0,188,curve-sound-pressure-level-directivity-000189,reviewed_visible_observation,confirmed_continuous_curve
sound-pressure-level-directivity,189.0,58.26509008772241,0.5,0.0789161955504909,472.0,347.0,146.972786596703,2.2884820239672905,0.5,17,0.75,visible_pixel_support,False,visible_candidate,polar_line-sound-pressure-level-directivity-000190,example-reviewer,accepted,,False,continuous,0,189,curve-sound-pressure-level-directivity-000190,reviewed_visible_observation,confirmed_continuous_curve
sound-pressure-level-directivity,190.0,58.446938359728705,0.5,0.078916195550498,473.0,348.0,148.12494725737457,2.228189693615235,0.5,18,0.75,visible_pixel_support,False,visible_candidate,polar_line-sound-pressure-level-directivity-000191,example-reviewer,accepted,,False,continuous,0,190,curve-sound-pressure-level-directivity-000191,reviewed_visible_observation,confirmed_continuous_curve
sound-pressure-level-directivity,191.0,58.43841252105075,0.5,0.078916195550498,472.0,353.0,148.07092894960846,2.265874189309784,0.5,16,0.75,visible_pixel_support,False,visible_candidate,polar_line-sound-pressure-level-directivity-000192,example-reviewer,accepted,,False,continuous,0,191,curve-sound-pressure-level-directivity-000192,reviewed_visible_observation,confirmed_continuous_curve
sound-pressure-level-directivity,192.0,58.35030769729189,0.5,0.078916195550498,471.0,355.0,147.5127113166862,1.9523656744184734,0.5,16,0.75,visible_pixel_support,False,visible_candidate,polar_line-sound-pressure-level-directivity-000193,example-reviewer,accepted,,False,continuous,0,192,curve-sound-pressure-level-directivity-000193,reviewed_visible_observation,confirmed_continuous_curve
sound-pressure-level-directivity,193.0,58.35030769729189,0.5,0.078916195550498,471.0,355.0,147.5127113166862,2.2121708622695024,0.5,15,0.75,visible_pixel_support,False,visible_candidate,polar_line-sound-pressure-level-directivity-000194,example-reviewer,accepted,,False,continuous,0,193,curve-sound-pressure-level-directivity-000194,reviewed_visible_observation,confirmed_continuous_curve
sound-pressure-level-directivity,194.0,58.18925699343578,0.5,0.078916195550498,469.0,359.0,146.4923206178399,1.9386572627472844,0.5,16,0.75,visible_pixel_support,False,visible_candidate,polar_line-sound-pressure-level-directivity-000195,example-reviewer,accepted,,False,continuous,0,194,curve-sound-pressure-level-directivity-000195,reviewed_visible_observation,confirmed_continuous_curve
sound-pressure-level-directivity,195.0,58.1579909436478,0.5,0.0789161955504909,468.0,362.0,146.2942240828393,1.927609436572311,0.5,16,0.75,visible_pixel_support,False,visible_candidate,polar_line-sound-pressure-level-directivity-000196,example-reviewer,accepted,,False,continuous,0,195,curve-sound-pressure-level-directivity-000196,reviewed_visible_observation,confirmed_continuous_curve
sound-pressure-level-directivity,196.0,58.092626814940346,0.5,0.0789161955504909,467.0,364.0,145.8800877433243,2.130502387004128,0.5,16,0.75,visible_pixel_support,False,visible_candidate,polar_line-sound-pressure-level-directivity-000197,example-reviewer,accepted,,False,continuous,0,196,curve-sound-pressure-level-directivity-000197,reviewed_visible_observation,confirmed_continuous_curve
sound-pressure-level-directivity,197.0,58.03250106234526,0.5,0.0789161955504909,466.0,366.0,145.49914089093448,1.9106484344460881,0.5,15,0.75,visible_pixel_support,False,visible_candidate,polar_line-sound-pressure-level-directivity-000198,example-reviewer,accepted,,False,continuous,0,197,curve-sound-pressure-level-directivity-000198,reviewed_visible_observation,confirmed_continuous_curve
sound-pressure-level-directivity,198.0,58.02707659615173,0.5,0.078916195550498,465.0,369.0,145.46477236774544,1.8973486597821392,0.5,16,0.75,visible_pixel_support,False,visible_candidate,polar_line-sound-pressure-level-directivity-000199,example-reviewer,accepted,,False,continuous,0,198,curve-sound-pressure-level-directivity-000199,reviewed_visible_observation,confirmed_continuous_curve
sound-pressure-level-directivity,199.0,57.97982955076448,0.5,0.078916195550498,464.0,371.0,145.16542288024377,1.887482231706386,0.5,15,0.75,visible_pixel_support,False,visible_candidate,polar_line-sound-pressure-level-directivity-000200,example-reviewer,accepted,,False,continuous,0,199,curve-sound-pressure-level-directivity-000200,reviewed_visible_observation,confirmed_continuous_curve
sound-pressure-level-directivity,200.0,57.93793177666977,0.5,0.078916195550498,463.0,373.0,144.89996549343965,2.3453720772100013,0.5,16,0.75,visible_pixel_support,False,visible_candidate,polar_line-sound-pressure-level-directivity-000201,example-reviewer,accepted,,False,continuous,0,200,curve-sound-pressure-level-directivity-000201,reviewed_visible_observation,confirmed_continuous_curve
sound-pressure-level-directivity,201.0,57.754199623221915,0.5,0.078916195550498,461.0,375.0,143.7358688706476,2.979652000169679,0.5,20,0.75,visible_pixel_support,False,visible_candidate,polar_line-sound-pressure-level-directivity-000202,example-reviewer,accepted,,False,continuous,0,201,curve-sound-pressure-level-directivity-000202,reviewed_visible_observation,confirmed_continuous_curve
sound-pressure-level-directivity,202.0,57.37214762450532,0.5,0.078916195550498,458.0,376.0,141.315250415516,3.707812524006698,0.5,20,0.75,visible_pixel_support,False,visible_candidate,polar_line-sound-pressure-level-directivity-000203,example-reviewer,accepted,,False,continuous,0,202,curve-sound-pressure-level-directivity-000203,reviewed_visible_observation,confirmed_continuous_curve
sound-pressure-level-directivity,203.0,57.056630688206035,0.5,0.078916195550498,455.0,378.0,139.31618714277246,3.4147615845615036,0.5,20,0.75,visible_pixel_support,False,visible_candidate,polar_line-sound-pressure-level-directivity-000204,example-reviewer,accepted,,False,continuous,0,203,curve-sound-pressure-level-directivity-000204,reviewed_visible_observation,confirmed_continuous_curve
sound-pressure-level-directivity,204.0,56.68645259707603,0.5,0.0789161955504909,452.0,379.0,136.97079980784227,3.4031050753909113,0.5,21,0.75,visible_pixel_support,False,visible_candidate,polar_line-sound-pressure-level-directivity-000205,example-reviewer,accepted,,False,continuous,0,204,curve-sound-pressure-level-directivity-000205,reviewed_visible_observation,confirmed_continuous_curve
sound-pressure-level-directivity,205.0,56.32154858290462,0.5,0.078916195550498,449.0,380.0,134.65882815471105,3.173103909513685,0.5,18,0.75,visible_pixel_support,False,visible_candidate,polar_line-sound-pressure-level-directivity-000206,example-reviewer,accepted,,False,continuous,0,205,curve-sound-pressure-level-directivity-000206,reviewed_visible_observation,confirmed_continuous_curve
sound-pressure-level-directivity,206.0,56.03182554152406,0.5,0.078916195550498,446.0,382.0,132.82319074619463,2.9127919233923194,0.5,16,0.75,visible_pixel_support,False,visible_candidate,polar_line-sound-pressure-level-directivity-000207,example-reviewer,accepted,,False,continuous,0,206,curve-sound-pressure-level-directivity-000207,reviewed_visible_observation,confirmed_continuous_curve
sound-pressure-level-directivity,207.0,55.75370336033606,0.5,0.078916195550498,443.0,384.0,131.06105447462264,2.9006557313066423,0.5,17,0.75,visible_pixel_support,False,visible_candidate,polar_line-sound-pressure-level-directivity-000208,example-reviewer,accepted,,False,continuous,0,207,curve-sound-pressure-level-directivity-000208,reviewed_visible_observation,confirmed_continuous_curve
sound-pressure-level-directivity,208.0,55.540655396294625,0.5,0.078916195550498,442.0,383.0,129.71121771072848,2.887721040293812,0.5,16,0.75,visible_pixel_support,False,visible_candidate,polar_line-sound-pressure-level-directivity-000209,example-reviewer,accepted,,False,continuous,0,208,curve-sound-pressure-level-directivity-000209,reviewed_visible_observation,confirmed_continuous_curve
sound-pressure-level-directivity,209.0,55.27303579392462,0.5,0.0789161955504909,439.0,385.0,128.01562404644207,2.6245105173635253,0.5,16,0.75,visible_pixel_support,False,visible_candidate,polar_line-sound-pressure-level-directivity-000210,example-reviewer,accepted,,False,continuous,0,209,curve-sound-pressure-level-directivity-000210,reviewed_visible_observation,confirmed_continuous_curve
sound-pressure-level-directivity,210.0,55.01806296101839,0.5,0.0789161955504909,436.0,387.0,126.40015822774906,2.413442312913709,0.5,15,0.75,visible_pixel_support,False,visible_candidate,polar_line-sound-pressure-level-directivity-000211,example-reviewer,accepted,,False,continuous,0,210,curve-sound-pressure-level-directivity-000211,reviewed_visible_observation,confirmed_continuous_curve
sound-pressure-level-directivity,211.0,54.96304551216479,0.5,0.078916195550498,435.0,388.0,126.05157674539419,1.8880307327731387,0.5,14,0.75,visible_pixel_support,False,visible_candidate,polar_line-sound-pressure-level-directivity-000212,example-reviewer,accepted,,False,continuous,0,211,curve-sound-pressure-level-directivity-000212,reviewed_visible_observation,confirmed_continuous_curve
sound-pressure-level-directivity,212.0,54.9936989716207,0.5,0.078916195550498,434.0,390.0,126.24579200908045,1.908893308537813,0.5,14,0.75,visible_pixel_support,False,visible_candidate,polar_line-sound-pressure-level-directivity-000213,example-reviewer,accepted,,False,continuous,0,212,curve-sound-pressure-level-directivity-000213,reviewed_visible_observation,confirmed_continuous_curve
sound-pressure-level-directivity,213.0,55.03054577991506,0.5,0.078916195550498,433.0,392.0,126.4792473095883,1.929093148671278,0.5,14,0.75,visible_pixel_support,False,visible_candidate,polar_line-sound-pressure-level-directivity-000214,example-reviewer,accepted,,False,continuous,0,213,curve-sound-pressure-level-directivity-000214,reviewed_visible_observation,confirmed_continuous_curve
sound-pressure-level-directivity,214.0,55.073551715765234,0.5,0.078916195550498,432.0,394.0,126.75172582651489,1.9486184686969992,0.5,14,0.75,visible_pixel_support,False,visible_candidate,polar_line-sound-pressure-level-directivity-000215,example-reviewer,accepted,,False,continuous,0,214,curve-sound-pressure-level-directivity-000215,reviewed_visible_observation,confirmed_continuous_curve
sound-pressure-level-directivity,215.0,55.12267715563185,0.5,0.0789161955504909,431.0,396.0,127.06297651164952,1.9674594868356792,0.5,14,0.75,visible_pixel_support,False,visible_candidate,polar_line-sound-pressure-level-directivity-000216,example-reviewer,accepted,,False,continuous,0,215,curve-sound-pressure-level-directivity-000216,reviewed_visible_observation,confirmed_continuous_curve
sound-pressure-level-directivity,216.0,55.17787725239686,0.5,0.078916195550498,430.0,398.0,127.41271522104849,1.9856084278290638,0.5,14,0.75,visible_pixel_support,False,visible_candidate,polar_line-sound-pressure-level-directivity-000217,example-reviewer,accepted,,False,continuous,0,216,curve-sound-pressure-level-directivity-000217,reviewed_visible_observation,confirmed_continuous_curve
sound-pressure-level-directivity,217.0,55.239102134472674,0.5,0.078916195550498,429.0,400.0,127.80062597655773,2.003059511500723,0.5,14,0.75,visible_pixel_support,False,visible_candidate,polar_line-sound-pressure-level-directivity-000218,example-reviewer,accepted,,False,continuous,0,217,curve-sound-pressure-level-directivity-000218,reviewed_visible_observation,confirmed_continuous_curve
sound-pressure-level-directivity,218.0,55.30629712334026,0.5,0.0789161955504909,428.0,402.0,128.22636234409833,2.0198089266779604,0.5,15,0.75,visible_pixel_support,False,visible_candidate,polar_line-sound-pressure-level-directivity-000219,example-reviewer,accepted,,False,continuous,0,218,curve-sound-pressure-level-directivity-000219,reviewed_visible_observation,confirmed_continuous_curve
sound-pressure-level-directivity,219.0,55.37940296738454,0.5,0.078916195550498,427.0,404.0,128.68954891520912,2.035854791289168,0.5,15,0.75,visible_pixel_support,False,visible_candidate,polar_line-sound-pressure-level-directivity-000220,example-reviewer,accepted,,False,continuous,0,219,curve-sound-pressure-level-directivity-000220,reviewed_visible_observation,confirmed_continuous_curve
sound-pressure-level-directivity,220.0,55.45835608980218,0.5,0.078916195550498,426.0,406.0,129.18978287774928,2.0511970996182853,0.5,15,0.75,visible_pixel_support,False,visible_candidate,polar_line-sound-pressure-level-directivity-000221,example-reviewer,accepted,,False,continuous,0,220,curve-sound-pressure-level-directivity-000221,reviewed_visible_observation,confirmed_continuous_curve
sound-pressure-level-directivity,221.0,55.52848379495484,0.5,0.078916195550498,424.0,409.0,129.634100452003,1.8411488656255344,0.5,15,0.75,visible_pixel_support,False,visible_candidate,polar_line-sound-pressure-level-directivity-000222,example-reviewer,accepted,,False,continuous,0,221,curve-sound-pressure-level-directivity-000222,reviewed_visible_observation,confirmed_continuous_curve
sound-pressure-level-directivity,222.0,55.62262518428095,0.5,0.0789161955504909,423.0,411.0,130.23056476879765,1.7836784324834554,0.5,13,0.75,visible_pixel_support,False,visible_candidate,polar_line-sound-pressure-level-directivity-000223,example-reviewer,accepted,,False,continuous,0,222,curve-sound-pressure-level-directivity-000223,reviewed_visible_observation,confirmed_continuous_curve
sound-pressure-level-directivity,223.0,55.61413981193674,0.5,0.078916195550498,422.0,412.0,130.17680284904833,2.097110575929719,0.5,13,0.75,visible_pixel_support,False,visible_candidate,polar_line-sound-pressure-level-directivity-000224,example-reviewer,accepted,,False,continuous,0,223,curve-sound-pressure-level-directivity-000224,reviewed_visible_observation,confirmed_continuous_curve
sound-pressure-level-directivity,224.0,55.715130880678785,0.5,0.078916195550498,420.0,415.0,130.8166656049603,1.7875108937369646,0.5,15,0.75,visible_pixel_support,False,visible_candidate,polar_line-sound-pressure-level-directivity-000225,example-reviewer,accepted,,False,continuous,0,224,curve-sound-pressure-level-directivity-000225,reviewed_visible_observation,confirmed_continuous_curve
sound-pressure-level-directivity,225.0,55.715130880678785,0.5,0.078916195550498,420.0,415.0,130.8166656049603,2.121196358622612,0.5,15,0.75,visible_pixel_support,False,visible_candidate,polar_line-sound-pressure-level-directivity-000226,example-reviewer,accepted,,False,continuous,0,225,curve-sound-pressure-level-directivity-000226,reviewed_visible_observation,confirmed_continuous_curve
sound-pressure-level-directivity,226.0,55.72236870765792,0.5,0.078916195550498,417.0,418.0,130.86252328302402,1.78184409015023,0.5,15,0.75,visible_pixel_support,False,visible_candidate,polar_line-sound-pressure-level-directivity-000227,example-reviewer,accepted,,False,continuous,0,226,curve-sound-pressure-level-directivity-000227,reviewed_visible_observation,confirmed_continuous_curve
sound-pressure-level-directivity,227.0,55.845625480831515,0.5,0.078916195550498,416.0,420.0,131.64345787011217,2.172893567964522,0.5,13,0.75,visible_pixel_support,False,visible_candidate,polar_line-sound-pressure-level-directivity-000228,example-reviewer,accepted,,False,continuous,0,227,curve-sound-pressure-level-directivity-000228,reviewed_visible_observation,confirmed_continuous_curve
sound-pressure-level-directivity,228.0,55.962194973174604,0.5,0.078916195550498,416.0,421.0,132.38202294873727,2.1937066140997388,0.5,15,0.75,visible_pixel_support,False,visible_candidate,polar_line-sound-pressure-level-directivity-000229,example-reviewer,accepted,,False,continuous,0,228,curve-sound-pressure-level-directivity-000229,reviewed_visible_observation,confirmed_continuous_curve
sound-pressure-level-directivity,229.0,56.0050719585835,0.5,0.078916195550498,413.0,424.0,132.6536844569347,1.8343597148344344,0.5,15,0.75,visible_pixel_support,False,visible_candidate,polar_line-sound-pressure-level-directivity-000230,example-reviewer,accepted,,False,continuous,0,229,curve-sound-pressure-level-directivity-000230,reviewed_visible_observation,confirmed_continuous_curve
sound-pressure-level-directivity,230.0,55.90309504334263,0.5,0.0789161955504909,412.0,424.0,132.0075755401939,5.632556884237189,0.5,27,0.75,visible_pixel_support,False,visible_candidate,polar_line-sound-pressure-level-directivity-000231,example-reviewer,accepted,,False,continuous,0,230,curve-sound-pressure-level-directivity-000231,reviewed_visible_observation,confirmed_continuous_curve
sound-pressure-level-directivity,231.0,55.18221240710592,0.5,0.0789161955504909,406.0,423.0,127.4401820463232,8.75411988787421,0.5,43,0.75,visible_pixel_support,False,visible_candidate,polar_line-sound-pressure-level-directivity-000232,example-reviewer,accepted,,False,continuous,0,231,curve-sound-pressure-level-directivity-000232,reviewed_visible_observation,confirmed_continuous_curve
sound-pressure-level-directivity,232.0,54.171611973496034,0.5,0.078916195550498,402.0,418.0,121.03718436910205,9.823433402587845,0.5,44,0.75,visible_pixel_support,False,visible_candidate,polar_line-sound-pressure-level-directivity-000233,example-reviewer,accepted,,False,continuous,0,232,curve-sound-pressure-level-directivity-000233,reviewed_visible_observation,confirmed_continuous_curve
sound-pressure-level-directivity,233.0,53.188529550372,0.5,0.078916195550498,397.0,414.0,114.80853626799707,8.802066618224423,0.5,40,0.75,visible_pixel_support,False,visible_candidate,polar_line-sound-pressure-level-directivity-000234,example-reviewer,accepted,,False,continuous,0,233,curve-sound-pressure-level-directivity-000234,reviewed_visible_observation,confirmed_continuous_curve
sound-pressure-level-directivity,234.0,52.27826916502065,0.5,0.078916195550498,390.0,412.0,109.04127658827184,8.380823177975572,0.5,35,0.75,visible_pixel_support,False,visible_candidate,polar_line-sound-pressure-level-directivity-000235,example-reviewer,accepted,,False,continuous,0,234,curve-sound-pressure-level-directivity-000235,reviewed_visible_observation,confirmed_continuous_curve
sound-pressure-level-directivity,235.0,51.48942029297318,0.5,0.0789161955504909,387.0,408.0,104.04326023342406,8.06900676609883,0.5,31,0.75,visible_pixel_support,False,visible_candidate,polar_line-sound-pressure-level-directivity-000236,example-reviewer,accepted,,False,continuous,0,235,curve-sound-pressure-level-directivity-000236,reviewed_visible_observation,confirmed_continuous_curve
sound-pressure-level-directivity,236.0,50.740390768614624,0.5,0.078916195550498,383.0,405.0,99.29753269845128,8.051108463745685,0.5,30,0.75,visible_pixel_support,False,visible_candidate,polar_line-sound-pressure-level-directivity-000237,example-reviewer,accepted,,False,continuous,0,236,curve-sound-pressure-level-directivity-000237,reviewed_visible_observation,confirmed_continuous_curve
sound-pressure-level-directivity,237.0,50.12758296734283,0.5,0.078916195550498,379.0,403.0,95.4148835350125,7.062432832505941,0.5,29,0.75,visible_pixel_support,False,visible_candidate,polar_line-sound-pressure-level-directivity-000238,example-reviewer,accepted,,False,continuous,0,237,curve-sound-pressure-level-directivity-000238,reviewed_visible_observation,confirmed_continuous_curve
sound-pressure-level-directivity,238.0,49.473202003971764,0.5,0.078916195550498,376.0,400.0,91.26883367283708,7.0491657969827415,0.5,26,0.75,visible_pixel_support,False,visible_candidate,polar_line-sound-pressure-level-directivity-000239,example-reviewer,accepted,,False,continuous,0,238,curve-sound-pressure-level-directivity-000239,reviewed_visible_observation,confirmed_continuous_curve
sound-pressure-level-directivity,239.0,48.95458358382193,0.5,0.0789161955504909,373.0,398.0,87.98295289429652,5.660610584201876,0.5,23,0.75,visible_pixel_support,False,visible_candidate,polar_line-sound-pressure-level-directivity-000240,example-reviewer,accepted,,False,continuous,0,239,curve-sound-pressure-level-directivity-000240,reviewed_visible_observation,confirmed_continuous_curve
sound-pressure-level-directivity,240.0,48.57630052852938,0.5,0.078916195550498,370.0,397.0,85.58621384311844,4.530760226928415,0.5,18,0.75,visible_pixel_support,False,visible_candidate,polar_line-sound-pressure-level-directivity-000241,example-reviewer,accepted,,False,continuous,0,240,curve-sound-pressure-level-directivity-000241,reviewed_visible_observation,confirmed_continuous_curve
sound-pressure-level-directivity,241.0,48.42049478821092,0.5,0.078916195550498,368.0,397.0,84.59905436823747,3.5483037169415326,0.5,15,0.75,visible_pixel_support,False,visible_candidate,polar_line-sound-pressure-level-directivity-000242,example-reviewer,accepted,,False,continuous,0,241,curve-sound-pressure-level-directivity-000242,reviewed_visible_observation,confirmed_continuous_curve
sound-pressure-level-directivity,242.0,48.83658194160404,0.5,0.078916195550498,368.0,400.0,87.23531395025755,4.000411433923134,0.5,16,0.75,visible_pixel_support,False,visible_candidate,polar_line-sound-pressure-level-directivity-000243,example-reviewer,accepted,,False,continuous,0,242,curve-sound-pressure-level-directivity-000243,reviewed_visible_observation,confirmed_continuous_curve
sound-pressure-level-directivity,243.0,49.184981974515196,0.5,0.078916195550498,367.0,403.0,89.44271909999159,4.690419116679472,0.5,21,0.75,visible_pixel_support,False,visible_candidate,polar_line-sound-pressure-level-directivity-000244,example-reviewer,accepted,,False,continuous,0,243,curve-sound-pressure-level-directivity-000244,reviewed_visible_observation,confirmed_continuous_curve
sound-pressure-level-directivity,244.0,49.46801313008609,0.5,0.0789161955504909,367.0,405.0,91.23595782365635,4.033319996559705,0.5,16,0.75,visible_pixel_support,False,visible_candidate,polar_line-sound-pressure-level-directivity-000245,example-reviewer,accepted,,False,continuous,0,244,curve-sound-pressure-level-directivity-000245,reviewed_visible_observation,confirmed_continuous_curve
sound-pressure-level-directivity,245.0,50.03799131652186,0.5,0.078916195550498,367.0,409.0,94.847245611035,4.954937386801568,0.5,19,0.75,visible_pixel_support,False,visible_candidate,polar_line-sound-pressure-level-directivity-000246,example-reviewer,accepted,,False,continuous,0,245,curve-sound-pressure-level-directivity-000246,reviewed_visible_observation,confirmed_continuous_curve
sound-pressure-level-directivity,246.0,50.40458996757428,0.5,0.078916195550498,366.0,412.0,97.16995420396162,4.720581502623212,0.5,23,0.75,visible_pixel_support,False,visible_candidate,polar_line-sound-pressure-level-directivity-000247,example-reviewer,accepted,,False,continuous,0,246,curve-sound-pressure-level-directivity-000247,reviewed_visible_observation,confirmed_continuous_curve
sound-pressure-level-directivity,247.0,50.839420990787346,0.5,0.078916195550498,366.0,415.0,99.92497185388645,4.993480381974912,0.5,20,0.75,visible_pixel_support,False,visible_candidate,polar_line-sound-pressure-level-directivity-000248,example-reviewer,accepted,,False,continuous,0,247,curve-sound-pressure-level-directivity-000248,reviewed_visible_observation,confirmed_continuous_curve
sound-pressure-level-directivity,248.0,51.42253660784307,0.5,0.078916195550498,366.0,419.0,103.61949623502326,5.473676390919302,0.5,24,0.75,visible_pixel_support,False,visible_candidate,polar_line-sound-pressure-level-directivity-000249,example-reviewer,accepted,,False,continuous,0,248,curve-sound-pressure-level-directivity-000249,reviewed_visible_observation,confirmed_continuous_curve
sound-pressure-level-directivity,249.0,51.862161509130075,0.5,0.0789161955504909,366.0,422.0,106.4048871058092,5.959484339578886,0.5,26,0.75,visible_pixel_support,False,visible_candidate,polar_line-sound-pressure-level-directivity-000250,example-reviewer,accepted,,False,continuous,0,249,curve-sound-pressure-level-directivity-000250,reviewed_visible_observation,confirmed_continuous_curve
sound-pressure-level-directivity,250.0,52.3958352282493,0.5,0.078916195550498,365.0,426.0,109.78615577567146,4.0974009447128665,0.5,20,0.75,visible_pixel_support,False,visible_candidate,polar_line-sound-pressure-level-directivity-000251,example-reviewer,accepted,,False,continuous,0,250,curve-sound-pressure-level-directivity-000251,reviewed_visible_observation,confirmed_continuous_curve
sound-pressure-level-directivity,251.0,52.5874191645992,0.5,0.078916195550498,363.0,428.0,111.0,2.5250341459162797,0.5,14,0.75,visible_pixel_support,False,visible_candidate,polar_line-sound-pressure-level-directivity-000252,example-reviewer,accepted,,False,continuous,0,251,curve-sound-pressure-level-directivity-000252,reviewed_visible_observation,confirmed_continuous_curve
sound-pressure-level-directivity,252.0,52.536868307425976,0.5,0.078916195550498,362.0,428.0,110.67971810589327,1.8918595805906193,0.5,12,0.75,visible_pixel_support,False,visible_candidate,polar_line-sound-pressure-level-directivity-000253,example-reviewer,accepted,,False,continuous,0,252,curve-sound-pressure-level-directivity-000253,reviewed_visible_observation,confirmed_continuous_curve
sound-pressure-level-directivity,253.0,52.54399699352357,0.5,0.078916195550498,359.0,429.0,110.72488428533127,1.9146293263731167,0.5,12,0.75,visible_pixel_support,False,visible_candidate,polar_line-sound-pressure-level-directivity-000254,example-reviewer,accepted,,False,continuous,0,253,curve-sound-pressure-level-directivity-000254,reviewed_visible_observation,confirmed_continuous_curve
sound-pressure-level-directivity,254.0,52.607314655741675,0.5,0.0789161955504909,357.0,430.0,111.12605455067681,1.854925896730009,0.5,12,0.75,visible_pixel_support,False,visible_candidate,polar_line-sound-pressure-level-directivity-000255,example-reviewer,accepted,,False,continuous,0,254,curve-sound-pressure-level-directivity-000255,reviewed_visible_observation,confirmed_continuous_curve
sound-pressure-level-directivity,255.0,52.52474286009861,0.5,0.0789161955504909,355.0,430.0,110.60289327137876,1.9348296479274367,0.5,12,0.75,visible_pixel_support,False,visible_candidate,polar_line-sound-pressure-level-directivity-000256,example-reviewer,accepted,,False,continuous,0,255,curve-sound-pressure-level-directivity-000256,reviewed_visible_observation,confirmed_continuous_curve
sound-pressure-level-directivity,256.0,52.600922138545926,0.5,0.078916195550498,353.0,431.0,111.08555261599052,1.8153319653229474,0.5,12,0.75,visible_pixel_support,False,visible_candidate,polar_line-sound-pressure-level-directivity-000257,example-reviewer,accepted,,False,continuous,0,256,curve-sound-pressure-level-directivity-000257,reviewed_visible_observation,confirmed_continuous_curve
sound-pressure-level-directivity,257.0,52.52973671106629,0.5,0.078916195550498,351.0,431.0,110.63453348751464,1.6874976660831038,0.5,11,0.75,visible_pixel_support,False,visible_candidate,polar_line-sound-pressure-level-directivity-000258,example-reviewer,accepted,,False,continuous,0,257,curve-sound-pressure-level-directivity-000258,reviewed_visible_observation,confirmed_continuous_curve
sound-pressure-level-directivity,258.0,52.49617911829756,0.5,0.078916195550498,350.0,431.0,110.42191811411355,1.9561194558629325,0.5,12,0.75,visible_pixel_support,False,visible_candidate,polar_line-sound-pressure-level-directivity-000259,example-reviewer,accepted,,False,continuous,0,258,curve-sound-pressure-level-directivity-000259,reviewed_visible_observation,confirmed_continuous_curve
sound-pressure-level-directivity,259.0,52.46398884756604,0.5,0.0789161955504909,349.0,431.0,110.21796586763884,2.73661396314359,0.5,13,0.75,visible_pixel_support,False,visible_candidate,polar_line-sound-pressure-level-directivity-000260,example-reviewer,accepted,,False,continuous,0,259,curve-sound-pressure-level-directivity-000260,reviewed_visible_observation,confirmed_continuous_curve
sound-pressure-level-directivity,260.0,52.19338368181448,0.5,0.078916195550498,345.0,430.0,108.50345616615168,6.252933088269103,0.5,24,0.75,visible_pixel_support,False,visible_candidate,polar_line-sound-pressure-level-directivity-000261,example-reviewer,accepted,,False,continuous,0,260,curve-sound-pressure-level-directivity-000261,reviewed_visible_observation,confirmed_continuous_curve
sound-pressure-level-directivity,261.0,51.51973207980401,0.5,0.078916195550498,343.0,426.0,104.23531071570709,8.707569094165166,0.5,38,0.75,visible_pixel_support,False,visible_candidate,polar_line-sound-pressure-level-directivity-000262,example-reviewer,accepted,,False,continuous,0,261,curve-sound-pressure-level-directivity-000262,reviewed_visible_observation,confirmed_continuous_curve
sound-pressure-level-directivity,262.0,50.67109477546198,0.5,0.078916195550498,340.0,421.0,98.85848471426213,9.192151625415136,0.5,39,0.75,visible_pixel_support,False,visible_candidate,polar_line-sound-pressure-level-directivity-000263,example-reviewer,accepted,,False,continuous,0,262,curve-sound-pressure-level-directivity-000263,reviewed_visible_observation,confirmed_continuous_curve
sound-pressure-level-directivity,263.0,49.69202736625755,0.5,0.0789161955504909,338.0,415.0,92.65527507918802,10.727339018571165,0.5,35,0.75,visible_pixel_support,False,visible_candidate,polar_line-sound-pressure-level-directivity-000264,example-reviewer,accepted,,False,continuous,0,263,curve-sound-pressure-level-directivity-000264,reviewed_visible_observation,confirmed_continuous_curve
sound-pressure-level-directivity,264.0,48.87271995176357,0.5,0.078916195550498,336.0,410.0,87.46427842267951,8.114574139208628,0.5,31,0.75,visible_pixel_support,False,visible_candidate,polar_line-sound-pressure-level-directivity-000265,example-reviewer,accepted,,False,continuous,0,264,curve-sound-pressure-level-directivity-000265,reviewed_visible_observation,confirmed_continuous_curve
sound-pressure-level-directivity,265.0,48.214618741830165,0.5,0.0789161955504909,334.0,406.0,83.2946576918352,8.102177346663964,0.5,28,0.75,visible_pixel_support,False,visible_candidate,polar_line-sound-pressure-level-directivity-000266,example-reviewer,accepted,,False,continuous,0,265,curve-sound-pressure-level-directivity-000266,reviewed_visible_observation,confirmed_continuous_curve
sound-pressure-level-directivity,266.0,47.56173116944494,0.5,0.078916195550498,332.0,402.0,79.1580697086532,7.055061188205158,0.5,23,0.75,visible_pixel_support,False,visible_candidate,polar_line-sound-pressure-level-directivity-000267,example-reviewer,accepted,,False,continuous,0,266,curve-sound-pressure-level-directivity-000267,reviewed_visible_observation,confirmed_continuous_curve
sound-pressure-level-directivity,267.0,47.07262717743403,0.5,0.078916195550498,330.0,399.0,76.05918747922567,6.543555497417728,0.5,24,0.75,visible_pixel_support,False,visible_candidate,polar_line-sound-pressure-level-directivity-000268,example-reviewer,accepted,,False,continuous,0,267,curve-sound-pressure-level-directivity-000268,reviewed_visible_observation,confirmed_continuous_curve
sound-pressure-level-directivity,268.0,46.441816158339364,0.5,0.078916195550498,330.0,395.0,72.06247289678588,6.013687455334704,0.5,20,0.75,visible_pixel_support,False,visible_candidate,polar_line-sound-pressure-level-directivity-000269,example-reviewer,accepted,,False,continuous,0,268,curve-sound-pressure-level-directivity-000269,reviewed_visible_observation,confirmed_continuous_curve
sound-pressure-level-directivity,269.0,45.963032629775626,0.5,0.078916195550498,329.0,392.0,69.02897942168927,5.009485037515375,0.5,19,0.75,visible_pixel_support,False,visible_candidate,polar_line-sound-pressure-level-directivity-000270,example-reviewer,accepted,,False,continuous,0,269,curve-sound-pressure-level-directivity-000270,reviewed_visible_observation,confirmed_continuous_curve
sound-pressure-level-directivity,270.0,45.64279395615571,0.5,0.078916195550498,327.0,390.0,67.0,3.5,0.5,8,0.75,visible_pixel_support,False,visible_candidate,polar_line-sound-pressure-level-directivity-000271,example-reviewer,accepted,,False,continuous,0,270,curve-sound-pressure-level-directivity-000271,reviewed_visible_observation,confirmed_continuous_curve
sound-pressure-level-directivity,271.0,45.95960239128664,0.5,0.0789161955504909,326.0,392.0,69.00724599634447,6.0092496058859055,0.5,21,0.75,visible_pixel_support,False,visible_candidate,polar_line-sound-pressure-level-directivity-000272,example-reviewer,accepted,,False,continuous,0,271,curve-sound-pressure-level-directivity-000272,reviewed_visible_observation,confirmed_continuous_curve
sound-pressure-level-directivity,272.0,46.43633929934894,0.5,0.078916195550498,325.0,395.0,72.02777242147643,6.513454517994845,0.5,23,0.75,visible_pixel_support,False,visible_candidate,polar_line-sound-pressure-level-directivity-000273,example-reviewer,accepted,,False,continuous,0,272,curve-sound-pressure-level-directivity-000273,reviewed_visible_observation,confirmed_continuous_curve
sound-pressure-level-directivity,273.0,47.07988792238224,0.5,0.0789161955504909,323.0,399.0,76.10519036176179,8.04126682233958,0.5,29,0.75,visible_pixel_support,False,visible_candidate,polar_line-sound-pressure-level-directivity-000274,example-reviewer,accepted,,False,continuous,0,273,curve-sound-pressure-level-directivity-000274,reviewed_visible_observation,confirmed_continuous_curve
sound-pressure-level-directivity,274.0,47.7300775292733,0.5,0.078916195550498,321.0,403.0,80.22468448052632,9.580331955415076,0.5,29,0.75,visible_pixel_support,False,visible_candidate,polar_line-sound-pressure-level-directivity-000275,example-reviewer,accepted,,False,continuous,0,274,curve-sound-pressure-level-directivity-000275,reviewed_visible_observation,confirmed_continuous_curve
sound-pressure-level-directivity,275.0,48.543065242800445,0.5,0.078916195550498,319.0,408.0,85.37564055396598,9.09669697301527,0.5,34,0.75,visible_pixel_support,False,visible_candidate,polar_line-sound-pressure-level-directivity-000276,example-reviewer,accepted,,False,continuous,0,275,curve-sound-pressure-level-directivity-000276,reviewed_visible_observation,confirmed_continuous_curve
sound-pressure-level-directivity,276.0,49.50084449185826,0.5,0.0789161955504909,318.0,414.0,91.44397191723465,10.654676815621805,0.5,38,0.75,visible_pixel_support,False,visible_candidate,polar_line-sound-pressure-level-directivity-000277,example-reviewer,accepted,,False,continuous,0,276,curve-sound-pressure-level-directivity-000277,reviewed_visible_observation,confirmed_continuous_curve
sound-pressure-level-directivity,277.0,50.494474781103136,0.5,0.078916195550498,315.0,420.0,97.73944955850733,10.666278949249111,0.5,43,0.75,visible_pixel_support,False,visible_candidate,polar_line-sound-pressure-level-directivity-000278,example-reviewer,accepted,,False,continuous,0,277,curve-sound-pressure-level-directivity-000278,reviewed_visible_observation,confirmed_continuous_curve
sound-pressure-level-directivity,278.0,51.652445783262785,0.5,0.078916195550498,312.0,427.0,105.07616285342742,13.29283922653429,0.5,52,0.75,visible_pixel_support,False,visible_candidate,polar_line-sound-pressure-level-directivity-000279,example-reviewer,accepted,,False,continuous,0,278,curve-sound-pressure-level-directivity-000279,reviewed_visible_observation,confirmed_continuous_curve
sound-pressure-level-directivity,279.0,52.972089420350855,0.5,0.0789161955504909,309.0,435.0,113.43720729989786,12.817869739733048,0.5,57,0.75,visible_pixel_support,False,visible_candidate,polar_line-sound-pressure-level-directivity-000280,example-reviewer,accepted,,False,continuous,0,279,curve-sound-pressure-level-directivity-000280,reviewed_visible_observation,confirmed_continuous_curve
sound-pressure-level-directivity,280.0,53.98487945762269,0.5,0.078916195550498,306.0,441.0,119.85407794480753,8.805785347125322,0.5,43,0.75,visible_pixel_support,False,visible_candidate,polar_line-sound-pressure-level-directivity-000281,example-reviewer,accepted,,False,continuous,0,280,curve-sound-pressure-level-directivity-000281,reviewed_visible_observation,confirmed_continuous_curve
sound-pressure-level-directivity,281.0,54.07356040278435,0.5,0.0789161955504909,303.0,441.0,120.41594578792295,5.888903161977922,0.5,29,0.75,visible_pixel_support,False,visible_candidate,polar_line-sound-pressure-level-directivity-000282,example-reviewer,accepted,,False,continuous,0,281,curve-sound-pressure-level-directivity-000282,reviewed_visible_observation,confirmed_continuous_curve
sound-pressure-level-directivity,282.0,53.48849058670741,0.5,0.078916195550498,302.0,437.0,116.70903992407786,5.870967419356099,0.5,27,0.75,visible_pixel_support,False,visible_candidate,polar_line-sound-pressure-level-directivity-000283,example-reviewer,accepted,,False,continuous,0,282,curve-sound-pressure-level-directivity-000283,reviewed_visible_observation,confirmed_continuous_curve
sound-pressure-level-directivity,283.0,52.9079718908806,0.5,0.0789161955504909,301.0,433.0,113.03096920755833,4.983668184638297,0.5,25,0.75,visible_pixel_support,False,visible_candidate,polar_line-sound-pressure-level-directivity-000284,example-reviewer,accepted,,False,continuous,0,283,curve-sound-pressure-level-directivity-000284,reviewed_visible_observation,confirmed_continuous_curve
sound-pressure-level-directivity,284.0,52.33246341717563,0.5,0.0789161955504909,300.0,429.0,109.38464243210744,5.45782486605723,0.5,24,0.75,visible_pixel_support,False,visible_candidate,polar_line-sound-pressure-level-directivity-000285,example-reviewer,accepted,,False,continuous,0,284,curve-sound-pressure-level-directivity-000285,reviewed_visible_observation,confirmed_continuous_curve
sound-pressure-level-directivity,285.0,51.91473703758866,0.5,0.078916195550498,299.0,426.0,106.7379969832674,4.959620239575045,0.5,23,0.75,visible_pixel_support,False,visible_candidate,polar_line-sound-pressure-level-directivity-000286,example-reviewer,accepted,,False,continuous,0,285,curve-sound-pressure-level-directivity-000286,reviewed_visible_observation,confirmed_continuous_curve
sound-pressure-level-directivity,286.0,51.458292533961895,0.5,0.078916195550498,299.0,423.0,103.84603988597736,5.4247861236279675,0.5,22,0.75,visible_pixel_support,False,visible_candidate,polar_line-sound-pressure-level-directivity-000287,example-reviewer,accepted,,False,continuous,0,286,curve-sound-pressure-level-directivity-000287,reviewed_visible_observation,confirmed_continuous_curve
sound-pressure-level-directivity,287.0,50.942541703921414,0.5,0.078916195550498,297.0,419.0,100.57832768544127,4.926060673717018,0.5,22,0.75,visible_pixel_support,False,visible_candidate,polar_line-sound-pressure-level-directivity-000288,example-reviewer,accepted,,False,continuous,0,287,curve-sound-pressure-level-directivity-000288,reviewed_visible_observation,confirmed_continuous_curve
sound-pressure-level-directivity,288.0,50.49124478713375,0.5,0.078916195550498,297.0,416.0,97.71898484941399,4.433003483396696,0.5,19,0.75,visible_pixel_support,False,visible_candidate,polar_line-sound-pressure-level-directivity-000289,example-reviewer,accepted,,False,continuous,0,288,curve-sound-pressure-level-directivity-000289,reviewed_visible_observation,confirmed_continuous_curve
sound-pressure-level-directivity,289.0,50.14411558755351,0.5,0.078916195550498,295.0,413.0,95.51963149007642,3.635181398691735,0.5,17,0.75,visible_pixel_support,False,visible_candidate,polar_line-sound-pressure-level-directivity-000290,example-reviewer,accepted,,False,continuous,0,289,curve-sound-pressure-level-directivity-000290,reviewed_visible_observation,confirmed_continuous_curve
sound-pressure-level-directivity,290.0,49.9954972366554,0.5,0.078916195550498,295.0,412.0,94.57801012920498,2.8637969975976816,0.5,15,0.75,visible_pixel_support,False,visible_candidate,polar_line-sound-pressure-level-directivity-000291,example-reviewer,accepted,,False,continuous,0,290,curve-sound-pressure-level-directivity-000291,reviewed_visible_observation,confirmed_continuous_curve
sound-pressure-level-directivity,291.0,50.252779444469155,0.5,0.0789161955504909,293.0,413.0,96.20810776644555,4.629621031881264,0.5,20,0.75,visible_pixel_support,False,visible_candidate,polar_line-sound-pressure-level-directivity-000292,example-reviewer,accepted,,False,continuous,0,291,curve-sound-pressure-level-directivity-000292,reviewed_visible_observation,confirmed_continuous_curve
sound-pressure-level-directivity,292.0,50.71891794958742,0.5,0.0789161955504909,290.0,415.0,99.16148445843275,5.296145769326486,0.5,22,0.75,visible_pixel_support,False,visible_candidate,polar_line-sound-pressure-level-directivity-000293,example-reviewer,accepted,,False,continuous,0,292,curve-sound-pressure-level-directivity-000293,reviewed_visible_observation,confirmed_continuous_curve
sound-pressure-level-directivity,293.0,51.191666658734164,0.5,0.078916195550498,287.0,417.0,102.15674231297707,6.433678094904693,0.5,25,0.75,visible_pixel_support,False,visible_candidate,polar_line-sound-pressure-level-directivity-000294,example-reviewer,accepted,,False,continuous,0,293,curve-sound-pressure-level-directivity-000294,reviewed_visible_observation,confirmed_continuous_curve
sound-pressure-level-directivity,294.0,51.75128825619575,0.5,0.078916195550498,285.0,420.0,105.70241246064349,5.994061822615194,0.5,27,0.75,visible_pixel_support,False,visible_candidate,polar_line-sound-pressure-level-directivity-000295,example-reviewer,accepted,,False,continuous,0,294,curve-sound-pressure-level-directivity-000295,reviewed_visible_observation,confirmed_continuous_curve
sound-pressure-level-directivity,295.0,52.364898464448615,0.5,0.078916195550498,280.0,422.0,109.59014554237986,7.126462692980191,0.5,29,0.75,visible_pixel_support,False,visible_candidate,polar_line-sound-pressure-level-directivity-000296,example-reviewer,accepted,,False,continuous,0,295,curve-sound-pressure-level-directivity-000296,reviewed_visible_observation,confirmed_continuous_curve
sound-pressure-level-directivity,296.0,52.997116471631486,0.5,0.078916195550498,277.0,425.0,113.59577456930342,6.696559008534599,0.5,28,0.75,visible_pixel_support,False,visible_candidate,polar_line-sound-pressure-level-directivity-000297,example-reviewer,accepted,,False,continuous,0,296,curve-sound-pressure-level-directivity-000297,reviewed_visible_observation,confirmed_continuous_curve
sound-pressure-level-directivity,297.0,53.772993396706056,0.5,0.0789161955504909,274.0,429.0,118.51160280748886,7.388553332925014,0.5,32,0.75,visible_pixel_support,False,visible_candidate,polar_line-sound-pressure-level-directivity-000298,example-reviewer,accepted,,False,continuous,0,297,curve-sound-pressure-level-directivity-000298,reviewed_visible_observation,confirmed_continuous_curve
sound-pressure-level-directivity,298.0,54.555690770572824,0.5,0.078916195550498,269.0,432.0,123.47064428438041,7.414430104558974,0.5,33,0.75,visible_pixel_support,False,visible_candidate,polar_line-sound-pressure-level-directivity-000299,example-reviewer,accepted,,False,continuous,0,298,curve-sound-pressure-level-directivity-000299,reviewed_visible_observation,confirmed_continuous_curve
sound-pressure-level-directivity,299.0,55.34994660399953,0.5,0.078916195550498,264.0,435.0,128.50291825480073,7.670432137809385,0.5,37,0.75,visible_pixel_support,False,visible_candidate,polar_line-sound-pressure-level-directivity-000300,example-reviewer,accepted,,False,continuous,0,299,curve-sound-pressure-level-directivity-000300,reviewed_visible_observation,confirmed_continuous_curve
sound-pressure-level-directivity,300.0,55.99555133138461,0.5,0.078916195550498,261.0,438.0,132.59336333316233,5.211766967909149,0.5,28,0.75,visible_pixel_support,False,visible_candidate,polar_line-sound-pressure-level-directivity-000301,example-reviewer,accepted,,False,continuous,0,300,curve-sound-pressure-level-directivity-000301,reviewed_visible_observation,confirmed_continuous_curve
sound-pressure-level-directivity,301.0,56.37071952242053,0.5,0.078916195550498,258.0,439.0,134.97036711811967,3.258257209619856,0.5,17,0.75,visible_pixel_support,False,visible_candidate,polar_line-sound-pressure-level-directivity-000302,example-reviewer,accepted,,False,continuous,0,301,curve-sound-pressure-level-directivity-000302,reviewed_visible_observation,confirmed_continuous_curve
sound-pressure-level-directivity,302.0,56.566858035458864,0.5,0.078916195550498,254.0,438.0,136.2130683891968,2.599442898640234,0.5,17,0.75,visible_pixel_support,False,visible_candidate,polar_line-sound-pressure-level-directivity-000303,example-reviewer,accepted,,False,continuous,0,302,curve-sound-pressure-level-directivity-000303,reviewed_visible_observation,confirmed_continuous_curve
sound-pressure-level-directivity,303.0,56.784751351228294,0.5,0.078916195550498,253.0,439.0,137.59360450253493,2.3418968626825176,0.5,16,0.75,visible_pixel_support,False,visible_candidate,polar_line-sound-pressure-level-directivity-000304,example-reviewer,accepted,,False,continuous,0,303,curve-sound-pressure-level-directivity-000304,reviewed_visible_observation,confirmed_continuous_curve
sound-pressure-level-directivity,304.0,56.91170736434634,0.5,0.0789161955504909,250.0,438.0,138.3979768638256,2.365645863113386,0.5,16,0.75,visible_pixel_support,False,visible_candidate,polar_line-sound-pressure-level-directivity-000305,example-reviewer,accepted,,False,continuous,0,304,curve-sound-pressure-level-directivity-000305,reviewed_visible_observation,confirmed_continuous_curve
sound-pressure-level-directivity,305.0,57.14030665204843,0.5,0.078916195550498,246.0,437.0,139.84634424968,2.657848232321882,0.5,18,0.75,visible_pixel_support,False,visible_candidate,polar_line-sound-pressure-level-directivity-000306,example-reviewer,accepted,,False,continuous,0,305,curve-sound-pressure-level-directivity-000306,reviewed_visible_observation,confirmed_continuous_curve
sound-pressure-level-directivity,306.0,57.291026192856265,0.5,0.078916195550498,243.0,436.0,140.80127840328723,2.275669329429462,0.5,17,0.75,visible_pixel_support,False,visible_candidate,polar_line-sound-pressure-level-directivity-000307,example-reviewer,accepted,,False,continuous,0,306,curve-sound-pressure-level-directivity-000307,reviewed_visible_observation,confirmed_continuous_curve
sound-pressure-level-directivity,307.0,57.51187856136853,0.5,0.078916195550498,242.0,437.0,142.20056258679148,3.0071736277260186,0.5,19,0.75,visible_pixel_support,False,visible_candidate,polar_line-sound-pressure-level-directivity-000308,example-reviewer,accepted,,False,continuous,0,307,curve-sound-pressure-level-directivity-000308,reviewed_visible_observation,confirmed_continuous_curve
sound-pressure-level-directivity,308.0,57.77066473428318,0.5,0.078916195550498,238.0,436.0,143.8401890988746,2.3286561719504277,0.5,17,0.75,visible_pixel_support,False,visible_candidate,polar_line-sound-pressure-level-directivity-000309,example-reviewer,accepted,,False,continuous,0,308,curve-sound-pressure-level-directivity-000309,reviewed_visible_observation,confirmed_continuous_curve
sound-pressure-level-directivity,309.0,57.94446634740866,0.5,0.078916195550498,235.0,435.0,144.9413674559475,2.741086871025189,0.5,18,0.75,visible_pixel_support,False,visible_candidate,polar_line-sound-pressure-level-directivity-000310,example-reviewer,accepted,,False,continuous,0,309,curve-sound-pressure-level-directivity-000310,reviewed_visible_observation,confirmed_continuous_curve
sound-pressure-level-directivity,310.0,58.146120326682855,0.5,0.078916195550498,233.0,435.0,146.21901381147393,2.4303878685560107,0.5,17,0.75,visible_pixel_support,False,visible_candidate,polar_line-sound-pressure-level-directivity-000311,example-reviewer,accepted,,False,continuous,0,310,curve-sound-pressure-level-directivity-000311,reviewed_visible_observation,confirmed_continuous_curve
sound-pressure-level-directivity,311.0,58.21563850439398,0.5,0.078916195550498,230.0,433.0,146.6594695203825,1.8871305923745467,0.5,18,0.75,visible_pixel_support,False,visible_candidate,polar_line-sound-pressure-level-directivity-000312,example-reviewer,accepted,,False,continuous,0,311,curve-sound-pressure-level-directivity-000312,reviewed_visible_observation,confirmed_continuous_curve
sound-pressure-level-directivity,312.0,58.19195036326738,0.5,0.078916195550498,228.0,431.0,146.50938536489735,1.8239695449802156,0.5,15,0.75,visible_pixel_support,False,visible_candidate,polar_line-sound-pressure-level-directivity-000313,example-reviewer,accepted,,False,continuous,0,312,curve-sound-pressure-level-directivity-000313,reviewed_visible_observation,confirmed_continuous_curve
sound-pressure-level-directivity,313.0,58.19195036326738,0.5,0.078916195550498,228.0,431.0,146.50938536489735,1.8000672947205345,0.5,15,0.75,visible_pixel_support,False,visible_candidate,polar_line-sound-pressure-level-directivity-000314,example-reviewer,accepted,,False,continuous,0,313,curve-sound-pressure-level-directivity-000314,reviewed_visible_observation,confirmed_continuous_curve
sound-pressure-level-directivity,314.0,58.2828024863619,0.5,0.078916195550498,224.0,428.0,147.08500943332058,1.7972030270054233,0.5,18,0.75,visible_pixel_support,False,visible_candidate,polar_line-sound-pressure-level-directivity-000315,example-reviewer,accepted,,False,continuous,0,314,curve-sound-pressure-level-directivity-000315,reviewed_visible_observation,confirmed_continuous_curve
sound-pressure-level-directivity,315.0,58.28172939237589,0.5,0.078916195550498,223.0,427.0,147.07821048680188,1.7702717315520289,0.5,15,0.75,visible_pixel_support,False,visible_candidate,polar_line-sound-pressure-level-directivity-000316,example-reviewer,accepted,,False,continuous,0,315,curve-sound-pressure-level-directivity-000316,reviewed_visible_observation,confirmed_continuous_curve
sound-pressure-level-directivity,316.0,58.2828024863619,0.5,0.078916195550498,222.0,426.0,147.08500943332058,1.7972030270054233,0.5,18,0.75,visible_pixel_support,False,visible_candidate,polar_line-sound-pressure-level-directivity-000317,example-reviewer,accepted,,False,continuous,0,316,curve-sound-pressure-level-directivity-000317,reviewed_visible_observation,confirmed_continuous_curve
sound-pressure-level-directivity,317.0,58.29889294787413,0.5,0.078916195550498,219.0,423.0,147.18695594379278,2.167596720398066,0.5,16,0.75,visible_pixel_support,False,visible_candidate,polar_line-sound-pressure-level-directivity-000318,example-reviewer,accepted,,False,continuous,0,317,curve-sound-pressure-level-directivity-000318,reviewed_visible_observation,confirmed_continuous_curve
sound-pressure-level-directivity,318.0,58.41495041086896,0.5,0.078916195550498,218.0,423.0,147.92227688891217,1.823458323633787,0.5,15,0.75,visible_pixel_support,False,visible_candidate,polar_line-sound-pressure-level-directivity-000319,example-reviewer,accepted,,False,continuous,0,318,curve-sound-pressure-level-directivity-000319,reviewed_visible_observation,confirmed_continuous_curve
sound-pressure-level-directivity,319.0,58.43841252105075,0.5,0.078916195550498,216.0,421.0,148.07092894960846,1.886033315389895,0.5,18,0.75,visible_pixel_support,False,visible_candidate,polar_line-sound-pressure-level-directivity-000320,example-reviewer,accepted,,False,continuous,0,319,curve-sound-pressure-level-directivity-000320,reviewed_visible_observation,confirmed_continuous_curve
sound-pressure-level-directivity,320.0,58.48952099982675,0.5,0.0789161955504909,213.0,418.0,148.39474384222643,2.620637732458121,0.5,19,0.75,visible_pixel_support,False,visible_candidate,polar_line-sound-pressure-level-directivity-000321,example-reviewer,accepted,,False,continuous,0,320,curve-sound-pressure-level-directivity-000321,reviewed_visible_observation,confirmed_continuous_curve
sound-pressure-level-directivity,321.0,58.756031465296914,0.5,0.078916195550498,210.0,417.0,150.08331019803634,2.647861056014321,0.5,18,0.75,visible_pixel_support,False,visible_candidate,polar_line-sound-pressure-level-directivity-000322,example-reviewer,accepted,,False,continuous,0,321,curve-sound-pressure-level-directivity-000322,reviewed_visible_observation,confirmed_continuous_curve
sound-pressure-level-directivity,322.0,59.029974982943,0.5,0.078916195550498,207.0,416.0,151.81897114655993,3.0644136389710894,0.5,19,0.75,visible_pixel_support,False,visible_candidate,polar_line-sound-pressure-level-directivity-000323,example-reviewer,accepted,,False,continuous,0,322,curve-sound-pressure-level-directivity-000323,reviewed_visible_observation,confirmed_continuous_curve
sound-pressure-level-directivity,323.0,59.31109957658518,0.5,0.078916195550498,204.0,415.0,153.60013020827813,3.0942540343725113,0.5,20,0.75,visible_pixel_support,False,visible_candidate,polar_line-sound-pressure-level-directivity-000324,example-reviewer,accepted,,False,continuous,0,323,curve-sound-pressure-level-directivity-000324,reviewed_visible_observation,confirmed_continuous_curve
sound-pressure-level-directivity,324.0,59.59915836401296,0.5,0.078916195550498,201.0,414.0,155.42522317822161,3.5301333948382734,0.5,21,0.75,visible_pixel_support,False,visible_candidate,polar_line-sound-pressure-level-directivity-000325,example-reviewer,accepted,,False,continuous,0,324,curve-sound-pressure-level-directivity-000325,reviewed_visible_observation,confirmed_continuous_curve
sound-pressure-level-directivity,325.0,59.9340148168443,0.5,0.078916195550498,197.0,412.0,157.54681843820268,3.155123629165729,0.5,21,0.75,visible_pixel_support,False,visible_candidate,polar_line-sound-pressure-level-directivity-000326,example-reviewer,accepted,,False,continuous,0,325,curve-sound-pressure-level-directivity-000326,reviewed_visible_observation,confirmed_continuous_curve
sound-pressure-level-directivity,326.0,60.2836932732459,0.5,0.078916195550498,195.0,413.0,159.76232346833217,3.180058017390351,0.5,21,0.75,visible_pixel_support,False,visible_candidate,polar_line-sound-pressure-level-directivity-000327,example-reviewer,accepted,,False,continuous,0,326,curve-sound-pressure-level-directivity-000327,reviewed_visible_observation,confirmed_continuous_curve
sound-pressure-level-directivity,327.0,60.589087033420995,0.5,0.078916195550498,192.0,412.0,161.69724796668618,3.2036254958792085,0.5,22,0.75,visible_pixel_support,False,visible_candidate,polar_line-sound-pressure-level-directivity-000328,example-reviewer,accepted,,False,continuous,0,327,curve-sound-pressure-level-directivity-000328,reviewed_visible_observation,confirmed_continuous_curve
sound-pressure-level-directivity,328.0,60.94964855402863,0.5,0.078916195550498,188.0,410.0,163.98170629676957,3.2379346344314968,0.5,23,0.75,visible_pixel_support,False,visible_candidate,polar_line-sound-pressure-level-directivity-000329,example-reviewer,accepted,,False,continuous,0,328,curve-sound-pressure-level-directivity-000329,reviewed_visible_observation,confirmed_continuous_curve
sound-pressure-level-directivity,329.0,61.35221156665558,0.5,0.078916195550498,185.0,410.0,166.5322791533221,3.689555477303088,0.5,24,0.75,visible_pixel_support,False,visible_candidate,polar_line-sound-pressure-level-directivity-000330,example-reviewer,accepted,,False,continuous,0,329,curve-sound-pressure-level-directivity-000330,reviewed_visible_observation,confirmed_continuous_curve
sound-pressure-level-directivity,330.0,61.653295967425265,0.5,0.0789161955504909,181.0,407.0,168.43990026119107,3.030964719314312,0.5,22,0.75,visible_pixel_support,False,visible_candidate,polar_line-sound-pressure-level-directivity-000331,example-reviewer,accepted,,False,continuous,0,330,curve-sound-pressure-level-directivity-000331,reviewed_visible_observation,confirmed_continuous_curve
sound-pressure-level-directivity,331.0,61.8353921994933,0.5,0.078916195550498,178.0,404.0,169.59363195591985,2.1884586314600085,0.5,19,0.75,visible_pixel_support,False,visible_candidate,polar_line-sound-pressure-level-directivity-000332,example-reviewer,accepted,,False,continuous,0,331,curve-sound-pressure-level-directivity-000332,reviewed_visible_observation,confirmed_continuous_curve
sound-pressure-level-directivity,332.0,61.97416471729794,0.5,0.078916195550498,177.0,404.0,170.47287174210447,2.2074520449965433,0.5,20,0.75,visible_pixel_support,False,visible_candidate,polar_line-sound-pressure-level-directivity-000333,example-reviewer,accepted,,False,continuous,0,332,curve-sound-pressure-level-directivity-000333,reviewed_visible_observation,confirmed_continuous_curve
sound-pressure-level-directivity,333.0,62.10531584514224,0.5,0.078916195550498,175.0,402.0,171.30382365843442,2.6726343008595705,0.5,21,0.75,visible_pixel_support,False,visible_candidate,polar_line-sound-pressure-level-directivity-000334,example-reviewer,accepted,,False,continuous,0,333,curve-sound-pressure-level-directivity-000334,reviewed_visible_observation,confirmed_continuous_curve
sound-pressure-level-directivity,334.0,62.38762072848185,0.5,0.078916195550498,171.0,398.0,173.09246084101989,2.929928798909657,0.5,22,0.75,visible_pixel_support,False,visible_candidate,polar_line-sound-pressure-level-directivity-000335,example-reviewer,accepted,,False,continuous,0,334,curve-sound-pressure-level-directivity-000335,reviewed_visible_observation,confirmed_continuous_curve
sound-pressure-level-directivity,335.0,62.53856892495736,0.5,0.078916195550498,169.0,396.0,174.04884371922728,2.509071917790763,0.5,20,0.75,visible_pixel_support,False,visible_candidate,polar_line-sound-pressure-level-directivity-000336,example-reviewer,accepted,,False,continuous,0,335,curve-sound-pressure-level-directivity-000336,reviewed_visible_observation,confirmed_continuous_curve
sound-pressure-level-directivity,336.0,62.76030037142704,0.5,0.078916195550498,167.0,395.0,175.45369759569047,2.5348464078816733,0.5,20,0.75,visible_pixel_support,False,visible_candidate,polar_line-sound-pressure-level-directivity-000337,example-reviewer,accepted,,False,continuous,0,336,curve-sound-pressure-level-directivity-000337,reviewed_visible_observation,confirmed_continuous_curve
sound-pressure-level-directivity,337.0,62.94365485539202,0.5,0.078916195550498,164.0,391.0,176.61540136692497,2.5718831466913485,0.5,21,0.75,visible_pixel_support,False,visible_candidate,polar_line-sound-pressure-level-directivity-000338,example-reviewer,accepted,,False,continuous,0,337,curve-sound-pressure-level-directivity-000338,reviewed_visible_observation,confirmed_continuous_curve
sound-pressure-level-directivity,338.0,63.17548670386029,0.5,0.0789161955504909,162.0,390.0,178.08424972467387,3.061063788257897,0.5,22,0.75,visible_pixel_support,False,visible_candidate,polar_line-sound-pressure-level-directivity-000339,example-reviewer,accepted,,False,continuous,0,338,curve-sound-pressure-level-directivity-000339,reviewed_visible_observation,confirmed_continuous_curve
sound-pressure-level-directivity,339.0,63.442758608574145,0.5,0.078916195550498,159.0,387.0,179.77764043395385,3.086388131822531,0.5,23,0.75,visible_pixel_support,False,visible_candidate,polar_line-sound-pressure-level-directivity-000340,example-reviewer,accepted,,False,continuous,0,339,curve-sound-pressure-level-directivity-000340,reviewed_visible_observation,confirmed_continuous_curve
sound-pressure-level-directivity,340.0,63.62827356151018,0.5,0.078916195550498,157.0,385.0,180.95303258028034,2.1725812637403124,0.5,20,0.75,visible_pixel_support,False,visible_candidate,polar_line-sound-pressure-level-directivity-000341,example-reviewer,accepted,,False,continuous,0,340,curve-sound-pressure-level-directivity-000341,reviewed_visible_observation,confirmed_continuous_curve
sound-pressure-level-directivity,341.0,63.61867743594644,0.5,0.0789161955504909,156.0,382.0,180.89223311131963,1.890616142963637,0.5,19,0.75,visible_pixel_support,False,visible_candidate,polar_line-sound-pressure-level-directivity-000342,example-reviewer,accepted,,False,continuous,0,341,curve-sound-pressure-level-directivity-000342,reviewed_visible_observation,confirmed_continuous_curve
sound-pressure-level-directivity,342.0,63.569337328477346,0.5,0.0789161955504909,155.0,378.0,180.5796223276591,1.9049660097209227,0.5,19,0.75,visible_pixel_support,False,visible_candidate,polar_line-sound-pressure-level-directivity-000343,example-reviewer,accepted,,False,continuous,0,342,curve-sound-pressure-level-directivity-000343,reviewed_visible_observation,confirmed_continuous_curve
sound-pressure-level-directivity,343.0,63.579823784846674,0.5,0.078916195550498,154.0,375.0,180.646062785769,1.9153378566398658,0.5,19,0.75,visible_pixel_support,False,visible_candidate,polar_line-sound-pressure-level-directivity-000344,example-reviewer,accepted,,False,continuous,0,343,curve-sound-pressure-level-directivity-000344,reviewed_visible_observation,confirmed_continuous_curve
sound-pressure-level-directivity,344.0,63.579823784846674,0.5,0.078916195550498,154.0,375.0,180.646062785769,1.9951019214326635,0.5,20,0.75,visible_pixel_support,False,visible_candidate,polar_line-sound-pressure-level-directivity-000345,example-reviewer,accepted,,False,continuous,0,344,curve-sound-pressure-level-directivity-000345,reviewed_visible_observation,confirmed_continuous_curve
sound-pressure-level-directivity,345.0,63.58724935852047,0.5,0.0789161955504909,152.0,368.0,180.6931099959265,2.029330389147688,0.5,20,0.75,visible_pixel_support,False,visible_candidate,polar_line-sound-pressure-level-directivity-000346,example-reviewer,accepted,,False,continuous,0,345,curve-sound-pressure-level-directivity-000346,reviewed_visible_observation,confirmed_continuous_curve
sound-pressure-level-directivity,346.0,63.58724935852047,0.5,0.0789161955504909,152.0,368.0,180.6931099959265,1.9369785054526005,0.5,20,0.75,visible_pixel_support,False,visible_candidate,polar_line-sound-pressure-level-directivity-000347,example-reviewer,accepted,,False,continuous,0,346,curve-sound-pressure-level-directivity-000347,reviewed_visible_observation,confirmed_continuous_curve
sound-pressure-level-directivity,347.0,63.590306385782654,0.5,0.0789161955504909,151.0,364.0,180.71247881648904,1.9478394216439767,0.5,20,0.75,visible_pixel_support,False,visible_candidate,polar_line-sound-pressure-level-directivity-000348,example-reviewer,accepted,,False,continuous,0,347,curve-sound-pressure-level-directivity-000348,reviewed_visible_observation,confirmed_continuous_curve
sound-pressure-level-directivity,348.0,63.640918075613335,0.5,0.078916195550498,150.0,361.0,181.0331461362808,1.9554377504840375,0.5,19,0.75,visible_pixel_support,False,visible_candidate,polar_line-sound-pressure-level-directivity-000349,example-reviewer,accepted,,False,continuous,0,348,curve-sound-pressure-level-directivity-000349,reviewed_visible_observation,confirmed_continuous_curve
sound-pressure-level-directivity,349.0,63.67010988736784,0.5,0.078916195550498,149.0,357.0,181.2181006411887,1.9644794612964205,0.5,19,0.75,visible_pixel_support,False,visible_candidate,polar_line-sound-pressure-level-directivity-000350,example-reviewer,accepted,,False,continuous,0,349,curve-sound-pressure-level-directivity-000350,reviewed_visible_observation,confirmed_continuous_curve
sound-pressure-level-directivity,350.0,63.640918075613335,0.5,0.078916195550498,149.0,356.0,181.0331461362808,1.9114977012340404,0.5,19,0.75,visible_pixel_support,False,visible_candidate,polar_line-sound-pressure-level-directivity-000351,example-reviewer,accepted,,False,continuous,0,350,curve-sound-pressure-level-directivity-000351,reviewed_visible_observation,confirmed_continuous_curve
sound-pressure-level-directivity,351.0,63.558409832091414,0.5,0.078916195550498,149.0,353.0,180.5103875127412,1.7917314149882202,0.5,19,0.75,visible_pixel_support,False,visible_candidate,polar_line-sound-pressure-level-directivity-000352,example-reviewer,accepted,,False,continuous,0,351,curve-sound-pressure-level-directivity-000352,reviewed_visible_observation,confirmed_continuous_curve
sound-pressure-level-directivity,352.0,63.55228860298629,0.5,0.078916195550498,148.0,346.0,180.47160441465576,1.7628204521627993,0.5,20,0.75,visible_pixel_support,False,visible_candidate,polar_line-sound-pressure-level-directivity-000353,example-reviewer,accepted,,False,continuous,0,352,curve-sound-pressure-level-directivity-000353,reviewed_visible_observation,confirmed_continuous_curve
sound-pressure-level-directivity,353.0,63.49582382316774,0.5,0.0789161955504909,148.0,343.0,180.1138528820035,1.7332958805625083,0.5,20,0.75,visible_pixel_support,False,visible_candidate,polar_line-sound-pressure-level-directivity-000354,example-reviewer,accepted,,False,continuous,0,353,curve-sound-pressure-level-directivity-000354,reviewed_visible_observation,confirmed_continuous_curve
sound-pressure-level-directivity,354.0,63.321785194834646,0.5,0.078916195550498,149.0,342.0,179.0111728356641,2.2008715564533503,0.5,20,0.75,visible_pixel_support,False,visible_candidate,polar_line-sound-pressure-level-directivity-000355,example-reviewer,accepted,,False,continuous,0,354,curve-sound-pressure-level-directivity-000355,reviewed_visible_observation,confirmed_continuous_curve
sound-pressure-level-directivity,355.0,63.24895188010189,0.5,0.078916195550498,149.0,337.0,178.54971296532514,2.1709105182745105,0.5,18,0.75,visible_pixel_support,False,visible_candidate,polar_line-sound-pressure-level-directivity-000356,example-reviewer,accepted,,False,continuous,0,355,curve-sound-pressure-level-directivity-000356,reviewed_visible_observation,confirmed_continuous_curve
sound-pressure-level-directivity,356.0,63.09160815076115,0.5,0.0789161955504909,150.0,337.0,177.55280904564702,1.631394662004567,0.5,17,0.75,visible_pixel_support,False,visible_candidate,polar_line-sound-pressure-level-directivity-000357,example-reviewer,accepted,,False,continuous,0,356,curve-sound-pressure-level-directivity-000357,reviewed_visible_observation,confirmed_continuous_curve
sound-pressure-level-directivity,357.0,63.05825334695713,0.5,0.078916195550498,150.0,334.0,177.341478509682,1.5992603968052066,0.5,19,0.75,visible_pixel_support,False,visible_candidate,polar_line-sound-pressure-level-directivity-000358,example-reviewer,accepted,,False,continuous,0,357,curve-sound-pressure-level-directivity-000358,reviewed_visible_observation,confirmed_continuous_curve
sound-pressure-level-directivity,358.0,63.16928206366043,0.5,0.0789161955504909,149.0,327.0,178.04493814764857,1.5666165451735168,0.5,20,0.75,visible_pixel_support,False,visible_candidate,polar_line-sound-pressure-level-directivity-000359,example-reviewer,accepted,,False,continuous,0,358,curve-sound-pressure-level-directivity-000359,reviewed_visible_observation,confirmed_continuous_curve
sound-pressure-level-directivity,359.0,63.16263271428046,0.5,0.078916195550498,149.0,324.0,178.0028089666003,1.5334889498474809,0.5,20,0.75,visible_pixel_support,False,visible_candidate,polar_line-sound-pressure-level-directivity-000360,example-reviewer,accepted,,False,continuous,0,359,curve-sound-pressure-level-directivity-000360,reviewed_visible_observation,confirmed_continuous_curve
