series,x,y,x_uncertainty,y_uncertainty,pixel_x,pixel_y,pixel_half_height,center_localization_half_width_px,segment_break,status,candidate_id,reviewed_by,review_decision,review_reason,evidence_segment_break,curve_topology,curve_segment,curve_order,data_id,data_provenance,topology_provenance
p1,110.38560746895433,8.75221291273131,2.299599428514796,0.0936751858931757,98,439.0,11.0,0.5,True,visible,line-p1-000001,example-reviewer,accepted,,True,continuous,0,0,curve-p1-000001,reviewed_visible_observation,confirmed_continuous_curve
p1,114.98480632598393,3.881103246286017,2.299599428514796,0.0936751858931899,99,465.0,14.0,0.5,False,visible,line-p1-000002,example-reviewer,accepted,,False,continuous,0,1,curve-p1-000002,reviewed_visible_observation,confirmed_continuous_curve
p1,119.58400518301346,3.60007768860649,2.299599428514796,0.0936751858931757,100,466.5,12.5,0.5,False,visible,line-p1-000003,example-reviewer,accepted,,False,continuous,0,2,curve-p1-000003,reviewed_visible_observation,confirmed_continuous_curve
p1,124.18320404004305,3.0380265732474214,2.299599428514796,0.0936751858931899,101,469.5,3.5,0.5,False,visible,line-p1-000004,example-reviewer,accepted,,False,continuous,0,3,curve-p1-000004,reviewed_visible_observation,confirmed_continuous_curve
p1,128.78240289707264,3.225376945033773,2.299599428514796,0.0936751858931757,102,468.5,1.5,0.5,False,visible,line-p1-000005,example-reviewer,accepted,,False,continuous,0,4,curve-p1-000005,reviewed_visible_observation,confirmed_continuous_curve
p1,133.38160175410223,2.475975457888339,2.299599428514796,0.0936751858931899,103,472.5,5.5,0.5,False,visible,line-p1-000006,example-reviewer,accepted,,False,continuous,0,5,curve-p1-000006,reviewed_visible_observation,confirmed_continuous_curve
p1,137.98080061113183,1.351873227170202,2.299599428514796,0.0936751858931757,104,478.5,4.5,0.5,False,visible,line-p1-000007,example-reviewer,accepted,,False,continuous,0,6,curve-p1-000007,reviewed_visible_observation,confirmed_continuous_curve
p1,142.57999946816142,2.101274714315636,2.299599428514796,0.0936751858931899,105,474.5,13.0,0.5,False,visible,line-p1-000008,example-reviewer,accepted,,False,continuous,0,7,curve-p1-000008,reviewed_visible_observation,confirmed_continuous_curve
p1,147.17919832519095,7.6281106820131725,2.299599428514796,0.0936751858931757,106,445.0,14.5,0.5,False,visible,line-p1-000009,example-reviewer,accepted,,False,continuous,0,8,curve-p1-000009,reviewed_visible_observation,confirmed_continuous_curve
p1,151.77839718222054,8.564862540944958,2.299599428514796,0.0936751858931757,107,440.0,8.5,0.5,False,visible,line-p1-000010,example-reviewer,accepted,,False,continuous,0,9,curve-p1-000010,reviewed_visible_observation,confirmed_continuous_curve
p1,156.37759603925014,10.62571663059488,2.299599428514796,0.0936751858931899,108,429.0,6.0,0.5,False,visible,line-p1-000011,example-reviewer,accepted,,False,continuous,0,10,curve-p1-000011,reviewed_visible_observation,confirmed_continuous_curve
p1,160.97679489627973,12.499220348458465,2.299599428514796,0.0936751858931899,109,419.0,11.0,0.5,False,visible,line-p1-000012,example-reviewer,accepted,,False,continuous,0,11,curve-p1-000012,reviewed_visible_observation,confirmed_continuous_curve
p1,165.57599375330932,14.560074438108387,2.299599428514796,0.0936751858931757,110,408.0,14.0,0.5,False,visible,line-p1-000013,example-reviewer,accepted,,False,continuous,0,12,curve-p1-000013,reviewed_visible_observation,confirmed_continuous_curve
p1,170.1751926103389,17.276654829010567,2.299599428514796,0.0936751858931757,111,393.5,13.5,0.5,False,visible,line-p1-000014,example-reviewer,accepted,,False,continuous,0,13,curve-p1-000014,reviewed_visible_observation,confirmed_continuous_curve
p1,174.77439146736845,19.805884848126396,2.2995994285148527,0.0936751858931899,112,380.0,13.0,0.5,False,visible,line-p1-000015,example-reviewer,accepted,,False,continuous,0,14,curve-p1-000015,reviewed_visible_observation,confirmed_continuous_curve
p1,179.37359032439804,21.30468782241725,2.2995994285148527,0.0936751858931757,113,372.0,7.0,0.5,False,visible,line-p1-000016,example-reviewer,accepted,,False,continuous,0,15,curve-p1-000016,reviewed_visible_observation,confirmed_continuous_curve
p1,183.97278918142763,22.616140424921753,2.2995994285148527,0.0936751858931757,114,365.0,1.0,0.5,False,visible,line-p1-000017,example-reviewer,accepted,,False,continuous,0,16,curve-p1-000017,reviewed_visible_observation,confirmed_continuous_curve
p1,188.57198803845722,21.773063751883143,2.299599428514739,0.0936751858931757,115,369.5,5.5,0.5,False,visible,line-p1-000018,example-reviewer,accepted,,False,continuous,0,17,curve-p1-000018,reviewed_visible_observation,confirmed_continuous_curve
p1,193.1711868954868,20.555286335271816,2.2995994285148527,0.0936751858931899,116,376.0,12.0,0.5,False,visible,line-p1-000019,example-reviewer,accepted,,False,continuous,0,18,curve-p1-000019,reviewed_visible_observation,confirmed_continuous_curve
p1,197.7703857525164,18.77545780330142,2.2995994285148527,0.0936751858931899,117,385.5,9.5,0.5,False,visible,line-p1-000020,example-reviewer,accepted,,False,continuous,0,19,curve-p1-000020,reviewed_visible_observation,confirmed_continuous_curve
p1,211.56798232360518,15.684176668826538,2.2995994285148527,0.0936751858931899,120,402.0,0.5,0.5,False,visible,line-p1-000021,example-reviewer,accepted,,True,continuous,0,20,curve-p1-000021,reviewed_visible_observation,confirmed_continuous_curve
p1,216.16718118063477,16.620928527758323,2.2995994285148527,0.0936751858931899,121,397.0,3.5,0.5,False,visible,line-p1-000022,example-reviewer,accepted,,False,continuous,0,21,curve-p1-000022,reviewed_visible_observation,confirmed_continuous_curve
p1,225.36557889469384,16.620928527758323,2.2995994285148527,0.0936751858931899,123,397.0,0.5,0.5,False,visible,line-p1-000023,example-reviewer,accepted,,True,continuous,0,22,curve-p1-000023,reviewed_visible_observation,confirmed_continuous_curve
p1,229.96477775172343,17.932381130262826,2.2995994285148527,0.0936751858931899,124,390.0,8.0,0.5,False,visible,line-p1-000024,example-reviewer,accepted,,False,continuous,0,23,curve-p1-000024,reviewed_visible_observation,confirmed_continuous_curve
p1,234.56397660875302,18.77545780330142,2.2995994285148527,0.0936751858931899,125,385.5,10.5,0.5,False,visible,line-p1-000025,example-reviewer,accepted,,False,continuous,0,24,curve-p1-000025,reviewed_visible_observation,confirmed_continuous_curve
p1,239.16317546578261,21.398363008310426,2.2995994285148527,0.0936751858931757,126,371.5,14.5,0.5,False,visible,line-p1-000026,example-reviewer,accepted,,False,continuous,0,25,curve-p1-000026,reviewed_visible_observation,confirmed_continuous_curve
p1,243.7623743228122,25.801096745289826,2.2995994285148527,0.0936751858931757,127,348.0,13.0,0.5,False,visible,line-p1-000027,example-reviewer,accepted,,False,continuous,0,26,curve-p1-000027,reviewed_visible_observation,confirmed_continuous_curve
p1,248.3615731798418,27.206224533687504,2.299599428514739,0.0936751858931757,128,340.5,10.5,0.5,False,visible,line-p1-000028,example-reviewer,accepted,,False,continuous,0,27,curve-p1-000028,reviewed_visible_observation,confirmed_continuous_curve
p1,252.9607720368714,29.173403437444257,2.2995994285148527,0.0936751858931828,129,330.0,8.0,0.5,False,visible,line-p1-000029,example-reviewer,accepted,,False,continuous,0,28,curve-p1-000029,reviewed_visible_observation,confirmed_continuous_curve
p1,257.559970893901,30.391180854055577,2.2995994285148527,0.0936751858931828,130,323.5,5.5,0.5,False,visible,line-p1-000030,example-reviewer,accepted,,False,continuous,0,29,curve-p1-000030,reviewed_visible_observation,confirmed_continuous_curve
p1,262.1591697509306,31.234257527094186,2.2995994285148527,0.0936751858931828,131,319.0,2.0,0.5,False,visible,line-p1-000031,example-reviewer,accepted,,False,continuous,0,30,curve-p1-000031,reviewed_visible_observation,confirmed_continuous_curve
p1,266.75836860796016,31.140582341201004,2.2995994285148527,0.0936751858931828,132,319.5,3.5,0.5,False,visible,line-p1-000032,example-reviewer,accepted,,False,continuous,0,31,curve-p1-000032,reviewed_visible_observation,confirmed_continuous_curve
p1,271.35756746498976,29.548104181016967,2.2995994285148527,0.0936751858931828,133,328.0,12.0,0.5,False,visible,line-p1-000033,example-reviewer,accepted,,False,continuous,0,32,curve-p1-000033,reviewed_visible_observation,confirmed_continuous_curve
p1,275.95676632201935,28.330326764405648,2.2995994285148527,0.0936751858931757,134,334.5,10.5,0.5,False,visible,line-p1-000034,example-reviewer,accepted,,False,continuous,0,33,curve-p1-000034,reviewed_visible_observation,confirmed_continuous_curve
p1,280.5559651790488,27.76827564904658,2.2995994285148527,0.0936751858931828,135,337.5,7.5,0.5,False,visible,line-p1-000035,example-reviewer,accepted,,False,continuous,0,34,curve-p1-000035,reviewed_visible_observation,confirmed_continuous_curve
p1,285.1551640360784,29.267078623337433,2.2995994285148527,0.0936751858931828,136,329.5,17.5,0.5,False,visible,line-p1-000036,example-reviewer,accepted,,False,continuous,0,35,curve-p1-000036,reviewed_visible_observation,confirmed_continuous_curve
p1,289.754362893108,31.046907155307828,2.2995994285148527,0.0936751858931757,137,320.0,9.0,0.5,False,visible,line-p1-000037,example-reviewer,accepted,,False,continuous,0,36,curve-p1-000037,reviewed_visible_observation,confirmed_continuous_curve
p1,294.3535617501376,30.67220641173511,2.2995994285148527,0.0936751858931828,138,322.0,10.0,0.5,False,visible,line-p1-000038,example-reviewer,accepted,,False,continuous,0,37,curve-p1-000038,reviewed_visible_observation,confirmed_continuous_curve
p1,298.9527606071672,28.517677136192006,2.2995994285148527,0.0936751858931828,139,333.5,10.5,0.5,False,visible,line-p1-000039,example-reviewer,accepted,,False,continuous,0,38,curve-p1-000039,reviewed_visible_observation,confirmed_continuous_curve
p1,303.5519594641968,26.363147860648894,2.2995994285148527,0.0936751858931757,140,345.0,12.0,0.5,False,visible,line-p1-000040,example-reviewer,accepted,,False,continuous,0,39,curve-p1-000040,reviewed_visible_observation,confirmed_continuous_curve
p1,308.1511583212264,24.489644142785323,2.299599428514739,0.0936751858931757,141,355.0,10.0,0.5,False,visible,line-p1-000041,example-reviewer,accepted,,False,continuous,0,40,curve-p1-000041,reviewed_visible_observation,confirmed_continuous_curve
p1,312.75035717825597,22.616140424921753,2.2995994285148527,0.0936751858931757,142,365.0,7.0,0.5,False,visible,line-p1-000042,example-reviewer,accepted,,False,continuous,0,41,curve-p1-000042,reviewed_visible_observation,confirmed_continuous_curve
p1,317.34955603528556,19.524859290446855,2.2995994285148527,0.0936751858931757,143,381.5,15.5,0.5,False,visible,line-p1-000043,example-reviewer,accepted,,False,continuous,0,42,curve-p1-000043,reviewed_visible_observation,confirmed_continuous_curve
p1,321.94875489231515,17.55768038669011,2.2995994285148527,0.0936751858931899,144,392.0,34.0,0.5,False,visible,line-p1-000044,example-reviewer,accepted,,False,continuous,0,43,curve-p1-000044,reviewed_visible_observation,confirmed_continuous_curve
p1,326.54795374934474,7.15973475254728,2.2995994285148527,0.0936751858931899,145,447.5,27.5,0.5,False,visible,line-p1-000045,example-reviewer,accepted,,False,continuous,0,44,curve-p1-000045,reviewed_visible_observation,confirmed_continuous_curve
p1,331.14715260637433,10.532041444701704,2.2995994285148527,0.0936751858931757,146,429.5,33.0,0.5,False,visible,line-p1-000046,example-reviewer,accepted,,False,continuous,0,45,curve-p1-000046,reviewed_visible_observation,confirmed_continuous_curve
p1,335.7463514634039,12.780245906137992,2.2995994285148527,0.0936751858931757,147,417.5,32.0,0.5,False,visible,line-p1-000047,example-reviewer,accepted,,False,continuous,0,46,curve-p1-000047,reviewed_visible_observation,confirmed_continuous_curve
p1,340.3455503204334,18.494432245621894,2.2995994285148527,0.0936751858931757,148,387.0,15.0,0.5,False,visible,line-p1-000048,example-reviewer,accepted,,False,continuous,0,47,curve-p1-000048,reviewed_visible_observation,confirmed_continuous_curve
p1,349.5439480344926,22.054089309562684,2.2995994285148527,0.0936751858931899,150,368.0,1.0,0.5,False,visible,line-p1-000049,example-reviewer,accepted,,True,continuous,0,48,curve-p1-000049,reviewed_visible_observation,confirmed_continuous_curve
p1,354.1431468915222,22.33511486724221,2.2995994285148527,0.0936751858931757,151,366.5,6.5,0.5,False,visible,line-p1-000050,example-reviewer,accepted,,False,continuous,0,49,curve-p1-000050,reviewed_visible_observation,confirmed_continuous_curve
p1,358.74234574855177,23.084516354387645,2.2995994285148527,0.0936751858931757,152,362.5,3.5,0.5,False,visible,line-p1-000051,example-reviewer,accepted,,False,continuous,0,50,curve-p1-000051,reviewed_visible_observation,confirmed_continuous_curve
p1,363.34154460558136,22.241439681349036,2.2995994285148527,0.0936751858931757,153,367.0,7.0,0.5,False,visible,line-p1-000052,example-reviewer,accepted,,False,continuous,0,51,curve-p1-000052,reviewed_visible_observation,confirmed_continuous_curve
p1,367.94074346261095,21.30468782241725,2.299599428514739,0.0936751858931757,154,372.0,5.0,0.5,False,visible,line-p1-000053,example-reviewer,accepted,,False,continuous,0,52,curve-p1-000053,reviewed_visible_observation,confirmed_continuous_curve
p1,372.53994231964055,20.929987078844533,2.2995994285148527,0.0936751858931757,155,374.0,3.0,0.5,False,visible,line-p1-000054,example-reviewer,accepted,,False,continuous,0,53,curve-p1-000054,reviewed_visible_observation,confirmed_continuous_curve
p1,377.13914117667014,21.679388565989967,2.2995994285148527,0.0936751858931757,156,370.0,4.0,0.5,False,visible,line-p1-000055,example-reviewer,accepted,,False,continuous,0,54,curve-p1-000055,reviewed_visible_observation,confirmed_continuous_curve
p1,381.7383400336997,22.70981561081493,2.2995994285148527,0.0936751858931757,157,364.5,5.5,0.5,False,visible,line-p1-000056,example-reviewer,accepted,,False,continuous,0,55,curve-p1-000056,reviewed_visible_observation,confirmed_continuous_curve
p1,386.3375388907293,23.74024265563989,2.2995994285148527,0.0936751858931899,158,359.0,6.0,0.5,False,visible,line-p1-000057,example-reviewer,accepted,,False,continuous,0,56,curve-p1-000057,reviewed_visible_observation,confirmed_continuous_curve
p1,390.9367377477589,25.145370444037567,2.2995994285148527,0.0936751858931899,159,351.5,6.5,0.5,False,visible,line-p1-000058,example-reviewer,accepted,,False,continuous,0,57,curve-p1-000058,reviewed_visible_observation,confirmed_continuous_curve
p1,395.5359366047885,26.363147860648894,2.2995994285148527,0.0936751858931757,160,345.0,7.0,0.5,False,visible,line-p1-000059,example-reviewer,accepted,,False,continuous,0,58,curve-p1-000059,reviewed_visible_observation,confirmed_continuous_curve
p1,400.135135461818,27.393574905473862,2.2995994285148527,0.0936751858931828,161,339.5,4.5,0.5,False,visible,line-p1-000060,example-reviewer,accepted,,False,continuous,0,59,curve-p1-000060,reviewed_visible_observation,confirmed_continuous_curve
p1,404.7343343188476,28.424001950298823,2.2995994285148527,0.0936751858931828,162,334.0,3.0,0.5,False,visible,line-p1-000061,example-reviewer,accepted,,False,continuous,0,60,curve-p1-000061,reviewed_visible_observation,confirmed_continuous_curve
p1,409.33353317587716,28.79870269387154,2.2995994285148527,0.0936751858931757,163,332.0,2.0,0.5,False,visible,line-p1-000062,example-reviewer,accepted,,False,continuous,0,61,curve-p1-000062,reviewed_visible_observation,confirmed_continuous_curve
p1,413.93273203290676,28.9860530656579,2.2995994285148527,0.0936751858931828,164,331.0,1.0,0.5,False,visible,line-p1-000063,example-reviewer,accepted,,False,continuous,0,62,curve-p1-000063,reviewed_visible_observation,confirmed_continuous_curve
p1,418.53193088993635,28.61135232208518,2.2995994285148527,0.0936751858931828,165,333.0,2.0,0.5,False,visible,line-p1-000064,example-reviewer,accepted,,False,continuous,0,63,curve-p1-000064,reviewed_visible_observation,confirmed_continuous_curve
p1,423.13112974696594,28.049301206726113,2.299599428514739,0.0936751858931828,166,336.0,4.0,0.5,False,visible,line-p1-000065,example-reviewer,accepted,,False,continuous,0,64,curve-p1-000065,reviewed_visible_observation,confirmed_continuous_curve
p1,427.73032860399553,27.206224533687504,2.2995994285148527,0.0936751858931757,167,340.5,4.5,0.5,False,visible,line-p1-000066,example-reviewer,accepted,,False,continuous,0,65,curve-p1-000066,reviewed_visible_observation,confirmed_continuous_curve
p1,432.3295274610251,26.175797488862543,2.2995994285148527,0.0936751858931757,168,346.0,5.0,0.5,False,visible,line-p1-000067,example-reviewer,accepted,,False,continuous,0,66,curve-p1-000067,reviewed_visible_observation,confirmed_continuous_curve
p1,436.9287263180547,25.332720815823933,2.2995994285148527,0.0936751858931757,169,350.5,4.5,0.5,False,visible,line-p1-000068,example-reviewer,accepted,,False,continuous,0,67,curve-p1-000068,reviewed_visible_observation,confirmed_continuous_curve
p1,441.5279251750843,24.489644142785323,2.2995994285148527,0.0936751858931757,170,355.0,3.0,0.5,False,visible,line-p1-000069,example-reviewer,accepted,,False,continuous,0,68,curve-p1-000069,reviewed_visible_observation,confirmed_continuous_curve
p1,446.1271240321139,23.83391784153308,2.2995994285148527,0.0936751858931899,171,358.5,2.5,0.5,False,visible,line-p1-000070,example-reviewer,accepted,,False,continuous,0,69,curve-p1-000070,reviewed_visible_observation,confirmed_continuous_curve
p1,450.7263228891435,23.271866726173997,2.2995994285148527,0.0936751858931899,172,361.5,2.5,0.5,False,visible,line-p1-000071,example-reviewer,accepted,,False,continuous,0,70,curve-p1-000071,reviewed_visible_observation,confirmed_continuous_curve
p1,455.32552174617297,22.616140424921753,2.2995994285148527,0.0936751858931757,173,365.0,3.0,0.5,False,visible,line-p1-000072,example-reviewer,accepted,,False,continuous,0,71,curve-p1-000072,reviewed_visible_observation,confirmed_continuous_curve
p1,459.92472060320256,21.960414123669494,2.2995994285148527,0.0936751858931899,174,368.5,3.5,0.5,False,visible,line-p1-000073,example-reviewer,accepted,,False,continuous,0,72,curve-p1-000073,reviewed_visible_observation,confirmed_continuous_curve
p1,464.52391946023215,21.30468782241725,2.2995994285148527,0.0936751858931757,175,372.0,3.0,0.5,False,visible,line-p1-000074,example-reviewer,accepted,,False,continuous,0,73,curve-p1-000074,reviewed_visible_observation,confirmed_continuous_curve
p1,469.12311831726174,20.836311892951358,2.2995994285148527,0.0936751858931757,176,374.5,1.5,0.5,False,visible,line-p1-000075,example-reviewer,accepted,,False,continuous,0,74,curve-p1-000075,reviewed_visible_observation,confirmed_continuous_curve
p1,473.72231717429133,21.1173374506309,2.2995994285148527,0.0936751858931899,177,373.0,2.0,0.5,False,visible,line-p1-000076,example-reviewer,accepted,,False,continuous,0,75,curve-p1-000076,reviewed_visible_observation,confirmed_continuous_curve
p1,478.3215160313209,21.960414123669494,2.2995994285148527,0.0936751858931899,178,368.5,4.5,0.5,False,visible,line-p1-000077,example-reviewer,accepted,,False,continuous,0,76,curve-p1-000077,reviewed_visible_observation,confirmed_continuous_curve
p1,482.9207148883505,23.084516354387645,2.299599428514739,0.0936751858931757,179,362.5,7.5,0.5,False,visible,line-p1-000078,example-reviewer,accepted,,False,continuous,0,77,curve-p1-000078,reviewed_visible_observation,confirmed_continuous_curve
p1,487.5199137453801,24.5833193286785,2.2995994285148527,0.0936751858931757,180,354.5,8.5,0.5,False,visible,line-p1-000079,example-reviewer,accepted,,False,continuous,0,78,curve-p1-000079,reviewed_visible_observation,confirmed_continuous_curve
p1,492.1191126024097,26.175797488862543,2.2995994285148527,0.0936751858931757,181,346.0,8.0,0.5,False,visible,line-p1-000080,example-reviewer,accepted,,False,continuous,0,79,curve-p1-000080,reviewed_visible_observation,confirmed_continuous_curve
p1,496.7183114594393,27.76827564904658,2.2995994285148527,0.0936751858931828,182,337.5,7.5,0.5,False,visible,line-p1-000081,example-reviewer,accepted,,False,continuous,0,80,curve-p1-000081,reviewed_visible_observation,confirmed_continuous_curve
p1,501.3175103164689,29.267078623337433,2.2995994285148527,0.0936751858931828,183,329.5,7.5,0.5,False,visible,line-p1-000082,example-reviewer,accepted,,False,continuous,0,81,curve-p1-000082,reviewed_visible_observation,confirmed_continuous_curve
p1,505.9167091734985,30.765881597628294,2.2995994285148527,0.0936751858931828,184,321.5,7.5,0.5,False,visible,line-p1-000083,example-reviewer,accepted,,False,continuous,0,82,curve-p1-000083,reviewed_visible_observation,confirmed_continuous_curve
p1,510.51590803052807,32.17100938602597,2.2995994285148527,0.0936751858931757,185,314.0,7.0,0.5,False,visible,line-p1-000084,example-reviewer,accepted,,False,continuous,0,83,curve-p1-000084,reviewed_visible_observation,confirmed_continuous_curve
p1,515.1151068875575,33.95083791799637,2.2995994285148527,0.0936751858931828,186,304.5,3.5,0.5,False,visible,line-p1-000085,example-reviewer,accepted,,False,continuous,0,84,curve-p1-000085,reviewed_visible_observation,confirmed_continuous_curve
p1,519.7143057445871,34.700239405141794,2.2995994285148527,0.0936751858931828,187,300.5,5.5,0.5,False,visible,line-p1-000086,example-reviewer,accepted,,False,continuous,0,85,curve-p1-000086,reviewed_visible_observation,confirmed_continuous_curve
p1,524.3135046016167,35.73066644996676,2.2995994285148527,0.0936751858931828,188,295.0,5.0,0.5,False,visible,line-p1-000087,example-reviewer,accepted,,False,continuous,0,86,curve-p1-000087,reviewed_visible_observation,confirmed_continuous_curve
p1,528.9127034586463,37.13579423836444,2.2995994285148527,0.0936751858931757,189,287.5,6.5,0.5,False,visible,line-p1-000088,example-reviewer,accepted,,False,continuous,0,87,curve-p1-000088,reviewed_visible_observation,confirmed_continuous_curve
p1,533.5119023156759,38.44724684086894,2.2995994285148527,0.0936751858931828,190,280.5,8.5,0.5,False,visible,line-p1-000089,example-reviewer,accepted,,False,continuous,0,88,curve-p1-000089,reviewed_visible_observation,confirmed_continuous_curve
p1,538.1111011727055,40.03972500105298,2.2995994285148527,0.0936751858931828,191,272.0,8.0,0.5,False,visible,line-p1-000090,example-reviewer,accepted,,False,continuous,0,89,curve-p1-000090,reviewed_visible_observation,confirmed_continuous_curve
p1,542.7103000297351,41.44485278945066,2.299599428514739,0.0936751858931757,192,264.5,6.5,0.5,False,visible,line-p1-000091,example-reviewer,accepted,,False,continuous,0,90,curve-p1-000091,reviewed_visible_observation,confirmed_continuous_curve
p1,547.3094988867647,42.475279834275625,2.2995994285148527,0.0936751858931828,193,259.0,4.0,0.5,False,visible,line-p1-000092,example-reviewer,accepted,,False,continuous,0,91,curve-p1-000092,reviewed_visible_observation,confirmed_continuous_curve
p1,551.9086977437943,43.03733094963469,2.2995994285148527,0.0936751858931757,194,256.0,1.0,0.5,False,visible,line-p1-000093,example-reviewer,accepted,,False,continuous,0,92,curve-p1-000093,reviewed_visible_observation,confirmed_continuous_curve
p1,556.5078966008239,42.849980577848335,2.2995994285148527,0.0936751858931828,195,257.0,2.0,0.5,False,visible,line-p1-000094,example-reviewer,accepted,,False,continuous,0,93,curve-p1-000094,reviewed_visible_observation,confirmed_continuous_curve
p1,561.1070954578535,42.194254276596084,2.2995994285148527,0.0936751858931828,196,260.5,4.5,0.5,False,visible,line-p1-000095,example-reviewer,accepted,,False,continuous,0,94,curve-p1-000095,reviewed_visible_observation,confirmed_continuous_curve
p1,565.706294314883,41.16382723177112,2.2995994285148527,0.0936751858931828,197,266.0,6.0,0.5,False,visible,line-p1-000096,example-reviewer,accepted,,False,continuous,0,95,curve-p1-000096,reviewed_visible_observation,confirmed_continuous_curve
p1,570.3054931719126,39.946049815159796,2.2995994285148527,0.0936751858931828,198,272.5,6.5,0.5,False,visible,line-p1-000097,example-reviewer,accepted,,False,continuous,0,96,curve-p1-000097,reviewed_visible_observation,confirmed_continuous_curve
p1,574.9046920289421,38.72827239854848,2.2995994285148527,0.0936751858931757,199,279.0,6.0,0.5,False,visible,line-p1-000098,example-reviewer,accepted,,False,continuous,0,97,curve-p1-000098,reviewed_visible_observation,confirmed_continuous_curve
p1,579.5038908859717,37.97887091140305,2.2995994285148527,0.0936751858931828,200,283.0,3.0,0.5,False,visible,line-p1-000099,example-reviewer,accepted,,False,continuous,0,98,curve-p1-000099,reviewed_visible_observation,confirmed_continuous_curve
p1,584.1030897430013,37.416819796043974,2.2995994285148527,0.0936751858931828,201,286.0,1.0,0.5,False,visible,line-p1-000100,example-reviewer,accepted,,False,continuous,0,99,curve-p1-000100,reviewed_visible_observation,confirmed_continuous_curve
p1,588.7022886000309,37.88519572550987,2.2995994285148527,0.0936751858931828,202,283.5,2.5,0.5,False,visible,line-p1-000101,example-reviewer,accepted,,False,continuous,0,100,curve-p1-000101,reviewed_visible_observation,confirmed_continuous_curve
p1,602.4998851711197,40.88280167409158,2.299599428514739,0.0936751858931828,205,267.5,2.5,0.5,False,visible,line-p1-000102,example-reviewer,accepted,,True,continuous,0,101,curve-p1-000102,reviewed_visible_observation,confirmed_continuous_curve
p1,607.0990840281493,41.819553533023374,2.2995994285148527,0.0936751858931828,206,262.5,2.5,0.5,False,visible,line-p1-000103,example-reviewer,accepted,,False,continuous,0,102,curve-p1-000103,reviewed_visible_observation,confirmed_continuous_curve
p1,611.6982828851789,41.91322871891655,2.2995994285148527,0.0936751858931757,207,262.0,2.0,0.5,False,visible,line-p1-000104,example-reviewer,accepted,,False,continuous,0,103,curve-p1-000104,reviewed_visible_observation,confirmed_continuous_curve
p1,616.2974817422084,41.2575024176643,2.2995994285148527,0.0936751858931828,208,265.5,3.5,0.5,False,visible,line-p1-000105,example-reviewer,accepted,,False,continuous,0,104,curve-p1-000105,reviewed_visible_observation,confirmed_continuous_curve
p1,620.896680599238,40.03972500105298,2.2995994285148527,0.0936751858931828,209,272.0,7.0,0.5,False,visible,line-p1-000106,example-reviewer,accepted,,False,continuous,0,105,curve-p1-000106,reviewed_visible_observation,confirmed_continuous_curve
p1,625.4958794562676,38.44724684086894,2.2995994285148527,0.0936751858931828,210,280.5,11.5,0.5,False,visible,line-p1-000107,example-reviewer,accepted,,False,continuous,0,106,curve-p1-000107,reviewed_visible_observation,confirmed_continuous_curve
p1,630.0950783132972,36.66741830889855,2.2995994285148527,0.0936751858931828,211,290.0,7.0,0.5,False,visible,line-p1-000108,example-reviewer,accepted,,False,continuous,0,107,curve-p1-000108,reviewed_visible_observation,confirmed_continuous_curve
p1,634.6942771703267,35.355965706394045,2.2995994285148527,0.0936751858931757,212,297.0,3.0,0.5,False,visible,line-p1-000109,example-reviewer,accepted,,False,continuous,0,108,curve-p1-000109,reviewed_visible_observation,confirmed_continuous_curve
p1,639.2934760273563,33.95083791799637,2.2995994285148527,0.0936751858931828,213,304.5,6.5,0.5,False,visible,line-p1-000110,example-reviewer,accepted,,False,continuous,0,109,curve-p1-000110,reviewed_visible_observation,confirmed_continuous_curve
p1,643.8926748843859,33.10776124495776,2.2995994285148527,0.0936751858931828,214,309.0,8.0,0.5,False,visible,line-p1-000111,example-reviewer,accepted,,False,continuous,0,110,curve-p1-000111,reviewed_visible_observation,confirmed_continuous_curve
p1,648.4918737414155,30.110155296376043,2.2995994285148527,0.0936751858931828,215,325.0,10.0,0.5,False,visible,line-p1-000112,example-reviewer,accepted,,False,continuous,0,111,curve-p1-000112,reviewed_visible_observation,confirmed_continuous_curve
p1,653.0910725984451,28.424001950298823,2.2995994285148527,0.0936751858931828,216,334.0,8.0,0.5,False,visible,line-p1-000113,example-reviewer,accepted,,False,continuous,0,112,curve-p1-000113,reviewed_visible_observation,confirmed_continuous_curve
p1,657.6902714554747,27.206224533687504,2.2995994285148527,0.0936751858931757,217,340.5,7.5,0.5,False,visible,line-p1-000114,example-reviewer,accepted,,False,continuous,0,113,curve-p1-000114,reviewed_visible_observation,confirmed_continuous_curve
p1,662.2894703125042,27.95562602083293,2.299599428514739,0.0936751858931828,218,336.5,11.5,0.5,False,visible,line-p1-000115,example-reviewer,accepted,,False,continuous,0,114,curve-p1-000115,reviewed_visible_observation,confirmed_continuous_curve
p1,666.8886691695338,29.64177936691015,2.2995994285148527,0.0936751858931828,219,327.5,11.5,0.5,False,visible,line-p1-000116,example-reviewer,accepted,,False,continuous,0,115,curve-p1-000116,reviewed_visible_observation,confirmed_continuous_curve
p1,671.4878680265634,31.140582341201004,2.2995994285148527,0.0936751858931828,220,319.5,4.5,0.5,False,visible,line-p1-000117,example-reviewer,accepted,,False,continuous,0,116,curve-p1-000117,reviewed_visible_observation,confirmed_continuous_curve
p1,676.087066883593,30.2975056681624,2.2995994285148527,0.0936751858931828,221,324.0,5.5,0.5,False,visible,line-p1-000118,example-reviewer,accepted,,False,continuous,0,117,curve-p1-000118,reviewed_visible_observation,confirmed_continuous_curve
p1,680.6862657406226,28.236651578512472,2.2995994285148527,0.0936751858931828,222,335.0,12.5,0.5,False,visible,line-p1-000119,example-reviewer,accepted,,False,continuous,0,118,curve-p1-000119,reviewed_visible_observation,confirmed_continuous_curve
p1,685.2854645976522,25.145370444037567,2.2995994285148527,0.0936751858931899,223,351.5,17.5,0.5,False,visible,line-p1-000120,example-reviewer,accepted,,False,continuous,0,119,curve-p1-000120,reviewed_visible_observation,confirmed_continuous_curve
p1,689.8846634546817,24.02126821331943,2.299599428514739,0.0936751858931757,224,357.5,8.5,0.5,False,visible,line-p1-000121,example-reviewer,accepted,,False,continuous,0,120,curve-p1-000121,reviewed_visible_observation,confirmed_continuous_curve
p1,694.4838623117114,25.520071187610284,2.2995994285149663,0.0936751858931757,225,349.5,14.5,0.5,False,visible,line-p1-000122,example-reviewer,accepted,,False,continuous,0,121,curve-p1-000122,reviewed_visible_observation,confirmed_continuous_curve
p1,699.0830611687409,27.112549347794328,2.299599428514739,0.0936751858931828,226,341.0,8.0,0.5,False,visible,line-p1-000123,example-reviewer,accepted,,False,continuous,0,122,curve-p1-000123,reviewed_visible_observation,confirmed_continuous_curve
p1,703.6822600257706,27.112549347794328,2.2995994285149663,0.0936751858931828,227,341.0,7.0,0.5,False,visible,line-p1-000124,example-reviewer,accepted,,False,continuous,0,123,curve-p1-000124,reviewed_visible_observation,confirmed_continuous_curve
p1,708.2814588828,26.175797488862543,2.299599428514739,0.0936751858931757,228,346.0,5.0,0.5,False,visible,line-p1-000125,example-reviewer,accepted,,False,continuous,0,124,curve-p1-000125,reviewed_visible_observation,confirmed_continuous_curve
p1,712.8806577398298,25.239045629930757,2.2995994285149663,0.0936751858931899,229,351.0,2.0,0.5,False,visible,line-p1-000126,example-reviewer,accepted,,False,continuous,0,125,curve-p1-000126,reviewed_visible_observation,confirmed_continuous_curve
p1,717.4798565968592,24.676994514571675,2.299599428514739,0.0936751858931899,230,354.0,1.0,0.5,False,visible,line-p1-000127,example-reviewer,accepted,,False,continuous,0,126,curve-p1-000127,reviewed_visible_observation,confirmed_continuous_curve
p1,722.0790554538887,28.236651578512472,2.2995994285149663,0.0936751858931828,231,335.0,14.5,0.5,False,visible,line-p1-000128,example-reviewer,accepted,,False,continuous,0,127,curve-p1-000128,reviewed_visible_observation,confirmed_continuous_curve
p1,726.6782543109184,30.578531225841935,2.299599428514739,0.0936751858931757,232,322.5,15.5,0.5,False,visible,line-p1-000129,example-reviewer,accepted,,False,continuous,0,128,curve-p1-000129,reviewed_visible_observation,confirmed_continuous_curve
p1,731.2774531679479,34.138188289782725,2.2995994285149663,0.0936751858931828,233,303.5,15.5,0.5,False,visible,line-p1-000130,example-reviewer,accepted,,False,continuous,0,129,curve-p1-000130,reviewed_visible_observation,confirmed_continuous_curve
p1,735.8766520249776,37.51049498193716,2.299599428514739,0.0936751858931828,234,285.5,13.5,0.5,False,visible,line-p1-000131,example-reviewer,accepted,,False,continuous,0,130,curve-p1-000131,reviewed_visible_observation,confirmed_continuous_curve
p1,740.4758508820071,38.6345972126553,2.2995994285149663,0.0936751858931828,235,279.5,7.5,0.5,False,visible,line-p1-000132,example-reviewer,accepted,,False,continuous,0,131,curve-p1-000132,reviewed_visible_observation,confirmed_continuous_curve
p1,745.0750497390368,37.416819796043974,2.299599428514739,0.0936751858931828,236,286.0,11.0,0.5,False,visible,line-p1-000133,example-reviewer,accepted,,False,continuous,0,132,curve-p1-000133,reviewed_visible_observation,confirmed_continuous_curve
p1,749.6742485960663,36.10536719353947,2.299599428514739,0.0936751858931828,237,293.0,6.0,0.5,False,visible,line-p1-000134,example-reviewer,accepted,,False,continuous,0,133,curve-p1-000134,reviewed_visible_observation,confirmed_continuous_curve
p1,754.273447453096,33.857162732103184,2.2995994285149663,0.0936751858931828,238,305.0,7.0,0.5,False,visible,line-p1-000135,example-reviewer,accepted,,False,continuous,0,134,curve-p1-000135,reviewed_visible_observation,confirmed_continuous_curve
p1,758.8726463101254,31.421607898880545,2.299599428514739,0.0936751858931828,239,318.0,12.0,0.5,False,visible,line-p1-000136,example-reviewer,accepted,,False,continuous,0,135,curve-p1-000136,reviewed_visible_observation,confirmed_continuous_curve
p1,763.4718451671552,28.424001950298823,2.2995994285149663,0.0936751858931828,240,334.0,17.0,0.5,False,visible,line-p1-000137,example-reviewer,accepted,,False,continuous,0,136,curve-p1-000137,reviewed_visible_observation,confirmed_continuous_curve
p1,768.0710440241846,26.73784860422161,2.299599428514739,0.0936751858931757,241,343.0,12.0,0.5,False,visible,line-p1-000138,example-reviewer,accepted,,False,continuous,0,137,curve-p1-000138,reviewed_visible_observation,confirmed_continuous_curve
p1,772.6702428812143,24.958020072251216,2.2995994285149663,0.0936751858931757,242,352.5,3.5,0.5,False,visible,line-p1-000139,example-reviewer,accepted,,False,continuous,0,138,curve-p1-000139,reviewed_visible_observation,confirmed_continuous_curve
p1,777.2694417382438,25.145370444037567,2.299599428514739,0.0936751858931899,243,351.5,4.5,0.5,False,visible,line-p1-000140,example-reviewer,accepted,,False,continuous,0,139,curve-p1-000140,reviewed_visible_observation,confirmed_continuous_curve
p1,781.8686405952733,27.76827564904658,2.2995994285149663,0.0936751858931828,244,337.5,14.5,0.5,False,visible,line-p1-000141,example-reviewer,accepted,,False,continuous,0,140,curve-p1-000141,reviewed_visible_observation,confirmed_continuous_curve
p1,786.467839452303,29.45442899512379,2.299599428514739,0.0936751858931757,245,328.5,15.5,0.5,False,visible,line-p1-000142,example-reviewer,accepted,,False,continuous,0,141,curve-p1-000142,reviewed_visible_observation,confirmed_continuous_curve
p1,791.0670383093325,31.983659014239613,2.2995994285149663,0.0936751858931828,246,315.0,15.0,0.5,False,visible,line-p1-000143,example-reviewer,accepted,,False,continuous,0,142,curve-p1-000143,reviewed_visible_observation,confirmed_continuous_curve
p1,795.6662371663622,35.63699126407358,2.299599428514739,0.0936751858931828,247,295.5,11.5,0.5,False,visible,line-p1-000144,example-reviewer,accepted,,False,continuous,0,143,curve-p1-000144,reviewed_visible_observation,confirmed_continuous_curve
p1,800.2654360233917,36.94844386657808,2.2995994285149663,0.0936751858931828,248,288.5,5.5,0.5,False,visible,line-p1-000145,example-reviewer,accepted,,False,continuous,0,144,curve-p1-000145,reviewed_visible_observation,confirmed_continuous_curve
p1,804.8646348804214,37.042119052471264,2.299599428514739,0.0936751858931828,249,288.0,3.0,0.5,False,visible,line-p1-000146,example-reviewer,accepted,,False,continuous,0,145,curve-p1-000146,reviewed_visible_observation,confirmed_continuous_curve
p1,818.66223145151,39.19664832801437,2.299599428514739,0.0936751858931757,252,276.5,8.5,0.5,False,visible,line-p1-000147,example-reviewer,accepted,,True,continuous,0,146,curve-p1-000147,reviewed_visible_observation,confirmed_continuous_curve
p1,823.2614303085397,40.789126488198406,2.2995994285149663,0.0936751858931757,253,268.0,16.5,0.5,False,visible,line-p1-000148,example-reviewer,accepted,,False,continuous,0,147,curve-p1-000148,reviewed_visible_observation,confirmed_continuous_curve
p1,827.8606291655692,42.75630539195516,2.299599428514739,0.0936751858931828,254,257.5,13.5,0.5,False,visible,line-p1-000149,example-reviewer,accepted,,False,continuous,0,148,curve-p1-000149,reviewed_visible_observation,confirmed_continuous_curve
p1,832.4598280225989,44.81715948160509,2.2995994285149663,0.0936751858931828,255,246.5,5.5,0.5,False,visible,line-p1-000150,example-reviewer,accepted,,False,continuous,0,149,curve-p1-000150,reviewed_visible_observation,confirmed_continuous_curve
p1,837.0590268796284,45.84758652643005,2.299599428514739,0.0936751858931828,256,241.0,2.0,0.5,False,visible,line-p1-000151,example-reviewer,accepted,,False,continuous,0,150,curve-p1-000151,reviewed_visible_observation,confirmed_continuous_curve
p1,841.6582257366579,44.81715948160509,2.2995994285149663,0.0936751858931828,257,246.5,7.5,0.5,False,visible,line-p1-000152,example-reviewer,accepted,,False,continuous,0,151,curve-p1-000152,reviewed_visible_observation,confirmed_continuous_curve
p1,846.2574245936876,43.505706879100586,2.299599428514739,0.0936751858931757,258,253.5,9.5,0.5,False,visible,line-p1-000153,example-reviewer,accepted,,False,continuous,0,152,curve-p1-000153,reviewed_visible_observation,confirmed_continuous_curve
p1,850.856623450717,41.72587834713019,2.2995994285149663,0.0936751858931828,259,263.0,8.0,0.5,False,visible,line-p1-000154,example-reviewer,accepted,,False,continuous,0,153,curve-p1-000154,reviewed_visible_observation,confirmed_continuous_curve
p1,855.4558223077468,41.16382723177112,2.299599428514739,0.0936751858931828,260,266.0,2.0,0.5,False,visible,line-p1-000155,example-reviewer,accepted,,False,continuous,0,154,curve-p1-000155,reviewed_visible_observation,confirmed_continuous_curve
p1,864.6542200218059,38.54092202676212,2.299599428514739,0.0936751858931828,262,280.0,1.0,0.5,False,visible,line-p1-000156,example-reviewer,accepted,,True,continuous,0,155,curve-p1-000156,reviewed_visible_observation,confirmed_continuous_curve
p1,869.2534188788354,36.94844386657808,2.299599428514739,0.0936751858931828,263,288.5,8.5,0.5,False,visible,line-p1-000157,example-reviewer,accepted,,False,continuous,0,156,curve-p1-000157,reviewed_visible_observation,confirmed_continuous_curve
p1,873.8526177358651,34.512889033355435,2.2995994285149663,0.0936751858931828,264,301.5,12.5,0.5,False,visible,line-p1-000158,example-reviewer,accepted,,False,continuous,0,157,curve-p1-000158,reviewed_visible_observation,confirmed_continuous_curve
p1,878.4518165928946,33.20143643085094,2.299599428514739,0.0936751858931828,265,308.5,10.5,0.5,False,visible,line-p1-000159,example-reviewer,accepted,,False,continuous,0,158,curve-p1-000159,reviewed_visible_observation,confirmed_continuous_curve
p1,883.0510154499243,31.421607898880545,2.2995994285149663,0.0936751858931828,266,318.0,3.0,0.5,False,visible,line-p1-000160,example-reviewer,accepted,,False,continuous,0,159,curve-p1-000160,reviewed_visible_observation,confirmed_continuous_curve
p1,887.6502143069538,31.889983828346438,2.299599428514739,0.0936751858931828,267,315.5,8.5,0.5,False,visible,line-p1-000161,example-reviewer,accepted,,False,continuous,0,160,curve-p1-000161,reviewed_visible_observation,confirmed_continuous_curve
p1,892.2494131639835,33.482461988530474,2.2995994285149663,0.0936751858931828,268,307.0,17.0,0.5,False,visible,line-p1-000162,example-reviewer,accepted,,False,continuous,0,161,curve-p1-000162,reviewed_visible_observation,confirmed_continuous_curve
p1,896.848612021013,36.10536719353947,2.299599428514739,0.0936751858931828,269,293.0,25.0,0.5,False,visible,line-p1-000163,example-reviewer,accepted,,False,continuous,0,162,curve-p1-000163,reviewed_visible_observation,confirmed_continuous_curve
p1,901.4478108780424,40.50810093051887,2.2995994285149663,0.0936751858931828,270,269.5,14.5,0.5,False,visible,line-p1-000164,example-reviewer,accepted,,False,continuous,0,163,curve-p1-000164,reviewed_visible_observation,confirmed_continuous_curve
p1,906.0470097350722,45.47288578285734,2.299599428514739,0.0936751858931828,271,243.0,7.0,0.5,False,visible,line-p1-000165,example-reviewer,accepted,,False,continuous,0,164,curve-p1-000165,reviewed_visible_observation,confirmed_continuous_curve
p1,933.6422028772497,46.22228727000277,2.2995994285149663,0.0936751858931757,277,239.0,10.0,0.5,False,visible,line-p1-000166,example-reviewer,accepted,,True,continuous,0,165,curve-p1-000166,reviewed_visible_observation,confirmed_continuous_curve
p1,938.2414017342792,44.62980910981873,2.299599428514739,0.0936751858931757,278,247.5,3.5,0.5,False,visible,line-p1-000167,example-reviewer,accepted,,False,continuous,0,166,curve-p1-000167,reviewed_visible_observation,confirmed_continuous_curve
p1,942.8406005913089,44.16143318035284,2.2995994285149663,0.0936751858931757,279,250.0,1.0,0.5,False,visible,line-p1-000168,example-reviewer,accepted,,False,continuous,0,167,curve-p1-000168,reviewed_visible_observation,confirmed_continuous_curve
p1,947.4397994483384,43.97408280856648,2.299599428514739,0.0936751858931828,280,251.0,2.0,0.5,False,visible,line-p1-000169,example-reviewer,accepted,,False,continuous,0,168,curve-p1-000169,reviewed_visible_observation,confirmed_continuous_curve
p1,952.0389983053681,43.41203169320741,2.2995994285149663,0.0936751858931828,281,254.0,6.0,0.5,False,visible,line-p1-000170,example-reviewer,accepted,,False,continuous,0,169,curve-p1-000170,reviewed_visible_observation,confirmed_continuous_curve
p1,956.6381971623975,41.819553533023374,2.299599428514739,0.0936751858931828,282,262.5,8.5,0.5,False,visible,line-p1-000171,example-reviewer,accepted,,False,continuous,0,170,curve-p1-000171,reviewed_visible_observation,confirmed_continuous_curve
p1,961.237396019427,39.19664832801437,2.2995994285149663,0.0936751858931757,283,276.5,15.5,0.5,False,visible,line-p1-000172,example-reviewer,accepted,,False,continuous,0,171,curve-p1-000172,reviewed_visible_observation,confirmed_continuous_curve
p1,965.8365948764567,36.48006793711219,2.299599428514739,0.0936751858931757,284,291.0,19.0,0.5,False,visible,line-p1-000173,example-reviewer,accepted,,False,continuous,0,172,curve-p1-000173,reviewed_visible_observation,confirmed_continuous_curve
p1,970.4357937334862,33.66981236031683,2.2995994285149663,0.0936751858931828,285,306.0,13.0,0.5,False,visible,line-p1-000174,example-reviewer,accepted,,False,continuous,0,173,curve-p1-000174,reviewed_visible_observation,confirmed_continuous_curve
p1,975.0349925905159,31.046907155307828,2.299599428514739,0.0936751858931757,286,320.0,9.0,0.5,False,visible,line-p1-000175,example-reviewer,accepted,,False,continuous,0,174,curve-p1-000175,reviewed_visible_observation,confirmed_continuous_curve
p1,979.6341914475454,28.424001950298823,2.2995994285149663,0.0936751858931828,287,334.0,14.0,0.5,False,visible,line-p1-000176,example-reviewer,accepted,,False,continuous,0,175,curve-p1-000176,reviewed_visible_observation,confirmed_continuous_curve
p1,984.2333903045751,25.70742155939665,2.299599428514739,0.0936751858931899,288,348.5,18.5,0.5,False,visible,line-p1-000177,example-reviewer,accepted,,False,continuous,0,176,curve-p1-000177,reviewed_visible_observation,confirmed_continuous_curve
p1,988.8325891616046,22.99084116849447,2.299599428514739,0.0936751858931899,289,363.0,14.0,0.5,False,visible,line-p1-000178,example-reviewer,accepted,,False,continuous,0,177,curve-p1-000178,reviewed_visible_observation,confirmed_continuous_curve
p1,993.4317880186343,21.58571338009679,2.2995994285149663,0.0936751858931899,290,370.5,2.5,0.5,False,visible,line-p1-000179,example-reviewer,accepted,,False,continuous,0,178,curve-p1-000179,reviewed_visible_observation,confirmed_continuous_curve
p1,998.0309868756638,18.77545780330142,2.299599428514739,0.0936751858931899,291,385.5,2.5,0.5,False,visible,line-p1-000180,example-reviewer,accepted,,False,continuous,0,179,curve-p1-000180,reviewed_visible_observation,confirmed_continuous_curve
p1,1002.6301857326935,19.61853447634003,2.2995994285149663,0.0936751858931757,292,381.0,7.0,0.5,False,visible,line-p1-000181,example-reviewer,accepted,,False,continuous,0,180,curve-p1-000181,reviewed_visible_observation,confirmed_continuous_curve
p1,1007.2293845897229,22.054089309562684,2.299599428514739,0.0936751858931899,293,368.0,7.0,0.5,False,visible,line-p1-000182,example-reviewer,accepted,,False,continuous,0,181,curve-p1-000182,reviewed_visible_observation,confirmed_continuous_curve
p1,1011.8285834467526,25.42639600171711,2.2995994285149663,0.0936751858931757,294,350.0,12.5,0.5,False,visible,line-p1-000183,example-reviewer,accepted,,False,continuous,0,182,curve-p1-000183,reviewed_visible_observation,confirmed_continuous_curve
p1,1016.4277823037821,29.922804924589684,2.299599428514739,0.0936751858931757,295,326.0,10.5,0.5,False,visible,line-p1-000184,example-reviewer,accepted,,False,continuous,0,183,curve-p1-000184,reviewed_visible_observation,confirmed_continuous_curve
p1,1021.0269811608116,32.35835975781233,2.2995994285149663,0.0936751858931828,296,313.0,5.0,0.5,False,visible,line-p1-000185,example-reviewer,accepted,,False,continuous,0,184,curve-p1-000185,reviewed_visible_observation,confirmed_continuous_curve
p1,1025.6261800178413,34.2318634756759,2.299599428514739,0.0936751858931757,297,303.0,6.0,0.5,False,visible,line-p1-000186,example-reviewer,accepted,,False,continuous,0,185,curve-p1-000186,reviewed_visible_observation,confirmed_continuous_curve
p1,1030.2253788748708,35.168615334607686,2.2995994285149663,0.0936751858931828,298,298.0,4.0,0.5,False,visible,line-p1-000187,example-reviewer,accepted,,False,continuous,0,186,curve-p1-000187,reviewed_visible_observation,confirmed_continuous_curve
p1,1034.8245777319005,36.10536719353947,2.299599428514739,0.0936751858931828,299,293.0,2.0,0.5,False,visible,line-p1-000188,example-reviewer,accepted,,False,continuous,0,187,curve-p1-000188,reviewed_visible_observation,confirmed_continuous_curve
p1,1039.42377658893,36.76109349479172,2.2995994285149663,0.0936751858931828,300,289.5,3.5,0.5,False,visible,line-p1-000189,example-reviewer,accepted,,False,continuous,0,188,curve-p1-000189,reviewed_visible_observation,confirmed_continuous_curve
p1,1044.0229754459597,37.51049498193716,2.299599428514739,0.0936751858931828,301,285.5,4.5,0.5,False,visible,line-p1-000190,example-reviewer,accepted,,False,continuous,0,189,curve-p1-000190,reviewed_visible_observation,confirmed_continuous_curve
p1,1048.6221743029892,37.88519572550987,2.299599428514739,0.0936751858931828,302,283.5,4.5,0.5,False,visible,line-p1-000191,example-reviewer,accepted,,False,continuous,0,190,curve-p1-000191,reviewed_visible_observation,confirmed_continuous_curve
p1,1053.2213731600189,36.854768680684906,2.2995994285149663,0.0936751858931828,303,289.0,9.0,0.5,False,visible,line-p1-000192,example-reviewer,accepted,,False,continuous,0,191,curve-p1-000192,reviewed_visible_observation,confirmed_continuous_curve
p1,1057.8205720170483,34.79391459103498,2.299599428514739,0.0936751858931828,304,300.0,11.0,0.5,False,visible,line-p1-000193,example-reviewer,accepted,,False,continuous,0,192,curve-p1-000193,reviewed_visible_observation,confirmed_continuous_curve
p1,1062.419770874078,30.01648011048286,2.2995994285149663,0.0936751858931828,305,325.5,3.5,0.5,False,visible,line-p1-000194,example-reviewer,accepted,,False,continuous,0,193,curve-p1-000194,reviewed_visible_observation,confirmed_continuous_curve
p1,1067.0189697311075,29.922804924589684,2.299599428514739,0.0936751858931757,306,326.0,13.0,0.5,False,visible,line-p1-000195,example-reviewer,accepted,,False,continuous,0,194,curve-p1-000195,reviewed_visible_observation,confirmed_continuous_curve
p1,1071.6181685881372,28.236651578512472,2.2995994285149663,0.0936751858931828,307,335.0,5.0,0.5,False,visible,line-p1-000196,example-reviewer,accepted,,False,continuous,0,195,curve-p1-000196,reviewed_visible_observation,confirmed_continuous_curve
p1,1076.2173674451667,27.393574905473862,2.299599428514739,0.0936751858931828,308,339.5,1.5,0.5,False,visible,line-p1-000197,example-reviewer,accepted,,False,continuous,0,196,curve-p1-000197,reviewed_visible_observation,confirmed_continuous_curve
p1,1080.8165663021962,28.424001950298823,2.2995994285149663,0.0936751858931828,309,334.0,7.0,0.5,False,visible,line-p1-000198,example-reviewer,accepted,,False,continuous,0,197,curve-p1-000198,reviewed_visible_observation,confirmed_continuous_curve
p1,1085.4157651592259,29.735454552803326,2.299599428514739,0.0936751858931828,310,327.0,10.0,0.5,False,visible,line-p1-000199,example-reviewer,accepted,,False,continuous,0,198,curve-p1-000199,reviewed_visible_observation,confirmed_continuous_curve
p1,1090.0149640162554,30.20383048226922,2.2995994285149663,0.0936751858931828,311,324.5,8.5,0.5,False,visible,line-p1-000200,example-reviewer,accepted,,False,continuous,0,199,curve-p1-000200,reviewed_visible_observation,confirmed_continuous_curve
p1,1094.614162873285,28.517677136192006,2.299599428514739,0.0936751858931828,312,333.5,13.5,0.5,False,visible,line-p1-000201,example-reviewer,accepted,,False,continuous,0,200,curve-p1-000201,reviewed_visible_observation,confirmed_continuous_curve
p1,1099.2133617303145,27.112549347794328,2.2995994285149663,0.0936751858931828,313,341.0,7.0,0.5,False,visible,line-p1-000202,example-reviewer,accepted,,False,continuous,0,201,curve-p1-000202,reviewed_visible_observation,confirmed_continuous_curve
p1,1103.8125605873443,26.73784860422161,2.299599428514739,0.0936751858931757,314,343.0,4.0,0.5,False,visible,line-p1-000203,example-reviewer,accepted,,False,continuous,0,202,curve-p1-000203,reviewed_visible_observation,confirmed_continuous_curve
p1,1108.4117594443737,28.61135232208518,2.299599428514739,0.0936751858931828,315,333.0,9.0,0.5,False,visible,line-p1-000204,example-reviewer,accepted,,False,continuous,0,203,curve-p1-000204,reviewed_visible_observation,confirmed_continuous_curve
p1,1113.0109583014034,28.9860530656579,2.2995994285149663,0.0936751858931828,316,331.0,7.0,0.5,False,visible,line-p1-000205,example-reviewer,accepted,,False,continuous,0,204,curve-p1-000205,reviewed_visible_observation,confirmed_continuous_curve
p1,1117.610157158433,32.639385315491865,2.299599428514739,0.0936751858931757,317,311.5,19.0,0.5,False,visible,line-p1-000206,example-reviewer,accepted,,False,continuous,0,205,curve-p1-000206,reviewed_visible_observation,confirmed_continuous_curve
p1,1122.2093560154626,38.35357165497576,2.2995994285149663,0.0936751858931828,318,281.0,2.0,0.5,False,visible,line-p1-000207,example-reviewer,accepted,,False,continuous,0,206,curve-p1-000207,reviewed_visible_observation,confirmed_continuous_curve
p1,1126.808554872492,38.1662212831894,2.299599428514739,0.0936751858931828,319,282.0,1.0,0.5,False,visible,line-p1-000208,example-reviewer,accepted,,False,continuous,0,207,curve-p1-000208,reviewed_visible_observation,confirmed_continuous_curve
p1,1131.4077537295218,35.63699126407358,2.2995994285149663,0.0936751858931828,320,295.5,8.0,0.5,False,visible,line-p1-000209,example-reviewer,accepted,,False,continuous,0,208,curve-p1-000209,reviewed_visible_observation,confirmed_continuous_curve
p1,1136.0069525865513,33.38878680263729,2.299599428514739,0.0936751858931828,321,307.5,4.5,0.5,False,visible,line-p1-000210,example-reviewer,accepted,,False,continuous,0,209,curve-p1-000210,reviewed_visible_observation,confirmed_continuous_curve
p1,1140.6061514435808,30.953231969414652,2.2995994285149663,0.0936751858931828,322,320.5,11.5,0.5,False,visible,line-p1-000211,example-reviewer,accepted,,False,continuous,0,210,curve-p1-000211,reviewed_visible_observation,confirmed_continuous_curve
p1,1145.2053503006105,28.14297639261929,2.299599428514739,0.0936751858931828,323,335.5,19.5,0.5,False,visible,line-p1-000212,example-reviewer,accepted,,False,continuous,0,211,curve-p1-000212,reviewed_visible_observation,confirmed_continuous_curve
p1,1149.80454915764,20.086910405805924,2.2995994285149663,0.0936751858931757,324,378.5,41.5,0.5,False,visible,line-p1-000213,example-reviewer,accepted,,False,continuous,0,212,curve-p1-000213,reviewed_visible_observation,confirmed_continuous_curve
p1,1154.4037480146696,12.124519604885748,2.299599428514739,0.0936751858931899,325,421.0,60.0,0.5,False,visible,line-p1-000214,example-reviewer,accepted,,False,continuous,0,213,curve-p1-000214,reviewed_visible_observation,confirmed_continuous_curve
p1,1159.0029468716991,6.878709194867739,2.299599428514739,0.0936751858931757,326,449.0,32.0,0.5,False,visible,line-p1-000215,example-reviewer,accepted,,False,continuous,0,214,curve-p1-000215,reviewed_visible_observation,confirmed_continuous_curve
p1,1163.6021457287288,12.218194790778924,2.2995994285149663,0.0936751858931757,327,420.5,59.5,0.5,False,visible,line-p1-000216,example-reviewer,accepted,,False,continuous,0,215,curve-p1-000216,reviewed_visible_observation,confirmed_continuous_curve
p1,1168.2013445857583,18.213406687942353,2.299599428514739,0.0936751858931757,328,388.5,41.5,0.5,False,visible,line-p1-000217,example-reviewer,accepted,,False,continuous,0,216,curve-p1-000217,reviewed_visible_observation,confirmed_continuous_curve
p1,1172.800543442788,27.112549347794328,2.2995994285149663,0.0936751858931828,329,341.0,16.0,0.5,False,visible,line-p1-000218,example-reviewer,accepted,,False,continuous,0,217,curve-p1-000218,reviewed_visible_observation,confirmed_continuous_curve
p1,1177.3997422998175,30.110155296376043,2.299599428514739,0.0936751858931828,330,325.0,13.0,0.5,False,visible,line-p1-000219,example-reviewer,accepted,,False,continuous,0,218,curve-p1-000219,reviewed_visible_observation,confirmed_continuous_curve
p1,1181.9989411568472,32.73306050138504,2.2995994285149663,0.0936751858931828,331,311.0,14.0,0.5,False,visible,line-p1-000220,example-reviewer,accepted,,False,continuous,0,219,curve-p1-000220,reviewed_visible_observation,confirmed_continuous_curve
p1,1186.5981400138767,34.88758977692815,2.299599428514739,0.0936751858931757,332,299.5,11.5,0.5,False,visible,line-p1-000221,example-reviewer,accepted,,False,continuous,0,220,curve-p1-000221,reviewed_visible_observation,confirmed_continuous_curve
p1,1191.1973388709062,35.63699126407358,2.2995994285149663,0.0936751858931828,333,295.5,0.5,0.5,False,visible,line-p1-000222,example-reviewer,accepted,,False,continuous,0,221,curve-p1-000222,reviewed_visible_observation,confirmed_continuous_curve
p1,1200.3957365849653,31.327932712987362,2.2995994285149663,0.0936751858931828,335,318.5,19.5,0.5,False,visible,line-p1-000223,example-reviewer,accepted,,True,continuous,0,222,curve-p1-000223,reviewed_visible_observation,confirmed_continuous_curve
p1,1204.994935441995,27.861950834939755,2.299599428514739,0.0936751858931757,336,337.0,25.0,0.5,False,visible,line-p1-000224,example-reviewer,accepted,,False,continuous,0,223,curve-p1-000224,reviewed_visible_observation,confirmed_continuous_curve
p1,1209.5941342990245,25.801096745289826,2.2995994285149663,0.0936751858931757,337,348.0,15.0,0.5,False,visible,line-p1-000225,example-reviewer,accepted,,False,continuous,0,224,curve-p1-000225,reviewed_visible_observation,confirmed_continuous_curve
p1,1214.1933331560542,27.206224533687504,2.299599428514739,0.0936751858931757,338,340.5,21.5,0.5,False,visible,line-p1-000226,example-reviewer,accepted,,False,continuous,0,225,curve-p1-000226,reviewed_visible_observation,confirmed_continuous_curve
p1,1218.7925320130837,30.20383048226922,2.299599428514739,0.0936751858931828,339,324.5,17.5,0.5,False,visible,line-p1-000227,example-reviewer,accepted,,False,continuous,0,226,curve-p1-000227,reviewed_visible_observation,confirmed_continuous_curve
p1,1223.3917308701134,33.95083791799637,2.2995994285149663,0.0936751858931828,340,304.5,10.5,0.5,False,visible,line-p1-000228,example-reviewer,accepted,,False,continuous,0,227,curve-p1-000228,reviewed_visible_observation,confirmed_continuous_curve
p1,1227.9909297271429,35.5433160781804,2.299599428514739,0.0936751858931828,341,296.0,7.0,0.5,False,visible,line-p1-000229,example-reviewer,accepted,,False,continuous,0,228,curve-p1-000229,reviewed_visible_observation,confirmed_continuous_curve
p1,1232.5901285841726,36.48006793711219,2.2995994285149663,0.0936751858931757,342,291.0,2.0,0.5,False,visible,line-p1-000230,example-reviewer,accepted,,False,continuous,0,229,curve-p1-000230,reviewed_visible_observation,confirmed_continuous_curve
p1,1237.189327441202,36.573743123005364,2.299599428514739,0.0936751858931828,343,290.5,0.5,0.5,False,visible,line-p1-000231,example-reviewer,accepted,,False,continuous,0,230,curve-p1-000231,reviewed_visible_observation,confirmed_continuous_curve
p1,1241.7885262982318,36.48006793711219,2.2995994285149663,0.0936751858931757,344,291.0,1.0,0.5,False,visible,line-p1-000232,example-reviewer,accepted,,False,continuous,0,231,curve-p1-000232,reviewed_visible_observation,confirmed_continuous_curve
p1,1246.3877251552613,36.38639275121901,2.299599428514739,0.0936751858931828,345,291.5,0.5,0.5,False,visible,line-p1-000233,example-reviewer,accepted,,False,continuous,0,232,curve-p1-000233,reviewed_visible_observation,confirmed_continuous_curve
p1,1250.9869240122907,36.011692007646296,2.2995994285149663,0.0936751858931757,346,293.5,2.5,0.5,False,visible,line-p1-000234,example-reviewer,accepted,,False,continuous,0,233,curve-p1-000234,reviewed_visible_observation,confirmed_continuous_curve
p1,1255.5861228693204,35.44964089228722,2.299599428514739,0.0936751858931828,347,296.5,3.5,0.5,False,visible,line-p1-000235,example-reviewer,accepted,,False,continuous,0,234,curve-p1-000235,reviewed_visible_observation,confirmed_continuous_curve
p1,1260.18532172635,34.98126496282133,2.2995994285149663,0.0936751858931828,348,299.0,2.0,0.5,False,visible,line-p1-000236,example-reviewer,accepted,,False,continuous,0,235,curve-p1-000236,reviewed_visible_observation,confirmed_continuous_curve
p1,1264.7845205833796,34.700239405141794,2.299599428514739,0.0936751858931828,349,300.5,0.5,0.5,False,visible,line-p1-000237,example-reviewer,accepted,,False,continuous,0,236,curve-p1-000237,reviewed_visible_observation,confirmed_continuous_curve
p1,1269.383719440409,34.79391459103498,2.2995994285149663,0.0936751858931828,350,300.0,1.0,0.5,False,visible,line-p1-000238,example-reviewer,accepted,,False,continuous,0,237,curve-p1-000238,reviewed_visible_observation,confirmed_continuous_curve
p1,1273.9829182974388,34.88758977692815,2.299599428514739,0.0936751858931757,351,299.5,0.5,0.5,False,visible,line-p1-000239,example-reviewer,accepted,,False,continuous,0,238,curve-p1-000239,reviewed_visible_observation,confirmed_continuous_curve
p1,1278.5821171544683,34.98126496282133,2.299599428514739,0.0936751858931828,352,299.0,1.0,0.5,False,visible,line-p1-000240,example-reviewer,accepted,,False,continuous,0,239,curve-p1-000240,reviewed_visible_observation,confirmed_continuous_curve
p1,1283.181316011498,35.168615334607686,2.2995994285149663,0.0936751858931828,353,298.0,1.0,0.5,False,visible,line-p1-000241,example-reviewer,accepted,,False,continuous,0,240,curve-p1-000241,reviewed_visible_observation,confirmed_continuous_curve
p1,1287.7805148685275,35.82434163585994,2.299599428514739,0.0936751858931828,354,294.5,3.5,0.5,False,visible,line-p1-000242,example-reviewer,accepted,,False,continuous,0,241,curve-p1-000242,reviewed_visible_observation,confirmed_continuous_curve
p1,1292.3797137255572,36.76109349479172,2.2995994285149663,0.0936751858931828,355,289.5,6.5,0.5,False,visible,line-p1-000243,example-reviewer,accepted,,False,continuous,0,242,curve-p1-000243,reviewed_visible_observation,confirmed_continuous_curve
p1,1296.9789125825866,37.88519572550987,2.299599428514739,0.0936751858931828,356,283.5,6.5,0.5,False,visible,line-p1-000244,example-reviewer,accepted,,False,continuous,0,243,curve-p1-000244,reviewed_visible_observation,confirmed_continuous_curve
p1,1301.5781114396164,38.915622770334835,2.2995994285149663,0.0936751858931828,357,278.0,4.0,0.5,False,visible,line-p1-000245,example-reviewer,accepted,,False,continuous,0,244,curve-p1-000245,reviewed_visible_observation,confirmed_continuous_curve
p1,1306.1773102966458,39.85237462926662,2.299599428514739,0.0936751858931757,358,273.0,3.0,0.5,False,visible,line-p1-000246,example-reviewer,accepted,,False,continuous,0,245,curve-p1-000246,reviewed_visible_observation,confirmed_continuous_curve
p1,1310.7765091536753,40.41442574462569,2.2995994285149663,0.0936751858931828,359,270.0,3.0,0.5,False,visible,line-p1-000247,example-reviewer,accepted,,False,continuous,0,246,curve-p1-000247,reviewed_visible_observation,confirmed_continuous_curve
p1,1315.375708010705,41.07015204587794,2.299599428514739,0.0936751858931828,360,266.5,2.5,0.5,False,visible,line-p1-000248,example-reviewer,accepted,,False,continuous,0,247,curve-p1-000248,reviewed_visible_observation,confirmed_continuous_curve
p1,1319.9749068677345,41.44485278945066,2.2995994285149663,0.0936751858931757,361,264.5,1.5,0.5,False,visible,line-p1-000249,example-reviewer,accepted,,False,continuous,0,248,curve-p1-000249,reviewed_visible_observation,confirmed_continuous_curve
p1,1324.5741057247642,40.976476859984764,2.299599428514739,0.0936751858931828,362,267.0,2.0,0.5,False,visible,line-p1-000250,example-reviewer,accepted,,False,continuous,0,249,curve-p1-000250,reviewed_visible_observation,confirmed_continuous_curve
p1,1329.1733045817937,39.4776738856939,2.2995994285149663,0.0936751858931828,363,275.0,8.0,0.5,False,visible,line-p1-000251,example-reviewer,accepted,,False,continuous,0,250,curve-p1-000251,reviewed_visible_observation,confirmed_continuous_curve
p1,1333.7725034388234,37.79152053961669,2.299599428514739,0.0936751858931828,364,284.0,14.0,0.5,False,visible,line-p1-000252,example-reviewer,accepted,,False,continuous,0,251,curve-p1-000252,reviewed_visible_observation,confirmed_continuous_curve
p1,1338.3717022958529,34.700239405141794,2.299599428514739,0.0936751858931828,365,300.5,16.5,0.5,False,visible,line-p1-000253,example-reviewer,accepted,,False,continuous,0,252,curve-p1-000253,reviewed_visible_observation,confirmed_continuous_curve
p1,1342.9709011528826,32.35835975781233,2.2995994285149663,0.0936751858931828,366,313.0,19.5,0.5,False,visible,line-p1-000254,example-reviewer,accepted,,False,continuous,0,253,curve-p1-000254,reviewed_visible_observation,confirmed_continuous_curve
p1,1347.570100009912,30.391180854055577,2.299599428514739,0.0936751858931828,367,323.5,5.5,0.5,False,visible,line-p1-000255,example-reviewer,accepted,,False,continuous,0,254,curve-p1-000255,reviewed_visible_observation,confirmed_continuous_curve
p1,1356.7684977239712,26.45682304654207,2.299599428514739,0.0936751858931899,369,344.5,3.5,0.5,False,visible,line-p1-000256,example-reviewer,accepted,,True,continuous,0,255,curve-p1-000256,reviewed_visible_observation,confirmed_continuous_curve
p1,1361.367696581001,25.61374637350346,2.2995994285149663,0.0936751858931899,370,349.0,12.0,0.5,False,visible,line-p1-000257,example-reviewer,accepted,,False,continuous,0,256,curve-p1-000257,reviewed_visible_observation,confirmed_continuous_curve
p1,1370.5660942950599,19.337508918660504,2.2995994285149663,0.0936751858931899,372,382.5,1.5,0.5,False,visible,line-p1-000258,example-reviewer,accepted,,True,continuous,0,257,curve-p1-000258,reviewed_visible_observation,confirmed_continuous_curve
p1,1375.1652931520896,19.056483360980963,2.299599428514739,0.0936751858931757,373,384.0,4.0,0.5,False,visible,line-p1-000259,example-reviewer,accepted,,False,continuous,0,258,curve-p1-000259,reviewed_visible_observation,confirmed_continuous_curve
p1,1379.764492009119,20.27426077759229,2.2995994285149663,0.0936751858931899,374,377.5,10.5,0.5,False,visible,line-p1-000260,example-reviewer,accepted,,False,continuous,0,259,curve-p1-000260,reviewed_visible_observation,confirmed_continuous_curve
p1,1384.3636908661488,22.054089309562684,2.299599428514739,0.0936751858931899,375,368.0,18.0,0.5,False,visible,line-p1-000261,example-reviewer,accepted,,False,continuous,0,260,curve-p1-000261,reviewed_visible_observation,confirmed_continuous_curve
p1,1388.9628897231783,25.70742155939665,2.2995994285149663,0.0936751858931899,376,348.5,12.5,0.5,False,visible,line-p1-000262,example-reviewer,accepted,,False,continuous,0,261,curve-p1-000262,reviewed_visible_observation,confirmed_continuous_curve
p1,1393.562088580208,28.049301206726113,2.299599428514739,0.0936751858931828,377,336.0,12.0,0.5,False,visible,line-p1-000263,example-reviewer,accepted,,False,continuous,0,262,curve-p1-000263,reviewed_visible_observation,confirmed_continuous_curve
p1,1398.1612874372374,30.01648011048286,2.299599428514739,0.0936751858931828,378,325.5,9.5,0.5,False,visible,line-p1-000264,example-reviewer,accepted,,False,continuous,0,263,curve-p1-000264,reviewed_visible_observation,confirmed_continuous_curve
p1,1402.7604862942671,31.796308642453255,2.2995994285149663,0.0936751858931828,379,316.0,7.0,0.5,False,visible,line-p1-000265,example-reviewer,accepted,,False,continuous,0,264,curve-p1-000265,reviewed_visible_observation,confirmed_continuous_curve
p1,1407.3596851512966,32.639385315491865,2.299599428514739,0.0936751858931757,380,311.5,3.5,0.5,False,visible,line-p1-000266,example-reviewer,accepted,,False,continuous,0,265,curve-p1-000266,reviewed_visible_observation,confirmed_continuous_curve
p1,1416.5580828653558,33.482461988530474,2.299599428514739,0.0936751858931828,382,307.0,0.5,0.5,False,visible,line-p1-000267,example-reviewer,accepted,,True,continuous,0,266,curve-p1-000267,reviewed_visible_observation,confirmed_continuous_curve
p1,1421.1572817223855,33.01408605906458,2.2995994285149663,0.0936751858931828,383,309.5,2.5,0.5,False,visible,line-p1-000268,example-reviewer,accepted,,False,continuous,0,267,curve-p1-000268,reviewed_visible_observation,confirmed_continuous_curve
p1,1425.756480579415,33.482461988530474,2.299599428514739,0.0936751858931828,384,307.0,3.0,0.5,False,visible,line-p1-000269,example-reviewer,accepted,,False,continuous,0,268,curve-p1-000269,reviewed_visible_observation,confirmed_continuous_curve
p1,1430.3556794364445,33.76348754621001,2.2995994285149663,0.0936751858931757,385,305.5,2.5,0.5,False,visible,line-p1-000270,example-reviewer,accepted,,False,continuous,0,269,curve-p1-000270,reviewed_visible_observation,confirmed_continuous_curve
p1,1439.5540771505036,30.765881597628294,2.2995994285149663,0.0936751858931828,387,321.5,12.5,0.5,False,visible,line-p1-000271,example-reviewer,accepted,,True,continuous,0,270,curve-p1-000271,reviewed_visible_observation,confirmed_continuous_curve
p1,1444.1532760075333,28.79870269387154,2.299599428514739,0.0936751858931757,388,332.0,21.5,0.5,False,visible,line-p1-000272,example-reviewer,accepted,,False,continuous,0,271,curve-p1-000272,reviewed_visible_observation,confirmed_continuous_curve
p1,1448.7524748645628,23.365541912067187,2.2995994285149663,0.0936751858931899,389,361.0,19.5,0.5,False,visible,line-p1-000273,example-reviewer,accepted,,False,continuous,0,272,curve-p1-000273,reviewed_visible_observation,confirmed_continuous_curve
p1,1453.3516737215925,20.27426077759229,2.299599428514739,0.0936751858931899,390,377.5,15.5,0.5,False,visible,line-p1-000274,example-reviewer,accepted,,False,continuous,0,273,curve-p1-000274,reviewed_visible_observation,confirmed_continuous_curve
p1,1457.950872578622,18.77545780330142,2.299599428514739,0.0936751858931899,391,385.5,4.5,0.5,False,visible,line-p1-000275,example-reviewer,accepted,,False,continuous,0,274,curve-p1-000275,reviewed_visible_observation,confirmed_continuous_curve
p1,1462.5500714356517,21.398363008310426,2.2995994285149663,0.0936751858931757,392,371.5,13.5,0.5,False,visible,line-p1-000276,example-reviewer,accepted,,False,continuous,0,275,curve-p1-000276,reviewed_visible_observation,confirmed_continuous_curve
p1,1467.1492702926812,22.616140424921753,2.299599428514739,0.0936751858931757,393,365.0,20.0,0.5,False,visible,line-p1-000277,example-reviewer,accepted,,False,continuous,0,276,curve-p1-000277,reviewed_visible_observation,confirmed_continuous_curve
p1,1471.748469149711,27.29989971958068,2.2995994285149663,0.0936751858931828,394,340.0,17.0,0.5,False,visible,line-p1-000278,example-reviewer,accepted,,False,continuous,0,277,curve-p1-000278,reviewed_visible_observation,confirmed_continuous_curve
p1,1476.3476680067404,29.64177936691015,2.299599428514739,0.0936751858931828,395,327.5,14.5,0.5,False,visible,line-p1-000279,example-reviewer,accepted,,False,continuous,0,278,curve-p1-000279,reviewed_visible_observation,confirmed_continuous_curve
p1,1480.94686686377,32.17100938602597,2.2995994285149663,0.0936751858931757,396,314.0,13.0,0.5,False,visible,line-p1-000280,example-reviewer,accepted,,False,continuous,0,279,curve-p1-000280,reviewed_visible_observation,confirmed_continuous_curve
p1,1485.5460657207996,34.88758977692815,2.299599428514739,0.0936751858931757,397,299.5,10.5,0.5,False,visible,line-p1-000281,example-reviewer,accepted,,False,continuous,0,280,curve-p1-000281,reviewed_visible_observation,confirmed_continuous_curve
p1,1490.145264577829,36.573743123005364,2.2995994285149663,0.0936751858931828,398,290.5,8.5,0.5,False,visible,line-p1-000282,example-reviewer,accepted,,False,continuous,0,281,curve-p1-000282,reviewed_visible_observation,confirmed_continuous_curve
p1,1494.7444634348587,38.259896469082584,2.299599428514739,0.0936751858931828,399,281.5,6.5,0.5,False,visible,line-p1-000283,example-reviewer,accepted,,False,continuous,0,282,curve-p1-000283,reviewed_visible_observation,confirmed_continuous_curve
p1,1499.3436622918882,39.19664832801437,2.2995994285149663,0.0936751858931757,400,276.5,4.5,0.5,False,visible,line-p1-000284,example-reviewer,accepted,,False,continuous,0,283,curve-p1-000284,reviewed_visible_observation,confirmed_continuous_curve
p1,1503.942861148918,40.133400186946155,2.299599428514739,0.0936751858931828,401,271.5,2.5,0.5,False,visible,line-p1-000285,example-reviewer,accepted,,False,continuous,0,284,curve-p1-000285,reviewed_visible_observation,confirmed_continuous_curve
p1,1508.5420600059474,40.60177611641205,2.2995994285149663,0.0936751858931828,402,269.0,2.0,0.5,False,visible,line-p1-000286,example-reviewer,accepted,,False,continuous,0,285,curve-p1-000286,reviewed_visible_observation,confirmed_continuous_curve
p1,1513.141258862977,40.22707537283934,2.299599428514739,0.0936751858931828,403,271.0,3.0,0.5,False,visible,line-p1-000287,example-reviewer,accepted,,False,continuous,0,286,curve-p1-000287,reviewed_visible_observation,confirmed_continuous_curve
p1,1517.7404577200066,39.66502425748026,2.299599428514739,0.0936751858931828,404,274.0,3.0,0.5,False,visible,line-p1-000288,example-reviewer,accepted,,False,continuous,0,287,curve-p1-000288,reviewed_visible_observation,confirmed_continuous_curve
p1,1522.3396565770363,39.10297314212119,2.2995994285149663,0.0936751858931828,405,277.0,2.0,0.5,False,visible,line-p1-000289,example-reviewer,accepted,,False,continuous,0,288,curve-p1-000289,reviewed_visible_observation,confirmed_continuous_curve
p1,1526.9388554340658,38.72827239854848,2.299599428514739,0.0936751858931757,406,279.0,1.0,0.5,False,visible,line-p1-000290,example-reviewer,accepted,,False,continuous,0,289,curve-p1-000290,reviewed_visible_observation,confirmed_continuous_curve
p1,1531.5380542910955,38.915622770334835,2.2995994285149663,0.0936751858931828,407,278.0,2.0,0.5,False,visible,line-p1-000291,example-reviewer,accepted,,False,continuous,0,290,curve-p1-000291,reviewed_visible_observation,confirmed_continuous_curve
p1,1536.137253148125,39.290323513907545,2.299599428514739,0.0936751858931828,408,276.0,2.0,0.5,False,visible,line-p1-000292,example-reviewer,accepted,,False,continuous,0,291,curve-p1-000292,reviewed_visible_observation,confirmed_continuous_curve
p1,1540.7364520051547,39.38399869980073,2.2995994285149663,0.0936751858931828,409,275.5,1.5,0.5,False,visible,line-p1-000293,example-reviewer,accepted,,False,continuous,0,292,curve-p1-000293,reviewed_visible_observation,confirmed_continuous_curve
p1,1545.3356508621841,39.00929795622801,2.299599428514739,0.0936751858931828,410,277.5,2.5,0.5,False,visible,line-p1-000294,example-reviewer,accepted,,False,continuous,0,293,curve-p1-000294,reviewed_visible_observation,confirmed_continuous_curve
p1,1549.9348497192136,38.6345972126553,2.2995994285149663,0.0936751858931828,411,279.5,1.5,0.5,False,visible,line-p1-000295,example-reviewer,accepted,,False,continuous,0,294,curve-p1-000295,reviewed_visible_observation,confirmed_continuous_curve
p1,1554.5340485762433,38.44724684086894,2.299599428514739,0.0936751858931828,412,280.5,0.5,0.5,False,visible,line-p1-000296,example-reviewer,accepted,,False,continuous,0,295,curve-p1-000296,reviewed_visible_observation,confirmed_continuous_curve
p1,1559.1332474332728,38.44724684086894,2.2995994285149663,0.0936751858931828,413,280.5,1.5,0.5,False,visible,line-p1-000297,example-reviewer,accepted,,False,continuous,0,296,curve-p1-000297,reviewed_visible_observation,confirmed_continuous_curve
p1,1563.7324462903025,38.82194758444165,2.299599428514739,0.0936751858931828,414,278.5,2.5,0.5,False,visible,line-p1-000298,example-reviewer,accepted,,False,continuous,0,297,curve-p1-000298,reviewed_visible_observation,confirmed_continuous_curve
p1,1568.331645147332,39.290323513907545,2.2995994285149663,0.0936751858931828,415,276.0,2.0,0.5,False,visible,line-p1-000299,example-reviewer,accepted,,False,continuous,0,298,curve-p1-000299,reviewed_visible_observation,confirmed_continuous_curve
p1,1572.9308440043617,39.38399869980073,2.299599428514739,0.0936751858931828,416,275.5,1.5,0.5,False,visible,line-p1-000300,example-reviewer,accepted,,False,continuous,0,299,curve-p1-000300,reviewed_visible_observation,confirmed_continuous_curve
p1,1577.5300428613912,39.10297314212119,2.299599428514739,0.0936751858931828,417,277.0,1.0,0.5,False,visible,line-p1-000301,example-reviewer,accepted,,False,continuous,0,300,curve-p1-000301,reviewed_visible_observation,confirmed_continuous_curve
p1,1582.1292417184209,38.82194758444165,2.2995994285149663,0.0936751858931828,418,278.5,1.5,0.5,False,visible,line-p1-000302,example-reviewer,accepted,,False,continuous,0,301,curve-p1-000302,reviewed_visible_observation,confirmed_continuous_curve
p1,1586.7284405754503,38.259896469082584,2.299599428514739,0.0936751858931828,419,281.5,2.5,0.5,False,visible,line-p1-000303,example-reviewer,accepted,,False,continuous,0,302,curve-p1-000303,reviewed_visible_observation,confirmed_continuous_curve
p1,1591.32763943248,37.60417016783033,2.2995994285149663,0.0936751858931757,420,285.0,4.0,0.5,False,visible,line-p1-000304,example-reviewer,accepted,,False,continuous,0,303,curve-p1-000304,reviewed_visible_observation,confirmed_continuous_curve
p1,1595.9268382895095,36.29271756532583,2.299599428514739,0.0936751858931828,421,292.0,7.0,0.5,False,visible,line-p1-000305,example-reviewer,accepted,,False,continuous,0,304,curve-p1-000305,reviewed_visible_observation,confirmed_continuous_curve
p1,1600.5260371465392,33.66981236031683,2.2995994285149663,0.0936751858931828,422,306.0,16.0,0.5,False,visible,line-p1-000306,example-reviewer,accepted,,False,continuous,0,305,curve-p1-000306,reviewed_visible_observation,confirmed_continuous_curve
p1,1605.1252360035687,31.327932712987362,2.299599428514739,0.0936751858931828,423,318.5,24.0,0.5,False,visible,line-p1-000307,example-reviewer,accepted,,False,continuous,0,306,curve-p1-000307,reviewed_visible_observation,confirmed_continuous_curve
p1,1609.7244348605982,25.239045629930757,2.2995994285149663,0.0936751858931899,424,351.0,21.5,0.5,False,visible,line-p1-000308,example-reviewer,accepted,,False,continuous,0,307,curve-p1-000308,reviewed_visible_observation,confirmed_continuous_curve
p1,1614.323633717628,22.054089309562684,2.299599428514739,0.0936751858931899,425,368.0,19.0,0.5,False,visible,line-p1-000309,example-reviewer,accepted,,False,continuous,0,308,curve-p1-000309,reviewed_visible_observation,confirmed_continuous_curve
p1,1618.9228325746574,19.993235219912748,2.2995994285149663,0.0936751858931757,426,379.0,10.0,0.5,False,visible,line-p1-000310,example-reviewer,accepted,,False,continuous,0,309,curve-p1-000310,reviewed_visible_observation,confirmed_continuous_curve
p1,1623.522031431687,21.773063751883143,2.299599428514739,0.0936751858931757,427,369.5,18.5,0.5,False,visible,line-p1-000311,example-reviewer,accepted,,False,continuous,0,310,curve-p1-000311,reviewed_visible_observation,confirmed_continuous_curve
p1,1628.1212302887166,24.302293770998972,2.2995994285149663,0.0936751858931899,428,356.0,14.0,0.5,False,visible,line-p1-000312,example-reviewer,accepted,,False,continuous,0,311,curve-p1-000312,reviewed_visible_observation,confirmed_continuous_curve
p1,1632.7204291457463,26.73784860422161,2.299599428514739,0.0936751858931757,429,343.0,7.0,0.5,False,visible,line-p1-000313,example-reviewer,accepted,,False,continuous,0,312,curve-p1-000313,reviewed_visible_observation,confirmed_continuous_curve
p1,1637.3196280027757,28.049301206726113,2.299599428514739,0.0936751858931828,430,336.0,3.0,0.5,False,visible,line-p1-000314,example-reviewer,accepted,,False,continuous,0,313,curve-p1-000314,reviewed_visible_observation,confirmed_continuous_curve
p1,1641.9188268598054,26.925198976007962,2.2995994285149663,0.0936751858931828,431,342.0,9.0,0.5,False,visible,line-p1-000315,example-reviewer,accepted,,False,continuous,0,314,curve-p1-000315,reviewed_visible_observation,confirmed_continuous_curve
p1,1646.518025716835,25.332720815823933,2.299599428514739,0.0936751858931757,432,350.5,10.5,0.5,False,visible,line-p1-000316,example-reviewer,accepted,,False,continuous,0,315,curve-p1-000316,reviewed_visible_observation,confirmed_continuous_curve
p1,1651.1172245738646,24.5833193286785,2.2995994285149663,0.0936751858931757,433,354.5,7.5,0.5,False,visible,line-p1-000317,example-reviewer,accepted,,False,continuous,0,316,curve-p1-000317,reviewed_visible_observation,confirmed_continuous_curve
p1,1655.716423430894,21.86673893777632,2.299599428514739,0.0936751858931757,434,369.0,3.0,0.5,False,visible,line-p1-000318,example-reviewer,accepted,,False,continuous,0,317,curve-p1-000318,reviewed_visible_observation,confirmed_continuous_curve
p1,1660.3156222879238,22.70981561081493,2.2995994285149663,0.0936751858931757,435,364.5,8.5,0.5,False,visible,line-p1-000319,example-reviewer,accepted,,False,continuous,0,318,curve-p1-000319,reviewed_visible_observation,confirmed_continuous_curve
p1,1664.9148211449533,24.02126821331943,2.299599428514739,0.0936751858931757,436,357.5,10.0,0.5,False,visible,line-p1-000320,example-reviewer,accepted,,False,continuous,0,319,curve-p1-000320,reviewed_visible_observation,confirmed_continuous_curve
p1,1669.5140200019828,28.61135232208518,2.2995994285149663,0.0936751858931828,437,333.0,17.0,0.5,False,visible,line-p1-000321,example-reviewer,accepted,,False,continuous,0,320,curve-p1-000321,reviewed_visible_observation,confirmed_continuous_curve
p1,1674.1132188590125,30.953231969414652,2.299599428514739,0.0936751858931828,438,320.5,20.5,0.5,False,visible,line-p1-000322,example-reviewer,accepted,,False,continuous,0,321,curve-p1-000322,reviewed_visible_observation,confirmed_continuous_curve
p1,1678.712417716042,34.04451310388954,2.2995994285149663,0.0936751858931828,439,304.0,16.0,0.5,False,visible,line-p1-000323,example-reviewer,accepted,,False,continuous,0,322,curve-p1-000323,reviewed_visible_observation,confirmed_continuous_curve
p1,1683.3116165730717,36.66741830889855,2.299599428514739,0.0936751858931828,440,290.0,11.0,0.5,False,visible,line-p1-000324,example-reviewer,accepted,,False,continuous,0,323,curve-p1-000324,reviewed_visible_observation,confirmed_continuous_curve
p1,1687.9108154301011,38.6345972126553,2.2995994285149663,0.0936751858931828,441,279.5,6.5,0.5,False,visible,line-p1-000325,example-reviewer,accepted,,False,continuous,0,324,curve-p1-000325,reviewed_visible_observation,confirmed_continuous_curve
p1,1692.5100142871308,39.758699443373445,2.299599428514739,0.0936751858931828,442,273.5,2.5,0.5,False,visible,line-p1-000326,example-reviewer,accepted,,False,continuous,0,325,curve-p1-000326,reviewed_visible_observation,confirmed_continuous_curve
p1,1697.1092131441603,40.22707537283934,2.299599428514739,0.0936751858931828,443,271.0,1.0,0.5,False,visible,line-p1-000327,example-reviewer,accepted,,False,continuous,0,326,curve-p1-000327,reviewed_visible_observation,confirmed_continuous_curve
p1,1701.70841200119,40.50810093051887,2.2995994285149663,0.0936751858931828,444,269.5,1.5,0.5,False,visible,line-p1-000328,example-reviewer,accepted,,False,continuous,0,327,curve-p1-000328,reviewed_visible_observation,confirmed_continuous_curve
p1,1706.3076108582195,40.976476859984764,2.2995994285149663,0.0936751858931828,445,267.0,2.0,0.5,False,visible,line-p1-000329,example-reviewer,accepted,,False,continuous,0,328,curve-p1-000329,reviewed_visible_observation,confirmed_continuous_curve
p1,1710.9068097152492,41.35117760355748,2.299599428514739,0.0936751858931828,446,265.0,2.0,0.5,False,visible,line-p1-000330,example-reviewer,accepted,,False,continuous,0,329,curve-p1-000330,reviewed_visible_observation,confirmed_continuous_curve
p1,1715.5060085722787,41.819553533023374,2.299599428514739,0.0936751858931828,447,262.5,1.5,0.5,False,visible,line-p1-000331,example-reviewer,accepted,,False,continuous,0,330,curve-p1-000331,reviewed_visible_observation,confirmed_continuous_curve
p1,1720.1052074293082,42.10057909070291,2.299599428514739,0.0936751858931828,448,261.0,1.0,0.5,False,visible,line-p1-000332,example-reviewer,accepted,,False,continuous,0,331,curve-p1-000332,reviewed_visible_observation,confirmed_continuous_curve
p1,1724.7044062863376,41.819553533023374,2.2995994285151937,0.0936751858931828,449,262.5,1.5,0.5,False,visible,line-p1-000333,example-reviewer,accepted,,False,continuous,0,332,curve-p1-000333,reviewed_visible_observation,confirmed_continuous_curve
p1,1729.3036051433676,41.2575024176643,2.299599428514739,0.0936751858931828,450,265.5,2.5,0.5,False,visible,line-p1-000334,example-reviewer,accepted,,False,continuous,0,333,curve-p1-000334,reviewed_visible_observation,confirmed_continuous_curve
p1,1733.902804000397,40.789126488198406,2.299599428514739,0.0936751858931757,451,268.0,4.0,0.5,False,visible,line-p1-000335,example-reviewer,accepted,,False,continuous,0,334,curve-p1-000335,reviewed_visible_observation,confirmed_continuous_curve
p1,1738.5020028574265,40.133400186946155,2.299599428514739,0.0936751858931828,452,271.5,2.5,0.5,False,visible,line-p1-000336,example-reviewer,accepted,,False,continuous,0,335,curve-p1-000336,reviewed_visible_observation,confirmed_continuous_curve
p1,1743.101201714456,39.571349071587086,2.2995994285151937,0.0936751858931828,453,274.5,1.5,0.5,False,visible,line-p1-000337,example-reviewer,accepted,,False,continuous,0,336,curve-p1-000337,reviewed_visible_observation,confirmed_continuous_curve
p1,1747.700400571486,39.19664832801437,2.299599428514739,0.0936751858931757,454,276.5,1.5,0.5,False,visible,line-p1-000338,example-reviewer,accepted,,False,continuous,0,337,curve-p1-000338,reviewed_visible_observation,confirmed_continuous_curve
p1,1752.2995994285154,38.82194758444165,2.299599428514739,0.0936751858931828,455,278.5,1.5,0.5,False,visible,line-p1-000339,example-reviewer,accepted,,False,continuous,0,338,curve-p1-000339,reviewed_visible_observation,confirmed_continuous_curve
p1,1756.898798285545,38.1662212831894,2.299599428514739,0.0936751858931828,456,282.0,3.0,0.5,False,visible,line-p1-000340,example-reviewer,accepted,,False,continuous,0,339,curve-p1-000340,reviewed_visible_observation,confirmed_continuous_curve
p1,1761.4979971425744,37.416819796043974,2.299599428514739,0.0936751858931828,457,286.0,5.0,0.5,False,visible,line-p1-000341,example-reviewer,accepted,,False,continuous,0,340,curve-p1-000341,reviewed_visible_observation,confirmed_continuous_curve
p1,1766.0971959996043,36.48006793711219,2.2995994285151937,0.0936751858931757,458,291.0,5.0,0.5,False,visible,line-p1-000342,example-reviewer,accepted,,False,continuous,0,341,curve-p1-000342,reviewed_visible_observation,confirmed_continuous_curve
p1,1770.6963948566338,35.73066644996676,2.299599428514739,0.0936751858931828,459,295.0,3.0,0.5,False,visible,line-p1-000343,example-reviewer,accepted,,False,continuous,0,342,curve-p1-000343,reviewed_visible_observation,confirmed_continuous_curve
p1,1775.2955937136633,34.98126496282133,2.299599428514739,0.0936751858931828,460,299.0,2.0,0.5,False,visible,line-p1-000344,example-reviewer,accepted,,False,continuous,0,343,curve-p1-000344,reviewed_visible_observation,confirmed_continuous_curve
p1,1779.8947925706927,34.60656421924862,2.299599428514739,0.0936751858931828,461,301.0,2.0,0.5,False,visible,line-p1-000345,example-reviewer,accepted,,False,continuous,0,344,curve-p1-000345,reviewed_visible_observation,confirmed_continuous_curve
p1,1784.4939914277222,34.04451310388954,2.2995994285151937,0.0936751858931828,462,304.0,2.0,0.5,False,visible,line-p1-000346,example-reviewer,accepted,,False,continuous,0,345,curve-p1-000346,reviewed_visible_observation,confirmed_continuous_curve
p1,1789.0931902847522,33.857162732103184,2.299599428514739,0.0936751858931828,463,305.0,1.0,0.5,False,visible,line-p1-000347,example-reviewer,accepted,,False,continuous,0,346,curve-p1-000347,reviewed_visible_observation,confirmed_continuous_curve
p1,1793.6923891417816,32.452034943705506,2.299599428514739,0.0936751858931828,464,312.5,0.5,0.5,False,visible,line-p1-000348,example-reviewer,accepted,,False,continuous,0,347,curve-p1-000348,reviewed_visible_observation,confirmed_continuous_curve
p1,1798.291587998811,31.889983828346438,2.299599428514739,0.0936751858931828,465,315.5,5.5,0.5,False,visible,line-p1-000349,example-reviewer,accepted,,False,continuous,0,348,curve-p1-000349,reviewed_visible_observation,confirmed_continuous_curve
p1,1802.8907868558406,30.67220641173511,2.2995994285151937,0.0936751858931828,466,322.0,8.0,0.5,False,visible,line-p1-000350,example-reviewer,accepted,,False,continuous,0,349,curve-p1-000350,reviewed_visible_observation,confirmed_continuous_curve
p1,1807.4899857128705,29.360753809230616,2.299599428514739,0.0936751858931828,467,329.0,7.0,0.5,False,visible,line-p1-000351,example-reviewer,accepted,,False,continuous,0,350,curve-p1-000351,reviewed_visible_observation,confirmed_continuous_curve
p1,1812.0891845699,28.14297639261929,2.299599428514739,0.0936751858931828,468,335.5,4.5,0.5,False,visible,line-p1-000352,example-reviewer,accepted,,False,continuous,0,351,curve-p1-000352,reviewed_visible_observation,confirmed_continuous_curve
p1,1816.6883834269295,27.29989971958068,2.299599428514739,0.0936751858931828,469,340.0,3.0,0.5,False,visible,line-p1-000353,example-reviewer,accepted,,False,continuous,0,352,curve-p1-000353,reviewed_visible_observation,confirmed_continuous_curve
p1,1821.287582283959,28.14297639261929,2.299599428514739,0.0936751858931828,470,335.5,8.5,0.5,False,visible,line-p1-000354,example-reviewer,accepted,,False,continuous,0,353,curve-p1-000354,reviewed_visible_observation,confirmed_continuous_curve
p1,1825.886781140989,30.20383048226922,2.2995994285151937,0.0936751858931828,471,324.5,13.5,0.5,False,visible,line-p1-000355,example-reviewer,accepted,,False,continuous,0,354,curve-p1-000355,reviewed_visible_observation,confirmed_continuous_curve
p1,1830.4859799980184,34.60656421924862,2.299599428514739,0.0936751858931828,472,301.0,14.0,0.5,False,visible,line-p1-000356,example-reviewer,accepted,,False,continuous,0,355,curve-p1-000356,reviewed_visible_observation,confirmed_continuous_curve
p1,1835.0851788550478,35.44964089228722,2.299599428514739,0.0936751858931828,473,296.5,0.5,0.5,False,visible,line-p1-000357,example-reviewer,accepted,,False,continuous,0,356,curve-p1-000357,reviewed_visible_observation,confirmed_continuous_curve
p1,1839.6843777120773,36.199042379432655,2.299599428514739,0.0936751858931828,474,292.5,4.5,0.5,False,visible,line-p1-000358,example-reviewer,accepted,,False,continuous,0,357,curve-p1-000358,reviewed_visible_observation,confirmed_continuous_curve
p1,1844.2835765691068,36.48006793711219,2.2995994285151937,0.0936751858931757,475,291.0,9.0,0.5,False,visible,line-p1-000359,example-reviewer,accepted,,False,continuous,0,358,curve-p1-000359,reviewed_visible_observation,confirmed_continuous_curve
p1,1848.8827754261367,37.79152053961669,2.299599428514739,0.0936751858931828,476,284.0,4.0,0.5,False,visible,line-p1-000360,example-reviewer,accepted,,False,continuous,0,359,curve-p1-000360,reviewed_visible_observation,confirmed_continuous_curve
p1,1853.4819742831662,40.789126488198406,2.299599428514739,0.0936751858931757,477,268.0,1.0,0.5,False,visible,line-p1-000361,example-reviewer,accepted,,False,continuous,0,360,curve-p1-000361,reviewed_visible_observation,confirmed_continuous_curve
p1,1858.0811731401957,37.60417016783033,2.299599428514739,0.0936751858931757,478,285.0,3.0,0.5,False,visible,line-p1-000362,example-reviewer,accepted,,False,continuous,0,361,curve-p1-000362,reviewed_visible_observation,confirmed_continuous_curve
p1,1862.6803719972252,37.416819796043974,2.2995994285151937,0.0936751858931828,479,286.0,2.0,0.5,False,visible,line-p1-000363,example-reviewer,accepted,,False,continuous,0,362,curve-p1-000363,reviewed_visible_observation,confirmed_continuous_curve
p1,1867.279570854255,37.042119052471264,2.299599428514739,0.0936751858931828,480,288.0,1.0,0.5,False,visible,line-p1-000364,example-reviewer,accepted,,False,continuous,0,363,curve-p1-000364,reviewed_visible_observation,confirmed_continuous_curve
p1,1871.8787697112846,36.573743123005364,2.299599428514739,0.0936751858931828,481,290.5,3.5,0.5,False,visible,line-p1-000365,example-reviewer,accepted,,False,continuous,0,364,curve-p1-000365,reviewed_visible_observation,confirmed_continuous_curve
p1,1876.477968568314,35.73066644996676,2.299599428514739,0.0936751858931828,482,295.0,5.0,0.5,False,visible,line-p1-000366,example-reviewer,accepted,,False,continuous,0,365,curve-p1-000366,reviewed_visible_observation,confirmed_continuous_curve
p1,1881.0771674253435,34.41921384746226,2.299599428514739,0.0936751858931828,483,302.0,7.0,0.5,False,visible,line-p1-000367,example-reviewer,accepted,,False,continuous,0,366,curve-p1-000367,reviewed_visible_observation,confirmed_continuous_curve
p1,1885.6763662823735,33.20143643085094,2.2995994285151937,0.0936751858931828,484,308.5,7.5,0.5,False,visible,line-p1-000368,example-reviewer,accepted,,False,continuous,0,367,curve-p1-000368,reviewed_visible_observation,confirmed_continuous_curve
p1,1890.275565139403,32.9204108731714,2.299599428514739,0.0936751858931828,485,310.0,7.0,0.5,False,visible,line-p1-000369,example-reviewer,accepted,,False,continuous,0,368,curve-p1-000369,reviewed_visible_observation,confirmed_continuous_curve
p1,1894.8747639964324,34.2318634756759,2.299599428514739,0.0936751858931757,486,303.0,11.0,0.5,False,visible,line-p1-000370,example-reviewer,accepted,,False,continuous,0,369,curve-p1-000370,reviewed_visible_observation,confirmed_continuous_curve
p1,1899.473962853462,35.63699126407358,2.299599428514739,0.0936751858931828,487,295.5,6.5,0.5,False,visible,line-p1-000371,example-reviewer,accepted,,False,continuous,0,370,curve-p1-000371,reviewed_visible_observation,confirmed_continuous_curve
p1,1904.0731617104914,37.79152053961669,2.2995994285151937,0.0936751858931828,488,284.0,6.0,0.5,False,visible,line-p1-000372,example-reviewer,accepted,,False,continuous,0,371,curve-p1-000372,reviewed_visible_observation,confirmed_continuous_curve
p1,1908.6723605675213,38.35357165497576,2.299599428514739,0.0936751858931828,489,281.0,4.0,0.5,False,visible,line-p1-000373,example-reviewer,accepted,,False,continuous,0,372,curve-p1-000373,reviewed_visible_observation,confirmed_continuous_curve
p1,1913.2715594245508,39.19664832801437,2.299599428514739,0.0936751858931757,490,276.5,1.5,0.5,False,visible,line-p1-000374,example-reviewer,accepted,,False,continuous,0,373,curve-p1-000374,reviewed_visible_observation,confirmed_continuous_curve
p1,1917.8707582815803,39.4776738856939,2.299599428514739,0.0936751858931828,491,275.0,1.0,0.5,False,visible,line-p1-000375,example-reviewer,accepted,,False,continuous,0,374,curve-p1-000375,reviewed_visible_observation,confirmed_continuous_curve
p1,1922.4699571386097,39.38399869980073,2.2995994285151937,0.0936751858931828,492,275.5,1.5,0.5,False,visible,line-p1-000376,example-reviewer,accepted,,False,continuous,0,375,curve-p1-000376,reviewed_visible_observation,confirmed_continuous_curve
p1,1927.0691559956397,39.00929795622801,2.299599428514739,0.0936751858931828,493,277.5,1.5,0.5,False,visible,line-p1-000377,example-reviewer,accepted,,False,continuous,0,376,curve-p1-000377,reviewed_visible_observation,confirmed_continuous_curve
p1,1931.6683548526692,39.00929795622801,2.299599428514739,0.0936751858931828,494,277.5,1.5,0.5,False,visible,line-p1-000378,example-reviewer,accepted,,False,continuous,0,377,curve-p1-000378,reviewed_visible_observation,confirmed_continuous_curve
p1,1936.2675537096986,39.290323513907545,2.299599428514739,0.0936751858931828,495,276.0,1.0,0.5,False,visible,line-p1-000379,example-reviewer,accepted,,False,continuous,0,378,curve-p1-000379,reviewed_visible_observation,confirmed_continuous_curve
p1,1940.866752566728,39.10297314212119,2.299599428514739,0.0936751858931828,496,277.0,3.0,0.5,False,visible,line-p1-000380,example-reviewer,accepted,,False,continuous,0,379,curve-p1-000380,reviewed_visible_observation,confirmed_continuous_curve
p1,1945.465951423758,38.44724684086894,2.2995994285151937,0.0936751858931828,497,280.5,3.5,0.5,False,visible,line-p1-000381,example-reviewer,accepted,,False,continuous,0,380,curve-p1-000381,reviewed_visible_observation,confirmed_continuous_curve
p1,1950.0651502807875,38.072546097296225,2.299599428514739,0.0936751858931757,498,282.5,1.5,0.5,False,visible,line-p1-000382,example-reviewer,accepted,,False,continuous,0,381,curve-p1-000382,reviewed_visible_observation,confirmed_continuous_curve
p1,1954.664349137817,38.35357165497576,2.299599428514739,0.0936751858931828,499,281.0,2.0,0.5,False,visible,line-p1-000383,example-reviewer,accepted,,False,continuous,0,382,curve-p1-000383,reviewed_visible_observation,confirmed_continuous_curve
p1,1959.2635479948465,38.1662212831894,2.299599428514739,0.0936751858931828,500,282.0,4.0,0.5,False,visible,line-p1-000384,example-reviewer,accepted,,False,continuous,0,383,curve-p1-000384,reviewed_visible_observation,confirmed_continuous_curve
p1,1963.862746851876,37.229469424257616,2.2995994285151937,0.0936751858931828,501,287.0,8.0,0.5,False,visible,line-p1-000385,example-reviewer,accepted,,False,continuous,0,384,curve-p1-000385,reviewed_visible_observation,confirmed_continuous_curve
p1,1968.461945708906,35.07494014871451,2.299599428514739,0.0936751858931828,502,298.5,11.5,0.5,False,visible,line-p1-000386,example-reviewer,accepted,,False,continuous,0,385,curve-p1-000386,reviewed_visible_observation,confirmed_continuous_curve
p1,1973.0611445659354,33.295111616744116,2.299599428514739,0.0936751858931757,503,308.0,12.0,0.5,False,visible,line-p1-000387,example-reviewer,accepted,,False,continuous,0,386,curve-p1-000387,reviewed_visible_observation,confirmed_continuous_curve
p1,1977.6603434229648,31.327932712987362,2.299599428514739,0.0936751858931828,504,318.5,7.5,0.5,False,visible,line-p1-000388,example-reviewer,accepted,,False,continuous,0,387,curve-p1-000388,reviewed_visible_observation,confirmed_continuous_curve
p1,1982.2595422799943,29.267078623337433,2.2995994285151937,0.0936751858931828,505,329.5,1.5,0.5,False,visible,line-p1-000389,example-reviewer,accepted,,False,continuous,0,388,curve-p1-000389,reviewed_visible_observation,confirmed_continuous_curve
p1,1986.8587411370243,29.735454552803326,2.299599428514739,0.0936751858931828,506,327.0,4.0,0.5,False,visible,line-p1-000390,example-reviewer,accepted,,False,continuous,0,389,curve-p1-000390,reviewed_visible_observation,confirmed_continuous_curve
p1,1991.4579399940537,31.234257527094186,2.299599428514739,0.0936751858931828,507,319.0,7.0,0.5,False,visible,line-p1-000391,example-reviewer,accepted,,False,continuous,0,390,curve-p1-000391,reviewed_visible_observation,confirmed_continuous_curve
p1,1996.0571388510832,32.73306050138504,2.299599428514739,0.0936751858931828,508,311.0,9.0,0.5,False,visible,line-p1-000392,example-reviewer,accepted,,False,continuous,0,391,curve-p1-000392,reviewed_visible_observation,confirmed_continuous_curve
p1,2000.6563377081127,34.04451310388954,2.299599428514739,0.0936751858931828,509,304.0,7.0,0.5,False,visible,line-p1-000393,example-reviewer,accepted,,False,continuous,0,392,curve-p1-000393,reviewed_visible_observation,confirmed_continuous_curve
p1,2005.2555365651426,35.44964089228722,2.2995994285151937,0.0936751858931828,510,296.5,4.5,0.5,False,visible,line-p1-000394,example-reviewer,accepted,,False,continuous,0,393,curve-p1-000394,reviewed_visible_observation,confirmed_continuous_curve
p1,2009.854735422172,36.29271756532583,2.299599428514739,0.0936751858931828,511,292.0,4.0,0.5,False,visible,line-p1-000395,example-reviewer,accepted,,False,continuous,0,394,curve-p1-000395,reviewed_visible_observation,confirmed_continuous_curve
p1,2014.4539342792016,37.13579423836444,2.299599428514739,0.0936751858931757,512,287.5,3.5,0.5,False,visible,line-p1-000396,example-reviewer,accepted,,False,continuous,0,395,curve-p1-000396,reviewed_visible_observation,confirmed_continuous_curve
p1,2019.053133136231,37.60417016783033,2.299599428514739,0.0936751858931757,513,285.0,2.0,0.5,False,visible,line-p1-000397,example-reviewer,accepted,,False,continuous,0,396,curve-p1-000397,reviewed_visible_observation,confirmed_continuous_curve
p1,2023.6523319932605,37.60417016783033,2.2995994285151937,0.0936751858931757,514,285.0,1.0,0.5,False,visible,line-p1-000398,example-reviewer,accepted,,False,continuous,0,397,curve-p1-000398,reviewed_visible_observation,confirmed_continuous_curve
p1,2028.2515308502905,37.416819796043974,2.299599428514739,0.0936751858931828,515,286.0,1.0,0.5,False,visible,line-p1-000399,example-reviewer,accepted,,False,continuous,0,398,curve-p1-000399,reviewed_visible_observation,confirmed_continuous_curve
p1,2032.85072970732,37.13579423836444,2.299599428514739,0.0936751858931757,516,287.5,1.5,0.5,False,visible,line-p1-000400,example-reviewer,accepted,,False,continuous,0,399,curve-p1-000400,reviewed_visible_observation,confirmed_continuous_curve
p1,2037.4499285643494,36.854768680684906,2.299599428514739,0.0936751858931828,517,289.0,1.0,0.5,False,visible,line-p1-000401,example-reviewer,accepted,,False,continuous,0,400,curve-p1-000401,reviewed_visible_observation,confirmed_continuous_curve
p1,2042.049127421379,37.13579423836444,2.299599428514739,0.0936751858931757,518,287.5,2.5,0.5,False,visible,line-p1-000402,example-reviewer,accepted,,False,continuous,0,401,curve-p1-000402,reviewed_visible_observation,confirmed_continuous_curve
p1,2046.6483262784088,37.88519572550987,2.2995994285151937,0.0936751858931828,519,283.5,3.5,0.5,False,visible,line-p1-000403,example-reviewer,accepted,,False,continuous,0,402,curve-p1-000403,reviewed_visible_observation,confirmed_continuous_curve
p1,2051.247525135438,38.72827239854848,2.299599428514739,0.0936751858931757,520,279.0,5.0,0.5,False,visible,line-p1-000404,example-reviewer,accepted,,False,continuous,0,403,curve-p1-000404,reviewed_visible_observation,confirmed_continuous_curve
p1,2055.8467239924676,39.571349071587086,2.299599428514739,0.0936751858931828,521,274.5,4.5,0.5,False,visible,line-p1-000405,example-reviewer,accepted,,False,continuous,0,404,curve-p1-000405,reviewed_visible_observation,confirmed_continuous_curve
p1,2060.445922849497,40.22707537283934,2.299599428514739,0.0936751858931828,522,271.0,2.0,0.5,False,visible,line-p1-000406,example-reviewer,accepted,,False,continuous,0,405,curve-p1-000406,reviewed_visible_observation,confirmed_continuous_curve
p1,2065.0451217065274,40.50810093051887,2.2995994285156485,0.0936751858931828,523,269.5,0.5,0.5,False,visible,line-p1-000407,example-reviewer,accepted,,False,continuous,0,406,curve-p1-000407,reviewed_visible_observation,confirmed_continuous_curve
p1,2069.644320563557,40.69545130230523,2.299599428514739,0.0936751858931828,524,268.5,1.5,0.5,False,visible,line-p1-000408,example-reviewer,accepted,,False,continuous,0,407,curve-p1-000408,reviewed_visible_observation,confirmed_continuous_curve
p1,2074.2435194205864,41.16382723177112,2.299599428514739,0.0936751858931828,525,266.0,2.0,0.5,False,visible,line-p1-000409,example-reviewer,accepted,,False,continuous,0,408,curve-p1-000409,reviewed_visible_observation,confirmed_continuous_curve
p1,2078.842718277616,41.53852797534383,2.299599428514739,0.0936751858931828,526,264.0,2.0,0.5,False,visible,line-p1-000410,example-reviewer,accepted,,False,continuous,0,409,curve-p1-000410,reviewed_visible_observation,confirmed_continuous_curve
p1,2083.4419171346453,41.2575024176643,2.299599428514739,0.0936751858931828,527,265.5,2.5,0.5,False,visible,line-p1-000411,example-reviewer,accepted,,False,continuous,0,410,curve-p1-000411,reviewed_visible_observation,confirmed_continuous_curve
p1,2088.041115991675,40.789126488198406,2.299599428514739,0.0936751858931757,528,268.0,2.0,0.5,False,visible,line-p1-000412,example-reviewer,accepted,,False,continuous,0,411,curve-p1-000412,reviewed_visible_observation,confirmed_continuous_curve
p1,2092.6403148487043,41.07015204587794,2.299599428514739,0.0936751858931828,529,266.5,3.5,0.5,False,visible,line-p1-000413,example-reviewer,accepted,,False,continuous,0,412,curve-p1-000413,reviewed_visible_observation,confirmed_continuous_curve
p1,2097.2395137057338,41.632203161237015,2.299599428514739,0.0936751858931828,530,263.5,3.5,0.5,False,visible,line-p1-000414,example-reviewer,accepted,,False,continuous,0,413,curve-p1-000414,reviewed_visible_observation,confirmed_continuous_curve
p1,2101.8387125627632,42.006903904809725,2.299599428514739,0.0936751858931828,531,261.5,1.5,0.5,False,visible,line-p1-000415,example-reviewer,accepted,,False,continuous,0,414,curve-p1-000415,reviewed_visible_observation,confirmed_continuous_curve
p1,2106.4379114197936,41.632203161237015,2.2995994285156485,0.0936751858931828,532,263.5,1.5,0.5,False,visible,line-p1-000416,example-reviewer,accepted,,False,continuous,0,415,curve-p1-000416,reviewed_visible_observation,confirmed_continuous_curve
p1,2111.037110276823,41.2575024176643,2.299599428514739,0.0936751858931828,533,265.5,1.5,0.5,False,visible,line-p1-000417,example-reviewer,accepted,,False,continuous,0,416,curve-p1-000417,reviewed_visible_observation,confirmed_continuous_curve
p1,2115.6363091338526,40.88280167409158,2.299599428514739,0.0936751858931828,534,267.5,1.5,0.5,False,visible,line-p1-000418,example-reviewer,accepted,,False,continuous,0,417,curve-p1-000418,reviewed_visible_observation,confirmed_continuous_curve
p1,2120.235507990882,40.69545130230523,2.299599428514739,0.0936751858931828,535,268.5,0.5,0.5,False,visible,line-p1-000419,example-reviewer,accepted,,False,continuous,0,418,curve-p1-000419,reviewed_visible_observation,confirmed_continuous_curve
p1,2124.8347068479115,40.789126488198406,2.299599428514739,0.0936751858931757,536,268.0,1.0,0.5,False,visible,line-p1-000420,example-reviewer,accepted,,False,continuous,0,419,curve-p1-000420,reviewed_visible_observation,confirmed_continuous_curve
p1,2129.433905704941,40.976476859984764,2.299599428514739,0.0936751858931828,537,267.0,1.0,0.5,False,visible,line-p1-000421,example-reviewer,accepted,,False,continuous,0,420,curve-p1-000421,reviewed_visible_observation,confirmed_continuous_curve
p1,2134.0331045619705,41.2575024176643,2.299599428514739,0.0936751858931828,538,265.5,1.5,0.5,False,visible,line-p1-000422,example-reviewer,accepted,,False,continuous,0,421,curve-p1-000422,reviewed_visible_observation,confirmed_continuous_curve
p1,2138.632303419,41.632203161237015,2.299599428514739,0.0936751858931828,539,263.5,1.5,0.5,False,visible,line-p1-000423,example-reviewer,accepted,,False,continuous,0,422,curve-p1-000423,reviewed_visible_observation,confirmed_continuous_curve
p1,2143.2315022760295,42.10057909070291,2.2995994285156485,0.0936751858931828,540,261.0,3.0,0.5,False,visible,line-p1-000424,example-reviewer,accepted,,False,continuous,0,423,curve-p1-000424,reviewed_visible_observation,confirmed_continuous_curve
p1,2147.83070113306,42.475279834275625,2.299599428514739,0.0936751858931828,541,259.0,2.0,0.5,False,visible,line-p1-000425,example-reviewer,accepted,,False,continuous,0,424,curve-p1-000425,reviewed_visible_observation,confirmed_continuous_curve
p1,2152.4298999900893,43.13100613552787,2.299599428514739,0.0936751858931828,542,255.5,1.5,0.5,False,visible,line-p1-000426,example-reviewer,accepted,,False,continuous,0,425,curve-p1-000426,reviewed_visible_observation,confirmed_continuous_curve
p1,2157.029098847119,43.505706879100586,2.299599428514739,0.0936751858931757,543,253.5,1.5,0.5,False,visible,line-p1-000427,example-reviewer,accepted,,False,continuous,0,426,curve-p1-000427,reviewed_visible_observation,confirmed_continuous_curve
p1,2161.6282977041483,43.31835650731423,2.299599428514739,0.0936751858931828,544,254.5,2.5,0.5,False,visible,line-p1-000428,example-reviewer,accepted,,False,continuous,0,427,curve-p1-000428,reviewed_visible_observation,confirmed_continuous_curve
p1,2166.2274965611778,42.849980577848335,2.299599428514739,0.0936751858931828,545,257.0,2.0,0.5,False,visible,line-p1-000429,example-reviewer,accepted,,False,continuous,0,428,curve-p1-000429,reviewed_visible_observation,confirmed_continuous_curve
p1,2170.8266954182072,42.475279834275625,2.299599428514739,0.0936751858931828,546,259.0,1.0,0.5,False,visible,line-p1-000430,example-reviewer,accepted,,False,continuous,0,429,curve-p1-000430,reviewed_visible_observation,confirmed_continuous_curve
p1,2175.4258942752367,42.38160464838244,2.299599428514739,0.0936751858931828,547,259.5,0.5,0.5,False,visible,line-p1-000431,example-reviewer,accepted,,False,continuous,0,430,curve-p1-000431,reviewed_visible_observation,confirmed_continuous_curve
p1,2180.025093132266,42.28792946248927,2.299599428514739,0.0936751858931828,548,260.0,1.0,0.5,False,visible,line-p1-000432,example-reviewer,accepted,,False,continuous,0,431,curve-p1-000432,reviewed_visible_observation,confirmed_continuous_curve
p1,2184.6242919892966,42.194254276596084,2.2995994285156485,0.0936751858931828,549,260.5,0.5,0.5,False,visible,line-p1-000433,example-reviewer,accepted,,False,continuous,0,432,curve-p1-000433,reviewed_visible_observation,confirmed_continuous_curve
p1,2189.223490846326,43.03733094963469,2.299599428514739,0.0936751858931757,550,256.0,5.0,0.5,False,visible,line-p1-000434,example-reviewer,accepted,,False,continuous,0,433,curve-p1-000434,reviewed_visible_observation,confirmed_continuous_curve
p1,2193.8226897033555,44.06775799445966,2.299599428514739,0.0936751858931828,551,250.5,9.5,0.5,False,visible,line-p1-000435,example-reviewer,accepted,,False,continuous,0,434,curve-p1-000435,reviewed_visible_observation,confirmed_continuous_curve
p1,2198.421888560385,45.191860225177805,2.299599428514739,0.0936751858931828,552,244.5,5.5,0.5,False,visible,line-p1-000436,example-reviewer,accepted,,False,continuous,0,435,curve-p1-000436,reviewed_visible_observation,confirmed_continuous_curve
p1,2203.0210874174145,44.16143318035284,2.299599428514739,0.0936751858931757,553,250.0,11.0,0.5,False,visible,line-p1-000437,example-reviewer,accepted,,False,continuous,0,436,curve-p1-000437,reviewed_visible_observation,confirmed_continuous_curve
p1,2207.620286274444,42.5689550201688,2.299599428514739,0.0936751858931757,554,258.5,8.5,0.5,False,visible,line-p1-000438,example-reviewer,accepted,,False,continuous,0,437,curve-p1-000438,reviewed_visible_observation,confirmed_continuous_curve
p1,2212.2194851314734,41.16382723177112,2.299599428514739,0.0936751858931828,555,266.0,4.0,0.5,False,visible,line-p1-000439,example-reviewer,accepted,,False,continuous,0,438,curve-p1-000439,reviewed_visible_observation,confirmed_continuous_curve
p1,2216.818683988503,40.32075055873251,2.299599428514739,0.0936751858931757,556,270.5,2.5,0.5,False,visible,line-p1-000440,example-reviewer,accepted,,False,continuous,0,439,curve-p1-000440,reviewed_visible_observation,confirmed_continuous_curve
p1,2221.4178828455324,40.22707537283934,2.299599428514739,0.0936751858931828,557,271.0,2.0,0.5,False,visible,line-p1-000441,example-reviewer,accepted,,False,continuous,0,440,curve-p1-000441,reviewed_visible_observation,confirmed_continuous_curve
p1,2226.017081702563,40.69545130230523,2.2995994285156485,0.0936751858931828,558,268.5,2.5,0.5,False,visible,line-p1-000442,example-reviewer,accepted,,False,continuous,0,441,curve-p1-000442,reviewed_visible_observation,confirmed_continuous_curve
p1,2230.6162805595923,40.69545130230523,2.299599428514739,0.0936751858931828,559,268.5,2.5,0.5,False,visible,line-p1-000443,example-reviewer,accepted,,False,continuous,0,442,curve-p1-000443,reviewed_visible_observation,confirmed_continuous_curve
p1,2235.2154794166217,40.133400186946155,2.299599428514739,0.0936751858931828,560,271.5,3.5,0.5,False,visible,line-p1-000444,example-reviewer,accepted,,False,continuous,0,443,curve-p1-000444,reviewed_visible_observation,confirmed_continuous_curve
p1,2239.814678273651,39.758699443373445,2.299599428514739,0.0936751858931828,561,273.5,1.5,0.5,False,visible,line-p1-000445,example-reviewer,accepted,,False,continuous,0,444,curve-p1-000445,reviewed_visible_observation,confirmed_continuous_curve
p1,2244.4138771306807,40.133400186946155,2.299599428514739,0.0936751858931828,562,271.5,2.5,0.5,False,visible,line-p1-000446,example-reviewer,accepted,,False,continuous,0,445,curve-p1-000446,reviewed_visible_observation,confirmed_continuous_curve
p1,2249.01307598771,40.22707537283934,2.299599428514739,0.0936751858931828,563,271.0,3.0,0.5,False,visible,line-p1-000447,example-reviewer,accepted,,False,continuous,0,446,curve-p1-000447,reviewed_visible_observation,confirmed_continuous_curve
p1,2253.6122748447397,39.4776738856939,2.299599428514739,0.0936751858931828,564,275.0,7.0,0.5,False,visible,line-p1-000448,example-reviewer,accepted,,False,continuous,0,447,curve-p1-000448,reviewed_visible_observation,confirmed_continuous_curve
p1,2258.211473701769,38.54092202676212,2.299599428514739,0.0936751858931828,565,280.0,5.0,0.5,False,visible,line-p1-000449,example-reviewer,accepted,,False,continuous,0,448,curve-p1-000449,reviewed_visible_observation,confirmed_continuous_curve
p1,2262.8106725587986,37.51049498193716,2.2995994285156485,0.0936751858931828,566,285.5,2.5,0.5,False,visible,line-p1-000450,example-reviewer,accepted,,False,continuous,0,449,curve-p1-000450,reviewed_visible_observation,confirmed_continuous_curve
p1,2267.409871415829,36.94844386657808,2.299599428514739,0.0936751858931828,567,288.5,2.5,0.5,False,visible,line-p1-000451,example-reviewer,accepted,,False,continuous,0,450,curve-p1-000451,reviewed_visible_observation,confirmed_continuous_curve
p1,2272.0090702728585,36.29271756532583,2.299599428514739,0.0936751858931828,568,292.0,3.0,0.5,False,visible,line-p1-000452,example-reviewer,accepted,,False,continuous,0,451,curve-p1-000452,reviewed_visible_observation,confirmed_continuous_curve
p1,2276.608269129888,35.73066644996676,2.299599428514739,0.0936751858931828,569,295.0,3.0,0.5,False,visible,line-p1-000453,example-reviewer,accepted,,False,continuous,0,452,curve-p1-000453,reviewed_visible_observation,confirmed_continuous_curve
p1,2281.2074679869174,35.26229052050087,2.299599428514739,0.0936751858931828,570,297.5,1.5,0.5,False,visible,line-p1-000454,example-reviewer,accepted,,False,continuous,0,453,curve-p1-000454,reviewed_visible_observation,confirmed_continuous_curve
p1,2285.806666843947,34.98126496282133,2.299599428514739,0.0936751858931828,571,299.0,1.0,0.5,False,visible,line-p1-000455,example-reviewer,accepted,,False,continuous,0,454,curve-p1-000455,reviewed_visible_observation,confirmed_continuous_curve
p1,2290.4058657009764,34.88758977692815,2.299599428514739,0.0936751858931757,572,299.5,0.5,0.5,False,visible,line-p1-000456,example-reviewer,accepted,,False,continuous,0,455,curve-p1-000456,reviewed_visible_observation,confirmed_continuous_curve
p1,2295.005064558006,34.88758977692815,2.299599428514739,0.0936751858931757,573,299.5,0.5,0.5,False,visible,line-p1-000457,example-reviewer,accepted,,False,continuous,0,456,curve-p1-000457,reviewed_visible_observation,confirmed_continuous_curve
p1,2299.6042634150353,34.88758977692815,2.299599428514739,0.0936751858931757,574,299.5,0.5,0.5,False,visible,line-p1-000458,example-reviewer,accepted,,False,continuous,0,457,curve-p1-000458,reviewed_visible_observation,confirmed_continuous_curve
p1,2304.2034622720657,34.79391459103498,2.2995994285156485,0.0936751858931828,575,300.0,1.0,0.5,False,visible,line-p1-000459,example-reviewer,accepted,,False,continuous,0,458,curve-p1-000459,reviewed_visible_observation,confirmed_continuous_curve
p1,2308.802661129095,34.98126496282133,2.299599428514739,0.0936751858931828,576,299.0,3.0,0.5,False,visible,line-p1-000460,example-reviewer,accepted,,False,continuous,0,459,curve-p1-000460,reviewed_visible_observation,confirmed_continuous_curve
p1,2313.4018599861247,35.73066644996676,2.299599428514739,0.0936751858931828,577,295.0,6.0,0.5,False,visible,line-p1-000461,example-reviewer,accepted,,False,continuous,0,460,curve-p1-000461,reviewed_visible_observation,confirmed_continuous_curve
p1,2318.001058843154,36.573743123005364,2.299599428514739,0.0936751858931828,578,290.5,4.5,0.5,False,visible,line-p1-000462,example-reviewer,accepted,,False,continuous,0,461,curve-p1-000462,reviewed_visible_observation,confirmed_continuous_curve
p1,2322.6002577001836,37.042119052471264,2.299599428514739,0.0936751858931828,579,288.0,1.0,0.5,False,visible,line-p1-000463,example-reviewer,accepted,,False,continuous,0,462,curve-p1-000463,reviewed_visible_observation,confirmed_continuous_curve
p1,2327.199456557213,36.76109349479172,2.299599428514739,0.0936751858931828,580,289.5,1.5,0.5,False,visible,line-p1-000464,example-reviewer,accepted,,False,continuous,0,463,curve-p1-000464,reviewed_visible_observation,confirmed_continuous_curve
p1,2331.7986554142426,36.66741830889855,2.299599428514739,0.0936751858931828,581,290.0,1.0,0.5,False,visible,line-p1-000465,example-reviewer,accepted,,False,continuous,0,464,curve-p1-000465,reviewed_visible_observation,confirmed_continuous_curve
p1,2336.397854271272,36.854768680684906,2.299599428514739,0.0936751858931828,582,289.0,1.0,0.5,False,visible,line-p1-000466,example-reviewer,accepted,,False,continuous,0,465,curve-p1-000466,reviewed_visible_observation,confirmed_continuous_curve
p1,2340.9970531283016,37.042119052471264,2.299599428514739,0.0936751858931828,583,288.0,1.0,0.5,False,visible,line-p1-000467,example-reviewer,accepted,,False,continuous,0,466,curve-p1-000467,reviewed_visible_observation,confirmed_continuous_curve
p1,2345.596251985332,36.854768680684906,2.2995994285156485,0.0936751858931828,584,289.0,1.0,0.5,False,visible,line-p1-000468,example-reviewer,accepted,,False,continuous,0,467,curve-p1-000468,reviewed_visible_observation,confirmed_continuous_curve
p1,2350.1954508423614,36.94844386657808,2.299599428514739,0.0936751858931828,585,288.5,1.5,0.5,False,visible,line-p1-000469,example-reviewer,accepted,,False,continuous,0,468,curve-p1-000469,reviewed_visible_observation,confirmed_continuous_curve
p1,2354.794649699391,37.229469424257616,2.299599428514739,0.0936751858931828,586,287.0,1.0,0.5,False,visible,line-p1-000470,example-reviewer,accepted,,False,continuous,0,469,curve-p1-000470,reviewed_visible_observation,confirmed_continuous_curve
p1,2359.3938485564204,37.416819796043974,2.299599428514739,0.0936751858931828,587,286.0,1.0,0.5,False,visible,line-p1-000471,example-reviewer,accepted,,False,continuous,0,470,curve-p1-000471,reviewed_visible_observation,confirmed_continuous_curve
p1,2363.99304741345,37.416819796043974,2.299599428514739,0.0936751858931828,588,286.0,1.0,0.5,False,visible,line-p1-000472,example-reviewer,accepted,,False,continuous,0,471,curve-p1-000472,reviewed_visible_observation,confirmed_continuous_curve
p1,2368.5922462704793,36.94844386657808,2.299599428514739,0.0936751858931828,589,288.5,2.5,0.5,False,visible,line-p1-000473,example-reviewer,accepted,,False,continuous,0,472,curve-p1-000473,reviewed_visible_observation,confirmed_continuous_curve
p1,2373.191445127509,36.29271756532583,2.299599428514739,0.0936751858931828,590,292.0,5.0,0.5,False,visible,line-p1-000474,example-reviewer,accepted,,False,continuous,0,473,curve-p1-000474,reviewed_visible_observation,confirmed_continuous_curve
p1,2377.7906439845383,35.168615334607686,2.299599428514739,0.0936751858931828,591,298.0,6.0,0.5,False,visible,line-p1-000475,example-reviewer,accepted,,False,continuous,0,474,curve-p1-000475,reviewed_visible_observation,confirmed_continuous_curve
p1,2382.3898428415678,33.95083791799637,2.2995994285156485,0.0936751858931828,592,304.5,6.5,0.5,False,visible,line-p1-000476,example-reviewer,accepted,,False,continuous,0,475,curve-p1-000476,reviewed_visible_observation,confirmed_continuous_curve
p1,2386.989041698598,32.54571012959869,2.299599428514739,0.0936751858931828,593,312.0,7.0,0.5,False,visible,line-p1-000477,example-reviewer,accepted,,False,continuous,0,476,curve-p1-000477,reviewed_visible_observation,confirmed_continuous_curve
p1,2391.5882405556276,31.046907155307828,2.299599428514739,0.0936751858931757,594,320.0,8.0,0.5,False,visible,line-p1-000478,example-reviewer,accepted,,False,continuous,0,477,curve-p1-000478,reviewed_visible_observation,confirmed_continuous_curve
p1,2396.187439412657,29.922804924589684,2.299599428514739,0.0936751858931757,595,326.0,6.0,0.5,False,visible,line-p1-000479,example-reviewer,accepted,,False,continuous,0,478,curve-p1-000479,reviewed_visible_observation,confirmed_continuous_curve
p1,2409.9850359837455,30.20383048226922,2.299599428514739,0.0936751858931828,598,324.5,1.5,0.5,False,visible,line-p1-000480,example-reviewer,accepted,,True,continuous,0,479,curve-p1-000480,reviewed_visible_observation,confirmed_continuous_curve
p1,2414.584234840775,30.48485603994876,2.299599428514739,0.0936751858931828,599,323.0,1.0,0.5,False,visible,line-p1-000481,example-reviewer,accepted,,False,continuous,0,480,curve-p1-000481,reviewed_visible_observation,confirmed_continuous_curve
p1,2423.782632554835,31.70263345656008,2.2995994285156485,0.0936751858931828,601,316.5,3.5,0.5,False,visible,line-p1-000482,example-reviewer,accepted,,True,continuous,0,481,curve-p1-000482,reviewed_visible_observation,confirmed_continuous_curve
p1,2428.3818314118644,32.17100938602597,2.299599428514739,0.0936751858931757,602,314.0,4.0,0.5,False,visible,line-p1-000483,example-reviewer,accepted,,False,continuous,0,482,curve-p1-000483,reviewed_visible_observation,confirmed_continuous_curve
p1,2432.981030268894,33.01408605906458,2.299599428514739,0.0936751858931828,603,309.5,2.5,0.5,False,visible,line-p1-000484,example-reviewer,accepted,,False,continuous,0,483,curve-p1-000484,reviewed_visible_observation,confirmed_continuous_curve
p1,2437.5802291259233,33.76348754621001,2.299599428514739,0.0936751858931757,604,305.5,3.5,0.5,False,visible,line-p1-000485,example-reviewer,accepted,,False,continuous,0,484,curve-p1-000485,reviewed_visible_observation,confirmed_continuous_curve
p1,2442.179427982953,34.512889033355435,2.299599428514739,0.0936751858931828,605,301.5,4.5,0.5,False,visible,line-p1-000486,example-reviewer,accepted,,False,continuous,0,485,curve-p1-000486,reviewed_visible_observation,confirmed_continuous_curve
p1,2446.7786268399823,35.355965706394045,2.299599428514739,0.0936751858931757,606,297.0,4.0,0.5,False,visible,line-p1-000487,example-reviewer,accepted,,False,continuous,0,486,curve-p1-000487,reviewed_visible_observation,confirmed_continuous_curve
p1,2451.3778256970118,36.011692007646296,2.299599428514739,0.0936751858931757,607,293.5,2.5,0.5,False,visible,line-p1-000488,example-reviewer,accepted,,False,continuous,0,487,curve-p1-000488,reviewed_visible_observation,confirmed_continuous_curve
p1,2455.9770245540412,36.66741830889855,2.299599428514739,0.0936751858931828,608,290.0,2.0,0.5,False,visible,line-p1-000489,example-reviewer,accepted,,False,continuous,0,488,curve-p1-000489,reviewed_visible_observation,confirmed_continuous_curve
p1,2460.5762234110707,37.416819796043974,2.299599428514739,0.0936751858931828,609,286.0,4.0,0.5,False,visible,line-p1-000490,example-reviewer,accepted,,False,continuous,0,489,curve-p1-000490,reviewed_visible_observation,confirmed_continuous_curve
p1,2465.175422268101,38.35357165497576,2.2995994285156485,0.0936751858931828,610,281.0,6.0,0.5,False,visible,line-p1-000491,example-reviewer,accepted,,False,continuous,0,490,curve-p1-000491,reviewed_visible_observation,confirmed_continuous_curve
p1,2469.7746211251306,39.290323513907545,2.299599428514739,0.0936751858931828,611,276.0,5.0,0.5,False,visible,line-p1-000492,example-reviewer,accepted,,False,continuous,0,491,curve-p1-000492,reviewed_visible_observation,confirmed_continuous_curve
p1,2474.37381998216,40.41442574462569,2.299599428514739,0.0936751858931828,612,270.0,4.0,0.5,False,visible,line-p1-000493,example-reviewer,accepted,,False,continuous,0,492,curve-p1-000493,reviewed_visible_observation,confirmed_continuous_curve
p1,2478.9730188391895,41.16382723177112,2.299599428514739,0.0936751858931828,613,266.0,4.0,0.5,False,visible,line-p1-000494,example-reviewer,accepted,,False,continuous,0,493,curve-p1-000494,reviewed_visible_observation,confirmed_continuous_curve
p1,2483.572217696219,41.72587834713019,2.299599428514739,0.0936751858931828,614,263.0,2.0,0.5,False,visible,line-p1-000495,example-reviewer,accepted,,False,continuous,0,494,curve-p1-000495,reviewed_visible_observation,confirmed_continuous_curve
p1,2488.1714165532485,42.10057909070291,2.299599428514739,0.0936751858931828,615,261.0,0.5,0.5,False,visible,line-p1-000496,example-reviewer,accepted,,False,continuous,0,495,curve-p1-000496,reviewed_visible_observation,confirmed_continuous_curve
p1,2580.15539369384,41.35117760355748,2.299599428514739,0.0936751858931828,635,265.0,4.0,0.5,False,visible,line-p1-000497,example-reviewer,accepted,,True,continuous,0,496,curve-p1-000497,reviewed_visible_observation,confirmed_continuous_curve
p1,2584.7545925508703,40.32075055873251,2.2995994285156485,0.0936751858931757,636,270.5,9.5,0.5,False,visible,line-p1-000498,example-reviewer,accepted,,False,continuous,0,497,curve-p1-000498,reviewed_visible_observation,confirmed_continuous_curve
p1,2589.3537914078997,39.19664832801437,2.299599428514739,0.0936751858931757,637,276.5,6.5,0.5,False,visible,line-p1-000499,example-reviewer,accepted,,False,continuous,0,498,curve-p1-000499,reviewed_visible_observation,confirmed_continuous_curve
p1,2593.952990264929,37.88519572550987,2.299599428514739,0.0936751858931828,638,283.5,2.5,0.5,False,visible,line-p1-000500,example-reviewer,accepted,,False,continuous,0,499,curve-p1-000500,reviewed_visible_observation,confirmed_continuous_curve
p1,2598.5521891219587,37.229469424257616,2.299599428514739,0.0936751858931828,639,287.0,3.0,0.5,False,visible,line-p1-000501,example-reviewer,accepted,,False,continuous,0,500,curve-p1-000501,reviewed_visible_observation,confirmed_continuous_curve
p1,2603.151387978988,36.573743123005364,2.299599428514739,0.0936751858931828,640,290.5,3.5,0.5,False,visible,line-p1-000502,example-reviewer,accepted,,False,continuous,0,501,curve-p1-000502,reviewed_visible_observation,confirmed_continuous_curve
p1,2607.7505868360176,35.82434163585994,2.299599428514739,0.0936751858931828,641,294.5,3.5,0.5,False,visible,line-p1-000503,example-reviewer,accepted,,False,continuous,0,502,curve-p1-000503,reviewed_visible_observation,confirmed_continuous_curve
p1,2612.349785693047,35.07494014871451,2.299599428514739,0.0936751858931828,642,298.5,3.5,0.5,False,visible,line-p1-000504,example-reviewer,accepted,,False,continuous,0,503,curve-p1-000504,reviewed_visible_observation,confirmed_continuous_curve
p1,2616.9489845500766,34.32553866156908,2.299599428514739,0.0936751858931828,643,302.5,3.5,0.5,False,visible,line-p1-000505,example-reviewer,accepted,,False,continuous,0,504,curve-p1-000505,reviewed_visible_observation,confirmed_continuous_curve
p1,2621.548183407106,33.95083791799637,2.2995994285156485,0.0936751858931828,644,304.5,3.0,0.5,False,visible,line-p1-000506,example-reviewer,accepted,,False,continuous,0,505,curve-p1-000506,reviewed_visible_observation,confirmed_continuous_curve
p1,2626.1473822641365,33.01408605906458,2.299599428514739,0.0936751858931828,645,309.5,1.5,0.5,False,visible,line-p1-000507,example-reviewer,accepted,,False,continuous,0,506,curve-p1-000507,reviewed_visible_observation,confirmed_continuous_curve
p1,2630.746581121166,32.73306050138504,2.299599428514739,0.0936751858931828,646,311.0,1.0,0.5,False,visible,line-p1-000508,example-reviewer,accepted,,False,continuous,0,507,curve-p1-000508,reviewed_visible_observation,confirmed_continuous_curve
p1,2635.3457799781954,32.82673568727822,2.299599428514739,0.0936751858931828,647,310.5,0.5,0.5,False,visible,line-p1-000509,example-reviewer,accepted,,False,continuous,0,508,curve-p1-000509,reviewed_visible_observation,confirmed_continuous_curve
p1,2639.944978835225,33.10776124495776,2.299599428514739,0.0936751858931828,648,309.0,3.5,0.5,False,visible,line-p1-000510,example-reviewer,accepted,,False,continuous,0,509,curve-p1-000510,reviewed_visible_observation,confirmed_continuous_curve
p1,2644.5441776922544,34.32553866156908,2.299599428514739,0.0936751858931828,649,302.5,5.5,0.5,False,visible,line-p1-000511,example-reviewer,accepted,,False,continuous,0,510,curve-p1-000511,reviewed_visible_observation,confirmed_continuous_curve
p1,2649.143376549284,34.98126496282133,2.299599428514739,0.0936751858931828,650,299.0,4.0,0.5,False,visible,line-p1-000512,example-reviewer,accepted,,False,continuous,0,511,curve-p1-000512,reviewed_visible_observation,confirmed_continuous_curve
p1,2653.7425754063133,35.73066644996676,2.299599428514739,0.0936751858931828,651,295.0,2.0,0.5,False,visible,line-p1-000513,example-reviewer,accepted,,False,continuous,0,512,curve-p1-000513,reviewed_visible_observation,confirmed_continuous_curve
p1,2658.341774263343,36.199042379432655,2.299599428514739,0.0936751858931828,652,292.5,1.5,0.5,False,visible,line-p1-000514,example-reviewer,accepted,,False,continuous,0,513,curve-p1-000514,reviewed_visible_observation,confirmed_continuous_curve
p1,2662.9409731203723,35.91801682175312,2.2995994285156485,0.0936751858931828,653,294.0,2.0,0.5,False,visible,line-p1-000515,example-reviewer,accepted,,False,continuous,0,514,curve-p1-000515,reviewed_visible_observation,confirmed_continuous_curve
p1,2667.5401719774027,35.63699126407358,2.299599428514739,0.0936751858931828,654,295.5,2.0,0.5,False,visible,line-p1-000516,example-reviewer,accepted,,False,continuous,0,515,curve-p1-000516,reviewed_visible_observation,confirmed_continuous_curve
p1,2672.139370834432,36.199042379432655,2.299599428514739,0.0936751858931828,655,292.5,5.5,0.5,False,visible,line-p1-000517,example-reviewer,accepted,,False,continuous,0,516,curve-p1-000517,reviewed_visible_observation,confirmed_continuous_curve
p1,2676.7385696914616,37.13579423836444,2.299599428514739,0.0936751858931757,656,287.5,5.5,0.5,False,visible,line-p1-000518,example-reviewer,accepted,,False,continuous,0,517,curve-p1-000518,reviewed_visible_observation,confirmed_continuous_curve
p1,2681.337768548491,37.88519572550987,2.299599428514739,0.0936751858931828,657,283.5,2.5,0.5,False,visible,line-p1-000519,example-reviewer,accepted,,False,continuous,0,518,curve-p1-000519,reviewed_visible_observation,confirmed_continuous_curve
p1,2685.9369674055206,37.97887091140305,2.299599428514739,0.0936751858931828,658,283.0,1.0,0.5,False,visible,line-p1-000520,example-reviewer,accepted,,False,continuous,0,519,curve-p1-000520,reviewed_visible_observation,confirmed_continuous_curve
p1,2690.53616626255,37.88519572550987,2.299599428514739,0.0936751858931828,659,283.5,0.5,0.5,False,visible,line-p1-000521,example-reviewer,accepted,,False,continuous,0,520,curve-p1-000521,reviewed_visible_observation,confirmed_continuous_curve
p1,2695.1353651195795,37.79152053961669,2.299599428514739,0.0936751858931828,660,284.0,1.0,0.5,False,visible,line-p1-000522,example-reviewer,accepted,,False,continuous,0,521,curve-p1-000522,reviewed_visible_observation,confirmed_continuous_curve
p1,2699.734563976609,37.79152053961669,2.299599428514739,0.0936751858931828,661,284.0,1.0,0.5,False,visible,line-p1-000523,example-reviewer,accepted,,False,continuous,0,522,curve-p1-000523,reviewed_visible_observation,confirmed_continuous_curve
p1,2704.3337628336394,38.072546097296225,2.2995994285156485,0.0936751858931757,662,282.5,1.5,0.5,False,visible,line-p1-000524,example-reviewer,accepted,,False,continuous,0,523,curve-p1-000524,reviewed_visible_observation,confirmed_continuous_curve
p1,2708.932961690669,38.44724684086894,2.299599428514739,0.0936751858931828,663,280.5,1.5,0.5,False,visible,line-p1-000525,example-reviewer,accepted,,False,continuous,0,524,curve-p1-000525,reviewed_visible_observation,confirmed_continuous_curve
p1,2713.5321605476984,38.82194758444165,2.299599428514739,0.0936751858931828,664,278.5,1.5,0.5,False,visible,line-p1-000526,example-reviewer,accepted,,False,continuous,0,525,curve-p1-000526,reviewed_visible_observation,confirmed_continuous_curve
p1,2718.131359404728,39.19664832801437,2.299599428514739,0.0936751858931757,665,276.5,1.5,0.5,False,visible,line-p1-000527,example-reviewer,accepted,,False,continuous,0,526,curve-p1-000527,reviewed_visible_observation,confirmed_continuous_curve
p1,2722.7305582617573,39.4776738856939,2.299599428514739,0.0936751858931828,666,275.0,1.0,0.5,False,visible,line-p1-000528,example-reviewer,accepted,,False,continuous,0,527,curve-p1-000528,reviewed_visible_observation,confirmed_continuous_curve
p1,2727.329757118787,39.66502425748026,2.299599428514739,0.0936751858931828,667,274.0,1.0,0.5,False,visible,line-p1-000529,example-reviewer,accepted,,False,continuous,0,528,curve-p1-000529,reviewed_visible_observation,confirmed_continuous_curve
p1,2731.9289559758163,39.38399869980073,2.299599428514739,0.0936751858931828,668,275.5,1.5,0.5,False,visible,line-p1-000530,example-reviewer,accepted,,False,continuous,0,529,curve-p1-000530,reviewed_visible_observation,confirmed_continuous_curve
p1,2736.5281548328458,39.290323513907545,2.299599428514739,0.0936751858931828,669,276.0,2.0,0.5,False,visible,line-p1-000531,example-reviewer,accepted,,False,continuous,0,530,curve-p1-000531,reviewed_visible_observation,confirmed_continuous_curve
p1,2741.1273536898752,40.789126488198406,2.2995994285156485,0.0936751858931757,670,268.0,7.0,0.5,False,visible,line-p1-000532,example-reviewer,accepted,,False,continuous,0,531,curve-p1-000532,reviewed_visible_observation,confirmed_continuous_curve
p1,2745.7265525469056,42.10057909070291,2.299599428514739,0.0936751858931828,671,261.0,0.5,0.5,False,visible,line-p1-000533,example-reviewer,accepted,,False,continuous,0,532,curve-p1-000533,reviewed_visible_observation,confirmed_continuous_curve
p1,2754.9249502609646,41.819553533023374,2.299599428514739,0.0936751858931828,673,262.5,1.5,0.5,False,visible,line-p1-000534,example-reviewer,accepted,,True,continuous,0,533,curve-p1-000534,reviewed_visible_observation,confirmed_continuous_curve
p1,2782.5201434031414,41.819553533023374,2.2995994285156485,0.0936751858931828,679,262.5,1.5,0.5,False,visible,line-p1-000535,example-reviewer,accepted,,True,continuous,0,534,curve-p1-000535,reviewed_visible_observation,confirmed_continuous_curve
p1,2787.119342260172,40.03972500105298,2.299599428514739,0.0936751858931828,680,272.0,9.0,0.5,False,visible,line-p1-000536,example-reviewer,accepted,,False,continuous,0,535,curve-p1-000536,reviewed_visible_observation,confirmed_continuous_curve
p1,2791.7185411172013,37.69784535372351,2.299599428514739,0.0936751858931828,681,284.5,3.5,0.5,False,visible,line-p1-000537,example-reviewer,accepted,,False,continuous,0,536,curve-p1-000537,reviewed_visible_observation,confirmed_continuous_curve
p1,2796.317739974231,37.416819796043974,2.299599428514739,0.0936751858931828,682,286.0,1.0,0.5,False,visible,line-p1-000538,example-reviewer,accepted,,False,continuous,0,537,curve-p1-000538,reviewed_visible_observation,confirmed_continuous_curve
p1,2800.9169388312603,37.416819796043974,2.299599428514739,0.0936751858931828,683,286.0,1.0,0.5,False,visible,line-p1-000539,example-reviewer,accepted,,False,continuous,0,538,curve-p1-000539,reviewed_visible_observation,confirmed_continuous_curve
p1,2805.5161376882897,37.229469424257616,2.299599428514739,0.0936751858931828,684,287.0,1.0,0.5,False,visible,line-p1-000540,example-reviewer,accepted,,False,continuous,0,539,curve-p1-000540,reviewed_visible_observation,confirmed_continuous_curve
p1,2810.115336545319,37.042119052471264,2.299599428514739,0.0936751858931828,685,288.0,1.0,0.5,False,visible,line-p1-000541,example-reviewer,accepted,,False,continuous,0,540,curve-p1-000541,reviewed_visible_observation,confirmed_continuous_curve
p1,2814.7145354023487,36.854768680684906,2.299599428514739,0.0936751858931828,686,289.0,1.0,0.5,False,visible,line-p1-000542,example-reviewer,accepted,,False,continuous,0,541,curve-p1-000542,reviewed_visible_observation,confirmed_continuous_curve
p1,2819.313734259378,36.66741830889855,2.299599428514739,0.0936751858931828,687,290.0,1.0,0.5,False,visible,line-p1-000543,example-reviewer,accepted,,False,continuous,0,542,curve-p1-000543,reviewed_visible_observation,confirmed_continuous_curve
p1,2823.9129331164086,36.76109349479172,2.2995994285156485,0.0936751858931828,688,289.5,1.5,0.5,False,visible,line-p1-000544,example-reviewer,accepted,,False,continuous,0,543,curve-p1-000544,reviewed_visible_observation,confirmed_continuous_curve
p1,2828.512131973438,36.66741830889855,2.299599428514739,0.0936751858931828,689,290.0,2.0,0.5,False,visible,line-p1-000545,example-reviewer,accepted,,False,continuous,0,544,curve-p1-000545,reviewed_visible_observation,confirmed_continuous_curve
p1,2833.1113308304675,36.199042379432655,2.299599428514739,0.0936751858931828,690,292.5,4.5,0.5,False,visible,line-p1-000546,example-reviewer,accepted,,False,continuous,0,545,curve-p1-000546,reviewed_visible_observation,confirmed_continuous_curve
p1,2837.710529687497,35.26229052050087,2.299599428514739,0.0936751858931828,691,297.5,4.5,0.5,False,visible,line-p1-000547,example-reviewer,accepted,,False,continuous,0,546,curve-p1-000547,reviewed_visible_observation,confirmed_continuous_curve
p1,2842.3097285445265,34.32553866156908,2.299599428514739,0.0936751858931828,692,302.5,4.5,0.5,False,visible,line-p1-000548,example-reviewer,accepted,,False,continuous,0,547,curve-p1-000548,reviewed_visible_observation,confirmed_continuous_curve
p1,2846.908927401556,33.57613717442365,2.299599428514739,0.0936751858931828,693,306.5,3.5,0.5,False,visible,line-p1-000549,example-reviewer,accepted,,False,continuous,0,548,curve-p1-000549,reviewed_visible_observation,confirmed_continuous_curve
p1,2851.5081262585854,33.20143643085094,2.299599428514739,0.0936751858931828,694,308.5,1.5,0.5,False,visible,line-p1-000550,example-reviewer,accepted,,False,continuous,0,549,curve-p1-000550,reviewed_visible_observation,confirmed_continuous_curve
p1,2856.107325115615,33.57613717442365,2.299599428514739,0.0936751858931828,695,306.5,1.5,0.5,False,visible,line-p1-000551,example-reviewer,accepted,,False,continuous,0,550,curve-p1-000551,reviewed_visible_observation,confirmed_continuous_curve
p1,2860.7065239726444,33.95083791799637,2.2995994285156485,0.0936751858931828,696,304.5,1.5,0.5,False,visible,line-p1-000552,example-reviewer,accepted,,False,continuous,0,551,curve-p1-000552,reviewed_visible_observation,confirmed_continuous_curve
p1,2865.305722829675,34.32553866156908,2.299599428514739,0.0936751858931828,697,302.5,1.5,0.5,False,visible,line-p1-000553,example-reviewer,accepted,,False,continuous,0,552,curve-p1-000553,reviewed_visible_observation,confirmed_continuous_curve
p1,2869.9049216867043,34.60656421924862,2.299599428514739,0.0936751858931828,698,301.0,1.0,0.5,False,visible,line-p1-000554,example-reviewer,accepted,,False,continuous,0,553,curve-p1-000554,reviewed_visible_observation,confirmed_continuous_curve
p1,2874.5041205437337,34.700239405141794,2.299599428514739,0.0936751858931828,699,300.5,0.5,0.5,False,visible,line-p1-000555,example-reviewer,accepted,,False,continuous,0,554,curve-p1-000555,reviewed_visible_observation,confirmed_continuous_curve
p1,2879.103319400763,35.07494014871451,2.299599428514739,0.0936751858931828,700,298.5,2.5,0.5,False,visible,line-p1-000556,example-reviewer,accepted,,False,continuous,0,555,curve-p1-000556,reviewed_visible_observation,confirmed_continuous_curve
p1,2883.7025182577927,35.73066644996676,2.299599428514739,0.0936751858931828,701,295.0,5.0,0.5,False,visible,line-p1-000557,example-reviewer,accepted,,False,continuous,0,556,curve-p1-000557,reviewed_visible_observation,confirmed_continuous_curve
p1,2888.301717114822,36.48006793711219,2.299599428514739,0.0936751858931757,702,291.0,4.0,0.5,False,visible,line-p1-000558,example-reviewer,accepted,,False,continuous,0,557,curve-p1-000558,reviewed_visible_observation,confirmed_continuous_curve
p1,2892.9009159718516,37.229469424257616,2.299599428514739,0.0936751858931828,703,287.0,2.0,0.5,False,visible,line-p1-000559,example-reviewer,accepted,,False,continuous,0,558,curve-p1-000559,reviewed_visible_observation,confirmed_continuous_curve
p1,2897.500114828881,37.60417016783033,2.299599428514739,0.0936751858931757,704,285.0,1.0,0.5,False,visible,line-p1-000560,example-reviewer,accepted,,False,continuous,0,559,curve-p1-000560,reviewed_visible_observation,confirmed_continuous_curve
p1,2902.0993136859106,37.229469424257616,2.2995994285156485,0.0936751858931828,705,287.0,3.0,0.5,False,visible,line-p1-000561,example-reviewer,accepted,,False,continuous,0,560,curve-p1-000561,reviewed_visible_observation,confirmed_continuous_curve
p1,2906.698512542941,36.66741830889855,2.299599428514739,0.0936751858931828,706,290.0,3.0,0.5,False,visible,line-p1-000562,example-reviewer,accepted,,False,continuous,0,561,curve-p1-000562,reviewed_visible_observation,confirmed_continuous_curve
p1,2911.2977113999705,36.38639275121901,2.299599428514739,0.0936751858931828,707,291.5,1.5,0.5,False,visible,line-p1-000563,example-reviewer,accepted,,False,continuous,0,562,curve-p1-000563,reviewed_visible_observation,confirmed_continuous_curve
p1,2915.896910257,36.76109349479172,2.299599428514739,0.0936751858931828,708,289.5,1.5,0.5,False,visible,line-p1-000564,example-reviewer,accepted,,False,continuous,0,563,curve-p1-000564,reviewed_visible_observation,confirmed_continuous_curve
p1,2920.4961091140294,37.13579423836444,2.299599428514739,0.0936751858931757,709,287.5,1.5,0.5,False,visible,line-p1-000565,example-reviewer,accepted,,False,continuous,0,564,curve-p1-000565,reviewed_visible_observation,confirmed_continuous_curve
p1,2925.095307971059,37.416819796043974,2.299599428514739,0.0936751858931828,710,286.0,1.0,0.5,False,visible,line-p1-000566,example-reviewer,accepted,,False,continuous,0,565,curve-p1-000566,reviewed_visible_observation,confirmed_continuous_curve
p1,2929.6945068280884,37.51049498193716,2.299599428514739,0.0936751858931828,711,285.5,1.5,0.5,False,visible,line-p1-000567,example-reviewer,accepted,,False,continuous,0,566,curve-p1-000567,reviewed_visible_observation,confirmed_continuous_curve
p1,2934.293705685118,37.042119052471264,2.299599428514739,0.0936751858931828,712,288.0,2.0,0.5,False,visible,line-p1-000568,example-reviewer,accepted,,False,continuous,0,567,curve-p1-000568,reviewed_visible_observation,confirmed_continuous_curve
p1,2938.8929045421473,36.38639275121901,2.299599428514739,0.0936751858931828,713,291.5,3.5,0.5,False,visible,line-p1-000569,example-reviewer,accepted,,False,continuous,0,568,curve-p1-000569,reviewed_visible_observation,confirmed_continuous_curve
p1,2943.4921033991777,35.63699126407358,2.2995994285156485,0.0936751858931828,714,295.5,4.5,0.5,False,visible,line-p1-000570,example-reviewer,accepted,,False,continuous,0,569,curve-p1-000570,reviewed_visible_observation,confirmed_continuous_curve
p1,2948.091302256207,34.98126496282133,2.299599428514739,0.0936751858931828,715,299.0,3.0,0.5,False,visible,line-p1-000571,example-reviewer,accepted,,False,continuous,0,570,curve-p1-000571,reviewed_visible_observation,confirmed_continuous_curve
p1,2952.6905011132367,34.98126496282133,2.299599428514739,0.0936751858931828,716,299.0,3.0,0.5,False,visible,line-p1-000572,example-reviewer,accepted,,False,continuous,0,571,curve-p1-000572,reviewed_visible_observation,confirmed_continuous_curve
p1,2957.289699970266,35.44964089228722,2.299599428514739,0.0936751858931828,717,296.5,2.5,0.5,False,visible,line-p1-000573,example-reviewer,accepted,,False,continuous,0,572,curve-p1-000573,reviewed_visible_observation,confirmed_continuous_curve
p1,2961.8888988272956,35.44964089228722,2.299599428514739,0.0936751858931828,718,296.5,2.5,0.5,False,visible,line-p1-000574,example-reviewer,accepted,,False,continuous,0,573,curve-p1-000574,reviewed_visible_observation,confirmed_continuous_curve
p1,2966.488097684325,34.98126496282133,2.299599428514739,0.0936751858931828,719,299.0,2.0,0.5,False,visible,line-p1-000575,example-reviewer,accepted,,False,continuous,0,574,curve-p1-000575,reviewed_visible_observation,confirmed_continuous_curve
p1,2971.0872965413546,34.700239405141794,2.299599428514739,0.0936751858931828,720,300.5,0.5,0.5,False,visible,line-p1-000576,example-reviewer,accepted,,False,continuous,0,575,curve-p1-000576,reviewed_visible_observation,confirmed_continuous_curve
p1,2975.686495398384,34.700239405141794,2.299599428514739,0.0936751858931828,721,300.5,0.5,0.5,False,visible,line-p1-000577,example-reviewer,accepted,,False,continuous,0,576,curve-p1-000577,reviewed_visible_observation,confirmed_continuous_curve
p1,2980.2856942554135,34.700239405141794,2.2995994285156485,0.0936751858931828,722,300.5,0.5,0.5,False,visible,line-p1-000578,example-reviewer,accepted,,False,continuous,0,577,curve-p1-000578,reviewed_visible_observation,confirmed_continuous_curve
p1,2984.884893112444,34.79391459103498,2.299599428514739,0.0936751858931828,723,300.0,1.0,0.5,False,visible,line-p1-000579,example-reviewer,accepted,,False,continuous,0,578,curve-p1-000579,reviewed_visible_observation,confirmed_continuous_curve
p1,2989.4840919694734,34.98126496282133,2.299599428514739,0.0936751858931828,724,299.0,1.0,0.5,False,visible,line-p1-000580,example-reviewer,accepted,,False,continuous,0,579,curve-p1-000580,reviewed_visible_observation,confirmed_continuous_curve
p1,2994.083290826503,35.07494014871451,2.299599428514739,0.0936751858931828,725,298.5,0.5,0.5,False,visible,line-p1-000581,example-reviewer,accepted,,False,continuous,0,580,curve-p1-000581,reviewed_visible_observation,confirmed_continuous_curve
p2,156.37759603925014,3.974778432179207,2.299599428514796,0.0936751858931899,108,464.5,2.5,0.5,True,visible,line-p2-000001,example-reviewer,accepted,,True,continuous,0,0,curve-p2-000001,reviewed_visible_observation,confirmed_continuous_curve
p2,160.97679489627973,3.3190521309269485,2.299599428514796,0.0936751858931757,109,468.0,0.5,0.5,False,visible,line-p2-000002,example-reviewer,accepted,,False,continuous,0,1,curve-p2-000002,reviewed_visible_observation,confirmed_continuous_curve
p2,165.57599375330932,6.410333265401846,2.299599428514796,0.0936751858931757,110,451.5,2.5,0.5,False,visible,line-p2-000003,example-reviewer,accepted,,False,continuous,0,2,curve-p2-000003,reviewed_visible_observation,confirmed_continuous_curve
p2,170.1751926103389,6.504008451295022,2.299599428514796,0.0936751858931757,111,451.0,3.0,0.5,False,visible,line-p2-000004,example-reviewer,accepted,,False,continuous,0,3,curve-p2-000004,reviewed_visible_observation,confirmed_continuous_curve
p2,174.77439146736845,9.87631514344946,2.2995994285148527,0.0936751858931757,112,433.0,10.0,0.5,False,visible,line-p2-000005,example-reviewer,accepted,,False,continuous,0,4,curve-p2-000005,reviewed_visible_observation,confirmed_continuous_curve
p2,179.37359032439804,10.157340701128987,2.2995994285148527,0.0936751858931899,113,431.5,5.5,0.5,False,visible,line-p2-000006,example-reviewer,accepted,,False,continuous,0,5,curve-p2-000006,reviewed_visible_observation,confirmed_continuous_curve
p2,183.97278918142763,11.656143675419855,2.2995994285148527,0.0936751858931899,114,423.5,2.5,0.5,False,visible,line-p2-000007,example-reviewer,accepted,,False,continuous,0,6,curve-p2-000007,reviewed_visible_observation,confirmed_continuous_curve
p2,197.7703857525164,13.248621835603885,2.2995994285148527,0.0936751858931757,117,415.0,6.5,0.5,False,visible,line-p2-000008,example-reviewer,accepted,,True,continuous,0,7,curve-p2-000008,reviewed_visible_observation,confirmed_continuous_curve
p2,202.369584609546,16.246227784185606,2.2995994285148527,0.0936751858931757,118,399.0,11.0,0.5,False,visible,line-p2-000009,example-reviewer,accepted,,False,continuous,0,8,curve-p2-000009,reviewed_visible_observation,confirmed_continuous_curve
p2,206.9687834665756,18.119731502049177,2.2995994285148527,0.0936751858931757,119,389.0,14.5,0.5,False,visible,line-p2-000010,example-reviewer,accepted,,False,continuous,0,9,curve-p2-000010,reviewed_visible_observation,confirmed_continuous_curve
p2,211.56798232360518,19.712209662233207,2.2995994285148527,0.0936751858931899,120,380.5,6.5,0.5,False,visible,line-p2-000011,example-reviewer,accepted,,False,continuous,0,10,curve-p2-000011,reviewed_visible_observation,confirmed_continuous_curve
p2,216.16718118063477,21.02366226473771,2.2995994285148527,0.0936751858931899,121,373.5,2.5,0.5,False,visible,line-p2-000012,example-reviewer,accepted,,False,continuous,0,11,curve-p2-000012,reviewed_visible_observation,confirmed_continuous_curve
p2,220.76638003766425,21.398363008310426,2.2995994285148527,0.0936751858931757,122,371.5,1.5,0.5,False,visible,line-p2-000013,example-reviewer,accepted,,False,continuous,0,12,curve-p2-000013,reviewed_visible_observation,confirmed_continuous_curve
p2,225.36557889469384,21.02366226473771,2.2995994285148527,0.0936751858931899,123,373.5,1.5,0.5,False,visible,line-p2-000014,example-reviewer,accepted,,False,continuous,0,13,curve-p2-000014,reviewed_visible_observation,confirmed_continuous_curve
p2,229.96477775172343,21.30468782241725,2.2995994285148527,0.0936751858931757,124,372.0,3.0,0.5,False,visible,line-p2-000015,example-reviewer,accepted,,False,continuous,0,14,curve-p2-000015,reviewed_visible_observation,confirmed_continuous_curve
p2,234.56397660875302,21.960414123669494,2.2995994285148527,0.0936751858931899,125,368.5,5.5,0.5,False,visible,line-p2-000016,example-reviewer,accepted,,False,continuous,0,15,curve-p2-000016,reviewed_visible_observation,confirmed_continuous_curve
p2,239.16317546578261,22.89716598260128,2.2995994285148527,0.0936751858931899,126,363.5,4.5,0.5,False,visible,line-p2-000017,example-reviewer,accepted,,False,continuous,0,16,curve-p2-000017,reviewed_visible_observation,confirmed_continuous_curve
p2,243.7623743228122,23.83391784153308,2.2995994285148527,0.0936751858931899,127,358.5,3.5,0.5,False,visible,line-p2-000018,example-reviewer,accepted,,False,continuous,0,17,curve-p2-000018,reviewed_visible_observation,confirmed_continuous_curve
p2,248.3615731798418,24.395968956892148,2.299599428514739,0.0936751858931757,128,355.5,2.5,0.5,False,visible,line-p2-000019,example-reviewer,accepted,,False,continuous,0,18,curve-p2-000019,reviewed_visible_observation,confirmed_continuous_curve
p2,252.9607720368714,24.676994514571675,2.2995994285148527,0.0936751858931899,129,354.0,1.0,0.5,False,visible,line-p2-000020,example-reviewer,accepted,,False,continuous,0,19,curve-p2-000020,reviewed_visible_observation,confirmed_continuous_curve
p2,257.559970893901,24.395968956892148,2.2995994285148527,0.0936751858931757,130,355.5,1.5,0.5,False,visible,line-p2-000021,example-reviewer,accepted,,False,continuous,0,20,curve-p2-000021,reviewed_visible_observation,confirmed_continuous_curve
p2,262.1591697509306,23.927593027426255,2.2995994285148527,0.0936751858931757,131,358.0,3.0,0.5,False,visible,line-p2-000022,example-reviewer,accepted,,False,continuous,0,21,curve-p2-000022,reviewed_visible_observation,confirmed_continuous_curve
p2,266.75836860796016,23.365541912067187,2.2995994285148527,0.0936751858931899,132,361.0,3.0,0.5,False,visible,line-p2-000023,example-reviewer,accepted,,False,continuous,0,22,curve-p2-000023,reviewed_visible_observation,confirmed_continuous_curve
p2,271.35756746498976,23.927593027426255,2.2995994285148527,0.0936751858931757,133,358.0,6.0,0.5,False,visible,line-p2-000024,example-reviewer,accepted,,False,continuous,0,23,curve-p2-000024,reviewed_visible_observation,confirmed_continuous_curve
p2,275.95676632201935,24.86434488635804,2.2995994285148527,0.0936751858931757,134,353.0,7.0,0.5,False,visible,line-p2-000025,example-reviewer,accepted,,False,continuous,0,24,curve-p2-000025,reviewed_visible_observation,confirmed_continuous_curve
p2,280.5559651790488,23.271866726173997,2.2995994285148527,0.0936751858931899,135,361.5,15.5,0.5,False,visible,line-p2-000026,example-reviewer,accepted,,False,continuous,0,25,curve-p2-000026,reviewed_visible_observation,confirmed_continuous_curve
p2,285.1551640360784,22.054089309562684,2.2995994285148527,0.0936751858931899,136,368.0,23.5,0.5,False,visible,line-p2-000027,example-reviewer,accepted,,False,continuous,0,26,curve-p2-000027,reviewed_visible_observation,confirmed_continuous_curve
p2,289.754362893108,15.309475925253821,2.2995994285148527,0.0936751858931757,137,404.0,16.0,0.5,False,visible,line-p2-000028,example-reviewer,accepted,,False,continuous,0,27,curve-p2-000028,reviewed_visible_observation,confirmed_continuous_curve
p2,294.3535617501376,12.218194790778924,2.2995994285148527,0.0936751858931757,138,420.5,18.5,0.5,False,visible,line-p2-000029,example-reviewer,accepted,,False,continuous,0,28,curve-p2-000029,reviewed_visible_observation,confirmed_continuous_curve
p2,298.9527606071672,9.969990329342636,2.2995994285148527,0.0936751858931757,139,432.5,11.5,0.5,False,visible,line-p2-000030,example-reviewer,accepted,,False,continuous,0,29,curve-p2-000030,reviewed_visible_observation,confirmed_continuous_curve
p2,303.5519594641968,8.096486611479065,2.2995994285148527,0.0936751858931757,140,442.5,2.5,0.5,False,visible,line-p2-000031,example-reviewer,accepted,,False,continuous,0,30,curve-p2-000031,reviewed_visible_observation,confirmed_continuous_curve
p2,308.1511583212264,8.190161797372241,2.299599428514739,0.0936751858931757,141,442.0,4.0,0.5,False,visible,line-p2-000032,example-reviewer,accepted,,False,continuous,0,31,curve-p2-000032,reviewed_visible_observation,confirmed_continuous_curve
p2,312.75035717825597,9.314264028090378,2.2995994285148527,0.0936751858931899,142,436.0,10.0,0.5,False,visible,line-p2-000033,example-reviewer,accepted,,False,continuous,0,32,curve-p2-000033,reviewed_visible_observation,confirmed_continuous_curve
p2,317.34955603528556,10.438366258808529,2.2995994285148527,0.0936751858931757,143,430.0,12.0,0.5,False,visible,line-p2-000034,example-reviewer,accepted,,False,continuous,0,33,curve-p2-000034,reviewed_visible_observation,confirmed_continuous_curve
p2,321.94875489231515,14.18537369453567,2.2995994285148527,0.0936751858931757,144,410.0,11.0,0.5,False,visible,line-p2-000035,example-reviewer,accepted,,False,continuous,0,34,curve-p2-000035,reviewed_visible_observation,confirmed_continuous_curve
p2,326.54795374934474,16.339902970078782,2.2995994285148527,0.0936751858931757,145,398.5,13.5,0.5,False,visible,line-p2-000036,example-reviewer,accepted,,False,continuous,0,35,curve-p2-000036,reviewed_visible_observation,confirmed_continuous_curve
p2,331.14715260637433,18.86913298919461,2.2995994285148527,0.0936751858931899,146,385.0,13.0,0.5,False,visible,line-p2-000037,example-reviewer,accepted,,False,continuous,0,36,curve-p2-000037,reviewed_visible_observation,confirmed_continuous_curve
p2,335.7463514634039,21.30468782241725,2.2995994285148527,0.0936751858931757,147,372.0,12.0,0.5,False,visible,line-p2-000038,example-reviewer,accepted,,False,continuous,0,37,curve-p2-000038,reviewed_visible_observation,confirmed_continuous_curve
p2,340.3455503204334,22.616140424921753,2.2995994285148527,0.0936751858931757,148,365.0,6.0,0.5,False,visible,line-p2-000039,example-reviewer,accepted,,False,continuous,0,38,curve-p2-000039,reviewed_visible_observation,confirmed_continuous_curve
p2,344.944749177463,21.86673893777632,2.2995994285148527,0.0936751858931757,149,369.0,7.0,0.5,False,visible,line-p2-000040,example-reviewer,accepted,,False,continuous,0,39,curve-p2-000040,reviewed_visible_observation,confirmed_continuous_curve
p2,349.5439480344926,21.02366226473771,2.2995994285148527,0.0936751858931899,150,373.5,3.5,0.5,False,visible,line-p2-000041,example-reviewer,accepted,,False,continuous,0,40,curve-p2-000041,reviewed_visible_observation,confirmed_continuous_curve
p2,354.1431468915222,20.555286335271816,2.2995994285148527,0.0936751858931899,151,376.0,1.0,0.5,False,visible,line-p2-000042,example-reviewer,accepted,,False,continuous,0,41,curve-p2-000042,reviewed_visible_observation,confirmed_continuous_curve
p2,358.74234574855177,20.46161114937864,2.2995994285148527,0.0936751858931757,152,376.5,1.5,0.5,False,visible,line-p2-000043,example-reviewer,accepted,,False,continuous,0,42,curve-p2-000043,reviewed_visible_observation,confirmed_continuous_curve
p2,363.34154460558136,20.086910405805924,2.2995994285148527,0.0936751858931757,153,378.5,2.5,0.5,False,visible,line-p2-000044,example-reviewer,accepted,,False,continuous,0,43,curve-p2-000044,reviewed_visible_observation,confirmed_continuous_curve
p2,367.94074346261095,19.524859290446855,2.299599428514739,0.0936751858931757,154,381.5,2.5,0.5,False,visible,line-p2-000045,example-reviewer,accepted,,False,continuous,0,44,curve-p2-000045,reviewed_visible_observation,confirmed_continuous_curve
p2,372.53994231964055,19.524859290446855,2.2995994285148527,0.0936751858931757,155,381.5,1.5,0.5,False,visible,line-p2-000046,example-reviewer,accepted,,False,continuous,0,45,curve-p2-000046,reviewed_visible_observation,confirmed_continuous_curve
p2,377.13914117667014,19.899560034019572,2.2995994285148527,0.0936751858931757,156,379.5,1.5,0.5,False,visible,line-p2-000047,example-reviewer,accepted,,False,continuous,0,46,curve-p2-000047,reviewed_visible_observation,confirmed_continuous_curve
p2,381.7383400336997,19.524859290446855,2.2995994285148527,0.0936751858931757,157,381.5,3.5,0.5,False,visible,line-p2-000048,example-reviewer,accepted,,False,continuous,0,47,curve-p2-000048,reviewed_visible_observation,confirmed_continuous_curve
p2,386.3375388907293,18.58810743151507,2.2995994285148527,0.0936751858931757,158,386.5,5.5,0.5,False,visible,line-p2-000049,example-reviewer,accepted,,False,continuous,0,48,curve-p2-000049,reviewed_visible_observation,confirmed_continuous_curve
p2,390.9367377477589,17.55768038669011,2.2995994285148527,0.0936751858931899,159,392.0,6.0,0.5,False,visible,line-p2-000050,example-reviewer,accepted,,False,continuous,0,49,curve-p2-000050,reviewed_visible_observation,confirmed_continuous_curve
p2,395.5359366047885,15.02845036757428,2.2995994285148527,0.0936751858931757,160,405.5,12.0,0.5,False,visible,line-p2-000051,example-reviewer,accepted,,False,continuous,0,50,curve-p2-000051,reviewed_visible_observation,confirmed_continuous_curve
p2,400.135135461818,12.780245906137992,2.2995994285148527,0.0936751858931757,161,417.5,11.5,0.5,False,visible,line-p2-000052,example-reviewer,accepted,,False,continuous,0,51,curve-p2-000052,reviewed_visible_observation,confirmed_continuous_curve
p2,404.7343343188476,10.62571663059488,2.2995994285148527,0.0936751858931899,162,429.0,11.0,0.5,False,visible,line-p2-000053,example-reviewer,accepted,,False,continuous,0,52,curve-p2-000053,reviewed_visible_observation,confirmed_continuous_curve
p2,409.33353317587716,8.564862540944958,2.2995994285148527,0.0936751858931757,163,440.0,10.0,0.5,False,visible,line-p2-000054,example-reviewer,accepted,,False,continuous,0,53,curve-p2-000054,reviewed_visible_observation,confirmed_continuous_curve
p2,413.93273203290676,6.691358823081387,2.2995994285148527,0.0936751858931899,164,450.0,9.0,0.5,False,visible,line-p2-000055,example-reviewer,accepted,,False,continuous,0,54,curve-p2-000055,reviewed_visible_observation,confirmed_continuous_curve
p2,418.53193088993635,4.911530291110992,2.2995994285148527,0.0936751858931757,165,459.5,8.5,0.5,False,visible,line-p2-000056,example-reviewer,accepted,,False,continuous,0,55,curve-p2-000056,reviewed_visible_observation,confirmed_continuous_curve
p2,423.13112974696594,3.3190521309269485,2.299599428514739,0.0936751858931757,166,468.0,8.0,0.5,False,visible,line-p2-000057,example-reviewer,accepted,,False,continuous,0,56,curve-p2-000057,reviewed_visible_observation,confirmed_continuous_curve
p2,427.73032860399553,2.1949499002088118,2.2995994285148527,0.0936751858931757,167,474.0,5.0,0.5,False,visible,line-p2-000058,example-reviewer,accepted,,False,continuous,0,57,curve-p2-000058,reviewed_visible_observation,confirmed_continuous_curve
p2,432.3295274610251,1.6328987848497292,2.2995994285148527,0.0936751858931899,168,477.0,2.0,0.5,False,visible,line-p2-000059,example-reviewer,accepted,,False,continuous,0,58,curve-p2-000059,reviewed_visible_observation,confirmed_continuous_curve
p2,436.9287263180547,2.1949499002088118,2.2995994285148527,0.0936751858931757,169,474.0,2.0,0.5,False,visible,line-p2-000060,example-reviewer,accepted,,False,continuous,0,59,curve-p2-000060,reviewed_visible_observation,confirmed_continuous_curve
p2,441.5279251750843,2.382300271995163,2.2995994285148527,0.0936751858931757,170,473.0,1.0,0.5,False,visible,line-p2-000061,example-reviewer,accepted,,False,continuous,0,60,curve-p2-000061,reviewed_visible_observation,confirmed_continuous_curve
p2,446.1271240321139,2.475975457888339,2.2995994285148527,0.0936751858931899,171,472.5,1.5,0.5,False,visible,line-p2-000062,example-reviewer,accepted,,False,continuous,0,61,curve-p2-000062,reviewed_visible_observation,confirmed_continuous_curve
p2,450.7263228891435,3.412727316820124,2.2995994285148527,0.0936751858931899,172,467.5,6.5,0.5,False,visible,line-p2-000063,example-reviewer,accepted,,False,continuous,0,62,curve-p2-000063,reviewed_visible_observation,confirmed_continuous_curve
p2,455.32552174617297,4.8178551052178165,2.2995994285148527,0.0936751858931899,173,460.0,10.0,0.5,False,visible,line-p2-000064,example-reviewer,accepted,,False,continuous,0,63,curve-p2-000064,reviewed_visible_observation,confirmed_continuous_curve
p2,459.92472060320256,6.129307707722305,2.2995994285148527,0.0936751858931899,174,453.0,7.0,0.5,False,visible,line-p2-000065,example-reviewer,accepted,,False,continuous,0,64,curve-p2-000065,reviewed_visible_observation,confirmed_continuous_curve
p2,464.52391946023215,7.06605956665409,2.2995994285148527,0.0936751858931899,175,448.0,1.0,0.5,False,visible,line-p2-000066,example-reviewer,accepted,,False,continuous,0,65,curve-p2-000066,reviewed_visible_observation,confirmed_continuous_curve
p2,469.12311831726174,9.314264028090378,2.2995994285148527,0.0936751858931899,176,436.0,1.0,0.5,False,visible,line-p2-000067,example-reviewer,accepted,,False,continuous,0,66,curve-p2-000067,reviewed_visible_observation,confirmed_continuous_curve
p2,473.72231717429133,10.251015887022177,2.2995994285148527,0.0936751858931899,177,431.0,2.0,0.5,False,visible,line-p2-000068,example-reviewer,accepted,,False,continuous,0,67,curve-p2-000068,reviewed_visible_observation,confirmed_continuous_curve
p2,478.3215160313209,11.000417374167597,2.2995994285148527,0.0936751858931757,178,427.0,7.5,0.5,False,visible,line-p2-000069,example-reviewer,accepted,,False,continuous,0,68,curve-p2-000069,reviewed_visible_observation,confirmed_continuous_curve
p2,482.9207148883505,13.43597220739025,2.299599428514739,0.0936751858931899,179,414.0,8.0,0.5,False,visible,line-p2-000070,example-reviewer,accepted,,False,continuous,0,69,curve-p2-000070,reviewed_visible_observation,confirmed_continuous_curve
p2,487.5199137453801,15.684176668826538,2.2995994285148527,0.0936751858931899,180,402.0,8.5,0.5,False,visible,line-p2-000071,example-reviewer,accepted,,False,continuous,0,70,curve-p2-000071,reviewed_visible_observation,confirmed_continuous_curve
p2,492.1191126024097,17.370330014903743,2.2995994285148527,0.0936751858931757,181,393.0,12.0,0.5,False,visible,line-p2-000072,example-reviewer,accepted,,False,continuous,0,71,curve-p2-000072,reviewed_visible_observation,confirmed_continuous_curve
p2,496.7183114594393,19.712209662233207,2.2995994285148527,0.0936751858931899,182,380.5,12.5,0.5,False,visible,line-p2-000073,example-reviewer,accepted,,False,continuous,0,72,curve-p2-000073,reviewed_visible_observation,confirmed_continuous_curve
p2,501.3175103164689,22.33511486724221,2.2995994285148527,0.0936751858931757,183,366.5,13.5,0.5,False,visible,line-p2-000074,example-reviewer,accepted,,False,continuous,0,73,curve-p2-000074,reviewed_visible_observation,confirmed_continuous_curve
p2,505.9167091734985,24.86434488635804,2.2995994285148527,0.0936751858931757,184,353.0,14.0,0.5,False,visible,line-p2-000075,example-reviewer,accepted,,False,continuous,0,74,curve-p2-000075,reviewed_visible_observation,confirmed_continuous_curve
p2,510.51590803052807,27.674600463153396,2.2995994285148527,0.0936751858931828,185,338.0,14.0,0.5,False,visible,line-p2-000076,example-reviewer,accepted,,False,continuous,0,75,curve-p2-000076,reviewed_visible_observation,confirmed_continuous_curve
p2,515.1151068875575,30.391180854055577,2.2995994285148527,0.0936751858931828,186,323.5,14.5,0.5,False,visible,line-p2-000077,example-reviewer,accepted,,False,continuous,0,76,curve-p2-000077,reviewed_visible_observation,confirmed_continuous_curve
p2,519.7143057445871,31.889983828346438,2.2995994285148527,0.0936751858931828,187,315.5,7.5,0.5,False,visible,line-p2-000078,example-reviewer,accepted,,False,continuous,0,77,curve-p2-000078,reviewed_visible_observation,confirmed_continuous_curve
p2,524.3135046016167,32.82673568727822,2.2995994285148527,0.0936751858931828,188,310.5,1.5,0.5,False,visible,line-p2-000079,example-reviewer,accepted,,False,continuous,0,78,curve-p2-000079,reviewed_visible_observation,confirmed_continuous_curve
p2,528.9127034586463,31.51528308477372,2.2995994285148527,0.0936751858931757,189,317.5,6.5,0.5,False,visible,line-p2-000080,example-reviewer,accepted,,False,continuous,0,79,curve-p2-000080,reviewed_visible_observation,confirmed_continuous_curve
p2,533.5119023156759,30.20383048226922,2.2995994285148527,0.0936751858931828,190,324.5,8.5,0.5,False,visible,line-p2-000081,example-reviewer,accepted,,False,continuous,0,80,curve-p2-000081,reviewed_visible_observation,confirmed_continuous_curve
p2,538.1111011727055,27.58092527726022,2.2995994285148527,0.0936751858931828,191,338.5,11.5,0.5,False,visible,line-p2-000082,example-reviewer,accepted,,False,continuous,0,81,curve-p2-000082,reviewed_visible_observation,confirmed_continuous_curve
p2,542.7103000297351,25.801096745289826,2.299599428514739,0.0936751858931757,192,348.0,10.0,0.5,False,visible,line-p2-000083,example-reviewer,accepted,,False,continuous,0,82,curve-p2-000083,reviewed_visible_observation,confirmed_continuous_curve
p2,547.3094988867647,24.208618585105782,2.2995994285148527,0.0936751858931899,193,356.5,7.5,0.5,False,visible,line-p2-000084,example-reviewer,accepted,,False,continuous,0,83,curve-p2-000084,reviewed_visible_observation,confirmed_continuous_curve
p2,551.9086977437943,24.02126821331943,2.2995994285148527,0.0936751858931757,194,357.5,6.5,0.5,False,visible,line-p2-000085,example-reviewer,accepted,,False,continuous,0,84,curve-p2-000085,reviewed_visible_observation,confirmed_continuous_curve
p2,556.5078966008239,25.145370444037567,2.2995994285148527,0.0936751858931899,195,351.5,6.5,0.5,False,visible,line-p2-000086,example-reviewer,accepted,,False,continuous,0,85,curve-p2-000086,reviewed_visible_observation,confirmed_continuous_curve
p2,561.1070954578535,25.988447117076177,2.2995994285148527,0.0936751858931899,196,347.0,3.0,0.5,False,visible,line-p2-000087,example-reviewer,accepted,,False,continuous,0,86,curve-p2-000087,reviewed_visible_observation,confirmed_continuous_curve
p2,565.706294314883,25.988447117076177,2.2995994285148527,0.0936751858931899,197,347.0,1.0,0.5,False,visible,line-p2-000088,example-reviewer,accepted,,False,continuous,0,87,curve-p2-000088,reviewed_visible_observation,confirmed_continuous_curve
p2,570.3054931719126,26.45682304654207,2.2995994285148527,0.0936751858931899,198,344.5,3.5,0.5,False,visible,line-p2-000089,example-reviewer,accepted,,False,continuous,0,88,curve-p2-000089,reviewed_visible_observation,confirmed_continuous_curve
p2,574.9046920289421,27.29989971958068,2.2995994285148527,0.0936751858931828,199,340.0,6.0,0.5,False,visible,line-p2-000090,example-reviewer,accepted,,False,continuous,0,89,curve-p2-000090,reviewed_visible_observation,confirmed_continuous_curve
p2,579.5038908859717,28.517677136192006,2.2995994285148527,0.0936751858931828,200,333.5,9.5,0.5,False,visible,line-p2-000091,example-reviewer,accepted,,False,continuous,0,90,curve-p2-000091,reviewed_visible_observation,confirmed_continuous_curve
p2,584.1030897430013,31.70263345656008,2.2995994285148527,0.0936751858931828,201,316.5,13.0,0.5,False,visible,line-p2-000092,example-reviewer,accepted,,False,continuous,0,91,curve-p2-000092,reviewed_visible_observation,confirmed_continuous_curve
p2,588.7022886000309,34.512889033355435,2.2995994285148527,0.0936751858931828,202,301.5,14.5,0.5,False,visible,line-p2-000093,example-reviewer,accepted,,False,continuous,0,92,curve-p2-000093,reviewed_visible_observation,confirmed_continuous_curve
p2,593.3014874570605,38.35357165497576,2.2995994285148527,0.0936751858931828,203,281.0,16.0,0.5,False,visible,line-p2-000094,example-reviewer,accepted,,False,continuous,0,93,curve-p2-000094,reviewed_visible_observation,confirmed_continuous_curve
p2,597.9006863140901,41.07015204587794,2.2995994285148527,0.0936751858931828,204,266.5,17.5,0.5,False,visible,line-p2-000095,example-reviewer,accepted,,False,continuous,0,94,curve-p2-000095,reviewed_visible_observation,confirmed_continuous_curve
p2,602.4998851711197,44.06775799445966,2.299599428514739,0.0936751858931828,205,250.5,13.5,0.5,False,visible,line-p2-000096,example-reviewer,accepted,,False,continuous,0,95,curve-p2-000096,reviewed_visible_observation,confirmed_continuous_curve
p2,607.0990840281493,46.22228727000277,2.2995994285148527,0.0936751858931757,206,239.0,9.0,0.5,False,visible,line-p2-000097,example-reviewer,accepted,,False,continuous,0,96,curve-p2-000097,reviewed_visible_observation,confirmed_continuous_curve
p2,611.6982828851789,47.34638950072091,2.2995994285148527,0.0936751858931757,207,233.0,3.0,0.5,False,visible,line-p2-000098,example-reviewer,accepted,,False,continuous,0,97,curve-p2-000098,reviewed_visible_observation,confirmed_continuous_curve
p2,616.2974817422084,47.15903912893455,2.2995994285148527,0.0936751858931828,208,234.0,3.0,0.5,False,visible,line-p2-000099,example-reviewer,accepted,,False,continuous,0,98,curve-p2-000099,reviewed_visible_observation,confirmed_continuous_curve
p2,620.896680599238,45.94126171232323,2.2995994285148527,0.0936751858931828,209,240.5,7.5,0.5,False,visible,line-p2-000100,example-reviewer,accepted,,False,continuous,0,99,curve-p2-000100,reviewed_visible_observation,confirmed_continuous_curve
p2,625.4958794562676,44.536133923925554,2.2995994285148527,0.0936751858931828,210,248.0,10.0,0.5,False,visible,line-p2-000101,example-reviewer,accepted,,False,continuous,0,100,curve-p2-000101,reviewed_visible_observation,confirmed_continuous_curve
p2,630.0950783132972,43.31835650731423,2.2995994285148527,0.0936751858931828,211,254.5,5.5,0.5,False,visible,line-p2-000102,example-reviewer,accepted,,False,continuous,0,101,curve-p2-000102,reviewed_visible_observation,confirmed_continuous_curve
p2,634.6942771703267,42.10057909070291,2.2995994285148527,0.0936751858931828,212,261.0,2.0,0.5,False,visible,line-p2-000103,example-reviewer,accepted,,False,continuous,0,102,curve-p2-000103,reviewed_visible_observation,confirmed_continuous_curve
p2,639.2934760273563,41.819553533023374,2.2995994285148527,0.0936751858931828,213,262.5,1.5,0.5,False,visible,line-p2-000104,example-reviewer,accepted,,False,continuous,0,103,curve-p2-000104,reviewed_visible_observation,confirmed_continuous_curve
p2,643.8926748843859,42.006903904809725,2.2995994285148527,0.0936751858931828,214,261.5,1.5,0.5,False,visible,line-p2-000105,example-reviewer,accepted,,False,continuous,0,104,curve-p2-000105,reviewed_visible_observation,confirmed_continuous_curve
p2,648.4918737414155,42.28792946248927,2.2995994285148527,0.0936751858931828,215,260.0,1.0,0.5,False,visible,line-p2-000106,example-reviewer,accepted,,False,continuous,0,105,curve-p2-000106,reviewed_visible_observation,confirmed_continuous_curve
p2,653.0910725984451,42.38160464838244,2.2995994285148527,0.0936751858931828,216,259.5,0.5,0.5,False,visible,line-p2-000107,example-reviewer,accepted,,False,continuous,0,106,curve-p2-000107,reviewed_visible_observation,confirmed_continuous_curve
p2,657.6902714554747,42.194254276596084,2.2995994285148527,0.0936751858931828,217,260.5,1.5,0.5,False,visible,line-p2-000108,example-reviewer,accepted,,False,continuous,0,107,curve-p2-000108,reviewed_visible_observation,confirmed_continuous_curve
p2,662.2894703125042,41.72587834713019,2.299599428514739,0.0936751858931828,218,263.0,4.0,0.5,False,visible,line-p2-000109,example-reviewer,accepted,,False,continuous,0,108,curve-p2-000109,reviewed_visible_observation,confirmed_continuous_curve
p2,666.8886691695338,40.789126488198406,2.2995994285148527,0.0936751858931757,219,268.0,5.0,0.5,False,visible,line-p2-000110,example-reviewer,accepted,,False,continuous,0,109,curve-p2-000110,reviewed_visible_observation,confirmed_continuous_curve
p2,671.4878680265634,39.66502425748026,2.2995994285148527,0.0936751858931828,220,274.0,6.0,0.5,False,visible,line-p2-000111,example-reviewer,accepted,,False,continuous,0,110,curve-p2-000111,reviewed_visible_observation,confirmed_continuous_curve
p2,676.087066883593,38.54092202676212,2.2995994285148527,0.0936751858931828,221,280.0,6.0,0.5,False,visible,line-p2-000112,example-reviewer,accepted,,False,continuous,0,111,curve-p2-000112,reviewed_visible_observation,confirmed_continuous_curve
p2,680.6862657406226,38.44724684086894,2.2995994285148527,0.0936751858931828,222,280.5,5.5,0.5,False,visible,line-p2-000113,example-reviewer,accepted,,False,continuous,0,112,curve-p2-000113,reviewed_visible_observation,confirmed_continuous_curve
p2,685.2854645976522,39.571349071587086,2.2995994285148527,0.0936751858931828,223,274.5,8.5,0.5,False,visible,line-p2-000114,example-reviewer,accepted,,False,continuous,0,113,curve-p2-000114,reviewed_visible_observation,confirmed_continuous_curve
p2,689.8846634546817,40.41442574462569,2.299599428514739,0.0936751858931828,224,270.0,4.0,0.5,False,visible,line-p2-000115,example-reviewer,accepted,,False,continuous,0,114,curve-p2-000115,reviewed_visible_observation,confirmed_continuous_curve
p2,694.4838623117114,40.50810093051887,2.2995994285149663,0.0936751858931828,225,269.5,2.5,0.5,False,visible,line-p2-000116,example-reviewer,accepted,,False,continuous,0,115,curve-p2-000116,reviewed_visible_observation,confirmed_continuous_curve
p2,699.0830611687409,40.03972500105298,2.299599428514739,0.0936751858931828,226,272.0,2.0,0.5,False,visible,line-p2-000117,example-reviewer,accepted,,False,continuous,0,116,curve-p2-000117,reviewed_visible_observation,confirmed_continuous_curve
p2,703.6822600257706,39.571349071587086,2.2995994285149663,0.0936751858931828,227,274.5,1.5,0.5,False,visible,line-p2-000118,example-reviewer,accepted,,False,continuous,0,117,curve-p2-000118,reviewed_visible_observation,confirmed_continuous_curve
p2,708.2814588828,38.915622770334835,2.299599428514739,0.0936751858931828,228,278.0,3.0,0.5,False,visible,line-p2-000119,example-reviewer,accepted,,False,continuous,0,118,curve-p2-000119,reviewed_visible_observation,confirmed_continuous_curve
p2,712.8806577398298,38.1662212831894,2.2995994285149663,0.0936751858931828,229,282.0,5.0,0.5,False,visible,line-p2-000120,example-reviewer,accepted,,False,continuous,0,119,curve-p2-000120,reviewed_visible_observation,confirmed_continuous_curve
p2,717.4798565968592,37.416819796043974,2.299599428514739,0.0936751858931828,230,286.0,4.0,0.5,False,visible,line-p2-000121,example-reviewer,accepted,,False,continuous,0,120,curve-p2-000121,reviewed_visible_observation,confirmed_continuous_curve
p2,722.0790554538887,38.44724684086894,2.2995994285149663,0.0936751858931828,231,280.5,8.5,0.5,False,visible,line-p2-000122,example-reviewer,accepted,,False,continuous,0,121,curve-p2-000122,reviewed_visible_observation,confirmed_continuous_curve
p2,726.6782543109184,40.32075055873251,2.299599428514739,0.0936751858931757,232,270.5,11.5,0.5,False,visible,line-p2-000123,example-reviewer,accepted,,False,continuous,0,122,curve-p2-000123,reviewed_visible_observation,confirmed_continuous_curve
p2,731.2774531679479,42.94365576374152,2.2995994285149663,0.0936751858931828,233,256.5,14.5,0.5,False,visible,line-p2-000124,example-reviewer,accepted,,False,continuous,0,123,curve-p2-000124,reviewed_visible_observation,confirmed_continuous_curve
p2,735.8766520249776,45.566560968750515,2.299599428514739,0.0936751858931828,234,242.5,15.5,0.5,False,visible,line-p2-000125,example-reviewer,accepted,,False,continuous,0,124,curve-p2-000125,reviewed_visible_observation,confirmed_continuous_curve
p2,740.4758508820071,47.15903912893455,2.2995994285149663,0.0936751858931828,235,234.0,7.0,0.5,False,visible,line-p2-000126,example-reviewer,accepted,,False,continuous,0,125,curve-p2-000126,reviewed_visible_observation,confirmed_continuous_curve
p2,745.0750497390368,47.065363943041376,2.299599428514739,0.0936751858931828,236,234.5,5.5,0.5,False,visible,line-p2-000127,example-reviewer,accepted,,False,continuous,0,126,curve-p2-000127,reviewed_visible_observation,confirmed_continuous_curve
p2,749.6742485960663,46.31596245589594,2.299599428514739,0.0936751858931828,237,238.5,3.5,0.5,False,visible,line-p2-000128,example-reviewer,accepted,,False,continuous,0,127,curve-p2-000128,reviewed_visible_observation,confirmed_continuous_curve
p2,754.273447453096,45.566560968750515,2.2995994285149663,0.0936751858931828,238,242.5,1.5,0.5,False,visible,line-p2-000129,example-reviewer,accepted,,False,continuous,0,128,curve-p2-000129,reviewed_visible_observation,confirmed_continuous_curve
p2,758.8726463101254,44.62980910981873,2.299599428514739,0.0936751858931757,239,247.5,4.5,0.5,False,visible,line-p2-000130,example-reviewer,accepted,,False,continuous,0,129,curve-p2-000130,reviewed_visible_observation,confirmed_continuous_curve
p2,763.4718451671552,43.78673243678012,2.2995994285149663,0.0936751858931828,240,252.0,7.0,0.5,False,visible,line-p2-000131,example-reviewer,accepted,,False,continuous,0,130,curve-p2-000131,reviewed_visible_observation,confirmed_continuous_curve
p2,768.0710440241846,42.194254276596084,2.299599428514739,0.0936751858931828,241,260.5,7.5,0.5,False,visible,line-p2-000132,example-reviewer,accepted,,False,continuous,0,131,curve-p2-000132,reviewed_visible_observation,confirmed_continuous_curve
p2,772.6702428812143,40.789126488198406,2.2995994285149663,0.0936751858931757,242,268.0,8.0,0.5,False,visible,line-p2-000133,example-reviewer,accepted,,False,continuous,0,132,curve-p2-000133,reviewed_visible_observation,confirmed_continuous_curve
p2,777.2694417382438,38.82194758444165,2.299599428514739,0.0936751858931828,243,278.5,9.5,0.5,False,visible,line-p2-000134,example-reviewer,accepted,,False,continuous,0,133,curve-p2-000134,reviewed_visible_observation,confirmed_continuous_curve
p2,781.8686405952733,36.66741830889855,2.2995994285149663,0.0936751858931828,244,290.0,13.0,0.5,False,visible,line-p2-000135,example-reviewer,accepted,,False,continuous,0,134,curve-p2-000135,reviewed_visible_observation,confirmed_continuous_curve
p2,786.467839452303,34.700239405141794,2.299599428514739,0.0936751858931828,245,300.5,11.5,0.5,False,visible,line-p2-000136,example-reviewer,accepted,,False,continuous,0,135,curve-p2-000136,reviewed_visible_observation,confirmed_continuous_curve
p2,791.0670383093325,33.20143643085094,2.2995994285149663,0.0936751858931828,246,308.5,4.5,0.5,False,visible,line-p2-000137,example-reviewer,accepted,,False,continuous,0,136,curve-p2-000137,reviewed_visible_observation,confirmed_continuous_curve
p2,795.6662371663622,32.35835975781233,2.299599428514739,0.0936751858931828,247,313.0,1.0,0.5,False,visible,line-p2-000138,example-reviewer,accepted,,False,continuous,0,137,curve-p2-000138,reviewed_visible_observation,confirmed_continuous_curve
p2,800.2654360233917,33.20143643085094,2.2995994285149663,0.0936751858931828,248,308.5,5.5,0.5,False,visible,line-p2-000139,example-reviewer,accepted,,False,continuous,0,138,curve-p2-000139,reviewed_visible_observation,confirmed_continuous_curve
p2,804.8646348804214,34.32553866156908,2.299599428514739,0.0936751858931828,249,302.5,8.5,0.5,False,visible,line-p2-000140,example-reviewer,accepted,,False,continuous,0,139,curve-p2-000140,reviewed_visible_observation,confirmed_continuous_curve
p2,809.4638337374508,35.63699126407358,2.299599428514739,0.0936751858931828,250,295.5,6.5,0.5,False,visible,line-p2-000141,example-reviewer,accepted,,False,continuous,0,140,curve-p2-000141,reviewed_visible_observation,confirmed_continuous_curve
p2,814.0630325944805,37.042119052471264,2.2995994285149663,0.0936751858931828,251,288.0,5.0,0.5,False,visible,line-p2-000142,example-reviewer,accepted,,False,continuous,0,141,curve-p2-000142,reviewed_visible_observation,confirmed_continuous_curve
p2,818.66223145151,37.69784535372351,2.299599428514739,0.0936751858931828,252,284.5,3.5,0.5,False,visible,line-p2-000143,example-reviewer,accepted,,False,continuous,0,142,curve-p2-000143,reviewed_visible_observation,confirmed_continuous_curve
p2,823.2614303085397,38.1662212831894,2.2995994285149663,0.0936751858931828,253,282.0,1.0,0.5,False,visible,line-p2-000144,example-reviewer,accepted,,False,continuous,0,143,curve-p2-000144,reviewed_visible_observation,confirmed_continuous_curve
p2,827.8606291655692,37.51049498193716,2.299599428514739,0.0936751858931828,254,285.5,3.5,0.5,False,visible,line-p2-000145,example-reviewer,accepted,,False,continuous,0,144,curve-p2-000145,reviewed_visible_observation,confirmed_continuous_curve
p2,832.4598280225989,36.38639275121901,2.2995994285149663,0.0936751858931828,255,291.5,8.5,0.5,False,visible,line-p2-000146,example-reviewer,accepted,,False,continuous,0,145,curve-p2-000146,reviewed_visible_observation,confirmed_continuous_curve
p2,837.0590268796284,35.07494014871451,2.299599428514739,0.0936751858931828,256,298.5,8.5,0.5,False,visible,line-p2-000147,example-reviewer,accepted,,False,continuous,0,146,curve-p2-000147,reviewed_visible_observation,confirmed_continuous_curve
p2,841.6582257366579,34.04451310388954,2.2995994285149663,0.0936751858931828,257,304.0,3.0,0.5,False,visible,line-p2-000148,example-reviewer,accepted,,False,continuous,0,147,curve-p2-000148,reviewed_visible_observation,confirmed_continuous_curve
p2,846.2574245936876,34.512889033355435,2.299599428514739,0.0936751858931828,258,301.5,3.5,0.5,False,visible,line-p2-000149,example-reviewer,accepted,,False,continuous,0,148,curve-p2-000149,reviewed_visible_observation,confirmed_continuous_curve
p2,850.856623450717,36.199042379432655,2.2995994285149663,0.0936751858931828,259,292.5,10.5,0.5,False,visible,line-p2-000150,example-reviewer,accepted,,False,continuous,0,149,curve-p2-000150,reviewed_visible_observation,confirmed_continuous_curve
p2,855.4558223077468,37.97887091140305,2.299599428514739,0.0936751858931828,260,283.0,14.0,0.5,False,visible,line-p2-000151,example-reviewer,accepted,,False,continuous,0,150,curve-p2-000151,reviewed_visible_observation,confirmed_continuous_curve
p2,860.0550211647762,39.66502425748026,2.2995994285149663,0.0936751858931828,261,274.0,7.0,0.5,False,visible,line-p2-000152,example-reviewer,accepted,,False,continuous,0,151,curve-p2-000152,reviewed_visible_observation,confirmed_continuous_curve
p2,864.6542200218059,41.07015204587794,2.299599428514739,0.0936751858931828,262,266.5,1.5,0.5,False,visible,line-p2-000153,example-reviewer,accepted,,False,continuous,0,152,curve-p2-000153,reviewed_visible_observation,confirmed_continuous_curve
p2,869.2534188788354,40.41442574462569,2.299599428514739,0.0936751858931828,263,270.0,6.0,0.5,False,visible,line-p2-000154,example-reviewer,accepted,,False,continuous,0,153,curve-p2-000154,reviewed_visible_observation,confirmed_continuous_curve
p2,873.8526177358651,39.19664832801437,2.2995994285149663,0.0936751858931757,264,276.5,11.5,0.5,False,visible,line-p2-000155,example-reviewer,accepted,,False,continuous,0,154,curve-p2-000155,reviewed_visible_observation,confirmed_continuous_curve
p2,878.4518165928946,37.88519572550987,2.299599428514739,0.0936751858931828,265,283.5,6.5,0.5,False,visible,line-p2-000156,example-reviewer,accepted,,False,continuous,0,155,curve-p2-000156,reviewed_visible_observation,confirmed_continuous_curve
p2,883.0510154499243,36.76109349479172,2.2995994285149663,0.0936751858931828,266,289.5,0.5,0.5,False,visible,line-p2-000157,example-reviewer,accepted,,False,continuous,0,156,curve-p2-000157,reviewed_visible_observation,confirmed_continuous_curve
p2,887.6502143069538,37.416819796043974,2.299599428514739,0.0936751858931828,267,286.0,4.0,0.5,False,visible,line-p2-000158,example-reviewer,accepted,,False,continuous,0,157,curve-p2-000158,reviewed_visible_observation,confirmed_continuous_curve
p2,892.2494131639835,38.82194758444165,2.2995994285149663,0.0936751858931828,268,278.5,10.5,0.5,False,visible,line-p2-000159,example-reviewer,accepted,,False,continuous,0,158,curve-p2-000159,reviewed_visible_observation,confirmed_continuous_curve
p2,896.848612021013,40.50810093051887,2.299599428514739,0.0936751858931828,269,269.5,11.5,0.5,False,visible,line-p2-000160,example-reviewer,accepted,,False,continuous,0,159,curve-p2-000160,reviewed_visible_observation,confirmed_continuous_curve
p2,901.4478108780424,42.194254276596084,2.2995994285149663,0.0936751858931828,270,260.5,6.5,0.5,False,visible,line-p2-000161,example-reviewer,accepted,,False,continuous,0,160,curve-p2-000161,reviewed_visible_observation,confirmed_continuous_curve
p2,906.0470097350722,43.41203169320741,2.299599428514739,0.0936751858931828,271,254.0,3.0,0.5,False,visible,line-p2-000162,example-reviewer,accepted,,False,continuous,0,161,curve-p2-000162,reviewed_visible_observation,confirmed_continuous_curve
p2,910.6462085921016,53.5289517696707,2.2995994285149663,0.0936751858931828,272,200.0,47.5,0.5,False,visible,line-p2-000163,example-reviewer,accepted,,False,continuous,0,162,curve-p2-000163,reviewed_visible_observation,confirmed_continuous_curve
p2,915.2454074491313,62.80279517309539,2.299599428514739,0.0936751858931828,273,150.5,39.5,0.5,False,visible,line-p2-000164,example-reviewer,accepted,,False,continuous,0,163,curve-p2-000164,reviewed_visible_observation,confirmed_continuous_curve
p2,919.8446063061608,62.70911998720221,2.2995994285149663,0.0936751858931828,274,151.0,39.0,0.5,False,visible,line-p2-000165,example-reviewer,accepted,,False,continuous,0,164,curve-p2-000165,reviewed_visible_observation,confirmed_continuous_curve
p2,924.4438051631905,61.95971850005678,2.299599428514739,0.0936751858931828,275,155.0,61.5,0.5,False,visible,line-p2-000166,example-reviewer,accepted,,False,continuous,0,165,curve-p2-000166,reviewed_visible_observation,confirmed_continuous_curve
p2,929.04300402022,54.18467807092295,2.299599428514739,0.0936751858931828,276,196.5,53.5,0.5,False,visible,line-p2-000167,example-reviewer,accepted,,False,continuous,0,166,curve-p2-000167,reviewed_visible_observation,confirmed_continuous_curve
p2,933.6422028772497,40.69545130230523,2.2995994285149663,0.0936751858931828,277,268.5,17.5,0.5,False,visible,line-p2-000168,example-reviewer,accepted,,False,continuous,0,167,curve-p2-000168,reviewed_visible_observation,confirmed_continuous_curve
p2,938.2414017342792,37.13579423836444,2.299599428514739,0.0936751858931757,278,287.5,14.5,0.5,False,visible,line-p2-000169,example-reviewer,accepted,,False,continuous,0,168,curve-p2-000169,reviewed_visible_observation,confirmed_continuous_curve
p2,942.8406005913089,34.138188289782725,2.2995994285149663,0.0936751858931828,279,303.5,16.5,0.5,False,visible,line-p2-000170,example-reviewer,accepted,,False,continuous,0,169,curve-p2-000170,reviewed_visible_observation,confirmed_continuous_curve
p2,947.4397994483384,30.20383048226922,2.299599428514739,0.0936751858931828,280,324.5,21.5,0.5,False,visible,line-p2-000171,example-reviewer,accepted,,False,continuous,0,170,curve-p2-000171,reviewed_visible_observation,confirmed_continuous_curve
p2,952.0389983053681,26.55049823243526,2.2995994285149663,0.0936751858931899,281,344.0,30.0,0.5,False,visible,line-p2-000172,example-reviewer,accepted,,False,continuous,0,171,curve-p2-000172,reviewed_visible_observation,confirmed_continuous_curve
p2,956.6381971623975,19.43118410455368,2.299599428514739,0.0936751858931757,282,382.0,28.0,0.5,False,visible,line-p2-000173,example-reviewer,accepted,,False,continuous,0,172,curve-p2-000173,reviewed_visible_observation,confirmed_continuous_curve
p2,961.237396019427,16.433578155971958,2.2995994285149663,0.0936751858931757,283,398.0,12.0,0.5,False,visible,line-p2-000174,example-reviewer,accepted,,False,continuous,0,173,curve-p2-000174,reviewed_visible_observation,confirmed_continuous_curve
p2,965.8365948764567,15.122125553467455,2.299599428514739,0.0936751858931899,284,405.0,1.0,0.5,False,visible,line-p2-000175,example-reviewer,accepted,,False,continuous,0,174,curve-p2-000175,reviewed_visible_observation,confirmed_continuous_curve
p2,970.4357937334862,16.15255259829243,2.2995994285149663,0.0936751858931899,285,399.5,2.5,0.5,False,visible,line-p2-000176,example-reviewer,accepted,,False,continuous,0,175,curve-p2-000176,reviewed_visible_observation,confirmed_continuous_curve
p2,975.0349925905159,16.90195408543785,2.299599428514739,0.0936751858931757,286,395.5,6.5,0.5,False,visible,line-p2-000177,example-reviewer,accepted,,False,continuous,0,176,curve-p2-000177,reviewed_visible_observation,confirmed_continuous_curve
p2,979.6341914475454,17.55768038669011,2.2995994285149663,0.0936751858931899,287,392.0,4.0,0.5,False,visible,line-p2-000178,example-reviewer,accepted,,False,continuous,0,177,curve-p2-000178,reviewed_visible_observation,confirmed_continuous_curve
p2,984.2333903045751,18.026056316156,2.299599428514739,0.0936751858931757,288,389.5,0.5,0.5,False,visible,line-p2-000179,example-reviewer,accepted,,False,continuous,0,178,curve-p2-000179,reviewed_visible_observation,confirmed_continuous_curve
p2,988.8325891616046,18.58810743151507,2.299599428514739,0.0936751858931757,289,386.5,3.5,0.5,False,visible,line-p2-000180,example-reviewer,accepted,,False,continuous,0,179,curve-p2-000180,reviewed_visible_observation,confirmed_continuous_curve
p2,993.4317880186343,19.524859290446855,2.2995994285149663,0.0936751858931757,290,381.5,7.5,0.5,False,visible,line-p2-000181,example-reviewer,accepted,,False,continuous,0,180,curve-p2-000181,reviewed_visible_observation,confirmed_continuous_curve
p2,998.0309868756638,21.398363008310426,2.299599428514739,0.0936751858931757,291,371.5,10.5,0.5,False,visible,line-p2-000182,example-reviewer,accepted,,False,continuous,0,181,curve-p2-000182,reviewed_visible_observation,confirmed_continuous_curve
p2,1002.6301857326935,23.552892283853538,2.2995994285149663,0.0936751858931757,292,360.0,13.0,0.5,False,visible,line-p2-000183,example-reviewer,accepted,,False,continuous,0,182,curve-p2-000183,reviewed_visible_observation,confirmed_continuous_curve
p2,1007.2293845897229,25.61374637350346,2.299599428514739,0.0936751858931899,293,349.0,11.0,0.5,False,visible,line-p2-000184,example-reviewer,accepted,,False,continuous,0,183,curve-p2-000184,reviewed_visible_observation,confirmed_continuous_curve
p2,1011.8285834467526,27.29989971958068,2.2995994285149663,0.0936751858931828,294,340.0,6.0,0.5,False,visible,line-p2-000185,example-reviewer,accepted,,False,continuous,0,184,curve-p2-000185,reviewed_visible_observation,confirmed_continuous_curve
p2,1016.4277823037821,28.61135232208518,2.299599428514739,0.0936751858931828,295,333.0,4.0,0.5,False,visible,line-p2-000186,example-reviewer,accepted,,False,continuous,0,185,curve-p2-000186,reviewed_visible_observation,confirmed_continuous_curve
p2,1021.0269811608116,29.922804924589684,2.2995994285149663,0.0936751858931757,296,326.0,7.0,0.5,False,visible,line-p2-000187,example-reviewer,accepted,,False,continuous,0,186,curve-p2-000187,reviewed_visible_observation,confirmed_continuous_curve
p2,1025.6261800178413,31.234257527094186,2.299599428514739,0.0936751858931828,297,319.0,9.0,0.5,False,visible,line-p2-000188,example-reviewer,accepted,,False,continuous,0,187,curve-p2-000188,reviewed_visible_observation,confirmed_continuous_curve
p2,1030.2253788748708,32.82673568727822,2.2995994285149663,0.0936751858931828,298,310.5,7.5,0.5,False,visible,line-p2-000189,example-reviewer,accepted,,False,continuous,0,188,curve-p2-000189,reviewed_visible_observation,confirmed_continuous_curve
p2,1034.8245777319005,34.32553866156908,2.299599428514739,0.0936751858931828,299,302.5,6.5,0.5,False,visible,line-p2-000190,example-reviewer,accepted,,False,continuous,0,189,curve-p2-000190,reviewed_visible_observation,confirmed_continuous_curve
p2,1039.42377658893,35.07494014871451,2.2995994285149663,0.0936751858931828,300,298.5,3.5,0.5,False,visible,line-p2-000191,example-reviewer,accepted,,False,continuous,0,190,curve-p2-000191,reviewed_visible_observation,confirmed_continuous_curve
p2,1044.0229754459597,34.79391459103498,2.299599428514739,0.0936751858931828,301,300.0,4.0,0.5,False,visible,line-p2-000192,example-reviewer,accepted,,False,continuous,0,191,curve-p2-000192,reviewed_visible_observation,confirmed_continuous_curve
p2,1048.6221743029892,33.66981236031683,2.299599428514739,0.0936751858931828,302,306.0,5.0,0.5,False,visible,line-p2-000193,example-reviewer,accepted,,False,continuous,0,192,curve-p2-000193,reviewed_visible_observation,confirmed_continuous_curve
p2,1053.2213731600189,32.73306050138504,2.2995994285149663,0.0936751858931828,303,311.0,6.0,0.5,False,visible,line-p2-000194,example-reviewer,accepted,,False,continuous,0,193,curve-p2-000194,reviewed_visible_observation,confirmed_continuous_curve
p2,1057.8205720170483,31.70263345656008,2.299599428514739,0.0936751858931828,304,316.5,4.5,0.5,False,visible,line-p2-000195,example-reviewer,accepted,,False,continuous,0,194,curve-p2-000195,reviewed_visible_observation,confirmed_continuous_curve
p2,1062.419770874078,32.9204108731714,2.2995994285149663,0.0936751858931828,305,310.0,11.0,0.5,False,visible,line-p2-000196,example-reviewer,accepted,,False,continuous,0,195,curve-p2-000196,reviewed_visible_observation,confirmed_continuous_curve
p2,1067.0189697311075,34.512889033355435,2.299599428514739,0.0936751858931828,306,301.5,10.5,0.5,False,visible,line-p2-000197,example-reviewer,accepted,,False,continuous,0,196,curve-p2-000197,reviewed_visible_observation,confirmed_continuous_curve
p2,1071.6181685881372,36.011692007646296,2.2995994285149663,0.0936751858931757,307,293.5,4.5,0.5,False,visible,line-p2-000198,example-reviewer,accepted,,False,continuous,0,197,curve-p2-000198,reviewed_visible_observation,confirmed_continuous_curve
p2,1076.2173674451667,36.94844386657808,2.299599428514739,0.0936751858931828,308,288.5,1.5,0.5,False,visible,line-p2-000199,example-reviewer,accepted,,False,continuous,0,198,curve-p2-000199,reviewed_visible_observation,confirmed_continuous_curve
p2,1080.8165663021962,36.94844386657808,2.2995994285149663,0.0936751858931828,309,288.5,1.5,0.5,False,visible,line-p2-000200,example-reviewer,accepted,,False,continuous,0,199,curve-p2-000200,reviewed_visible_observation,confirmed_continuous_curve
p2,1085.4157651592259,36.48006793711219,2.299599428514739,0.0936751858931757,310,291.0,2.0,0.5,False,visible,line-p2-000201,example-reviewer,accepted,,False,continuous,0,200,curve-p2-000201,reviewed_visible_observation,confirmed_continuous_curve
p2,1090.0149640162554,35.73066644996676,2.2995994285149663,0.0936751858931828,311,295.0,4.0,0.5,False,visible,line-p2-000202,example-reviewer,accepted,,False,continuous,0,201,curve-p2-000202,reviewed_visible_observation,confirmed_continuous_curve
p2,1094.614162873285,34.88758977692815,2.299599428514739,0.0936751858931757,312,299.5,5.5,0.5,False,visible,line-p2-000203,example-reviewer,accepted,,False,continuous,0,202,curve-p2-000203,reviewed_visible_observation,confirmed_continuous_curve
p2,1099.2133617303145,33.66981236031683,2.2995994285149663,0.0936751858931828,313,306.0,6.0,0.5,False,visible,line-p2-000204,example-reviewer,accepted,,False,continuous,0,203,curve-p2-000204,reviewed_visible_observation,confirmed_continuous_curve
p2,1103.8125605873443,32.35835975781233,2.299599428514739,0.0936751858931828,314,313.0,7.0,0.5,False,visible,line-p2-000205,example-reviewer,accepted,,False,continuous,0,204,curve-p2-000205,reviewed_visible_observation,confirmed_continuous_curve
p2,1108.4117594443737,31.608958270666896,2.299599428514739,0.0936751858931828,315,317.0,6.0,0.5,False,visible,line-p2-000206,example-reviewer,accepted,,False,continuous,0,205,curve-p2-000206,reviewed_visible_observation,confirmed_continuous_curve
p2,1113.0109583014034,33.295111616744116,2.2995994285149663,0.0936751858931757,316,308.0,15.0,0.5,False,visible,line-p2-000207,example-reviewer,accepted,,False,continuous,0,206,curve-p2-000207,reviewed_visible_observation,confirmed_continuous_curve
p2,1117.610157158433,35.355965706394045,2.299599428514739,0.0936751858931757,317,297.0,13.0,0.5,False,visible,line-p2-000208,example-reviewer,accepted,,False,continuous,0,207,curve-p2-000208,reviewed_visible_observation,confirmed_continuous_curve
p2,1122.2093560154626,37.042119052471264,2.2995994285149663,0.0936751858931828,318,288.0,4.0,0.5,False,visible,line-p2-000209,example-reviewer,accepted,,False,continuous,0,208,curve-p2-000209,reviewed_visible_observation,confirmed_continuous_curve
p2,1126.808554872492,37.51049498193716,2.299599428514739,0.0936751858931828,319,285.5,1.5,0.5,False,visible,line-p2-000210,example-reviewer,accepted,,False,continuous,0,209,curve-p2-000210,reviewed_visible_observation,confirmed_continuous_curve
p2,1131.4077537295218,36.854768680684906,2.2995994285149663,0.0936751858931828,320,289.0,5.0,0.5,False,visible,line-p2-000211,example-reviewer,accepted,,False,continuous,0,210,curve-p2-000211,reviewed_visible_observation,confirmed_continuous_curve
p2,1136.0069525865513,35.73066644996676,2.299599428514739,0.0936751858931828,321,295.0,7.0,0.5,False,visible,line-p2-000212,example-reviewer,accepted,,False,continuous,0,211,curve-p2-000212,reviewed_visible_observation,confirmed_continuous_curve
p2,1140.6061514435808,34.512889033355435,2.2995994285149663,0.0936751858931828,322,301.5,6.5,0.5,False,visible,line-p2-000213,example-reviewer,accepted,,False,continuous,0,212,curve-p2-000213,reviewed_visible_observation,confirmed_continuous_curve
p2,1145.2053503006105,33.10776124495776,2.299599428514739,0.0936751858931828,323,309.0,6.0,0.5,False,visible,line-p2-000214,example-reviewer,accepted,,False,continuous,0,213,curve-p2-000214,reviewed_visible_observation,confirmed_continuous_curve
p2,1149.80454915764,32.54571012959869,2.2995994285149663,0.0936751858931828,324,312.0,3.0,0.5,False,visible,line-p2-000215,example-reviewer,accepted,,False,continuous,0,214,curve-p2-000215,reviewed_visible_observation,confirmed_continuous_curve
p2,1154.4037480146696,32.077334200132796,2.299599428514739,0.0936751858931828,325,314.5,0.5,0.5,False,visible,line-p2-000216,example-reviewer,accepted,,False,continuous,0,215,curve-p2-000216,reviewed_visible_observation,confirmed_continuous_curve
p2,1159.0029468716991,32.9204108731714,2.299599428514739,0.0936751858931828,326,310.0,5.0,0.5,False,visible,line-p2-000217,example-reviewer,accepted,,False,continuous,0,216,curve-p2-000217,reviewed_visible_observation,confirmed_continuous_curve
p2,1163.6021457287288,33.95083791799637,2.2995994285149663,0.0936751858931828,327,304.5,9.5,0.5,False,visible,line-p2-000218,example-reviewer,accepted,,False,continuous,0,217,curve-p2-000218,reviewed_visible_observation,confirmed_continuous_curve
p2,1168.2013445857583,35.355965706394045,2.299599428514739,0.0936751858931757,328,297.0,7.0,0.5,False,visible,line-p2-000219,example-reviewer,accepted,,False,continuous,0,218,curve-p2-000219,reviewed_visible_observation,confirmed_continuous_curve
p2,1172.800543442788,36.48006793711219,2.2995994285149663,0.0936751858931757,329,291.0,3.0,0.5,False,visible,line-p2-000220,example-reviewer,accepted,,False,continuous,0,219,curve-p2-000220,reviewed_visible_observation,confirmed_continuous_curve
p2,1177.3997422998175,37.229469424257616,2.299599428514739,0.0936751858931828,330,287.0,2.0,0.5,False,visible,line-p2-000221,example-reviewer,accepted,,False,continuous,0,220,curve-p2-000221,reviewed_visible_observation,confirmed_continuous_curve
p2,1181.9989411568472,37.416819796043974,2.2995994285149663,0.0936751858931828,331,286.0,1.0,0.5,False,visible,line-p2-000222,example-reviewer,accepted,,False,continuous,0,221,curve-p2-000222,reviewed_visible_observation,confirmed_continuous_curve
p2,1186.5981400138767,37.51049498193716,2.299599428514739,0.0936751858931828,332,285.5,1.5,0.5,False,visible,line-p2-000223,example-reviewer,accepted,,False,continuous,0,222,curve-p2-000223,reviewed_visible_observation,confirmed_continuous_curve
p2,1191.1973388709062,36.854768680684906,2.2995994285149663,0.0936751858931828,333,289.0,5.0,0.5,False,visible,line-p2-000224,example-reviewer,accepted,,False,continuous,0,223,curve-p2-000224,reviewed_visible_observation,confirmed_continuous_curve
p2,1195.7965377279359,35.82434163585994,2.299599428514739,0.0936751858931828,334,294.5,6.5,0.5,False,visible,line-p2-000225,example-reviewer,accepted,,False,continuous,0,224,curve-p2-000225,reviewed_visible_observation,confirmed_continuous_curve
p2,1200.3957365849653,34.700239405141794,2.2995994285149663,0.0936751858931828,335,300.5,5.5,0.5,False,visible,line-p2-000226,example-reviewer,accepted,,False,continuous,0,225,curve-p2-000226,reviewed_visible_observation,confirmed_continuous_curve
p2,1204.994935441995,33.57613717442365,2.299599428514739,0.0936751858931828,336,306.5,4.5,0.5,False,visible,line-p2-000227,example-reviewer,accepted,,False,continuous,0,226,curve-p2-000227,reviewed_visible_observation,confirmed_continuous_curve
p2,1209.5941342990245,32.82673568727822,2.2995994285149663,0.0936751858931828,337,310.5,3.5,0.5,False,visible,line-p2-000228,example-reviewer,accepted,,False,continuous,0,227,curve-p2-000228,reviewed_visible_observation,confirmed_continuous_curve
p2,1214.1933331560542,31.983659014239613,2.299599428514739,0.0936751858931828,338,315.0,3.0,0.5,False,visible,line-p2-000229,example-reviewer,accepted,,False,continuous,0,228,curve-p2-000229,reviewed_visible_observation,confirmed_continuous_curve
p2,1218.7925320130837,31.51528308477372,2.299599428514739,0.0936751858931757,339,317.5,2.5,0.5,False,visible,line-p2-000230,example-reviewer,accepted,,False,continuous,0,229,curve-p2-000230,reviewed_visible_observation,confirmed_continuous_curve
p2,1223.3917308701134,30.953231969414652,2.2995994285149663,0.0936751858931828,340,320.5,1.5,0.5,False,visible,line-p2-000231,example-reviewer,accepted,,False,continuous,0,230,curve-p2-000231,reviewed_visible_observation,confirmed_continuous_curve
p2,1227.9909297271429,29.82912973869651,2.299599428514739,0.0936751858931828,341,326.5,5.5,0.5,False,visible,line-p2-000232,example-reviewer,accepted,,False,continuous,0,231,curve-p2-000232,reviewed_visible_observation,confirmed_continuous_curve
p2,1232.5901285841726,28.424001950298823,2.2995994285149663,0.0936751858931828,342,334.0,11.0,0.5,False,visible,line-p2-000233,example-reviewer,accepted,,False,continuous,0,232,curve-p2-000233,reviewed_visible_observation,confirmed_continuous_curve
p2,1237.189327441202,26.73784860422161,2.299599428514739,0.0936751858931757,343,343.0,10.0,0.5,False,visible,line-p2-000234,example-reviewer,accepted,,False,continuous,0,233,curve-p2-000234,reviewed_visible_observation,confirmed_continuous_curve
p2,1241.7885262982318,25.05169525814439,2.2995994285149663,0.0936751858931757,344,352.0,6.0,0.5,False,visible,line-p2-000235,example-reviewer,accepted,,False,continuous,0,234,curve-p2-000235,reviewed_visible_observation,confirmed_continuous_curve
p2,1246.3877251552613,23.927593027426255,2.299599428514739,0.0936751858931757,345,358.0,4.0,0.5,False,visible,line-p2-000236,example-reviewer,accepted,,False,continuous,0,235,curve-p2-000236,reviewed_visible_observation,confirmed_continuous_curve
p2,1250.9869240122907,24.302293770998972,2.2995994285149663,0.0936751858931899,346,356.0,6.0,0.5,False,visible,line-p2-000237,example-reviewer,accepted,,False,continuous,0,236,curve-p2-000237,reviewed_visible_observation,confirmed_continuous_curve
p2,1255.5861228693204,25.520071187610284,2.299599428514739,0.0936751858931757,347,349.5,8.5,0.5,False,visible,line-p2-000238,example-reviewer,accepted,,False,continuous,0,237,curve-p2-000238,reviewed_visible_observation,confirmed_continuous_curve
p2,1260.18532172635,27.487250091367038,2.2995994285149663,0.0936751858931828,348,339.0,10.0,0.5,False,visible,line-p2-000239,example-reviewer,accepted,,False,continuous,0,238,curve-p2-000239,reviewed_visible_observation,confirmed_continuous_curve
p2,1264.7845205833796,29.45442899512379,2.299599428514739,0.0936751858931757,349,328.5,11.5,0.5,False,visible,line-p2-000240,example-reviewer,accepted,,False,continuous,0,239,curve-p2-000240,reviewed_visible_observation,confirmed_continuous_curve
p2,1269.383719440409,30.953231969414652,2.2995994285149663,0.0936751858931828,350,320.5,7.5,0.5,False,visible,line-p2-000241,example-reviewer,accepted,,False,continuous,0,240,curve-p2-000241,reviewed_visible_observation,confirmed_continuous_curve
p2,1273.9829182974388,32.35835975781233,2.299599428514739,0.0936751858931828,351,313.0,3.0,0.5,False,visible,line-p2-000242,example-reviewer,accepted,,False,continuous,0,241,curve-p2-000242,reviewed_visible_observation,confirmed_continuous_curve
p2,1278.5821171544683,32.9204108731714,2.299599428514739,0.0936751858931828,352,310.0,2.0,0.5,False,visible,line-p2-000243,example-reviewer,accepted,,False,continuous,0,242,curve-p2-000243,reviewed_visible_observation,confirmed_continuous_curve
p2,1283.181316011498,32.9204108731714,2.2995994285149663,0.0936751858931828,353,310.0,1.0,0.5,False,visible,line-p2-000244,example-reviewer,accepted,,False,continuous,0,243,curve-p2-000244,reviewed_visible_observation,confirmed_continuous_curve
p2,1287.7805148685275,33.01408605906458,2.299599428514739,0.0936751858931828,354,309.5,2.5,0.5,False,visible,line-p2-000245,example-reviewer,accepted,,False,continuous,0,244,curve-p2-000245,reviewed_visible_observation,confirmed_continuous_curve
p2,1292.3797137255572,33.76348754621001,2.2995994285149663,0.0936751858931757,355,305.5,6.5,0.5,False,visible,line-p2-000246,example-reviewer,accepted,,False,continuous,0,245,curve-p2-000246,reviewed_visible_observation,confirmed_continuous_curve
p2,1296.9789125825866,34.79391459103498,2.299599428514739,0.0936751858931828,356,300.0,6.0,0.5,False,visible,line-p2-000247,example-reviewer,accepted,,False,continuous,0,246,curve-p2-000247,reviewed_visible_observation,confirmed_continuous_curve
p2,1301.5781114396164,35.63699126407358,2.2995994285149663,0.0936751858931828,357,295.5,2.5,0.5,False,visible,line-p2-000248,example-reviewer,accepted,,False,continuous,0,247,curve-p2-000248,reviewed_visible_observation,confirmed_continuous_curve
p2,1306.1773102966458,36.199042379432655,2.299599428514739,0.0936751858931828,358,292.5,1.5,0.5,False,visible,line-p2-000249,example-reviewer,accepted,,False,continuous,0,248,curve-p2-000249,reviewed_visible_observation,confirmed_continuous_curve
p2,1310.7765091536753,35.91801682175312,2.2995994285149663,0.0936751858931828,359,294.0,3.0,0.5,False,visible,line-p2-000250,example-reviewer,accepted,,False,continuous,0,249,curve-p2-000250,reviewed_visible_observation,confirmed_continuous_curve
p2,1315.375708010705,35.07494014871451,2.299599428514739,0.0936751858931828,360,298.5,5.5,0.5,False,visible,line-p2-000251,example-reviewer,accepted,,False,continuous,0,250,curve-p2-000251,reviewed_visible_observation,confirmed_continuous_curve
p2,1319.9749068677345,32.73306050138504,2.2995994285149663,0.0936751858931828,361,311.0,13.0,0.5,False,visible,line-p2-000252,example-reviewer,accepted,,False,continuous,0,251,curve-p2-000252,reviewed_visible_observation,confirmed_continuous_curve
p2,1324.5741057247642,30.20383048226922,2.299599428514739,0.0936751858931828,362,324.5,19.5,0.5,False,visible,line-p2-000253,example-reviewer,accepted,,False,continuous,0,252,curve-p2-000253,reviewed_visible_observation,confirmed_continuous_curve
p2,1329.1733045817937,28.049301206726113,2.2995994285149663,0.0936751858931828,363,336.0,11.0,0.5,False,visible,line-p2-000254,example-reviewer,accepted,,False,continuous,0,253,curve-p2-000254,reviewed_visible_observation,confirmed_continuous_curve
p2,1333.7725034388234,27.76827564904658,2.299599428514739,0.0936751858931828,364,337.5,9.5,0.5,False,visible,line-p2-000255,example-reviewer,accepted,,False,continuous,0,254,curve-p2-000255,reviewed_visible_observation,confirmed_continuous_curve
p2,1338.3717022958529,28.9860530656579,2.299599428514739,0.0936751858931828,365,331.0,6.0,0.5,False,visible,line-p2-000256,example-reviewer,accepted,,False,continuous,0,255,curve-p2-000256,reviewed_visible_observation,confirmed_continuous_curve
p2,1342.9709011528826,29.173403437444257,2.2995994285149663,0.0936751858931828,366,330.0,5.0,0.5,False,visible,line-p2-000257,example-reviewer,accepted,,False,continuous,0,256,curve-p2-000257,reviewed_visible_observation,confirmed_continuous_curve
p2,1347.570100009912,25.239045629930757,2.299599428514739,0.0936751858931899,367,351.0,21.0,0.5,False,visible,line-p2-000258,example-reviewer,accepted,,False,continuous,0,257,curve-p2-000258,reviewed_visible_observation,confirmed_continuous_curve
p2,1352.1692988669417,18.40075705972872,2.2995994285149663,0.0936751858931899,368,387.5,48.5,0.5,False,visible,line-p2-000259,example-reviewer,accepted,,False,continuous,0,258,curve-p2-000259,reviewed_visible_observation,confirmed_continuous_curve
p2,1356.7684977239712,11.562468489526665,2.299599428514739,0.0936751858931899,369,424.0,47.0,0.5,False,visible,line-p2-000260,example-reviewer,accepted,,False,continuous,0,259,curve-p2-000260,reviewed_visible_observation,confirmed_continuous_curve
p2,1361.367696581001,10.344691072915353,2.2995994285149663,0.0936751858931757,370,430.5,43.5,0.5,False,visible,line-p2-000261,example-reviewer,accepted,,False,continuous,0,260,curve-p2-000261,reviewed_visible_observation,confirmed_continuous_curve
p2,1365.9668954380304,19.337508918660504,2.299599428514739,0.0936751858931899,371,382.5,54.5,0.5,False,visible,line-p2-000262,example-reviewer,accepted,,False,continuous,0,261,curve-p2-000262,reviewed_visible_observation,confirmed_continuous_curve
p2,1370.5660942950599,25.520071187610284,2.2995994285149663,0.0936751858931757,372,349.5,30.0,0.5,False,visible,line-p2-000263,example-reviewer,accepted,,False,continuous,0,262,curve-p2-000263,reviewed_visible_observation,confirmed_continuous_curve
p2,1375.1652931520896,31.046907155307828,2.299599428514739,0.0936751858931757,373,320.0,11.0,0.5,False,visible,line-p2-000264,example-reviewer,accepted,,False,continuous,0,263,curve-p2-000264,reviewed_visible_observation,confirmed_continuous_curve
p2,1379.764492009119,32.54571012959869,2.2995994285149663,0.0936751858931828,374,312.0,7.0,0.5,False,visible,line-p2-000265,example-reviewer,accepted,,False,continuous,0,264,curve-p2-000265,reviewed_visible_observation,confirmed_continuous_curve
p2,1384.3636908661488,33.95083791799637,2.299599428514739,0.0936751858931828,375,304.5,3.5,0.5,False,visible,line-p2-000266,example-reviewer,accepted,,False,continuous,0,265,curve-p2-000266,reviewed_visible_observation,confirmed_continuous_curve
p2,1388.9628897231783,34.41921384746226,2.2995994285149663,0.0936751858931828,376,302.0,2.0,0.5,False,visible,line-p2-000267,example-reviewer,accepted,,False,continuous,0,266,curve-p2-000267,reviewed_visible_observation,confirmed_continuous_curve
p2,1393.562088580208,34.512889033355435,2.299599428514739,0.0936751858931828,377,301.5,1.5,0.5,False,visible,line-p2-000268,example-reviewer,accepted,,False,continuous,0,267,curve-p2-000268,reviewed_visible_observation,confirmed_continuous_curve
p2,1398.1612874372374,34.32553866156908,2.299599428514739,0.0936751858931828,378,302.5,0.5,0.5,False,visible,line-p2-000269,example-reviewer,accepted,,False,continuous,0,268,curve-p2-000269,reviewed_visible_observation,confirmed_continuous_curve
p2,1402.7604862942671,34.32553866156908,2.2995994285149663,0.0936751858931828,379,302.5,0.5,0.5,False,visible,line-p2-000270,example-reviewer,accepted,,False,continuous,0,269,curve-p2-000270,reviewed_visible_observation,confirmed_continuous_curve
p2,1407.3596851512966,33.95083791799637,2.299599428514739,0.0936751858931828,380,304.5,2.5,0.5,False,visible,line-p2-000271,example-reviewer,accepted,,False,continuous,0,270,curve-p2-000271,reviewed_visible_observation,confirmed_continuous_curve
p2,1411.9588840083263,33.01408605906458,2.2995994285149663,0.0936751858931828,381,309.5,6.5,0.5,False,visible,line-p2-000272,example-reviewer,accepted,,False,continuous,0,271,curve-p2-000272,reviewed_visible_observation,confirmed_continuous_curve
p2,1416.5580828653558,31.889983828346438,2.299599428514739,0.0936751858931828,382,315.5,7.5,0.5,False,visible,line-p2-000273,example-reviewer,accepted,,False,continuous,0,272,curve-p2-000273,reviewed_visible_observation,confirmed_continuous_curve
p2,1421.1572817223855,31.046907155307828,2.2995994285149663,0.0936751858931757,383,320.0,3.0,0.5,False,visible,line-p2-000274,example-reviewer,accepted,,False,continuous,0,273,curve-p2-000274,reviewed_visible_observation,confirmed_continuous_curve
p2,1425.756480579415,30.765881597628294,2.299599428514739,0.0936751858931828,384,321.5,1.5,0.5,False,visible,line-p2-000275,example-reviewer,accepted,,False,continuous,0,274,curve-p2-000275,reviewed_visible_observation,confirmed_continuous_curve
p2,1430.3556794364445,31.796308642453255,2.2995994285149663,0.0936751858931828,385,316.0,7.0,0.5,False,visible,line-p2-000276,example-reviewer,accepted,,False,continuous,0,275,curve-p2-000276,reviewed_visible_observation,confirmed_continuous_curve
p2,1434.9548782934742,33.20143643085094,2.299599428514739,0.0936751858931828,386,308.5,10.5,0.5,False,visible,line-p2-000277,example-reviewer,accepted,,False,continuous,0,276,curve-p2-000277,reviewed_visible_observation,confirmed_continuous_curve
p2,1439.5540771505036,34.700239405141794,2.2995994285149663,0.0936751858931828,387,300.5,7.5,0.5,False,visible,line-p2-000278,example-reviewer,accepted,,False,continuous,0,277,curve-p2-000278,reviewed_visible_observation,confirmed_continuous_curve
p2,1444.1532760075333,36.10536719353947,2.299599428514739,0.0936751858931828,388,293.0,4.0,0.5,False,visible,line-p2-000279,example-reviewer,accepted,,False,continuous,0,278,curve-p2-000279,reviewed_visible_observation,confirmed_continuous_curve
p2,1448.7524748645628,36.66741830889855,2.2995994285149663,0.0936751858931828,389,290.0,2.0,0.5,False,visible,line-p2-000280,example-reviewer,accepted,,False,continuous,0,279,curve-p2-000280,reviewed_visible_observation,confirmed_continuous_curve
p2,1453.3516737215925,36.29271756532583,2.299599428514739,0.0936751858931828,390,292.0,4.0,0.5,False,visible,line-p2-000281,example-reviewer,accepted,,False,continuous,0,280,curve-p2-000281,reviewed_visible_observation,confirmed_continuous_curve
p2,1457.950872578622,35.355965706394045,2.299599428514739,0.0936751858931757,391,297.0,4.0,0.5,False,visible,line-p2-000282,example-reviewer,accepted,,False,continuous,0,281,curve-p2-000282,reviewed_visible_observation,confirmed_continuous_curve
p2,1462.5500714356517,34.60656421924862,2.2995994285149663,0.0936751858931828,392,301.0,4.0,0.5,False,visible,line-p2-000283,example-reviewer,accepted,,False,continuous,0,282,curve-p2-000283,reviewed_visible_observation,confirmed_continuous_curve
p2,1467.1492702926812,33.857162732103184,2.299599428514739,0.0936751858931828,393,305.0,3.0,0.5,False,visible,line-p2-000284,example-reviewer,accepted,,False,continuous,0,283,curve-p2-000284,reviewed_visible_observation,confirmed_continuous_curve
p2,1471.748469149711,33.295111616744116,2.2995994285149663,0.0936751858931757,394,308.0,2.0,0.5,False,visible,line-p2-000285,example-reviewer,accepted,,False,continuous,0,284,curve-p2-000285,reviewed_visible_observation,confirmed_continuous_curve
p2,1476.3476680067404,32.82673568727822,2.299599428514739,0.0936751858931828,395,310.5,1.5,0.5,False,visible,line-p2-000286,example-reviewer,accepted,,False,continuous,0,285,curve-p2-000286,reviewed_visible_observation,confirmed_continuous_curve
p2,1480.94686686377,32.639385315491865,2.2995994285149663,0.0936751858931757,396,311.5,0.5,0.5,False,visible,line-p2-000287,example-reviewer,accepted,,False,continuous,0,286,curve-p2-000287,reviewed_visible_observation,confirmed_continuous_curve
p2,1485.5460657207996,32.639385315491865,2.299599428514739,0.0936751858931757,397,311.5,0.5,0.5,False,visible,line-p2-000288,example-reviewer,accepted,,False,continuous,0,287,curve-p2-000288,reviewed_visible_observation,confirmed_continuous_curve
p2,1490.145264577829,32.26468457191915,2.2995994285149663,0.0936751858931828,398,313.5,2.5,0.5,False,visible,line-p2-000289,example-reviewer,accepted,,False,continuous,0,288,curve-p2-000289,reviewed_visible_observation,confirmed_continuous_curve
p2,1494.7444634348587,31.796308642453255,2.299599428514739,0.0936751858931828,399,316.0,4.0,0.5,False,visible,line-p2-000290,example-reviewer,accepted,,False,continuous,0,289,curve-p2-000290,reviewed_visible_observation,confirmed_continuous_curve
p2,1499.3436622918882,30.765881597628294,2.2995994285149663,0.0936751858931828,400,321.5,4.5,0.5,False,visible,line-p2-000291,example-reviewer,accepted,,False,continuous,0,290,curve-p2-000291,reviewed_visible_observation,confirmed_continuous_curve
p2,1503.942861148918,29.735454552803326,2.299599428514739,0.0936751858931828,401,327.0,6.0,0.5,False,visible,line-p2-000292,example-reviewer,accepted,,False,continuous,0,291,curve-p2-000292,reviewed_visible_observation,confirmed_continuous_curve
p2,1508.5420600059474,28.9860530656579,2.2995994285149663,0.0936751858931828,402,331.0,4.0,0.5,False,visible,line-p2-000293,example-reviewer,accepted,,False,continuous,0,292,curve-p2-000293,reviewed_visible_observation,confirmed_continuous_curve
p2,1513.141258862977,28.517677136192006,2.299599428514739,0.0936751858931828,403,333.5,1.5,0.5,False,visible,line-p2-000294,example-reviewer,accepted,,False,continuous,0,293,curve-p2-000294,reviewed_visible_observation,confirmed_continuous_curve
p2,1517.7404577200066,28.892377879764716,2.299599428514739,0.0936751858931828,404,331.5,1.5,0.5,False,visible,line-p2-000295,example-reviewer,accepted,,False,continuous,0,294,curve-p2-000295,reviewed_visible_observation,confirmed_continuous_curve
p2,1522.3396565770363,28.705027507978365,2.2995994285149663,0.0936751858931828,405,332.5,2.5,0.5,False,visible,line-p2-000296,example-reviewer,accepted,,False,continuous,0,295,curve-p2-000296,reviewed_visible_observation,confirmed_continuous_curve
p2,1526.9388554340658,28.049301206726113,2.299599428514739,0.0936751858931828,406,336.0,3.0,0.5,False,visible,line-p2-000297,example-reviewer,accepted,,False,continuous,0,296,curve-p2-000297,reviewed_visible_observation,confirmed_continuous_curve
p2,1531.5380542910955,27.29989971958068,2.2995994285149663,0.0936751858931828,407,340.0,4.0,0.5,False,visible,line-p2-000298,example-reviewer,accepted,,False,continuous,0,297,curve-p2-000298,reviewed_visible_observation,confirmed_continuous_curve
p2,1536.137253148125,26.45682304654207,2.299599428514739,0.0936751858931899,408,344.5,4.5,0.5,False,visible,line-p2-000299,example-reviewer,accepted,,False,continuous,0,298,curve-p2-000299,reviewed_visible_observation,confirmed_continuous_curve
p2,1540.7364520051547,25.520071187610284,2.2995994285149663,0.0936751858931757,409,349.5,4.5,0.5,False,visible,line-p2-000300,example-reviewer,accepted,,False,continuous,0,299,curve-p2-000300,reviewed_visible_observation,confirmed_continuous_curve
p2,1545.3356508621841,24.5833193286785,2.299599428514739,0.0936751858931757,410,354.5,4.5,0.5,False,visible,line-p2-000301,example-reviewer,accepted,,False,continuous,0,300,curve-p2-000301,reviewed_visible_observation,confirmed_continuous_curve
p2,1549.9348497192136,24.770669700464865,2.2995994285149663,0.0936751858931899,411,353.5,4.5,0.5,False,visible,line-p2-000302,example-reviewer,accepted,,False,continuous,0,301,curve-p2-000302,reviewed_visible_observation,confirmed_continuous_curve
p2,1554.5340485762433,25.61374637350346,2.299599428514739,0.0936751858931899,412,349.0,10.0,0.5,False,visible,line-p2-000303,example-reviewer,accepted,,False,continuous,0,302,curve-p2-000303,reviewed_visible_observation,confirmed_continuous_curve
p2,1559.1332474332728,27.58092527726022,2.2995994285149663,0.0936751858931828,413,338.5,9.5,0.5,False,visible,line-p2-000304,example-reviewer,accepted,,False,continuous,0,303,curve-p2-000304,reviewed_visible_observation,confirmed_continuous_curve
p2,1563.7324462903025,29.45442899512379,2.299599428514739,0.0936751858931757,414,328.5,9.5,0.5,False,visible,line-p2-000305,example-reviewer,accepted,,False,continuous,0,304,curve-p2-000305,reviewed_visible_observation,confirmed_continuous_curve
p2,1568.331645147332,30.765881597628294,2.2995994285149663,0.0936751858931828,415,321.5,6.5,0.5,False,visible,line-p2-000306,example-reviewer,accepted,,False,continuous,0,305,curve-p2-000306,reviewed_visible_observation,confirmed_continuous_curve
p2,1572.9308440043617,31.796308642453255,2.299599428514739,0.0936751858931828,416,316.0,2.0,0.5,False,visible,line-p2-000307,example-reviewer,accepted,,False,continuous,0,306,curve-p2-000307,reviewed_visible_observation,confirmed_continuous_curve
p2,1577.5300428613912,32.077334200132796,2.299599428514739,0.0936751858931828,417,314.5,0.5,0.5,False,visible,line-p2-000308,example-reviewer,accepted,,False,continuous,0,307,curve-p2-000308,reviewed_visible_observation,confirmed_continuous_curve
p2,1582.1292417184209,31.796308642453255,2.2995994285149663,0.0936751858931828,418,316.0,2.0,0.5,False,visible,line-p2-000309,example-reviewer,accepted,,False,continuous,0,308,curve-p2-000309,reviewed_visible_observation,confirmed_continuous_curve
p2,1586.7284405754503,31.327932712987362,2.299599428514739,0.0936751858931828,419,318.5,2.5,0.5,False,visible,line-p2-000310,example-reviewer,accepted,,False,continuous,0,309,curve-p2-000310,reviewed_visible_observation,confirmed_continuous_curve
p2,1591.32763943248,30.85955678352147,2.2995994285149663,0.0936751858931828,420,321.0,2.0,0.5,False,visible,line-p2-000311,example-reviewer,accepted,,False,continuous,0,310,curve-p2-000311,reviewed_visible_observation,confirmed_continuous_curve
p2,1595.9268382895095,30.391180854055577,2.299599428514739,0.0936751858931828,421,323.5,1.5,0.5,False,visible,line-p2-000312,example-reviewer,accepted,,False,continuous,0,311,curve-p2-000312,reviewed_visible_observation,confirmed_continuous_curve
p2,1600.5260371465392,29.735454552803326,2.2995994285149663,0.0936751858931828,422,327.0,4.0,0.5,False,visible,line-p2-000313,example-reviewer,accepted,,False,continuous,0,312,curve-p2-000313,reviewed_visible_observation,confirmed_continuous_curve
p2,1605.1252360035687,28.9860530656579,2.299599428514739,0.0936751858931828,423,331.0,5.0,0.5,False,visible,line-p2-000314,example-reviewer,accepted,,False,continuous,0,313,curve-p2-000314,reviewed_visible_observation,confirmed_continuous_curve
p2,1609.7244348605982,28.424001950298823,2.2995994285149663,0.0936751858931828,424,334.0,3.0,0.5,False,visible,line-p2-000315,example-reviewer,accepted,,False,continuous,0,314,curve-p2-000315,reviewed_visible_observation,confirmed_continuous_curve
p2,1614.323633717628,29.079728251551074,2.299599428514739,0.0936751858931828,425,330.5,4.5,0.5,False,visible,line-p2-000316,example-reviewer,accepted,,False,continuous,0,315,curve-p2-000316,reviewed_visible_observation,confirmed_continuous_curve
p2,1618.9228325746574,30.578531225841935,2.2995994285149663,0.0936751858931757,426,322.5,7.5,0.5,False,visible,line-p2-000317,example-reviewer,accepted,,False,continuous,0,316,curve-p2-000317,reviewed_visible_observation,confirmed_continuous_curve
p2,1623.522031431687,32.17100938602597,2.299599428514739,0.0936751858931757,427,314.0,11.0,0.5,False,visible,line-p2-000318,example-reviewer,accepted,,False,continuous,0,317,curve-p2-000318,reviewed_visible_observation,confirmed_continuous_curve
p2,1628.1212302887166,33.95083791799637,2.2995994285149663,0.0936751858931828,428,304.5,9.5,0.5,False,visible,line-p2-000319,example-reviewer,accepted,,False,continuous,0,318,curve-p2-000319,reviewed_visible_observation,confirmed_continuous_curve
p2,1632.7204291457463,35.73066644996676,2.299599428514739,0.0936751858931828,429,295.0,7.0,0.5,False,visible,line-p2-000320,example-reviewer,accepted,,False,continuous,0,319,curve-p2-000320,reviewed_visible_observation,confirmed_continuous_curve
p2,1637.3196280027757,36.94844386657808,2.299599428514739,0.0936751858931828,430,288.5,5.5,0.5,False,visible,line-p2-000321,example-reviewer,accepted,,False,continuous,0,320,curve-p2-000321,reviewed_visible_observation,confirmed_continuous_curve
p2,1641.9188268598054,37.88519572550987,2.2995994285149663,0.0936751858931828,431,283.5,3.5,0.5,False,visible,line-p2-000322,example-reviewer,accepted,,False,continuous,0,321,curve-p2-000322,reviewed_visible_observation,confirmed_continuous_curve
p2,1646.518025716835,39.19664832801437,2.299599428514739,0.0936751858931757,432,276.5,5.5,0.5,False,visible,line-p2-000323,example-reviewer,accepted,,False,continuous,0,322,curve-p2-000323,reviewed_visible_observation,confirmed_continuous_curve
p2,1651.1172245738646,41.07015204587794,2.2995994285149663,0.0936751858931828,433,266.5,12.5,0.5,False,visible,line-p2-000324,example-reviewer,accepted,,False,continuous,0,323,curve-p2-000324,reviewed_visible_observation,confirmed_continuous_curve
p2,1655.716423430894,43.31835650731423,2.299599428514739,0.0936751858931828,434,254.5,15.5,0.5,False,visible,line-p2-000325,example-reviewer,accepted,,False,continuous,0,324,curve-p2-000325,reviewed_visible_observation,confirmed_continuous_curve
p2,1660.3156222879238,43.59938206499376,2.2995994285149663,0.0936751858931828,435,253.0,14.0,0.5,False,visible,line-p2-000326,example-reviewer,accepted,,False,continuous,0,325,curve-p2-000326,reviewed_visible_observation,confirmed_continuous_curve
p2,1664.9148211449533,41.07015204587794,2.299599428514739,0.0936751858931828,436,266.5,22.5,0.5,False,visible,line-p2-000327,example-reviewer,accepted,,False,continuous,0,326,curve-p2-000327,reviewed_visible_observation,confirmed_continuous_curve
p2,1669.5140200019828,38.72827239854848,2.2995994285149663,0.0936751858931757,437,279.0,11.0,0.5,False,visible,line-p2-000328,example-reviewer,accepted,,False,continuous,0,327,curve-p2-000328,reviewed_visible_observation,confirmed_continuous_curve
p2,1674.1132188590125,37.13579423836444,2.299599428514739,0.0936751858931757,438,287.5,1.5,0.5,False,visible,line-p2-000329,example-reviewer,accepted,,False,continuous,0,328,curve-p2-000329,reviewed_visible_observation,confirmed_continuous_curve
p2,1678.712417716042,37.416819796043974,2.2995994285149663,0.0936751858931828,439,286.0,1.0,0.5,False,visible,line-p2-000330,example-reviewer,accepted,,False,continuous,0,329,curve-p2-000330,reviewed_visible_observation,confirmed_continuous_curve
p2,1683.3116165730717,37.3231446101508,2.299599428514739,0.0936751858931828,440,286.5,1.5,0.5,False,visible,line-p2-000331,example-reviewer,accepted,,False,continuous,0,330,curve-p2-000331,reviewed_visible_observation,confirmed_continuous_curve
p2,1687.9108154301011,36.94844386657808,2.2995994285149663,0.0936751858931828,441,288.5,1.5,0.5,False,visible,line-p2-000332,example-reviewer,accepted,,False,continuous,0,331,curve-p2-000332,reviewed_visible_observation,confirmed_continuous_curve
p2,1692.5100142871308,36.573743123005364,2.299599428514739,0.0936751858931828,442,290.5,1.5,0.5,False,visible,line-p2-000333,example-reviewer,accepted,,False,continuous,0,332,curve-p2-000333,reviewed_visible_observation,confirmed_continuous_curve
p2,1697.1092131441603,36.199042379432655,2.299599428514739,0.0936751858931828,443,292.5,1.5,0.5,False,visible,line-p2-000334,example-reviewer,accepted,,False,continuous,0,333,curve-p2-000334,reviewed_visible_observation,confirmed_continuous_curve
p2,1701.70841200119,36.011692007646296,2.2995994285149663,0.0936751858931757,444,293.5,0.5,0.5,False,visible,line-p2-000335,example-reviewer,accepted,,False,continuous,0,334,curve-p2-000335,reviewed_visible_observation,confirmed_continuous_curve
p2,1706.3076108582195,36.10536719353947,2.2995994285149663,0.0936751858931828,445,293.0,1.0,0.5,False,visible,line-p2-000336,example-reviewer,accepted,,False,continuous,0,335,curve-p2-000336,reviewed_visible_observation,confirmed_continuous_curve
p2,1710.9068097152492,35.91801682175312,2.299599428514739,0.0936751858931828,446,294.0,2.0,0.5,False,visible,line-p2-000337,example-reviewer,accepted,,False,continuous,0,336,curve-p2-000337,reviewed_visible_observation,confirmed_continuous_curve
p2,1715.5060085722787,35.26229052050087,2.299599428514739,0.0936751858931828,447,297.5,3.5,0.5,False,visible,line-p2-000338,example-reviewer,accepted,,False,continuous,0,337,curve-p2-000338,reviewed_visible_observation,confirmed_continuous_curve
p2,1720.1052074293082,34.138188289782725,2.299599428514739,0.0936751858931828,448,303.5,6.5,0.5,False,visible,line-p2-000339,example-reviewer,accepted,,False,continuous,0,338,curve-p2-000339,reviewed_visible_observation,confirmed_continuous_curve
p2,1724.7044062863376,32.73306050138504,2.2995994285151937,0.0936751858931828,449,311.0,9.0,0.5,False,visible,line-p2-000340,example-reviewer,accepted,,False,continuous,0,339,curve-p2-000340,reviewed_visible_observation,confirmed_continuous_curve
p2,1729.3036051433676,31.51528308477372,2.299599428514739,0.0936751858931757,450,317.5,6.5,0.5,False,visible,line-p2-000341,example-reviewer,accepted,,False,continuous,0,340,curve-p2-000341,reviewed_visible_observation,confirmed_continuous_curve
p2,1733.902804000397,30.2975056681624,2.299599428514739,0.0936751858931828,451,324.0,3.0,0.5,False,visible,line-p2-000342,example-reviewer,accepted,,False,continuous,0,341,curve-p2-000342,reviewed_visible_observation,confirmed_continuous_curve
p2,1738.5020028574265,29.735454552803326,2.299599428514739,0.0936751858931828,452,327.0,2.0,0.5,False,visible,line-p2-000343,example-reviewer,accepted,,False,continuous,0,342,curve-p2-000343,reviewed_visible_observation,confirmed_continuous_curve
p2,1743.101201714456,29.267078623337433,2.2995994285151937,0.0936751858931828,453,329.5,1.5,0.5,False,visible,line-p2-000344,example-reviewer,accepted,,False,continuous,0,343,curve-p2-000344,reviewed_visible_observation,confirmed_continuous_curve
p2,1747.700400571486,28.79870269387154,2.299599428514739,0.0936751858931757,454,332.0,2.0,0.5,False,visible,line-p2-000345,example-reviewer,accepted,,False,continuous,0,344,curve-p2-000345,reviewed_visible_observation,confirmed_continuous_curve
p2,1752.2995994285154,28.236651578512472,2.299599428514739,0.0936751858931828,455,335.0,4.0,0.5,False,visible,line-p2-000346,example-reviewer,accepted,,False,continuous,0,345,curve-p2-000346,reviewed_visible_observation,confirmed_continuous_curve
p2,1756.898798285545,27.29989971958068,2.299599428514739,0.0936751858931828,456,340.0,5.0,0.5,False,visible,line-p2-000347,example-reviewer,accepted,,False,continuous,0,346,curve-p2-000347,reviewed_visible_observation,confirmed_continuous_curve
p2,1761.4979971425744,26.175797488862543,2.299599428514739,0.0936751858931757,457,346.0,6.0,0.5,False,visible,line-p2-000348,example-reviewer,accepted,,False,continuous,0,347,curve-p2-000348,reviewed_visible_observation,confirmed_continuous_curve
p2,1766.0971959996043,25.05169525814439,2.2995994285151937,0.0936751858931757,458,352.0,6.0,0.5,False,visible,line-p2-000349,example-reviewer,accepted,,False,continuous,0,348,curve-p2-000349,reviewed_visible_observation,confirmed_continuous_curve
p2,1770.6963948566338,25.332720815823933,2.299599428514739,0.0936751858931757,459,350.5,7.5,0.5,False,visible,line-p2-000350,example-reviewer,accepted,,False,continuous,0,349,curve-p2-000350,reviewed_visible_observation,confirmed_continuous_curve
p2,1775.2955937136633,26.925198976007962,2.299599428514739,0.0936751858931828,460,342.0,11.0,0.5,False,visible,line-p2-000351,example-reviewer,accepted,,False,continuous,0,350,curve-p2-000351,reviewed_visible_observation,confirmed_continuous_curve
p2,1779.8947925706927,28.892377879764716,2.299599428514739,0.0936751858931828,461,331.5,10.5,0.5,False,visible,line-p2-000352,example-reviewer,accepted,,False,continuous,0,351,curve-p2-000352,reviewed_visible_observation,confirmed_continuous_curve
p2,1784.4939914277222,30.85955678352147,2.2995994285151937,0.0936751858931828,462,321.0,9.0,0.5,False,visible,line-p2-000353,example-reviewer,accepted,,False,continuous,0,352,curve-p2-000353,reviewed_visible_observation,confirmed_continuous_curve
p2,1789.0931902847522,32.26468457191915,2.299599428514739,0.0936751858931828,463,313.5,6.5,0.5,False,visible,line-p2-000354,example-reviewer,accepted,,False,continuous,0,353,curve-p2-000354,reviewed_visible_observation,confirmed_continuous_curve
p2,1793.6923891417816,33.482461988530474,2.299599428514739,0.0936751858931828,464,307.0,4.0,0.5,False,visible,line-p2-000355,example-reviewer,accepted,,False,continuous,0,354,curve-p2-000355,reviewed_visible_observation,confirmed_continuous_curve
p2,1798.291587998811,34.138188289782725,2.299599428514739,0.0936751858931828,465,303.5,2.5,0.5,False,visible,line-p2-000356,example-reviewer,accepted,,False,continuous,0,355,curve-p2-000356,reviewed_visible_observation,confirmed_continuous_curve
p2,1802.8907868558406,34.512889033355435,2.2995994285151937,0.0936751858931828,466,301.5,0.5,0.5,False,visible,line-p2-000357,example-reviewer,accepted,,False,continuous,0,356,curve-p2-000357,reviewed_visible_observation,confirmed_continuous_curve
p2,1807.4899857128705,34.41921384746226,2.299599428514739,0.0936751858931828,467,302.0,1.0,0.5,False,visible,line-p2-000358,example-reviewer,accepted,,False,continuous,0,357,curve-p2-000358,reviewed_visible_observation,confirmed_continuous_curve
p2,1812.0891845699,34.512889033355435,2.299599428514739,0.0936751858931828,468,301.5,1.5,0.5,False,visible,line-p2-000359,example-reviewer,accepted,,False,continuous,0,358,curve-p2-000359,reviewed_visible_observation,confirmed_continuous_curve
p2,1816.6883834269295,34.88758977692815,2.299599428514739,0.0936751858931757,469,299.5,1.5,0.5,False,visible,line-p2-000360,example-reviewer,accepted,,False,continuous,0,359,curve-p2-000360,reviewed_visible_observation,confirmed_continuous_curve
p2,1821.287582283959,35.5433160781804,2.299599428514739,0.0936751858931828,470,296.0,4.0,0.5,False,visible,line-p2-000361,example-reviewer,accepted,,False,continuous,0,360,curve-p2-000361,reviewed_visible_observation,confirmed_continuous_curve
p2,1825.886781140989,36.76109349479172,2.2995994285151937,0.0936751858931828,471,289.5,7.5,0.5,False,visible,line-p2-000362,example-reviewer,accepted,,False,continuous,0,361,curve-p2-000362,reviewed_visible_observation,confirmed_continuous_curve
p2,1830.4859799980184,48.09579098786634,2.299599428514739,0.0936751858931828,472,229.0,47.5,0.5,False,visible,line-p2-000363,example-reviewer,accepted,,False,continuous,0,362,curve-p2-000363,reviewed_visible_observation,confirmed_continuous_curve
p2,1835.0851788550478,48.93886766090495,2.299599428514739,0.0936751858931757,473,224.5,43.5,0.5,False,visible,line-p2-000364,example-reviewer,accepted,,False,continuous,0,363,curve-p2-000364,reviewed_visible_observation,confirmed_continuous_curve
p2,1839.6843777120773,45.566560968750515,2.299599428514739,0.0936751858931828,474,242.5,35.5,0.5,False,visible,line-p2-000365,example-reviewer,accepted,,False,continuous,0,364,curve-p2-000365,reviewed_visible_observation,confirmed_continuous_curve
p2,1844.2835765691068,40.03972500105298,2.2995994285151937,0.0936751858931828,475,272.0,5.0,0.5,False,visible,line-p2-000366,example-reviewer,accepted,,False,continuous,0,365,curve-p2-000366,reviewed_visible_observation,confirmed_continuous_curve
p2,1848.8827754261367,52.030148795379844,2.299599428514739,0.0936751858931828,476,208.0,54.5,0.5,False,visible,line-p2-000367,example-reviewer,accepted,,False,continuous,0,366,curve-p2-000367,reviewed_visible_observation,confirmed_continuous_curve
p2,1853.4819742831662,52.77955028252527,2.299599428514739,0.0936751858931757,477,204.0,53.5,0.5,False,visible,line-p2-000368,example-reviewer,accepted,,False,continuous,0,367,curve-p2-000368,reviewed_visible_observation,confirmed_continuous_curve
p2,1858.0811731401957,51.65544805180713,2.299599428514739,0.0936751858931828,478,210.0,60.5,0.5,False,visible,line-p2-000369,example-reviewer,accepted,,False,continuous,0,368,curve-p2-000369,reviewed_visible_observation,confirmed_continuous_curve
p2,1862.6803719972252,40.60177611641205,2.2995994285151937,0.0936751858931828,479,269.0,14.0,0.5,False,visible,line-p2-000370,example-reviewer,accepted,,False,continuous,0,369,curve-p2-000370,reviewed_visible_observation,confirmed_continuous_curve
p2,1867.279570854255,37.97887091140305,2.299599428514739,0.0936751858931828,480,283.0,1.0,0.5,False,visible,line-p2-000371,example-reviewer,accepted,,False,continuous,0,370,curve-p2-000371,reviewed_visible_observation,confirmed_continuous_curve
p2,1871.8787697112846,37.79152053961669,2.299599428514739,0.0936751858931828,481,284.0,1.0,0.5,False,visible,line-p2-000372,example-reviewer,accepted,,False,continuous,0,371,curve-p2-000372,reviewed_visible_observation,confirmed_continuous_curve
p2,1876.477968568314,37.69784535372351,2.299599428514739,0.0936751858931828,482,284.5,0.5,0.5,False,visible,line-p2-000373,example-reviewer,accepted,,False,continuous,0,372,curve-p2-000373,reviewed_visible_observation,confirmed_continuous_curve
p2,1881.0771674253435,37.3231446101508,2.299599428514739,0.0936751858931828,483,286.5,2.5,0.5,False,visible,line-p2-000374,example-reviewer,accepted,,False,continuous,0,373,curve-p2-000374,reviewed_visible_observation,confirmed_continuous_curve
p2,1885.6763662823735,36.854768680684906,2.2995994285151937,0.0936751858931828,484,289.0,3.0,0.5,False,visible,line-p2-000375,example-reviewer,accepted,,False,continuous,0,374,curve-p2-000375,reviewed_visible_observation,confirmed_continuous_curve
p2,1890.275565139403,36.573743123005364,2.299599428514739,0.0936751858931828,485,290.5,1.5,0.5,False,visible,line-p2-000376,example-reviewer,accepted,,False,continuous,0,375,curve-p2-000376,reviewed_visible_observation,confirmed_continuous_curve
p2,1894.8747639964324,36.94844386657808,2.299599428514739,0.0936751858931828,486,288.5,2.5,0.5,False,visible,line-p2-000377,example-reviewer,accepted,,False,continuous,0,376,curve-p2-000377,reviewed_visible_observation,confirmed_continuous_curve
p2,1899.473962853462,37.3231446101508,2.299599428514739,0.0936751858931828,487,286.5,1.5,0.5,False,visible,line-p2-000378,example-reviewer,accepted,,False,continuous,0,377,curve-p2-000378,reviewed_visible_observation,confirmed_continuous_curve
p2,1904.0731617104914,37.3231446101508,2.2995994285151937,0.0936751858931828,488,286.5,0.5,0.5,False,visible,line-p2-000379,example-reviewer,accepted,,False,continuous,0,378,curve-p2-000379,reviewed_visible_observation,confirmed_continuous_curve
p2,1908.6723605675213,37.229469424257616,2.299599428514739,0.0936751858931828,489,287.0,1.0,0.5,False,visible,line-p2-000380,example-reviewer,accepted,,False,continuous,0,379,curve-p2-000380,reviewed_visible_observation,confirmed_continuous_curve
p2,1913.2715594245508,37.13579423836444,2.299599428514739,0.0936751858931757,490,287.5,0.5,0.5,False,visible,line-p2-000381,example-reviewer,accepted,,False,continuous,0,380,curve-p2-000381,reviewed_visible_observation,confirmed_continuous_curve
p2,1917.8707582815803,37.042119052471264,2.299599428514739,0.0936751858931828,491,288.0,1.0,0.5,False,visible,line-p2-000382,example-reviewer,accepted,,False,continuous,0,381,curve-p2-000382,reviewed_visible_observation,confirmed_continuous_curve
p2,1922.4699571386097,36.854768680684906,2.2995994285151937,0.0936751858931828,492,289.0,2.0,0.5,False,visible,line-p2-000383,example-reviewer,accepted,,False,continuous,0,382,curve-p2-000383,reviewed_visible_observation,confirmed_continuous_curve
p2,1927.0691559956397,36.29271756532583,2.299599428514739,0.0936751858931828,493,292.0,2.0,0.5,False,visible,line-p2-000384,example-reviewer,accepted,,False,continuous,0,383,curve-p2-000384,reviewed_visible_observation,confirmed_continuous_curve
p2,1931.6683548526692,36.011692007646296,2.299599428514739,0.0936751858931757,494,293.5,1.5,0.5,False,visible,line-p2-000385,example-reviewer,accepted,,False,continuous,0,384,curve-p2-000385,reviewed_visible_observation,confirmed_continuous_curve
p2,1936.2675537096986,35.5433160781804,2.299599428514739,0.0936751858931828,495,296.0,2.0,0.5,False,visible,line-p2-000386,example-reviewer,accepted,,False,continuous,0,385,curve-p2-000386,reviewed_visible_observation,confirmed_continuous_curve
p2,1940.866752566728,34.79391459103498,2.299599428514739,0.0936751858931828,496,300.0,4.0,0.5,False,visible,line-p2-000387,example-reviewer,accepted,,False,continuous,0,386,curve-p2-000387,reviewed_visible_observation,confirmed_continuous_curve
p2,1945.465951423758,33.95083791799637,2.2995994285151937,0.0936751858931828,497,304.5,5.5,0.5,False,visible,line-p2-000388,example-reviewer,accepted,,False,continuous,0,387,curve-p2-000388,reviewed_visible_observation,confirmed_continuous_curve
p2,1950.0651502807875,33.295111616744116,2.299599428514739,0.0936751858931757,498,308.0,3.0,0.5,False,visible,line-p2-000389,example-reviewer,accepted,,False,continuous,0,388,curve-p2-000389,reviewed_visible_observation,confirmed_continuous_curve
p2,1954.664349137817,32.73306050138504,2.299599428514739,0.0936751858931828,499,311.0,1.0,0.5,False,visible,line-p2-000390,example-reviewer,accepted,,False,continuous,0,389,curve-p2-000390,reviewed_visible_observation,confirmed_continuous_curve
p2,1959.2635479948465,32.35835975781233,2.299599428514739,0.0936751858931828,500,313.0,2.0,0.5,False,visible,line-p2-000391,example-reviewer,accepted,,False,continuous,0,390,curve-p2-000391,reviewed_visible_observation,confirmed_continuous_curve
p2,1963.862746851876,31.796308642453255,2.2995994285151937,0.0936751858931828,501,316.0,4.0,0.5,False,visible,line-p2-000392,example-reviewer,accepted,,False,continuous,0,391,curve-p2-000392,reviewed_visible_observation,confirmed_continuous_curve
p2,1968.461945708906,30.85955678352147,2.299599428514739,0.0936751858931828,502,321.0,5.0,0.5,False,visible,line-p2-000393,example-reviewer,accepted,,False,continuous,0,392,curve-p2-000393,reviewed_visible_observation,confirmed_continuous_curve
p2,1973.0611445659354,29.922804924589684,2.299599428514739,0.0936751858931757,503,326.0,5.0,0.5,False,visible,line-p2-000394,example-reviewer,accepted,,False,continuous,0,393,curve-p2-000394,reviewed_visible_observation,confirmed_continuous_curve
p2,1977.6603434229648,29.079728251551074,2.299599428514739,0.0936751858931828,504,330.5,3.5,0.5,False,visible,line-p2-000395,example-reviewer,accepted,,False,continuous,0,394,curve-p2-000395,reviewed_visible_observation,confirmed_continuous_curve
p2,1982.2595422799943,28.517677136192006,2.2995994285151937,0.0936751858931828,505,333.5,1.5,0.5,False,visible,line-p2-000396,example-reviewer,accepted,,False,continuous,0,395,curve-p2-000396,reviewed_visible_observation,confirmed_continuous_curve
p2,1986.8587411370243,28.330326764405648,2.299599428514739,0.0936751858931757,506,334.5,1.5,0.5,False,visible,line-p2-000397,example-reviewer,accepted,,False,continuous,0,396,curve-p2-000397,reviewed_visible_observation,confirmed_continuous_curve
p2,1991.4579399940537,28.892377879764716,2.299599428514739,0.0936751858931828,507,331.5,4.5,0.5,False,visible,line-p2-000398,example-reviewer,accepted,,False,continuous,0,397,curve-p2-000398,reviewed_visible_observation,confirmed_continuous_curve
p2,1996.0571388510832,29.82912973869651,2.299599428514739,0.0936751858931828,508,326.5,5.5,0.5,False,visible,line-p2-000399,example-reviewer,accepted,,False,continuous,0,398,curve-p2-000399,reviewed_visible_observation,confirmed_continuous_curve
p2,2000.6563377081127,30.85955678352147,2.299599428514739,0.0936751858931828,509,321.0,5.0,0.5,False,visible,line-p2-000400,example-reviewer,accepted,,False,continuous,0,399,curve-p2-000400,reviewed_visible_observation,confirmed_continuous_curve
p2,2005.2555365651426,31.889983828346438,2.2995994285151937,0.0936751858931828,510,315.5,4.5,0.5,False,visible,line-p2-000401,example-reviewer,accepted,,False,continuous,0,400,curve-p2-000401,reviewed_visible_observation,confirmed_continuous_curve
p2,2009.854735422172,33.01408605906458,2.299599428514739,0.0936751858931828,511,309.5,5.5,0.5,False,visible,line-p2-000402,example-reviewer,accepted,,False,continuous,0,401,curve-p2-000402,reviewed_visible_observation,confirmed_continuous_curve
p2,2014.4539342792016,34.04451310388954,2.299599428514739,0.0936751858931828,512,304.0,6.0,0.5,False,visible,line-p2-000403,example-reviewer,accepted,,False,continuous,0,402,curve-p2-000403,reviewed_visible_observation,confirmed_continuous_curve
p2,2019.053133136231,34.88758977692815,2.299599428514739,0.0936751858931757,513,299.5,3.5,0.5,False,visible,line-p2-000404,example-reviewer,accepted,,False,continuous,0,403,curve-p2-000404,reviewed_visible_observation,confirmed_continuous_curve
p2,2023.6523319932605,35.5433160781804,2.2995994285151937,0.0936751858931828,514,296.0,1.0,0.5,False,visible,line-p2-000405,example-reviewer,accepted,,False,continuous,0,404,curve-p2-000405,reviewed_visible_observation,confirmed_continuous_curve
p2,2028.2515308502905,35.5433160781804,2.299599428514739,0.0936751858931828,515,296.0,2.0,0.5,False,visible,line-p2-000406,example-reviewer,accepted,,False,continuous,0,405,curve-p2-000406,reviewed_visible_observation,confirmed_continuous_curve
p2,2032.85072970732,35.07494014871451,2.299599428514739,0.0936751858931828,516,298.5,4.5,0.5,False,visible,line-p2-000407,example-reviewer,accepted,,False,continuous,0,406,curve-p2-000407,reviewed_visible_observation,confirmed_continuous_curve
p2,2037.4499285643494,34.04451310388954,2.299599428514739,0.0936751858931828,517,304.0,5.0,0.5,False,visible,line-p2-000408,example-reviewer,accepted,,False,continuous,0,407,curve-p2-000408,reviewed_visible_observation,confirmed_continuous_curve
p2,2042.049127421379,33.10776124495776,2.299599428514739,0.0936751858931828,518,309.0,5.0,0.5,False,visible,line-p2-000409,example-reviewer,accepted,,False,continuous,0,408,curve-p2-000409,reviewed_visible_observation,confirmed_continuous_curve
p2,2046.6483262784088,32.17100938602597,2.2995994285151937,0.0936751858931757,519,314.0,4.0,0.5,False,visible,line-p2-000410,example-reviewer,accepted,,False,continuous,0,409,curve-p2-000410,reviewed_visible_observation,confirmed_continuous_curve
p2,2051.247525135438,31.327932712987362,2.299599428514739,0.0936751858931828,520,318.5,3.5,0.5,False,visible,line-p2-000411,example-reviewer,accepted,,False,continuous,0,410,curve-p2-000411,reviewed_visible_observation,confirmed_continuous_curve
p2,2055.8467239924676,30.48485603994876,2.299599428514739,0.0936751858931828,521,323.0,4.0,0.5,False,visible,line-p2-000412,example-reviewer,accepted,,False,continuous,0,411,curve-p2-000412,reviewed_visible_observation,confirmed_continuous_curve
p2,2060.445922849497,29.079728251551074,2.299599428514739,0.0936751858931828,522,330.5,7.5,0.5,False,visible,line-p2-000413,example-reviewer,accepted,,False,continuous,0,412,curve-p2-000413,reviewed_visible_observation,confirmed_continuous_curve
p2,2065.0451217065274,27.487250091367038,2.2995994285156485,0.0936751858931828,523,339.0,11.0,0.5,False,visible,line-p2-000414,example-reviewer,accepted,,False,continuous,0,413,curve-p2-000414,reviewed_visible_observation,confirmed_continuous_curve
p2,2069.644320563557,24.5833193286785,2.299599428514739,0.0936751858931757,524,354.5,15.5,0.5,False,visible,line-p2-000415,example-reviewer,accepted,,False,continuous,0,414,curve-p2-000415,reviewed_visible_observation,confirmed_continuous_curve
p2,2074.2435194205864,21.679388565989967,2.299599428514739,0.0936751858931757,525,370.0,19.0,0.5,False,visible,line-p2-000416,example-reviewer,accepted,,False,continuous,0,415,curve-p2-000416,reviewed_visible_observation,confirmed_continuous_curve
p2,2078.842718277616,19.150158546874138,2.299599428514739,0.0936751858931757,526,383.5,12.5,0.5,False,visible,line-p2-000417,example-reviewer,accepted,,False,continuous,0,416,curve-p2-000417,reviewed_visible_observation,confirmed_continuous_curve
p2,2083.4419171346453,17.089304457224216,2.299599428514739,0.0936751858931899,527,394.5,4.5,0.5,False,visible,line-p2-000418,example-reviewer,accepted,,False,continuous,0,417,curve-p2-000418,reviewed_visible_observation,confirmed_continuous_curve
p2,2088.041115991675,17.089304457224216,2.299599428514739,0.0936751858931899,528,394.5,7.5,0.5,False,visible,line-p2-000419,example-reviewer,accepted,,False,continuous,0,418,curve-p2-000419,reviewed_visible_observation,confirmed_continuous_curve
p2,2092.6403148487043,19.056483360980963,2.299599428514739,0.0936751858931757,529,384.0,17.0,0.5,False,visible,line-p2-000420,example-reviewer,accepted,,False,continuous,0,419,curve-p2-000420,reviewed_visible_observation,confirmed_continuous_curve
p2,2097.2395137057338,21.58571338009679,2.299599428514739,0.0936751858931899,530,370.5,15.5,0.5,False,visible,line-p2-000421,example-reviewer,accepted,,False,continuous,0,420,curve-p2-000421,reviewed_visible_observation,confirmed_continuous_curve
p2,2101.8387125627632,23.552892283853538,2.299599428514739,0.0936751858931757,531,360.0,6.0,0.5,False,visible,line-p2-000422,example-reviewer,accepted,,False,continuous,0,421,curve-p2-000422,reviewed_visible_observation,confirmed_continuous_curve
p2,2106.4379114197936,24.676994514571675,2.2995994285156485,0.0936751858931899,532,354.0,1.0,0.5,False,visible,line-p2-000423,example-reviewer,accepted,,False,continuous,0,422,curve-p2-000423,reviewed_visible_observation,confirmed_continuous_curve
p2,2111.037110276823,24.676994514571675,2.299599428514739,0.0936751858931899,533,354.0,1.0,0.5,False,visible,line-p2-000424,example-reviewer,accepted,,False,continuous,0,423,curve-p2-000424,reviewed_visible_observation,confirmed_continuous_curve
p2,2115.6363091338526,24.489644142785323,2.299599428514739,0.0936751858931757,534,355.0,1.0,0.5,False,visible,line-p2-000425,example-reviewer,accepted,,False,continuous,0,424,curve-p2-000425,reviewed_visible_observation,confirmed_continuous_curve
p2,2120.235507990882,24.5833193286785,2.299599428514739,0.0936751858931757,535,354.5,1.5,0.5,False,visible,line-p2-000426,example-reviewer,accepted,,False,continuous,0,425,curve-p2-000426,reviewed_visible_observation,confirmed_continuous_curve
p2,2124.8347068479115,24.958020072251216,2.299599428514739,0.0936751858931757,536,352.5,1.5,0.5,False,visible,line-p2-000427,example-reviewer,accepted,,False,continuous,0,426,curve-p2-000427,reviewed_visible_observation,confirmed_continuous_curve
p2,2129.433905704941,25.332720815823933,2.299599428514739,0.0936751858931757,537,350.5,1.5,0.5,False,visible,line-p2-000428,example-reviewer,accepted,,False,continuous,0,427,curve-p2-000428,reviewed_visible_observation,confirmed_continuous_curve
p2,2134.0331045619705,25.61374637350346,2.299599428514739,0.0936751858931899,538,349.0,1.0,0.5,False,visible,line-p2-000429,example-reviewer,accepted,,False,continuous,0,428,curve-p2-000429,reviewed_visible_observation,confirmed_continuous_curve
p2,2138.632303419,25.70742155939665,2.299599428514739,0.0936751858931899,539,348.5,0.5,0.5,False,visible,line-p2-000430,example-reviewer,accepted,,False,continuous,0,429,curve-p2-000430,reviewed_visible_observation,confirmed_continuous_curve
p2,2143.2315022760295,25.520071187610284,2.2995994285156485,0.0936751858931757,540,349.5,1.5,0.5,False,visible,line-p2-000431,example-reviewer,accepted,,False,continuous,0,430,curve-p2-000431,reviewed_visible_observation,confirmed_continuous_curve
p2,2147.83070113306,24.208618585105782,2.299599428514739,0.0936751858931899,541,356.5,6.5,0.5,False,visible,line-p2-000432,example-reviewer,accepted,,False,continuous,0,431,curve-p2-000432,reviewed_visible_observation,confirmed_continuous_curve
p2,2152.4298999900893,22.99084116849447,2.299599428514739,0.0936751858931899,542,363.0,14.5,0.5,False,visible,line-p2-000433,example-reviewer,accepted,,False,continuous,0,432,curve-p2-000433,reviewed_visible_observation,confirmed_continuous_curve
p2,2157.029098847119,19.712209662233207,2.299599428514739,0.0936751858931899,543,380.5,14.0,0.5,False,visible,line-p2-000434,example-reviewer,accepted,,False,continuous,0,433,curve-p2-000434,reviewed_visible_observation,confirmed_continuous_curve
p2,2161.6282977041483,18.40075705972872,2.299599428514739,0.0936751858931899,544,387.5,5.5,0.5,False,visible,line-p2-000435,example-reviewer,accepted,,False,continuous,0,434,curve-p2-000435,reviewed_visible_observation,confirmed_continuous_curve
p2,2166.2274965611778,17.74503075847646,2.299599428514739,0.0936751858931757,545,391.0,2.0,0.5,False,visible,line-p2-000436,example-reviewer,accepted,,False,continuous,0,435,curve-p2-000436,reviewed_visible_observation,confirmed_continuous_curve
p2,2170.8266954182072,20.742636707058182,2.299599428514739,0.0936751858931757,546,375.0,14.0,0.5,False,visible,line-p2-000437,example-reviewer,accepted,,False,continuous,0,436,curve-p2-000437,reviewed_visible_observation,confirmed_continuous_curve
p2,2175.4258942752367,22.33511486724221,2.299599428514739,0.0936751858931757,547,366.5,19.5,0.5,False,visible,line-p2-000438,example-reviewer,accepted,,False,continuous,0,437,curve-p2-000438,reviewed_visible_observation,confirmed_continuous_curve
p2,2180.025093132266,24.86434488635804,2.299599428514739,0.0936751858931757,548,353.0,12.0,0.5,False,visible,line-p2-000439,example-reviewer,accepted,,False,continuous,0,438,curve-p2-000439,reviewed_visible_observation,confirmed_continuous_curve
p2,2184.6242919892966,27.29989971958068,2.2995994285156485,0.0936751858931828,549,340.0,6.0,0.5,False,visible,line-p2-000440,example-reviewer,accepted,,False,continuous,0,439,curve-p2-000440,reviewed_visible_observation,confirmed_continuous_curve
p2,2189.223490846326,29.45442899512379,2.299599428514739,0.0936751858931757,550,328.5,11.5,0.5,False,visible,line-p2-000441,example-reviewer,accepted,,False,continuous,0,440,curve-p2-000441,reviewed_visible_observation,confirmed_continuous_curve
p2,2193.8226897033555,31.796308642453255,2.299599428514739,0.0936751858931828,551,316.0,17.0,0.5,False,visible,line-p2-000442,example-reviewer,accepted,,False,continuous,0,441,curve-p2-000442,reviewed_visible_observation,confirmed_continuous_curve
p2,2198.421888560385,33.857162732103184,2.299599428514739,0.0936751858931828,552,305.0,11.0,0.5,False,visible,line-p2-000443,example-reviewer,accepted,,False,continuous,0,442,curve-p2-000443,reviewed_visible_observation,confirmed_continuous_curve
p2,2203.0210874174145,34.88758977692815,2.299599428514739,0.0936751858931757,553,299.5,4.5,0.5,False,visible,line-p2-000444,example-reviewer,accepted,,False,continuous,0,443,curve-p2-000444,reviewed_visible_observation,confirmed_continuous_curve
p2,2207.620286274444,34.04451310388954,2.299599428514739,0.0936751858931828,554,304.0,4.0,0.5,False,visible,line-p2-000445,example-reviewer,accepted,,False,continuous,0,444,curve-p2-000445,reviewed_visible_observation,confirmed_continuous_curve
p2,2212.2194851314734,33.295111616744116,2.299599428514739,0.0936751858931757,555,308.0,3.0,0.5,False,visible,line-p2-000446,example-reviewer,accepted,,False,continuous,0,445,curve-p2-000446,reviewed_visible_observation,confirmed_continuous_curve
p2,2216.818683988503,32.639385315491865,2.299599428514739,0.0936751858931757,556,311.5,2.5,0.5,False,visible,line-p2-000447,example-reviewer,accepted,,False,continuous,0,446,curve-p2-000447,reviewed_visible_observation,confirmed_continuous_curve
p2,2221.4178828455324,32.54571012959869,2.299599428514739,0.0936751858931828,557,312.0,2.0,0.5,False,visible,line-p2-000448,example-reviewer,accepted,,False,continuous,0,447,curve-p2-000448,reviewed_visible_observation,confirmed_continuous_curve
p2,2226.017081702563,33.01408605906458,2.2995994285156485,0.0936751858931828,558,309.5,2.5,0.5,False,visible,line-p2-000449,example-reviewer,accepted,,False,continuous,0,448,curve-p2-000449,reviewed_visible_observation,confirmed_continuous_curve
p2,2230.6162805595923,33.10776124495776,2.299599428514739,0.0936751858931828,559,309.0,2.0,0.5,False,visible,line-p2-000450,example-reviewer,accepted,,False,continuous,0,449,curve-p2-000450,reviewed_visible_observation,confirmed_continuous_curve
p2,2235.2154794166217,32.73306050138504,2.299599428514739,0.0936751858931828,560,311.0,3.0,0.5,False,visible,line-p2-000451,example-reviewer,accepted,,False,continuous,0,450,curve-p2-000451,reviewed_visible_observation,confirmed_continuous_curve
p2,2239.814678273651,32.26468457191915,2.299599428514739,0.0936751858931828,561,313.5,1.5,0.5,False,visible,line-p2-000452,example-reviewer,accepted,,False,continuous,0,451,curve-p2-000452,reviewed_visible_observation,confirmed_continuous_curve
p2,2244.4138771306807,32.452034943705506,2.299599428514739,0.0936751858931828,562,312.5,1.5,0.5,False,visible,line-p2-000453,example-reviewer,accepted,,False,continuous,0,452,curve-p2-000453,reviewed_visible_observation,confirmed_continuous_curve
p2,2249.01307598771,32.26468457191915,2.299599428514739,0.0936751858931828,563,313.5,3.5,0.5,False,visible,line-p2-000454,example-reviewer,accepted,,False,continuous,0,453,curve-p2-000454,reviewed_visible_observation,confirmed_continuous_curve
p2,2253.6122748447397,31.51528308477372,2.299599428514739,0.0936751858931757,564,317.5,7.5,0.5,False,visible,line-p2-000455,example-reviewer,accepted,,False,continuous,0,454,curve-p2-000455,reviewed_visible_observation,confirmed_continuous_curve
p2,2258.211473701769,30.2975056681624,2.299599428514739,0.0936751858931828,565,324.0,6.0,0.5,False,visible,line-p2-000456,example-reviewer,accepted,,False,continuous,0,455,curve-p2-000456,reviewed_visible_observation,confirmed_continuous_curve
p2,2262.8106725587986,29.079728251551074,2.2995994285156485,0.0936751858931828,566,330.5,4.5,0.5,False,visible,line-p2-000457,example-reviewer,accepted,,False,continuous,0,456,curve-p2-000457,reviewed_visible_observation,confirmed_continuous_curve
p2,2267.409871415829,27.95562602083293,2.299599428514739,0.0936751858931828,567,336.5,5.5,0.5,False,visible,line-p2-000458,example-reviewer,accepted,,False,continuous,0,457,curve-p2-000458,reviewed_visible_observation,confirmed_continuous_curve
p2,2272.0090702728585,26.73784860422161,2.299599428514739,0.0936751858931757,568,343.0,7.0,0.5,False,visible,line-p2-000459,example-reviewer,accepted,,False,continuous,0,458,curve-p2-000459,reviewed_visible_observation,confirmed_continuous_curve
p2,2276.608269129888,25.61374637350346,2.299599428514739,0.0936751858931899,569,349.0,6.0,0.5,False,visible,line-p2-000460,example-reviewer,accepted,,False,continuous,0,459,curve-p2-000460,reviewed_visible_observation,confirmed_continuous_curve
p2,2281.2074679869174,24.770669700464865,2.299599428514739,0.0936751858931899,570,353.5,2.5,0.5,False,visible,line-p2-000461,example-reviewer,accepted,,False,continuous,0,460,curve-p2-000461,reviewed_visible_observation,confirmed_continuous_curve
p2,2285.806666843947,24.395968956892148,2.299599428514739,0.0936751858931757,571,355.5,0.5,0.5,False,visible,line-p2-000462,example-reviewer,accepted,,False,continuous,0,461,curve-p2-000462,reviewed_visible_observation,confirmed_continuous_curve
p2,2290.4058657009764,24.5833193286785,2.299599428514739,0.0936751858931757,572,354.5,1.5,0.5,False,visible,line-p2-000463,example-reviewer,accepted,,False,continuous,0,462,curve-p2-000463,reviewed_visible_observation,confirmed_continuous_curve
p2,2295.005064558006,24.958020072251216,2.299599428514739,0.0936751858931757,573,352.5,1.5,0.5,False,visible,line-p2-000464,example-reviewer,accepted,,False,continuous,0,463,curve-p2-000464,reviewed_visible_observation,confirmed_continuous_curve
p2,2299.6042634150353,25.239045629930757,2.299599428514739,0.0936751858931899,574,351.0,1.0,0.5,False,visible,line-p2-000465,example-reviewer,accepted,,False,continuous,0,464,curve-p2-000465,reviewed_visible_observation,confirmed_continuous_curve
p2,2304.2034622720657,25.42639600171711,2.2995994285156485,0.0936751858931757,575,350.0,1.0,0.5,False,visible,line-p2-000466,example-reviewer,accepted,,False,continuous,0,465,curve-p2-000466,reviewed_visible_observation,confirmed_continuous_curve
p2,2308.802661129095,25.894771931183,2.299599428514739,0.0936751858931757,576,347.5,2.5,0.5,False,visible,line-p2-000467,example-reviewer,accepted,,False,continuous,0,466,curve-p2-000467,reviewed_visible_observation,confirmed_continuous_curve
p2,2313.4018599861247,26.55049823243526,2.299599428514739,0.0936751858931899,577,344.0,4.0,0.5,False,visible,line-p2-000468,example-reviewer,accepted,,False,continuous,0,467,curve-p2-000468,reviewed_visible_observation,confirmed_continuous_curve
p2,2318.001058843154,27.206224533687504,2.299599428514739,0.0936751858931757,578,340.5,3.5,0.5,False,visible,line-p2-000469,example-reviewer,accepted,,False,continuous,0,468,curve-p2-000469,reviewed_visible_observation,confirmed_continuous_curve
p2,2322.6002577001836,27.018874161901145,2.299599428514739,0.0936751858931828,579,341.5,4.5,0.5,False,visible,line-p2-000470,example-reviewer,accepted,,False,continuous,0,469,curve-p2-000470,reviewed_visible_observation,confirmed_continuous_curve
p2,2327.199456557213,25.988447117076177,2.299599428514739,0.0936751858931899,580,347.0,5.0,0.5,False,visible,line-p2-000471,example-reviewer,accepted,,False,continuous,0,470,curve-p2-000471,reviewed_visible_observation,confirmed_continuous_curve
p2,2331.7986554142426,24.86434488635804,2.299599428514739,0.0936751858931757,581,353.0,6.0,0.5,False,visible,line-p2-000472,example-reviewer,accepted,,False,continuous,0,471,curve-p2-000472,reviewed_visible_observation,confirmed_continuous_curve
p2,2336.397854271272,23.74024265563989,2.299599428514739,0.0936751858931899,582,359.0,6.0,0.5,False,visible,line-p2-000473,example-reviewer,accepted,,False,continuous,0,472,curve-p2-000473,reviewed_visible_observation,confirmed_continuous_curve
p2,2340.9970531283016,22.616140424921753,2.299599428514739,0.0936751858931757,583,365.0,5.0,0.5,False,visible,line-p2-000474,example-reviewer,accepted,,False,continuous,0,473,curve-p2-000474,reviewed_visible_observation,confirmed_continuous_curve
p2,2345.596251985332,21.58571338009679,2.2995994285156485,0.0936751858931899,584,370.5,4.5,0.5,False,visible,line-p2-000475,example-reviewer,accepted,,False,continuous,0,474,curve-p2-000475,reviewed_visible_observation,confirmed_continuous_curve
p2,2350.1954508423614,20.929987078844533,2.299599428514739,0.0936751858931757,585,374.0,3.0,0.5,False,visible,line-p2-000476,example-reviewer,accepted,,False,continuous,0,475,curve-p2-000476,reviewed_visible_observation,confirmed_continuous_curve
p2,2354.794649699391,20.27426077759229,2.299599428514739,0.0936751858931899,586,377.5,1.5,0.5,False,visible,line-p2-000477,example-reviewer,accepted,,False,continuous,0,476,curve-p2-000477,reviewed_visible_observation,confirmed_continuous_curve
p2,2359.3938485564204,20.086910405805924,2.299599428514739,0.0936751858931757,587,378.5,1.5,0.5,False,visible,line-p2-000478,example-reviewer,accepted,,False,continuous,0,477,curve-p2-000478,reviewed_visible_observation,confirmed_continuous_curve
p2,2363.99304741345,20.46161114937864,2.299599428514739,0.0936751858931757,588,376.5,2.5,0.5,False,visible,line-p2-000479,example-reviewer,accepted,,False,continuous,0,478,curve-p2-000479,reviewed_visible_observation,confirmed_continuous_curve
p2,2368.5922462704793,21.398363008310426,2.299599428514739,0.0936751858931757,589,371.5,4.5,0.5,False,visible,line-p2-000480,example-reviewer,accepted,,False,continuous,0,479,curve-p2-000480,reviewed_visible_observation,confirmed_continuous_curve
p2,2373.191445127509,22.522465239028577,2.299599428514739,0.0936751858931899,590,365.5,7.5,0.5,False,visible,line-p2-000481,example-reviewer,accepted,,False,continuous,0,480,curve-p2-000481,reviewed_visible_observation,confirmed_continuous_curve
p2,2377.7906439845383,24.114943399212606,2.299599428514739,0.0936751858931757,591,357.0,9.0,0.5,False,visible,line-p2-000482,example-reviewer,accepted,,False,continuous,0,481,curve-p2-000482,reviewed_visible_observation,confirmed_continuous_curve
p2,2382.3898428415678,25.801096745289826,2.2995994285156485,0.0936751858931757,592,348.0,9.0,0.5,False,visible,line-p2-000483,example-reviewer,accepted,,False,continuous,0,482,curve-p2-000483,reviewed_visible_observation,confirmed_continuous_curve
p2,2386.989041698598,27.29989971958068,2.299599428514739,0.0936751858931828,593,340.0,7.0,0.5,False,visible,line-p2-000484,example-reviewer,accepted,,False,continuous,0,483,curve-p2-000484,reviewed_visible_observation,confirmed_continuous_curve
p2,2391.5882405556276,28.14297639261929,2.299599428514739,0.0936751858931828,594,335.5,2.5,0.5,False,visible,line-p2-000485,example-reviewer,accepted,,False,continuous,0,484,curve-p2-000485,reviewed_visible_observation,confirmed_continuous_curve
p2,2396.187439412657,28.330326764405648,2.299599428514739,0.0936751858931757,595,334.5,1.5,0.5,False,visible,line-p2-000486,example-reviewer,accepted,,False,continuous,0,485,curve-p2-000486,reviewed_visible_observation,confirmed_continuous_curve
p2,2400.7866382696866,29.267078623337433,2.299599428514739,0.0936751858931828,596,329.5,6.5,0.5,False,visible,line-p2-000487,example-reviewer,accepted,,False,continuous,0,486,curve-p2-000487,reviewed_visible_observation,confirmed_continuous_curve
p2,2405.385837126716,30.48485603994876,2.299599428514739,0.0936751858931828,597,323.0,9.0,0.5,False,visible,line-p2-000488,example-reviewer,accepted,,False,continuous,0,487,curve-p2-000488,reviewed_visible_observation,confirmed_continuous_curve
p2,2409.9850359837455,31.51528308477372,2.299599428514739,0.0936751858931757,598,317.5,4.5,0.5,False,visible,line-p2-000489,example-reviewer,accepted,,False,continuous,0,488,curve-p2-000489,reviewed_visible_observation,confirmed_continuous_curve
p2,2414.584234840775,31.608958270666896,2.299599428514739,0.0936751858931828,599,317.0,3.0,0.5,False,visible,line-p2-000490,example-reviewer,accepted,,False,continuous,0,489,curve-p2-000490,reviewed_visible_observation,confirmed_continuous_curve
p2,2419.1834336978045,30.48485603994876,2.299599428514739,0.0936751858931828,600,323.0,5.0,0.5,False,visible,line-p2-000491,example-reviewer,accepted,,False,continuous,0,490,curve-p2-000491,reviewed_visible_observation,confirmed_continuous_curve
p2,2423.782632554835,29.45442899512379,2.2995994285156485,0.0936751858931757,601,328.5,7.5,0.5,False,visible,line-p2-000492,example-reviewer,accepted,,False,continuous,0,491,curve-p2-000492,reviewed_visible_observation,confirmed_continuous_curve
p2,2428.3818314118644,27.674600463153396,2.299599428514739,0.0936751858931828,602,338.0,9.0,0.5,False,visible,line-p2-000493,example-reviewer,accepted,,False,continuous,0,492,curve-p2-000493,reviewed_visible_observation,confirmed_continuous_curve
p2,2432.981030268894,25.801096745289826,2.299599428514739,0.0936751858931757,603,348.0,11.0,0.5,False,visible,line-p2-000494,example-reviewer,accepted,,False,continuous,0,493,curve-p2-000494,reviewed_visible_observation,confirmed_continuous_curve
p2,2437.5802291259233,23.927593027426255,2.299599428514739,0.0936751858931757,604,358.0,11.5,0.5,False,visible,line-p2-000495,example-reviewer,accepted,,False,continuous,0,494,curve-p2-000495,reviewed_visible_observation,confirmed_continuous_curve
p2,2442.179427982953,21.211012636524075,2.299599428514739,0.0936751858931757,605,372.5,11.5,0.5,False,visible,line-p2-000496,example-reviewer,accepted,,False,continuous,0,495,curve-p2-000496,reviewed_visible_observation,confirmed_continuous_curve
p2,2446.7786268399823,19.43118410455368,2.299599428514739,0.0936751858931757,606,382.0,10.0,0.5,False,visible,line-p2-000497,example-reviewer,accepted,,False,continuous,0,496,curve-p2-000497,reviewed_visible_observation,confirmed_continuous_curve
p2,2451.3778256970118,19.150158546874138,2.299599428514739,0.0936751858931757,607,383.5,7.5,0.5,False,visible,line-p2-000498,example-reviewer,accepted,,False,continuous,0,497,curve-p2-000498,reviewed_visible_observation,confirmed_continuous_curve
p2,2455.9770245540412,21.211012636524075,2.299599428514739,0.0936751858931757,608,372.5,11.5,0.5,False,visible,line-p2-000499,example-reviewer,accepted,,False,continuous,0,498,curve-p2-000499,reviewed_visible_observation,confirmed_continuous_curve
p2,2460.5762234110707,23.646567469746714,2.299599428514739,0.0936751858931757,609,359.5,15.5,0.5,False,visible,line-p2-000500,example-reviewer,accepted,,False,continuous,0,499,curve-p2-000500,reviewed_visible_observation,confirmed_continuous_curve
p2,2465.175422268101,26.363147860648894,2.2995994285156485,0.0936751858931757,610,345.0,18.0,0.5,False,visible,line-p2-000501,example-reviewer,accepted,,False,continuous,0,500,curve-p2-000501,reviewed_visible_observation,confirmed_continuous_curve
p2,2469.7746211251306,28.61135232208518,2.299599428514739,0.0936751858931828,611,333.0,11.0,0.5,False,visible,line-p2-000502,example-reviewer,accepted,,False,continuous,0,501,curve-p2-000502,reviewed_visible_observation,confirmed_continuous_curve
p2,2474.37381998216,30.765881597628294,2.299599428514739,0.0936751858931828,612,321.5,4.5,0.5,False,visible,line-p2-000503,example-reviewer,accepted,,False,continuous,0,502,curve-p2-000503,reviewed_visible_observation,confirmed_continuous_curve
p2,2478.9730188391895,31.51528308477372,2.299599428514739,0.0936751858931757,613,317.5,3.5,0.5,False,visible,line-p2-000504,example-reviewer,accepted,,False,continuous,0,503,curve-p2-000504,reviewed_visible_observation,confirmed_continuous_curve
p2,2483.572217696219,32.17100938602597,2.299599428514739,0.0936751858931757,614,314.0,2.0,0.5,False,visible,line-p2-000505,example-reviewer,accepted,,False,continuous,0,504,curve-p2-000505,reviewed_visible_observation,confirmed_continuous_curve
p2,2488.1714165532485,32.639385315491865,2.299599428514739,0.0936751858931757,615,311.5,1.5,0.5,False,visible,line-p2-000506,example-reviewer,accepted,,False,continuous,0,505,curve-p2-000506,reviewed_visible_observation,confirmed_continuous_curve
p2,2492.770615410278,33.01408605906458,2.299599428514739,0.0936751858931828,616,309.5,1.5,0.5,False,visible,line-p2-000507,example-reviewer,accepted,,False,continuous,0,506,curve-p2-000507,reviewed_visible_observation,confirmed_continuous_curve
p2,2497.3698142673074,33.38878680263729,2.299599428514739,0.0936751858931828,617,307.5,1.5,0.5,False,visible,line-p2-000508,example-reviewer,accepted,,False,continuous,0,507,curve-p2-000508,reviewed_visible_observation,confirmed_continuous_curve
p2,2501.969013124337,33.38878680263729,2.2995994285156485,0.0936751858931828,618,307.5,0.5,0.5,False,visible,line-p2-000509,example-reviewer,accepted,,False,continuous,0,508,curve-p2-000509,reviewed_visible_observation,confirmed_continuous_curve
p2,2506.5682119813673,33.38878680263729,2.299599428514739,0.0936751858931828,619,307.5,0.5,0.5,False,visible,line-p2-000510,example-reviewer,accepted,,False,continuous,0,509,curve-p2-000510,reviewed_visible_observation,confirmed_continuous_curve
p2,2511.167410838397,33.01408605906458,2.299599428514739,0.0936751858931828,620,309.5,2.5,0.5,False,visible,line-p2-000511,example-reviewer,accepted,,False,continuous,0,510,curve-p2-000511,reviewed_visible_observation,confirmed_continuous_curve
p2,2515.7666096954263,32.54571012959869,2.299599428514739,0.0936751858931828,621,312.0,3.0,0.5,False,visible,line-p2-000512,example-reviewer,accepted,,False,continuous,0,511,curve-p2-000512,reviewed_visible_observation,confirmed_continuous_curve
p2,2520.3658085524557,32.077334200132796,2.299599428514739,0.0936751858931828,622,314.5,1.5,0.5,False,visible,line-p2-000513,example-reviewer,accepted,,False,continuous,0,512,curve-p2-000513,reviewed_visible_observation,confirmed_continuous_curve
p2,2524.965007409485,31.889983828346438,2.299599428514739,0.0936751858931828,623,315.5,0.5,0.5,False,visible,line-p2-000514,example-reviewer,accepted,,False,continuous,0,513,curve-p2-000514,reviewed_visible_observation,confirmed_continuous_curve
p2,2529.5642062665147,31.70263345656008,2.299599428514739,0.0936751858931828,624,316.5,1.5,0.5,False,visible,line-p2-000515,example-reviewer,accepted,,False,continuous,0,514,curve-p2-000515,reviewed_visible_observation,confirmed_continuous_curve
p2,2534.163405123544,31.327932712987362,2.299599428514739,0.0936751858931828,625,318.5,1.5,0.5,False,visible,line-p2-000516,example-reviewer,accepted,,False,continuous,0,515,curve-p2-000516,reviewed_visible_observation,confirmed_continuous_curve
p2,2538.7626039805737,31.046907155307828,2.299599428514739,0.0936751858931757,626,320.0,2.0,0.5,False,visible,line-p2-000517,example-reviewer,accepted,,False,continuous,0,516,curve-p2-000517,reviewed_visible_observation,confirmed_continuous_curve
p2,2543.361802837604,31.608958270666896,2.2995994285156485,0.0936751858931828,627,317.0,4.0,0.5,False,visible,line-p2-000518,example-reviewer,accepted,,False,continuous,0,517,curve-p2-000518,reviewed_visible_observation,confirmed_continuous_curve
p2,2547.9610016946335,32.26468457191915,2.299599428514739,0.0936751858931828,628,313.5,3.5,0.5,False,visible,line-p2-000519,example-reviewer,accepted,,False,continuous,0,518,curve-p2-000519,reviewed_visible_observation,confirmed_continuous_curve
p2,2552.560200551663,32.54571012959869,2.299599428514739,0.0936751858931828,629,312.0,1.0,0.5,False,visible,line-p2-000520,example-reviewer,accepted,,False,continuous,0,519,curve-p2-000520,reviewed_visible_observation,confirmed_continuous_curve
p2,2557.1593994086925,32.452034943705506,2.299599428514739,0.0936751858931828,630,312.5,1.5,0.5,False,visible,line-p2-000521,example-reviewer,accepted,,False,continuous,0,520,curve-p2-000521,reviewed_visible_observation,confirmed_continuous_curve
p2,2561.758598265722,32.9204108731714,2.299599428514739,0.0936751858931828,631,310.0,4.0,0.5,False,visible,line-p2-000522,example-reviewer,accepted,,False,continuous,0,521,curve-p2-000522,reviewed_visible_observation,confirmed_continuous_curve
p2,2566.3577971227514,33.66981236031683,2.299599428514739,0.0936751858931828,632,306.0,4.0,0.5,False,visible,line-p2-000523,example-reviewer,accepted,,False,continuous,0,522,curve-p2-000523,reviewed_visible_observation,confirmed_continuous_curve
p2,2570.956995979781,34.138188289782725,2.299599428514739,0.0936751858931828,633,303.5,2.5,0.5,False,visible,line-p2-000524,example-reviewer,accepted,,False,continuous,0,523,curve-p2-000524,reviewed_visible_observation,confirmed_continuous_curve
p2,2575.5561948368104,33.482461988530474,2.299599428514739,0.0936751858931828,634,307.0,3.0,0.5,False,visible,line-p2-000525,example-reviewer,accepted,,False,continuous,0,524,curve-p2-000525,reviewed_visible_observation,confirmed_continuous_curve
p2,2580.15539369384,32.73306050138504,2.299599428514739,0.0936751858931828,635,311.0,4.0,0.5,False,visible,line-p2-000526,example-reviewer,accepted,,False,continuous,0,525,curve-p2-000526,reviewed_visible_observation,confirmed_continuous_curve
p2,2584.7545925508703,31.889983828346438,2.2995994285156485,0.0936751858931828,636,315.5,4.5,0.5,False,visible,line-p2-000527,example-reviewer,accepted,,False,continuous,0,526,curve-p2-000527,reviewed_visible_observation,confirmed_continuous_curve
p2,2589.3537914078997,31.327932712987362,2.299599428514739,0.0936751858931828,637,318.5,2.5,0.5,False,visible,line-p2-000528,example-reviewer,accepted,,False,continuous,0,527,curve-p2-000528,reviewed_visible_observation,confirmed_continuous_curve
p2,2593.952990264929,31.70263345656008,2.299599428514739,0.0936751858931828,638,316.5,3.5,0.5,False,visible,line-p2-000529,example-reviewer,accepted,,False,continuous,0,528,curve-p2-000529,reviewed_visible_observation,confirmed_continuous_curve
p2,2598.5521891219587,32.26468457191915,2.299599428514739,0.0936751858931828,639,313.5,2.5,0.5,False,visible,line-p2-000530,example-reviewer,accepted,,False,continuous,0,529,curve-p2-000530,reviewed_visible_observation,confirmed_continuous_curve
p2,2603.151387978988,32.639385315491865,2.299599428514739,0.0936751858931757,640,311.5,0.5,0.5,False,visible,line-p2-000531,example-reviewer,accepted,,False,continuous,0,530,curve-p2-000531,reviewed_visible_observation,confirmed_continuous_curve
p2,2607.7505868360176,32.73306050138504,2.299599428514739,0.0936751858931828,641,311.0,1.0,0.5,False,visible,line-p2-000532,example-reviewer,accepted,,False,continuous,0,531,curve-p2-000532,reviewed_visible_observation,confirmed_continuous_curve
p2,2612.349785693047,33.01408605906458,2.299599428514739,0.0936751858931828,642,309.5,1.5,0.5,False,visible,line-p2-000533,example-reviewer,accepted,,False,continuous,0,532,curve-p2-000533,reviewed_visible_observation,confirmed_continuous_curve
p2,2616.9489845500766,33.295111616744116,2.299599428514739,0.0936751858931757,643,308.0,1.0,0.5,False,visible,line-p2-000534,example-reviewer,accepted,,False,continuous,0,533,curve-p2-000534,reviewed_visible_observation,confirmed_continuous_curve
p2,2621.548183407106,33.482461988530474,2.2995994285156485,0.0936751858931828,644,307.0,1.0,0.5,False,visible,line-p2-000535,example-reviewer,accepted,,False,continuous,0,534,curve-p2-000535,reviewed_visible_observation,confirmed_continuous_curve
p2,2626.1473822641365,33.76348754621001,2.299599428514739,0.0936751858931757,645,305.5,1.5,0.5,False,visible,line-p2-000536,example-reviewer,accepted,,False,continuous,0,535,curve-p2-000536,reviewed_visible_observation,confirmed_continuous_curve
p2,2630.746581121166,33.857162732103184,2.299599428514739,0.0936751858931828,646,305.0,1.0,0.5,False,visible,line-p2-000537,example-reviewer,accepted,,False,continuous,0,536,curve-p2-000537,reviewed_visible_observation,confirmed_continuous_curve
p2,2635.3457799781954,33.76348754621001,2.299599428514739,0.0936751858931757,647,305.5,0.5,0.5,False,visible,line-p2-000538,example-reviewer,accepted,,False,continuous,0,537,curve-p2-000538,reviewed_visible_observation,confirmed_continuous_curve
p2,2639.944978835225,33.66981236031683,2.299599428514739,0.0936751858931828,648,306.0,1.0,0.5,False,visible,line-p2-000539,example-reviewer,accepted,,False,continuous,0,538,curve-p2-000539,reviewed_visible_observation,confirmed_continuous_curve
p2,2644.5441776922544,33.57613717442365,2.299599428514739,0.0936751858931828,649,306.5,0.5,0.5,False,visible,line-p2-000540,example-reviewer,accepted,,False,continuous,0,539,curve-p2-000540,reviewed_visible_observation,confirmed_continuous_curve
p2,2649.143376549284,33.295111616744116,2.299599428514739,0.0936751858931757,650,308.0,2.0,0.5,False,visible,line-p2-000541,example-reviewer,accepted,,False,continuous,0,540,curve-p2-000541,reviewed_visible_observation,confirmed_continuous_curve
p2,2653.7425754063133,32.73306050138504,2.299599428514739,0.0936751858931828,651,311.0,4.0,0.5,False,visible,line-p2-000542,example-reviewer,accepted,,False,continuous,0,541,curve-p2-000542,reviewed_visible_observation,confirmed_continuous_curve
p2,2658.341774263343,31.51528308477372,2.299599428514739,0.0936751858931757,652,317.5,6.5,0.5,False,visible,line-p2-000543,example-reviewer,accepted,,False,continuous,0,542,curve-p2-000543,reviewed_visible_observation,confirmed_continuous_curve
p2,2662.9409731203723,30.110155296376043,2.2995994285156485,0.0936751858931828,653,325.0,9.0,0.5,False,visible,line-p2-000544,example-reviewer,accepted,,False,continuous,0,543,curve-p2-000544,reviewed_visible_observation,confirmed_continuous_curve
p2,2667.5401719774027,28.79870269387154,2.299599428514739,0.0936751858931757,654,332.0,7.0,0.5,False,visible,line-p2-000545,example-reviewer,accepted,,False,continuous,0,544,curve-p2-000545,reviewed_visible_observation,confirmed_continuous_curve
p2,2672.139370834432,27.861950834939755,2.299599428514739,0.0936751858931757,655,337.0,2.0,0.5,False,visible,line-p2-000546,example-reviewer,accepted,,False,continuous,0,545,curve-p2-000546,reviewed_visible_observation,confirmed_continuous_curve
p2,2676.7385696914616,27.861950834939755,2.299599428514739,0.0936751858931757,656,337.0,1.0,0.5,False,visible,line-p2-000547,example-reviewer,accepted,,False,continuous,0,546,curve-p2-000547,reviewed_visible_observation,confirmed_continuous_curve
p2,2681.337768548491,27.674600463153396,2.299599428514739,0.0936751858931828,657,338.0,2.0,0.5,False,visible,line-p2-000548,example-reviewer,accepted,,False,continuous,0,547,curve-p2-000548,reviewed_visible_observation,confirmed_continuous_curve
p2,2685.9369674055206,27.29989971958068,2.299599428514739,0.0936751858931828,658,340.0,2.0,0.5,False,visible,line-p2-000549,example-reviewer,accepted,,False,continuous,0,548,curve-p2-000549,reviewed_visible_observation,confirmed_continuous_curve
p2,2690.53616626255,26.925198976007962,2.299599428514739,0.0936751858931828,659,342.0,1.0,0.5,False,visible,line-p2-000550,example-reviewer,accepted,,False,continuous,0,549,curve-p2-000550,reviewed_visible_observation,confirmed_continuous_curve
p2,2695.1353651195795,26.831523790114787,2.299599428514739,0.0936751858931757,660,342.5,0.5,0.5,False,visible,line-p2-000551,example-reviewer,accepted,,False,continuous,0,550,curve-p2-000551,reviewed_visible_observation,confirmed_continuous_curve
p2,2699.734563976609,27.112549347794328,2.299599428514739,0.0936751858931828,661,341.0,2.0,0.5,False,visible,line-p2-000552,example-reviewer,accepted,,False,continuous,0,551,curve-p2-000552,reviewed_visible_observation,confirmed_continuous_curve
p2,2704.3337628336394,27.487250091367038,2.2995994285156485,0.0936751858931828,662,339.0,3.0,0.5,False,visible,line-p2-000553,example-reviewer,accepted,,False,continuous,0,552,curve-p2-000553,reviewed_visible_observation,confirmed_continuous_curve
p2,2708.932961690669,28.517677136192006,2.299599428514739,0.0936751858931828,663,333.5,4.5,0.5,False,visible,line-p2-000554,example-reviewer,accepted,,False,continuous,0,553,curve-p2-000554,reviewed_visible_observation,confirmed_continuous_curve
p2,2713.5321605476984,29.360753809230616,2.299599428514739,0.0936751858931828,664,329.0,6.0,0.5,False,visible,line-p2-000555,example-reviewer,accepted,,False,continuous,0,554,curve-p2-000555,reviewed_visible_observation,confirmed_continuous_curve
p2,2718.131359404728,30.67220641173511,2.299599428514739,0.0936751858931828,665,322.0,6.0,0.5,False,visible,line-p2-000556,example-reviewer,accepted,,False,continuous,0,555,curve-p2-000556,reviewed_visible_observation,confirmed_continuous_curve
p2,2722.7305582617573,31.983659014239613,2.299599428514739,0.0936751858931828,666,315.0,7.0,0.5,False,visible,line-p2-000557,example-reviewer,accepted,,False,continuous,0,556,curve-p2-000557,reviewed_visible_observation,confirmed_continuous_curve
p2,2727.329757118787,33.01408605906458,2.299599428514739,0.0936751858931828,667,309.5,5.5,0.5,False,visible,line-p2-000558,example-reviewer,accepted,,False,continuous,0,557,curve-p2-000558,reviewed_visible_observation,confirmed_continuous_curve
p2,2731.9289559758163,34.138188289782725,2.299599428514739,0.0936751858931828,668,303.5,3.5,0.5,False,visible,line-p2-000559,example-reviewer,accepted,,False,continuous,0,558,curve-p2-000559,reviewed_visible_observation,confirmed_continuous_curve
p2,2736.5281548328458,35.168615334607686,2.299599428514739,0.0936751858931828,669,298.0,5.0,0.5,False,visible,line-p2-000560,example-reviewer,accepted,,False,continuous,0,559,curve-p2-000560,reviewed_visible_observation,confirmed_continuous_curve
p2,2741.1273536898752,37.13579423836444,2.2995994285156485,0.0936751858931757,670,287.5,11.5,0.5,False,visible,line-p2-000561,example-reviewer,accepted,,False,continuous,0,560,curve-p2-000561,reviewed_visible_observation,confirmed_continuous_curve
p2,2745.7265525469056,39.10297314212119,2.299599428514739,0.0936751858931828,671,277.0,15.0,0.5,False,visible,line-p2-000562,example-reviewer,accepted,,False,continuous,0,561,curve-p2-000562,reviewed_visible_observation,confirmed_continuous_curve
p2,2750.325751403935,40.60177611641205,2.299599428514739,0.0936751858931828,672,269.0,8.0,0.5,False,visible,line-p2-000563,example-reviewer,accepted,,False,continuous,0,562,curve-p2-000563,reviewed_visible_observation,confirmed_continuous_curve
p2,2754.9249502609646,38.915622770334835,2.299599428514739,0.0936751858931828,673,278.0,13.0,0.5,False,visible,line-p2-000564,example-reviewer,accepted,,False,continuous,0,563,curve-p2-000564,reviewed_visible_observation,confirmed_continuous_curve
p2,2759.524149117994,41.632203161237015,2.299599428514739,0.0936751858931828,674,263.5,28.5,0.5,False,visible,line-p2-000565,example-reviewer,accepted,,False,continuous,0,564,curve-p2-000565,reviewed_visible_observation,confirmed_continuous_curve
p2,2764.1233479750235,44.16143318035284,2.299599428514739,0.0936751858931757,675,250.0,42.0,0.5,False,visible,line-p2-000566,example-reviewer,accepted,,False,continuous,0,565,curve-p2-000566,reviewed_visible_observation,confirmed_continuous_curve
p2,2768.722546832053,47.15903912893455,2.299599428514739,0.0936751858931828,676,234.0,25.5,0.5,False,visible,line-p2-000567,example-reviewer,accepted,,False,continuous,0,566,curve-p2-000567,reviewed_visible_observation,confirmed_continuous_curve
p2,2773.3217456890825,43.41203169320741,2.299599428514739,0.0936751858931828,677,254.0,10.0,0.5,False,visible,line-p2-000568,example-reviewer,accepted,,False,continuous,0,567,curve-p2-000568,reviewed_visible_observation,confirmed_continuous_curve
p2,2777.920944546112,40.32075055873251,2.299599428514739,0.0936751858931757,678,270.5,10.5,0.5,False,visible,line-p2-000569,example-reviewer,accepted,,False,continuous,0,568,curve-p2-000569,reviewed_visible_observation,confirmed_continuous_curve
p2,2782.5201434031414,37.88519572550987,2.2995994285156485,0.0936751858931828,679,283.5,18.5,0.5,False,visible,line-p2-000570,example-reviewer,accepted,,False,continuous,0,569,curve-p2-000570,reviewed_visible_observation,confirmed_continuous_curve
p2,2787.119342260172,35.168615334607686,2.299599428514739,0.0936751858931828,680,298.0,16.0,0.5,False,visible,line-p2-000571,example-reviewer,accepted,,False,continuous,0,570,curve-p2-000571,reviewed_visible_observation,confirmed_continuous_curve
p2,2791.7185411172013,32.73306050138504,2.299599428514739,0.0936751858931828,681,311.0,8.0,0.5,False,visible,line-p2-000572,example-reviewer,accepted,,False,continuous,0,571,curve-p2-000572,reviewed_visible_observation,confirmed_continuous_curve
p2,2796.317739974231,30.953231969414652,2.299599428514739,0.0936751858931828,682,320.5,5.5,0.5,False,visible,line-p2-000573,example-reviewer,accepted,,False,continuous,0,572,curve-p2-000573,reviewed_visible_observation,confirmed_continuous_curve
p2,2800.9169388312603,29.548104181016967,2.299599428514739,0.0936751858931828,683,328.0,8.0,0.5,False,visible,line-p2-000574,example-reviewer,accepted,,False,continuous,0,573,curve-p2-000574,reviewed_visible_observation,confirmed_continuous_curve
p2,2805.5161376882897,28.049301206726113,2.299599428514739,0.0936751858931828,684,336.0,9.0,0.5,False,visible,line-p2-000575,example-reviewer,accepted,,False,continuous,0,574,curve-p2-000575,reviewed_visible_observation,confirmed_continuous_curve
p2,2810.115336545319,26.26947267475572,2.299599428514739,0.0936751858931757,685,345.5,8.5,0.5,False,visible,line-p2-000576,example-reviewer,accepted,,False,continuous,0,575,curve-p2-000576,reviewed_visible_observation,confirmed_continuous_curve
p2,2814.7145354023487,24.5833193286785,2.299599428514739,0.0936751858931757,686,354.5,8.5,0.5,False,visible,line-p2-000577,example-reviewer,accepted,,False,continuous,0,576,curve-p2-000577,reviewed_visible_observation,confirmed_continuous_curve
p2,2819.313734259378,23.552892283853538,2.299599428514739,0.0936751858931757,687,360.0,5.0,0.5,False,visible,line-p2-000578,example-reviewer,accepted,,False,continuous,0,577,curve-p2-000578,reviewed_visible_observation,confirmed_continuous_curve
p2,2823.9129331164086,22.616140424921753,2.2995994285156485,0.0936751858931757,688,365.0,1.0,0.5,False,visible,line-p2-000579,example-reviewer,accepted,,False,continuous,0,578,curve-p2-000579,reviewed_visible_observation,confirmed_continuous_curve
p2,2828.512131973438,22.14776449545586,2.299599428514739,0.0936751858931757,689,367.5,2.5,0.5,False,visible,line-p2-000580,example-reviewer,accepted,,False,continuous,0,579,curve-p2-000580,reviewed_visible_observation,confirmed_continuous_curve
p2,2833.1113308304675,21.58571338009679,2.299599428514739,0.0936751858931899,690,370.5,3.5,0.5,False,visible,line-p2-000581,example-reviewer,accepted,,False,continuous,0,580,curve-p2-000581,reviewed_visible_observation,confirmed_continuous_curve
p2,2837.710529687497,20.929987078844533,2.299599428514739,0.0936751858931757,691,374.0,3.0,0.5,False,visible,line-p2-000582,example-reviewer,accepted,,False,continuous,0,581,curve-p2-000582,reviewed_visible_observation,confirmed_continuous_curve
p2,2842.3097285445265,20.367935963485465,2.299599428514739,0.0936751858931757,692,377.0,2.0,0.5,False,visible,line-p2-000583,example-reviewer,accepted,,False,continuous,0,582,curve-p2-000583,reviewed_visible_observation,confirmed_continuous_curve
p2,2846.908927401556,19.899560034019572,2.299599428514739,0.0936751858931757,693,379.5,1.5,0.5,False,visible,line-p2-000584,example-reviewer,accepted,,False,continuous,0,583,curve-p2-000584,reviewed_visible_observation,confirmed_continuous_curve
p2,2851.5081262585854,19.712209662233207,2.299599428514739,0.0936751858931899,694,380.5,0.5,0.5,False,visible,line-p2-000585,example-reviewer,accepted,,False,continuous,0,584,curve-p2-000585,reviewed_visible_observation,confirmed_continuous_curve
p2,2856.107325115615,19.61853447634003,2.299599428514739,0.0936751858931757,695,381.0,1.0,0.5,False,visible,line-p2-000586,example-reviewer,accepted,,False,continuous,0,585,curve-p2-000586,reviewed_visible_observation,confirmed_continuous_curve
p2,2860.7065239726444,19.056483360980963,2.2995994285156485,0.0936751858931757,696,384.0,3.0,0.5,False,visible,line-p2-000587,example-reviewer,accepted,,False,continuous,0,586,curve-p2-000587,reviewed_visible_observation,confirmed_continuous_curve
p2,2865.305722829675,18.58810743151507,2.299599428514739,0.0936751858931757,697,386.5,3.5,0.5,False,visible,line-p2-000588,example-reviewer,accepted,,False,continuous,0,587,curve-p2-000588,reviewed_visible_observation,confirmed_continuous_curve
p2,2869.9049216867043,18.30708187383553,2.299599428514739,0.0936751858931899,698,388.0,2.0,0.5,False,visible,line-p2-000589,example-reviewer,accepted,,False,continuous,0,588,curve-p2-000589,reviewed_visible_observation,confirmed_continuous_curve
p2,2874.5041205437337,18.77545780330142,2.299599428514739,0.0936751858931899,699,385.5,4.5,0.5,False,visible,line-p2-000590,example-reviewer,accepted,,False,continuous,0,589,curve-p2-000590,reviewed_visible_observation,confirmed_continuous_curve
p2,2879.103319400763,20.1805855916991,2.299599428514739,0.0936751858931899,700,378.0,7.0,0.5,False,visible,line-p2-000591,example-reviewer,accepted,,False,continuous,0,590,curve-p2-000591,reviewed_visible_observation,confirmed_continuous_curve
p2,2883.7025182577927,21.58571338009679,2.299599428514739,0.0936751858931899,701,370.5,9.5,0.5,False,visible,line-p2-000592,example-reviewer,accepted,,False,continuous,0,591,curve-p2-000592,reviewed_visible_observation,confirmed_continuous_curve
p2,2888.301717114822,23.084516354387645,2.299599428514739,0.0936751858931757,702,362.5,7.5,0.5,False,visible,line-p2-000593,example-reviewer,accepted,,False,continuous,0,592,curve-p2-000593,reviewed_visible_observation,confirmed_continuous_curve
p2,2892.9009159718516,24.489644142785323,2.299599428514739,0.0936751858931757,703,355.0,5.0,0.5,False,visible,line-p2-000594,example-reviewer,accepted,,False,continuous,0,593,curve-p2-000594,reviewed_visible_observation,confirmed_continuous_curve
p2,2897.500114828881,25.332720815823933,2.299599428514739,0.0936751858931757,704,350.5,3.5,0.5,False,visible,line-p2-000595,example-reviewer,accepted,,False,continuous,0,594,curve-p2-000595,reviewed_visible_observation,confirmed_continuous_curve
p2,2902.0993136859106,25.801096745289826,2.2995994285156485,0.0936751858931757,705,348.0,1.0,0.5,False,visible,line-p2-000596,example-reviewer,accepted,,False,continuous,0,595,curve-p2-000596,reviewed_visible_observation,confirmed_continuous_curve
p2,2906.698512542941,25.520071187610284,2.299599428514739,0.0936751858931757,706,349.5,1.5,0.5,False,visible,line-p2-000597,example-reviewer,accepted,,False,continuous,0,596,curve-p2-000597,reviewed_visible_observation,confirmed_continuous_curve
p2,2911.2977113999705,25.801096745289826,2.299599428514739,0.0936751858931757,707,348.0,3.0,0.5,False,visible,line-p2-000598,example-reviewer,accepted,,False,continuous,0,597,curve-p2-000598,reviewed_visible_observation,confirmed_continuous_curve
p2,2915.896910257,26.45682304654207,2.299599428514739,0.0936751858931899,708,344.5,3.5,0.5,False,visible,line-p2-000599,example-reviewer,accepted,,False,continuous,0,598,curve-p2-000599,reviewed_visible_observation,confirmed_continuous_curve
p2,2920.4961091140294,27.112549347794328,2.299599428514739,0.0936751858931828,709,341.0,3.0,0.5,False,visible,line-p2-000600,example-reviewer,accepted,,False,continuous,0,599,curve-p2-000600,reviewed_visible_observation,confirmed_continuous_curve
p2,2925.095307971059,27.674600463153396,2.299599428514739,0.0936751858931828,710,338.0,2.0,0.5,False,visible,line-p2-000601,example-reviewer,accepted,,False,continuous,0,600,curve-p2-000601,reviewed_visible_observation,confirmed_continuous_curve
p2,2929.6945068280884,27.95562602083293,2.299599428514739,0.0936751858931828,711,336.5,1.5,0.5,False,visible,line-p2-000602,example-reviewer,accepted,,False,continuous,0,601,curve-p2-000602,reviewed_visible_observation,confirmed_continuous_curve
p2,2934.293705685118,27.58092527726022,2.299599428514739,0.0936751858931828,712,338.5,2.5,0.5,False,visible,line-p2-000603,example-reviewer,accepted,,False,continuous,0,602,curve-p2-000603,reviewed_visible_observation,confirmed_continuous_curve
p2,2938.8929045421473,26.831523790114787,2.299599428514739,0.0936751858931757,713,342.5,3.5,0.5,False,visible,line-p2-000604,example-reviewer,accepted,,False,continuous,0,603,curve-p2-000604,reviewed_visible_observation,confirmed_continuous_curve
p2,2943.4921033991777,25.988447117076177,2.2995994285156485,0.0936751858931899,714,347.0,5.0,0.5,False,visible,line-p2-000605,example-reviewer,accepted,,False,continuous,0,604,curve-p2-000605,reviewed_visible_observation,confirmed_continuous_curve
p2,2948.091302256207,25.332720815823933,2.299599428514739,0.0936751858931757,715,350.5,3.5,0.5,False,visible,line-p2-000606,example-reviewer,accepted,,False,continuous,0,605,curve-p2-000606,reviewed_visible_observation,confirmed_continuous_curve
p2,2952.6905011132367,25.05169525814439,2.299599428514739,0.0936751858931757,716,352.0,2.0,0.5,False,visible,line-p2-000607,example-reviewer,accepted,,False,continuous,0,606,curve-p2-000607,reviewed_visible_observation,confirmed_continuous_curve
p2,2957.289699970266,25.239045629930757,2.299599428514739,0.0936751858931899,717,351.0,2.0,0.5,False,visible,line-p2-000608,example-reviewer,accepted,,False,continuous,0,607,curve-p2-000608,reviewed_visible_observation,confirmed_continuous_curve
p2,2961.8888988272956,24.676994514571675,2.299599428514739,0.0936751858931899,718,354.0,5.0,0.5,False,visible,line-p2-000609,example-reviewer,accepted,,False,continuous,0,608,curve-p2-000609,reviewed_visible_observation,confirmed_continuous_curve
p2,2966.488097684325,23.74024265563989,2.299599428514739,0.0936751858931899,719,359.0,5.0,0.5,False,visible,line-p2-000610,example-reviewer,accepted,,False,continuous,0,609,curve-p2-000610,reviewed_visible_observation,confirmed_continuous_curve
p2,2971.0872965413546,23.17819154028082,2.299599428514739,0.0936751858931757,720,362.0,2.0,0.5,False,visible,line-p2-000611,example-reviewer,accepted,,False,continuous,0,610,curve-p2-000611,reviewed_visible_observation,confirmed_continuous_curve
p2,2975.686495398384,23.17819154028082,2.299599428514739,0.0936751858931757,721,362.0,1.0,0.5,False,visible,line-p2-000612,example-reviewer,accepted,,False,continuous,0,611,curve-p2-000612,reviewed_visible_observation,confirmed_continuous_curve
p2,2980.2856942554135,23.74024265563989,2.2995994285156485,0.0936751858931899,722,359.0,3.0,0.5,False,visible,line-p2-000613,example-reviewer,accepted,,False,continuous,0,612,curve-p2-000613,reviewed_visible_observation,confirmed_continuous_curve
p2,2984.884893112444,24.395968956892148,2.299599428514739,0.0936751858931757,723,355.5,4.5,0.5,False,visible,line-p2-000614,example-reviewer,accepted,,False,continuous,0,613,curve-p2-000614,reviewed_visible_observation,confirmed_continuous_curve
p2,2989.4840919694734,25.239045629930757,2.299599428514739,0.0936751858931899,724,351.0,4.0,0.5,False,visible,line-p2-000615,example-reviewer,accepted,,False,continuous,0,614,curve-p2-000615,reviewed_visible_observation,confirmed_continuous_curve
p2,2994.083290826503,25.988447117076177,2.299599428514739,0.0936751858931899,725,347.0,3.0,0.5,False,visible,line-p2-000616,example-reviewer,accepted,,False,continuous,0,615,curve-p2-000616,reviewed_visible_observation,confirmed_continuous_curve
p3,110.38560746895433,12.873921092031168,2.299599428514796,0.0936751858931899,98,417.0,5.0,0.5,True,visible,line-p3-000001,example-reviewer,accepted,,True,continuous,0,0,curve-p3-000001,reviewed_visible_observation,confirmed_continuous_curve
p3,114.98480632598393,9.220588842197202,2.299599428514796,0.0936751858931757,99,436.5,22.0,0.5,False,visible,line-p3-000002,example-reviewer,accepted,,False,continuous,0,1,curve-p3-000002,reviewed_visible_observation,confirmed_continuous_curve
p3,119.58400518301346,6.035632521829129,2.299599428514796,0.0936751858931757,100,453.5,11.0,0.5,False,visible,line-p3-000003,example-reviewer,accepted,,False,continuous,0,2,curve-p3-000003,reviewed_visible_observation,confirmed_continuous_curve
p3,124.18320404004305,6.410333265401846,2.299599428514796,0.0936751858931757,101,451.5,0.5,0.5,False,visible,line-p3-000004,example-reviewer,accepted,,False,continuous,0,3,curve-p3-000004,reviewed_visible_observation,confirmed_continuous_curve
p3,128.78240289707264,6.972384380760914,2.299599428514796,0.0936751858931757,102,448.5,1.5,0.5,False,visible,line-p3-000005,example-reviewer,accepted,,False,continuous,0,4,curve-p3-000005,reviewed_visible_observation,confirmed_continuous_curve
p3,133.38160175410223,7.347085124333631,2.299599428514796,0.0936751858931757,103,446.5,2.5,0.5,False,visible,line-p3-000006,example-reviewer,accepted,,False,continuous,0,5,curve-p3-000006,reviewed_visible_observation,confirmed_continuous_curve
p3,137.98080061113183,7.6281106820131725,2.299599428514796,0.0936751858931757,104,445.0,1.0,0.5,False,visible,line-p3-000007,example-reviewer,accepted,,False,continuous,0,6,curve-p3-000007,reviewed_visible_observation,confirmed_continuous_curve
p3,142.57999946816142,6.31665807950867,2.299599428514796,0.0936751858931757,105,452.0,3.0,0.5,False,visible,line-p3-000008,example-reviewer,accepted,,False,continuous,0,7,curve-p3-000008,reviewed_visible_observation,confirmed_continuous_curve
p3,147.17919832519095,5.8482821500427775,2.299599428514796,0.0936751858931757,106,454.5,4.5,0.5,False,visible,line-p3-000009,example-reviewer,accepted,,False,continuous,0,8,curve-p3-000009,reviewed_visible_observation,confirmed_continuous_curve
p3,151.77839718222054,2.850676201461056,2.299599428514796,0.0936751858931757,107,470.5,1.5,0.5,False,visible,line-p3-000010,example-reviewer,accepted,,False,continuous,0,9,curve-p3-000010,reviewed_visible_observation,confirmed_continuous_curve
p3,156.37759603925014,1.5392235989565535,2.299599428514796,0.0936751858931757,108,477.5,0.5,0.5,False,visible,line-p3-000011,example-reviewer,accepted,,False,continuous,0,10,curve-p3-000011,reviewed_visible_observation,confirmed_continuous_curve
p3,160.97679489627973,4.0684536180723825,2.299599428514796,0.0936751858931757,109,464.0,10.0,0.5,False,visible,line-p3-000012,example-reviewer,accepted,,False,continuous,0,11,curve-p3-000012,reviewed_visible_observation,confirmed_continuous_curve
p3,165.57599375330932,7.815461053799524,2.299599428514796,0.0936751858931757,110,444.0,14.5,0.5,False,visible,line-p3-000013,example-reviewer,accepted,,False,continuous,0,12,curve-p3-000013,reviewed_visible_observation,confirmed_continuous_curve
p3,170.1751926103389,11.375118117740314,2.299599428514796,0.0936751858931757,111,425.0,14.0,0.5,False,visible,line-p3-000014,example-reviewer,accepted,,False,continuous,0,13,curve-p3-000014,reviewed_visible_observation,confirmed_continuous_curve
p3,174.77439146736845,15.02845036757428,2.2995994285148527,0.0936751858931757,112,405.5,13.0,0.5,False,visible,line-p3-000015,example-reviewer,accepted,,False,continuous,0,14,curve-p3-000015,reviewed_visible_observation,confirmed_continuous_curve
p3,179.37359032439804,15.403151111146997,2.2995994285148527,0.0936751858931757,113,403.5,4.5,0.5,False,visible,line-p3-000016,example-reviewer,accepted,,False,continuous,0,15,curve-p3-000016,reviewed_visible_observation,confirmed_continuous_curve
p3,183.97278918142763,16.05887741239924,2.2995994285148527,0.0936751858931899,114,400.0,0.5,0.5,False,visible,line-p3-000017,example-reviewer,accepted,,False,continuous,0,16,curve-p3-000017,reviewed_visible_observation,confirmed_continuous_curve
p3,188.57198803845722,15.02845036757428,2.299599428514739,0.0936751858931757,115,405.5,2.5,0.5,False,visible,line-p3-000018,example-reviewer,accepted,,False,continuous,0,17,curve-p3-000018,reviewed_visible_observation,confirmed_continuous_curve
p3,193.1711868954868,14.747424809894738,2.2995994285148527,0.0936751858931899,116,407.0,5.0,0.5,False,visible,line-p3-000019,example-reviewer,accepted,,False,continuous,0,18,curve-p3-000019,reviewed_visible_observation,confirmed_continuous_curve
p3,197.7703857525164,11.562468489526665,2.2995994285148527,0.0936751858931899,117,424.0,11.0,0.5,False,visible,line-p3-000020,example-reviewer,accepted,,False,continuous,0,19,curve-p3-000020,reviewed_visible_observation,confirmed_continuous_curve
p3,202.369584609546,13.154946649710709,2.2995994285148527,0.0936751858931757,118,415.5,4.5,0.5,False,visible,line-p3-000021,example-reviewer,accepted,,False,continuous,0,20,curve-p3-000021,reviewed_visible_observation,confirmed_continuous_curve
p3,206.9687834665756,13.810672950962953,2.2995994285148527,0.0936751858931899,119,412.0,11.0,0.5,False,visible,line-p3-000022,example-reviewer,accepted,,False,continuous,0,21,curve-p3-000022,reviewed_visible_observation,confirmed_continuous_curve
p3,211.56798232360518,16.7146037136515,2.2995994285148527,0.0936751858931757,120,396.5,4.5,0.5,False,visible,line-p3-000023,example-reviewer,accepted,,False,continuous,0,22,curve-p3-000023,reviewed_visible_observation,confirmed_continuous_curve
p3,216.16718118063477,17.182979643117392,2.2995994285148527,0.0936751858931757,121,394.0,2.0,0.5,False,visible,line-p3-000024,example-reviewer,accepted,,False,continuous,0,23,curve-p3-000024,reviewed_visible_observation,confirmed_continuous_curve
p3,220.76638003766425,17.838705944369636,2.2995994285148527,0.0936751858931899,122,390.5,4.5,0.5,False,visible,line-p3-000025,example-reviewer,accepted,,False,continuous,0,24,curve-p3-000025,reviewed_visible_observation,confirmed_continuous_curve
p3,225.36557889469384,17.651355572583284,2.2995994285148527,0.0936751858931757,123,391.5,4.5,0.5,False,visible,line-p3-000026,example-reviewer,accepted,,False,continuous,0,25,curve-p3-000026,reviewed_visible_observation,confirmed_continuous_curve
p3,229.96477775172343,14.091698508642494,2.2995994285148527,0.0936751858931757,124,410.5,4.5,0.5,False,visible,line-p3-000027,example-reviewer,accepted,,False,continuous,0,26,curve-p3-000027,reviewed_visible_observation,confirmed_continuous_curve
p3,234.56397660875302,13.810672950962953,2.2995994285148527,0.0936751858931899,125,412.0,3.0,0.5,False,visible,line-p3-000028,example-reviewer,accepted,,False,continuous,0,27,curve-p3-000028,reviewed_visible_observation,confirmed_continuous_curve
p3,239.16317546578261,11.000417374167597,2.2995994285148527,0.0936751858931757,126,427.0,3.0,0.5,False,visible,line-p3-000029,example-reviewer,accepted,,False,continuous,0,28,curve-p3-000029,reviewed_visible_observation,confirmed_continuous_curve
p3,243.7623743228122,11.187767745953963,2.2995994285148527,0.0936751858931899,127,426.0,8.0,0.5,False,visible,line-p3-000030,example-reviewer,accepted,,False,continuous,0,29,curve-p3-000030,reviewed_visible_observation,confirmed_continuous_curve
p3,248.3615731798418,14.372724066322036,2.299599428514739,0.0936751858931899,128,409.0,4.0,0.5,False,visible,line-p3-000031,example-reviewer,accepted,,False,continuous,0,30,curve-p3-000031,reviewed_visible_observation,confirmed_continuous_curve
p3,252.9607720368714,17.370330014903743,2.2995994285148527,0.0936751858931757,129,393.0,13.0,0.5,False,visible,line-p3-000032,example-reviewer,accepted,,False,continuous,0,31,curve-p3-000032,reviewed_visible_observation,confirmed_continuous_curve
p3,257.559970893901,18.026056316156,2.2995994285148527,0.0936751858931757,130,389.5,4.5,0.5,False,visible,line-p3-000033,example-reviewer,accepted,,False,continuous,0,32,curve-p3-000033,reviewed_visible_observation,confirmed_continuous_curve
p3,262.1591697509306,21.30468782241725,2.2995994285148527,0.0936751858931757,131,372.0,1.0,0.5,False,visible,line-p3-000034,example-reviewer,accepted,,False,continuous,0,33,curve-p3-000034,reviewed_visible_observation,confirmed_continuous_curve
p3,266.75836860796016,21.4920381942036,2.2995994285148527,0.0936751858931899,132,371.0,3.0,0.5,False,visible,line-p3-000035,example-reviewer,accepted,,False,continuous,0,34,curve-p3-000035,reviewed_visible_observation,confirmed_continuous_curve
p3,271.35756746498976,20.555286335271816,2.2995994285148527,0.0936751858931899,133,376.0,8.0,0.5,False,visible,line-p3-000036,example-reviewer,accepted,,False,continuous,0,35,curve-p3-000036,reviewed_visible_observation,confirmed_continuous_curve
p3,275.95676632201935,15.87152704061289,2.2995994285148527,0.0936751858931757,134,401.0,12.0,0.5,False,visible,line-p3-000037,example-reviewer,accepted,,False,continuous,0,36,curve-p3-000037,reviewed_visible_observation,confirmed_continuous_curve
p3,280.5559651790488,15.684176668826538,2.2995994285148527,0.0936751858931899,135,402.0,8.5,0.5,False,visible,line-p3-000038,example-reviewer,accepted,,False,continuous,0,37,curve-p3-000038,reviewed_visible_observation,confirmed_continuous_curve
p3,285.1551640360784,19.150158546874138,2.2995994285148527,0.0936751858931757,136,383.5,3.5,0.5,False,visible,line-p3-000039,example-reviewer,accepted,,False,continuous,0,38,curve-p3-000039,reviewed_visible_observation,confirmed_continuous_curve
p3,289.754362893108,18.86913298919461,2.2995994285148527,0.0936751858931899,137,385.0,2.0,0.5,False,visible,line-p3-000040,example-reviewer,accepted,,False,continuous,0,39,curve-p3-000040,reviewed_visible_observation,confirmed_continuous_curve
p3,294.3535617501376,18.494432245621894,2.2995994285148527,0.0936751858931757,138,387.0,1.0,0.5,False,visible,line-p3-000041,example-reviewer,accepted,,False,continuous,0,40,curve-p3-000041,reviewed_visible_observation,confirmed_continuous_curve
p3,298.9527606071672,18.681782617408246,2.2995994285148527,0.0936751858931757,139,386.0,3.0,0.5,False,visible,line-p3-000042,example-reviewer,accepted,,False,continuous,0,41,curve-p3-000042,reviewed_visible_observation,confirmed_continuous_curve
p3,303.5519594641968,14.841099995787928,2.2995994285148527,0.0936751858931899,140,406.5,1.5,0.5,False,visible,line-p3-000043,example-reviewer,accepted,,False,continuous,0,42,curve-p3-000043,reviewed_visible_observation,confirmed_continuous_curve
p3,308.1511583212264,14.560074438108387,2.299599428514739,0.0936751858931757,141,408.0,6.5,0.5,False,visible,line-p3-000044,example-reviewer,accepted,,False,continuous,0,43,curve-p3-000044,reviewed_visible_observation,confirmed_continuous_curve
p3,312.75035717825597,11.937169233099382,2.2995994285148527,0.0936751858931757,142,422.0,0.5,0.5,False,visible,line-p3-000045,example-reviewer,accepted,,False,continuous,0,44,curve-p3-000045,reviewed_visible_observation,confirmed_continuous_curve
p3,317.34955603528556,11.187767745953963,2.2995994285148527,0.0936751858931899,143,426.0,1.0,0.5,False,visible,line-p3-000046,example-reviewer,accepted,,False,continuous,0,45,curve-p3-000046,reviewed_visible_observation,confirmed_continuous_curve
p3,321.94875489231515,11.187767745953963,2.2995994285148527,0.0936751858931899,144,426.0,7.0,0.5,False,visible,line-p3-000047,example-reviewer,accepted,,False,continuous,0,46,curve-p3-000047,reviewed_visible_observation,confirmed_continuous_curve
p3,326.54795374934474,7.815461053799524,2.2995994285148527,0.0936751858931757,145,444.0,1.0,0.5,False,visible,line-p3-000048,example-reviewer,accepted,,False,continuous,0,47,curve-p3-000048,reviewed_visible_observation,confirmed_continuous_curve
p3,331.14715260637433,7.534435496119997,2.2995994285148527,0.0936751858931899,146,445.5,1.5,0.5,False,visible,line-p3-000049,example-reviewer,accepted,,False,continuous,0,48,curve-p3-000049,reviewed_visible_observation,confirmed_continuous_curve
p3,335.7463514634039,7.440760310226807,2.2995994285148527,0.0936751858931899,147,446.0,0.5,0.5,False,visible,line-p3-000050,example-reviewer,accepted,,False,continuous,0,49,curve-p3-000050,reviewed_visible_observation,confirmed_continuous_curve
p3,340.3455503204334,4.162128803965558,2.2995994285148527,0.0936751858931757,148,463.5,2.5,0.5,False,visible,line-p3-000051,example-reviewer,accepted,,False,continuous,0,50,curve-p3-000051,reviewed_visible_observation,confirmed_continuous_curve
p3,344.944749177463,2.75700101556788,2.2995994285148527,0.0936751858931757,149,471.0,11.0,0.5,False,visible,line-p3-000052,example-reviewer,accepted,,False,continuous,0,51,curve-p3-000052,reviewed_visible_observation,confirmed_continuous_curve
p3,349.5439480344926,3.3190521309269485,2.2995994285148527,0.0936751858931757,150,468.0,11.5,0.5,False,visible,line-p3-000053,example-reviewer,accepted,,False,continuous,0,52,curve-p3-000053,reviewed_visible_observation,confirmed_continuous_curve
p3,354.1431468915222,4.911530291110992,2.2995994285148527,0.0936751858931757,151,459.5,20.0,0.5,False,visible,line-p3-000054,example-reviewer,accepted,,False,continuous,0,53,curve-p3-000054,reviewed_visible_observation,confirmed_continuous_curve
p3,358.74234574855177,9.688964771663095,2.2995994285148527,0.0936751858931899,152,434.0,8.5,0.5,False,visible,line-p3-000055,example-reviewer,accepted,,False,continuous,0,54,curve-p3-000055,reviewed_visible_observation,confirmed_continuous_curve
p3,363.34154460558136,9.501614399876743,2.2995994285148527,0.0936751858931757,153,435.0,19.5,0.5,False,visible,line-p3-000056,example-reviewer,accepted,,False,continuous,0,55,curve-p3-000056,reviewed_visible_observation,confirmed_continuous_curve
p3,367.94074346261095,3.225376945033773,2.299599428514739,0.0936751858931757,154,468.5,13.0,0.5,False,visible,line-p3-000057,example-reviewer,accepted,,False,continuous,0,56,curve-p3-000057,reviewed_visible_observation,confirmed_continuous_curve
p3,372.53994231964055,2.6633258296747044,2.2995994285148527,0.0936751858931757,155,471.5,3.0,0.5,False,visible,line-p3-000058,example-reviewer,accepted,,False,continuous,0,57,curve-p3-000058,reviewed_visible_observation,confirmed_continuous_curve
p3,377.13914117667014,4.255803989858734,2.2995994285148527,0.0936751858931757,156,463.0,4.0,0.5,False,visible,line-p3-000059,example-reviewer,accepted,,False,continuous,0,58,curve-p3-000059,reviewed_visible_observation,confirmed_continuous_curve
p3,381.7383400336997,7.253409938440456,2.2995994285148527,0.0936751858931757,157,447.0,21.5,0.5,False,visible,line-p3-000060,example-reviewer,accepted,,False,continuous,0,59,curve-p3-000060,reviewed_visible_observation,confirmed_continuous_curve
p3,386.3375388907293,11.187767745953963,2.2995994285148527,0.0936751858931899,158,426.0,23.5,0.5,False,visible,line-p3-000061,example-reviewer,accepted,,False,continuous,0,60,curve-p3-000061,reviewed_visible_observation,confirmed_continuous_curve
p3,390.9367377477589,15.215800739360645,2.2995994285148527,0.0936751858931899,159,404.5,11.5,0.5,False,visible,line-p3-000062,example-reviewer,accepted,,False,continuous,0,61,curve-p3-000062,reviewed_visible_observation,confirmed_continuous_curve
p3,395.5359366047885,18.40075705972872,2.2995994285148527,0.0936751858931899,160,387.5,1.5,0.5,False,visible,line-p3-000063,example-reviewer,accepted,,False,continuous,0,62,curve-p3-000063,reviewed_visible_observation,confirmed_continuous_curve
p3,400.135135461818,18.77545780330142,2.2995994285148527,0.0936751858931899,161,385.5,3.5,0.5,False,visible,line-p3-000064,example-reviewer,accepted,,False,continuous,0,63,curve-p3-000064,reviewed_visible_observation,confirmed_continuous_curve
p3,404.7343343188476,19.337508918660504,2.2995994285148527,0.0936751858931899,162,382.5,2.5,0.5,False,visible,line-p3-000065,example-reviewer,accepted,,False,continuous,0,64,curve-p3-000065,reviewed_visible_observation,confirmed_continuous_curve
p3,409.33353317587716,19.61853447634003,2.2995994285148527,0.0936751858931757,163,381.0,0.5,0.5,False,visible,line-p3-000066,example-reviewer,accepted,,False,continuous,0,65,curve-p3-000066,reviewed_visible_observation,confirmed_continuous_curve
p3,423.13112974696594,18.40075705972872,2.299599428514739,0.0936751858931899,166,387.5,3.5,0.5,False,visible,line-p3-000067,example-reviewer,accepted,,True,continuous,0,66,curve-p3-000067,reviewed_visible_observation,confirmed_continuous_curve
p3,427.73032860399553,18.30708187383553,2.2995994285148527,0.0936751858931899,167,388.0,4.0,0.5,False,visible,line-p3-000068,example-reviewer,accepted,,False,continuous,0,67,curve-p3-000068,reviewed_visible_observation,confirmed_continuous_curve
p3,432.3295274610251,15.403151111146997,2.2995994285148527,0.0936751858931757,168,403.5,0.5,0.5,False,visible,line-p3-000069,example-reviewer,accepted,,False,continuous,0,68,curve-p3-000069,reviewed_visible_observation,confirmed_continuous_curve
p3,436.9287263180547,14.372724066322036,2.2995994285148527,0.0936751858931899,169,409.0,4.5,0.5,False,visible,line-p3-000070,example-reviewer,accepted,,False,continuous,0,69,curve-p3-000070,reviewed_visible_observation,confirmed_continuous_curve
p3,441.5279251750843,14.091698508642494,2.2995994285148527,0.0936751858931757,170,410.5,0.5,0.5,False,visible,line-p3-000071,example-reviewer,accepted,,False,continuous,0,70,curve-p3-000071,reviewed_visible_observation,confirmed_continuous_curve
p3,469.12311831726174,11.656143675419855,2.2995994285148527,0.0936751858931899,176,423.5,4.5,0.5,False,visible,line-p3-000072,example-reviewer,accepted,,True,continuous,0,71,curve-p3-000072,reviewed_visible_observation,confirmed_continuous_curve
p3,473.72231717429133,7.534435496119997,2.2995994285148527,0.0936751858931899,177,445.5,23.5,0.5,False,visible,line-p3-000073,example-reviewer,accepted,,False,continuous,0,72,curve-p3-000073,reviewed_visible_observation,confirmed_continuous_curve
p3,478.3215160313209,3.974778432179207,2.2995994285148527,0.0936751858931899,178,464.5,18.5,0.5,False,visible,line-p3-000074,example-reviewer,accepted,,False,continuous,0,73,curve-p3-000074,reviewed_visible_observation,confirmed_continuous_curve
p3,482.9207148883505,4.7241799193246266,2.299599428514739,0.0936751858931899,179,460.5,30.0,0.5,False,visible,line-p3-000075,example-reviewer,accepted,,False,continuous,0,74,curve-p3-000075,reviewed_visible_observation,confirmed_continuous_curve
p3,487.5199137453801,11.656143675419855,2.2995994285148527,0.0936751858931899,180,423.5,19.0,0.5,False,visible,line-p3-000076,example-reviewer,accepted,,False,continuous,0,75,curve-p3-000076,reviewed_visible_observation,confirmed_continuous_curve
p3,492.1191126024097,10.063665515235812,2.2995994285148527,0.0936751858931757,181,432.0,14.5,0.5,False,visible,line-p3-000077,example-reviewer,accepted,,False,continuous,0,76,curve-p3-000077,reviewed_visible_observation,confirmed_continuous_curve
p3,496.7183114594393,6.504008451295022,2.2995994285148527,0.0936751858931757,182,451.0,14.5,0.5,False,visible,line-p3-000078,example-reviewer,accepted,,False,continuous,0,77,curve-p3-000078,reviewed_visible_observation,confirmed_continuous_curve
p3,501.3175103164689,5.286231034683709,2.2995994285148527,0.0936751858931899,183,457.5,10.0,0.5,False,visible,line-p3-000079,example-reviewer,accepted,,False,continuous,0,78,curve-p3-000079,reviewed_visible_observation,confirmed_continuous_curve
p3,505.9167091734985,2.5696506437815287,2.2995994285148527,0.0936751858931899,184,472.0,2.0,0.5,False,visible,line-p3-000080,example-reviewer,accepted,,False,continuous,0,79,curve-p3-000080,reviewed_visible_observation,confirmed_continuous_curve
p3,510.51590803052807,6.129307707722305,2.2995994285148527,0.0936751858931899,185,453.0,22.0,0.5,False,visible,line-p3-000081,example-reviewer,accepted,,False,continuous,0,80,curve-p3-000081,reviewed_visible_observation,confirmed_continuous_curve
p3,515.1151068875575,9.87631514344946,2.2995994285148527,0.0936751858931757,186,433.0,29.0,0.5,False,visible,line-p3-000082,example-reviewer,accepted,,False,continuous,0,81,curve-p3-000082,reviewed_visible_observation,confirmed_continuous_curve
p3,519.7143057445871,16.433578155971958,2.2995994285148527,0.0936751858931757,187,398.0,32.0,0.5,False,visible,line-p3-000083,example-reviewer,accepted,,False,continuous,0,82,curve-p3-000083,reviewed_visible_observation,confirmed_continuous_curve
p3,524.3135046016167,27.58092527726022,2.2995994285148527,0.0936751858931828,188,338.5,20.5,0.5,False,visible,line-p3-000084,example-reviewer,accepted,,False,continuous,0,83,curve-p3-000084,reviewed_visible_observation,confirmed_continuous_curve
p3,528.9127034586463,28.517677136192006,2.2995994285148527,0.0936751858931828,189,333.5,4.5,0.5,False,visible,line-p3-000085,example-reviewer,accepted,,False,continuous,0,84,curve-p3-000085,reviewed_visible_observation,confirmed_continuous_curve
p3,533.5119023156759,31.327932712987362,2.2995994285148527,0.0936751858931828,190,318.5,2.5,0.5,False,visible,line-p3-000086,example-reviewer,accepted,,False,continuous,0,85,curve-p3-000086,reviewed_visible_observation,confirmed_continuous_curve
p3,538.1111011727055,31.70263345656008,2.2995994285148527,0.0936751858931828,191,316.5,4.5,0.5,False,visible,line-p3-000087,example-reviewer,accepted,,False,continuous,0,86,curve-p3-000087,reviewed_visible_observation,confirmed_continuous_curve
p3,542.7103000297351,32.26468457191915,2.299599428514739,0.0936751858931828,192,313.5,0.5,0.5,False,visible,line-p3-000088,example-reviewer,accepted,,False,continuous,0,87,curve-p3-000088,reviewed_visible_observation,confirmed_continuous_curve
p3,547.3094988867647,34.2318634756759,2.2995994285148527,0.0936751858931757,193,303.0,0.5,0.5,False,visible,line-p3-000089,example-reviewer,accepted,,False,continuous,0,88,curve-p3-000089,reviewed_visible_observation,confirmed_continuous_curve
p3,551.9086977437943,34.2318634756759,2.2995994285148527,0.0936751858931757,194,303.0,1.0,0.5,False,visible,line-p3-000090,example-reviewer,accepted,,False,continuous,0,89,curve-p3-000090,reviewed_visible_observation,confirmed_continuous_curve
p3,556.5078966008239,34.41921384746226,2.2995994285148527,0.0936751858931828,195,302.0,1.0,0.5,False,visible,line-p3-000091,example-reviewer,accepted,,False,continuous,0,90,curve-p3-000091,reviewed_visible_observation,confirmed_continuous_curve
p3,561.1070954578535,33.95083791799637,2.2995994285148527,0.0936751858931828,196,304.5,3.5,0.5,False,visible,line-p3-000092,example-reviewer,accepted,,False,continuous,0,91,curve-p3-000092,reviewed_visible_observation,confirmed_continuous_curve
p3,565.706294314883,33.66981236031683,2.2995994285148527,0.0936751858931828,197,306.0,2.0,0.5,False,visible,line-p3-000093,example-reviewer,accepted,,False,continuous,0,92,curve-p3-000093,reviewed_visible_observation,confirmed_continuous_curve
p3,584.1030897430013,31.140582341201004,2.2995994285148527,0.0936751858931828,201,319.5,1.5,0.5,False,visible,line-p3-000094,example-reviewer,accepted,,True,continuous,0,93,curve-p3-000094,reviewed_visible_observation,confirmed_continuous_curve
p3,588.7022886000309,31.140582341201004,2.2995994285148527,0.0936751858931828,202,319.5,2.5,0.5,False,visible,line-p3-000095,example-reviewer,accepted,,False,continuous,0,94,curve-p3-000095,reviewed_visible_observation,confirmed_continuous_curve
p3,593.3014874570605,34.32553866156908,2.2995994285148527,0.0936751858931828,203,302.5,10.0,0.5,False,visible,line-p3-000096,example-reviewer,accepted,,False,continuous,0,95,curve-p3-000096,reviewed_visible_observation,confirmed_continuous_curve
p3,597.9006863140901,35.168615334607686,2.2995994285148527,0.0936751858931828,204,298.0,7.0,0.5,False,visible,line-p3-000097,example-reviewer,accepted,,False,continuous,0,96,curve-p3-000097,reviewed_visible_observation,confirmed_continuous_curve
p3,602.4998851711197,37.88519572550987,2.299599428514739,0.0936751858931828,205,283.5,4.5,0.5,False,visible,line-p3-000098,example-reviewer,accepted,,False,continuous,0,97,curve-p3-000098,reviewed_visible_observation,confirmed_continuous_curve
p3,607.0990840281493,38.35357165497576,2.2995994285148527,0.0936751858931828,206,281.0,3.0,0.5,False,visible,line-p3-000099,example-reviewer,accepted,,False,continuous,0,98,curve-p3-000099,reviewed_visible_observation,confirmed_continuous_curve
p3,616.2974817422084,38.1662212831894,2.2995994285148527,0.0936751858931828,208,282.0,3.0,0.5,False,visible,line-p3-000100,example-reviewer,accepted,,True,continuous,0,99,curve-p3-000100,reviewed_visible_observation,confirmed_continuous_curve
p3,620.896680599238,37.79152053961669,2.2995994285148527,0.0936751858931828,209,284.0,4.0,0.5,False,visible,line-p3-000101,example-reviewer,accepted,,False,continuous,0,100,curve-p3-000101,reviewed_visible_observation,confirmed_continuous_curve
p3,625.4958794562676,34.512889033355435,2.2995994285148527,0.0936751858931828,210,301.5,10.5,0.5,False,visible,line-p3-000102,example-reviewer,accepted,,False,continuous,0,101,curve-p3-000102,reviewed_visible_observation,confirmed_continuous_curve
p3,630.0950783132972,34.138188289782725,2.2995994285148527,0.0936751858931828,211,303.5,4.5,0.5,False,visible,line-p3-000103,example-reviewer,accepted,,False,continuous,0,102,curve-p3-000103,reviewed_visible_observation,confirmed_continuous_curve
p3,639.2934760273563,31.421607898880545,2.2995994285148527,0.0936751858931828,213,318.0,0.5,0.5,False,visible,line-p3-000104,example-reviewer,accepted,,True,continuous,0,103,curve-p3-000104,reviewed_visible_observation,confirmed_continuous_curve
p3,643.8926748843859,31.046907155307828,2.2995994285148527,0.0936751858931757,214,320.0,2.0,0.5,False,visible,line-p3-000105,example-reviewer,accepted,,False,continuous,0,104,curve-p3-000105,reviewed_visible_observation,confirmed_continuous_curve
p3,648.4918737414155,30.765881597628294,2.2995994285148527,0.0936751858931828,215,321.5,2.5,0.5,False,visible,line-p3-000106,example-reviewer,accepted,,False,continuous,0,105,curve-p3-000106,reviewed_visible_observation,confirmed_continuous_curve
p3,653.0910725984451,30.2975056681624,2.2995994285148527,0.0936751858931828,216,324.0,1.0,0.5,False,visible,line-p3-000107,example-reviewer,accepted,,False,continuous,0,106,curve-p3-000107,reviewed_visible_observation,confirmed_continuous_curve
p3,657.6902714554747,30.20383048226922,2.2995994285148527,0.0936751858931828,217,324.5,0.5,0.5,False,visible,line-p3-000108,example-reviewer,accepted,,False,continuous,0,107,curve-p3-000108,reviewed_visible_observation,confirmed_continuous_curve
p3,680.6862657406226,31.234257527094186,2.2995994285148527,0.0936751858931828,222,319.0,3.0,0.5,False,visible,line-p3-000109,example-reviewer,accepted,,True,continuous,0,108,curve-p3-000109,reviewed_visible_observation,confirmed_continuous_curve
p3,685.2854645976522,31.796308642453255,2.2995994285148527,0.0936751858931828,223,316.0,3.5,0.5,False,visible,line-p3-000110,example-reviewer,accepted,,False,continuous,0,109,curve-p3-000110,reviewed_visible_observation,confirmed_continuous_curve
p3,689.8846634546817,32.17100938602597,2.299599428514739,0.0936751858931757,224,314.0,1.0,0.5,False,visible,line-p3-000111,example-reviewer,accepted,,False,continuous,0,110,curve-p3-000111,reviewed_visible_observation,confirmed_continuous_curve
p3,703.6822600257706,30.67220641173511,2.2995994285149663,0.0936751858931828,227,322.0,1.0,0.5,False,visible,line-p3-000112,example-reviewer,accepted,,True,continuous,0,111,curve-p3-000112,reviewed_visible_observation,confirmed_continuous_curve
p3,708.2814588828,30.20383048226922,2.299599428514739,0.0936751858931828,228,324.5,3.5,0.5,False,visible,line-p3-000113,example-reviewer,accepted,,False,continuous,0,112,curve-p3-000113,reviewed_visible_observation,confirmed_continuous_curve
p3,712.8806577398298,29.735454552803326,2.2995994285149663,0.0936751858931828,229,327.0,3.0,0.5,False,visible,line-p3-000114,example-reviewer,accepted,,False,continuous,0,113,curve-p3-000114,reviewed_visible_observation,confirmed_continuous_curve
p3,717.4798565968592,29.267078623337433,2.299599428514739,0.0936751858931828,230,329.5,0.5,0.5,False,visible,line-p3-000115,example-reviewer,accepted,,False,continuous,0,114,curve-p3-000115,reviewed_visible_observation,confirmed_continuous_curve
p3,722.0790554538887,27.112549347794328,2.2995994285149663,0.0936751858931828,231,341.0,0.5,0.5,False,visible,line-p3-000116,example-reviewer,accepted,,False,continuous,0,115,curve-p3-000116,reviewed_visible_observation,confirmed_continuous_curve
p3,726.6782543109184,26.925198976007962,2.299599428514739,0.0936751858931828,232,342.0,3.0,0.5,False,visible,line-p3-000117,example-reviewer,accepted,,False,continuous,0,116,curve-p3-000117,reviewed_visible_observation,confirmed_continuous_curve
p3,731.2774531679479,29.735454552803326,2.2995994285149663,0.0936751858931828,233,327.0,12.5,0.5,False,visible,line-p3-000118,example-reviewer,accepted,,False,continuous,0,117,curve-p3-000118,reviewed_visible_observation,confirmed_continuous_curve
p3,735.8766520249776,31.234257527094186,2.299599428514739,0.0936751858931828,234,319.0,14.0,0.5,False,visible,line-p3-000119,example-reviewer,accepted,,False,continuous,0,118,curve-p3-000119,reviewed_visible_observation,confirmed_continuous_curve
p3,740.4758508820071,34.138188289782725,2.2995994285149663,0.0936751858931828,235,303.5,4.5,0.5,False,visible,line-p3-000120,example-reviewer,accepted,,False,continuous,0,119,curve-p3-000120,reviewed_visible_observation,confirmed_continuous_curve
p3,745.0750497390368,34.512889033355435,2.299599428514739,0.0936751858931828,236,301.5,3.5,0.5,False,visible,line-p3-000121,example-reviewer,accepted,,False,continuous,0,120,curve-p3-000121,reviewed_visible_observation,confirmed_continuous_curve
p3,749.6742485960663,34.138188289782725,2.299599428514739,0.0936751858931828,237,303.5,3.5,0.5,False,visible,line-p3-000122,example-reviewer,accepted,,False,continuous,0,121,curve-p3-000122,reviewed_visible_observation,confirmed_continuous_curve
p3,754.273447453096,33.57613717442365,2.2995994285149663,0.0936751858931828,238,306.5,0.5,0.5,False,visible,line-p3-000123,example-reviewer,accepted,,False,continuous,0,122,curve-p3-000123,reviewed_visible_observation,confirmed_continuous_curve
p3,763.4718451671552,31.140582341201004,2.2995994285149663,0.0936751858931828,240,319.5,2.5,0.5,False,visible,line-p3-000124,example-reviewer,accepted,,True,continuous,0,123,curve-p3-000124,reviewed_visible_observation,confirmed_continuous_curve
p3,768.0710440241846,30.765881597628294,2.299599428514739,0.0936751858931828,241,321.5,4.5,0.5,False,visible,line-p3-000125,example-reviewer,accepted,,False,continuous,0,124,curve-p3-000125,reviewed_visible_observation,confirmed_continuous_curve
p3,772.6702428812143,27.861950834939755,2.2995994285149663,0.0936751858931757,242,337.0,8.0,0.5,False,visible,line-p3-000126,example-reviewer,accepted,,False,continuous,0,125,curve-p3-000126,reviewed_visible_observation,confirmed_continuous_curve
p3,777.2694417382438,27.018874161901145,2.299599428514739,0.0936751858931828,243,341.5,4.5,0.5,False,visible,line-p3-000127,example-reviewer,accepted,,False,continuous,0,126,curve-p3-000127,reviewed_visible_observation,confirmed_continuous_curve
p3,781.8686405952733,24.114943399212606,2.2995994285149663,0.0936751858931757,244,357.0,10.5,0.5,False,visible,line-p3-000128,example-reviewer,accepted,,False,continuous,0,127,curve-p3-000128,reviewed_visible_observation,confirmed_continuous_curve
p3,786.467839452303,20.1805855916991,2.299599428514739,0.0936751858931899,245,378.0,12.5,0.5,False,visible,line-p3-000129,example-reviewer,accepted,,False,continuous,0,128,curve-p3-000129,reviewed_visible_observation,confirmed_continuous_curve
p3,791.0670383093325,19.993235219912748,2.2995994285149663,0.0936751858931757,246,379.0,3.0,0.5,False,visible,line-p3-000130,example-reviewer,accepted,,False,continuous,0,129,curve-p3-000130,reviewed_visible_observation,confirmed_continuous_curve
p3,795.6662371663622,22.33511486724221,2.299599428514739,0.0936751858931757,247,366.5,2.5,0.5,False,visible,line-p3-000131,example-reviewer,accepted,,False,continuous,0,130,curve-p3-000131,reviewed_visible_observation,confirmed_continuous_curve
p3,800.2654360233917,22.70981561081493,2.2995994285149663,0.0936751858931757,248,364.5,4.5,0.5,False,visible,line-p3-000132,example-reviewer,accepted,,False,continuous,0,131,curve-p3-000132,reviewed_visible_observation,confirmed_continuous_curve
p3,804.8646348804214,23.365541912067187,2.299599428514739,0.0936751858931899,249,361.0,2.0,0.5,False,visible,line-p3-000133,example-reviewer,accepted,,False,continuous,0,132,curve-p3-000133,reviewed_visible_observation,confirmed_continuous_curve
p3,809.4638337374508,26.175797488862543,2.299599428514739,0.0936751858931757,250,346.0,3.0,0.5,False,visible,line-p3-000134,example-reviewer,accepted,,False,continuous,0,133,curve-p3-000134,reviewed_visible_observation,confirmed_continuous_curve
p3,814.0630325944805,26.45682304654207,2.2995994285149663,0.0936751858931899,251,344.5,4.5,0.5,False,visible,line-p3-000135,example-reviewer,accepted,,False,continuous,0,134,curve-p3-000135,reviewed_visible_observation,confirmed_continuous_curve
p3,818.66223145151,27.112549347794328,2.299599428514739,0.0936751858931828,252,341.0,1.0,0.5,False,visible,line-p3-000136,example-reviewer,accepted,,False,continuous,0,135,curve-p3-000136,reviewed_visible_observation,confirmed_continuous_curve
p3,823.2614303085397,29.173403437444257,2.2995994285149663,0.0936751858931828,253,330.0,0.5,0.5,False,visible,line-p3-000137,example-reviewer,accepted,,False,continuous,0,136,curve-p3-000137,reviewed_visible_observation,confirmed_continuous_curve
p3,827.8606291655692,30.391180854055577,2.299599428514739,0.0936751858931828,254,323.5,3.5,0.5,False,visible,line-p3-000138,example-reviewer,accepted,,False,continuous,0,137,curve-p3-000138,reviewed_visible_observation,confirmed_continuous_curve
p3,832.4598280225989,29.735454552803326,2.2995994285149663,0.0936751858931828,255,327.0,3.0,0.5,False,visible,line-p3-000139,example-reviewer,accepted,,False,continuous,0,138,curve-p3-000139,reviewed_visible_observation,confirmed_continuous_curve
p3,837.0590268796284,29.079728251551074,2.299599428514739,0.0936751858931828,256,330.5,9.5,0.5,False,visible,line-p3-000140,example-reviewer,accepted,,False,continuous,0,139,curve-p3-000140,reviewed_visible_observation,confirmed_continuous_curve
p3,841.6582257366579,25.239045629930757,2.2995994285149663,0.0936751858931899,257,351.0,12.0,0.5,False,visible,line-p3-000141,example-reviewer,accepted,,False,continuous,0,140,curve-p3-000141,reviewed_visible_observation,confirmed_continuous_curve
p3,846.2574245936876,21.773063751883143,2.299599428514739,0.0936751858931757,258,369.5,11.0,0.5,False,visible,line-p3-000142,example-reviewer,accepted,,False,continuous,0,141,curve-p3-000142,reviewed_visible_observation,confirmed_continuous_curve
p3,850.856623450717,19.43118410455368,2.2995994285149663,0.0936751858931757,259,382.0,3.0,0.5,False,visible,line-p3-000143,example-reviewer,accepted,,False,continuous,0,142,curve-p3-000143,reviewed_visible_observation,confirmed_continuous_curve
p3,855.4558223077468,19.899560034019572,2.299599428514739,0.0936751858931757,260,379.5,2.5,0.5,False,visible,line-p3-000144,example-reviewer,accepted,,False,continuous,0,143,curve-p3-000144,reviewed_visible_observation,confirmed_continuous_curve
p3,860.0550211647762,22.616140424921753,2.2995994285149663,0.0936751858931757,261,365.0,8.0,0.5,False,visible,line-p3-000145,example-reviewer,accepted,,False,continuous,0,144,curve-p3-000145,reviewed_visible_observation,confirmed_continuous_curve
p3,864.6542200218059,23.17819154028082,2.299599428514739,0.0936751858931757,262,362.0,5.0,0.5,False,visible,line-p3-000146,example-reviewer,accepted,,False,continuous,0,145,curve-p3-000146,reviewed_visible_observation,confirmed_continuous_curve
p3,869.2534188788354,24.208618585105782,2.299599428514739,0.0936751858931899,263,356.5,3.5,0.5,False,visible,line-p3-000147,example-reviewer,accepted,,False,continuous,0,146,curve-p3-000147,reviewed_visible_observation,confirmed_continuous_curve
p3,873.8526177358651,24.02126821331943,2.2995994285149663,0.0936751858931757,264,357.5,4.5,0.5,False,visible,line-p3-000148,example-reviewer,accepted,,False,continuous,0,147,curve-p3-000148,reviewed_visible_observation,confirmed_continuous_curve
p3,878.4518165928946,23.552892283853538,2.299599428514739,0.0936751858931757,265,360.0,2.0,0.5,False,visible,line-p3-000149,example-reviewer,accepted,,False,continuous,0,148,curve-p3-000149,reviewed_visible_observation,confirmed_continuous_curve
p3,883.0510154499243,20.929987078844533,2.2995994285149663,0.0936751858931757,266,374.0,2.0,0.5,False,visible,line-p3-000150,example-reviewer,accepted,,False,continuous,0,149,curve-p3-000150,reviewed_visible_observation,confirmed_continuous_curve
p3,887.6502143069538,20.367935963485465,2.299599428514739,0.0936751858931757,267,377.0,4.0,0.5,False,visible,line-p3-000151,example-reviewer,accepted,,False,continuous,0,150,curve-p3-000151,reviewed_visible_observation,confirmed_continuous_curve
p3,892.2494131639835,22.428790053135387,2.2995994285149663,0.0936751858931899,268,366.0,10.0,0.5,False,visible,line-p3-000152,example-reviewer,accepted,,False,continuous,0,151,curve-p3-000152,reviewed_visible_observation,confirmed_continuous_curve
p3,896.848612021013,23.271866726173997,2.299599428514739,0.0936751858931899,269,361.5,12.5,0.5,False,visible,line-p3-000153,example-reviewer,accepted,,False,continuous,0,152,curve-p3-000153,reviewed_visible_observation,confirmed_continuous_curve
p3,901.4478108780424,26.26947267475572,2.2995994285149663,0.0936751858931757,270,345.5,4.5,0.5,False,visible,line-p3-000154,example-reviewer,accepted,,False,continuous,0,153,curve-p3-000154,reviewed_visible_observation,confirmed_continuous_curve
p3,906.0470097350722,26.925198976007962,2.299599428514739,0.0936751858931828,271,342.0,1.0,0.5,False,visible,line-p3-000155,example-reviewer,accepted,,False,continuous,0,154,curve-p3-000155,reviewed_visible_observation,confirmed_continuous_curve
p3,910.6462085921016,37.229469424257616,2.2995994285149663,0.0936751858931828,272,287.0,43.5,0.5,False,visible,line-p3-000156,example-reviewer,accepted,,False,continuous,0,155,curve-p3-000156,reviewed_visible_observation,confirmed_continuous_curve
p3,915.2454074491313,37.229469424257616,2.299599428514739,0.0936751858931828,273,287.0,70.0,0.5,False,visible,line-p3-000157,example-reviewer,accepted,,False,continuous,0,156,curve-p3-000157,reviewed_visible_observation,confirmed_continuous_curve
p3,919.8446063061608,41.632203161237015,2.2995994285149663,0.0936751858931828,274,263.5,48.0,0.5,False,visible,line-p3-000158,example-reviewer,accepted,,False,continuous,0,157,curve-p3-000158,reviewed_visible_observation,confirmed_continuous_curve
p3,924.4438051631905,45.6602361546437,2.299599428514739,0.0936751858931828,275,242.0,63.5,0.5,False,visible,line-p3-000159,example-reviewer,accepted,,False,continuous,0,158,curve-p3-000159,reviewed_visible_observation,confirmed_continuous_curve
p3,929.04300402022,41.44485278945066,2.299599428514739,0.0936751858931757,276,264.5,43.5,0.5,False,visible,line-p3-000160,example-reviewer,accepted,,False,continuous,0,159,curve-p3-000160,reviewed_visible_observation,confirmed_continuous_curve
p3,938.2414017342792,25.239045629930757,2.299599428514739,0.0936751858931899,278,351.0,3.5,0.5,False,visible,line-p3-000161,example-reviewer,accepted,,True,continuous,0,160,curve-p3-000161,reviewed_visible_observation,confirmed_continuous_curve
p3,947.4397994483384,25.70742155939665,2.299599428514739,0.0936751858931899,280,348.5,1.5,0.5,False,visible,line-p3-000162,example-reviewer,accepted,,True,continuous,0,161,curve-p3-000162,reviewed_visible_observation,confirmed_continuous_curve
p3,952.0389983053681,25.332720815823933,2.2995994285149663,0.0936751858931757,281,350.5,2.5,0.5,False,visible,line-p3-000163,example-reviewer,accepted,,False,continuous,0,162,curve-p3-000163,reviewed_visible_observation,confirmed_continuous_curve
p3,956.6381971623975,24.86434488635804,2.299599428514739,0.0936751858931757,282,353.0,2.0,0.5,False,visible,line-p3-000164,example-reviewer,accepted,,False,continuous,0,163,curve-p3-000164,reviewed_visible_observation,confirmed_continuous_curve
p3,961.237396019427,21.960414123669494,2.2995994285149663,0.0936751858931899,283,368.5,9.5,0.5,False,visible,line-p3-000165,example-reviewer,accepted,,False,continuous,0,164,curve-p3-000165,reviewed_visible_observation,confirmed_continuous_curve
p3,965.8365948764567,21.679388565989967,2.299599428514739,0.0936751858931757,284,370.0,14.0,0.5,False,visible,line-p3-000166,example-reviewer,accepted,,False,continuous,0,165,curve-p3-000166,reviewed_visible_observation,confirmed_continuous_curve
p3,970.4357937334862,16.05887741239924,2.2995994285149663,0.0936751858931899,285,400.0,13.5,0.5,False,visible,line-p3-000167,example-reviewer,accepted,,False,continuous,0,166,curve-p3-000167,reviewed_visible_observation,confirmed_continuous_curve
p3,975.0349925905159,13.529647393283426,2.299599428514739,0.0936751858931757,286,413.5,6.5,0.5,False,visible,line-p3-000168,example-reviewer,accepted,,False,continuous,0,167,curve-p3-000168,reviewed_visible_observation,confirmed_continuous_curve
p3,979.6341914475454,11.656143675419855,2.2995994285149663,0.0936751858931899,287,423.5,2.5,0.5,False,visible,line-p3-000169,example-reviewer,accepted,,False,continuous,0,168,curve-p3-000169,reviewed_visible_observation,confirmed_continuous_curve
p3,984.2333903045751,11.937169233099382,2.299599428514739,0.0936751858931757,288,422.0,3.0,0.5,False,visible,line-p3-000170,example-reviewer,accepted,,False,continuous,0,169,curve-p3-000170,reviewed_visible_observation,confirmed_continuous_curve
p3,988.8325891616046,12.405545162565275,2.299599428514739,0.0936751858931899,289,419.5,0.5,0.5,False,visible,line-p3-000171,example-reviewer,accepted,,False,continuous,0,170,curve-p3-000171,reviewed_visible_observation,confirmed_continuous_curve
p3,993.4317880186343,14.934775181681104,2.2995994285149663,0.0936751858931757,290,406.0,2.0,0.5,False,visible,line-p3-000172,example-reviewer,accepted,,False,continuous,0,171,curve-p3-000172,reviewed_visible_observation,confirmed_continuous_curve
p3,998.0309868756638,15.309475925253821,2.299599428514739,0.0936751858931757,291,404.0,4.0,0.5,False,visible,line-p3-000173,example-reviewer,accepted,,False,continuous,0,172,curve-p3-000173,reviewed_visible_observation,confirmed_continuous_curve
p3,1002.6301857326935,15.87152704061289,2.2995994285149663,0.0936751858931757,292,401.0,2.0,0.5,False,visible,line-p3-000174,example-reviewer,accepted,,False,continuous,0,173,curve-p3-000174,reviewed_visible_observation,confirmed_continuous_curve
p3,1011.8285834467526,18.494432245621894,2.2995994285149663,0.0936751858931757,294,387.0,2.0,0.5,False,visible,line-p3-000175,example-reviewer,accepted,,True,continuous,0,174,curve-p3-000175,reviewed_visible_observation,confirmed_continuous_curve
p3,1016.4277823037821,18.77545780330142,2.299599428514739,0.0936751858931899,295,385.5,2.5,0.5,False,visible,line-p3-000176,example-reviewer,accepted,,False,continuous,0,175,curve-p3-000176,reviewed_visible_observation,confirmed_continuous_curve
p3,1021.0269811608116,19.150158546874138,2.2995994285149663,0.0936751858931757,296,383.5,0.5,0.5,False,visible,line-p3-000177,example-reviewer,accepted,,False,continuous,0,176,curve-p3-000177,reviewed_visible_observation,confirmed_continuous_curve
p3,1030.2253788748708,16.90195408543785,2.2995994285149663,0.0936751858931757,298,395.5,0.5,0.5,False,visible,line-p3-000178,example-reviewer,accepted,,True,continuous,0,177,curve-p3-000178,reviewed_visible_observation,confirmed_continuous_curve
p3,1034.8245777319005,16.246227784185606,2.299599428514739,0.0936751858931757,299,399.0,4.0,0.5,False,visible,line-p3-000179,example-reviewer,accepted,,False,continuous,0,178,curve-p3-000179,reviewed_visible_observation,confirmed_continuous_curve
p3,1039.42377658893,17.276654829010567,2.2995994285149663,0.0936751858931757,300,393.5,9.5,0.5,False,visible,line-p3-000180,example-reviewer,accepted,,False,continuous,0,179,curve-p3-000180,reviewed_visible_observation,confirmed_continuous_curve
p3,1044.0229754459597,18.86913298919461,2.299599428514739,0.0936751858931899,301,385.0,14.5,0.5,False,visible,line-p3-000181,example-reviewer,accepted,,False,continuous,0,180,curve-p3-000181,reviewed_visible_observation,confirmed_continuous_curve
p3,1048.6221743029892,22.522465239028577,2.299599428514739,0.0936751858931899,302,365.5,11.5,0.5,False,visible,line-p3-000182,example-reviewer,accepted,,False,continuous,0,181,curve-p3-000182,reviewed_visible_observation,confirmed_continuous_curve
p3,1053.2213731600189,25.42639600171711,2.2995994285149663,0.0936751858931757,303,350.0,4.0,0.5,False,visible,line-p3-000183,example-reviewer,accepted,,False,continuous,0,182,curve-p3-000183,reviewed_visible_observation,confirmed_continuous_curve
p3,1057.8205720170483,25.801096745289826,2.299599428514739,0.0936751858931757,304,348.0,2.0,0.5,False,visible,line-p3-000184,example-reviewer,accepted,,False,continuous,0,183,curve-p3-000184,reviewed_visible_observation,confirmed_continuous_curve
p3,1076.2173674451667,25.05169525814439,2.299599428514739,0.0936751858931757,308,352.0,2.0,0.5,False,visible,line-p3-000185,example-reviewer,accepted,,True,continuous,0,184,curve-p3-000185,reviewed_visible_observation,confirmed_continuous_curve
p3,1080.8165663021962,24.489644142785323,2.2995994285149663,0.0936751858931757,309,355.0,4.0,0.5,False,visible,line-p3-000186,example-reviewer,accepted,,False,continuous,0,185,curve-p3-000186,reviewed_visible_observation,confirmed_continuous_curve
p3,1085.4157651592259,24.114943399212606,2.299599428514739,0.0936751858931757,310,357.0,2.0,0.5,False,visible,line-p3-000187,example-reviewer,accepted,,False,continuous,0,186,curve-p3-000187,reviewed_visible_observation,confirmed_continuous_curve
p3,1090.0149640162554,21.398363008310426,2.2995994285149663,0.0936751858931757,311,371.5,2.0,0.5,False,visible,line-p3-000188,example-reviewer,accepted,,False,continuous,0,187,curve-p3-000188,reviewed_visible_observation,confirmed_continuous_curve
p3,1094.614162873285,20.836311892951358,2.299599428514739,0.0936751858931757,312,374.5,3.5,0.5,False,visible,line-p3-000189,example-reviewer,accepted,,False,continuous,0,188,curve-p3-000189,reviewed_visible_observation,confirmed_continuous_curve
p3,1099.2133617303145,20.367935963485465,2.2995994285149663,0.0936751858931757,313,377.0,2.0,0.5,False,visible,line-p3-000190,example-reviewer,accepted,,False,continuous,0,189,curve-p3-000190,reviewed_visible_observation,confirmed_continuous_curve
p3,1103.8125605873443,21.960414123669494,2.299599428514739,0.0936751858931899,314,368.5,1.5,0.5,False,visible,line-p3-000191,example-reviewer,accepted,,False,continuous,0,190,curve-p3-000191,reviewed_visible_observation,confirmed_continuous_curve
p3,1108.4117594443737,22.428790053135387,2.299599428514739,0.0936751858931899,315,366.0,4.5,0.5,False,visible,line-p3-000192,example-reviewer,accepted,,False,continuous,0,191,curve-p3-000192,reviewed_visible_observation,confirmed_continuous_curve
p3,1113.0109583014034,22.99084116849447,2.2995994285149663,0.0936751858931899,316,363.0,3.0,0.5,False,visible,line-p3-000193,example-reviewer,accepted,,False,continuous,0,192,curve-p3-000193,reviewed_visible_observation,confirmed_continuous_curve
p3,1117.610157158433,25.801096745289826,2.299599428514739,0.0936751858931757,317,348.0,2.0,0.5,False,visible,line-p3-000194,example-reviewer,accepted,,False,continuous,0,193,curve-p3-000194,reviewed_visible_observation,confirmed_continuous_curve
p3,1122.2093560154626,25.894771931183,2.2995994285149663,0.0936751858931757,318,347.5,1.5,0.5,False,visible,line-p3-000195,example-reviewer,accepted,,False,continuous,0,194,curve-p3-000195,reviewed_visible_observation,confirmed_continuous_curve
p3,1126.808554872492,25.988447117076177,2.299599428514739,0.0936751858931899,319,347.0,1.0,0.5,False,visible,line-p3-000196,example-reviewer,accepted,,False,continuous,0,195,curve-p3-000196,reviewed_visible_observation,confirmed_continuous_curve
p3,1131.4077537295218,25.70742155939665,2.2995994285149663,0.0936751858931899,320,348.5,1.5,0.5,False,visible,line-p3-000197,example-reviewer,accepted,,False,continuous,0,196,curve-p3-000197,reviewed_visible_observation,confirmed_continuous_curve
p3,1136.0069525865513,25.520071187610284,2.299599428514739,0.0936751858931757,321,349.5,0.5,0.5,False,visible,line-p3-000198,example-reviewer,accepted,,False,continuous,0,197,curve-p3-000198,reviewed_visible_observation,confirmed_continuous_curve
p3,1149.80454915764,24.5833193286785,2.2995994285149663,0.0936751858931757,324,354.5,1.5,0.5,False,visible,line-p3-000199,example-reviewer,accepted,,True,continuous,0,198,curve-p3-000199,reviewed_visible_observation,confirmed_continuous_curve
p3,1154.4037480146696,25.145370444037567,2.299599428514739,0.0936751858931899,325,351.5,3.5,0.5,False,visible,line-p3-000200,example-reviewer,accepted,,False,continuous,0,199,curve-p3-000200,reviewed_visible_observation,confirmed_continuous_curve
p3,1159.0029468716991,25.520071187610284,2.299599428514739,0.0936751858931757,326,349.5,2.5,0.5,False,visible,line-p3-000201,example-reviewer,accepted,,False,continuous,0,200,curve-p3-000201,reviewed_visible_observation,confirmed_continuous_curve
p3,1168.2013445857583,23.084516354387645,2.299599428514739,0.0936751858931757,328,362.5,4.5,0.5,False,visible,line-p3-000202,example-reviewer,accepted,,True,continuous,0,201,curve-p3-000202,reviewed_visible_observation,confirmed_continuous_curve
p3,1172.800543442788,21.30468782241725,2.2995994285149663,0.0936751858931757,329,372.0,13.0,0.5,False,visible,line-p3-000203,example-reviewer,accepted,,False,continuous,0,202,curve-p3-000203,reviewed_visible_observation,confirmed_continuous_curve
p3,1177.3997422998175,19.43118410455368,2.299599428514739,0.0936751858931757,330,382.0,5.0,0.5,False,visible,line-p3-000204,example-reviewer,accepted,,False,continuous,0,203,curve-p3-000204,reviewed_visible_observation,confirmed_continuous_curve
p3,1181.9989411568472,18.681782617408246,2.2995994285149663,0.0936751858931757,331,386.0,0.5,0.5,False,visible,line-p3-000205,example-reviewer,accepted,,False,continuous,0,204,curve-p3-000205,reviewed_visible_observation,confirmed_continuous_curve
p3,1191.1973388709062,18.213406687942353,2.2995994285149663,0.0936751858931757,333,388.5,0.5,0.5,False,visible,line-p3-000206,example-reviewer,accepted,,True,continuous,0,205,curve-p3-000206,reviewed_visible_observation,confirmed_continuous_curve
p3,1195.7965377279359,18.40075705972872,2.299599428514739,0.0936751858931899,334,387.5,1.5,0.5,False,visible,line-p3-000207,example-reviewer,accepted,,False,continuous,0,206,curve-p3-000207,reviewed_visible_observation,confirmed_continuous_curve
p3,1204.994935441995,19.43118410455368,2.299599428514739,0.0936751858931757,336,382.0,2.0,0.5,False,visible,line-p3-000208,example-reviewer,accepted,,True,continuous,0,207,curve-p3-000208,reviewed_visible_observation,confirmed_continuous_curve
p3,1209.5941342990245,18.77545780330142,2.2995994285149663,0.0936751858931899,337,385.5,1.5,0.5,False,visible,line-p3-000209,example-reviewer,accepted,,False,continuous,0,208,curve-p3-000209,reviewed_visible_observation,confirmed_continuous_curve
p3,1214.1933331560542,18.213406687942353,2.299599428514739,0.0936751858931757,338,388.5,4.5,0.5,False,visible,line-p3-000210,example-reviewer,accepted,,False,continuous,0,209,curve-p3-000210,reviewed_visible_observation,confirmed_continuous_curve
p3,1218.7925320130837,17.838705944369636,2.299599428514739,0.0936751858931899,339,390.5,2.5,0.5,False,visible,line-p3-000211,example-reviewer,accepted,,False,continuous,0,210,curve-p3-000211,reviewed_visible_observation,confirmed_continuous_curve
p3,1227.9909297271429,15.309475925253821,2.299599428514739,0.0936751858931757,341,404.0,2.0,0.5,False,visible,line-p3-000212,example-reviewer,accepted,,True,continuous,0,211,curve-p3-000212,reviewed_visible_observation,confirmed_continuous_curve
p3,1232.5901285841726,14.841099995787928,2.2995994285149663,0.0936751858931899,342,406.5,4.5,0.5,False,visible,line-p3-000213,example-reviewer,accepted,,False,continuous,0,212,curve-p3-000213,reviewed_visible_observation,confirmed_continuous_curve
p3,1237.189327441202,12.030844418992558,2.299599428514739,0.0936751858931899,343,421.5,10.0,0.5,False,visible,line-p3-000214,example-reviewer,accepted,,False,continuous,0,213,curve-p3-000214,reviewed_visible_observation,confirmed_continuous_curve
p3,1241.7885262982318,11.187767745953963,2.2995994285149663,0.0936751858931899,344,426.0,4.0,0.5,False,visible,line-p3-000215,example-reviewer,accepted,,False,continuous,0,214,curve-p3-000215,reviewed_visible_observation,confirmed_continuous_curve
p3,1246.3877251552613,7.9091362396927,2.299599428514739,0.0936751858931899,345,443.5,10.5,0.5,False,visible,line-p3-000216,example-reviewer,accepted,,False,continuous,0,215,curve-p3-000216,reviewed_visible_observation,confirmed_continuous_curve
p3,1250.9869240122907,6.785034008974563,2.2995994285149663,0.0936751858931757,346,449.5,10.5,0.5,False,visible,line-p3-000217,example-reviewer,accepted,,False,continuous,0,216,curve-p3-000217,reviewed_visible_observation,confirmed_continuous_curve
p3,1255.5861228693204,3.412727316820124,2.299599428514739,0.0936751858931899,347,467.5,10.0,0.5,False,visible,line-p3-000218,example-reviewer,accepted,,False,continuous,0,217,curve-p3-000218,reviewed_visible_observation,confirmed_continuous_curve
p3,1260.18532172635,0.6961469259179438,2.2995994285149663,0.0936751858931899,348,482.0,7.0,0.5,False,visible,line-p3-000219,example-reviewer,accepted,,False,continuous,0,218,curve-p3-000219,reviewed_visible_observation,confirmed_continuous_curve
p3,1264.7845205833796,1.5392235989565535,2.299599428514739,0.0936751858931757,349,477.5,11.5,0.5,False,visible,line-p3-000220,example-reviewer,accepted,,False,continuous,0,219,curve-p3-000220,reviewed_visible_observation,confirmed_continuous_curve
p3,1269.383719440409,5.192555848790519,2.2995994285149663,0.0936751858931899,350,458.0,11.5,0.5,False,visible,line-p3-000221,example-reviewer,accepted,,False,continuous,0,220,curve-p3-000221,reviewed_visible_observation,confirmed_continuous_curve
p3,1273.9829182974388,12.124519604885748,2.299599428514739,0.0936751858931899,351,421.0,19.5,0.5,False,visible,line-p3-000222,example-reviewer,accepted,,False,continuous,0,221,curve-p3-000222,reviewed_visible_observation,confirmed_continuous_curve
p3,1278.5821171544683,16.246227784185606,2.299599428514739,0.0936751858931757,352,399.0,16.0,0.5,False,visible,line-p3-000223,example-reviewer,accepted,,False,continuous,0,222,curve-p3-000223,reviewed_visible_observation,confirmed_continuous_curve
p3,1283.181316011498,19.337508918660504,2.2995994285149663,0.0936751858931899,353,382.5,10.0,0.5,False,visible,line-p3-000224,example-reviewer,accepted,,False,continuous,0,223,curve-p3-000224,reviewed_visible_observation,confirmed_continuous_curve
p3,1287.7805148685275,20.086910405805924,2.299599428514739,0.0936751858931757,354,378.5,0.5,0.5,False,visible,line-p3-000225,example-reviewer,accepted,,False,continuous,0,224,curve-p3-000225,reviewed_visible_observation,confirmed_continuous_curve
p3,1292.3797137255572,22.803490796708104,2.2995994285149663,0.0936751858931757,355,364.0,4.0,0.5,False,visible,line-p3-000226,example-reviewer,accepted,,False,continuous,0,225,curve-p3-000226,reviewed_visible_observation,confirmed_continuous_curve
p3,1296.9789125825866,23.271866726173997,2.299599428514739,0.0936751858931899,356,361.5,2.5,0.5,False,visible,line-p3-000227,example-reviewer,accepted,,False,continuous,0,226,curve-p3-000227,reviewed_visible_observation,confirmed_continuous_curve
p3,1310.7765091536753,22.99084116849447,2.2995994285149663,0.0936751858931899,359,363.0,0.5,0.5,False,visible,line-p3-000228,example-reviewer,accepted,,True,continuous,0,227,curve-p3-000228,reviewed_visible_observation,confirmed_continuous_curve
p3,1315.375708010705,22.522465239028577,2.299599428514739,0.0936751858931899,360,365.5,3.5,0.5,False,visible,line-p3-000229,example-reviewer,accepted,,False,continuous,0,228,curve-p3-000229,reviewed_visible_observation,confirmed_continuous_curve
p3,1319.9749068677345,21.960414123669494,2.2995994285149663,0.0936751858931899,361,368.5,3.5,0.5,False,visible,line-p3-000230,example-reviewer,accepted,,False,continuous,0,229,curve-p3-000230,reviewed_visible_observation,confirmed_continuous_curve
p3,1324.5741057247642,18.86913298919461,2.299599428514739,0.0936751858931899,362,385.0,10.0,0.5,False,visible,line-p3-000231,example-reviewer,accepted,,False,continuous,0,230,curve-p3-000231,reviewed_visible_observation,confirmed_continuous_curve
p3,1329.1733045817937,18.30708187383553,2.2995994285149663,0.0936751858931899,363,388.0,11.0,0.5,False,visible,line-p3-000232,example-reviewer,accepted,,False,continuous,0,231,curve-p3-000232,reviewed_visible_observation,confirmed_continuous_curve
p3,1333.7725034388234,14.934775181681104,2.299599428514739,0.0936751858931757,364,406.0,5.0,0.5,False,visible,line-p3-000233,example-reviewer,accepted,,False,continuous,0,232,curve-p3-000233,reviewed_visible_observation,confirmed_continuous_curve
p3,1338.3717022958529,13.716997765069777,2.299599428514739,0.0936751858931757,365,412.5,7.5,0.5,False,visible,line-p3-000234,example-reviewer,accepted,,False,continuous,0,233,curve-p3-000234,reviewed_visible_observation,confirmed_continuous_curve
p3,1342.9709011528826,13.998023322749319,2.2995994285149663,0.0936751858931757,366,411.0,14.0,0.5,False,visible,line-p3-000235,example-reviewer,accepted,,False,continuous,0,234,curve-p3-000235,reviewed_visible_observation,confirmed_continuous_curve
p3,1347.570100009912,18.681782617408246,2.299599428514739,0.0936751858931757,367,386.0,13.0,0.5,False,visible,line-p3-000236,example-reviewer,accepted,,False,continuous,0,235,curve-p3-000236,reviewed_visible_observation,confirmed_continuous_curve
p3,1352.1692988669417,20.46161114937864,2.2995994285149663,0.0936751858931757,368,376.5,4.5,0.5,False,visible,line-p3-000237,example-reviewer,accepted,,False,continuous,0,236,curve-p3-000237,reviewed_visible_observation,confirmed_continuous_curve
p3,1356.7684977239712,23.83391784153308,2.299599428514739,0.0936751858931899,369,358.5,9.5,0.5,False,visible,line-p3-000238,example-reviewer,accepted,,False,continuous,0,237,curve-p3-000238,reviewed_visible_observation,confirmed_continuous_curve
p3,1361.367696581001,24.02126821331943,2.2995994285149663,0.0936751858931757,370,357.5,3.5,0.5,False,visible,line-p3-000239,example-reviewer,accepted,,False,continuous,0,238,curve-p3-000239,reviewed_visible_observation,confirmed_continuous_curve
p3,1365.9668954380304,24.5833193286785,2.299599428514739,0.0936751858931757,371,354.5,0.5,0.5,False,visible,line-p3-000240,example-reviewer,accepted,,False,continuous,0,239,curve-p3-000240,reviewed_visible_observation,confirmed_continuous_curve
p3,1370.5660942950599,24.489644142785323,2.2995994285149663,0.0936751858931757,372,355.0,0.5,0.5,False,visible,line-p3-000241,example-reviewer,accepted,,False,continuous,0,240,curve-p3-000241,reviewed_visible_observation,confirmed_continuous_curve
p3,1379.764492009119,22.522465239028577,2.2995994285149663,0.0936751858931899,374,365.5,0.5,0.5,False,visible,line-p3-000242,example-reviewer,accepted,,True,continuous,0,241,curve-p3-000242,reviewed_visible_observation,confirmed_continuous_curve
p3,1384.3636908661488,22.522465239028577,2.299599428514739,0.0936751858931899,375,365.5,0.5,0.5,False,visible,line-p3-000243,example-reviewer,accepted,,False,continuous,0,242,curve-p3-000243,reviewed_visible_observation,confirmed_continuous_curve
p3,1388.9628897231783,22.70981561081493,2.2995994285149663,0.0936751858931757,376,364.5,2.5,0.5,False,visible,line-p3-000244,example-reviewer,accepted,,False,continuous,0,243,curve-p3-000244,reviewed_visible_observation,confirmed_continuous_curve
p3,1393.562088580208,23.17819154028082,2.299599428514739,0.0936751858931757,377,362.0,3.5,0.5,False,visible,line-p3-000245,example-reviewer,accepted,,False,continuous,0,244,curve-p3-000245,reviewed_visible_observation,confirmed_continuous_curve
p3,1398.1612874372374,23.552892283853538,2.299599428514739,0.0936751858931757,378,360.0,1.0,0.5,False,visible,line-p3-000246,example-reviewer,accepted,,False,continuous,0,245,curve-p3-000246,reviewed_visible_observation,confirmed_continuous_curve
p3,1407.3596851512966,22.054089309562684,2.299599428514739,0.0936751858931899,380,368.0,4.0,0.5,False,visible,line-p3-000247,example-reviewer,accepted,,True,continuous,0,246,curve-p3-000247,reviewed_visible_observation,confirmed_continuous_curve
p3,1411.9588840083263,21.773063751883143,2.2995994285149663,0.0936751858931757,381,369.5,14.5,0.5,False,visible,line-p3-000248,example-reviewer,accepted,,False,continuous,0,247,curve-p3-000248,reviewed_visible_observation,confirmed_continuous_curve
p3,1416.5580828653558,15.309475925253821,2.299599428514739,0.0936751858931757,382,404.0,15.5,0.5,False,visible,line-p3-000249,example-reviewer,accepted,,False,continuous,0,248,curve-p3-000249,reviewed_visible_observation,confirmed_continuous_curve
p3,1421.1572817223855,15.02845036757428,2.2995994285149663,0.0936751858931757,383,405.5,14.0,0.5,False,visible,line-p3-000250,example-reviewer,accepted,,False,continuous,0,249,curve-p3-000250,reviewed_visible_observation,confirmed_continuous_curve
p3,1425.756480579415,18.119731502049177,2.299599428514739,0.0936751858931757,384,389.0,21.5,0.5,False,visible,line-p3-000251,example-reviewer,accepted,,False,continuous,0,250,curve-p3-000251,reviewed_visible_observation,confirmed_continuous_curve
p3,1430.3556794364445,21.58571338009679,2.2995994285149663,0.0936751858931899,385,370.5,11.0,0.5,False,visible,line-p3-000252,example-reviewer,accepted,,False,continuous,0,251,curve-p3-000252,reviewed_visible_observation,confirmed_continuous_curve
p3,1434.9548782934742,24.958020072251216,2.299599428514739,0.0936751858931757,386,352.5,4.5,0.5,False,visible,line-p3-000253,example-reviewer,accepted,,False,continuous,0,252,curve-p3-000253,reviewed_visible_observation,confirmed_continuous_curve
p3,1439.5540771505036,25.239045629930757,2.2995994285149663,0.0936751858931899,387,351.0,3.0,0.5,False,visible,line-p3-000254,example-reviewer,accepted,,False,continuous,0,253,curve-p3-000254,reviewed_visible_observation,confirmed_continuous_curve
p3,1448.7524748645628,24.395968956892148,2.2995994285149663,0.0936751858931757,389,355.5,1.5,0.5,False,visible,line-p3-000255,example-reviewer,accepted,,True,continuous,0,254,curve-p3-000255,reviewed_visible_observation,confirmed_continuous_curve
p3,1453.3516737215925,23.927593027426255,2.299599428514739,0.0936751858931757,390,358.0,9.0,0.5,False,visible,line-p3-000256,example-reviewer,accepted,,False,continuous,0,255,curve-p3-000256,reviewed_visible_observation,confirmed_continuous_curve
p3,1457.950872578622,19.993235219912748,2.299599428514739,0.0936751858931757,391,379.0,20.5,0.5,False,visible,line-p3-000257,example-reviewer,accepted,,False,continuous,0,256,curve-p3-000257,reviewed_visible_observation,confirmed_continuous_curve
p3,1462.5500714356517,16.808278899544675,2.2995994285149663,0.0936751858931757,392,396.0,23.0,0.5,False,visible,line-p3-000258,example-reviewer,accepted,,False,continuous,0,257,curve-p3-000258,reviewed_visible_observation,confirmed_continuous_curve
p3,1467.1492702926812,10.251015887022177,2.299599428514739,0.0936751858931899,393,431.0,16.5,0.5,False,visible,line-p3-000259,example-reviewer,accepted,,False,continuous,0,258,curve-p3-000259,reviewed_visible_observation,confirmed_continuous_curve
p3,1471.748469149711,9.688964771663095,2.2995994285149663,0.0936751858931899,394,434.0,12.5,0.5,False,visible,line-p3-000260,example-reviewer,accepted,,False,continuous,0,259,curve-p3-000260,reviewed_visible_observation,confirmed_continuous_curve
p3,1476.3476680067404,12.780245906137992,2.299599428514739,0.0936751858931757,395,417.5,10.5,0.5,False,visible,line-p3-000261,example-reviewer,accepted,,False,continuous,0,260,curve-p3-000261,reviewed_visible_observation,confirmed_continuous_curve
p3,1480.94686686377,15.590501482933348,2.2995994285149663,0.0936751858931899,396,402.5,9.5,0.5,False,visible,line-p3-000262,example-reviewer,accepted,,False,continuous,0,261,curve-p3-000262,reviewed_visible_observation,confirmed_continuous_curve
p3,1485.5460657207996,16.433578155971958,2.299599428514739,0.0936751858931757,397,398.0,3.0,0.5,False,visible,line-p3-000263,example-reviewer,accepted,,False,continuous,0,262,curve-p3-000263,reviewed_visible_observation,confirmed_continuous_curve
p3,1490.145264577829,16.808278899544675,2.2995994285149663,0.0936751858931757,398,396.0,1.0,0.5,False,visible,line-p3-000264,example-reviewer,accepted,,False,continuous,0,263,curve-p3-000264,reviewed_visible_observation,confirmed_continuous_curve
p3,1499.3436622918882,16.339902970078782,2.2995994285149663,0.0936751858931757,400,398.5,2.5,0.5,False,visible,line-p3-000265,example-reviewer,accepted,,True,continuous,0,264,curve-p3-000265,reviewed_visible_observation,confirmed_continuous_curve
p3,1503.942861148918,14.747424809894738,2.299599428514739,0.0936751858931899,401,407.0,12.0,0.5,False,visible,line-p3-000266,example-reviewer,accepted,,False,continuous,0,265,curve-p3-000266,reviewed_visible_observation,confirmed_continuous_curve
p3,1508.5420600059474,12.967596277924358,2.2995994285149663,0.0936751858931899,402,416.5,4.5,0.5,False,visible,line-p3-000267,example-reviewer,accepted,,False,continuous,0,266,curve-p3-000267,reviewed_visible_observation,confirmed_continuous_curve
p3,1513.141258862977,14.091698508642494,2.299599428514739,0.0936751858931757,403,410.5,7.0,0.5,False,visible,line-p3-000268,example-reviewer,accepted,,False,continuous,0,267,curve-p3-000268,reviewed_visible_observation,confirmed_continuous_curve
p3,1517.7404577200066,14.372724066322036,2.299599428514739,0.0936751858931899,404,409.0,4.0,0.5,False,visible,line-p3-000269,example-reviewer,accepted,,False,continuous,0,268,curve-p3-000269,reviewed_visible_observation,confirmed_continuous_curve
p3,1522.3396565770363,17.932381130262826,2.2995994285149663,0.0936751858931899,405,390.0,10.0,0.5,False,visible,line-p3-000270,example-reviewer,accepted,,False,continuous,0,269,curve-p3-000270,reviewed_visible_observation,confirmed_continuous_curve
p3,1526.9388554340658,18.30708187383553,2.299599428514739,0.0936751858931899,406,388.0,10.0,0.5,False,visible,line-p3-000271,example-reviewer,accepted,,False,continuous,0,270,curve-p3-000271,reviewed_visible_observation,confirmed_continuous_curve
p3,1531.5380542910955,21.679388565989967,2.2995994285149663,0.0936751858931757,407,370.0,4.0,0.5,False,visible,line-p3-000272,example-reviewer,accepted,,False,continuous,0,271,curve-p3-000272,reviewed_visible_observation,confirmed_continuous_curve
p3,1536.137253148125,21.960414123669494,2.299599428514739,0.0936751858931899,408,368.5,3.5,0.5,False,visible,line-p3-000273,example-reviewer,accepted,,False,continuous,0,272,curve-p3-000273,reviewed_visible_observation,confirmed_continuous_curve
p3,1549.9348497192136,23.271866726173997,2.2995994285149663,0.0936751858931899,411,361.5,2.5,0.5,False,visible,line-p3-000274,example-reviewer,accepted,,True,continuous,0,273,curve-p3-000274,reviewed_visible_observation,confirmed_continuous_curve
p3,1554.5340485762433,22.70981561081493,2.299599428514739,0.0936751858931757,412,364.5,4.5,0.5,False,visible,line-p3-000275,example-reviewer,accepted,,False,continuous,0,274,curve-p3-000275,reviewed_visible_observation,confirmed_continuous_curve
p3,1559.1332474332728,22.241439681349036,2.2995994285149663,0.0936751858931757,413,367.0,2.0,0.5,False,visible,line-p3-000276,example-reviewer,accepted,,False,continuous,0,275,curve-p3-000276,reviewed_visible_observation,confirmed_continuous_curve
p3,1563.7324462903025,19.243833732767314,2.299599428514739,0.0936751858931899,414,383.0,4.0,0.5,False,visible,line-p3-000277,example-reviewer,accepted,,False,continuous,0,276,curve-p3-000277,reviewed_visible_observation,confirmed_continuous_curve
p3,1568.331645147332,19.150158546874138,2.2995994285149663,0.0936751858931757,415,383.5,3.5,0.5,False,visible,line-p3-000278,example-reviewer,accepted,,False,continuous,0,277,curve-p3-000278,reviewed_visible_observation,confirmed_continuous_curve
p3,1572.9308440043617,19.61853447634003,2.299599428514739,0.0936751858931757,416,381.0,3.0,0.5,False,visible,line-p3-000279,example-reviewer,accepted,,False,continuous,0,278,curve-p3-000279,reviewed_visible_observation,confirmed_continuous_curve
p3,1577.5300428613912,19.805884848126396,2.299599428514739,0.0936751858931899,417,380.0,4.5,0.5,False,visible,line-p3-000280,example-reviewer,accepted,,False,continuous,0,279,curve-p3-000280,reviewed_visible_observation,confirmed_continuous_curve
p3,1582.1292417184209,22.99084116849447,2.2995994285149663,0.0936751858931899,418,363.0,7.0,0.5,False,visible,line-p3-000281,example-reviewer,accepted,,False,continuous,0,280,curve-p3-000281,reviewed_visible_observation,confirmed_continuous_curve
p3,1586.7284405754503,23.646567469746714,2.299599428514739,0.0936751858931757,419,359.5,4.5,0.5,False,visible,line-p3-000282,example-reviewer,accepted,,False,continuous,0,281,curve-p3-000282,reviewed_visible_observation,confirmed_continuous_curve
p3,1591.32763943248,24.489644142785323,2.2995994285149663,0.0936751858931757,420,355.0,9.5,0.5,False,visible,line-p3-000283,example-reviewer,accepted,,False,continuous,0,282,curve-p3-000283,reviewed_visible_observation,confirmed_continuous_curve
p3,1595.9268382895095,27.29989971958068,2.299599428514739,0.0936751858931828,421,340.0,5.0,0.5,False,visible,line-p3-000284,example-reviewer,accepted,,False,continuous,0,283,curve-p3-000284,reviewed_visible_observation,confirmed_continuous_curve
p3,1600.5260371465392,27.674600463153396,2.2995994285149663,0.0936751858931828,422,338.0,2.0,0.5,False,visible,line-p3-000285,example-reviewer,accepted,,False,continuous,0,284,curve-p3-000285,reviewed_visible_observation,confirmed_continuous_curve
p3,1609.7244348605982,27.206224533687504,2.2995994285149663,0.0936751858931757,424,340.5,0.5,0.5,False,visible,line-p3-000286,example-reviewer,accepted,,True,continuous,0,285,curve-p3-000286,reviewed_visible_observation,confirmed_continuous_curve
p3,1614.323633717628,26.925198976007962,2.299599428514739,0.0936751858931828,425,342.0,2.0,0.5,False,visible,line-p3-000287,example-reviewer,accepted,,False,continuous,0,286,curve-p3-000287,reviewed_visible_observation,confirmed_continuous_curve
p3,1618.9228325746574,26.644173418328435,2.2995994285149663,0.0936751858931757,426,343.5,1.5,0.5,False,visible,line-p3-000288,example-reviewer,accepted,,False,continuous,0,287,curve-p3-000288,reviewed_visible_observation,confirmed_continuous_curve
p3,1623.522031431687,26.925198976007962,2.299599428514739,0.0936751858931828,427,342.0,2.0,0.5,False,visible,line-p3-000289,example-reviewer,accepted,,False,continuous,0,288,curve-p3-000289,reviewed_visible_observation,confirmed_continuous_curve
p3,1628.1212302887166,27.206224533687504,2.2995994285149663,0.0936751858931757,428,340.5,0.5,0.5,False,visible,line-p3-000290,example-reviewer,accepted,,False,continuous,0,289,curve-p3-000290,reviewed_visible_observation,confirmed_continuous_curve
p3,1646.518025716835,27.674600463153396,2.299599428514739,0.0936751858931828,432,338.0,0.5,0.5,False,visible,line-p3-000291,example-reviewer,accepted,,True,continuous,0,290,curve-p3-000291,reviewed_visible_observation,confirmed_continuous_curve
p3,1651.1172245738646,28.330326764405648,2.2995994285149663,0.0936751858931757,433,334.5,4.5,0.5,False,visible,line-p3-000292,example-reviewer,accepted,,False,continuous,0,291,curve-p3-000292,reviewed_visible_observation,confirmed_continuous_curve
p3,1655.716423430894,31.327932712987362,2.299599428514739,0.0936751858931828,434,318.5,12.5,0.5,False,visible,line-p3-000293,example-reviewer,accepted,,False,continuous,0,292,curve-p3-000293,reviewed_visible_observation,confirmed_continuous_curve
p3,1660.3156222879238,30.85955678352147,2.2995994285149663,0.0936751858931828,435,321.0,10.5,0.5,False,visible,line-p3-000294,example-reviewer,accepted,,False,continuous,0,293,curve-p3-000294,reviewed_visible_observation,confirmed_continuous_curve
p3,1664.9148211449533,29.45442899512379,2.299599428514739,0.0936751858931757,436,328.5,9.5,0.5,False,visible,line-p3-000295,example-reviewer,accepted,,False,continuous,0,294,curve-p3-000295,reviewed_visible_observation,confirmed_continuous_curve
p3,1669.5140200019828,25.70742155939665,2.2995994285149663,0.0936751858931899,437,348.5,10.0,0.5,False,visible,line-p3-000296,example-reviewer,accepted,,False,continuous,0,295,curve-p3-000296,reviewed_visible_observation,confirmed_continuous_curve
p3,1674.1132188590125,22.522465239028577,2.299599428514739,0.0936751858931899,438,365.5,1.5,0.5,False,visible,line-p3-000297,example-reviewer,accepted,,False,continuous,0,296,curve-p3-000297,reviewed_visible_observation,confirmed_continuous_curve
p3,1678.712417716042,22.70981561081493,2.2995994285149663,0.0936751858931757,439,364.5,0.5,0.5,False,visible,line-p3-000298,example-reviewer,accepted,,False,continuous,0,297,curve-p3-000298,reviewed_visible_observation,confirmed_continuous_curve
p3,1706.3076108582195,21.960414123669494,2.2995994285149663,0.0936751858931899,445,368.5,0.5,0.5,False,visible,line-p3-000299,example-reviewer,accepted,,True,continuous,0,298,curve-p3-000299,reviewed_visible_observation,confirmed_continuous_curve
p3,1710.9068097152492,21.773063751883143,2.299599428514739,0.0936751858931757,446,369.5,1.5,0.5,False,visible,line-p3-000300,example-reviewer,accepted,,False,continuous,0,299,curve-p3-000300,reviewed_visible_observation,confirmed_continuous_curve
p3,1715.5060085722787,21.4920381942036,2.299599428514739,0.0936751858931899,447,371.0,1.0,0.5,False,visible,line-p3-000301,example-reviewer,accepted,,False,continuous,0,300,curve-p3-000301,reviewed_visible_observation,confirmed_continuous_curve
p3,1720.1052074293082,21.30468782241725,2.299599428514739,0.0936751858931757,448,372.0,1.0,0.5,False,visible,line-p3-000302,example-reviewer,accepted,,False,continuous,0,301,curve-p3-000302,reviewed_visible_observation,confirmed_continuous_curve
p3,1724.7044062863376,21.30468782241725,2.2995994285151937,0.0936751858931757,449,372.0,1.0,0.5,False,visible,line-p3-000303,example-reviewer,accepted,,False,continuous,0,302,curve-p3-000303,reviewed_visible_observation,confirmed_continuous_curve
p3,1729.3036051433676,21.4920381942036,2.299599428514739,0.0936751858931899,450,371.0,1.0,0.5,False,visible,line-p3-000304,example-reviewer,accepted,,False,continuous,0,303,curve-p3-000304,reviewed_visible_observation,confirmed_continuous_curve
p3,1733.902804000397,21.679388565989967,2.299599428514739,0.0936751858931757,451,370.0,1.0,0.5,False,visible,line-p3-000305,example-reviewer,accepted,,False,continuous,0,304,curve-p3-000305,reviewed_visible_observation,confirmed_continuous_curve
p3,1747.700400571486,22.803490796708104,2.299599428514739,0.0936751858931757,454,364.0,0.5,0.5,False,visible,line-p3-000306,example-reviewer,accepted,,True,continuous,0,305,curve-p3-000306,reviewed_visible_observation,confirmed_continuous_curve
p3,1756.898798285545,21.58571338009679,2.299599428514739,0.0936751858931899,456,370.5,0.5,0.5,False,visible,line-p3-000307,example-reviewer,accepted,,True,continuous,0,306,curve-p3-000307,reviewed_visible_observation,confirmed_continuous_curve
p3,1761.4979971425744,20.27426077759229,2.299599428514739,0.0936751858931899,457,377.5,0.5,0.5,False,visible,line-p3-000308,example-reviewer,accepted,,False,continuous,0,307,curve-p3-000308,reviewed_visible_observation,confirmed_continuous_curve
p3,1766.0971959996043,20.1805855916991,2.2995994285151937,0.0936751858931899,458,378.0,1.0,0.5,False,visible,line-p3-000309,example-reviewer,accepted,,False,continuous,0,308,curve-p3-000309,reviewed_visible_observation,confirmed_continuous_curve
p3,1770.6963948566338,19.899560034019572,2.299599428514739,0.0936751858931757,459,379.5,1.5,0.5,False,visible,line-p3-000310,example-reviewer,accepted,,False,continuous,0,309,curve-p3-000310,reviewed_visible_observation,confirmed_continuous_curve
p3,1775.2955937136633,20.367935963485465,2.299599428514739,0.0936751858931757,460,377.0,4.0,0.5,False,visible,line-p3-000311,example-reviewer,accepted,,False,continuous,0,310,curve-p3-000311,reviewed_visible_observation,confirmed_continuous_curve
p3,1779.8947925706927,20.836311892951358,2.299599428514739,0.0936751858931757,461,374.5,3.0,0.5,False,visible,line-p3-000312,example-reviewer,accepted,,False,continuous,0,311,curve-p3-000312,reviewed_visible_observation,confirmed_continuous_curve
p3,1784.4939914277222,21.30468782241725,2.2995994285151937,0.0936751858931757,462,372.0,0.5,0.5,False,visible,line-p3-000313,example-reviewer,accepted,,False,continuous,0,312,curve-p3-000313,reviewed_visible_observation,confirmed_continuous_curve
p3,1789.0931902847522,23.271866726173997,2.299599428514739,0.0936751858931899,463,361.5,0.5,0.5,False,visible,line-p3-000314,example-reviewer,accepted,,False,continuous,0,313,curve-p3-000314,reviewed_visible_observation,confirmed_continuous_curve
p3,1793.6923891417816,23.365541912067187,2.299599428514739,0.0936751858931899,464,361.0,1.0,0.5,False,visible,line-p3-000315,example-reviewer,accepted,,False,continuous,0,314,curve-p3-000315,reviewed_visible_observation,confirmed_continuous_curve
p3,1798.291587998811,23.365541912067187,2.299599428514739,0.0936751858931899,465,361.0,1.0,0.5,False,visible,line-p3-000316,example-reviewer,accepted,,False,continuous,0,315,curve-p3-000316,reviewed_visible_observation,confirmed_continuous_curve
p3,1802.8907868558406,23.17819154028082,2.2995994285151937,0.0936751858931757,466,362.0,2.0,0.5,False,visible,line-p3-000317,example-reviewer,accepted,,False,continuous,0,316,curve-p3-000317,reviewed_visible_observation,confirmed_continuous_curve
p3,1807.4899857128705,22.70981561081493,2.299599428514739,0.0936751858931757,467,364.5,1.5,0.5,False,visible,line-p3-000318,example-reviewer,accepted,,False,continuous,0,317,curve-p3-000318,reviewed_visible_observation,confirmed_continuous_curve
p3,1812.0891845699,22.616140424921753,2.299599428514739,0.0936751858931757,468,365.0,1.0,0.5,False,visible,line-p3-000319,example-reviewer,accepted,,False,continuous,0,318,curve-p3-000319,reviewed_visible_observation,confirmed_continuous_curve
p3,1825.886781140989,25.42639600171711,2.2995994285151937,0.0936751858931757,471,350.0,4.0,0.5,False,visible,line-p3-000320,example-reviewer,accepted,,True,continuous,0,319,curve-p3-000320,reviewed_visible_observation,confirmed_continuous_curve
p3,1830.4859799980184,36.573743123005364,2.299599428514739,0.0936751858931828,472,290.5,45.0,0.5,False,visible,line-p3-000321,example-reviewer,accepted,,False,continuous,0,320,curve-p3-000321,reviewed_visible_observation,confirmed_continuous_curve
p3,1835.0851788550478,36.76109349479172,2.299599428514739,0.0936751858931828,473,289.5,44.0,0.5,False,visible,line-p3-000322,example-reviewer,accepted,,False,continuous,0,321,curve-p3-000322,reviewed_visible_observation,confirmed_continuous_curve
p3,1839.6843777120773,33.76348754621001,2.299599428514739,0.0936751858931757,474,305.5,33.5,0.5,False,visible,line-p3-000323,example-reviewer,accepted,,False,continuous,0,322,curve-p3-000323,reviewed_visible_observation,confirmed_continuous_curve
p3,1848.8827754261367,36.38639275121901,2.299599428514739,0.0936751858931828,476,291.5,50.5,0.5,False,visible,line-p3-000324,example-reviewer,accepted,,True,continuous,0,323,curve-p3-000324,reviewed_visible_observation,confirmed_continuous_curve
p3,1853.4819742831662,38.35357165497576,2.299599428514739,0.0936751858931828,477,281.0,51.0,0.5,False,visible,line-p3-000325,example-reviewer,accepted,,False,continuous,0,324,curve-p3-000325,reviewed_visible_observation,confirmed_continuous_curve
p3,1858.0811731401957,35.168615334607686,2.299599428514739,0.0936751858931828,478,298.0,60.5,0.5,False,visible,line-p3-000326,example-reviewer,accepted,,False,continuous,0,325,curve-p3-000326,reviewed_visible_observation,confirmed_continuous_curve
p3,1862.6803719972252,26.363147860648894,2.2995994285151937,0.0936751858931757,479,345.0,14.0,0.5,False,visible,line-p3-000327,example-reviewer,accepted,,False,continuous,0,326,curve-p3-000327,reviewed_visible_observation,confirmed_continuous_curve
p3,1867.279570854255,21.86673893777632,2.299599428514739,0.0936751858931757,480,369.0,0.5,0.5,False,visible,line-p3-000328,example-reviewer,accepted,,False,continuous,0,327,curve-p3-000328,reviewed_visible_observation,confirmed_continuous_curve
p3,1871.8787697112846,21.86673893777632,2.299599428514739,0.0936751858931757,481,369.0,1.0,0.5,False,visible,line-p3-000329,example-reviewer,accepted,,False,continuous,0,328,curve-p3-000329,reviewed_visible_observation,confirmed_continuous_curve
p3,1876.477968568314,21.960414123669494,2.299599428514739,0.0936751858931899,482,368.5,0.5,0.5,False,visible,line-p3-000330,example-reviewer,accepted,,False,continuous,0,329,curve-p3-000330,reviewed_visible_observation,confirmed_continuous_curve
p3,1881.0771674253435,21.58571338009679,2.299599428514739,0.0936751858931899,483,370.5,3.5,0.5,False,visible,line-p3-000331,example-reviewer,accepted,,False,continuous,0,330,curve-p3-000331,reviewed_visible_observation,confirmed_continuous_curve
p3,1885.6763662823735,21.30468782241725,2.2995994285151937,0.0936751858931757,484,372.0,2.0,0.5,False,visible,line-p3-000332,example-reviewer,accepted,,False,continuous,0,331,curve-p3-000332,reviewed_visible_observation,confirmed_continuous_curve
p3,1904.0731617104914,19.899560034019572,2.2995994285151937,0.0936751858931757,488,379.5,0.5,0.5,False,visible,line-p3-000333,example-reviewer,accepted,,True,continuous,0,332,curve-p3-000333,reviewed_visible_observation,confirmed_continuous_curve
p3,1908.6723605675213,20.086910405805924,2.299599428514739,0.0936751858931757,489,378.5,1.5,0.5,False,visible,line-p3-000334,example-reviewer,accepted,,False,continuous,0,333,curve-p3-000334,reviewed_visible_observation,confirmed_continuous_curve
p3,1913.2715594245508,20.367935963485465,2.299599428514739,0.0936751858931757,490,377.0,1.0,0.5,False,visible,line-p3-000335,example-reviewer,accepted,,False,continuous,0,334,curve-p3-000335,reviewed_visible_observation,confirmed_continuous_curve
p3,1917.8707582815803,20.555286335271816,2.299599428514739,0.0936751858931899,491,376.0,1.0,0.5,False,visible,line-p3-000336,example-reviewer,accepted,,False,continuous,0,335,curve-p3-000336,reviewed_visible_observation,confirmed_continuous_curve
p3,1922.4699571386097,20.46161114937864,2.2995994285151937,0.0936751858931757,492,376.5,1.5,0.5,False,visible,line-p3-000337,example-reviewer,accepted,,False,continuous,0,336,curve-p3-000337,reviewed_visible_observation,confirmed_continuous_curve
p3,1927.0691559956397,20.1805855916991,2.299599428514739,0.0936751858931899,493,378.0,1.0,0.5,False,visible,line-p3-000338,example-reviewer,accepted,,False,continuous,0,337,curve-p3-000338,reviewed_visible_observation,confirmed_continuous_curve
p3,1931.6683548526692,20.1805855916991,2.299599428514739,0.0936751858931899,494,378.0,0.5,0.5,False,visible,line-p3-000339,example-reviewer,accepted,,False,continuous,0,338,curve-p3-000339,reviewed_visible_observation,confirmed_continuous_curve
p3,1940.866752566728,20.086910405805924,2.299599428514739,0.0936751858931757,496,378.5,0.5,0.5,False,visible,line-p3-000340,example-reviewer,accepted,,True,continuous,0,339,curve-p3-000340,reviewed_visible_observation,confirmed_continuous_curve
p3,1945.465951423758,19.712209662233207,2.2995994285151937,0.0936751858931899,497,380.5,2.5,0.5,False,visible,line-p3-000341,example-reviewer,accepted,,False,continuous,0,340,curve-p3-000341,reviewed_visible_observation,confirmed_continuous_curve
p3,1950.0651502807875,19.43118410455368,2.299599428514739,0.0936751858931757,498,382.0,2.0,0.5,False,visible,line-p3-000342,example-reviewer,accepted,,False,continuous,0,341,curve-p3-000342,reviewed_visible_observation,confirmed_continuous_curve
p3,1954.664349137817,19.61853447634003,2.299599428514739,0.0936751858931757,499,381.0,1.0,0.5,False,visible,line-p3-000343,example-reviewer,accepted,,False,continuous,0,342,curve-p3-000343,reviewed_visible_observation,confirmed_continuous_curve
p3,1959.2635479948465,19.899560034019572,2.299599428514739,0.0936751858931757,500,379.5,0.5,0.5,False,visible,line-p3-000344,example-reviewer,accepted,,False,continuous,0,343,curve-p3-000344,reviewed_visible_observation,confirmed_continuous_curve
p3,1963.862746851876,19.243833732767314,2.2995994285151937,0.0936751858931899,501,383.0,4.0,0.5,False,visible,line-p3-000345,example-reviewer,accepted,,False,continuous,0,344,curve-p3-000345,reviewed_visible_observation,confirmed_continuous_curve
p3,1968.461945708906,18.962808175087787,2.299599428514739,0.0936751858931757,502,384.5,3.5,0.5,False,visible,line-p3-000346,example-reviewer,accepted,,False,continuous,0,345,curve-p3-000346,reviewed_visible_observation,confirmed_continuous_curve
p3,1996.0571388510832,18.213406687942353,2.299599428514739,0.0936751858931757,508,388.5,0.5,0.5,False,visible,line-p3-000347,example-reviewer,accepted,,True,continuous,0,346,curve-p3-000347,reviewed_visible_observation,confirmed_continuous_curve
p3,2000.6563377081127,18.119731502049177,2.299599428514739,0.0936751858931757,509,389.0,1.0,0.5,False,visible,line-p3-000348,example-reviewer,accepted,,False,continuous,0,347,curve-p3-000348,reviewed_visible_observation,confirmed_continuous_curve
p3,2005.2555365651426,17.838705944369636,2.2995994285151937,0.0936751858931899,510,390.5,1.5,0.5,False,visible,line-p3-000349,example-reviewer,accepted,,False,continuous,0,348,curve-p3-000349,reviewed_visible_observation,confirmed_continuous_curve
p3,2009.854735422172,17.55768038669011,2.299599428514739,0.0936751858931899,511,392.0,1.0,0.5,False,visible,line-p3-000350,example-reviewer,accepted,,False,continuous,0,349,curve-p3-000350,reviewed_visible_observation,confirmed_continuous_curve
p3,2014.4539342792016,17.651355572583284,2.299599428514739,0.0936751858931757,512,391.5,0.5,0.5,False,visible,line-p3-000351,example-reviewer,accepted,,False,continuous,0,350,curve-p3-000351,reviewed_visible_observation,confirmed_continuous_curve
p3,2019.053133136231,17.46400520079692,2.299599428514739,0.0936751858931899,513,392.5,1.5,0.5,False,visible,line-p3-000352,example-reviewer,accepted,,False,continuous,0,351,curve-p3-000352,reviewed_visible_observation,confirmed_continuous_curve
p3,2023.6523319932605,17.370330014903743,2.2995994285151937,0.0936751858931757,514,393.0,1.0,0.5,False,visible,line-p3-000353,example-reviewer,accepted,,False,continuous,0,352,curve-p3-000353,reviewed_visible_observation,confirmed_continuous_curve
p3,2028.2515308502905,15.122125553467455,2.299599428514739,0.0936751858931899,515,405.0,1.0,0.5,False,visible,line-p3-000354,example-reviewer,accepted,,False,continuous,0,353,curve-p3-000354,reviewed_visible_observation,confirmed_continuous_curve
p3,2032.85072970732,14.841099995787928,2.299599428514739,0.0936751858931899,516,406.5,1.5,0.5,False,visible,line-p3-000355,example-reviewer,accepted,,False,continuous,0,354,curve-p3-000355,reviewed_visible_observation,confirmed_continuous_curve
p3,2037.4499285643494,14.466399252215211,2.299599428514739,0.0936751858931757,517,408.5,1.5,0.5,False,visible,line-p3-000356,example-reviewer,accepted,,False,continuous,0,355,curve-p3-000356,reviewed_visible_observation,confirmed_continuous_curve
p3,2042.049127421379,14.18537369453567,2.299599428514739,0.0936751858931757,518,410.0,1.0,0.5,False,visible,line-p3-000357,example-reviewer,accepted,,False,continuous,0,356,curve-p3-000357,reviewed_visible_observation,confirmed_continuous_curve
p3,2046.6483262784088,13.998023322749319,2.2995994285151937,0.0936751858931757,519,411.0,1.0,0.5,False,visible,line-p3-000358,example-reviewer,accepted,,False,continuous,0,357,curve-p3-000358,reviewed_visible_observation,confirmed_continuous_curve
p3,2051.247525135438,13.810672950962953,2.299599428514739,0.0936751858931899,520,412.0,1.0,0.5,False,visible,line-p3-000359,example-reviewer,accepted,,False,continuous,0,358,curve-p3-000359,reviewed_visible_observation,confirmed_continuous_curve
p3,2055.8467239924676,11.562468489526665,2.299599428514739,0.0936751858931899,521,424.0,0.5,0.5,False,visible,line-p3-000360,example-reviewer,accepted,,False,continuous,0,359,curve-p3-000360,reviewed_visible_observation,confirmed_continuous_curve
p3,2060.445922849497,11.094092560060773,2.299599428514739,0.0936751858931899,522,426.5,3.5,0.5,False,visible,line-p3-000361,example-reviewer,accepted,,False,continuous,0,360,curve-p3-000361,reviewed_visible_observation,confirmed_continuous_curve
p3,2065.0451217065274,10.71939181648807,2.2995994285156485,0.0936751858931899,523,428.5,3.5,0.5,False,visible,line-p3-000362,example-reviewer,accepted,,False,continuous,0,361,curve-p3-000362,reviewed_visible_observation,confirmed_continuous_curve
p3,2069.644320563557,10.813067002381246,2.299599428514739,0.0936751858931757,524,428.0,3.5,0.5,False,visible,line-p3-000363,example-reviewer,accepted,,False,continuous,0,362,curve-p3-000363,reviewed_visible_observation,confirmed_continuous_curve
p3,2074.2435194205864,11.46879330363349,2.299599428514739,0.0936751858931757,525,424.5,4.5,0.5,False,visible,line-p3-000364,example-reviewer,accepted,,False,continuous,0,363,curve-p3-000364,reviewed_visible_observation,confirmed_continuous_curve
p3,2078.842718277616,11.937169233099382,2.299599428514739,0.0936751858931757,526,422.0,2.0,0.5,False,visible,line-p3-000365,example-reviewer,accepted,,False,continuous,0,364,curve-p3-000365,reviewed_visible_observation,confirmed_continuous_curve
p3,2083.4419171346453,12.218194790778924,2.299599428514739,0.0936751858931757,527,420.5,2.5,0.5,False,visible,line-p3-000366,example-reviewer,accepted,,False,continuous,0,365,curve-p3-000366,reviewed_visible_observation,confirmed_continuous_curve
p3,2088.041115991675,11.843494047206207,2.299599428514739,0.0936751858931757,528,422.5,3.5,0.5,False,visible,line-p3-000367,example-reviewer,accepted,,False,continuous,0,366,curve-p3-000367,reviewed_visible_observation,confirmed_continuous_curve
p3,2092.6403148487043,13.904348136856143,2.299599428514739,0.0936751858931899,529,411.5,8.5,0.5,False,visible,line-p3-000368,example-reviewer,accepted,,False,continuous,0,367,curve-p3-000368,reviewed_visible_observation,confirmed_continuous_curve
p3,2097.2395137057338,14.653749624001563,2.299599428514739,0.0936751858931757,530,407.5,4.5,0.5,False,visible,line-p3-000369,example-reviewer,accepted,,False,continuous,0,368,curve-p3-000369,reviewed_visible_observation,confirmed_continuous_curve
p3,2101.8387125627632,15.02845036757428,2.299599428514739,0.0936751858931757,531,405.5,1.5,0.5,False,visible,line-p3-000370,example-reviewer,accepted,,False,continuous,0,369,curve-p3-000370,reviewed_visible_observation,confirmed_continuous_curve
p3,2124.8347068479115,16.7146037136515,2.299599428514739,0.0936751858931757,536,396.5,1.5,0.5,False,visible,line-p3-000371,example-reviewer,accepted,,True,continuous,0,370,curve-p3-000371,reviewed_visible_observation,confirmed_continuous_curve
p3,2129.433905704941,16.995629271331026,2.299599428514739,0.0936751858931899,537,395.0,2.0,0.5,False,visible,line-p3-000372,example-reviewer,accepted,,False,continuous,0,371,curve-p3-000372,reviewed_visible_observation,confirmed_continuous_curve
p3,2134.0331045619705,17.55768038669011,2.299599428514739,0.0936751858931899,538,392.0,2.0,0.5,False,visible,line-p3-000373,example-reviewer,accepted,,False,continuous,0,372,curve-p3-000373,reviewed_visible_observation,confirmed_continuous_curve
p3,2138.632303419,17.932381130262826,2.299599428514739,0.0936751858931899,539,390.0,2.0,0.5,False,visible,line-p3-000374,example-reviewer,accepted,,False,continuous,0,373,curve-p3-000374,reviewed_visible_observation,confirmed_continuous_curve
p3,2143.2315022760295,18.119731502049177,2.2995994285156485,0.0936751858931757,540,389.0,0.5,0.5,False,visible,line-p3-000375,example-reviewer,accepted,,False,continuous,0,374,curve-p3-000375,reviewed_visible_observation,confirmed_continuous_curve
p3,2147.83070113306,20.46161114937864,2.299599428514739,0.0936751858931757,541,376.5,1.5,0.5,False,visible,line-p3-000376,example-reviewer,accepted,,False,continuous,0,375,curve-p3-000376,reviewed_visible_observation,confirmed_continuous_curve
p3,2152.4298999900893,20.742636707058182,2.299599428514739,0.0936751858931757,542,375.0,3.0,0.5,False,visible,line-p3-000377,example-reviewer,accepted,,False,continuous,0,376,curve-p3-000377,reviewed_visible_observation,confirmed_continuous_curve
p3,2157.029098847119,21.30468782241725,2.299599428514739,0.0936751858931757,543,372.0,2.0,0.5,False,visible,line-p3-000378,example-reviewer,accepted,,False,continuous,0,377,curve-p3-000378,reviewed_visible_observation,confirmed_continuous_curve
p3,2161.6282977041483,21.58571338009679,2.299599428514739,0.0936751858931899,544,370.5,0.5,0.5,False,visible,line-p3-000379,example-reviewer,accepted,,False,continuous,0,378,curve-p3-000379,reviewed_visible_observation,confirmed_continuous_curve
p3,2166.2274965611778,18.86913298919461,2.299599428514739,0.0936751858931899,545,385.0,3.0,0.5,False,visible,line-p3-000380,example-reviewer,accepted,,False,continuous,0,379,curve-p3-000380,reviewed_visible_observation,confirmed_continuous_curve
p3,2170.8266954182072,18.58810743151507,2.299599428514739,0.0936751858931757,546,386.5,4.5,0.5,False,visible,line-p3-000381,example-reviewer,accepted,,False,continuous,0,380,curve-p3-000381,reviewed_visible_observation,confirmed_continuous_curve
p3,2175.4258942752367,15.777851854719714,2.299599428514739,0.0936751858931757,547,401.5,8.0,0.5,False,visible,line-p3-000382,example-reviewer,accepted,,False,continuous,0,381,curve-p3-000382,reviewed_visible_observation,confirmed_continuous_curve
p3,2180.025093132266,15.02845036757428,2.299599428514739,0.0936751858931757,548,405.5,4.5,0.5,False,visible,line-p3-000383,example-reviewer,accepted,,False,continuous,0,382,curve-p3-000383,reviewed_visible_observation,confirmed_continuous_curve
p3,2184.6242919892966,14.372724066322036,2.2995994285156485,0.0936751858931899,549,409.0,8.0,0.5,False,visible,line-p3-000384,example-reviewer,accepted,,False,continuous,0,383,curve-p3-000384,reviewed_visible_observation,confirmed_continuous_curve
p3,2189.223490846326,12.405545162565275,2.299599428514739,0.0936751858931899,550,419.5,3.5,0.5,False,visible,line-p3-000385,example-reviewer,accepted,,False,continuous,0,384,curve-p3-000385,reviewed_visible_observation,confirmed_continuous_curve
p3,2193.8226897033555,15.309475925253821,2.299599428514739,0.0936751858931757,551,404.0,13.0,0.5,False,visible,line-p3-000386,example-reviewer,accepted,,False,continuous,0,385,curve-p3-000386,reviewed_visible_observation,confirmed_continuous_curve
p3,2198.421888560385,16.15255259829243,2.299599428514739,0.0936751858931899,552,399.5,3.5,0.5,False,visible,line-p3-000387,example-reviewer,accepted,,False,continuous,0,386,curve-p3-000387,reviewed_visible_observation,confirmed_continuous_curve
p3,2203.0210874174145,18.681782617408246,2.299599428514739,0.0936751858931757,553,386.0,1.0,0.5,False,visible,line-p3-000388,example-reviewer,accepted,,False,continuous,0,387,curve-p3-000388,reviewed_visible_observation,confirmed_continuous_curve
p3,2207.620286274444,18.86913298919461,2.299599428514739,0.0936751858931899,554,385.0,1.0,0.5,False,visible,line-p3-000389,example-reviewer,accepted,,False,continuous,0,388,curve-p3-000389,reviewed_visible_observation,confirmed_continuous_curve
p3,2212.2194851314734,18.962808175087787,2.299599428514739,0.0936751858931757,555,384.5,0.5,0.5,False,visible,line-p3-000390,example-reviewer,accepted,,False,continuous,0,389,curve-p3-000390,reviewed_visible_observation,confirmed_continuous_curve
p3,2216.818683988503,18.962808175087787,2.299599428514739,0.0936751858931757,556,384.5,1.5,0.5,False,visible,line-p3-000391,example-reviewer,accepted,,False,continuous,0,390,curve-p3-000391,reviewed_visible_observation,confirmed_continuous_curve
p3,2221.4178828455324,19.150158546874138,2.299599428514739,0.0936751858931757,557,383.5,2.5,0.5,False,visible,line-p3-000392,example-reviewer,accepted,,False,continuous,0,391,curve-p3-000392,reviewed_visible_observation,confirmed_continuous_curve
p3,2226.017081702563,19.43118410455368,2.2995994285156485,0.0936751858931757,558,382.0,0.5,0.5,False,visible,line-p3-000393,example-reviewer,accepted,,False,continuous,0,392,curve-p3-000393,reviewed_visible_observation,confirmed_continuous_curve
p3,2230.6162805595923,21.773063751883143,2.299599428514739,0.0936751858931757,559,369.5,1.5,0.5,False,visible,line-p3-000394,example-reviewer,accepted,,False,continuous,0,393,curve-p3-000394,reviewed_visible_observation,confirmed_continuous_curve
p3,2235.2154794166217,22.241439681349036,2.299599428514739,0.0936751858931757,560,367.0,3.0,0.5,False,visible,line-p3-000395,example-reviewer,accepted,,False,continuous,0,394,curve-p3-000395,reviewed_visible_observation,confirmed_continuous_curve
p3,2239.814678273651,22.70981561081493,2.299599428514739,0.0936751858931757,561,364.5,2.5,0.5,False,visible,line-p3-000396,example-reviewer,accepted,,False,continuous,0,395,curve-p3-000396,reviewed_visible_observation,confirmed_continuous_curve
p3,2244.4138771306807,25.239045629930757,2.299599428514739,0.0936751858931899,562,351.0,7.0,0.5,False,visible,line-p3-000397,example-reviewer,accepted,,False,continuous,0,396,curve-p3-000397,reviewed_visible_observation,confirmed_continuous_curve
p3,2249.01307598771,25.520071187610284,2.299599428514739,0.0936751858931757,563,349.5,2.5,0.5,False,visible,line-p3-000398,example-reviewer,accepted,,False,continuous,0,397,curve-p3-000398,reviewed_visible_observation,confirmed_continuous_curve
p3,2253.6122748447397,25.332720815823933,2.299599428514739,0.0936751858931757,564,350.5,2.5,0.5,False,visible,line-p3-000399,example-reviewer,accepted,,False,continuous,0,398,curve-p3-000399,reviewed_visible_observation,confirmed_continuous_curve
p3,2262.8106725587986,22.803490796708104,2.2995994285156485,0.0936751858931757,566,364.0,1.0,0.5,False,visible,line-p3-000400,example-reviewer,accepted,,True,continuous,0,399,curve-p3-000400,reviewed_visible_observation,confirmed_continuous_curve
p3,2267.409871415829,22.241439681349036,2.299599428514739,0.0936751858931757,567,367.0,4.0,0.5,False,visible,line-p3-000401,example-reviewer,accepted,,False,continuous,0,400,curve-p3-000401,reviewed_visible_observation,confirmed_continuous_curve
p3,2272.0090702728585,21.960414123669494,2.299599428514739,0.0936751858931899,568,368.5,2.5,0.5,False,visible,line-p3-000402,example-reviewer,accepted,,False,continuous,0,401,curve-p3-000402,reviewed_visible_observation,confirmed_continuous_curve
p3,2276.608269129888,18.58810743151507,2.299599428514739,0.0936751858931757,569,386.5,4.5,0.5,False,visible,line-p3-000403,example-reviewer,accepted,,False,continuous,0,402,curve-p3-000403,reviewed_visible_observation,confirmed_continuous_curve
p3,2281.2074679869174,18.40075705972872,2.299599428514739,0.0936751858931899,570,387.5,4.5,0.5,False,visible,line-p3-000404,example-reviewer,accepted,,False,continuous,0,403,curve-p3-000404,reviewed_visible_observation,confirmed_continuous_curve
p3,2285.806666843947,15.403151111146997,2.299599428514739,0.0936751858931757,571,403.5,1.5,0.5,False,visible,line-p3-000405,example-reviewer,accepted,,False,continuous,0,404,curve-p3-000405,reviewed_visible_observation,confirmed_continuous_curve
p3,2290.4058657009764,15.403151111146997,2.299599428514739,0.0936751858931757,572,403.5,1.5,0.5,False,visible,line-p3-000406,example-reviewer,accepted,,False,continuous,0,405,curve-p3-000406,reviewed_visible_observation,confirmed_continuous_curve
p3,2295.005064558006,15.87152704061289,2.299599428514739,0.0936751858931757,573,401.0,2.0,0.5,False,visible,line-p3-000407,example-reviewer,accepted,,False,continuous,0,406,curve-p3-000407,reviewed_visible_observation,confirmed_continuous_curve
p3,2299.6042634150353,16.15255259829243,2.299599428514739,0.0936751858931899,574,399.5,1.5,0.5,False,visible,line-p3-000408,example-reviewer,accepted,,False,continuous,0,407,curve-p3-000408,reviewed_visible_observation,confirmed_continuous_curve
p3,2304.2034622720657,16.433578155971958,2.2995994285156485,0.0936751858931757,575,398.0,0.5,0.5,False,visible,line-p3-000409,example-reviewer,accepted,,False,continuous,0,408,curve-p3-000409,reviewed_visible_observation,confirmed_continuous_curve
p3,2308.802661129095,18.962808175087787,2.299599428514739,0.0936751858931757,576,384.5,2.5,0.5,False,visible,line-p3-000410,example-reviewer,accepted,,False,continuous,0,409,curve-p3-000410,reviewed_visible_observation,confirmed_continuous_curve
p3,2313.4018599861247,19.337508918660504,2.299599428514739,0.0936751858931899,577,382.5,4.5,0.5,False,visible,line-p3-000411,example-reviewer,accepted,,False,continuous,0,410,curve-p3-000411,reviewed_visible_observation,confirmed_continuous_curve
p3,2318.001058843154,19.899560034019572,2.299599428514739,0.0936751858931757,578,379.5,1.5,0.5,False,visible,line-p3-000412,example-reviewer,accepted,,False,continuous,0,411,curve-p3-000412,reviewed_visible_observation,confirmed_continuous_curve
p3,2322.6002577001836,21.02366226473771,2.299599428514739,0.0936751858931899,579,373.5,0.5,0.5,False,visible,line-p3-000413,example-reviewer,accepted,,False,continuous,0,412,curve-p3-000413,reviewed_visible_observation,confirmed_continuous_curve
p3,2327.199456557213,20.742636707058182,2.299599428514739,0.0936751858931757,580,375.0,2.0,0.5,False,visible,line-p3-000414,example-reviewer,accepted,,False,continuous,0,413,curve-p3-000414,reviewed_visible_observation,confirmed_continuous_curve
p3,2331.7986554142426,20.555286335271816,2.299599428514739,0.0936751858931899,581,376.0,1.0,0.5,False,visible,line-p3-000415,example-reviewer,accepted,,False,continuous,0,414,curve-p3-000415,reviewed_visible_observation,confirmed_continuous_curve
p3,2336.397854271272,20.46161114937864,2.299599428514739,0.0936751858931757,582,376.5,0.5,0.5,False,visible,line-p3-000416,example-reviewer,accepted,,False,continuous,0,415,curve-p3-000416,reviewed_visible_observation,confirmed_continuous_curve
p3,2340.9970531283016,20.27426077759229,2.299599428514739,0.0936751858931899,583,377.5,1.5,0.5,False,visible,line-p3-000417,example-reviewer,accepted,,False,continuous,0,416,curve-p3-000417,reviewed_visible_observation,confirmed_continuous_curve
p3,2345.596251985332,20.086910405805924,2.2995994285156485,0.0936751858931757,584,378.5,0.5,0.5,False,visible,line-p3-000418,example-reviewer,accepted,,False,continuous,0,417,curve-p3-000418,reviewed_visible_observation,confirmed_continuous_curve
p3,2373.191445127509,19.712209662233207,2.299599428514739,0.0936751858931899,590,380.5,0.5,0.5,False,visible,line-p3-000419,example-reviewer,accepted,,True,continuous,0,418,curve-p3-000419,reviewed_visible_observation,confirmed_continuous_curve
p3,2377.7906439845383,19.993235219912748,2.299599428514739,0.0936751858931757,591,379.0,1.0,0.5,False,visible,line-p3-000420,example-reviewer,accepted,,False,continuous,0,419,curve-p3-000420,reviewed_visible_observation,confirmed_continuous_curve
p3,2382.3898428415678,20.27426077759229,2.2995994285156485,0.0936751858931899,592,377.5,1.5,0.5,False,visible,line-p3-000421,example-reviewer,accepted,,False,continuous,0,420,curve-p3-000421,reviewed_visible_observation,confirmed_continuous_curve
p3,2386.989041698598,20.555286335271816,2.299599428514739,0.0936751858931899,593,376.0,1.0,0.5,False,visible,line-p3-000422,example-reviewer,accepted,,False,continuous,0,421,curve-p3-000422,reviewed_visible_observation,confirmed_continuous_curve
p3,2391.5882405556276,20.46161114937864,2.299599428514739,0.0936751858931757,594,376.5,1.5,0.5,False,visible,line-p3-000423,example-reviewer,accepted,,False,continuous,0,422,curve-p3-000423,reviewed_visible_observation,confirmed_continuous_curve
p3,2396.187439412657,17.651355572583284,2.299599428514739,0.0936751858931757,595,391.5,3.5,0.5,False,visible,line-p3-000424,example-reviewer,accepted,,False,continuous,0,423,curve-p3-000424,reviewed_visible_observation,confirmed_continuous_curve
p3,2400.7866382696866,17.55768038669011,2.299599428514739,0.0936751858931899,596,392.0,3.0,0.5,False,visible,line-p3-000425,example-reviewer,accepted,,False,continuous,0,424,curve-p3-000425,reviewed_visible_observation,confirmed_continuous_curve
p3,2419.1834336978045,18.681782617408246,2.299599428514739,0.0936751858931757,600,386.0,1.0,0.5,False,visible,line-p3-000426,example-reviewer,accepted,,True,continuous,0,425,curve-p3-000426,reviewed_visible_observation,confirmed_continuous_curve
p3,2423.782632554835,18.962808175087787,2.2995994285156485,0.0936751858931757,601,384.5,1.5,0.5,False,visible,line-p3-000427,example-reviewer,accepted,,False,continuous,0,426,curve-p3-000427,reviewed_visible_observation,confirmed_continuous_curve
p3,2428.3818314118644,19.150158546874138,2.299599428514739,0.0936751858931757,602,383.5,1.5,0.5,False,visible,line-p3-000428,example-reviewer,accepted,,False,continuous,0,427,curve-p3-000428,reviewed_visible_observation,confirmed_continuous_curve
p3,2432.981030268894,18.962808175087787,2.299599428514739,0.0936751858931757,603,384.5,1.5,0.5,False,visible,line-p3-000429,example-reviewer,accepted,,False,continuous,0,428,curve-p3-000429,reviewed_visible_observation,confirmed_continuous_curve
p3,2451.3778256970118,18.77545780330142,2.299599428514739,0.0936751858931899,607,385.5,0.5,0.5,False,visible,line-p3-000430,example-reviewer,accepted,,True,continuous,0,429,curve-p3-000430,reviewed_visible_observation,confirmed_continuous_curve
p3,2455.9770245540412,19.150158546874138,2.299599428514739,0.0936751858931757,608,383.5,2.5,0.5,False,visible,line-p3-000431,example-reviewer,accepted,,False,continuous,0,430,curve-p3-000431,reviewed_visible_observation,confirmed_continuous_curve
p3,2460.5762234110707,19.712209662233207,2.299599428514739,0.0936751858931899,609,380.5,3.5,0.5,False,visible,line-p3-000432,example-reviewer,accepted,,False,continuous,0,431,curve-p3-000432,reviewed_visible_observation,confirmed_continuous_curve
p3,2465.175422268101,19.993235219912748,2.2995994285156485,0.0936751858931757,610,379.0,1.0,0.5,False,visible,line-p3-000433,example-reviewer,accepted,,False,continuous,0,432,curve-p3-000433,reviewed_visible_observation,confirmed_continuous_curve
p3,2474.37381998216,22.054089309562684,2.299599428514739,0.0936751858931899,612,368.0,1.0,0.5,False,visible,line-p3-000434,example-reviewer,accepted,,True,continuous,0,433,curve-p3-000434,reviewed_visible_observation,confirmed_continuous_curve
p3,2478.9730188391895,22.241439681349036,2.299599428514739,0.0936751858931757,613,367.0,1.0,0.5,False,visible,line-p3-000435,example-reviewer,accepted,,False,continuous,0,434,curve-p3-000435,reviewed_visible_observation,confirmed_continuous_curve
p3,2483.572217696219,22.241439681349036,2.299599428514739,0.0936751858931757,614,367.0,0.5,0.5,False,visible,line-p3-000436,example-reviewer,accepted,,False,continuous,0,435,curve-p3-000436,reviewed_visible_observation,confirmed_continuous_curve
p3,2488.1714165532485,22.616140424921753,2.299599428514739,0.0936751858931757,615,365.0,1.0,0.5,False,visible,line-p3-000437,example-reviewer,accepted,,False,continuous,0,436,curve-p3-000437,reviewed_visible_observation,confirmed_continuous_curve
p3,2492.770615410278,22.428790053135387,2.299599428514739,0.0936751858931899,616,366.0,1.0,0.5,False,visible,line-p3-000438,example-reviewer,accepted,,False,continuous,0,437,curve-p3-000438,reviewed_visible_observation,confirmed_continuous_curve
p3,2497.3698142673074,22.241439681349036,2.299599428514739,0.0936751858931757,617,367.0,1.0,0.5,False,visible,line-p3-000439,example-reviewer,accepted,,False,continuous,0,438,curve-p3-000439,reviewed_visible_observation,confirmed_continuous_curve
p3,2501.969013124337,22.054089309562684,2.2995994285156485,0.0936751858931899,618,368.0,0.5,0.5,False,visible,line-p3-000440,example-reviewer,accepted,,False,continuous,0,439,curve-p3-000440,reviewed_visible_observation,confirmed_continuous_curve
p3,2520.3658085524557,19.61853447634003,2.299599428514739,0.0936751858931757,622,381.0,3.0,0.5,False,visible,line-p3-000441,example-reviewer,accepted,,True,continuous,0,440,curve-p3-000441,reviewed_visible_observation,confirmed_continuous_curve
p3,2524.965007409485,19.243833732767314,2.299599428514739,0.0936751858931899,623,383.0,4.0,0.5,False,visible,line-p3-000442,example-reviewer,accepted,,False,continuous,0,441,curve-p3-000442,reviewed_visible_observation,confirmed_continuous_curve
p3,2529.5642062665147,17.46400520079692,2.299599428514739,0.0936751858931899,624,392.5,7.5,0.5,False,visible,line-p3-000443,example-reviewer,accepted,,False,continuous,0,442,curve-p3-000443,reviewed_visible_observation,confirmed_continuous_curve
p3,2534.163405123544,15.777851854719714,2.299599428514739,0.0936751858931757,625,401.5,4.5,0.5,False,visible,line-p3-000444,example-reviewer,accepted,,False,continuous,0,443,curve-p3-000444,reviewed_visible_observation,confirmed_continuous_curve
p3,2538.7626039805737,15.403151111146997,2.299599428514739,0.0936751858931757,626,403.5,2.5,0.5,False,visible,line-p3-000445,example-reviewer,accepted,,False,continuous,0,444,curve-p3-000445,reviewed_visible_observation,confirmed_continuous_curve
p3,2552.560200551663,13.529647393283426,2.299599428514739,0.0936751858931757,629,413.5,3.5,0.5,False,visible,line-p3-000446,example-reviewer,accepted,,True,continuous,0,445,curve-p3-000446,reviewed_visible_observation,confirmed_continuous_curve
p3,2557.1593994086925,12.967596277924358,2.299599428514739,0.0936751858931899,630,416.5,3.5,0.5,False,visible,line-p3-000447,example-reviewer,accepted,,False,continuous,0,446,curve-p3-000447,reviewed_visible_observation,confirmed_continuous_curve
p3,2561.758598265722,14.279048880428846,2.299599428514739,0.0936751858931899,631,409.5,7.0,0.5,False,visible,line-p3-000448,example-reviewer,accepted,,False,continuous,0,447,curve-p3-000448,reviewed_visible_observation,confirmed_continuous_curve
p3,2566.3577971227514,14.653749624001563,2.299599428514739,0.0936751858931757,632,407.5,4.5,0.5,False,visible,line-p3-000449,example-reviewer,accepted,,False,continuous,0,448,curve-p3-000449,reviewed_visible_observation,confirmed_continuous_curve
p3,2570.956995979781,15.309475925253821,2.299599428514739,0.0936751858931757,633,404.0,0.5,0.5,False,visible,line-p3-000450,example-reviewer,accepted,,False,continuous,0,449,curve-p3-000450,reviewed_visible_observation,confirmed_continuous_curve
p3,2575.5561948368104,16.90195408543785,2.299599428514739,0.0936751858931757,634,395.5,0.5,0.5,False,visible,line-p3-000451,example-reviewer,accepted,,False,continuous,0,450,curve-p3-000451,reviewed_visible_observation,confirmed_continuous_curve
p3,2580.15539369384,16.339902970078782,2.299599428514739,0.0936751858931757,635,398.5,4.5,0.5,False,visible,line-p3-000452,example-reviewer,accepted,,False,continuous,0,451,curve-p3-000452,reviewed_visible_observation,confirmed_continuous_curve
p3,2584.7545925508703,16.15255259829243,2.2995994285156485,0.0936751858931899,636,399.5,2.5,0.5,False,visible,line-p3-000453,example-reviewer,accepted,,False,continuous,0,452,curve-p3-000453,reviewed_visible_observation,confirmed_continuous_curve
p3,2589.3537914078997,13.34229702149706,2.299599428514739,0.0936751858931899,637,414.5,1.5,0.5,False,visible,line-p3-000454,example-reviewer,accepted,,False,continuous,0,453,curve-p3-000454,reviewed_visible_observation,confirmed_continuous_curve
p3,2593.952990264929,12.873921092031168,2.299599428514739,0.0936751858931899,638,417.0,3.5,0.5,False,visible,line-p3-000455,example-reviewer,accepted,,False,continuous,0,454,curve-p3-000455,reviewed_visible_observation,confirmed_continuous_curve
p3,2598.5521891219587,11.937169233099382,2.299599428514739,0.0936751858931757,639,422.0,9.5,0.5,False,visible,line-p3-000456,example-reviewer,accepted,,False,continuous,0,455,curve-p3-000456,reviewed_visible_observation,confirmed_continuous_curve
p3,2603.151387978988,8.845888098624485,2.299599428514739,0.0936751858931899,640,438.5,17.5,0.5,False,visible,line-p3-000457,example-reviewer,accepted,,False,continuous,0,456,curve-p3-000457,reviewed_visible_observation,confirmed_continuous_curve
p3,2607.7505868360176,5.8482821500427775,2.299599428514739,0.0936751858931757,641,454.5,12.5,0.5,False,visible,line-p3-000458,example-reviewer,accepted,,False,continuous,0,457,curve-p3-000458,reviewed_visible_observation,confirmed_continuous_curve
p3,2612.349785693047,5.005205477004168,2.299599428514739,0.0936751858931757,642,459.0,2.0,0.5,False,visible,line-p3-000459,example-reviewer,accepted,,False,continuous,0,458,curve-p3-000459,reviewed_visible_observation,confirmed_continuous_curve
p3,2616.9489845500766,2.2886250861019874,2.299599428514739,0.0936751858931757,643,473.5,1.5,0.5,False,visible,line-p3-000460,example-reviewer,accepted,,False,continuous,0,459,curve-p3-000460,reviewed_visible_observation,confirmed_continuous_curve
p3,2621.548183407106,2.475975457888339,2.2995994285156485,0.0936751858931899,644,472.5,3.5,0.5,False,visible,line-p3-000461,example-reviewer,accepted,,False,continuous,0,460,curve-p3-000461,reviewed_visible_observation,confirmed_continuous_curve
p3,2626.1473822641365,2.9443513873542315,2.299599428514739,0.0936751858931899,645,470.0,1.0,0.5,False,visible,line-p3-000462,example-reviewer,accepted,,False,continuous,0,461,curve-p3-000462,reviewed_visible_observation,confirmed_continuous_curve
p3,2630.746581121166,5.660931778256412,2.299599428514739,0.0936751858931899,646,455.5,3.5,0.5,False,visible,line-p3-000463,example-reviewer,accepted,,False,continuous,0,462,curve-p3-000463,reviewed_visible_observation,confirmed_continuous_curve
p3,2635.3457799781954,6.035632521829129,2.299599428514739,0.0936751858931757,647,453.5,4.5,0.5,False,visible,line-p3-000464,example-reviewer,accepted,,False,continuous,0,463,curve-p3-000464,reviewed_visible_observation,confirmed_continuous_curve
p3,2639.944978835225,6.597683637188197,2.299599428514739,0.0936751858931899,648,450.5,0.5,0.5,False,visible,line-p3-000465,example-reviewer,accepted,,False,continuous,0,464,curve-p3-000465,reviewed_visible_observation,confirmed_continuous_curve
p3,2644.5441776922544,9.126913656304026,2.299599428514739,0.0936751858931757,649,437.0,2.0,0.5,False,visible,line-p3-000466,example-reviewer,accepted,,False,continuous,0,465,curve-p3-000466,reviewed_visible_observation,confirmed_continuous_curve
p3,2649.143376549284,9.220588842197202,2.299599428514739,0.0936751858931757,650,436.5,2.5,0.5,False,visible,line-p3-000467,example-reviewer,accepted,,False,continuous,0,466,curve-p3-000467,reviewed_visible_observation,confirmed_continuous_curve
p3,2653.7425754063133,9.126913656304026,2.299599428514739,0.0936751858931757,651,437.0,2.0,0.5,False,visible,line-p3-000468,example-reviewer,accepted,,False,continuous,0,467,curve-p3-000468,reviewed_visible_observation,confirmed_continuous_curve
p3,2672.139370834432,9.782639957556285,2.299599428514739,0.0936751858931899,655,433.5,2.5,0.5,False,visible,line-p3-000469,example-reviewer,accepted,,True,continuous,0,468,curve-p3-000469,reviewed_visible_observation,confirmed_continuous_curve
p3,2676.7385696914616,10.251015887022177,2.299599428514739,0.0936751858931899,656,431.0,4.0,0.5,False,visible,line-p3-000470,example-reviewer,accepted,,False,continuous,0,469,curve-p3-000470,reviewed_visible_observation,confirmed_continuous_curve
p3,2681.337768548491,10.813067002381246,2.299599428514739,0.0936751858931757,657,428.0,1.0,0.5,False,visible,line-p3-000471,example-reviewer,accepted,,False,continuous,0,470,curve-p3-000471,reviewed_visible_observation,confirmed_continuous_curve
p3,2685.9369674055206,10.251015887022177,2.299599428514739,0.0936751858931899,658,431.0,0.5,0.5,False,visible,line-p3-000472,example-reviewer,accepted,,False,continuous,0,471,curve-p3-000472,reviewed_visible_observation,confirmed_continuous_curve
p3,2690.53616626255,10.438366258808529,2.299599428514739,0.0936751858931757,659,430.0,0.5,0.5,False,visible,line-p3-000473,example-reviewer,accepted,,False,continuous,0,472,curve-p3-000473,reviewed_visible_observation,confirmed_continuous_curve
p3,2695.1353651195795,10.438366258808529,2.299599428514739,0.0936751858931757,660,430.0,1.0,0.5,False,visible,line-p3-000474,example-reviewer,accepted,,False,continuous,0,473,curve-p3-000474,reviewed_visible_observation,confirmed_continuous_curve
p3,2699.734563976609,11.094092560060773,2.299599428514739,0.0936751858931899,661,426.5,3.5,0.5,False,visible,line-p3-000475,example-reviewer,accepted,,False,continuous,0,474,curve-p3-000475,reviewed_visible_observation,confirmed_continuous_curve
p3,2704.3337628336394,11.656143675419855,2.2995994285156485,0.0936751858931899,662,423.5,9.0,0.5,False,visible,line-p3-000476,example-reviewer,accepted,,False,continuous,0,475,curve-p3-000476,reviewed_visible_observation,confirmed_continuous_curve
p3,2708.932961690669,14.279048880428846,2.299599428514739,0.0936751858931899,663,409.5,2.5,0.5,False,visible,line-p3-000477,example-reviewer,accepted,,False,continuous,0,476,curve-p3-000477,reviewed_visible_observation,confirmed_continuous_curve
p3,2713.5321605476984,14.934775181681104,2.299599428514739,0.0936751858931757,664,406.0,2.0,0.5,False,visible,line-p3-000478,example-reviewer,accepted,,False,continuous,0,477,curve-p3-000478,reviewed_visible_observation,confirmed_continuous_curve
p3,2718.131359404728,15.215800739360645,2.299599428514739,0.0936751858931899,665,404.5,1.5,0.5,False,visible,line-p3-000479,example-reviewer,accepted,,False,continuous,0,478,curve-p3-000479,reviewed_visible_observation,confirmed_continuous_curve
p3,2727.329757118787,15.87152704061289,2.299599428514739,0.0936751858931757,667,401.0,0.5,0.5,False,visible,line-p3-000480,example-reviewer,accepted,,True,continuous,0,479,curve-p3-000480,reviewed_visible_observation,confirmed_continuous_curve
p3,2731.9289559758163,14.091698508642494,2.299599428514739,0.0936751858931757,668,410.5,1.5,0.5,False,visible,line-p3-000481,example-reviewer,accepted,,False,continuous,0,480,curve-p3-000481,reviewed_visible_observation,confirmed_continuous_curve
p3,2736.5281548328458,13.810672950962953,2.299599428514739,0.0936751858931899,669,412.0,4.0,0.5,False,visible,line-p3-000482,example-reviewer,accepted,,False,continuous,0,481,curve-p3-000482,reviewed_visible_observation,confirmed_continuous_curve
p3,2741.1273536898752,13.154946649710709,2.2995994285156485,0.0936751858931757,670,415.5,2.5,0.5,False,visible,line-p3-000483,example-reviewer,accepted,,False,continuous,0,482,curve-p3-000483,reviewed_visible_observation,confirmed_continuous_curve
p3,2754.9249502609646,13.154946649710709,2.299599428514739,0.0936751858931757,673,415.5,2.5,0.5,False,visible,line-p3-000484,example-reviewer,accepted,,True,continuous,0,483,curve-p3-000484,reviewed_visible_observation,confirmed_continuous_curve
p3,2759.524149117994,19.43118410455368,2.299599428514739,0.0936751858931757,674,382.0,28.0,0.5,False,visible,line-p3-000485,example-reviewer,accepted,,False,continuous,0,484,curve-p3-000485,reviewed_visible_observation,confirmed_continuous_curve
p3,2764.1233479750235,26.26947267475572,2.299599428514739,0.0936751858931757,675,345.5,36.5,0.5,False,visible,line-p3-000486,example-reviewer,accepted,,False,continuous,0,485,curve-p3-000486,reviewed_visible_observation,confirmed_continuous_curve
p3,2768.722546832053,26.175797488862543,2.299599428514739,0.0936751858931757,676,346.0,22.0,0.5,False,visible,line-p3-000487,example-reviewer,accepted,,False,continuous,0,486,curve-p3-000487,reviewed_visible_observation,confirmed_continuous_curve
p3,2773.3217456890825,21.773063751883143,2.299599428514739,0.0936751858931757,677,369.5,2.5,0.5,False,visible,line-p3-000488,example-reviewer,accepted,,False,continuous,0,487,curve-p3-000488,reviewed_visible_observation,confirmed_continuous_curve
p3,2777.920944546112,19.899560034019572,2.299599428514739,0.0936751858931757,678,379.5,0.5,0.5,False,visible,line-p3-000489,example-reviewer,accepted,,False,continuous,0,488,curve-p3-000489,reviewed_visible_observation,confirmed_continuous_curve
p3,2782.5201434031414,19.337508918660504,2.2995994285156485,0.0936751858931899,679,382.5,4.5,0.5,False,visible,line-p3-000490,example-reviewer,accepted,,False,continuous,0,489,curve-p3-000490,reviewed_visible_observation,confirmed_continuous_curve
p3,2787.119342260172,16.433578155971958,2.299599428514739,0.0936751858931757,680,398.0,12.0,0.5,False,visible,line-p3-000491,example-reviewer,accepted,,False,continuous,0,490,curve-p3-000491,reviewed_visible_observation,confirmed_continuous_curve
p3,2791.7185411172013,15.684176668826538,2.299599428514739,0.0936751858931899,681,402.0,3.0,0.5,False,visible,line-p3-000492,example-reviewer,accepted,,False,continuous,0,491,curve-p3-000492,reviewed_visible_observation,confirmed_continuous_curve
p3,2796.317739974231,15.403151111146997,2.299599428514739,0.0936751858931757,682,403.5,0.5,0.5,False,visible,line-p3-000493,example-reviewer,accepted,,False,continuous,0,492,curve-p3-000493,reviewed_visible_observation,confirmed_continuous_curve
p3,2823.9129331164086,16.620928527758323,2.2995994285156485,0.0936751858931899,688,397.0,1.0,0.5,False,visible,line-p3-000494,example-reviewer,accepted,,True,continuous,0,493,curve-p3-000494,reviewed_visible_observation,confirmed_continuous_curve
p3,2828.512131973438,16.808278899544675,2.299599428514739,0.0936751858931757,689,396.0,2.0,0.5,False,visible,line-p3-000495,example-reviewer,accepted,,False,continuous,0,494,curve-p3-000495,reviewed_visible_observation,confirmed_continuous_curve
p3,2833.1113308304675,16.7146037136515,2.299599428514739,0.0936751858931757,690,396.5,1.5,0.5,False,visible,line-p3-000496,example-reviewer,accepted,,False,continuous,0,495,curve-p3-000496,reviewed_visible_observation,confirmed_continuous_curve
p3,2837.710529687497,16.339902970078782,2.299599428514739,0.0936751858931757,691,398.5,1.5,0.5,False,visible,line-p3-000497,example-reviewer,accepted,,False,continuous,0,496,curve-p3-000497,reviewed_visible_observation,confirmed_continuous_curve
p3,2842.3097285445265,16.15255259829243,2.299599428514739,0.0936751858931899,692,399.5,0.5,0.5,False,visible,line-p3-000498,example-reviewer,accepted,,False,continuous,0,497,curve-p3-000498,reviewed_visible_observation,confirmed_continuous_curve
p3,2860.7065239726444,17.370330014903743,2.2995994285156485,0.0936751858931757,696,393.0,0.5,0.5,False,visible,line-p3-000499,example-reviewer,accepted,,True,continuous,0,498,curve-p3-000499,reviewed_visible_observation,confirmed_continuous_curve
p3,2865.305722829675,17.46400520079692,2.299599428514739,0.0936751858931899,697,392.5,1.5,0.5,False,visible,line-p3-000500,example-reviewer,accepted,,False,continuous,0,499,curve-p3-000500,reviewed_visible_observation,confirmed_continuous_curve
p3,2869.9049216867043,17.651355572583284,2.299599428514739,0.0936751858931757,698,391.5,0.5,0.5,False,visible,line-p3-000501,example-reviewer,accepted,,False,continuous,0,500,curve-p3-000501,reviewed_visible_observation,confirmed_continuous_curve
p3,2874.5041205437337,17.651355572583284,2.299599428514739,0.0936751858931757,699,391.5,0.5,0.5,False,visible,line-p3-000502,example-reviewer,accepted,,False,continuous,0,501,curve-p3-000502,reviewed_visible_observation,confirmed_continuous_curve
p3,2879.103319400763,17.74503075847646,2.299599428514739,0.0936751858931757,700,391.0,1.0,0.5,False,visible,line-p3-000503,example-reviewer,accepted,,False,continuous,0,502,curve-p3-000503,reviewed_visible_observation,confirmed_continuous_curve
p3,2883.7025182577927,18.026056316156,2.299599428514739,0.0936751858931757,701,389.5,1.5,0.5,False,visible,line-p3-000504,example-reviewer,accepted,,False,continuous,0,503,curve-p3-000504,reviewed_visible_observation,confirmed_continuous_curve
p3,2888.301717114822,18.213406687942353,2.299599428514739,0.0936751858931757,702,388.5,0.5,0.5,False,visible,line-p3-000505,example-reviewer,accepted,,False,continuous,0,504,curve-p3-000505,reviewed_visible_observation,confirmed_continuous_curve
p3,2897.500114828881,16.246227784185606,2.299599428514739,0.0936751858931757,704,399.0,1.0,0.5,False,visible,line-p3-000506,example-reviewer,accepted,,True,continuous,0,505,curve-p3-000506,reviewed_visible_observation,confirmed_continuous_curve
p3,2902.0993136859106,15.684176668826538,2.2995994285156485,0.0936751858931899,705,402.0,5.0,0.5,False,visible,line-p3-000507,example-reviewer,accepted,,False,continuous,0,506,curve-p3-000507,reviewed_visible_observation,confirmed_continuous_curve
p3,2906.698512542941,15.122125553467455,2.299599428514739,0.0936751858931899,706,405.0,9.0,0.5,False,visible,line-p3-000508,example-reviewer,accepted,,False,continuous,0,507,curve-p3-000508,reviewed_visible_observation,confirmed_continuous_curve
p3,2911.2977113999705,12.124519604885748,2.299599428514739,0.0936751858931899,707,421.0,4.0,0.5,False,visible,line-p3-000509,example-reviewer,accepted,,False,continuous,0,508,curve-p3-000509,reviewed_visible_observation,confirmed_continuous_curve
p3,2915.896910257,11.749818861313031,2.299599428514739,0.0936751858931757,708,423.0,3.0,0.5,False,visible,line-p3-000510,example-reviewer,accepted,,False,continuous,0,509,curve-p3-000510,reviewed_visible_observation,confirmed_continuous_curve
p3,2920.4961091140294,8.564862540944958,2.299599428514739,0.0936751858931757,709,440.0,4.5,0.5,False,visible,line-p3-000511,example-reviewer,accepted,,False,continuous,0,510,curve-p3-000511,reviewed_visible_observation,confirmed_continuous_curve
p3,2925.095307971059,5.4735814064700605,2.299599428514739,0.0936751858931757,710,456.5,14.0,0.5,False,visible,line-p3-000512,example-reviewer,accepted,,False,continuous,0,511,curve-p3-000512,reviewed_visible_observation,confirmed_continuous_curve
p3,2929.6945068280884,4.630504733431451,2.299599428514739,0.0936751858931757,711,461.0,4.0,0.5,False,visible,line-p3-000513,example-reviewer,accepted,,False,continuous,0,512,curve-p3-000513,reviewed_visible_observation,confirmed_continuous_curve
p3,2934.293705685118,1.6328987848497292,2.299599428514739,0.0936751858931899,712,477.0,2.0,0.5,False,visible,line-p3-000514,example-reviewer,accepted,,False,continuous,0,513,curve-p3-000514,reviewed_visible_observation,confirmed_continuous_curve
p3,2938.8929045421473,1.726573970742919,2.299599428514739,0.0936751858931899,713,476.5,8.5,0.5,False,visible,line-p3-000515,example-reviewer,accepted,,False,continuous,0,514,curve-p3-000515,reviewed_visible_observation,confirmed_continuous_curve
p3,2943.4921033991777,4.4431543616450995,2.2995994285156485,0.0936751858931899,714,462.0,12.0,0.5,False,visible,line-p3-000516,example-reviewer,accepted,,False,continuous,0,515,curve-p3-000516,reviewed_visible_observation,confirmed_continuous_curve
p3,2948.091302256207,7.721785867906348,2.299599428514739,0.0936751858931757,715,444.5,13.0,0.5,False,visible,line-p3-000517,example-reviewer,accepted,,False,continuous,0,516,curve-p3-000517,reviewed_visible_observation,confirmed_continuous_curve
p3,2952.6905011132367,10.344691072915353,2.299599428514739,0.0936751858931757,716,430.5,13.0,0.5,False,visible,line-p3-000518,example-reviewer,accepted,,False,continuous,0,517,curve-p3-000518,reviewed_visible_observation,confirmed_continuous_curve
p3,2957.289699970266,12.218194790778924,2.299599428514739,0.0936751858931757,717,420.5,4.5,0.5,False,visible,line-p3-000519,example-reviewer,accepted,,False,continuous,0,518,curve-p3-000519,reviewed_visible_observation,confirmed_continuous_curve
p3,2961.8888988272956,14.841099995787928,2.299599428514739,0.0936751858931899,718,406.5,0.5,0.5,False,visible,line-p3-000520,example-reviewer,accepted,,False,continuous,0,519,curve-p3-000520,reviewed_visible_observation,confirmed_continuous_curve
p3,2966.488097684325,15.02845036757428,2.299599428514739,0.0936751858931757,719,405.5,1.5,0.5,False,visible,line-p3-000521,example-reviewer,accepted,,False,continuous,0,520,curve-p3-000521,reviewed_visible_observation,confirmed_continuous_curve
p3,2971.0872965413546,15.403151111146997,2.299599428514739,0.0936751858931757,720,403.5,1.5,0.5,False,visible,line-p3-000522,example-reviewer,accepted,,False,continuous,0,521,curve-p3-000522,reviewed_visible_observation,confirmed_continuous_curve
p3,2975.686495398384,15.684176668826538,2.299599428514739,0.0936751858931899,721,402.0,1.0,0.5,False,visible,line-p3-000523,example-reviewer,accepted,,False,continuous,0,522,curve-p3-000523,reviewed_visible_observation,confirmed_continuous_curve
p3,2980.2856942554135,15.777851854719714,2.2995994285156485,0.0936751858931757,722,401.5,0.5,0.5,False,visible,line-p3-000524,example-reviewer,accepted,,False,continuous,0,523,curve-p3-000524,reviewed_visible_observation,confirmed_continuous_curve
p3,2984.884893112444,15.684176668826538,2.299599428514739,0.0936751858931899,723,402.0,1.0,0.5,False,visible,line-p3-000525,example-reviewer,accepted,,False,continuous,0,524,curve-p3-000525,reviewed_visible_observation,confirmed_continuous_curve
p3,2989.4840919694734,15.684176668826538,2.299599428514739,0.0936751858931899,724,402.0,0.5,0.5,False,visible,line-p3-000526,example-reviewer,accepted,,False,continuous,0,525,curve-p3-000526,reviewed_visible_observation,confirmed_continuous_curve
p4,110.38560746895433,16.339902970078782,2.299599428514796,0.0936751858931757,98,398.5,10.0,0.5,True,visible,line-p4-000001,example-reviewer,accepted,,True,continuous,0,0,curve-p4-000001,reviewed_visible_observation,confirmed_continuous_curve
p4,114.98480632598393,11.937169233099382,2.299599428514796,0.0936751858931757,99,422.0,22.5,0.5,False,visible,line-p4-000002,example-reviewer,accepted,,False,continuous,0,1,curve-p4-000002,reviewed_visible_observation,confirmed_continuous_curve
p4,119.58400518301346,9.03323847041085,2.299599428514796,0.0936751858931757,100,437.5,14.0,0.5,False,visible,line-p4-000003,example-reviewer,accepted,,False,continuous,0,2,curve-p4-000003,reviewed_visible_observation,confirmed_continuous_curve
p4,124.18320404004305,5.379906220576885,2.299599428514796,0.0936751858931757,101,457.0,10.5,0.5,False,visible,line-p4-000004,example-reviewer,accepted,,False,continuous,0,3,curve-p4-000004,reviewed_visible_observation,confirmed_continuous_curve
p4,128.78240289707264,5.0988806628973435,2.299599428514796,0.0936751858931757,102,458.5,7.5,0.5,False,visible,line-p4-000005,example-reviewer,accepted,,False,continuous,0,4,curve-p4-000005,reviewed_visible_observation,confirmed_continuous_curve
p4,133.38160175410223,6.31665807950867,2.299599428514796,0.0936751858931757,103,452.0,12.5,0.5,False,visible,line-p4-000006,example-reviewer,accepted,,False,continuous,0,5,curve-p4-000006,reviewed_visible_observation,confirmed_continuous_curve
p4,137.98080061113183,9.03323847041085,2.299599428514796,0.0936751858931757,104,437.5,2.5,0.5,False,visible,line-p4-000007,example-reviewer,accepted,,False,continuous,0,6,curve-p4-000007,reviewed_visible_observation,confirmed_continuous_curve
p4,142.57999946816142,9.501614399876743,2.299599428514796,0.0936751858931757,105,435.0,4.0,0.5,False,visible,line-p4-000008,example-reviewer,accepted,,False,continuous,0,7,curve-p4-000008,reviewed_visible_observation,confirmed_continuous_curve
p4,147.17919832519095,9.595289585769919,2.299599428514796,0.0936751858931757,106,434.5,4.5,0.5,False,visible,line-p4-000009,example-reviewer,accepted,,False,continuous,0,8,curve-p4-000009,reviewed_visible_observation,confirmed_continuous_curve
p4,151.77839718222054,6.129307707722305,2.299599428514796,0.0936751858931899,107,453.0,10.0,0.5,False,visible,line-p4-000010,example-reviewer,accepted,,False,continuous,0,9,curve-p4-000010,reviewed_visible_observation,confirmed_continuous_curve
p4,156.37759603925014,3.3190521309269485,2.299599428514796,0.0936751858931757,108,468.0,13.0,0.5,False,visible,line-p4-000011,example-reviewer,accepted,,False,continuous,0,10,curve-p4-000011,reviewed_visible_observation,confirmed_continuous_curve
p4,160.97679489627973,2.5696506437815287,2.299599428514796,0.0936751858931899,109,472.0,7.5,0.5,False,visible,line-p4-000012,example-reviewer,accepted,,False,continuous,0,11,curve-p4-000012,reviewed_visible_observation,confirmed_continuous_curve
p4,165.57599375330932,4.911530291110992,2.299599428514796,0.0936751858931757,110,459.5,4.5,0.5,False,visible,line-p4-000013,example-reviewer,accepted,,False,continuous,0,12,curve-p4-000013,reviewed_visible_observation,confirmed_continuous_curve
p4,170.1751926103389,7.815461053799524,2.299599428514796,0.0936751858931757,111,444.0,12.5,0.5,False,visible,line-p4-000014,example-reviewer,accepted,,False,continuous,0,13,curve-p4-000014,reviewed_visible_observation,confirmed_continuous_curve
p4,174.77439146736845,9.407939213983568,2.2995994285148527,0.0936751858931899,112,435.5,13.0,0.5,False,visible,line-p4-000015,example-reviewer,accepted,,False,continuous,0,14,curve-p4-000015,reviewed_visible_observation,confirmed_continuous_curve
p4,179.37359032439804,12.218194790778924,2.2995994285148527,0.0936751858931757,113,420.5,4.5,0.5,False,visible,line-p4-000016,example-reviewer,accepted,,False,continuous,0,15,curve-p4-000016,reviewed_visible_observation,confirmed_continuous_curve
p4,183.97278918142763,12.967596277924358,2.2995994285148527,0.0936751858931899,114,416.5,0.5,0.5,False,visible,line-p4-000017,example-reviewer,accepted,,False,continuous,0,16,curve-p4-000017,reviewed_visible_observation,confirmed_continuous_curve
p4,188.57198803845722,12.218194790778924,2.299599428514739,0.0936751858931757,115,420.5,3.5,0.5,False,visible,line-p4-000018,example-reviewer,accepted,,False,continuous,0,17,curve-p4-000018,reviewed_visible_observation,confirmed_continuous_curve
p4,193.1711868954868,11.749818861313031,2.2995994285148527,0.0936751858931757,116,423.0,11.5,0.5,False,visible,line-p4-000019,example-reviewer,accepted,,False,continuous,0,18,curve-p4-000019,reviewed_visible_observation,confirmed_continuous_curve
p4,197.7703857525164,8.471187355051782,2.2995994285148527,0.0936751858931899,117,440.5,10.5,0.5,False,visible,line-p4-000020,example-reviewer,accepted,,False,continuous,0,19,curve-p4-000020,reviewed_visible_observation,confirmed_continuous_curve
p4,202.369584609546,9.87631514344946,2.2995994285148527,0.0936751858931757,118,433.0,9.5,0.5,False,visible,line-p4-000021,example-reviewer,accepted,,False,continuous,0,20,curve-p4-000021,reviewed_visible_observation,confirmed_continuous_curve
p4,206.9687834665756,10.532041444701704,2.2995994285148527,0.0936751858931757,119,429.5,9.5,0.5,False,visible,line-p4-000022,example-reviewer,accepted,,False,continuous,0,21,curve-p4-000022,reviewed_visible_observation,confirmed_continuous_curve
p4,211.56798232360518,13.998023322749319,2.2995994285148527,0.0936751858931757,120,411.0,4.0,0.5,False,visible,line-p4-000023,example-reviewer,accepted,,False,continuous,0,22,curve-p4-000023,reviewed_visible_observation,confirmed_continuous_curve
p4,216.16718118063477,14.18537369453567,2.2995994285148527,0.0936751858931757,121,410.0,4.0,0.5,False,visible,line-p4-000024,example-reviewer,accepted,,False,continuous,0,23,curve-p4-000024,reviewed_visible_observation,confirmed_continuous_curve
p4,220.76638003766425,15.215800739360645,2.2995994285148527,0.0936751858931899,122,404.5,4.5,0.5,False,visible,line-p4-000025,example-reviewer,accepted,,False,continuous,0,24,curve-p4-000025,reviewed_visible_observation,confirmed_continuous_curve
p4,225.36557889469384,15.122125553467455,2.2995994285148527,0.0936751858931899,123,405.0,4.0,0.5,False,visible,line-p4-000026,example-reviewer,accepted,,False,continuous,0,25,curve-p4-000026,reviewed_visible_observation,confirmed_continuous_curve
p4,229.96477775172343,11.562468489526665,2.2995994285148527,0.0936751858931899,124,424.0,4.0,0.5,False,visible,line-p4-000027,example-reviewer,accepted,,False,continuous,0,26,curve-p4-000027,reviewed_visible_observation,confirmed_continuous_curve
p4,234.56397660875302,11.281442931847138,2.2995994285148527,0.0936751858931757,125,425.5,9.5,0.5,False,visible,line-p4-000028,example-reviewer,accepted,,False,continuous,0,27,curve-p4-000028,reviewed_visible_observation,confirmed_continuous_curve
p4,239.16317546578261,8.75221291273131,2.2995994285148527,0.0936751858931757,126,439.0,3.0,0.5,False,visible,line-p4-000029,example-reviewer,accepted,,False,continuous,0,28,curve-p4-000029,reviewed_visible_observation,confirmed_continuous_curve
p4,243.7623743228122,8.845888098624485,2.2995994285148527,0.0936751858931899,127,438.5,3.5,0.5,False,visible,line-p4-000030,example-reviewer,accepted,,False,continuous,0,29,curve-p4-000030,reviewed_visible_observation,confirmed_continuous_curve
p4,248.3615731798418,12.218194790778924,2.299599428514739,0.0936751858931757,128,420.5,4.5,0.5,False,visible,line-p4-000031,example-reviewer,accepted,,False,continuous,0,30,curve-p4-000031,reviewed_visible_observation,confirmed_continuous_curve
p4,252.9607720368714,14.934775181681104,2.2995994285148527,0.0936751858931757,129,406.0,13.5,0.5,False,visible,line-p4-000032,example-reviewer,accepted,,False,continuous,0,31,curve-p4-000032,reviewed_visible_observation,confirmed_continuous_curve
p4,257.559970893901,15.965202226506065,2.2995994285148527,0.0936751858931757,130,400.5,4.5,0.5,False,visible,line-p4-000033,example-reviewer,accepted,,False,continuous,0,32,curve-p4-000033,reviewed_visible_observation,confirmed_continuous_curve
p4,262.1591697509306,19.337508918660504,2.2995994285148527,0.0936751858931899,131,382.5,3.5,0.5,False,visible,line-p4-000034,example-reviewer,accepted,,False,continuous,0,33,curve-p4-000034,reviewed_visible_observation,confirmed_continuous_curve
p4,266.75836860796016,19.61853447634003,2.2995994285148527,0.0936751858931757,132,381.0,4.0,0.5,False,visible,line-p4-000035,example-reviewer,accepted,,False,continuous,0,34,curve-p4-000035,reviewed_visible_observation,confirmed_continuous_curve
p4,271.35756746498976,18.40075705972872,2.2995994285148527,0.0936751858931899,133,387.5,7.5,0.5,False,visible,line-p4-000036,example-reviewer,accepted,,False,continuous,0,35,curve-p4-000036,reviewed_visible_observation,confirmed_continuous_curve
p4,275.95676632201935,18.026056316156,2.2995994285148527,0.0936751858931757,134,389.5,4.5,0.5,False,visible,line-p4-000037,example-reviewer,accepted,,False,continuous,0,36,curve-p4-000037,reviewed_visible_observation,confirmed_continuous_curve
p4,280.5559651790488,17.370330014903743,2.2995994285148527,0.0936751858931757,135,393.0,4.0,0.5,False,visible,line-p4-000038,example-reviewer,accepted,,False,continuous,0,37,curve-p4-000038,reviewed_visible_observation,confirmed_continuous_curve
p4,285.1551640360784,17.55768038669011,2.2995994285148527,0.0936751858931899,136,392.0,10.0,0.5,False,visible,line-p4-000039,example-reviewer,accepted,,False,continuous,0,38,curve-p4-000039,reviewed_visible_observation,confirmed_continuous_curve
p4,289.754362893108,19.993235219912748,2.2995994285148527,0.0936751858931757,137,379.0,3.0,0.5,False,visible,line-p4-000040,example-reviewer,accepted,,False,continuous,0,39,curve-p4-000040,reviewed_visible_observation,confirmed_continuous_curve
p4,294.3535617501376,19.61853447634003,2.2995994285148527,0.0936751858931757,138,381.0,4.0,0.5,False,visible,line-p4-000041,example-reviewer,accepted,,False,continuous,0,40,curve-p4-000041,reviewed_visible_observation,confirmed_continuous_curve
p4,298.9527606071672,16.7146037136515,2.2995994285148527,0.0936751858931757,139,396.5,8.5,0.5,False,visible,line-p4-000042,example-reviewer,accepted,,False,continuous,0,41,curve-p4-000042,reviewed_visible_observation,confirmed_continuous_curve
p4,303.5519594641968,16.15255259829243,2.2995994285148527,0.0936751858931899,140,399.5,4.5,0.5,False,visible,line-p4-000043,example-reviewer,accepted,,False,continuous,0,42,curve-p4-000043,reviewed_visible_observation,confirmed_continuous_curve
p4,308.1511583212264,14.372724066322036,2.299599428514739,0.0936751858931899,141,409.0,8.0,0.5,False,visible,line-p4-000044,example-reviewer,accepted,,False,continuous,0,43,curve-p4-000044,reviewed_visible_observation,confirmed_continuous_curve
p4,312.75035717825597,12.686570720244816,2.2995994285148527,0.0936751858931757,142,418.0,3.0,0.5,False,visible,line-p4-000045,example-reviewer,accepted,,False,continuous,0,44,curve-p4-000045,reviewed_visible_observation,confirmed_continuous_curve
p4,317.34955603528556,12.124519604885748,2.2995994285148527,0.0936751858931899,143,421.0,3.0,0.5,False,visible,line-p4-000046,example-reviewer,accepted,,False,continuous,0,45,curve-p4-000046,reviewed_visible_observation,confirmed_continuous_curve
p4,321.94875489231515,11.843494047206207,2.2995994285148527,0.0936751858931757,144,422.5,0.5,0.5,False,visible,line-p4-000047,example-reviewer,accepted,,False,continuous,0,46,curve-p4-000047,reviewed_visible_observation,confirmed_continuous_curve
p4,326.54795374934474,8.939563284517675,2.2995994285148527,0.0936751858931899,145,438.0,4.0,0.5,False,visible,line-p4-000048,example-reviewer,accepted,,False,continuous,0,47,curve-p4-000048,reviewed_visible_observation,confirmed_continuous_curve
p4,331.14715260637433,8.75221291273131,2.2995994285148527,0.0936751858931757,146,439.0,4.0,0.5,False,visible,line-p4-000049,example-reviewer,accepted,,False,continuous,0,48,curve-p4-000049,reviewed_visible_observation,confirmed_continuous_curve
p4,335.7463514634039,5.567256592363236,2.2995994285148527,0.0936751858931757,147,456.0,3.0,0.5,False,visible,line-p4-000050,example-reviewer,accepted,,False,continuous,0,49,curve-p4-000050,reviewed_visible_observation,confirmed_continuous_curve
p4,340.3455503204334,5.379906220576885,2.2995994285148527,0.0936751858931757,148,457.0,3.0,0.5,False,visible,line-p4-000051,example-reviewer,accepted,,False,continuous,0,50,curve-p4-000051,reviewed_visible_observation,confirmed_continuous_curve
p4,344.944749177463,5.286231034683709,2.2995994285148527,0.0936751858931899,149,457.5,0.5,0.5,False,visible,line-p4-000052,example-reviewer,accepted,,False,continuous,0,51,curve-p4-000052,reviewed_visible_observation,confirmed_continuous_curve
p4,354.1431468915222,7.440760310226807,2.2995994285148527,0.0936751858931899,151,446.0,0.5,0.5,False,visible,line-p4-000053,example-reviewer,accepted,,True,continuous,0,52,curve-p4-000053,reviewed_visible_observation,confirmed_continuous_curve
p4,358.74234574855177,7.347085124333631,2.2995994285148527,0.0936751858931757,152,446.5,1.5,0.5,False,visible,line-p4-000054,example-reviewer,accepted,,False,continuous,0,53,curve-p4-000054,reviewed_visible_observation,confirmed_continuous_curve
p4,363.34154460558136,6.878709194867739,2.2995994285148527,0.0936751858931757,153,449.0,3.0,0.5,False,visible,line-p4-000055,example-reviewer,accepted,,False,continuous,0,54,curve-p4-000055,reviewed_visible_observation,confirmed_continuous_curve
p4,367.94074346261095,6.504008451295022,2.299599428514739,0.0936751858931757,154,451.0,2.0,0.5,False,visible,line-p4-000056,example-reviewer,accepted,,False,continuous,0,55,curve-p4-000056,reviewed_visible_observation,confirmed_continuous_curve
p4,372.53994231964055,8.283836983265417,2.2995994285148527,0.0936751858931757,155,441.5,2.5,0.5,False,visible,line-p4-000057,example-reviewer,accepted,,False,continuous,0,56,curve-p4-000057,reviewed_visible_observation,confirmed_continuous_curve
p4,377.13914117667014,8.75221291273131,2.2995994285148527,0.0936751858931757,156,439.0,5.0,0.5,False,visible,line-p4-000058,example-reviewer,accepted,,False,continuous,0,57,curve-p4-000058,reviewed_visible_observation,confirmed_continuous_curve
p4,381.7383400336997,10.532041444701704,2.2995994285148527,0.0936751858931757,157,429.5,8.5,0.5,False,visible,line-p4-000059,example-reviewer,accepted,,False,continuous,0,58,curve-p4-000059,reviewed_visible_observation,confirmed_continuous_curve
p4,386.3375388907293,12.405545162565275,2.2995994285148527,0.0936751858931899,158,419.5,4.5,0.5,False,visible,line-p4-000060,example-reviewer,accepted,,False,continuous,0,59,curve-p4-000060,reviewed_visible_observation,confirmed_continuous_curve
p4,390.9367377477589,12.780245906137992,2.2995994285148527,0.0936751858931757,159,417.5,2.5,0.5,False,visible,line-p4-000061,example-reviewer,accepted,,False,continuous,0,60,curve-p4-000061,reviewed_visible_observation,confirmed_continuous_curve
p4,395.5359366047885,15.309475925253821,2.2995994285148527,0.0936751858931757,160,404.0,0.5,0.5,False,visible,line-p4-000062,example-reviewer,accepted,,False,continuous,0,61,curve-p4-000062,reviewed_visible_observation,confirmed_continuous_curve
p4,400.135135461818,15.403151111146997,2.2995994285148527,0.0936751858931757,161,403.5,1.5,0.5,False,visible,line-p4-000063,example-reviewer,accepted,,False,continuous,0,62,curve-p4-000063,reviewed_visible_observation,confirmed_continuous_curve
p4,404.7343343188476,15.777851854719714,2.2995994285148527,0.0936751858931757,162,401.5,1.5,0.5,False,visible,line-p4-000064,example-reviewer,accepted,,False,continuous,0,63,curve-p4-000064,reviewed_visible_observation,confirmed_continuous_curve
p4,409.33353317587716,15.965202226506065,2.2995994285148527,0.0936751858931757,163,400.5,0.5,0.5,False,visible,line-p4-000065,example-reviewer,accepted,,False,continuous,0,64,curve-p4-000065,reviewed_visible_observation,confirmed_continuous_curve
p4,413.93273203290676,15.87152704061289,2.2995994285148527,0.0936751858931757,164,401.0,1.0,0.5,False,visible,line-p4-000066,example-reviewer,accepted,,False,continuous,0,65,curve-p4-000066,reviewed_visible_observation,confirmed_continuous_curve
p4,418.53193088993635,15.87152704061289,2.2995994285148527,0.0936751858931757,165,401.0,1.0,0.5,False,visible,line-p4-000067,example-reviewer,accepted,,False,continuous,0,66,curve-p4-000067,reviewed_visible_observation,confirmed_continuous_curve
p4,423.13112974696594,15.87152704061289,2.299599428514739,0.0936751858931757,166,401.0,1.0,0.5,False,visible,line-p4-000068,example-reviewer,accepted,,False,continuous,0,67,curve-p4-000068,reviewed_visible_observation,confirmed_continuous_curve
p4,432.3295274610251,15.122125553467455,2.2995994285148527,0.0936751858931899,168,405.0,0.5,0.5,False,visible,line-p4-000069,example-reviewer,accepted,,True,continuous,0,68,curve-p4-000069,reviewed_visible_observation,confirmed_continuous_curve
p4,436.9287263180547,14.934775181681104,2.2995994285148527,0.0936751858931757,169,406.0,2.0,0.5,False,visible,line-p4-000070,example-reviewer,accepted,,False,continuous,0,69,curve-p4-000070,reviewed_visible_observation,confirmed_continuous_curve
p4,441.5279251750843,14.653749624001563,2.2995994285148527,0.0936751858931757,170,407.5,1.5,0.5,False,visible,line-p4-000071,example-reviewer,accepted,,False,continuous,0,70,curve-p4-000071,reviewed_visible_observation,confirmed_continuous_curve
p4,446.1271240321139,14.372724066322036,2.2995994285148527,0.0936751858931899,171,409.0,1.0,0.5,False,visible,line-p4-000072,example-reviewer,accepted,,False,continuous,0,71,curve-p4-000072,reviewed_visible_observation,confirmed_continuous_curve
p4,450.7263228891435,14.279048880428846,2.2995994285148527,0.0936751858931899,172,409.5,0.5,0.5,False,visible,line-p4-000073,example-reviewer,accepted,,False,continuous,0,72,curve-p4-000073,reviewed_visible_observation,confirmed_continuous_curve
p4,455.32552174617297,14.279048880428846,2.2995994285148527,0.0936751858931899,173,409.5,0.5,0.5,False,visible,line-p4-000074,example-reviewer,accepted,,False,continuous,0,73,curve-p4-000074,reviewed_visible_observation,confirmed_continuous_curve
p4,459.92472060320256,11.937169233099382,2.2995994285148527,0.0936751858931757,174,422.0,5.0,0.5,False,visible,line-p4-000075,example-reviewer,accepted,,False,continuous,0,74,curve-p4-000075,reviewed_visible_observation,confirmed_continuous_curve
p4,464.52391946023215,9.969990329342636,2.2995994285148527,0.0936751858931757,175,432.5,20.0,0.5,False,visible,line-p4-000076,example-reviewer,accepted,,False,continuous,0,75,curve-p4-000076,reviewed_visible_observation,confirmed_continuous_curve
p4,469.12311831726174,7.534435496119997,2.2995994285148527,0.0936751858931899,176,445.5,11.0,0.5,False,visible,line-p4-000077,example-reviewer,accepted,,False,continuous,0,76,curve-p4-000077,reviewed_visible_observation,confirmed_continuous_curve
p4,473.72231717429133,8.190161797372241,2.2995994285148527,0.0936751858931757,177,442.0,13.0,0.5,False,visible,line-p4-000078,example-reviewer,accepted,,False,continuous,0,77,curve-p4-000078,reviewed_visible_observation,confirmed_continuous_curve
p4,478.3215160313209,9.126913656304026,2.2995994285148527,0.0936751858931757,178,437.0,9.5,0.5,False,visible,line-p4-000079,example-reviewer,accepted,,False,continuous,0,78,curve-p4-000079,reviewed_visible_observation,confirmed_continuous_curve
p4,482.9207148883505,11.094092560060773,2.299599428514739,0.0936751858931899,179,426.5,2.5,0.5,False,visible,line-p4-000080,example-reviewer,accepted,,False,continuous,0,79,curve-p4-000080,reviewed_visible_observation,confirmed_continuous_curve
p4,487.5199137453801,10.62571663059488,2.2995994285148527,0.0936751858931899,180,429.0,2.0,0.5,False,visible,line-p4-000081,example-reviewer,accepted,,False,continuous,0,80,curve-p4-000081,reviewed_visible_observation,confirmed_continuous_curve
p4,492.1191126024097,10.71939181648807,2.2995994285148527,0.0936751858931899,181,428.5,7.5,0.5,False,visible,line-p4-000082,example-reviewer,accepted,,False,continuous,0,81,curve-p4-000082,reviewed_visible_observation,confirmed_continuous_curve
p4,496.7183114594393,13.529647393283426,2.2995994285148527,0.0936751858931757,182,413.5,3.5,0.5,False,visible,line-p4-000083,example-reviewer,accepted,,False,continuous,0,82,curve-p4-000083,reviewed_visible_observation,confirmed_continuous_curve
p4,501.3175103164689,13.810672950962953,2.2995994285148527,0.0936751858931899,183,412.0,3.0,0.5,False,visible,line-p4-000084,example-reviewer,accepted,,False,continuous,0,83,curve-p4-000084,reviewed_visible_observation,confirmed_continuous_curve
p4,510.51590803052807,16.995629271331026,2.2995994285148527,0.0936751858931899,185,395.0,4.0,0.5,False,visible,line-p4-000085,example-reviewer,accepted,,True,continuous,0,84,curve-p4-000085,reviewed_visible_observation,confirmed_continuous_curve
p4,515.1151068875575,17.74503075847646,2.2995994285148527,0.0936751858931757,186,391.0,13.0,0.5,False,visible,line-p4-000086,example-reviewer,accepted,,False,continuous,0,85,curve-p4-000086,reviewed_visible_observation,confirmed_continuous_curve
p4,519.7143057445871,21.02366226473771,2.2995994285148527,0.0936751858931899,187,373.5,10.5,0.5,False,visible,line-p4-000087,example-reviewer,accepted,,False,continuous,0,86,curve-p4-000087,reviewed_visible_observation,confirmed_continuous_curve
p4,524.3135046016167,24.208618585105782,2.2995994285148527,0.0936751858931899,188,356.5,10.5,0.5,False,visible,line-p4-000088,example-reviewer,accepted,,False,continuous,0,87,curve-p4-000088,reviewed_visible_observation,confirmed_continuous_curve
p4,528.9127034586463,25.239045629930757,2.2995994285148527,0.0936751858931899,189,351.0,11.0,0.5,False,visible,line-p4-000089,example-reviewer,accepted,,False,continuous,0,88,curve-p4-000089,reviewed_visible_observation,confirmed_continuous_curve
p4,533.5119023156759,28.14297639261929,2.2995994285148527,0.0936751858931828,190,335.5,4.5,0.5,False,visible,line-p4-000090,example-reviewer,accepted,,False,continuous,0,89,curve-p4-000090,reviewed_visible_observation,confirmed_continuous_curve
p4,538.1111011727055,28.705027507978365,2.2995994285148527,0.0936751858931828,191,332.5,1.5,0.5,False,visible,line-p4-000091,example-reviewer,accepted,,False,continuous,0,90,curve-p4-000091,reviewed_visible_observation,confirmed_continuous_curve
p4,542.7103000297351,31.421607898880545,2.299599428514739,0.0936751858931828,192,318.0,3.0,0.5,False,visible,line-p4-000092,example-reviewer,accepted,,False,continuous,0,91,curve-p4-000092,reviewed_visible_observation,confirmed_continuous_curve
p4,547.3094988867647,31.796308642453255,2.2995994285148527,0.0936751858931828,193,316.0,4.0,0.5,False,visible,line-p4-000093,example-reviewer,accepted,,False,continuous,0,92,curve-p4-000093,reviewed_visible_observation,confirmed_continuous_curve
p4,551.9086977437943,32.35835975781233,2.2995994285148527,0.0936751858931828,194,313.0,1.0,0.5,False,visible,line-p4-000094,example-reviewer,accepted,,False,continuous,0,93,curve-p4-000094,reviewed_visible_observation,confirmed_continuous_curve
p4,565.706294314883,31.046907155307828,2.2995994285148527,0.0936751858931757,197,320.0,0.5,0.5,False,visible,line-p4-000095,example-reviewer,accepted,,True,continuous,0,94,curve-p4-000095,reviewed_visible_observation,confirmed_continuous_curve
p4,570.3054931719126,30.953231969414652,2.2995994285148527,0.0936751858931828,198,320.5,1.5,0.5,False,visible,line-p4-000096,example-reviewer,accepted,,False,continuous,0,95,curve-p4-000096,reviewed_visible_observation,confirmed_continuous_curve
p4,574.9046920289421,30.48485603994876,2.2995994285148527,0.0936751858931828,199,323.0,2.0,0.5,False,visible,line-p4-000097,example-reviewer,accepted,,False,continuous,0,96,curve-p4-000097,reviewed_visible_observation,confirmed_continuous_curve
p4,579.5038908859717,30.01648011048286,2.2995994285148527,0.0936751858931828,200,325.5,2.5,0.5,False,visible,line-p4-000098,example-reviewer,accepted,,False,continuous,0,97,curve-p4-000098,reviewed_visible_observation,confirmed_continuous_curve
p4,584.1030897430013,29.735454552803326,2.2995994285148527,0.0936751858931828,201,327.0,1.0,0.5,False,visible,line-p4-000099,example-reviewer,accepted,,False,continuous,0,98,curve-p4-000099,reviewed_visible_observation,confirmed_continuous_curve
p4,588.7022886000309,30.01648011048286,2.2995994285148527,0.0936751858931828,202,325.5,2.5,0.5,False,visible,line-p4-000100,example-reviewer,accepted,,False,continuous,0,99,curve-p4-000100,reviewed_visible_observation,confirmed_continuous_curve
p4,593.3014874570605,30.48485603994876,2.2995994285148527,0.0936751858931828,203,323.0,10.5,0.5,False,visible,line-p4-000101,example-reviewer,accepted,,False,continuous,0,100,curve-p4-000101,reviewed_visible_observation,confirmed_continuous_curve
p4,597.9006863140901,33.57613717442365,2.2995994285148527,0.0936751858931828,204,306.5,10.5,0.5,False,visible,line-p4-000102,example-reviewer,accepted,,False,continuous,0,101,curve-p4-000102,reviewed_visible_observation,confirmed_continuous_curve
p4,602.4998851711197,34.138188289782725,2.299599428514739,0.0936751858931828,205,303.5,2.5,0.5,False,visible,line-p4-000103,example-reviewer,accepted,,False,continuous,0,102,curve-p4-000103,reviewed_visible_observation,confirmed_continuous_curve
p4,607.0990840281493,34.512889033355435,2.2995994285148527,0.0936751858931828,206,301.5,0.5,0.5,False,visible,line-p4-000104,example-reviewer,accepted,,False,continuous,0,103,curve-p4-000104,reviewed_visible_observation,confirmed_continuous_curve
p4,611.6982828851789,34.512889033355435,2.2995994285148527,0.0936751858931828,207,301.5,0.5,0.5,False,visible,line-p4-000105,example-reviewer,accepted,,False,continuous,0,104,curve-p4-000105,reviewed_visible_observation,confirmed_continuous_curve
p4,620.896680599238,32.26468457191915,2.2995994285148527,0.0936751858931828,209,313.5,2.5,0.5,False,visible,line-p4-000106,example-reviewer,accepted,,True,continuous,0,105,curve-p4-000106,reviewed_visible_observation,confirmed_continuous_curve
p4,625.4958794562676,31.889983828346438,2.2995994285148527,0.0936751858931828,210,315.5,4.5,0.5,False,visible,line-p4-000107,example-reviewer,accepted,,False,continuous,0,106,curve-p4-000107,reviewed_visible_observation,confirmed_continuous_curve
p4,630.0950783132972,30.20383048226922,2.2995994285148527,0.0936751858931828,211,324.5,7.5,0.5,False,visible,line-p4-000108,example-reviewer,accepted,,False,continuous,0,107,curve-p4-000108,reviewed_visible_observation,confirmed_continuous_curve
p4,634.6942771703267,28.517677136192006,2.2995994285148527,0.0936751858931828,212,333.5,3.5,0.5,False,visible,line-p4-000109,example-reviewer,accepted,,False,continuous,0,108,curve-p4-000109,reviewed_visible_observation,confirmed_continuous_curve
p4,639.2934760273563,28.049301206726113,2.2995994285148527,0.0936751858931828,213,336.0,3.0,0.5,False,visible,line-p4-000110,example-reviewer,accepted,,False,continuous,0,109,curve-p4-000110,reviewed_visible_observation,confirmed_continuous_curve
p4,643.8926748843859,27.58092527726022,2.2995994285148527,0.0936751858931828,214,338.5,0.5,0.5,False,visible,line-p4-000111,example-reviewer,accepted,,False,continuous,0,110,curve-p4-000111,reviewed_visible_observation,confirmed_continuous_curve
p4,653.0910725984451,25.520071187610284,2.2995994285148527,0.0936751858931757,216,349.5,0.5,0.5,False,visible,line-p4-000112,example-reviewer,accepted,,True,continuous,0,111,curve-p4-000112,reviewed_visible_observation,confirmed_continuous_curve
p4,657.6902714554747,24.86434488635804,2.2995994285148527,0.0936751858931757,217,353.0,4.0,0.5,False,visible,line-p4-000113,example-reviewer,accepted,,False,continuous,0,112,curve-p4-000113,reviewed_visible_observation,confirmed_continuous_curve
p4,662.2894703125042,24.395968956892148,2.299599428514739,0.0936751858931757,218,355.5,9.5,0.5,False,visible,line-p4-000114,example-reviewer,accepted,,False,continuous,0,113,curve-p4-000114,reviewed_visible_observation,confirmed_continuous_curve
p4,666.8886691695338,21.211012636524075,2.2995994285148527,0.0936751858931757,219,372.5,4.5,0.5,False,visible,line-p4-000115,example-reviewer,accepted,,False,continuous,0,114,curve-p4-000115,reviewed_visible_observation,confirmed_continuous_curve
p4,671.4878680265634,21.1173374506309,2.2995994285148527,0.0936751858931899,220,373.0,6.5,0.5,False,visible,line-p4-000116,example-reviewer,accepted,,False,continuous,0,115,curve-p4-000116,reviewed_visible_observation,confirmed_continuous_curve
p4,676.087066883593,23.271866726173997,2.2995994285148527,0.0936751858931899,221,361.5,4.5,0.5,False,visible,line-p4-000117,example-reviewer,accepted,,False,continuous,0,116,curve-p4-000117,reviewed_visible_observation,confirmed_continuous_curve
p4,680.6862657406226,23.646567469746714,2.2995994285148527,0.0936751858931757,222,359.5,8.5,0.5,False,visible,line-p4-000118,example-reviewer,accepted,,False,continuous,0,117,curve-p4-000118,reviewed_visible_observation,confirmed_continuous_curve
p4,685.2854645976522,26.831523790114787,2.2995994285148527,0.0936751858931757,223,342.5,3.5,0.5,False,visible,line-p4-000119,example-reviewer,accepted,,False,continuous,0,118,curve-p4-000119,reviewed_visible_observation,confirmed_continuous_curve
p4,689.8846634546817,27.018874161901145,2.299599428514739,0.0936751858931828,224,341.5,3.5,0.5,False,visible,line-p4-000120,example-reviewer,accepted,,False,continuous,0,119,curve-p4-000120,reviewed_visible_observation,confirmed_continuous_curve
p4,717.4798565968592,25.801096745289826,2.299599428514739,0.0936751858931757,230,348.0,4.0,0.5,False,visible,line-p4-000121,example-reviewer,accepted,,True,continuous,0,120,curve-p4-000121,reviewed_visible_observation,confirmed_continuous_curve
p4,722.0790554538887,25.05169525814439,2.2995994285149663,0.0936751858931757,231,352.0,12.5,0.5,False,visible,line-p4-000122,example-reviewer,accepted,,False,continuous,0,121,curve-p4-000122,reviewed_visible_observation,confirmed_continuous_curve
p4,726.6782543109184,22.054089309562684,2.299599428514739,0.0936751858931899,232,368.0,5.0,0.5,False,visible,line-p4-000123,example-reviewer,accepted,,False,continuous,0,122,curve-p4-000123,reviewed_visible_observation,confirmed_continuous_curve
p4,731.2774531679479,21.211012636524075,2.2995994285149663,0.0936751858931757,233,372.5,2.5,0.5,False,visible,line-p4-000124,example-reviewer,accepted,,False,continuous,0,123,curve-p4-000124,reviewed_visible_observation,confirmed_continuous_curve
p4,735.8766520249776,21.679388565989967,2.299599428514739,0.0936751858931757,234,370.0,4.0,0.5,False,visible,line-p4-000125,example-reviewer,accepted,,False,continuous,0,124,curve-p4-000125,reviewed_visible_observation,confirmed_continuous_curve
p4,740.4758508820071,22.14776449545586,2.2995994285149663,0.0936751858931757,235,367.5,1.5,0.5,False,visible,line-p4-000126,example-reviewer,accepted,,False,continuous,0,125,curve-p4-000126,reviewed_visible_observation,confirmed_continuous_curve
p4,754.273447453096,23.365541912067187,2.2995994285149663,0.0936751858931899,238,361.0,1.0,0.5,False,visible,line-p4-000127,example-reviewer,accepted,,True,continuous,0,126,curve-p4-000127,reviewed_visible_observation,confirmed_continuous_curve
p4,758.8726463101254,23.552892283853538,2.299599428514739,0.0936751858931757,239,360.0,2.0,0.5,False,visible,line-p4-000128,example-reviewer,accepted,,False,continuous,0,127,curve-p4-000128,reviewed_visible_observation,confirmed_continuous_curve
p4,763.4718451671552,23.271866726173997,2.2995994285149663,0.0936751858931899,240,361.5,2.5,0.5,False,visible,line-p4-000129,example-reviewer,accepted,,False,continuous,0,128,curve-p4-000129,reviewed_visible_observation,confirmed_continuous_curve
p4,768.0710440241846,22.89716598260128,2.299599428514739,0.0936751858931899,241,363.5,0.5,0.5,False,visible,line-p4-000130,example-reviewer,accepted,,False,continuous,0,129,curve-p4-000130,reviewed_visible_observation,confirmed_continuous_curve
p4,781.8686405952733,22.522465239028577,2.2995994285149663,0.0936751858931899,244,365.5,1.5,0.5,False,visible,line-p4-000131,example-reviewer,accepted,,True,continuous,0,130,curve-p4-000131,reviewed_visible_observation,confirmed_continuous_curve
p4,786.467839452303,23.084516354387645,2.299599428514739,0.0936751858931757,245,362.5,4.5,0.5,False,visible,line-p4-000132,example-reviewer,accepted,,False,continuous,0,131,curve-p4-000132,reviewed_visible_observation,confirmed_continuous_curve
p4,791.0670383093325,23.459217097960362,2.2995994285149663,0.0936751858931757,246,360.5,2.5,0.5,False,visible,line-p4-000133,example-reviewer,accepted,,False,continuous,0,132,curve-p4-000133,reviewed_visible_observation,confirmed_continuous_curve
p4,795.6662371663622,26.831523790114787,2.299599428514739,0.0936751858931757,247,342.5,4.5,0.5,False,visible,line-p4-000134,example-reviewer,accepted,,False,continuous,0,133,curve-p4-000134,reviewed_visible_observation,confirmed_continuous_curve
p4,800.2654360233917,26.925198976007962,2.2995994285149663,0.0936751858931828,248,342.0,4.0,0.5,False,visible,line-p4-000135,example-reviewer,accepted,,False,continuous,0,134,curve-p4-000135,reviewed_visible_observation,confirmed_continuous_curve
p4,818.66223145151,29.922804924589684,2.299599428514739,0.0936751858931757,252,326.0,4.0,0.5,False,visible,line-p4-000136,example-reviewer,accepted,,True,continuous,0,135,curve-p4-000136,reviewed_visible_observation,confirmed_continuous_curve
p4,823.2614303085397,30.110155296376043,2.2995994285149663,0.0936751858931828,253,325.0,4.0,0.5,False,visible,line-p4-000137,example-reviewer,accepted,,False,continuous,0,136,curve-p4-000137,reviewed_visible_observation,confirmed_continuous_curve
p4,827.8606291655692,33.20143643085094,2.299599428514739,0.0936751858931828,254,308.5,1.5,0.5,False,visible,line-p4-000138,example-reviewer,accepted,,False,continuous,0,137,curve-p4-000138,reviewed_visible_observation,confirmed_continuous_curve
p4,832.4598280225989,32.9204108731714,2.2995994285149663,0.0936751858931828,255,310.0,3.0,0.5,False,visible,line-p4-000139,example-reviewer,accepted,,False,continuous,0,138,curve-p4-000139,reviewed_visible_observation,confirmed_continuous_curve
p4,837.0590268796284,32.54571012959869,2.299599428514739,0.0936751858931828,256,312.0,7.5,0.5,False,visible,line-p4-000140,example-reviewer,accepted,,False,continuous,0,139,curve-p4-000140,reviewed_visible_observation,confirmed_continuous_curve
p4,841.6582257366579,29.45442899512379,2.2995994285149663,0.0936751858931757,257,328.5,4.5,0.5,False,visible,line-p4-000141,example-reviewer,accepted,,False,continuous,0,140,curve-p4-000141,reviewed_visible_observation,confirmed_continuous_curve
p4,846.2574245936876,26.55049823243526,2.299599428514739,0.0936751858931899,258,344.0,13.5,0.5,False,visible,line-p4-000142,example-reviewer,accepted,,False,continuous,0,141,curve-p4-000142,reviewed_visible_observation,confirmed_continuous_curve
p4,850.856623450717,23.927593027426255,2.2995994285149663,0.0936751858931757,259,358.0,14.0,0.5,False,visible,line-p4-000143,example-reviewer,accepted,,False,continuous,0,142,curve-p4-000143,reviewed_visible_observation,confirmed_continuous_curve
p4,855.4558223077468,21.773063751883143,2.299599428514739,0.0936751858931757,260,369.5,10.5,0.5,False,visible,line-p4-000144,example-reviewer,accepted,,False,continuous,0,143,curve-p4-000144,reviewed_visible_observation,confirmed_continuous_curve
p4,860.0550211647762,19.056483360980963,2.2995994285149663,0.0936751858931757,261,384.0,2.0,0.5,False,visible,line-p4-000145,example-reviewer,accepted,,False,continuous,0,144,curve-p4-000145,reviewed_visible_observation,confirmed_continuous_curve
p4,864.6542200218059,19.43118410455368,2.299599428514739,0.0936751858931757,262,382.0,2.0,0.5,False,visible,line-p4-000146,example-reviewer,accepted,,False,continuous,0,145,curve-p4-000146,reviewed_visible_observation,confirmed_continuous_curve
p4,869.2534188788354,19.805884848126396,2.299599428514739,0.0936751858931899,263,380.0,1.0,0.5,False,visible,line-p4-000147,example-reviewer,accepted,,False,continuous,0,146,curve-p4-000147,reviewed_visible_observation,confirmed_continuous_curve
p4,878.4518165928946,19.524859290446855,2.299599428514739,0.0936751858931757,265,381.5,4.5,0.5,False,visible,line-p4-000148,example-reviewer,accepted,,True,continuous,0,147,curve-p4-000148,reviewed_visible_observation,confirmed_continuous_curve
p4,883.0510154499243,19.056483360980963,2.2995994285149663,0.0936751858931757,266,384.0,12.0,0.5,False,visible,line-p4-000149,example-reviewer,accepted,,False,continuous,0,148,curve-p4-000149,reviewed_visible_observation,confirmed_continuous_curve
p4,887.6502143069538,15.777851854719714,2.299599428514739,0.0936751858931757,267,401.5,4.5,0.5,False,visible,line-p4-000150,example-reviewer,accepted,,False,continuous,0,149,curve-p4-000150,reviewed_visible_observation,confirmed_continuous_curve
p4,892.2494131639835,15.590501482933348,2.2995994285149663,0.0936751858931899,268,402.5,4.5,0.5,False,visible,line-p4-000151,example-reviewer,accepted,,False,continuous,0,150,curve-p4-000151,reviewed_visible_observation,confirmed_continuous_curve
p4,896.848612021013,17.089304457224216,2.299599428514739,0.0936751858931899,269,394.5,4.5,0.5,False,visible,line-p4-000152,example-reviewer,accepted,,False,continuous,0,151,curve-p4-000152,reviewed_visible_observation,confirmed_continuous_curve
p4,901.4478108780424,17.370330014903743,2.2995994285149663,0.0936751858931757,270,393.0,3.0,0.5,False,visible,line-p4-000153,example-reviewer,accepted,,False,continuous,0,152,curve-p4-000153,reviewed_visible_observation,confirmed_continuous_curve
p4,906.0470097350722,20.742636707058182,2.299599428514739,0.0936751858931757,271,375.0,4.0,0.5,False,visible,line-p4-000154,example-reviewer,accepted,,False,continuous,0,153,curve-p4-000154,reviewed_visible_observation,confirmed_continuous_curve
p4,910.6462085921016,31.327932712987362,2.2995994285149663,0.0936751858931828,272,318.5,63.0,0.5,False,visible,line-p4-000155,example-reviewer,accepted,,False,continuous,0,154,curve-p4-000155,reviewed_visible_observation,confirmed_continuous_curve
p4,915.2454074491313,43.505706879100586,2.299599428514739,0.0936751858931757,273,253.5,83.0,0.5,False,visible,line-p4-000156,example-reviewer,accepted,,False,continuous,0,155,curve-p4-000156,reviewed_visible_observation,confirmed_continuous_curve
p4,919.8446063061608,46.97168875714819,2.2995994285149663,0.0936751858931828,274,235.0,48.5,0.5,False,visible,line-p4-000157,example-reviewer,accepted,,False,continuous,0,156,curve-p4-000157,reviewed_visible_observation,confirmed_continuous_curve
p4,924.4438051631905,42.94365576374152,2.299599428514739,0.0936751858931828,275,256.5,68.5,0.5,False,visible,line-p4-000158,example-reviewer,accepted,,False,continuous,0,157,curve-p4-000158,reviewed_visible_observation,confirmed_continuous_curve
p4,929.04300402022,36.573743123005364,2.299599428514739,0.0936751858931828,276,290.5,58.5,0.5,False,visible,line-p4-000159,example-reviewer,accepted,,False,continuous,0,158,curve-p4-000159,reviewed_visible_observation,confirmed_continuous_curve
p4,933.6422028772497,25.520071187610284,2.2995994285149663,0.0936751858931757,277,349.5,11.5,0.5,False,visible,line-p4-000160,example-reviewer,accepted,,False,continuous,0,159,curve-p4-000160,reviewed_visible_observation,confirmed_continuous_curve
p4,938.2414017342792,24.676994514571675,2.299599428514739,0.0936751858931899,278,354.0,2.0,0.5,False,visible,line-p4-000161,example-reviewer,accepted,,False,continuous,0,160,curve-p4-000161,reviewed_visible_observation,confirmed_continuous_curve
p4,942.8406005913089,22.616140424921753,2.2995994285149663,0.0936751858931757,279,365.0,0.5,0.5,False,visible,line-p4-000162,example-reviewer,accepted,,False,continuous,0,161,curve-p4-000162,reviewed_visible_observation,confirmed_continuous_curve
p4,947.4397994483384,22.428790053135387,2.299599428514739,0.0936751858931899,280,366.0,2.0,0.5,False,visible,line-p4-000163,example-reviewer,accepted,,False,continuous,0,162,curve-p4-000163,reviewed_visible_observation,confirmed_continuous_curve
p4,952.0389983053681,21.773063751883143,2.2995994285149663,0.0936751858931757,281,369.5,3.5,0.5,False,visible,line-p4-000164,example-reviewer,accepted,,False,continuous,0,163,curve-p4-000164,reviewed_visible_observation,confirmed_continuous_curve
p4,956.6381971623975,21.4920381942036,2.299599428514739,0.0936751858931899,282,371.0,2.0,0.5,False,visible,line-p4-000165,example-reviewer,accepted,,False,continuous,0,164,curve-p4-000165,reviewed_visible_observation,confirmed_continuous_curve
p4,961.237396019427,18.40075705972872,2.2995994285149663,0.0936751858931899,283,387.5,3.5,0.5,False,visible,line-p4-000166,example-reviewer,accepted,,False,continuous,0,165,curve-p4-000166,reviewed_visible_observation,confirmed_continuous_curve
p4,965.8365948764567,18.213406687942353,2.299599428514739,0.0936751858931757,284,388.5,4.5,0.5,False,visible,line-p4-000167,example-reviewer,accepted,,False,continuous,0,166,curve-p4-000167,reviewed_visible_observation,confirmed_continuous_curve
p4,970.4357937334862,15.403151111146997,2.2995994285149663,0.0936751858931757,285,403.5,6.5,0.5,False,visible,line-p4-000168,example-reviewer,accepted,,False,continuous,0,167,curve-p4-000168,reviewed_visible_observation,confirmed_continuous_curve
p4,975.0349925905159,14.747424809894738,2.299599428514739,0.0936751858931899,286,407.0,4.0,0.5,False,visible,line-p4-000169,example-reviewer,accepted,,False,continuous,0,168,curve-p4-000169,reviewed_visible_observation,confirmed_continuous_curve
p4,979.6341914475454,14.372724066322036,2.2995994285149663,0.0936751858931899,287,409.0,3.0,0.5,False,visible,line-p4-000170,example-reviewer,accepted,,False,continuous,0,169,curve-p4-000170,reviewed_visible_observation,confirmed_continuous_curve
p4,984.2333903045751,13.810672950962953,2.299599428514739,0.0936751858931899,288,412.0,0.5,0.5,False,visible,line-p4-000171,example-reviewer,accepted,,False,continuous,0,170,curve-p4-000171,reviewed_visible_observation,confirmed_continuous_curve
p4,988.8325891616046,11.000417374167597,2.299599428514739,0.0936751858931757,289,427.0,4.0,0.5,False,visible,line-p4-000172,example-reviewer,accepted,,False,continuous,0,171,curve-p4-000172,reviewed_visible_observation,confirmed_continuous_curve
p4,993.4317880186343,10.906742188274421,2.2995994285149663,0.0936751858931757,290,427.5,4.5,0.5,False,visible,line-p4-000173,example-reviewer,accepted,,False,continuous,0,172,curve-p4-000173,reviewed_visible_observation,confirmed_continuous_curve
p4,998.0309868756638,7.721785867906348,2.299599428514739,0.0936751858931757,291,444.5,2.5,0.5,False,visible,line-p4-000174,example-reviewer,accepted,,False,continuous,0,173,curve-p4-000174,reviewed_visible_observation,confirmed_continuous_curve
p4,1002.6301857326935,7.721785867906348,2.2995994285149663,0.0936751858931757,292,444.5,2.5,0.5,False,visible,line-p4-000175,example-reviewer,accepted,,False,continuous,0,174,curve-p4-000175,reviewed_visible_observation,confirmed_continuous_curve
p4,1007.2293845897229,10.906742188274421,2.299599428514739,0.0936751858931757,293,427.5,4.5,0.5,False,visible,line-p4-000176,example-reviewer,accepted,,False,continuous,0,175,curve-p4-000176,reviewed_visible_observation,confirmed_continuous_curve
p4,1011.8285834467526,11.375118117740314,2.2995994285149663,0.0936751858931757,294,425.0,11.0,0.5,False,visible,line-p4-000177,example-reviewer,accepted,,False,continuous,0,176,curve-p4-000177,reviewed_visible_observation,confirmed_continuous_curve
p4,1016.4277823037821,14.653749624001563,2.299599428514739,0.0936751858931757,295,407.5,4.5,0.5,False,visible,line-p4-000178,example-reviewer,accepted,,False,continuous,0,177,curve-p4-000178,reviewed_visible_observation,confirmed_continuous_curve
p4,1021.0269811608116,17.370330014903743,2.2995994285149663,0.0936751858931757,296,393.0,10.5,0.5,False,visible,line-p4-000179,example-reviewer,accepted,,False,continuous,0,178,curve-p4-000179,reviewed_visible_observation,confirmed_continuous_curve
p4,1025.6261800178413,18.30708187383553,2.299599428514739,0.0936751858931899,297,388.0,5.0,0.5,False,visible,line-p4-000180,example-reviewer,accepted,,False,continuous,0,179,curve-p4-000180,reviewed_visible_observation,confirmed_continuous_curve
p4,1030.2253788748708,18.962808175087787,2.2995994285149663,0.0936751858931757,298,384.5,6.5,0.5,False,visible,line-p4-000181,example-reviewer,accepted,,False,continuous,0,180,curve-p4-000181,reviewed_visible_observation,confirmed_continuous_curve
p4,1034.8245777319005,21.398363008310426,2.299599428514739,0.0936751858931757,299,371.5,2.5,0.5,False,visible,line-p4-000182,example-reviewer,accepted,,False,continuous,0,181,curve-p4-000182,reviewed_visible_observation,confirmed_continuous_curve
p4,1039.42377658893,21.679388565989967,2.2995994285149663,0.0936751858931757,300,370.0,2.0,0.5,False,visible,line-p4-000183,example-reviewer,accepted,,False,continuous,0,182,curve-p4-000183,reviewed_visible_observation,confirmed_continuous_curve
p4,1044.0229754459597,21.960414123669494,2.299599428514739,0.0936751858931899,301,368.5,0.5,0.5,False,visible,line-p4-000184,example-reviewer,accepted,,False,continuous,0,183,curve-p4-000184,reviewed_visible_observation,confirmed_continuous_curve
p4,1048.6221743029892,21.86673893777632,2.299599428514739,0.0936751858931757,302,369.0,1.0,0.5,False,visible,line-p4-000185,example-reviewer,accepted,,False,continuous,0,184,curve-p4-000185,reviewed_visible_observation,confirmed_continuous_curve
p4,1053.2213731600189,21.773063751883143,2.2995994285149663,0.0936751858931757,303,369.5,0.5,0.5,False,visible,line-p4-000186,example-reviewer,accepted,,False,continuous,0,185,curve-p4-000186,reviewed_visible_observation,confirmed_continuous_curve
p4,1057.8205720170483,19.899560034019572,2.299599428514739,0.0936751858931757,304,379.5,0.5,0.5,False,visible,line-p4-000187,example-reviewer,accepted,,False,continuous,0,186,curve-p4-000187,reviewed_visible_observation,confirmed_continuous_curve
p4,1062.419770874078,19.805884848126396,2.2995994285149663,0.0936751858931899,305,380.0,1.0,0.5,False,visible,line-p4-000188,example-reviewer,accepted,,False,continuous,0,187,curve-p4-000188,reviewed_visible_observation,confirmed_continuous_curve
p4,1067.0189697311075,19.43118410455368,2.299599428514739,0.0936751858931757,306,382.0,2.0,0.5,False,visible,line-p4-000189,example-reviewer,accepted,,False,continuous,0,188,curve-p4-000189,reviewed_visible_observation,confirmed_continuous_curve
p4,1071.6181685881372,18.962808175087787,2.2995994285149663,0.0936751858931757,307,384.5,3.5,0.5,False,visible,line-p4-000190,example-reviewer,accepted,,False,continuous,0,189,curve-p4-000190,reviewed_visible_observation,confirmed_continuous_curve
p4,1076.2173674451667,18.58810743151507,2.299599428514739,0.0936751858931757,308,386.5,1.5,0.5,False,visible,line-p4-000191,example-reviewer,accepted,,False,continuous,0,190,curve-p4-000191,reviewed_visible_observation,confirmed_continuous_curve
p4,1080.8165663021962,15.496826297040172,2.2995994285149663,0.0936751858931757,309,403.0,4.0,0.5,False,visible,line-p4-000192,example-reviewer,accepted,,False,continuous,0,191,curve-p4-000192,reviewed_visible_observation,confirmed_continuous_curve
p4,1085.4157651592259,15.215800739360645,2.299599428514739,0.0936751858931899,310,404.5,10.5,0.5,False,visible,line-p4-000193,example-reviewer,accepted,,False,continuous,0,192,curve-p4-000193,reviewed_visible_observation,confirmed_continuous_curve
p4,1090.0149640162554,12.030844418992558,2.2995994285149663,0.0936751858931899,311,421.5,2.5,0.5,False,visible,line-p4-000194,example-reviewer,accepted,,False,continuous,0,193,curve-p4-000194,reviewed_visible_observation,confirmed_continuous_curve
p4,1094.614162873285,11.562468489526665,2.299599428514739,0.0936751858931899,312,424.0,3.0,0.5,False,visible,line-p4-000195,example-reviewer,accepted,,False,continuous,0,194,curve-p4-000195,reviewed_visible_observation,confirmed_continuous_curve
p4,1099.2133617303145,11.187767745953963,2.2995994285149663,0.0936751858931899,313,426.0,1.0,0.5,False,visible,line-p4-000196,example-reviewer,accepted,,False,continuous,0,195,curve-p4-000196,reviewed_visible_observation,confirmed_continuous_curve
p4,1103.8125605873443,12.780245906137992,2.299599428514739,0.0936751858931757,314,417.5,3.5,0.5,False,visible,line-p4-000197,example-reviewer,accepted,,False,continuous,0,196,curve-p4-000197,reviewed_visible_observation,confirmed_continuous_curve
p4,1108.4117594443737,12.967596277924358,2.299599428514739,0.0936751858931899,315,416.5,4.5,0.5,False,visible,line-p4-000198,example-reviewer,accepted,,False,continuous,0,197,curve-p4-000198,reviewed_visible_observation,confirmed_continuous_curve
p4,1113.0109583014034,16.433578155971958,2.2995994285149663,0.0936751858931757,316,398.0,10.0,0.5,False,visible,line-p4-000199,example-reviewer,accepted,,False,continuous,0,198,curve-p4-000199,reviewed_visible_observation,confirmed_continuous_curve
p4,1117.610157158433,17.089304457224216,2.299599428514739,0.0936751858931899,317,394.5,11.5,0.5,False,visible,line-p4-000200,example-reviewer,accepted,,False,continuous,0,199,curve-p4-000200,reviewed_visible_observation,confirmed_continuous_curve
p4,1122.2093560154626,19.899560034019572,2.2995994285149663,0.0936751858931757,318,379.5,2.5,0.5,False,visible,line-p4-000201,example-reviewer,accepted,,False,continuous,0,200,curve-p4-000201,reviewed_visible_observation,confirmed_continuous_curve
p4,1126.808554872492,20.367935963485465,2.299599428514739,0.0936751858931757,319,377.0,1.0,0.5,False,visible,line-p4-000202,example-reviewer,accepted,,False,continuous,0,201,curve-p4-000202,reviewed_visible_observation,confirmed_continuous_curve
p4,1131.4077537295218,20.648961521165006,2.2995994285149663,0.0936751858931899,320,375.5,1.5,0.5,False,visible,line-p4-000203,example-reviewer,accepted,,False,continuous,0,202,curve-p4-000203,reviewed_visible_observation,confirmed_continuous_curve
p4,1136.0069525865513,20.836311892951358,2.299599428514739,0.0936751858931757,321,374.5,0.5,0.5,False,visible,line-p4-000204,example-reviewer,accepted,,False,continuous,0,203,curve-p4-000204,reviewed_visible_observation,confirmed_continuous_curve
p4,1149.80454915764,21.960414123669494,2.2995994285149663,0.0936751858931899,324,368.5,1.5,0.5,False,visible,line-p4-000205,example-reviewer,accepted,,True,continuous,0,204,curve-p4-000205,reviewed_visible_observation,confirmed_continuous_curve
p4,1154.4037480146696,22.522465239028577,2.299599428514739,0.0936751858931899,325,365.5,4.5,0.5,False,visible,line-p4-000206,example-reviewer,accepted,,False,continuous,0,205,curve-p4-000206,reviewed_visible_observation,confirmed_continuous_curve
p4,1159.0029468716991,22.89716598260128,2.299599428514739,0.0936751858931899,326,363.5,2.5,0.5,False,visible,line-p4-000207,example-reviewer,accepted,,False,continuous,0,206,curve-p4-000207,reviewed_visible_observation,confirmed_continuous_curve
p4,1163.6021457287288,25.520071187610284,2.2995994285149663,0.0936751858931757,327,349.5,1.5,0.5,False,visible,line-p4-000208,example-reviewer,accepted,,False,continuous,0,207,curve-p4-000208,reviewed_visible_observation,confirmed_continuous_curve
p4,1168.2013445857583,25.70742155939665,2.299599428514739,0.0936751858931899,328,348.5,2.5,0.5,False,visible,line-p4-000209,example-reviewer,accepted,,False,continuous,0,208,curve-p4-000209,reviewed_visible_observation,confirmed_continuous_curve
p4,1172.800543442788,26.082122302969367,2.2995994285149663,0.0936751858931899,329,346.5,0.5,0.5,False,visible,line-p4-000210,example-reviewer,accepted,,False,continuous,0,209,curve-p4-000210,reviewed_visible_observation,confirmed_continuous_curve
p4,1177.3997422998175,25.894771931183,2.299599428514739,0.0936751858931757,330,347.5,1.5,0.5,False,visible,line-p4-000211,example-reviewer,accepted,,False,continuous,0,210,curve-p4-000211,reviewed_visible_observation,confirmed_continuous_curve
p4,1181.9989411568472,25.70742155939665,2.2995994285149663,0.0936751858931899,331,348.5,1.5,0.5,False,visible,line-p4-000212,example-reviewer,accepted,,False,continuous,0,211,curve-p4-000212,reviewed_visible_observation,confirmed_continuous_curve
p4,1191.1973388709062,22.70981561081493,2.2995994285149663,0.0936751858931757,333,364.5,4.5,0.5,False,visible,line-p4-000213,example-reviewer,accepted,,True,continuous,0,212,curve-p4-000213,reviewed_visible_observation,confirmed_continuous_curve
p4,1195.7965377279359,21.960414123669494,2.299599428514739,0.0936751858931899,334,368.5,11.5,0.5,False,visible,line-p4-000214,example-reviewer,accepted,,False,continuous,0,213,curve-p4-000214,reviewed_visible_observation,confirmed_continuous_curve
p4,1200.3957365849653,18.962808175087787,2.2995994285149663,0.0936751858931757,335,384.5,4.5,0.5,False,visible,line-p4-000215,example-reviewer,accepted,,False,continuous,0,214,curve-p4-000215,reviewed_visible_observation,confirmed_continuous_curve
p4,1204.994935441995,16.246227784185606,2.299599428514739,0.0936751858931757,336,399.0,8.5,0.5,False,visible,line-p4-000216,example-reviewer,accepted,,False,continuous,0,215,curve-p4-000216,reviewed_visible_observation,confirmed_continuous_curve
p4,1209.5941342990245,15.777851854719714,2.2995994285149663,0.0936751858931757,337,401.5,2.5,0.5,False,visible,line-p4-000217,example-reviewer,accepted,,False,continuous,0,216,curve-p4-000217,reviewed_visible_observation,confirmed_continuous_curve
p4,1214.1933331560542,15.777851854719714,2.299599428514739,0.0936751858931757,338,401.5,1.5,0.5,False,visible,line-p4-000218,example-reviewer,accepted,,False,continuous,0,217,curve-p4-000218,reviewed_visible_observation,confirmed_continuous_curve
p4,1227.9909297271429,17.089304457224216,2.299599428514739,0.0936751858931899,341,394.5,0.5,0.5,False,visible,line-p4-000219,example-reviewer,accepted,,True,continuous,0,218,curve-p4-000219,reviewed_visible_observation,confirmed_continuous_curve
p4,1232.5901285841726,16.90195408543785,2.2995994285149663,0.0936751858931757,342,395.5,1.5,0.5,False,visible,line-p4-000220,example-reviewer,accepted,,False,continuous,0,219,curve-p4-000220,reviewed_visible_observation,confirmed_continuous_curve
p4,1237.189327441202,16.246227784185606,2.299599428514739,0.0936751858931757,343,399.0,3.0,0.5,False,visible,line-p4-000221,example-reviewer,accepted,,False,continuous,0,220,curve-p4-000221,reviewed_visible_observation,confirmed_continuous_curve
p4,1241.7885262982318,15.965202226506065,2.2995994285149663,0.0936751858931757,344,400.5,2.5,0.5,False,visible,line-p4-000222,example-reviewer,accepted,,False,continuous,0,221,curve-p4-000222,reviewed_visible_observation,confirmed_continuous_curve
p4,1246.3877251552613,12.59289553435164,2.299599428514739,0.0936751858931757,345,418.5,4.5,0.5,False,visible,line-p4-000223,example-reviewer,accepted,,False,continuous,0,222,curve-p4-000223,reviewed_visible_observation,confirmed_continuous_curve
p4,1250.9869240122907,9.595289585769919,2.2995994285149663,0.0936751858931757,346,434.5,21.0,0.5,False,visible,line-p4-000224,example-reviewer,accepted,,False,continuous,0,223,curve-p4-000224,reviewed_visible_observation,confirmed_continuous_curve
p4,1255.5861228693204,5.379906220576885,2.299599428514739,0.0936751858931757,347,457.0,23.0,0.5,False,visible,line-p4-000225,example-reviewer,accepted,,False,continuous,0,224,curve-p4-000225,reviewed_visible_observation,confirmed_continuous_curve
p4,1260.18532172635,3.506402502713314,2.2995994285149663,0.0936751858931899,348,467.0,12.0,0.5,False,visible,line-p4-000226,example-reviewer,accepted,,False,continuous,0,225,curve-p4-000226,reviewed_visible_observation,confirmed_continuous_curve
p4,1264.7845205833796,7.9091362396927,2.299599428514739,0.0936751858931899,349,443.5,24.0,0.5,False,visible,line-p4-000227,example-reviewer,accepted,,False,continuous,0,226,curve-p4-000227,reviewed_visible_observation,confirmed_continuous_curve
p4,1269.383719440409,10.71939181648807,2.2995994285149663,0.0936751858931899,350,428.5,14.0,0.5,False,visible,line-p4-000228,example-reviewer,accepted,,False,continuous,0,227,curve-p4-000228,reviewed_visible_observation,confirmed_continuous_curve
p4,1273.9829182974388,14.841099995787928,2.299599428514739,0.0936751858931899,351,406.5,2.5,0.5,False,visible,line-p4-000229,example-reviewer,accepted,,False,continuous,0,228,curve-p4-000229,reviewed_visible_observation,confirmed_continuous_curve
p4,1278.5821171544683,15.215800739360645,2.299599428514739,0.0936751858931899,352,404.5,4.5,0.5,False,visible,line-p4-000230,example-reviewer,accepted,,False,continuous,0,229,curve-p4-000230,reviewed_visible_observation,confirmed_continuous_curve
p4,1283.181316011498,17.089304457224216,2.2995994285149663,0.0936751858931899,353,394.5,8.5,0.5,False,visible,line-p4-000231,example-reviewer,accepted,,False,continuous,0,230,curve-p4-000231,reviewed_visible_observation,confirmed_continuous_curve
p4,1287.7805148685275,18.962808175087787,2.299599428514739,0.0936751858931757,354,384.5,4.5,0.5,False,visible,line-p4-000232,example-reviewer,accepted,,False,continuous,0,231,curve-p4-000232,reviewed_visible_observation,confirmed_continuous_curve
p4,1292.3797137255572,19.337508918660504,2.2995994285149663,0.0936751858931899,355,382.5,2.5,0.5,False,visible,line-p4-000233,example-reviewer,accepted,,False,continuous,0,232,curve-p4-000233,reviewed_visible_observation,confirmed_continuous_curve
p4,1296.9789125825866,22.14776449545586,2.299599428514739,0.0936751858931757,356,367.5,2.5,0.5,False,visible,line-p4-000234,example-reviewer,accepted,,False,continuous,0,233,curve-p4-000234,reviewed_visible_observation,confirmed_continuous_curve
p4,1301.5781114396164,21.773063751883143,2.2995994285149663,0.0936751858931757,357,369.5,9.5,0.5,False,visible,line-p4-000235,example-reviewer,accepted,,False,continuous,0,234,curve-p4-000235,reviewed_visible_observation,confirmed_continuous_curve
p4,1306.1773102966458,18.681782617408246,2.299599428514739,0.0936751858931757,358,386.0,5.0,0.5,False,visible,line-p4-000236,example-reviewer,accepted,,False,continuous,0,235,curve-p4-000236,reviewed_visible_observation,confirmed_continuous_curve
p4,1310.7765091536753,18.77545780330142,2.2995994285149663,0.0936751858931899,359,385.5,5.5,0.5,False,visible,line-p4-000237,example-reviewer,accepted,,False,continuous,0,236,curve-p4-000237,reviewed_visible_observation,confirmed_continuous_curve
p4,1315.375708010705,19.899560034019572,2.299599428514739,0.0936751858931757,360,379.5,4.5,0.5,False,visible,line-p4-000238,example-reviewer,accepted,,False,continuous,0,237,curve-p4-000238,reviewed_visible_observation,confirmed_continuous_curve
p4,1319.9749068677345,20.742636707058182,2.2995994285149663,0.0936751858931757,361,375.0,9.0,0.5,False,visible,line-p4-000239,example-reviewer,accepted,,False,continuous,0,238,curve-p4-000239,reviewed_visible_observation,confirmed_continuous_curve
p4,1324.5741057247642,23.646567469746714,2.299599428514739,0.0936751858931757,362,359.5,4.5,0.5,False,visible,line-p4-000240,example-reviewer,accepted,,False,continuous,0,239,curve-p4-000240,reviewed_visible_observation,confirmed_continuous_curve
p4,1329.1733045817937,24.02126821331943,2.2995994285149663,0.0936751858931757,363,357.5,2.5,0.5,False,visible,line-p4-000241,example-reviewer,accepted,,False,continuous,0,240,curve-p4-000241,reviewed_visible_observation,confirmed_continuous_curve
p4,1333.7725034388234,23.646567469746714,2.299599428514739,0.0936751858931757,364,359.5,4.5,0.5,False,visible,line-p4-000242,example-reviewer,accepted,,False,continuous,0,241,curve-p4-000242,reviewed_visible_observation,confirmed_continuous_curve
p4,1338.3717022958529,20.46161114937864,2.299599428514739,0.0936751858931757,365,376.5,10.5,0.5,False,visible,line-p4-000243,example-reviewer,accepted,,False,continuous,0,242,curve-p4-000243,reviewed_visible_observation,confirmed_continuous_curve
p4,1342.9709011528826,19.899560034019572,2.2995994285149663,0.0936751858931757,366,379.5,4.5,0.5,False,visible,line-p4-000244,example-reviewer,accepted,,False,continuous,0,243,curve-p4-000244,reviewed_visible_observation,confirmed_continuous_curve
p4,1347.570100009912,17.089304457224216,2.299599428514739,0.0936751858931899,367,394.5,6.5,0.5,False,visible,line-p4-000245,example-reviewer,accepted,,False,continuous,0,244,curve-p4-000245,reviewed_visible_observation,confirmed_continuous_curve
p4,1352.1692988669417,17.089304457224216,2.2995994285149663,0.0936751858931899,368,394.5,1.5,0.5,False,visible,line-p4-000246,example-reviewer,accepted,,False,continuous,0,245,curve-p4-000246,reviewed_visible_observation,confirmed_continuous_curve
p4,1356.7684977239712,17.089304457224216,2.299599428514739,0.0936751858931899,369,394.5,2.5,0.5,False,visible,line-p4-000247,example-reviewer,accepted,,False,continuous,0,246,curve-p4-000247,reviewed_visible_observation,confirmed_continuous_curve
p4,1361.367696581001,15.590501482933348,2.2995994285149663,0.0936751858931899,370,402.5,10.5,0.5,False,visible,line-p4-000248,example-reviewer,accepted,,False,continuous,0,247,curve-p4-000248,reviewed_visible_observation,confirmed_continuous_curve
p4,1365.9668954380304,13.716997765069777,2.299599428514739,0.0936751858931757,371,412.5,4.5,0.5,False,visible,line-p4-000249,example-reviewer,accepted,,False,continuous,0,248,curve-p4-000249,reviewed_visible_observation,confirmed_continuous_curve
p4,1370.5660942950599,10.344691072915353,2.2995994285149663,0.0936751858931757,372,430.5,10.5,0.5,False,visible,line-p4-000250,example-reviewer,accepted,,False,continuous,0,249,curve-p4-000250,reviewed_visible_observation,confirmed_continuous_curve
p4,1375.1652931520896,9.688964771663095,2.299599428514739,0.0936751858931899,373,434.0,11.0,0.5,False,visible,line-p4-000251,example-reviewer,accepted,,False,continuous,0,250,curve-p4-000251,reviewed_visible_observation,confirmed_continuous_curve
p4,1379.764492009119,6.410333265401846,2.2995994285149663,0.0936751858931757,374,451.5,4.5,0.5,False,visible,line-p4-000252,example-reviewer,accepted,,False,continuous,0,251,curve-p4-000252,reviewed_visible_observation,confirmed_continuous_curve
p4,1384.3636908661488,5.941957335935953,2.299599428514739,0.0936751858931757,375,454.0,8.0,0.5,False,visible,line-p4-000253,example-reviewer,accepted,,False,continuous,0,252,curve-p4-000253,reviewed_visible_observation,confirmed_continuous_curve
p4,1388.9628897231783,4.0684536180723825,2.2995994285149663,0.0936751858931757,376,464.0,4.0,0.5,False,visible,line-p4-000254,example-reviewer,accepted,,False,continuous,0,253,curve-p4-000254,reviewed_visible_observation,confirmed_continuous_curve
p4,1393.562088580208,4.255803989858734,2.299599428514739,0.0936751858931757,377,463.0,4.0,0.5,False,visible,line-p4-000255,example-reviewer,accepted,,False,continuous,0,254,curve-p4-000255,reviewed_visible_observation,confirmed_continuous_curve
p4,1398.1612874372374,8.00281142558589,2.299599428514739,0.0936751858931899,378,443.0,11.0,0.5,False,visible,line-p4-000256,example-reviewer,accepted,,False,continuous,0,255,curve-p4-000256,reviewed_visible_observation,confirmed_continuous_curve
p4,1402.7604862942671,11.46879330363349,2.2995994285149663,0.0936751858931757,379,424.5,23.5,0.5,False,visible,line-p4-000257,example-reviewer,accepted,,False,continuous,0,256,curve-p4-000257,reviewed_visible_observation,confirmed_continuous_curve
p4,1407.3596851512966,15.122125553467455,2.299599428514739,0.0936751858931899,380,405.0,21.0,0.5,False,visible,line-p4-000258,example-reviewer,accepted,,False,continuous,0,257,curve-p4-000258,reviewed_visible_observation,confirmed_continuous_curve
p4,1411.9588840083263,18.77545780330142,2.2995994285149663,0.0936751858931899,381,385.5,4.5,0.5,False,visible,line-p4-000259,example-reviewer,accepted,,False,continuous,0,258,curve-p4-000259,reviewed_visible_observation,confirmed_continuous_curve
p4,1416.5580828653558,21.679388565989967,2.299599428514739,0.0936751858931757,382,370.0,7.5,0.5,False,visible,line-p4-000260,example-reviewer,accepted,,False,continuous,0,259,curve-p4-000260,reviewed_visible_observation,confirmed_continuous_curve
p4,1421.1572817223855,22.428790053135387,2.2995994285149663,0.0936751858931899,383,366.0,5.0,0.5,False,visible,line-p4-000261,example-reviewer,accepted,,False,continuous,0,260,curve-p4-000261,reviewed_visible_observation,confirmed_continuous_curve
p4,1425.756480579415,23.271866726173997,2.299599428514739,0.0936751858931899,384,361.5,10.0,0.5,False,visible,line-p4-000262,example-reviewer,accepted,,False,continuous,0,261,curve-p4-000262,reviewed_visible_observation,confirmed_continuous_curve
p4,1430.3556794364445,25.988447117076177,2.2995994285149663,0.0936751858931899,385,347.0,4.0,0.5,False,visible,line-p4-000263,example-reviewer,accepted,,False,continuous,0,262,curve-p4-000263,reviewed_visible_observation,confirmed_continuous_curve
p4,1434.9548782934742,26.55049823243526,2.299599428514739,0.0936751858931899,386,344.0,2.0,0.5,False,visible,line-p4-000264,example-reviewer,accepted,,False,continuous,0,263,curve-p4-000264,reviewed_visible_observation,confirmed_continuous_curve
p4,1444.1532760075333,25.988447117076177,2.299599428514739,0.0936751858931899,388,347.0,2.0,0.5,False,visible,line-p4-000265,example-reviewer,accepted,,True,continuous,0,264,curve-p4-000265,reviewed_visible_observation,confirmed_continuous_curve
p4,1448.7524748645628,25.61374637350346,2.2995994285149663,0.0936751858931899,389,349.0,4.0,0.5,False,visible,line-p4-000266,example-reviewer,accepted,,False,continuous,0,265,curve-p4-000266,reviewed_visible_observation,confirmed_continuous_curve
p4,1453.3516737215925,25.145370444037567,2.299599428514739,0.0936751858931899,390,351.5,1.5,0.5,False,visible,line-p4-000267,example-reviewer,accepted,,False,continuous,0,266,curve-p4-000267,reviewed_visible_observation,confirmed_continuous_curve
p4,1467.1492702926812,25.520071187610284,2.299599428514739,0.0936751858931757,393,349.5,1.5,0.5,False,visible,line-p4-000268,example-reviewer,accepted,,True,continuous,0,267,curve-p4-000268,reviewed_visible_observation,confirmed_continuous_curve
p4,1471.748469149711,25.145370444037567,2.2995994285149663,0.0936751858931899,394,351.5,3.5,0.5,False,visible,line-p4-000269,example-reviewer,accepted,,False,continuous,0,268,curve-p4-000269,reviewed_visible_observation,confirmed_continuous_curve
p4,1476.3476680067404,24.770669700464865,2.299599428514739,0.0936751858931899,395,353.5,1.5,0.5,False,visible,line-p4-000270,example-reviewer,accepted,,False,continuous,0,269,curve-p4-000270,reviewed_visible_observation,confirmed_continuous_curve
p4,1480.94686686377,22.241439681349036,2.2995994285149663,0.0936751858931757,396,367.0,1.0,0.5,False,visible,line-p4-000271,example-reviewer,accepted,,False,continuous,0,270,curve-p4-000271,reviewed_visible_observation,confirmed_continuous_curve
p4,1485.5460657207996,21.679388565989967,2.299599428514739,0.0936751858931757,397,370.0,4.0,0.5,False,visible,line-p4-000272,example-reviewer,accepted,,False,continuous,0,271,curve-p4-000272,reviewed_visible_observation,confirmed_continuous_curve
p4,1490.145264577829,21.30468782241725,2.2995994285149663,0.0936751858931757,398,372.0,3.0,0.5,False,visible,line-p4-000273,example-reviewer,accepted,,False,continuous,0,272,curve-p4-000273,reviewed_visible_observation,confirmed_continuous_curve
p4,1494.7444634348587,18.30708187383553,2.299599428514739,0.0936751858931899,399,388.0,3.0,0.5,False,visible,line-p4-000274,example-reviewer,accepted,,False,continuous,0,273,curve-p4-000274,reviewed_visible_observation,confirmed_continuous_curve
p4,1499.3436622918882,17.932381130262826,2.2995994285149663,0.0936751858931899,400,390.0,4.0,0.5,False,visible,line-p4-000275,example-reviewer,accepted,,False,continuous,0,274,curve-p4-000275,reviewed_visible_observation,confirmed_continuous_curve
p4,1503.942861148918,17.370330014903743,2.299599428514739,0.0936751858931757,401,393.0,1.0,0.5,False,visible,line-p4-000276,example-reviewer,accepted,,False,continuous,0,275,curve-p4-000276,reviewed_visible_observation,confirmed_continuous_curve
p4,1513.141258862977,15.590501482933348,2.299599428514739,0.0936751858931899,403,402.5,0.5,0.5,False,visible,line-p4-000277,example-reviewer,accepted,,True,continuous,0,276,curve-p4-000277,reviewed_visible_observation,confirmed_continuous_curve
p4,1517.7404577200066,15.496826297040172,2.299599428514739,0.0936751858931757,404,403.0,1.0,0.5,False,visible,line-p4-000278,example-reviewer,accepted,,False,continuous,0,277,curve-p4-000278,reviewed_visible_observation,confirmed_continuous_curve
p4,1522.3396565770363,15.496826297040172,2.2995994285149663,0.0936751858931757,405,403.0,1.0,0.5,False,visible,line-p4-000279,example-reviewer,accepted,,False,continuous,0,278,curve-p4-000279,reviewed_visible_observation,confirmed_continuous_curve
p4,1526.9388554340658,15.777851854719714,2.299599428514739,0.0936751858931757,406,401.5,1.5,0.5,False,visible,line-p4-000280,example-reviewer,accepted,,False,continuous,0,279,curve-p4-000280,reviewed_visible_observation,confirmed_continuous_curve
p4,1531.5380542910955,15.777851854719714,2.2995994285149663,0.0936751858931757,407,401.5,1.5,0.5,False,visible,line-p4-000281,example-reviewer,accepted,,False,continuous,0,280,curve-p4-000281,reviewed_visible_observation,confirmed_continuous_curve
p4,1536.137253148125,15.496826297040172,2.299599428514739,0.0936751858931757,408,403.0,1.0,0.5,False,visible,line-p4-000282,example-reviewer,accepted,,False,continuous,0,281,curve-p4-000282,reviewed_visible_observation,confirmed_continuous_curve
p4,1540.7364520051547,15.403151111146997,2.2995994285149663,0.0936751858931757,409,403.5,0.5,0.5,False,visible,line-p4-000283,example-reviewer,accepted,,False,continuous,0,282,curve-p4-000283,reviewed_visible_observation,confirmed_continuous_curve
p4,1545.3356508621841,13.248621835603885,2.299599428514739,0.0936751858931757,410,415.0,0.5,0.5,False,visible,line-p4-000284,example-reviewer,accepted,,False,continuous,0,283,curve-p4-000284,reviewed_visible_observation,confirmed_continuous_curve
p4,1549.9348497192136,13.810672950962953,2.2995994285149663,0.0936751858931899,411,412.0,4.0,0.5,False,visible,line-p4-000285,example-reviewer,accepted,,False,continuous,0,284,curve-p4-000285,reviewed_visible_observation,confirmed_continuous_curve
p4,1554.5340485762433,13.998023322749319,2.299599428514739,0.0936751858931757,412,411.0,4.0,0.5,False,visible,line-p4-000286,example-reviewer,accepted,,False,continuous,0,285,curve-p4-000286,reviewed_visible_observation,confirmed_continuous_curve
p4,1559.1332474332728,17.276654829010567,2.2995994285149663,0.0936751858931757,413,393.5,3.5,0.5,False,visible,line-p4-000287,example-reviewer,accepted,,False,continuous,0,286,curve-p4-000287,reviewed_visible_observation,confirmed_continuous_curve
p4,1563.7324462903025,17.55768038669011,2.299599428514739,0.0936751858931899,414,392.0,4.0,0.5,False,visible,line-p4-000288,example-reviewer,accepted,,False,continuous,0,287,curve-p4-000288,reviewed_visible_observation,confirmed_continuous_curve
p4,1568.331645147332,18.213406687942353,2.2995994285149663,0.0936751858931757,415,388.5,0.5,0.5,False,visible,line-p4-000289,example-reviewer,accepted,,False,continuous,0,288,curve-p4-000289,reviewed_visible_observation,confirmed_continuous_curve
p4,1577.5300428613912,20.367935963485465,2.299599428514739,0.0936751858931757,417,377.0,1.0,0.5,False,visible,line-p4-000290,example-reviewer,accepted,,True,continuous,0,289,curve-p4-000290,reviewed_visible_observation,confirmed_continuous_curve
p4,1582.1292417184209,20.367935963485465,2.2995994285149663,0.0936751858931757,418,377.0,1.0,0.5,False,visible,line-p4-000291,example-reviewer,accepted,,False,continuous,0,290,curve-p4-000291,reviewed_visible_observation,confirmed_continuous_curve
p4,1586.7284405754503,20.46161114937864,2.299599428514739,0.0936751858931757,419,376.5,0.5,0.5,False,visible,line-p4-000292,example-reviewer,accepted,,False,continuous,0,291,curve-p4-000292,reviewed_visible_observation,confirmed_continuous_curve
p4,1591.32763943248,20.648961521165006,2.2995994285149663,0.0936751858931899,420,375.5,1.5,0.5,False,visible,line-p4-000293,example-reviewer,accepted,,False,continuous,0,292,curve-p4-000293,reviewed_visible_observation,confirmed_continuous_curve
p4,1595.9268382895095,20.929987078844533,2.299599428514739,0.0936751858931757,421,374.0,1.0,0.5,False,visible,line-p4-000294,example-reviewer,accepted,,False,continuous,0,293,curve-p4-000294,reviewed_visible_observation,confirmed_continuous_curve
p4,1600.5260371465392,20.836311892951358,2.2995994285149663,0.0936751858931757,422,374.5,1.5,0.5,False,visible,line-p4-000295,example-reviewer,accepted,,False,continuous,0,294,curve-p4-000295,reviewed_visible_observation,confirmed_continuous_curve
p4,1605.1252360035687,20.555286335271816,2.299599428514739,0.0936751858931899,423,376.0,6.0,0.5,False,visible,line-p4-000296,example-reviewer,accepted,,False,continuous,0,295,curve-p4-000296,reviewed_visible_observation,confirmed_continuous_curve
p4,1609.7244348605982,18.213406687942353,2.2995994285149663,0.0936751858931757,424,388.5,2.5,0.5,False,visible,line-p4-000297,example-reviewer,accepted,,False,continuous,0,296,curve-p4-000297,reviewed_visible_observation,confirmed_continuous_curve
p4,1614.323633717628,17.74503075847646,2.299599428514739,0.0936751858931757,425,391.0,3.0,0.5,False,visible,line-p4-000298,example-reviewer,accepted,,False,continuous,0,297,curve-p4-000298,reviewed_visible_observation,confirmed_continuous_curve
p4,1618.9228325746574,17.182979643117392,2.2995994285149663,0.0936751858931757,426,394.0,2.0,0.5,False,visible,line-p4-000299,example-reviewer,accepted,,False,continuous,0,298,curve-p4-000299,reviewed_visible_observation,confirmed_continuous_curve
p4,1623.522031431687,16.995629271331026,2.299599428514739,0.0936751858931899,427,395.0,0.5,0.5,False,visible,line-p4-000300,example-reviewer,accepted,,False,continuous,0,299,curve-p4-000300,reviewed_visible_observation,confirmed_continuous_curve
p4,1628.1212302887166,18.962808175087787,2.2995994285149663,0.0936751858931757,428,384.5,0.5,0.5,False,visible,line-p4-000301,example-reviewer,accepted,,False,continuous,0,300,curve-p4-000301,reviewed_visible_observation,confirmed_continuous_curve
p4,1632.7204291457463,19.243833732767314,2.299599428514739,0.0936751858931899,429,383.0,2.0,0.5,False,visible,line-p4-000302,example-reviewer,accepted,,False,continuous,0,301,curve-p4-000302,reviewed_visible_observation,confirmed_continuous_curve
p4,1637.3196280027757,19.61853447634003,2.299599428514739,0.0936751858931757,430,381.0,2.0,0.5,False,visible,line-p4-000303,example-reviewer,accepted,,False,continuous,0,302,curve-p4-000303,reviewed_visible_observation,confirmed_continuous_curve
p4,1641.9188268598054,20.1805855916991,2.2995994285149663,0.0936751858931899,431,378.0,2.0,0.5,False,visible,line-p4-000304,example-reviewer,accepted,,False,continuous,0,303,curve-p4-000304,reviewed_visible_observation,confirmed_continuous_curve
p4,1646.518025716835,20.27426077759229,2.299599428514739,0.0936751858931899,432,377.5,0.5,0.5,False,visible,line-p4-000305,example-reviewer,accepted,,False,continuous,0,304,curve-p4-000305,reviewed_visible_observation,confirmed_continuous_curve
p4,1651.1172245738646,23.271866726173997,2.2995994285149663,0.0936751858931899,433,361.5,4.5,0.5,False,visible,line-p4-000306,example-reviewer,accepted,,False,continuous,0,305,curve-p4-000306,reviewed_visible_observation,confirmed_continuous_curve
p4,1655.716423430894,25.239045629930757,2.299599428514739,0.0936751858931899,434,351.0,14.0,0.5,False,visible,line-p4-000307,example-reviewer,accepted,,False,continuous,0,306,curve-p4-000307,reviewed_visible_observation,confirmed_continuous_curve
p4,1660.3156222879238,26.363147860648894,2.2995994285149663,0.0936751858931757,435,345.0,8.0,0.5,False,visible,line-p4-000308,example-reviewer,accepted,,False,continuous,0,307,curve-p4-000308,reviewed_visible_observation,confirmed_continuous_curve
p4,1664.9148211449533,22.99084116849447,2.299599428514739,0.0936751858931899,436,363.0,20.0,0.5,False,visible,line-p4-000309,example-reviewer,accepted,,False,continuous,0,308,curve-p4-000309,reviewed_visible_observation,confirmed_continuous_curve
p4,1669.5140200019828,21.4920381942036,2.2995994285149663,0.0936751858931899,437,371.0,10.5,0.5,False,visible,line-p4-000310,example-reviewer,accepted,,False,continuous,0,309,curve-p4-000310,reviewed_visible_observation,confirmed_continuous_curve
p4,1674.1132188590125,19.712209662233207,2.299599428514739,0.0936751858931899,438,380.5,3.5,0.5,False,visible,line-p4-000311,example-reviewer,accepted,,False,continuous,0,310,curve-p4-000311,reviewed_visible_observation,confirmed_continuous_curve
p4,1678.712417716042,20.1805855916991,2.2995994285149663,0.0936751858931899,439,378.0,1.0,0.5,False,visible,line-p4-000312,example-reviewer,accepted,,False,continuous,0,311,curve-p4-000312,reviewed_visible_observation,confirmed_continuous_curve
p4,1683.3116165730717,22.522465239028577,2.299599428514739,0.0936751858931899,440,365.5,0.5,0.5,False,visible,line-p4-000313,example-reviewer,accepted,,False,continuous,0,312,curve-p4-000313,reviewed_visible_observation,confirmed_continuous_curve
p4,1687.9108154301011,22.803490796708104,2.2995994285149663,0.0936751858931757,441,364.0,2.0,0.5,False,visible,line-p4-000314,example-reviewer,accepted,,False,continuous,0,313,curve-p4-000314,reviewed_visible_observation,confirmed_continuous_curve
p4,1692.5100142871308,22.99084116849447,2.299599428514739,0.0936751858931899,442,363.0,1.0,0.5,False,visible,line-p4-000315,example-reviewer,accepted,,False,continuous,0,314,curve-p4-000315,reviewed_visible_observation,confirmed_continuous_curve
p4,1697.1092131441603,23.17819154028082,2.299599428514739,0.0936751858931757,443,362.0,1.0,0.5,False,visible,line-p4-000316,example-reviewer,accepted,,False,continuous,0,315,curve-p4-000316,reviewed_visible_observation,confirmed_continuous_curve
p4,1701.70841200119,23.17819154028082,2.2995994285149663,0.0936751858931757,444,362.0,1.0,0.5,False,visible,line-p4-000317,example-reviewer,accepted,,False,continuous,0,316,curve-p4-000317,reviewed_visible_observation,confirmed_continuous_curve
p4,1706.3076108582195,23.084516354387645,2.2995994285149663,0.0936751858931757,445,362.5,0.5,0.5,False,visible,line-p4-000318,example-reviewer,accepted,,False,continuous,0,317,curve-p4-000318,reviewed_visible_observation,confirmed_continuous_curve
p4,1724.7044062863376,24.489644142785323,2.2995994285151937,0.0936751858931757,449,355.0,0.5,0.5,False,visible,line-p4-000319,example-reviewer,accepted,,True,continuous,0,318,curve-p4-000319,reviewed_visible_observation,confirmed_continuous_curve
p4,1729.3036051433676,24.489644142785323,2.299599428514739,0.0936751858931757,450,355.0,1.0,0.5,False,visible,line-p4-000320,example-reviewer,accepted,,False,continuous,0,319,curve-p4-000320,reviewed_visible_observation,confirmed_continuous_curve
p4,1733.902804000397,24.676994514571675,2.299599428514739,0.0936751858931899,451,354.0,1.0,0.5,False,visible,line-p4-000321,example-reviewer,accepted,,False,continuous,0,320,curve-p4-000321,reviewed_visible_observation,confirmed_continuous_curve
p4,1738.5020028574265,24.770669700464865,2.299599428514739,0.0936751858931899,452,353.5,0.5,0.5,False,visible,line-p4-000322,example-reviewer,accepted,,False,continuous,0,321,curve-p4-000322,reviewed_visible_observation,confirmed_continuous_curve
p4,1743.101201714456,24.86434488635804,2.2995994285151937,0.0936751858931757,453,353.0,1.0,0.5,False,visible,line-p4-000323,example-reviewer,accepted,,False,continuous,0,322,curve-p4-000323,reviewed_visible_observation,confirmed_continuous_curve
p4,1747.700400571486,24.676994514571675,2.299599428514739,0.0936751858931899,454,354.0,2.0,0.5,False,visible,line-p4-000324,example-reviewer,accepted,,False,continuous,0,323,curve-p4-000324,reviewed_visible_observation,confirmed_continuous_curve
p4,1752.2995994285154,24.5833193286785,2.299599428514739,0.0936751858931757,455,354.5,2.5,0.5,False,visible,line-p4-000325,example-reviewer,accepted,,False,continuous,0,324,curve-p4-000325,reviewed_visible_observation,confirmed_continuous_curve
p4,1756.898798285545,21.960414123669494,2.299599428514739,0.0936751858931899,456,368.5,0.5,0.5,False,visible,line-p4-000326,example-reviewer,accepted,,False,continuous,0,325,curve-p4-000326,reviewed_visible_observation,confirmed_continuous_curve
p4,1761.4979971425744,21.398363008310426,2.299599428514739,0.0936751858931757,457,371.5,4.5,0.5,False,visible,line-p4-000327,example-reviewer,accepted,,False,continuous,0,326,curve-p4-000327,reviewed_visible_observation,confirmed_continuous_curve
p4,1766.0971959996043,21.1173374506309,2.2995994285151937,0.0936751858931899,458,373.0,3.0,0.5,False,visible,line-p4-000328,example-reviewer,accepted,,False,continuous,0,327,curve-p4-000328,reviewed_visible_observation,confirmed_continuous_curve
p4,1784.4939914277222,19.150158546874138,2.2995994285151937,0.0936751858931757,462,383.5,0.5,0.5,False,visible,line-p4-000329,example-reviewer,accepted,,True,continuous,0,328,curve-p4-000329,reviewed_visible_observation,confirmed_continuous_curve
p4,1789.0931902847522,19.150158546874138,2.299599428514739,0.0936751858931757,463,383.5,0.5,0.5,False,visible,line-p4-000330,example-reviewer,accepted,,False,continuous,0,329,curve-p4-000330,reviewed_visible_observation,confirmed_continuous_curve
p4,1793.6923891417816,19.337508918660504,2.299599428514739,0.0936751858931899,464,382.5,1.5,0.5,False,visible,line-p4-000331,example-reviewer,accepted,,False,continuous,0,330,curve-p4-000331,reviewed_visible_observation,confirmed_continuous_curve
p4,1798.291587998811,19.524859290446855,2.299599428514739,0.0936751858931757,465,381.5,2.5,0.5,False,visible,line-p4-000332,example-reviewer,accepted,,False,continuous,0,331,curve-p4-000332,reviewed_visible_observation,confirmed_continuous_curve
p4,1802.8907868558406,19.43118410455368,2.2995994285151937,0.0936751858931757,466,382.0,2.0,0.5,False,visible,line-p4-000333,example-reviewer,accepted,,False,continuous,0,332,curve-p4-000333,reviewed_visible_observation,confirmed_continuous_curve
p4,1807.4899857128705,16.527253341865134,2.299599428514739,0.0936751858931899,467,397.5,3.5,0.5,False,visible,line-p4-000334,example-reviewer,accepted,,False,continuous,0,333,curve-p4-000334,reviewed_visible_observation,confirmed_continuous_curve
p4,1812.0891845699,16.246227784185606,2.299599428514739,0.0936751858931757,468,399.0,4.0,0.5,False,visible,line-p4-000335,example-reviewer,accepted,,False,continuous,0,334,curve-p4-000335,reviewed_visible_observation,confirmed_continuous_curve
p4,1816.6883834269295,15.590501482933348,2.299599428514739,0.0936751858931899,469,402.5,0.5,0.5,False,visible,line-p4-000336,example-reviewer,accepted,,False,continuous,0,335,curve-p4-000336,reviewed_visible_observation,confirmed_continuous_curve
p4,1825.886781140989,17.089304457224216,2.2995994285151937,0.0936751858931899,471,394.5,3.5,0.5,False,visible,line-p4-000337,example-reviewer,accepted,,True,continuous,0,336,curve-p4-000337,reviewed_visible_observation,confirmed_continuous_curve
p4,1830.4859799980184,24.676994514571675,2.299599428514739,0.0936751858931899,472,354.0,44.0,0.5,False,visible,line-p4-000338,example-reviewer,accepted,,False,continuous,0,337,curve-p4-000338,reviewed_visible_observation,confirmed_continuous_curve
p4,1835.0851788550478,24.5833193286785,2.299599428514739,0.0936751858931757,473,354.5,45.0,0.5,False,visible,line-p4-000339,example-reviewer,accepted,,False,continuous,0,338,curve-p4-000339,reviewed_visible_observation,confirmed_continuous_curve
p4,1839.6843777120773,21.211012636524075,2.299599428514739,0.0936751858931757,474,372.5,33.5,0.5,False,visible,line-p4-000340,example-reviewer,accepted,,False,continuous,0,339,curve-p4-000340,reviewed_visible_observation,confirmed_continuous_curve
p4,1844.2835765691068,13.34229702149706,2.2995994285151937,0.0936751858931899,475,414.5,3.5,0.5,False,visible,line-p4-000341,example-reviewer,accepted,,False,continuous,0,340,curve-p4-000341,reviewed_visible_observation,confirmed_continuous_curve
p4,1848.8827754261367,19.712209662233207,2.299599428514739,0.0936751858931899,476,380.5,48.5,0.5,False,visible,line-p4-000342,example-reviewer,accepted,,False,continuous,0,341,curve-p4-000342,reviewed_visible_observation,confirmed_continuous_curve
p4,1853.4819742831662,22.14776449545586,2.299599428514739,0.0936751858931757,477,367.5,48.0,0.5,False,visible,line-p4-000343,example-reviewer,accepted,,False,continuous,0,342,curve-p4-000343,reviewed_visible_observation,confirmed_continuous_curve
p4,1858.0811731401957,18.681782617408246,2.299599428514739,0.0936751858931757,478,386.0,60.0,0.5,False,visible,line-p4-000344,example-reviewer,accepted,,False,continuous,0,343,curve-p4-000344,reviewed_visible_observation,confirmed_continuous_curve
p4,1862.6803719972252,8.564862540944958,2.2995994285151937,0.0936751858931757,479,440.0,21.0,0.5,False,visible,line-p4-000345,example-reviewer,accepted,,False,continuous,0,344,curve-p4-000345,reviewed_visible_observation,confirmed_continuous_curve
p4,1867.279570854255,4.7241799193246266,2.299599428514739,0.0936751858931899,480,460.5,4.5,0.5,False,visible,line-p4-000346,example-reviewer,accepted,,False,continuous,0,345,curve-p4-000346,reviewed_visible_observation,confirmed_continuous_curve
p4,1871.8787697112846,4.255803989858734,2.299599428514739,0.0936751858931757,481,463.0,2.0,0.5,False,visible,line-p4-000347,example-reviewer,accepted,,False,continuous,0,346,curve-p4-000347,reviewed_visible_observation,confirmed_continuous_curve
p4,1876.477968568314,5.005205477004168,2.299599428514739,0.0936751858931757,482,459.0,0.5,0.5,False,visible,line-p4-000348,example-reviewer,accepted,,False,continuous,0,347,curve-p4-000348,reviewed_visible_observation,confirmed_continuous_curve
p4,1881.0771674253435,5.192555848790519,2.299599428514739,0.0936751858931899,483,458.0,1.0,0.5,False,visible,line-p4-000349,example-reviewer,accepted,,False,continuous,0,348,curve-p4-000349,reviewed_visible_observation,confirmed_continuous_curve
p4,1885.6763662823735,5.4735814064700605,2.2995994285151937,0.0936751858931757,484,456.5,1.5,0.5,False,visible,line-p4-000350,example-reviewer,accepted,,False,continuous,0,349,curve-p4-000350,reviewed_visible_observation,confirmed_continuous_curve
p4,1890.275565139403,6.129307707722305,2.299599428514739,0.0936751858931899,485,453.0,3.0,0.5,False,visible,line-p4-000351,example-reviewer,accepted,,False,continuous,0,350,curve-p4-000351,reviewed_visible_observation,confirmed_continuous_curve
p4,1894.8747639964324,6.31665807950867,2.299599428514739,0.0936751858931757,486,452.0,2.0,0.5,False,visible,line-p4-000352,example-reviewer,accepted,,False,continuous,0,351,curve-p4-000352,reviewed_visible_observation,confirmed_continuous_curve
p4,1899.473962853462,9.501614399876743,2.299599428514739,0.0936751858931757,487,435.0,5.0,0.5,False,visible,line-p4-000353,example-reviewer,accepted,,False,continuous,0,352,curve-p4-000353,reviewed_visible_observation,confirmed_continuous_curve
p4,1904.0731617104914,11.375118117740314,2.2995994285151937,0.0936751858931757,488,425.0,14.0,0.5,False,visible,line-p4-000354,example-reviewer,accepted,,False,continuous,0,353,curve-p4-000354,reviewed_visible_observation,confirmed_continuous_curve
p4,1908.6723605675213,13.716997765069777,2.299599428514739,0.0936751858931757,489,412.5,11.0,0.5,False,visible,line-p4-000355,example-reviewer,accepted,,False,continuous,0,354,curve-p4-000355,reviewed_visible_observation,confirmed_continuous_curve
p4,1913.2715594245508,16.808278899544675,2.299599428514739,0.0936751858931757,490,396.0,4.0,0.5,False,visible,line-p4-000356,example-reviewer,accepted,,False,continuous,0,355,curve-p4-000356,reviewed_visible_observation,confirmed_continuous_curve
p4,1917.8707582815803,17.276654829010567,2.299599428514739,0.0936751858931757,491,393.5,2.5,0.5,False,visible,line-p4-000357,example-reviewer,accepted,,False,continuous,0,356,curve-p4-000357,reviewed_visible_observation,confirmed_continuous_curve
p4,1936.2675537096986,16.90195408543785,2.299599428514739,0.0936751858931757,495,395.5,3.5,0.5,False,visible,line-p4-000358,example-reviewer,accepted,,True,continuous,0,357,curve-p4-000358,reviewed_visible_observation,confirmed_continuous_curve
p4,1940.866752566728,16.620928527758323,2.299599428514739,0.0936751858931899,496,397.0,4.0,0.5,False,visible,line-p4-000359,example-reviewer,accepted,,False,continuous,0,358,curve-p4-000359,reviewed_visible_observation,confirmed_continuous_curve
p4,1945.465951423758,13.248621835603885,2.2995994285151937,0.0936751858931757,497,415.0,10.0,0.5,False,visible,line-p4-000360,example-reviewer,accepted,,False,continuous,0,359,curve-p4-000360,reviewed_visible_observation,confirmed_continuous_curve
p4,1950.0651502807875,13.154946649710709,2.299599428514739,0.0936751858931757,498,415.5,7.0,0.5,False,visible,line-p4-000361,example-reviewer,accepted,,False,continuous,0,360,curve-p4-000361,reviewed_visible_observation,confirmed_continuous_curve
p4,1954.664349137817,15.215800739360645,2.299599428514739,0.0936751858931899,499,404.5,4.5,0.5,False,visible,line-p4-000362,example-reviewer,accepted,,False,continuous,0,361,curve-p4-000362,reviewed_visible_observation,confirmed_continuous_curve
p4,1959.2635479948465,15.590501482933348,2.299599428514739,0.0936751858931899,500,402.5,3.5,0.5,False,visible,line-p4-000363,example-reviewer,accepted,,False,continuous,0,362,curve-p4-000363,reviewed_visible_observation,confirmed_continuous_curve
p4,1963.862746851876,15.215800739360645,2.2995994285151937,0.0936751858931899,501,404.5,4.5,0.5,False,visible,line-p4-000364,example-reviewer,accepted,,False,continuous,0,363,curve-p4-000364,reviewed_visible_observation,confirmed_continuous_curve
p4,1968.461945708906,14.653749624001563,2.299599428514739,0.0936751858931757,502,407.5,4.0,0.5,False,visible,line-p4-000365,example-reviewer,accepted,,False,continuous,0,364,curve-p4-000365,reviewed_visible_observation,confirmed_continuous_curve
p4,1973.0611445659354,14.18537369453567,2.299599428514739,0.0936751858931757,503,410.0,3.0,0.5,False,visible,line-p4-000366,example-reviewer,accepted,,False,continuous,0,365,curve-p4-000366,reviewed_visible_observation,confirmed_continuous_curve
p4,1977.6603434229648,14.466399252215211,2.299599428514739,0.0936751858931757,504,408.5,3.5,0.5,False,visible,line-p4-000367,example-reviewer,accepted,,False,continuous,0,366,curve-p4-000367,reviewed_visible_observation,confirmed_continuous_curve
p4,1982.2595422799943,15.02845036757428,2.2995994285151937,0.0936751858931757,505,405.5,0.5,0.5,False,visible,line-p4-000368,example-reviewer,accepted,,False,continuous,0,367,curve-p4-000368,reviewed_visible_observation,confirmed_continuous_curve
p4,2005.2555365651426,13.248621835603885,2.2995994285151937,0.0936751858931757,510,415.0,0.5,0.5,False,visible,line-p4-000369,example-reviewer,accepted,,True,continuous,0,368,curve-p4-000369,reviewed_visible_observation,confirmed_continuous_curve
p4,2009.854735422172,12.780245906137992,2.299599428514739,0.0936751858931757,511,417.5,3.5,0.5,False,visible,line-p4-000370,example-reviewer,accepted,,False,continuous,0,369,curve-p4-000370,reviewed_visible_observation,confirmed_continuous_curve
p4,2014.4539342792016,12.3118699766721,2.299599428514739,0.0936751858931757,512,420.0,4.0,0.5,False,visible,line-p4-000371,example-reviewer,accepted,,False,continuous,0,370,curve-p4-000371,reviewed_visible_observation,confirmed_continuous_curve
p4,2019.053133136231,9.126913656304026,2.299599428514739,0.0936751858931757,513,437.0,10.0,0.5,False,visible,line-p4-000372,example-reviewer,accepted,,False,continuous,0,371,curve-p4-000372,reviewed_visible_observation,confirmed_continuous_curve
p4,2023.6523319932605,8.377512169158592,2.2995994285151937,0.0936751858931899,514,441.0,12.0,0.5,False,visible,line-p4-000373,example-reviewer,accepted,,False,continuous,0,372,curve-p4-000373,reviewed_visible_observation,confirmed_continuous_curve
p4,2028.2515308502905,5.0988806628973435,2.299599428514739,0.0936751858931757,515,458.5,4.5,0.5,False,visible,line-p4-000374,example-reviewer,accepted,,False,continuous,0,373,curve-p4-000374,reviewed_visible_observation,confirmed_continuous_curve
p4,2032.85072970732,4.7241799193246266,2.299599428514739,0.0936751858931899,516,460.5,1.5,0.5,False,visible,line-p4-000375,example-reviewer,accepted,,False,continuous,0,374,curve-p4-000375,reviewed_visible_observation,confirmed_continuous_curve
p4,2037.4499285643494,6.2229828936154945,2.299599428514739,0.0936751858931899,517,452.5,1.5,0.5,False,visible,line-p4-000376,example-reviewer,accepted,,False,continuous,0,375,curve-p4-000376,reviewed_visible_observation,confirmed_continuous_curve
p4,2042.049127421379,5.754606964149602,2.299599428514739,0.0936751858931899,518,455.0,4.0,0.5,False,visible,line-p4-000377,example-reviewer,accepted,,False,continuous,0,376,curve-p4-000377,reviewed_visible_observation,confirmed_continuous_curve
p4,2046.6483262784088,5.286231034683709,2.2995994285151937,0.0936751858931899,519,457.5,2.5,0.5,False,visible,line-p4-000378,example-reviewer,accepted,,False,continuous,0,377,curve-p4-000378,reviewed_visible_observation,confirmed_continuous_curve
p4,2051.247525135438,5.8482821500427775,2.299599428514739,0.0936751858931757,520,454.5,3.5,0.5,False,visible,line-p4-000379,example-reviewer,accepted,,False,continuous,0,378,curve-p4-000379,reviewed_visible_observation,confirmed_continuous_curve
p4,2055.8467239924676,6.035632521829129,2.299599428514739,0.0936751858931757,521,453.5,4.5,0.5,False,visible,line-p4-000380,example-reviewer,accepted,,False,continuous,0,379,curve-p4-000380,reviewed_visible_observation,confirmed_continuous_curve
p4,2060.445922849497,6.785034008974563,2.299599428514739,0.0936751858931757,522,449.5,0.5,0.5,False,visible,line-p4-000381,example-reviewer,accepted,,False,continuous,0,380,curve-p4-000381,reviewed_visible_observation,confirmed_continuous_curve
p4,2065.0451217065274,6.410333265401846,2.2995994285156485,0.0936751858931757,523,451.5,2.5,0.5,False,visible,line-p4-000382,example-reviewer,accepted,,False,continuous,0,381,curve-p4-000382,reviewed_visible_observation,confirmed_continuous_curve
p4,2069.644320563557,6.2229828936154945,2.299599428514739,0.0936751858931899,524,452.5,2.5,0.5,False,visible,line-p4-000383,example-reviewer,accepted,,False,continuous,0,382,curve-p4-000383,reviewed_visible_observation,confirmed_continuous_curve
p4,2074.2435194205864,5.8482821500427775,2.299599428514739,0.0936751858931757,525,454.5,0.5,0.5,False,visible,line-p4-000384,example-reviewer,accepted,,False,continuous,0,383,curve-p4-000384,reviewed_visible_observation,confirmed_continuous_curve
p4,2078.842718277616,5.754606964149602,2.299599428514739,0.0936751858931899,526,455.0,1.0,0.5,False,visible,line-p4-000385,example-reviewer,accepted,,False,continuous,0,384,curve-p4-000385,reviewed_visible_observation,confirmed_continuous_curve
p4,2097.2395137057338,4.630504733431451,2.299599428514739,0.0936751858931757,530,461.0,0.5,0.5,False,visible,line-p4-000386,example-reviewer,accepted,,True,continuous,0,385,curve-p4-000386,reviewed_visible_observation,confirmed_continuous_curve
p4,2101.8387125627632,3.974778432179207,2.299599428514739,0.0936751858931899,531,464.5,4.5,0.5,False,visible,line-p4-000387,example-reviewer,accepted,,False,continuous,0,386,curve-p4-000387,reviewed_visible_observation,confirmed_continuous_curve
p4,2106.4379114197936,3.131701759140597,2.2995994285156485,0.0936751858931757,532,469.0,12.0,0.5,False,visible,line-p4-000388,example-reviewer,accepted,,False,continuous,0,387,curve-p4-000388,reviewed_visible_observation,confirmed_continuous_curve
p4,2111.037110276823,0.5087965541315924,2.299599428514739,0.0936751858931757,533,483.0,3.0,0.5,False,visible,line-p4-000389,example-reviewer,accepted,,False,continuous,0,388,curve-p4-000389,reviewed_visible_observation,confirmed_continuous_curve
p4,2115.6363091338526,0.4151213682384167,2.299599428514739,0.0936751858931757,534,483.5,0.5,0.5,False,visible,line-p4-000390,example-reviewer,accepted,,False,continuous,0,389,curve-p4-000390,reviewed_visible_observation,confirmed_continuous_curve
p4,2120.235507990882,3.225376945033773,2.299599428514739,0.0936751858931757,535,468.5,4.5,0.5,False,visible,line-p4-000391,example-reviewer,accepted,,False,continuous,0,390,curve-p4-000391,reviewed_visible_observation,confirmed_continuous_curve
p4,2124.8347068479115,5.192555848790519,2.299599428514739,0.0936751858931899,536,458.0,14.0,0.5,False,visible,line-p4-000392,example-reviewer,accepted,,False,continuous,0,391,curve-p4-000392,reviewed_visible_observation,confirmed_continuous_curve
p4,2129.433905704941,6.972384380760914,2.299599428514739,0.0936751858931757,537,448.5,4.5,0.5,False,visible,line-p4-000393,example-reviewer,accepted,,False,continuous,0,392,curve-p4-000393,reviewed_visible_observation,confirmed_continuous_curve
p4,2138.632303419,9.969990329342636,2.299599428514739,0.0936751858931757,539,432.5,1.5,0.5,False,visible,line-p4-000394,example-reviewer,accepted,,True,continuous,0,393,curve-p4-000394,reviewed_visible_observation,confirmed_continuous_curve
p4,2143.2315022760295,10.532041444701704,2.2995994285156485,0.0936751858931757,540,429.5,4.5,0.5,False,visible,line-p4-000395,example-reviewer,accepted,,False,continuous,0,394,curve-p4-000395,reviewed_visible_observation,confirmed_continuous_curve
p4,2147.83070113306,11.187767745953963,2.299599428514739,0.0936751858931899,541,426.0,4.0,0.5,False,visible,line-p4-000396,example-reviewer,accepted,,False,continuous,0,395,curve-p4-000396,reviewed_visible_observation,confirmed_continuous_curve
p4,2152.4298999900893,13.810672950962953,2.299599428514739,0.0936751858931899,542,412.0,2.0,0.5,False,visible,line-p4-000397,example-reviewer,accepted,,False,continuous,0,396,curve-p4-000397,reviewed_visible_observation,confirmed_continuous_curve
p4,2157.029098847119,14.18537369453567,2.299599428514739,0.0936751858931757,543,410.0,4.0,0.5,False,visible,line-p4-000398,example-reviewer,accepted,,False,continuous,0,397,curve-p4-000398,reviewed_visible_observation,confirmed_continuous_curve
p4,2161.6282977041483,13.904348136856143,2.299599428514739,0.0936751858931899,544,411.5,6.5,0.5,False,visible,line-p4-000399,example-reviewer,accepted,,False,continuous,0,398,curve-p4-000399,reviewed_visible_observation,confirmed_continuous_curve
p4,2166.2274965611778,12.59289553435164,2.299599428514739,0.0936751858931757,545,418.5,4.5,0.5,False,visible,line-p4-000400,example-reviewer,accepted,,False,continuous,0,399,curve-p4-000400,reviewed_visible_observation,confirmed_continuous_curve
p4,2170.8266954182072,10.71939181648807,2.299599428514739,0.0936751858931899,546,428.5,9.5,0.5,False,visible,line-p4-000401,example-reviewer,accepted,,False,continuous,0,400,curve-p4-000401,reviewed_visible_observation,confirmed_continuous_curve
p4,2175.4258942752367,8.939563284517675,2.299599428514739,0.0936751858931899,547,438.0,5.0,0.5,False,visible,line-p4-000402,example-reviewer,accepted,,False,continuous,0,401,curve-p4-000402,reviewed_visible_observation,confirmed_continuous_curve
p4,2180.025093132266,8.283836983265417,2.299599428514739,0.0936751858931757,548,441.5,7.5,0.5,False,visible,line-p4-000403,example-reviewer,accepted,,False,continuous,0,402,curve-p4-000403,reviewed_visible_observation,confirmed_continuous_curve
p4,2184.6242919892966,5.379906220576885,2.2995994285156485,0.0936751858931757,549,457.0,4.0,0.5,False,visible,line-p4-000404,example-reviewer,accepted,,False,continuous,0,403,curve-p4-000404,reviewed_visible_observation,confirmed_continuous_curve
p4,2189.223490846326,6.2229828936154945,2.299599428514739,0.0936751858931899,550,452.5,9.0,0.5,False,visible,line-p4-000405,example-reviewer,accepted,,False,continuous,0,404,curve-p4-000405,reviewed_visible_observation,confirmed_continuous_curve
p4,2193.8226897033555,10.438366258808529,2.299599428514739,0.0936751858931757,551,430.0,22.5,0.5,False,visible,line-p4-000406,example-reviewer,accepted,,False,continuous,0,405,curve-p4-000406,reviewed_visible_observation,confirmed_continuous_curve
p4,2198.421888560385,13.623322579176602,2.299599428514739,0.0936751858931757,552,413.0,14.0,0.5,False,visible,line-p4-000407,example-reviewer,accepted,,False,continuous,0,406,curve-p4-000407,reviewed_visible_observation,confirmed_continuous_curve
p4,2203.0210874174145,15.02845036757428,2.299599428514739,0.0936751858931757,553,405.5,0.5,0.5,False,visible,line-p4-000408,example-reviewer,accepted,,False,continuous,0,407,curve-p4-000408,reviewed_visible_observation,confirmed_continuous_curve
p4,2226.017081702563,16.339902970078782,2.2995994285156485,0.0936751858931757,558,398.5,0.5,0.5,False,visible,line-p4-000409,example-reviewer,accepted,,True,continuous,0,408,curve-p4-000409,reviewed_visible_observation,confirmed_continuous_curve
p4,2230.6162805595923,15.777851854719714,2.299599428514739,0.0936751858931757,559,401.5,4.5,0.5,False,visible,line-p4-000410,example-reviewer,accepted,,False,continuous,0,409,curve-p4-000410,reviewed_visible_observation,confirmed_continuous_curve
p4,2235.2154794166217,15.403151111146997,2.299599428514739,0.0936751858931757,560,403.5,8.5,0.5,False,visible,line-p4-000411,example-reviewer,accepted,,False,continuous,0,410,curve-p4-000411,reviewed_visible_observation,confirmed_continuous_curve
p4,2239.814678273651,13.061271463817533,2.299599428514739,0.0936751858931757,561,416.0,2.0,0.5,False,visible,line-p4-000412,example-reviewer,accepted,,False,continuous,0,411,curve-p4-000412,reviewed_visible_observation,confirmed_continuous_curve
p4,2244.4138771306807,13.529647393283426,2.299599428514739,0.0936751858931757,562,413.5,3.5,0.5,False,visible,line-p4-000413,example-reviewer,accepted,,False,continuous,0,412,curve-p4-000413,reviewed_visible_observation,confirmed_continuous_curve
p4,2249.01307598771,13.998023322749319,2.299599428514739,0.0936751858931757,563,411.0,2.0,0.5,False,visible,line-p4-000414,example-reviewer,accepted,,False,continuous,0,413,curve-p4-000414,reviewed_visible_observation,confirmed_continuous_curve
p4,2262.8106725587986,11.749818861313031,2.2995994285156485,0.0936751858931757,566,423.0,4.0,0.5,False,visible,line-p4-000415,example-reviewer,accepted,,True,continuous,0,414,curve-p4-000415,reviewed_visible_observation,confirmed_continuous_curve
p4,2267.409871415829,11.375118117740314,2.299599428514739,0.0936751858931757,567,425.0,10.0,0.5,False,visible,line-p4-000416,example-reviewer,accepted,,False,continuous,0,415,curve-p4-000416,reviewed_visible_observation,confirmed_continuous_curve
p4,2272.0090702728585,8.096486611479065,2.299599428514739,0.0936751858931757,568,442.5,4.5,0.5,False,visible,line-p4-000417,example-reviewer,accepted,,False,continuous,0,416,curve-p4-000417,reviewed_visible_observation,confirmed_continuous_curve
p4,2276.608269129888,7.6281106820131725,2.299599428514739,0.0936751858931757,569,445.0,9.0,0.5,False,visible,line-p4-000418,example-reviewer,accepted,,False,continuous,0,417,curve-p4-000418,reviewed_visible_observation,confirmed_continuous_curve
p4,2281.2074679869174,4.34947917575191,2.299599428514739,0.0936751858931899,570,462.5,4.5,0.5,False,visible,line-p4-000419,example-reviewer,accepted,,False,continuous,0,418,curve-p4-000419,reviewed_visible_observation,confirmed_continuous_curve
p4,2285.806666843947,3.881103246286017,2.299599428514739,0.0936751858931899,571,465.0,5.5,0.5,False,visible,line-p4-000420,example-reviewer,accepted,,False,continuous,0,419,curve-p4-000420,reviewed_visible_observation,confirmed_continuous_curve
p4,2290.4058657009764,3.506402502713314,2.299599428514739,0.0936751858931899,572,467.0,5.0,0.5,False,visible,line-p4-000421,example-reviewer,accepted,,False,continuous,0,420,curve-p4-000421,reviewed_visible_observation,confirmed_continuous_curve
p4,2295.005064558006,6.597683637188197,2.299599428514739,0.0936751858931899,573,450.5,12.5,0.5,False,visible,line-p4-000422,example-reviewer,accepted,,False,continuous,0,421,curve-p4-000422,reviewed_visible_observation,confirmed_continuous_curve
p4,2299.6042634150353,8.564862540944958,2.299599428514739,0.0936751858931757,574,440.0,10.0,0.5,False,visible,line-p4-000423,example-reviewer,accepted,,False,continuous,0,422,curve-p4-000423,reviewed_visible_observation,confirmed_continuous_curve
p4,2304.2034622720657,9.220588842197202,2.2995994285156485,0.0936751858931757,575,436.5,4.5,0.5,False,visible,line-p4-000424,example-reviewer,accepted,,False,continuous,0,423,curve-p4-000424,reviewed_visible_observation,confirmed_continuous_curve
p4,2308.802661129095,8.283836983265417,2.299599428514739,0.0936751858931757,576,441.5,4.5,0.5,False,visible,line-p4-000425,example-reviewer,accepted,,False,continuous,0,424,curve-p4-000425,reviewed_visible_observation,confirmed_continuous_curve
p4,2313.4018599861247,10.157340701128987,2.299599428514739,0.0936751858931899,577,431.5,14.5,0.5,False,visible,line-p4-000426,example-reviewer,accepted,,False,continuous,0,425,curve-p4-000426,reviewed_visible_observation,confirmed_continuous_curve
p4,2318.001058843154,12.3118699766721,2.299599428514739,0.0936751858931757,578,420.0,10.5,0.5,False,visible,line-p4-000427,example-reviewer,accepted,,False,continuous,0,426,curve-p4-000427,reviewed_visible_observation,confirmed_continuous_curve
p4,2322.6002577001836,15.122125553467455,2.299599428514739,0.0936751858931899,579,405.0,1.0,0.5,False,visible,line-p4-000428,example-reviewer,accepted,,False,continuous,0,427,curve-p4-000428,reviewed_visible_observation,confirmed_continuous_curve
p4,2327.199456557213,15.496826297040172,2.299599428514739,0.0936751858931757,580,403.0,2.0,0.5,False,visible,line-p4-000429,example-reviewer,accepted,,False,continuous,0,428,curve-p4-000429,reviewed_visible_observation,confirmed_continuous_curve
p4,2331.7986554142426,15.965202226506065,2.299599428514739,0.0936751858931757,581,400.5,2.5,0.5,False,visible,line-p4-000430,example-reviewer,accepted,,False,continuous,0,429,curve-p4-000430,reviewed_visible_observation,confirmed_continuous_curve
p4,2336.397854271272,16.246227784185606,2.299599428514739,0.0936751858931757,582,399.0,1.0,0.5,False,visible,line-p4-000431,example-reviewer,accepted,,False,continuous,0,430,curve-p4-000431,reviewed_visible_observation,confirmed_continuous_curve
p4,2354.794649699391,18.40075705972872,2.299599428514739,0.0936751858931899,586,387.5,0.5,0.5,False,visible,line-p4-000432,example-reviewer,accepted,,True,continuous,0,431,curve-p4-000432,reviewed_visible_observation,confirmed_continuous_curve
p4,2359.3938485564204,18.58810743151507,2.299599428514739,0.0936751858931757,587,386.5,1.5,0.5,False,visible,line-p4-000433,example-reviewer,accepted,,False,continuous,0,432,curve-p4-000433,reviewed_visible_observation,confirmed_continuous_curve
p4,2363.99304741345,18.86913298919461,2.299599428514739,0.0936751858931899,588,385.0,1.0,0.5,False,visible,line-p4-000434,example-reviewer,accepted,,False,continuous,0,433,curve-p4-000434,reviewed_visible_observation,confirmed_continuous_curve
p4,2368.5922462704793,19.056483360980963,2.299599428514739,0.0936751858931757,589,384.0,1.0,0.5,False,visible,line-p4-000435,example-reviewer,accepted,,False,continuous,0,434,curve-p4-000435,reviewed_visible_observation,confirmed_continuous_curve
p4,2373.191445127509,19.243833732767314,2.299599428514739,0.0936751858931899,590,383.0,1.0,0.5,False,visible,line-p4-000436,example-reviewer,accepted,,False,continuous,0,435,curve-p4-000436,reviewed_visible_observation,confirmed_continuous_curve
p4,2377.7906439845383,19.43118410455368,2.299599428514739,0.0936751858931757,591,382.0,1.0,0.5,False,visible,line-p4-000437,example-reviewer,accepted,,False,continuous,0,436,curve-p4-000437,reviewed_visible_observation,confirmed_continuous_curve
p4,2382.3898428415678,19.337508918660504,2.2995994285156485,0.0936751858931899,592,382.5,1.5,0.5,False,visible,line-p4-000438,example-reviewer,accepted,,False,continuous,0,437,curve-p4-000438,reviewed_visible_observation,confirmed_continuous_curve
p4,2386.989041698598,16.620928527758323,2.299599428514739,0.0936751858931899,593,397.0,3.0,0.5,False,visible,line-p4-000439,example-reviewer,accepted,,False,continuous,0,438,curve-p4-000439,reviewed_visible_observation,confirmed_continuous_curve
p4,2391.5882405556276,15.496826297040172,2.299599428514739,0.0936751858931757,594,403.0,14.0,0.5,False,visible,line-p4-000440,example-reviewer,accepted,,False,continuous,0,439,curve-p4-000440,reviewed_visible_observation,confirmed_continuous_curve
p4,2396.187439412657,12.218194790778924,2.299599428514739,0.0936751858931757,595,420.5,19.5,0.5,False,visible,line-p4-000441,example-reviewer,accepted,,False,continuous,0,440,curve-p4-000441,reviewed_visible_observation,confirmed_continuous_curve
p4,2400.7866382696866,11.094092560060773,2.299599428514739,0.0936751858931899,596,426.5,11.0,0.5,False,visible,line-p4-000442,example-reviewer,accepted,,False,continuous,0,441,curve-p4-000442,reviewed_visible_observation,confirmed_continuous_curve
p4,2405.385837126716,13.810672950962953,2.299599428514739,0.0936751858931899,597,412.0,14.0,0.5,False,visible,line-p4-000443,example-reviewer,accepted,,False,continuous,0,442,curve-p4-000443,reviewed_visible_observation,confirmed_continuous_curve
p4,2409.9850359837455,16.433578155971958,2.299599428514739,0.0936751858931757,598,398.0,13.0,0.5,False,visible,line-p4-000444,example-reviewer,accepted,,False,continuous,0,443,curve-p4-000444,reviewed_visible_observation,confirmed_continuous_curve
p4,2414.584234840775,19.337508918660504,2.299599428514739,0.0936751858931899,599,382.5,4.5,0.5,False,visible,line-p4-000445,example-reviewer,accepted,,False,continuous,0,444,curve-p4-000445,reviewed_visible_observation,confirmed_continuous_curve
p4,2419.1834336978045,22.054089309562684,2.299599428514739,0.0936751858931899,600,368.0,6.0,0.5,False,visible,line-p4-000446,example-reviewer,accepted,,False,continuous,0,445,curve-p4-000446,reviewed_visible_observation,confirmed_continuous_curve
p4,2423.782632554835,22.33511486724221,2.2995994285156485,0.0936751858931757,601,366.5,1.5,0.5,False,visible,line-p4-000447,example-reviewer,accepted,,False,continuous,0,446,curve-p4-000447,reviewed_visible_observation,confirmed_continuous_curve
p4,2428.3818314118644,22.616140424921753,2.299599428514739,0.0936751858931757,602,365.0,1.0,0.5,False,visible,line-p4-000448,example-reviewer,accepted,,False,continuous,0,447,curve-p4-000448,reviewed_visible_observation,confirmed_continuous_curve
p4,2432.981030268894,22.522465239028577,2.299599428514739,0.0936751858931899,603,365.5,1.5,0.5,False,visible,line-p4-000449,example-reviewer,accepted,,False,continuous,0,448,curve-p4-000449,reviewed_visible_observation,confirmed_continuous_curve
p4,2437.5802291259233,22.241439681349036,2.299599428514739,0.0936751858931757,604,367.0,1.0,0.5,False,visible,line-p4-000450,example-reviewer,accepted,,False,continuous,0,449,curve-p4-000450,reviewed_visible_observation,confirmed_continuous_curve
p4,2442.179427982953,22.14776449545586,2.299599428514739,0.0936751858931757,605,367.5,0.5,0.5,False,visible,line-p4-000451,example-reviewer,accepted,,False,continuous,0,450,curve-p4-000451,reviewed_visible_observation,confirmed_continuous_curve
p4,2460.5762234110707,20.836311892951358,2.299599428514739,0.0936751858931757,609,374.5,0.5,0.5,False,visible,line-p4-000452,example-reviewer,accepted,,True,continuous,0,451,curve-p4-000452,reviewed_visible_observation,confirmed_continuous_curve
p4,2465.175422268101,20.648961521165006,2.2995994285156485,0.0936751858931899,610,375.5,1.5,0.5,False,visible,line-p4-000453,example-reviewer,accepted,,False,continuous,0,452,curve-p4-000453,reviewed_visible_observation,confirmed_continuous_curve
p4,2469.7746211251306,19.899560034019572,2.299599428514739,0.0936751858931757,611,379.5,3.5,0.5,False,visible,line-p4-000454,example-reviewer,accepted,,False,continuous,0,453,curve-p4-000454,reviewed_visible_observation,confirmed_continuous_curve
p4,2474.37381998216,19.712209662233207,2.299599428514739,0.0936751858931899,612,380.5,2.5,0.5,False,visible,line-p4-000455,example-reviewer,accepted,,False,continuous,0,454,curve-p4-000455,reviewed_visible_observation,confirmed_continuous_curve
p4,2478.9730188391895,17.182979643117392,2.299599428514739,0.0936751858931757,613,394.0,1.0,0.5,False,visible,line-p4-000456,example-reviewer,accepted,,False,continuous,0,455,curve-p4-000456,reviewed_visible_observation,confirmed_continuous_curve
p4,2483.572217696219,16.995629271331026,2.299599428514739,0.0936751858931899,614,395.0,1.0,0.5,False,visible,line-p4-000457,example-reviewer,accepted,,False,continuous,0,456,curve-p4-000457,reviewed_visible_observation,confirmed_continuous_curve
p4,2488.1714165532485,16.433578155971958,2.299599428514739,0.0936751858931757,615,398.0,3.0,0.5,False,visible,line-p4-000458,example-reviewer,accepted,,False,continuous,0,457,curve-p4-000458,reviewed_visible_observation,confirmed_continuous_curve
p4,2492.770615410278,15.965202226506065,2.299599428514739,0.0936751858931757,616,400.5,2.5,0.5,False,visible,line-p4-000459,example-reviewer,accepted,,False,continuous,0,458,curve-p4-000459,reviewed_visible_observation,confirmed_continuous_curve
p4,2497.3698142673074,13.061271463817533,2.299599428514739,0.0936751858931757,617,416.0,3.0,0.5,False,visible,line-p4-000460,example-reviewer,accepted,,False,continuous,0,459,curve-p4-000460,reviewed_visible_observation,confirmed_continuous_curve
p4,2501.969013124337,12.686570720244816,2.2995994285156485,0.0936751858931757,618,418.0,4.0,0.5,False,visible,line-p4-000461,example-reviewer,accepted,,False,continuous,0,460,curve-p4-000461,reviewed_visible_observation,confirmed_continuous_curve
p4,2506.5682119813673,12.124519604885748,2.299599428514739,0.0936751858931899,619,421.0,1.0,0.5,False,visible,line-p4-000462,example-reviewer,accepted,,False,continuous,0,461,curve-p4-000462,reviewed_visible_observation,confirmed_continuous_curve
p4,2524.965007409485,10.157340701128987,2.299599428514739,0.0936751858931899,623,431.5,0.5,0.5,False,visible,line-p4-000463,example-reviewer,accepted,,True,continuous,0,462,curve-p4-000463,reviewed_visible_observation,confirmed_continuous_curve
p4,2529.5642062665147,10.063665515235812,2.299599428514739,0.0936751858931757,624,432.0,1.0,0.5,False,visible,line-p4-000464,example-reviewer,accepted,,False,continuous,0,463,curve-p4-000464,reviewed_visible_observation,confirmed_continuous_curve
p4,2534.163405123544,10.251015887022177,2.299599428514739,0.0936751858931899,625,431.0,1.0,0.5,False,visible,line-p4-000465,example-reviewer,accepted,,False,continuous,0,464,curve-p4-000465,reviewed_visible_observation,confirmed_continuous_curve
p4,2538.7626039805737,10.813067002381246,2.299599428514739,0.0936751858931757,626,428.0,3.0,0.5,False,visible,line-p4-000466,example-reviewer,accepted,,False,continuous,0,465,curve-p4-000466,reviewed_visible_observation,confirmed_continuous_curve
p4,2543.361802837604,11.46879330363349,2.2995994285156485,0.0936751858931757,627,424.5,10.0,0.5,False,visible,line-p4-000467,example-reviewer,accepted,,False,continuous,0,466,curve-p4-000467,reviewed_visible_observation,confirmed_continuous_curve
p4,2547.9610016946335,14.279048880428846,2.299599428514739,0.0936751858931899,628,409.5,4.5,0.5,False,visible,line-p4-000468,example-reviewer,accepted,,False,continuous,0,467,curve-p4-000468,reviewed_visible_observation,confirmed_continuous_curve
p4,2552.560200551663,14.653749624001563,2.299599428514739,0.0936751858931757,629,407.5,1.5,0.5,False,visible,line-p4-000469,example-reviewer,accepted,,False,continuous,0,468,curve-p4-000469,reviewed_visible_observation,confirmed_continuous_curve
p4,2561.758598265722,17.089304457224216,2.299599428514739,0.0936751858931899,631,394.5,0.5,0.5,False,visible,line-p4-000470,example-reviewer,accepted,,True,continuous,0,469,curve-p4-000470,reviewed_visible_observation,confirmed_continuous_curve
p4,2566.3577971227514,17.55768038669011,2.299599428514739,0.0936751858931899,632,392.0,3.0,0.5,False,visible,line-p4-000471,example-reviewer,accepted,,False,continuous,0,470,curve-p4-000471,reviewed_visible_observation,confirmed_continuous_curve
p4,2570.956995979781,17.74503075847646,2.299599428514739,0.0936751858931757,633,391.0,2.0,0.5,False,visible,line-p4-000472,example-reviewer,accepted,,False,continuous,0,471,curve-p4-000472,reviewed_visible_observation,confirmed_continuous_curve
p4,2575.5561948368104,17.74503075847646,2.299599428514739,0.0936751858931757,634,391.0,1.0,0.5,False,visible,line-p4-000473,example-reviewer,accepted,,False,continuous,0,472,curve-p4-000473,reviewed_visible_observation,confirmed_continuous_curve
p4,2580.15539369384,17.651355572583284,2.299599428514739,0.0936751858931757,635,391.5,1.5,0.5,False,visible,line-p4-000474,example-reviewer,accepted,,False,continuous,0,473,curve-p4-000474,reviewed_visible_observation,confirmed_continuous_curve
p4,2584.7545925508703,14.934775181681104,2.2995994285156485,0.0936751858931757,636,406.0,3.0,0.5,False,visible,line-p4-000475,example-reviewer,accepted,,False,continuous,0,474,curve-p4-000475,reviewed_visible_observation,confirmed_continuous_curve
p4,2589.3537914078997,14.653749624001563,2.299599428514739,0.0936751858931757,637,407.5,3.5,0.5,False,visible,line-p4-000476,example-reviewer,accepted,,False,continuous,0,475,curve-p4-000476,reviewed_visible_observation,confirmed_continuous_curve
p4,2593.952990264929,14.091698508642494,2.299599428514739,0.0936751858931757,638,410.5,0.5,0.5,False,visible,line-p4-000477,example-reviewer,accepted,,False,continuous,0,476,curve-p4-000477,reviewed_visible_observation,confirmed_continuous_curve
p4,2607.7505868360176,15.87152704061289,2.299599428514739,0.0936751858931757,641,401.0,1.0,0.5,False,visible,line-p4-000478,example-reviewer,accepted,,True,continuous,0,477,curve-p4-000478,reviewed_visible_observation,confirmed_continuous_curve
p4,2612.349785693047,15.965202226506065,2.299599428514739,0.0936751858931757,642,400.5,0.5,0.5,False,visible,line-p4-000479,example-reviewer,accepted,,False,continuous,0,478,curve-p4-000479,reviewed_visible_observation,confirmed_continuous_curve
p4,2616.9489845500766,15.965202226506065,2.299599428514739,0.0936751858931757,643,400.5,1.5,0.5,False,visible,line-p4-000480,example-reviewer,accepted,,False,continuous,0,479,curve-p4-000480,reviewed_visible_observation,confirmed_continuous_curve
p4,2621.548183407106,15.590501482933348,2.2995994285156485,0.0936751858931899,644,402.5,3.5,0.5,False,visible,line-p4-000481,example-reviewer,accepted,,False,continuous,0,480,curve-p4-000481,reviewed_visible_observation,confirmed_continuous_curve
p4,2626.1473822641365,15.215800739360645,2.299599428514739,0.0936751858931899,645,404.5,1.5,0.5,False,visible,line-p4-000482,example-reviewer,accepted,,False,continuous,0,481,curve-p4-000482,reviewed_visible_observation,confirmed_continuous_curve
p4,2644.5441776922544,14.18537369453567,2.299599428514739,0.0936751858931757,649,410.0,1.0,0.5,False,visible,line-p4-000483,example-reviewer,accepted,,True,continuous,0,482,curve-p4-000483,reviewed_visible_observation,confirmed_continuous_curve
p4,2649.143376549284,13.998023322749319,2.299599428514739,0.0936751858931757,650,411.0,3.0,0.5,False,visible,line-p4-000484,example-reviewer,accepted,,False,continuous,0,483,curve-p4-000484,reviewed_visible_observation,confirmed_continuous_curve
p4,2653.7425754063133,13.810672950962953,2.299599428514739,0.0936751858931899,651,412.0,3.0,0.5,False,visible,line-p4-000485,example-reviewer,accepted,,False,continuous,0,484,curve-p4-000485,reviewed_visible_observation,confirmed_continuous_curve
p4,2658.341774263343,10.438366258808529,2.299599428514739,0.0936751858931757,652,430.0,4.0,0.5,False,visible,line-p4-000486,example-reviewer,accepted,,False,continuous,0,485,curve-p4-000486,reviewed_visible_observation,confirmed_continuous_curve
p4,2662.9409731203723,9.688964771663095,2.2995994285156485,0.0936751858931899,653,434.0,12.5,0.5,False,visible,line-p4-000487,example-reviewer,accepted,,False,continuous,0,486,curve-p4-000487,reviewed_visible_observation,confirmed_continuous_curve
p4,2667.5401719774027,6.785034008974563,2.299599428514739,0.0936751858931757,654,449.5,4.5,0.5,False,visible,line-p4-000488,example-reviewer,accepted,,False,continuous,0,487,curve-p4-000488,reviewed_visible_observation,confirmed_continuous_curve
p4,2672.139370834432,6.129307707722305,2.299599428514739,0.0936751858931899,655,453.0,1.0,0.5,False,visible,line-p4-000489,example-reviewer,accepted,,False,continuous,0,488,curve-p4-000489,reviewed_visible_observation,confirmed_continuous_curve
p4,2681.337768548491,6.972384380760914,2.299599428514739,0.0936751858931757,657,448.5,4.5,0.5,False,visible,line-p4-000490,example-reviewer,accepted,,True,continuous,0,489,curve-p4-000490,reviewed_visible_observation,confirmed_continuous_curve
p4,2685.9369674055206,7.253409938440456,2.299599428514739,0.0936751858931757,658,447.0,10.0,0.5,False,visible,line-p4-000491,example-reviewer,accepted,,False,continuous,0,490,curve-p4-000491,reviewed_visible_observation,confirmed_continuous_curve
p4,2690.53616626255,9.969990329342636,2.299599428514739,0.0936751858931757,659,432.5,1.5,0.5,False,visible,line-p4-000492,example-reviewer,accepted,,False,continuous,0,491,curve-p4-000492,reviewed_visible_observation,confirmed_continuous_curve
p4,2695.1353651195795,9.969990329342636,2.299599428514739,0.0936751858931757,660,432.5,0.5,0.5,False,visible,line-p4-000493,example-reviewer,accepted,,False,continuous,0,492,curve-p4-000493,reviewed_visible_observation,confirmed_continuous_curve
p4,2699.734563976609,10.063665515235812,2.299599428514739,0.0936751858931757,661,432.0,1.0,0.5,False,visible,line-p4-000494,example-reviewer,accepted,,False,continuous,0,493,curve-p4-000494,reviewed_visible_observation,confirmed_continuous_curve
p4,2704.3337628336394,10.344691072915353,2.2995994285156485,0.0936751858931757,662,430.5,1.5,0.5,False,visible,line-p4-000495,example-reviewer,accepted,,False,continuous,0,494,curve-p4-000495,reviewed_visible_observation,confirmed_continuous_curve
p4,2708.932961690669,10.62571663059488,2.299599428514739,0.0936751858931899,663,429.0,1.0,0.5,False,visible,line-p4-000496,example-reviewer,accepted,,False,continuous,0,495,curve-p4-000496,reviewed_visible_observation,confirmed_continuous_curve
p4,2722.7305582617573,12.967596277924358,2.299599428514739,0.0936751858931899,666,416.5,1.5,0.5,False,visible,line-p4-000497,example-reviewer,accepted,,True,continuous,0,496,curve-p4-000497,reviewed_visible_observation,confirmed_continuous_curve
p4,2727.329757118787,13.34229702149706,2.299599428514739,0.0936751858931899,667,414.5,2.5,0.5,False,visible,line-p4-000498,example-reviewer,accepted,,False,continuous,0,497,curve-p4-000498,reviewed_visible_observation,confirmed_continuous_curve
p4,2731.9289559758163,13.34229702149706,2.299599428514739,0.0936751858931899,668,414.5,1.5,0.5,False,visible,line-p4-000499,example-reviewer,accepted,,False,continuous,0,498,curve-p4-000499,reviewed_visible_observation,confirmed_continuous_curve
p4,2736.5281548328458,13.154946649710709,2.299599428514739,0.0936751858931757,669,415.5,0.5,0.5,False,visible,line-p4-000500,example-reviewer,accepted,,False,continuous,0,499,curve-p4-000500,reviewed_visible_observation,confirmed_continuous_curve
p4,2741.1273536898752,14.747424809894738,2.2995994285156485,0.0936751858931899,670,407.0,3.0,0.5,False,visible,line-p4-000501,example-reviewer,accepted,,False,continuous,0,500,curve-p4-000501,reviewed_visible_observation,confirmed_continuous_curve
p4,2745.7265525469056,15.122125553467455,2.299599428514739,0.0936751858931899,671,405.0,5.0,0.5,False,visible,line-p4-000502,example-reviewer,accepted,,False,continuous,0,501,curve-p4-000502,reviewed_visible_observation,confirmed_continuous_curve
p4,2750.325751403935,15.309475925253821,2.299599428514739,0.0936751858931757,672,404.0,5.0,0.5,False,visible,line-p4-000503,example-reviewer,accepted,,False,continuous,0,502,curve-p4-000503,reviewed_visible_observation,confirmed_continuous_curve
p4,2754.9249502609646,13.43597220739025,2.299599428514739,0.0936751858931899,673,414.0,14.0,0.5,False,visible,line-p4-000504,example-reviewer,accepted,,False,continuous,0,503,curve-p4-000504,reviewed_visible_observation,confirmed_continuous_curve
p4,2759.524149117994,14.279048880428846,2.299599428514739,0.0936751858931899,674,409.5,24.0,0.5,False,visible,line-p4-000505,example-reviewer,accepted,,False,continuous,0,504,curve-p4-000505,reviewed_visible_observation,confirmed_continuous_curve
p4,2764.1233479750235,18.86913298919461,2.299599428514739,0.0936751858931899,675,385.0,37.5,0.5,False,visible,line-p4-000506,example-reviewer,accepted,,False,continuous,0,505,curve-p4-000506,reviewed_visible_observation,confirmed_continuous_curve
p4,2768.722546832053,20.46161114937864,2.299599428514739,0.0936751858931757,676,376.5,24.0,0.5,False,visible,line-p4-000507,example-reviewer,accepted,,False,continuous,0,506,curve-p4-000507,reviewed_visible_observation,confirmed_continuous_curve
p4,2773.3217456890825,15.965202226506065,2.299599428514739,0.0936751858931757,677,400.5,3.5,0.5,False,visible,line-p4-000508,example-reviewer,accepted,,False,continuous,0,507,curve-p4-000508,reviewed_visible_observation,confirmed_continuous_curve
p4,2782.5201434031414,12.405545162565275,2.2995994285156485,0.0936751858931899,679,419.5,4.5,0.5,False,visible,line-p4-000509,example-reviewer,accepted,,True,continuous,0,508,curve-p4-000509,reviewed_visible_observation,confirmed_continuous_curve
p4,2787.119342260172,12.030844418992558,2.299599428514739,0.0936751858931899,680,421.5,7.0,0.5,False,visible,line-p4-000510,example-reviewer,accepted,,False,continuous,0,509,curve-p4-000510,reviewed_visible_observation,confirmed_continuous_curve
p4,2791.7185411172013,11.187767745953963,2.299599428514739,0.0936751858931899,681,426.0,4.0,0.5,False,visible,line-p4-000511,example-reviewer,accepted,,False,continuous,0,510,curve-p4-000511,reviewed_visible_observation,confirmed_continuous_curve
p4,2796.317739974231,11.562468489526665,2.299599428514739,0.0936751858931899,682,424.0,3.0,0.5,False,visible,line-p4-000512,example-reviewer,accepted,,False,continuous,0,511,curve-p4-000512,reviewed_visible_observation,confirmed_continuous_curve
p4,2805.5161376882897,13.998023322749319,2.299599428514739,0.0936751858931757,684,411.0,0.5,0.5,False,visible,line-p4-000513,example-reviewer,accepted,,True,continuous,0,512,curve-p4-000513,reviewed_visible_observation,confirmed_continuous_curve
p4,2810.115336545319,13.810672950962953,2.299599428514739,0.0936751858931899,685,412.0,2.0,0.5,False,visible,line-p4-000514,example-reviewer,accepted,,False,continuous,0,513,curve-p4-000514,reviewed_visible_observation,confirmed_continuous_curve
p4,2814.7145354023487,13.34229702149706,2.299599428514739,0.0936751858931899,686,414.5,2.5,0.5,False,visible,line-p4-000515,example-reviewer,accepted,,False,continuous,0,514,curve-p4-000515,reviewed_visible_observation,confirmed_continuous_curve
p4,2819.313734259378,12.967596277924358,2.299599428514739,0.0936751858931899,687,416.5,1.5,0.5,False,visible,line-p4-000516,example-reviewer,accepted,,False,continuous,0,515,curve-p4-000516,reviewed_visible_observation,confirmed_continuous_curve
p4,2833.1113308304675,9.87631514344946,2.299599428514739,0.0936751858931757,690,433.0,4.0,0.5,False,visible,line-p4-000517,example-reviewer,accepted,,True,continuous,0,516,curve-p4-000517,reviewed_visible_observation,confirmed_continuous_curve
p4,2837.710529687497,9.782639957556285,2.299599428514739,0.0936751858931899,691,433.5,4.5,0.5,False,visible,line-p4-000518,example-reviewer,accepted,,False,continuous,0,517,curve-p4-000518,reviewed_visible_observation,confirmed_continuous_curve
p4,2842.3097285445265,6.597683637188197,2.299599428514739,0.0936751858931899,692,450.5,2.5,0.5,False,visible,line-p4-000519,example-reviewer,accepted,,False,continuous,0,518,curve-p4-000519,reviewed_visible_observation,confirmed_continuous_curve
p4,2846.908927401556,6.2229828936154945,2.299599428514739,0.0936751858931899,693,452.5,4.5,0.5,False,visible,line-p4-000520,example-reviewer,accepted,,False,continuous,0,519,curve-p4-000520,reviewed_visible_observation,confirmed_continuous_curve
p4,2851.5081262585854,5.660931778256412,2.299599428514739,0.0936751858931899,694,455.5,1.5,0.5,False,visible,line-p4-000521,example-reviewer,accepted,,False,continuous,0,520,curve-p4-000521,reviewed_visible_observation,confirmed_continuous_curve
p4,2856.107325115615,3.225376945033773,2.299599428514739,0.0936751858931757,695,468.5,0.5,0.5,False,visible,line-p4-000522,example-reviewer,accepted,,False,continuous,0,521,curve-p4-000522,reviewed_visible_observation,confirmed_continuous_curve
p4,2860.7065239726444,2.850676201461056,2.2995994285156485,0.0936751858931757,696,470.5,3.5,0.5,False,visible,line-p4-000523,example-reviewer,accepted,,False,continuous,0,522,curve-p4-000523,reviewed_visible_observation,confirmed_continuous_curve
p4,2865.305722829675,2.2886250861019874,2.299599428514739,0.0936751858931757,697,473.5,3.5,0.5,False,visible,line-p4-000524,example-reviewer,accepted,,False,continuous,0,523,curve-p4-000524,reviewed_visible_observation,confirmed_continuous_curve
p4,2869.9049216867043,1.9139243425292705,2.299599428514739,0.0936751858931757,698,475.5,0.5,0.5,False,visible,line-p4-000525,example-reviewer,accepted,,False,continuous,0,524,curve-p4-000525,reviewed_visible_observation,confirmed_continuous_curve
p4,2879.103319400763,3.412727316820124,2.299599428514739,0.0936751858931899,700,467.5,4.5,0.5,False,visible,line-p4-000526,example-reviewer,accepted,,True,continuous,0,525,curve-p4-000526,reviewed_visible_observation,confirmed_continuous_curve
p4,2883.7025182577927,3.506402502713314,2.299599428514739,0.0936751858931899,701,467.0,4.0,0.5,False,visible,line-p4-000527,example-reviewer,accepted,,False,continuous,0,526,curve-p4-000527,reviewed_visible_observation,confirmed_continuous_curve
p4,2888.301717114822,6.785034008974563,2.299599428514739,0.0936751858931757,702,449.5,2.5,0.5,False,visible,line-p4-000528,example-reviewer,accepted,,False,continuous,0,527,curve-p4-000528,reviewed_visible_observation,confirmed_continuous_curve
p4,2892.9009159718516,7.253409938440456,2.299599428514739,0.0936751858931757,703,447.0,4.0,0.5,False,visible,line-p4-000529,example-reviewer,accepted,,False,continuous,0,528,curve-p4-000529,reviewed_visible_observation,confirmed_continuous_curve
p4,2897.500114828881,7.721785867906348,2.299599428514739,0.0936751858931757,704,444.5,1.5,0.5,False,visible,line-p4-000530,example-reviewer,accepted,,False,continuous,0,529,curve-p4-000530,reviewed_visible_observation,confirmed_continuous_curve
p4,2902.0993136859106,7.15973475254728,2.2995994285156485,0.0936751858931899,705,447.5,0.5,0.5,False,visible,line-p4-000531,example-reviewer,accepted,,False,continuous,0,530,curve-p4-000531,reviewed_visible_observation,confirmed_continuous_curve
p4,2906.698512542941,6.691358823081387,2.299599428514739,0.0936751858931899,706,450.0,3.0,0.5,False,visible,line-p4-000532,example-reviewer,accepted,,False,continuous,0,531,curve-p4-000532,reviewed_visible_observation,confirmed_continuous_curve
p4,2911.2977113999705,6.504008451295022,2.299599428514739,0.0936751858931757,707,451.0,2.0,0.5,False,visible,line-p4-000533,example-reviewer,accepted,,False,continuous,0,532,curve-p4-000533,reviewed_visible_observation,confirmed_continuous_curve
p4,2915.896910257,6.691358823081387,2.299599428514739,0.0936751858931899,708,450.0,0.5,0.5,False,visible,line-p4-000534,example-reviewer,accepted,,False,continuous,0,533,curve-p4-000534,reviewed_visible_observation,confirmed_continuous_curve
p4,2925.095307971059,8.845888098624485,2.299599428514739,0.0936751858931899,710,438.5,0.5,0.5,False,visible,line-p4-000535,example-reviewer,accepted,,True,continuous,0,534,curve-p4-000535,reviewed_visible_observation,confirmed_continuous_curve
p4,2929.6945068280884,8.939563284517675,2.299599428514739,0.0936751858931899,711,438.0,1.0,0.5,False,visible,line-p4-000536,example-reviewer,accepted,,False,continuous,0,535,curve-p4-000536,reviewed_visible_observation,confirmed_continuous_curve
p4,2934.293705685118,8.75221291273131,2.299599428514739,0.0936751858931757,712,439.0,1.0,0.5,False,visible,line-p4-000537,example-reviewer,accepted,,False,continuous,0,536,curve-p4-000537,reviewed_visible_observation,confirmed_continuous_curve
p4,2938.8929045421473,8.283836983265417,2.299599428514739,0.0936751858931757,713,441.5,2.5,0.5,False,visible,line-p4-000538,example-reviewer,accepted,,False,continuous,0,537,curve-p4-000538,reviewed_visible_observation,confirmed_continuous_curve
p4,2943.4921033991777,8.00281142558589,2.2995994285156485,0.0936751858931899,714,443.0,2.0,0.5,False,visible,line-p4-000539,example-reviewer,accepted,,False,continuous,0,538,curve-p4-000539,reviewed_visible_observation,confirmed_continuous_curve
p4,2957.289699970266,7.721785867906348,2.299599428514739,0.0936751858931757,717,444.5,1.5,0.5,False,visible,line-p4-000540,example-reviewer,accepted,,True,continuous,0,539,curve-p4-000540,reviewed_visible_observation,confirmed_continuous_curve
p4,2961.8888988272956,7.15973475254728,2.299599428514739,0.0936751858931899,718,447.5,3.5,0.5,False,visible,line-p4-000541,example-reviewer,accepted,,False,continuous,0,540,curve-p4-000541,reviewed_visible_observation,confirmed_continuous_curve
p4,2966.488097684325,6.785034008974563,2.299599428514739,0.0936751858931757,719,449.5,2.5,0.5,False,visible,line-p4-000542,example-reviewer,accepted,,False,continuous,0,541,curve-p4-000542,reviewed_visible_observation,confirmed_continuous_curve
p4,2994.083290826503,4.911530291110992,2.299599428514739,0.0936751858931757,725,459.5,0.5,0.5,False,visible,line-p4-000543,example-reviewer,accepted,,True,continuous,0,542,curve-p4-000543,reviewed_visible_observation,confirmed_continuous_curve
