series,x,y,x_uncertainty,y_uncertainty,pixel_x,pixel_y,pixel_half_height,support_pixels,guide_residual_px,evidence_status,segment_break,status,candidate_id,support_x_min,support_x_max,group_assignment_cost,competing_series,line_semantics
simulation-a11,0.0405664244128387,0.7515242676276122,0.001434130905212494,0.011864352246585552,138,122.0,5.0,11,0.0,visible_pixel_support,True,visible_candidate,line-simulation-a11-000001,,,,,
simulation-a11,0.04343468622326374,0.7515242676276122,0.0014341309052125495,0.011864352246585552,139,122.0,5.0,11,0.13929451090781697,visible_pixel_support,False,visible_candidate,line-simulation-a11-000002,,,,,
simulation-a11,0.04630294803368873,0.7538971380769293,0.001434130905212494,0.010677917021926886,140,121.0,4.5,10,0.7280084447572222,visible_pixel_support,False,visible_candidate,line-simulation-a11-000003,,,,,
simulation-a11,0.04917120984411372,0.7538971380769293,0.001434130905212494,0.009491481797268442,141,121.0,4.0,9,0.6011171710063365,visible_pixel_support,False,visible_candidate,line-simulation-a11-000004,,,,,
simulation-a11,0.052039471654538705,0.7538971380769293,0.001434130905212494,0.008305046572609776,142,121.0,3.5,8,0.47923997185080225,visible_pixel_support,False,visible_candidate,line-simulation-a11-000005,,,,,
simulation-a11,0.05490773346496369,0.7538971380769293,0.001434130905212494,0.008305046572609776,143,121.0,3.5,8,0.3615851513019095,visible_pixel_support,False,visible_candidate,line-simulation-a11-000006,,,,,
simulation-a11,0.05777599527538868,0.7586428789755635,0.001434130905212494,0.009491481797268442,144,119.0,4.0,5,2.2473610133708632,visible_pixel_support,False,visible_candidate,line-simulation-a11-000007,,,,,
simulation-a11,0.06064425708581367,0.7586428789755635,0.001434130905212494,0.009491481797268442,145,119.0,4.0,4,2.135775862068968,visible_pixel_support,False,visible_candidate,line-simulation-a11-000008,,,,,
simulation-a11,0.06351251889623871,0.7633886198741977,0.0014341309052125495,0.0011864352246586662,146,117.0,0.5,1,4.026038001407457,visible_pixel_support,False,visible_candidate,line-simulation-a11-000009,,,,,
simulation-a11,0.0663807807066637,0.7610157494248806,0.001434130905212494,0.0011864352246586662,147,118.0,0.5,2,2.9173557353976207,visible_pixel_support,False,visible_candidate,line-simulation-a11-000010,,,,,
simulation-a11,0.06924904251708869,0.7610157494248806,0.001434130905212494,0.0011864352246586662,148,118.0,0.5,1,2.808937368050678,visible_pixel_support,False,visible_candidate,line-simulation-a11-000011,,,,,
simulation-a11,0.11227296967346362,0.772880101671466,0.001434130905212494,0.0023728704493171104,163,113.0,1.0,3,5.675976425052781,visible_pixel_support,True,visible_candidate,line-simulation-a11-000012,,,,,
simulation-a11,0.1151412314838886,0.7705072312221489,0.001434130905212494,0.004745740898634221,164,114.0,2.0,5,4.46410978184376,visible_pixel_support,False,visible_candidate,line-simulation-a11-000013,,,,,
simulation-a11,0.1180094932943136,0.7681343607728319,0.001434130905212494,0.007118611347951331,165,115.0,3.0,7,3.239048205489098,visible_pixel_support,False,visible_candidate,line-simulation-a11-000014,,,,,
simulation-a11,0.12087775510473858,0.7681343607728319,0.001434130905212494,0.009491481797268442,166,115.0,4.0,9,3.0,visible_pixel_support,False,visible_candidate,line-simulation-a11-000015,,,,,
simulation-a11,0.12374601691516357,0.7681343607728319,0.0014341309052125495,0.009491481797268442,167,115.0,4.0,9,2.7024858142747803,visible_pixel_support,False,visible_candidate,line-simulation-a11-000016,,,,,
simulation-a11,0.1266142787255886,0.7681343607728319,0.001434130905212494,0.009491481797268442,168,115.0,4.0,9,2.306719669945096,visible_pixel_support,False,visible_candidate,line-simulation-a11-000017,,,,,
simulation-a11,0.1294825405360136,0.7705072312221489,0.001434130905212494,0.010677917021926997,169,114.0,4.5,10,2.8189499301223293,visible_pixel_support,False,visible_candidate,line-simulation-a11-000018,,,,,
simulation-a11,0.1323508023464386,0.7705072312221489,0.001434130905212494,0.010677917021926997,170,114.0,4.5,10,2.2454249579178054,visible_pixel_support,False,visible_candidate,line-simulation-a11-000019,,,,,
simulation-a11,0.13521906415686358,0.7705072312221489,0.001434130905212494,0.011864352246585441,171,114.0,5.0,10,1.5923931164428922,visible_pixel_support,False,visible_candidate,line-simulation-a11-000020,,,,,
simulation-a11,0.13808732596728857,0.7681343607728319,0.001434130905212494,0.011864352246585552,172,115.0,5.0,4,0.1338972311910709,visible_pixel_support,False,visible_candidate,line-simulation-a11-000021,,,,,
simulation-a11,0.14095558777771355,0.7871173243673686,0.001434130905212494,0.0023728704493171104,173,107.0,1.0,3,7.07280227812727,visible_pixel_support,False,visible_candidate,line-simulation-a11-000022,,,,,
simulation-a11,0.14382384958813854,0.7894901948166857,0.001434130905212494,0.0023728704493171104,174,106.0,1.0,3,7.218740007509268,visible_pixel_support,False,visible_candidate,line-simulation-a11-000023,,,,,
simulation-a11,0.14669211139856353,0.7918630652660028,0.001434130905212494,0.0023728704493171104,175,105.0,1.0,3,7.310164320066306,visible_pixel_support,False,visible_candidate,line-simulation-a11-000024,,,,,
simulation-a11,0.14956037320898852,0.7942359357153199,0.001434130905212494,0.0023728704493171104,176,104.0,1.0,3,7.3533235789096665,visible_pixel_support,False,visible_candidate,line-simulation-a11-000025,,,,,
simulation-a11,0.1524286350194135,0.7989816766139541,0.001434130905212494,0.0011864352246586662,177,102.0,0.5,2,8.35446614715076,visible_pixel_support,False,visible_candidate,line-simulation-a11-000026,,,,,
simulation-a11,0.16103342045068858,0.8061002879619054,0.001434130905212494,0.0011864352246585552,180,99.0,0.5,2,8.168277339373873,visible_pixel_support,True,visible_candidate,line-simulation-a11-000027,,,,,
simulation-a11,0.16390168226111357,0.8084731584112225,0.001434130905212494,0.0011864352246585552,181,98.0,0.5,2,8.063836776319349,visible_pixel_support,False,visible_candidate,line-simulation-a11-000028,,,,,
simulation-a11,0.16676994407153856,0.8108460288605396,0.001434130905212494,0.0023728704493171104,182,97.0,1.0,3,7.948621338219297,visible_pixel_support,False,visible_candidate,line-simulation-a11-000029,,,,,
simulation-a11,0.16963820588196354,0.8132188993098567,0.001434130905212494,0.0023728704493171104,183,96.0,1.0,3,7.828879388185086,visible_pixel_support,False,visible_candidate,line-simulation-a11-000030,,,,,
simulation-a11,0.17250646769238853,0.8155917697591737,0.001434130905212494,0.0023728704493171104,184,95.0,1.0,3,7.710859289328042,visible_pixel_support,False,visible_candidate,line-simulation-a11-000031,,,,,
simulation-a11,0.17537472950281352,0.8179646402084908,0.001434130905212494,0.0023728704493171104,185,94.0,1.0,3,7.600809404759545,visible_pixel_support,False,visible_candidate,line-simulation-a11-000032,,,,,
simulation-a11,0.1782429913132385,0.822710381107125,0.001434130905212494,0.0011864352246585552,186,92.0,0.5,2,8.504978097590921,visible_pixel_support,False,visible_candidate,line-simulation-a11-000033,,,,,
simulation-a11,0.1811112531236635,0.8250832515564421,0.001434130905212494,0.0011864352246585552,187,91.0,0.5,2,8.429613730933525,visible_pixel_support,False,visible_candidate,line-simulation-a11-000034,,,,,
simulation-a11,0.18397951493408848,0.8274561220057592,0.001434130905212494,0.0011864352246585552,188,90.0,0.5,2,8.380964667898724,visible_pixel_support,False,visible_candidate,line-simulation-a11-000035,,,,,
simulation-a11,0.18684777674451347,0.8298289924550764,0.001434130905212494,0.0011864352246585552,189,89.0,0.5,2,8.365279271597856,visible_pixel_support,False,visible_candidate,line-simulation-a11-000036,,,,,
simulation-a11,0.18971603855493846,0.8322018629043935,0.001434130905212494,0.0011864352246585552,190,88.0,0.5,2,8.388805905142306,visible_pixel_support,False,visible_candidate,line-simulation-a11-000037,,,,,
simulation-a11,0.19258430036536345,0.8322018629043935,0.001434130905212494,0.0023728704493171104,191,88.0,1.0,3,7.457792931643382,visible_pixel_support,False,visible_candidate,line-simulation-a11-000038,,,,,
simulation-a11,0.19545256217578855,0.8322018629043935,0.001434130905212605,0.0023728704493171104,192,88.0,1.0,3,6.578488714212469,visible_pixel_support,False,visible_candidate,line-simulation-a11-000039,,,,,
simulation-a11,0.19832082398621353,0.8345747333537106,0.001434130905212494,0.0035593056739756657,193,87.0,1.5,4,6.757141615960862,visible_pixel_support,False,visible_candidate,line-simulation-a11-000040,,,,,
simulation-a11,0.20118908579663852,0.8369476038030277,0.001434130905212494,0.004745740898634221,194,86.0,2.0,5,7.0,visible_pixel_support,False,visible_candidate,line-simulation-a11-000041,,,,,
simulation-a11,0.2040573476070635,0.8345747333537106,0.001434130905212494,0.005932176123292776,195,87.0,2.5,6,5.267316541468432,visible_pixel_support,False,visible_candidate,line-simulation-a11-000042,,,,,
simulation-a11,0.2069256094174885,0.8345747333537106,0.001434130905212494,0.007118611347951331,196,87.0,3.0,7,4.516736034506636,visible_pixel_support,False,visible_candidate,line-simulation-a11-000043,,,,,
simulation-a11,0.2097938712279135,0.8345747333537106,0.001434130905212494,0.008305046572609887,197,87.0,3.5,8,3.7505950207287526,visible_pixel_support,False,visible_candidate,line-simulation-a11-000044,,,,,
simulation-a11,0.21266213303833847,0.8345747333537106,0.001434130905212494,0.009491481797268442,198,87.0,4.0,9,2.9712300417489246,visible_pixel_support,False,visible_candidate,line-simulation-a11-000045,,,,,
simulation-a11,0.21553039484876346,0.8345747333537106,0.001434130905212494,0.009491481797268442,199,87.0,4.0,9,2.18097763918135,visible_pixel_support,False,visible_candidate,line-simulation-a11-000046,,,,,
simulation-a11,0.21839865665918845,0.8369476038030277,0.001434130905212494,0.010677917021926997,200,86.0,4.5,9,2.3821743546401137,visible_pixel_support,False,visible_candidate,line-simulation-a11-000047,,,,,
simulation-a11,0.22126691846961344,0.8345747333537106,0.001434130905212494,0.011864352246585552,201,87.0,5.0,7,0.5771567297393858,visible_pixel_support,False,visible_candidate,line-simulation-a11-000048,,,,,
simulation-a11,0.22413518028003843,0.8345747333537106,0.001434130905212494,0.010677917021926997,202,87.0,4.5,4,0.2317386939066921,visible_pixel_support,False,visible_candidate,line-simulation-a11-000049,,,,,
simulation-a11,0.22700344209046341,0.8535576969482472,0.001434130905212494,0.0023728704493171104,203,79.0,1.0,3,6.957824625316036,visible_pixel_support,False,visible_candidate,line-simulation-a11-000050,,,,,
simulation-a11,0.2298717039008884,0.8535576969482472,0.001434130905212494,0.0023728704493171104,204,79.0,1.0,3,6.148183229021697,visible_pixel_support,False,visible_candidate,line-simulation-a11-000051,,,,,
simulation-a11,0.2327399657113134,0.8535576969482472,0.001434130905212494,0.0023728704493171104,205,79.0,1.0,3,5.34167365882449,visible_pixel_support,False,visible_candidate,line-simulation-a11-000052,,,,,
simulation-a11,0.23560822752173838,0.8559305673975643,0.001434130905212605,0.0035593056739756657,206,78.0,1.5,4,5.5406324563384715,visible_pixel_support,False,visible_candidate,line-simulation-a11-000053,,,,,
simulation-a11,0.23847648933216348,0.8559305673975643,0.001434130905212494,0.0023728704493171104,207,78.0,1.0,3,4.747396163177868,visible_pixel_support,False,visible_candidate,line-simulation-a11-000054,,,,,
simulation-a11,0.24134475114258847,0.8583034378468815,0.001434130905212494,0.0011864352246585552,208,77.0,0.5,2,4.9643013209567926,visible_pixel_support,False,visible_candidate,line-simulation-a11-000055,,,,,
simulation-a11,0.24421301295301345,0.8583034378468815,0.001434130905212494,0.0011864352246585552,209,77.0,0.5,2,4.1936844712894015,visible_pixel_support,False,visible_candidate,line-simulation-a11-000056,,,,,
simulation-a11,0.24708127476343844,0.8583034378468815,0.001434130905212494,0.0011864352246585552,210,77.0,0.5,2,3.4378821557898505,visible_pixel_support,False,visible_candidate,line-simulation-a11-000057,,,,,
simulation-a11,0.24994953657386343,0.8606763082961986,0.001434130905212494,0.0023728704493171104,211,76.0,1.0,3,3.6992309160722527,visible_pixel_support,False,visible_candidate,line-simulation-a11-000058,,,,,
simulation-a11,0.2528177983842884,0.8606763082961986,0.001434130905212494,0.0023728704493171104,212,76.0,1.0,3,2.9800672937507784,visible_pixel_support,False,visible_candidate,line-simulation-a11-000059,,,,,
simulation-a11,0.2556860601947134,0.8606763082961986,0.001434130905212494,0.0011864352246585552,213,76.0,0.5,2,2.282727830439569,visible_pixel_support,False,visible_candidate,line-simulation-a11-000060,,,,,
simulation-a11,0.2585543220051384,0.8606763082961986,0.001434130905212494,0.0011864352246585552,214,76.0,0.5,2,1.6095490677527664,visible_pixel_support,False,visible_candidate,line-simulation-a11-000061,,,,,
simulation-a11,0.2614225838155634,0.8606763082961986,0.001434130905212494,0.0011864352246585552,215,76.0,0.5,2,0.9628675473045263,visible_pixel_support,False,visible_candidate,line-simulation-a11-000062,,,,,
simulation-a11,0.26429084562598837,0.8606763082961986,0.001434130905212494,0.0011864352246585552,216,76.0,0.5,2,0.34501981070900456,visible_pixel_support,False,visible_candidate,line-simulation-a11-000063,,,,,
simulation-a11,0.26715910743641336,0.8630491787455157,0.001434130905212494,0.0023728704493171104,217,75.0,1.0,3,0.7583423995803287,visible_pixel_support,False,visible_candidate,line-simulation-a11-000064,,,,,
simulation-a11,0.27002736924683834,0.8630491787455157,0.001434130905212494,0.0023728704493171104,218,75.0,1.0,3,0.20517185553264028,visible_pixel_support,False,visible_candidate,line-simulation-a11-000065,,,,,
simulation-a11,0.27289563105726333,0.8630491787455157,0.001434130905212494,0.0023728704493171104,219,75.0,1.0,3,0.31215527981989055,visible_pixel_support,False,visible_candidate,line-simulation-a11-000066,,,,,
simulation-a11,0.2757638928676883,0.8630491787455157,0.001434130905212605,0.008305046572609776,220,75.0,3.5,6,0.7913024648631364,visible_pixel_support,False,visible_candidate,line-simulation-a11-000067,,,,,
simulation-a11,0.2786321546781134,0.8606763082961986,0.001434130905212494,0.008305046572609887,221,76.0,3.5,8,2.2299331579829413,visible_pixel_support,False,visible_candidate,line-simulation-a11-000068,,,,,
simulation-a11,0.2815004164885384,0.8606763082961986,0.001434130905212494,0.008305046572609887,222,76.0,3.5,8,2.6257108175651496,visible_pixel_support,False,visible_candidate,line-simulation-a11-000069,,,,,
simulation-a11,0.2843686782989634,0.8630491787455157,0.001434130905212494,0.009491481797268442,223,75.0,4.0,9,1.9762989019956478,visible_pixel_support,False,visible_candidate,line-simulation-a11-000070,,,,,
simulation-a11,0.2872369401093884,0.8654220491948328,0.001434130905212494,0.011864352246585552,224,74.0,5.0,11,1.2793608696602519,visible_pixel_support,False,visible_candidate,line-simulation-a11-000071,,,,,
simulation-a11,0.29010520191981337,0.8677949196441499,0.001434130905212494,0.013050787471243996,225,73.0,5.5,12,0.5325601789448342,visible_pixel_support,False,visible_candidate,line-simulation-a11-000072,,,,,
simulation-a11,0.29297346373023836,0.8654220491948328,0.001434130905212494,0.011864352246585552,226,74.0,5.0,11,1.7335602882352532,visible_pixel_support,False,visible_candidate,line-simulation-a11-000073,,,,,
simulation-a11,0.29584172554066335,0.8630491787455157,0.001434130905212494,0.009491481797268442,227,75.0,4.0,9,2.880024655917353,visible_pixel_support,False,visible_candidate,line-simulation-a11-000074,,,,,
simulation-a11,0.29870998735108834,0.8630491787455157,0.001434130905212494,0.009491481797268442,228,75.0,4.0,9,2.9696167403769778,visible_pixel_support,False,visible_candidate,line-simulation-a11-000075,,,,,
simulation-a11,0.3015782491615133,0.8654220491948328,0.001434130905212494,0.009491481797268442,229,74.0,4.0,8,2.0,visible_pixel_support,False,visible_candidate,line-simulation-a11-000076,,,,,
simulation-a11,0.3044465109719383,0.8677949196441499,0.001434130905212494,0.008305046572609887,230,73.0,3.5,3,0.9982152696260584,visible_pixel_support,False,visible_candidate,line-simulation-a11-000077,,,,,
simulation-a11,0.3073147727823633,0.8677949196441499,0.001434130905212494,0.0011864352246585552,231,73.0,0.5,2,0.9928850346165774,visible_pixel_support,False,visible_candidate,line-simulation-a11-000078,,,,,
simulation-a11,0.3101830345927883,0.8677949196441499,0.001434130905212494,0.0023728704493171104,232,73.0,1.0,3,0.9840452291402215,visible_pixel_support,False,visible_candidate,line-simulation-a11-000079,,,,,
simulation-a11,0.3130512964032133,0.8677949196441499,0.001434130905212494,0.0023728704493171104,233,73.0,1.0,3,0.9717317873655418,visible_pixel_support,False,visible_candidate,line-simulation-a11-000080,,,,,
simulation-a11,0.31591955821363826,0.8677949196441499,0.001434130905212494,0.0023728704493171104,234,73.0,1.0,3,0.9559806434611744,visible_pixel_support,False,visible_candidate,line-simulation-a11-000081,,,,,
simulation-a11,0.31878782002406336,0.8677949196441499,0.001434130905212605,0.0023728704493171104,235,73.0,1.0,3,0.936827731595713,visible_pixel_support,False,visible_candidate,line-simulation-a11-000082,,,,,
simulation-a11,0.32165608183448835,0.8677949196441499,0.001434130905212494,0.0023728704493171104,236,73.0,1.0,3,0.9143089859377511,visible_pixel_support,False,visible_candidate,line-simulation-a11-000083,,,,,
simulation-a11,0.32452434364491334,0.870167790093467,0.001434130905212494,0.0011864352246585552,237,72.0,0.5,2,0.11153965934407495,visible_pixel_support,False,visible_candidate,line-simulation-a11-000084,,,,,
simulation-a11,0.3273926054553383,0.870167790093467,0.001434130905212494,0.0011864352246585552,238,72.0,0.5,2,0.14068227008120004,visible_pixel_support,False,visible_candidate,line-simulation-a11-000085,,,,,
simulation-a11,0.3302608672657633,0.870167790093467,0.001434130905212494,0.0011864352246585552,239,72.0,0.5,2,0.17308291210503057,visible_pixel_support,False,visible_candidate,line-simulation-a11-000086,,,,,
simulation-a11,0.3331291290761883,0.870167790093467,0.001434130905212494,0.0011864352246585552,240,72.0,0.5,2,0.2087056512469161,visible_pixel_support,False,visible_candidate,line-simulation-a11-000087,,,,,
simulation-a11,0.3359973908866133,0.870167790093467,0.001434130905212494,0.0011864352246585552,241,72.0,0.5,2,0.2475145533382772,visible_pixel_support,False,visible_candidate,line-simulation-a11-000088,,,,,
simulation-a11,0.3388656526970383,0.870167790093467,0.001434130905212494,0.0011864352246585552,242,72.0,0.5,2,0.28947368421052033,visible_pixel_support,False,visible_candidate,line-simulation-a11-000089,,,,,
simulation-a11,0.34173391450746327,0.870167790093467,0.001434130905212494,0.0011864352246585552,243,72.0,0.5,2,0.33454710969503765,visible_pixel_support,False,visible_candidate,line-simulation-a11-000090,,,,,
simulation-a11,0.34460217631788825,0.870167790093467,0.001434130905212494,0.0011864352246585552,244,72.0,0.5,2,0.38269889562322135,visible_pixel_support,False,visible_candidate,line-simulation-a11-000091,,,,,
simulation-a11,0.34747043812831324,0.870167790093467,0.001434130905212494,0.0023728704493171104,245,72.0,1.0,3,0.4338931078264494,visible_pixel_support,False,visible_candidate,line-simulation-a11-000092,,,,,
simulation-a11,0.35033869993873823,0.870167790093467,0.001434130905212494,0.0023728704493171104,246,72.0,1.0,3,0.4880938121361851,visible_pixel_support,False,visible_candidate,line-simulation-a11-000093,,,,,
simulation-a11,0.3532069617491632,0.8677949196441499,0.001434130905212494,0.0011864352246585552,247,73.0,0.5,2,0.4547349256162647,visible_pixel_support,False,visible_candidate,line-simulation-a11-000094,,,,,
simulation-a11,0.3560752235595882,0.8677949196441499,0.001434130905212494,0.0011864352246585552,248,73.0,0.5,2,0.39462903959945095,visible_pixel_support,False,visible_candidate,line-simulation-a11-000095,,,,,
simulation-a11,0.3589434853700133,0.8677949196441499,0.001434130905212605,0.008305046572609887,249,73.0,3.5,5,0.3316244639819814,visible_pixel_support,False,visible_candidate,line-simulation-a11-000096,,,,,
simulation-a11,0.3618117471804383,0.8630491787455157,0.001434130905212494,0.008305046572609776,250,75.0,3.5,7,2.265757132932464,visible_pixel_support,False,visible_candidate,line-simulation-a11-000097,,,,,
simulation-a11,0.3646800089908633,0.8654220491948328,0.001434130905212494,0.008305046572609887,251,74.0,3.5,8,1.1970629806195205,visible_pixel_support,False,visible_candidate,line-simulation-a11-000098,,,,,
simulation-a11,0.36754827080128827,0.8654220491948328,0.001434130905212494,0.009491481797268442,252,74.0,4.0,9,1.1255779412117022,visible_pixel_support,False,visible_candidate,line-simulation-a11-000099,,,,,
simulation-a11,0.37041653261171326,0.8677949196441499,0.001434130905212494,0.010677917021926997,253,73.0,4.5,10,0.05133794887767351,visible_pixel_support,False,visible_candidate,line-simulation-a11-000100,,,,,
simulation-a11,0.37328479442213824,0.8677949196441499,0.001434130905212494,0.014237222695902663,254,73.0,6.0,13,0.02562106221402871,visible_pixel_support,False,visible_candidate,line-simulation-a11-000101,,,,,
simulation-a11,0.37615305623256323,0.8677949196441499,0.001434130905212494,0.010677917021926997,255,73.0,4.5,10,0.10526315789473983,visible_pixel_support,False,visible_candidate,line-simulation-a11-000102,,,,,
simulation-a11,0.3790213180429882,0.8654220491948328,0.001434130905212494,0.009491481797268442,256,74.0,4.0,9,0.8124475960041337,visible_pixel_support,False,visible_candidate,line-simulation-a11-000103,,,,,
simulation-a11,0.3818895798534132,0.8654220491948328,0.001434130905212494,0.008305046572609887,257,74.0,3.5,8,0.7275471336511572,visible_pixel_support,False,visible_candidate,line-simulation-a11-000104,,,,,
simulation-a11,0.3847578416638382,0.8654220491948328,0.001434130905212494,0.008305046572609887,258,74.0,3.5,8,0.6400713892149525,visible_pixel_support,False,visible_candidate,line-simulation-a11-000105,,,,,
simulation-a11,0.3876261034742632,0.8677949196441499,0.001434130905212494,0.008305046572609887,259,73.0,3.5,4,0.449943703135844,visible_pixel_support,False,visible_candidate,line-simulation-a11-000106,,,,,
simulation-a11,0.39049436528468817,0.8677949196441499,0.001434130905212494,0.0011864352246585552,260,73.0,0.5,2,0.5424622092326956,visible_pixel_support,False,visible_candidate,line-simulation-a11-000107,,,,,
simulation-a11,0.39336262709511316,0.8677949196441499,0.001434130905212494,0.0011864352246585552,261,73.0,0.5,2,0.6374481949069377,visible_pixel_support,False,visible_candidate,line-simulation-a11-000108,,,,,
simulation-a11,0.39623088890553815,0.8677949196441499,0.001434130905212494,0.0011864352246585552,262,73.0,0.5,2,0.7348657259899909,visible_pixel_support,False,visible_candidate,line-simulation-a11-000109,,,,,
simulation-a11,0.39909915071596314,0.8677949196441499,0.001434130905212605,0.0011864352246585552,263,73.0,0.5,2,0.8346788683132615,visible_pixel_support,False,visible_candidate,line-simulation-a11-000110,,,,,
simulation-a11,0.40196741252638823,0.8677949196441499,0.001434130905212494,0.0011864352246585552,264,73.0,0.5,2,0.9368516877081277,visible_pixel_support,False,visible_candidate,line-simulation-a11-000111,,,,,
simulation-a11,0.4048356743368132,0.8677949196441499,0.001434130905212494,0.0011864352246585552,265,73.0,0.5,2,1.0413482500059956,visible_pixel_support,False,visible_candidate,line-simulation-a11-000112,,,,,
simulation-a11,0.4077039361472382,0.8677949196441499,0.001434130905212494,0.0011864352246585552,266,73.0,0.5,2,1.1481326210382719,visible_pixel_support,False,visible_candidate,line-simulation-a11-000113,,,,,
simulation-a11,0.4105721979576632,0.8677949196441499,0.001434130905212494,0.0011864352246585552,267,73.0,0.5,2,1.25716886663632,visible_pixel_support,False,visible_candidate,line-simulation-a11-000114,,,,,
simulation-a11,0.4134404597680882,0.8677949196441499,0.001434130905212494,0.0011864352246585552,268,73.0,0.5,2,1.3684210526315752,visible_pixel_support,False,visible_candidate,line-simulation-a11-000115,,,,,
simulation-a11,0.4163087215785132,0.8677949196441499,0.001434130905212494,0.0011864352246585552,269,73.0,0.5,2,1.4818532448554294,visible_pixel_support,False,visible_candidate,line-simulation-a11-000116,,,,,
simulation-a11,0.41917698338893816,0.8677949196441499,0.001434130905212494,0.0023728704493171104,270,73.0,1.0,3,1.5974295091392605,visible_pixel_support,False,visible_candidate,line-simulation-a11-000117,,,,,
simulation-a11,0.42204524519936315,0.8677949196441499,0.001434130905212494,0.0023728704493171104,271,73.0,1.0,3,1.715113911314461,visible_pixel_support,False,visible_candidate,line-simulation-a11-000118,,,,,
simulation-a11,0.42491350700978814,0.8677949196441499,0.001434130905212494,0.0023728704493171104,272,73.0,1.0,3,1.8348705172124653,visible_pixel_support,False,visible_candidate,line-simulation-a11-000119,,,,,
simulation-a11,0.4277817688202131,0.8677949196441499,0.001434130905212494,0.0023728704493171104,273,73.0,1.0,3,1.9566633926646375,visible_pixel_support,False,visible_candidate,line-simulation-a11-000120,,,,,
simulation-a11,0.4306500306306381,0.8677949196441499,0.001434130905212494,0.0023728704493171104,274,73.0,1.0,3,2.080456603502384,visible_pixel_support,False,visible_candidate,line-simulation-a11-000121,,,,,
simulation-a11,0.4335182924410631,0.8654220491948328,0.001434130905212494,0.0011864352246585552,275,74.0,0.5,2,1.206214215557111,visible_pixel_support,False,visible_candidate,line-simulation-a11-000122,,,,,
simulation-a11,0.4363865542514881,0.8654220491948328,0.001434130905212494,0.0011864352246585552,276,74.0,0.5,2,1.3339002946601681,visible_pixel_support,False,visible_candidate,line-simulation-a11-000123,,,,,
simulation-a11,0.4392548160619131,0.8654220491948328,0.001434130905212605,0.0023728704493171104,277,74.0,1.0,3,1.4634789066430187,visible_pixel_support,False,visible_candidate,line-simulation-a11-000124,,,,,
simulation-a11,0.4421230778723382,0.8654220491948328,0.001434130905212494,0.009491481797268442,278,74.0,4.0,4,1.5949141173370407,visible_pixel_support,False,visible_candidate,line-simulation-a11-000125,,,,,
simulation-a11,0.44499133968276317,0.8559305673975643,0.001434130905212494,0.009491481797268442,279,78.0,4.0,7,2.271830007426402,visible_pixel_support,False,visible_candidate,line-simulation-a11-000126,,,,,
simulation-a11,0.44785960149318815,0.8583034378468815,0.001434130905212494,0.009491481797268442,280,77.0,4.0,9,1.136789401815875,visible_pixel_support,False,visible_candidate,line-simulation-a11-000127,,,,,
simulation-a11,0.45072786330361314,0.8583034378468815,0.001434130905212494,0.009491481797268442,281,77.0,4.0,9,1.0,visible_pixel_support,False,visible_candidate,line-simulation-a11-000128,,,,,
simulation-a11,0.45359612511403813,0.8583034378468815,0.001434130905212494,0.010677917021926997,282,77.0,4.5,10,0.8460000805072525,visible_pixel_support,False,visible_candidate,line-simulation-a11-000129,,,,,
simulation-a11,0.4564643869244631,0.8583034378468815,0.001434130905212494,0.010677917021926997,283,77.0,4.5,10,0.6598075958363125,visible_pixel_support,False,visible_candidate,line-simulation-a11-000130,,,,,
simulation-a11,0.4593326487348881,0.8583034378468815,0.001434130905212494,0.009491481797268442,284,77.0,4.0,9,0.44217799111119405,visible_pixel_support,False,visible_candidate,line-simulation-a11-000131,,,,,
simulation-a11,0.4622009105453131,0.8559305673975643,0.001434130905212494,0.008305046572609887,285,78.0,3.5,8,1.19386671145584,visible_pixel_support,False,visible_candidate,line-simulation-a11-000132,,,,,
simulation-a11,0.4650691723557381,0.8559305673975643,0.001434130905212494,0.007118611347951331,286,78.0,3.0,7,0.915629201994264,visible_pixel_support,False,visible_candidate,line-simulation-a11-000133,,,,,
simulation-a11,0.46793743416616307,0.8535576969482472,0.001434130905212494,0.005932176123292776,287,79.0,2.5,6,1.6082209078504093,visible_pixel_support,False,visible_candidate,line-simulation-a11-000134,,,,,
simulation-a11,0.47080569597658806,0.8535576969482472,0.001434130905212494,0.0035593056739756657,288,79.0,1.5,4,1.2723972741482754,visible_pixel_support,False,visible_candidate,line-simulation-a11-000135,,,,,
simulation-a11,0.47367395778701304,0.8511848264989301,0.001434130905212494,0.0023728704493171104,289,80.0,1.0,3,1.9089137460118053,visible_pixel_support,False,visible_candidate,line-simulation-a11-000136,,,,,
simulation-a11,0.47654221959743803,0.8511848264989301,0.001434130905212494,0.0035593056739757767,290,80.0,1.5,4,1.518525768565027,visible_pixel_support,False,visible_candidate,line-simulation-a11-000137,,,,,
simulation-a11,0.479410481407863,0.8488119560496131,0.001434130905212494,0.0023728704493171104,291,81.0,1.0,3,2.1019887869318836,visible_pixel_support,False,visible_candidate,line-simulation-a11-000138,,,,,
simulation-a11,0.4822787432182881,0.846439085600296,0.001434130905212605,0.0023728704493171104,292,82.0,1.0,3,2.6600582462363462,visible_pixel_support,False,visible_candidate,line-simulation-a11-000139,,,,,
simulation-a11,0.4851470050287131,0.8440662151509789,0.001434130905212494,0.0023728704493171104,293,83.0,1.0,3,3.1934895916024004,visible_pixel_support,False,visible_candidate,line-simulation-a11-000140,,,,,
simulation-a11,0.4880152668391381,0.8416933447016618,0.001434130905212494,0.0023728704493171104,294,84.0,1.0,3,3.7030382681540317,visible_pixel_support,False,visible_candidate,line-simulation-a11-000141,,,,,
simulation-a11,0.4908835286495631,0.8416933447016618,0.001434130905212494,0.0035593056739756657,295,84.0,1.5,4,3.1894597210152114,visible_pixel_support,False,visible_candidate,line-simulation-a11-000142,,,,,
simulation-a11,0.49375179045998807,0.8393204742523447,0.001434130905212494,0.0035593056739756657,296,85.0,1.5,4,3.6535093953099107,visible_pixel_support,False,visible_candidate,line-simulation-a11-000143,,,,,
simulation-a11,0.49662005227041306,0.8369476038030277,0.001434130905212494,0.0035593056739757767,297,86.0,1.5,4,4.095942736162101,visible_pixel_support,False,visible_candidate,line-simulation-a11-000144,,,,,
simulation-a11,0.49948831408083805,0.8345747333537106,0.001434130905212494,0.0023728704493171104,298,87.0,1.0,3,4.517515188695782,visible_pixel_support,False,visible_candidate,line-simulation-a11-000145,,,,,
simulation-a11,0.502356575891263,0.8322018629043935,0.001434130905212494,0.0023728704493171104,299,88.0,1.0,3,4.918982198034897,visible_pixel_support,False,visible_candidate,line-simulation-a11-000146,,,,,
simulation-a11,0.505224837701688,0.8298289924550764,0.001434130905212494,0.0023728704493171104,300,89.0,1.0,3,5.301099209303445,visible_pixel_support,False,visible_candidate,line-simulation-a11-000147,,,,,
simulation-a11,0.508093099512113,0.8298289924550764,0.001434130905212494,0.0035593056739756657,301,89.0,1.5,4,4.664621667625397,visible_pixel_support,False,visible_candidate,line-simulation-a11-000148,,,,,
simulation-a11,0.510961361322538,0.8274561220057592,0.001434130905212494,0.0035593056739756657,302,90.0,1.5,4,5.0103050181247255,visible_pixel_support,False,visible_candidate,line-simulation-a11-000149,,,,,
simulation-a11,0.513829623132963,0.8250832515564421,0.001434130905212494,0.0035593056739756657,303,91.0,1.5,4,5.338904705925444,visible_pixel_support,False,visible_candidate,line-simulation-a11-000150,,,,,
simulation-a11,0.516697884943388,0.8250832515564421,0.001434130905212494,0.0023728704493171104,304,91.0,1.0,3,4.651176176151452,visible_pixel_support,False,visible_candidate,line-simulation-a11-000151,,,,,
simulation-a11,0.519566146753813,0.822710381107125,0.001434130905212494,0.0011864352246585552,305,92.0,0.5,2,4.947874873926793,visible_pixel_support,False,visible_candidate,line-simulation-a11-000152,,,,,
simulation-a11,0.533907455805938,0.8179646402084908,0.001434130905212494,0.0011864352246586662,310,94.0,0.5,1,3.2242173553822653,visible_pixel_support,True,visible_candidate,line-simulation-a11-000153,,,,,
simulation-a11,0.536775717616363,0.8179646402084908,0.001434130905212494,0.0011864352246586662,311,94.0,0.5,2,2.4433437660569837,visible_pixel_support,False,visible_candidate,line-simulation-a11-000154,,,,,
simulation-a11,0.539643979426788,0.8155917697591737,0.001434130905212494,0.0023728704493171104,312,95.0,1.0,3,2.6521855201488194,visible_pixel_support,False,visible_candidate,line-simulation-a11-000155,,,,,
simulation-a11,0.542512241237213,0.8132188993098567,0.001434130905212494,0.0011864352246585552,313,96.0,0.5,2,2.851498062781772,visible_pixel_support,False,visible_candidate,line-simulation-a11-000156,,,,,
simulation-a11,0.5998774774457128,0.7989816766139541,0.001434130905212494,0.0011864352246586662,333,102.0,0.5,1,8.0,visible_pixel_support,True,visible_candidate,line-simulation-a11-000157,,,,,
simulation-a11,0.6170870483082629,0.7894901948166857,0.001434130905212494,0.0011864352246585552,339,106.0,0.5,1,9.412935223415175,visible_pixel_support,True,visible_candidate,line-simulation-a11-000158,,,,,
simulation-a11,0.6199553101186879,0.7847444539180515,0.001434130905212494,0.0011864352246586662,340,108.0,0.5,2,8.39168390061937,visible_pixel_support,False,visible_candidate,line-simulation-a11-000159,,,,,
simulation-a11,0.6228235719291129,0.7823715834687344,0.001434130905212494,0.0011864352246586662,341,109.0,0.5,2,8.389680677435251,visible_pixel_support,False,visible_candidate,line-simulation-a11-000160,,,,,
simulation-a11,0.6256918337395379,0.7823715834687344,0.001434130905212494,0.0011864352246586662,342,109.0,0.5,1,9.405937219077728,visible_pixel_support,False,visible_candidate,line-simulation-a11-000161,,,,,
simulation-a11,0.6400331427916628,0.7538971380769293,0.001434130905212494,0.0011864352246585552,347,121.0,0.5,2,2.7265246822115046,visible_pixel_support,True,visible_candidate,line-simulation-a11-000162,,,,,
simulation-a11,0.6429014046020878,0.7515242676276122,0.001434130905212605,0.0011864352246585552,348,122.0,0.5,2,2.831584782326942,visible_pixel_support,False,visible_candidate,line-simulation-a11-000163,,,,,
simulation-a11,0.6457696664125128,0.749151397178295,0.001434130905212605,0.0023728704493171104,349,123.0,1.0,3,2.947986303773476,visible_pixel_support,False,visible_candidate,line-simulation-a11-000164,,,,,
simulation-a11,0.6486379282229378,0.7444056562796608,0.001434130905212605,0.004745740898634221,350,125.0,2.0,5,2.074740911765957,visible_pixel_support,False,visible_candidate,line-simulation-a11-000165,,,,,
simulation-a11,0.6515061900333627,0.7420327858303437,0.001434130905212605,0.004745740898634221,351,126.0,2.0,5,2.2108602715192944,visible_pixel_support,False,visible_candidate,line-simulation-a11-000166,,,,,
simulation-a11,0.6543744518437877,0.7372870449317096,0.001434130905212605,0.005932176123292776,352,128.0,2.5,6,1.355356048248467,visible_pixel_support,False,visible_candidate,line-simulation-a11-000167,,,,,
simulation-a11,0.6572427136542127,0.7349141744823925,0.001434130905212605,0.005932176123292776,353,129.0,2.5,6,1.5072399071683833,visible_pixel_support,False,visible_candidate,line-simulation-a11-000168,,,,,
simulation-a11,0.6601109754646377,0.7301684335837584,0.001434130905212605,0.005932176123292887,354,131.0,2.5,6,0.6655235134939517,visible_pixel_support,False,visible_candidate,line-simulation-a11-000169,,,,,
simulation-a11,0.6629792372750627,0.7254226926851242,0.001434130905212605,0.004745740898634221,355,133.0,2.0,5,0.17078146755994794,visible_pixel_support,False,visible_candidate,line-simulation-a11-000170,,,,,
simulation-a11,0.6658474990854879,0.7206769517864899,0.001434130905212605,0.004745740898634221,356,135.0,2.0,5,1.002663370778322,visible_pixel_support,False,visible_candidate,line-simulation-a11-000171,,,,,
simulation-a11,0.6687157608959129,0.7183040813371728,0.001434130905212605,0.005932176123292665,357,136.0,2.5,6,0.8311105309463187,visible_pixel_support,False,visible_candidate,line-simulation-a11-000172,,,,,
simulation-a11,0.6715840227063379,0.7135583404385386,0.001434130905212605,0.005932176123292776,358,138.0,2.5,6,1.6571112828489731,visible_pixel_support,False,visible_candidate,line-simulation-a11-000173,,,,,
simulation-a11,0.6744522845167629,0.7088125995399044,0.001434130905212605,0.005932176123292887,359,140.0,2.5,6,2.481653961271377,visible_pixel_support,False,visible_candidate,line-simulation-a11-000174,,,,,
simulation-a11,0.6773205463271879,0.7064397290905873,0.001434130905212605,0.005932176123292887,360,141.0,2.5,6,2.305726900998593,visible_pixel_support,False,visible_candidate,line-simulation-a11-000175,,,,,
simulation-a11,0.6801888081376128,0.7040668586412703,0.001434130905212605,0.005932176123292776,361,142.0,2.5,6,2.1303184368157417,visible_pixel_support,False,visible_candidate,line-simulation-a11-000176,,,,,
simulation-a11,0.6830570699480378,0.6993211177426361,0.001434130905212605,0.005932176123292776,362,144.0,2.5,6,2.956416903507886,visible_pixel_support,False,visible_candidate,line-simulation-a11-000177,,,,,
simulation-a11,0.6859253317584628,0.6922025063946848,0.001434130905212605,0.0035593056739757767,363,147.0,1.5,4,4.785010635860118,visible_pixel_support,False,visible_candidate,line-simulation-a11-000178,,,,,
simulation-a11,0.6887935935688878,0.6898296359453677,0.001434130905212605,0.004745740898634221,364,148.0,2.0,5,4.617087968657444,visible_pixel_support,False,visible_candidate,line-simulation-a11-000179,,,,,
simulation-a11,0.6916618553793128,0.6850838950467335,0.001434130905212605,0.004745740898634221,365,150.0,2.0,5,5.45363723668504,visible_pixel_support,False,visible_candidate,line-simulation-a11-000180,,,,,
simulation-a11,0.6945301171897378,0.6827110245974164,0.001434130905212605,0.005932176123292665,366,151.0,2.5,6,5.2956467747279135,visible_pixel_support,False,visible_candidate,line-simulation-a11-000181,,,,,
simulation-a11,0.6973983790001628,0.6803381541480993,0.001434130905212605,0.005932176123292776,367,152.0,2.5,6,5.144104917571241,visible_pixel_support,False,visible_candidate,line-simulation-a11-000182,,,,,
simulation-a11,0.7002666408105878,0.6803381541480993,0.001434130905212605,0.008305046572609776,368,152.0,3.5,8,4.0,visible_pixel_support,False,visible_candidate,line-simulation-a11-000183,,,,,
simulation-a11,0.7031349026210127,0.6779652836987822,0.001434130905212605,0.008305046572609887,369,153.0,3.5,8,3.8012656490723202,visible_pixel_support,False,visible_candidate,line-simulation-a11-000184,,,,,
simulation-a11,0.7060031644314377,0.673219542800148,0.001434130905212605,0.007118611347951331,370,155.0,3.0,7,4.4964318888658,visible_pixel_support,False,visible_candidate,line-simulation-a11-000185,,,,,
simulation-a11,0.7088714262418627,0.6684738019015138,0.001434130905212605,0.005932176123292776,371,157.0,2.5,6,5.102381649694735,visible_pixel_support,False,visible_candidate,line-simulation-a11-000186,,,,,
simulation-a11,0.7117396880522877,0.6637280610028796,0.001434130905212605,0.0023728704493171104,372,159.0,1.0,3,5.63599786187342,visible_pixel_support,False,visible_candidate,line-simulation-a11-000187,,,,,
simulation-a11,0.7432905679669626,0.6447450974083428,0.001434130905212605,0.0023728704493171104,383,167.0,1.0,3,2.43971994518094,visible_pixel_support,True,visible_candidate,line-simulation-a11-000188,,,,,
simulation-a11,0.7461588297773878,0.6447450974083428,0.001434130905212605,0.0023728704493171104,384,167.0,1.0,3,3.457237752288222,visible_pixel_support,False,visible_candidate,line-simulation-a11-000189,,,,,
simulation-a11,0.7490270915878128,0.6423722269590257,0.001434130905212605,0.0011864352246585552,385,168.0,0.5,2,3.3276110139596256,visible_pixel_support,False,visible_candidate,line-simulation-a11-000190,,,,,
simulation-a11,0.7518953533982378,0.6423722269590257,0.001434130905212605,0.0023728704493171104,386,168.0,1.0,3,4.033956799880826,visible_pixel_support,False,visible_candidate,line-simulation-a11-000191,,,,,
simulation-a11,0.7547636152086628,0.6399993565097086,0.001434130905212605,0.0023728704493171104,387,169.0,1.0,3,3.559392179737472,visible_pixel_support,False,visible_candidate,line-simulation-a11-000192,,,,,
simulation-a11,0.7576318770190877,0.6399993565097086,0.001434130905212605,0.0023728704493171104,388,169.0,1.0,3,3.8870342232153234,visible_pixel_support,False,visible_candidate,line-simulation-a11-000193,,,,,
simulation-a11,0.7605001388295127,0.6399993565097086,0.001434130905212605,0.0023728704493171104,389,169.0,1.0,3,4.0,visible_pixel_support,False,visible_candidate,line-simulation-a11-000194,,,,,
simulation-a11,0.7633684006399377,0.6376264860603915,0.001434130905212605,0.0023728704493171104,390,170.0,1.0,3,2.9870510440168516,visible_pixel_support,False,visible_candidate,line-simulation-a11-000195,,,,,
simulation-a11,0.7662366624503627,0.6376264860603915,0.001434130905212605,0.0023728704493171104,391,170.0,1.0,3,2.948979908307109,visible_pixel_support,False,visible_candidate,line-simulation-a11-000196,,,,,
simulation-a11,0.7691049242607877,0.6352536156110744,0.001434130905212605,0.008305046572609887,392,171.0,3.5,3,1.8869501912303974,visible_pixel_support,False,visible_candidate,line-simulation-a11-000197,,,,,
simulation-a11,0.7719731860712127,0.6328807451617574,0.001434130905212605,0.00949148179726833,393,172.0,4.0,6,0.8021254911462563,visible_pixel_support,False,visible_candidate,line-simulation-a11-000198,,,,,
simulation-a11,0.7748414478816377,0.6305078747124403,0.001434130905212605,0.00949148179726833,394,173.0,4.0,9,0.30433059358580294,visible_pixel_support,False,visible_candidate,line-simulation-a11-000199,,,,,
simulation-a11,0.7777097096920627,0.6305078747124403,0.001434130905212605,0.014237222695902552,395,173.0,6.0,11,0.43125446460612693,visible_pixel_support,False,visible_candidate,line-simulation-a11-000200,,,,,
simulation-a11,0.7805779715024876,0.6376264860603915,0.001434130905212605,0.010677917021926997,396,170.0,4.5,4,2.4225174764447956,visible_pixel_support,False,visible_candidate,line-simulation-a11-000201,,,,,
simulation-a11,0.7834462333129126,0.6399993565097086,0.001434130905212605,0.013050787471243996,397,169.0,5.5,6,3.2581488279265614,visible_pixel_support,False,visible_candidate,line-simulation-a11-000202,,,,,
simulation-a11,0.7863144951233376,0.6328807451617574,0.001434130905212605,0.013050787471244107,398,172.0,5.5,11,0.07680318819873833,visible_pixel_support,False,visible_candidate,line-simulation-a11-000203,,,,,
simulation-a11,0.7891827569337626,0.6328807451617574,0.001434130905212605,0.018982963594536773,399,172.0,8.0,12,0.12035584437913371,visible_pixel_support,False,visible_candidate,line-simulation-a11-000204,,,,,
simulation-a11,0.7920510187441876,0.6305078747124403,0.001434130905212605,0.011864352246585441,400,173.0,5.0,6,1.3321646714474014,visible_pixel_support,False,visible_candidate,line-simulation-a11-000205,,,,,
simulation-a11,0.7977875423650376,0.6233892633644891,0.001434130905212605,0.0035593056739757767,402,176.0,1.5,4,4.795077315617078,visible_pixel_support,True,visible_candidate,line-simulation-a11-000206,,,,,
simulation-a11,0.8006558041754626,0.6399993565097086,0.001434130905212605,0.013050787471243996,403,169.0,5.5,7,1.9561460640007056,visible_pixel_support,False,visible_candidate,line-simulation-a11-000207,,,,,
simulation-a11,0.8035240659858875,0.6305078747124403,0.001434130905212605,0.014237222695902552,404,173.0,6.0,7,2.302625957433719,visible_pixel_support,False,visible_candidate,line-simulation-a11-000208,,,,,
simulation-a11,0.8063923277963125,0.6305078747124403,0.001434130905212605,0.015423657920561107,405,173.0,6.5,3,2.5702297815607267,visible_pixel_support,False,visible_candidate,line-simulation-a11-000209,,,,,
simulation-a11,0.8092605896067375,0.6305078747124403,0.001434130905212605,0.0011864352246585552,406,173.0,0.5,2,2.8455018100208065,visible_pixel_support,False,visible_candidate,line-simulation-a11-000210,,,,,
simulation-a11,0.8121288514171625,0.6305078747124403,0.001434130905212605,0.0011864352246585552,407,173.0,0.5,2,3.1272784444543333,visible_pixel_support,False,visible_candidate,line-simulation-a11-000211,,,,,
simulation-a11,0.8149971132275875,0.6305078747124403,0.001434130905212605,0.0023728704493171104,408,173.0,1.0,3,3.4143960865017107,visible_pixel_support,False,visible_candidate,line-simulation-a11-000212,,,,,
simulation-a11,0.8178653750380125,0.6305078747124403,0.001434130905212605,0.0023728704493171104,409,173.0,1.0,3,3.705691137803484,visible_pixel_support,False,visible_candidate,line-simulation-a11-000213,,,,,
simulation-a11,0.8207336368484375,0.6305078747124403,0.001434130905212605,0.0023728704493171104,410,173.0,1.0,3,4.0,visible_pixel_support,False,visible_candidate,line-simulation-a11-000214,,,,,
simulation-a11,0.8236018986588625,0.6305078747124403,0.001434130905212605,0.0023728704493171104,411,173.0,1.0,3,4.322759452550031,visible_pixel_support,False,visible_candidate,line-simulation-a11-000215,,,,,
simulation-a11,0.8264701604692875,0.6305078747124403,0.001434130905212605,0.0023728704493171104,412,173.0,1.0,3,4.698538031859869,visible_pixel_support,False,visible_candidate,line-simulation-a11-000216,,,,,
simulation-a11,0.8293384222797127,0.6328807451617574,0.001434130905212605,0.0011864352246585552,413,172.0,0.5,2,4.124869774990913,visible_pixel_support,False,visible_candidate,line-simulation-a11-000217,,,,,
simulation-a11,0.8322066840901376,0.6328807451617574,0.001434130905212605,0.0023728704493171104,414,172.0,1.0,3,4.599288719004591,visible_pixel_support,False,visible_candidate,line-simulation-a11-000218,,,,,
simulation-a11,0.8350749459005626,0.6328807451617574,0.001434130905212605,0.020169398819195328,415,172.0,8.5,5,5.1193289009625005,visible_pixel_support,False,visible_candidate,line-simulation-a11-000219,,,,,
simulation-a11,0.8379432077109876,0.6328807451617574,0.001434130905212605,0.017796528369878217,416,172.0,7.5,4,5.68252435792607,visible_pixel_support,False,visible_candidate,line-simulation-a11-000220,,,,,
simulation-a11,0.8408114695214126,0.6566094496549284,0.001434130905212605,0.0035593056739757767,417,162.0,1.5,4,3.7135908730432448,visible_pixel_support,False,visible_candidate,line-simulation-a11-000221,,,,,
simulation-a11,0.8436797313318376,0.6518637087562942,0.001434130905212605,0.010677917021926886,418,164.0,4.5,5,1.0714827548838741,visible_pixel_support,False,visible_candidate,line-simulation-a11-000222,,,,,
simulation-a11,0.8465479931422626,0.6447450974083428,0.001434130905212605,0.008305046572609776,419,167.0,3.5,6,2.6063827494655243,visible_pixel_support,False,visible_candidate,line-simulation-a11-000223,,,,,
simulation-a11,0.8494162549526876,0.6708466723508308,0.001434130905212605,0.0011864352246586662,420,156.0,0.5,2,7.6824603229333945,visible_pixel_support,False,visible_candidate,line-simulation-a11-000224,,,,,
simulation-a11,0.8522845167631126,0.6661009314521967,0.001434130905212605,0.0023728704493171104,421,158.0,1.0,3,4.940477935019231,visible_pixel_support,False,visible_candidate,line-simulation-a11-000225,,,,,
simulation-a11,0.8551527785735376,0.6637280610028796,0.001434130905212605,0.015423657920561218,422,159.0,6.5,4,3.1701360497305586,visible_pixel_support,False,visible_candidate,line-simulation-a11-000226,,,,,
simulation-a11,0.8580210403839625,0.6518637087562942,0.001434130905212605,0.008305046572609887,423,164.0,3.5,5,2.6260993699941935,visible_pixel_support,False,visible_candidate,line-simulation-a11-000227,,,,,
simulation-a11,0.8608893021943875,0.64711796785766,0.001434130905212605,0.0035593056739756657,424,166.0,1.5,4,5.445762361216481,visible_pixel_support,False,visible_candidate,line-simulation-a11-000228,,,,,
simulation-a11,0.8637575640048125,0.6494908383069771,0.001434130905212605,0.0011864352246585552,425,165.0,0.5,2,5.28638696099776,visible_pixel_support,False,visible_candidate,line-simulation-a11-000229,,,,,
simulation-a11,0.8666258258152375,0.64711796785766,0.001434130905212605,0.0023728704493171104,426,166.0,1.0,3,7.1455072063995715,visible_pixel_support,False,visible_candidate,line-simulation-a11-000230,,,,,
simulation-a11,0.8694940876256625,0.6494908383069771,0.001434130905212605,0.0023728704493171104,427,165.0,1.0,3,7.0206571344833435,visible_pixel_support,False,visible_candidate,line-simulation-a11-000231,,,,,
simulation-a11,0.8723623494360875,0.6447450974083428,0.001434130905212605,0.0011864352246585552,428,167.0,0.5,1,9.90937078231056,visible_pixel_support,False,visible_candidate,line-simulation-a11-000232,,,,,
simulation-a11,0.9956976072843624,0.7467785267289779,0.001434130905212605,0.0011864352246586662,471,124.0,0.5,1,9.779005816451189,visible_pixel_support,True,visible_candidate,line-simulation-a11-000233,,,,,
simulation-a11,0.9985658690947874,0.749151397178295,0.001434130905212605,0.0011864352246586662,472,123.0,0.5,1,9.495350420926172,visible_pixel_support,False,visible_candidate,line-simulation-a11-000234,,,,,
simulation-a11,1.0243802253886123,0.7894901948166857,0.001434130905212605,0.0011864352246585552,481,106.0,0.5,1,1.552224070497033,visible_pixel_support,True,visible_candidate,line-simulation-a11-000235,,,,,
simulation-a11,1.0272484871990373,0.7894901948166857,0.001434130905212605,0.0035593056739756657,482,106.0,1.5,2,0.937889695615354,visible_pixel_support,False,visible_candidate,line-simulation-a11-000236,,,,,
simulation-a11,1.0301167490094623,0.796608806164637,0.001434130905212605,0.004745740898634221,483,103.0,2.0,3,3.3313810171244853,visible_pixel_support,False,visible_candidate,line-simulation-a11-000237,,,,,
simulation-a11,1.0329850108198873,0.7942359357153199,0.001434130905212605,0.004745740898634221,484,104.0,2.0,5,1.7322661574664835,visible_pixel_support,False,visible_candidate,line-simulation-a11-000238,,,,,
simulation-a11,1.0358532726303122,0.7918630652660028,0.001434130905212605,0.0035593056739756657,485,105.0,1.5,4,0.14011323908346185,visible_pixel_support,False,visible_candidate,line-simulation-a11-000239,,,,,
simulation-a11,1.0387215344407372,0.7918630652660028,0.001434130905212605,0.0035593056739756657,486,105.0,1.5,4,0.4455096155825373,visible_pixel_support,False,visible_candidate,line-simulation-a11-000240,,,,,
simulation-a11,1.0415897962511622,0.7942359357153199,0.001434130905212605,0.0035593056739756657,487,104.0,1.5,4,0.02503428408938646,visible_pixel_support,False,visible_candidate,line-simulation-a11-000241,,,,,
simulation-a11,1.0444580580615872,0.796608806164637,0.001434130905212605,0.0035593056739756657,488,103.0,1.5,4,0.4011073560049567,visible_pixel_support,False,visible_candidate,line-simulation-a11-000242,,,,,
simulation-a11,1.0473263198720122,0.7989816766139541,0.001434130905212605,0.0011864352246586662,489,102.0,0.5,2,0.8324834271426056,visible_pixel_support,False,visible_candidate,line-simulation-a11-000243,,,,,
simulation-a11,1.0501945816824372,0.8013545470632712,0.001434130905212605,0.0011864352246586662,490,101.0,0.5,2,1.2686620517656308,visible_pixel_support,False,visible_candidate,line-simulation-a11-000244,,,,,
simulation-a11,1.0530628434928622,0.8013545470632712,0.001434130905212605,0.0011864352246586662,491,101.0,0.5,2,0.7092113523161174,visible_pixel_support,False,visible_candidate,line-simulation-a11-000245,,,,,
simulation-a11,1.0559311053032872,0.8013545470632712,0.001434130905212605,0.0011864352246586662,492,101.0,0.5,2,0.15369945123617867,visible_pixel_support,False,visible_candidate,line-simulation-a11-000246,,,,,
simulation-a11,1.0587993671137121,0.8037274175125882,0.001434130905212605,0.0011864352246585552,493,100.0,0.5,2,0.6016944709678569,visible_pixel_support,False,visible_candidate,line-simulation-a11-000247,,,,,
simulation-a11,1.0616676289241371,0.8037274175125882,0.001434130905212605,0.0011864352246585552,494,100.0,0.5,2,0.0527645339532512,visible_pixel_support,False,visible_candidate,line-simulation-a11-000248,,,,,
simulation-a11,1.0645358907345621,0.8037274175125882,0.001434130905212605,0.0011864352246585552,495,100.0,0.5,2,0.49352223736555345,visible_pixel_support,False,visible_candidate,line-simulation-a11-000249,,,,,
simulation-a11,1.067404152544987,0.8061002879619054,0.001434130905212605,0.0011864352246585552,496,99.0,0.5,2,0.037597720546457936,visible_pixel_support,False,visible_candidate,line-simulation-a11-000250,,,,,
simulation-a11,1.070272414355412,0.8084731584112225,0.001434130905212605,0.0011864352246585552,497,98.0,0.5,2,0.42010620685259425,visible_pixel_support,False,visible_candidate,line-simulation-a11-000251,,,,,
simulation-a11,1.0731406761658373,0.8084731584112225,0.001434130905212605,0.0011864352246585552,498,98.0,0.5,1,0.12084233272629774,visible_pixel_support,False,visible_candidate,line-simulation-a11-000252,,,,,
simulation-a11,1.0760089379762623,0.8084731584112225,0.001434130905212605,0.0011864352246585552,499,98.0,0.5,1,0.660875216841049,visible_pixel_support,False,visible_candidate,line-simulation-a11-000253,,,,,
simulation-a11,1.0903502470283872,0.8108460288605396,0.001434130905212605,0.0011864352246585552,504,97.0,0.5,1,2.3624205199797927,visible_pixel_support,True,visible_candidate,line-simulation-a11-000254,,,,,
simulation-a11,1.0932185088388122,0.8108460288605396,0.001434130905212605,0.0011864352246585552,505,97.0,0.5,2,2.9060289000259445,visible_pixel_support,False,visible_candidate,line-simulation-a11-000255,,,,,
simulation-a11,1.0960867706492372,0.8108460288605396,0.001434130905212605,0.0011864352246585552,506,97.0,0.5,2,3.4517447675133894,visible_pixel_support,False,visible_candidate,line-simulation-a11-000256,,,,,
simulation-a11,1.0989550324596622,0.8108460288605396,0.001434130905212605,0.0035593056739756657,507,97.0,1.5,4,4.0,visible_pixel_support,False,visible_candidate,line-simulation-a11-000257,,,,,
simulation-a11,1.1018232942700872,0.8108460288605396,0.001434130905212605,0.0035593056739756657,508,97.0,1.5,4,4.558953161838687,visible_pixel_support,False,visible_candidate,line-simulation-a11-000258,,,,,
simulation-a11,1.1046915560805122,0.8108460288605396,0.001434130905212605,0.0035593056739756657,509,97.0,1.5,4,5.135453739994887,visible_pixel_support,False,visible_candidate,line-simulation-a11-000259,,,,,
simulation-a11,1.1075598178909372,0.8132188993098567,0.001434130905212605,0.0023728704493171104,510,96.0,1.0,3,4.727969995945415,visible_pixel_support,False,visible_candidate,line-simulation-a11-000260,,,,,
simulation-a11,1.1104280797013621,0.8179646402084908,0.001434130905212605,0.004745740898634221,511,94.0,2.0,5,3.33497019116696,visible_pixel_support,False,visible_candidate,line-simulation-a11-000261,,,,,
simulation-a11,1.1132963415117871,0.822710381107125,0.001434130905212605,0.005932176123292776,512,92.0,2.5,6,1.9549225871363944,visible_pixel_support,False,visible_candidate,line-simulation-a11-000262,,,,,
simulation-a11,1.1161646033222121,0.822710381107125,0.001434130905212605,0.005932176123292776,513,92.0,2.5,6,2.5862954453304496,visible_pixel_support,False,visible_candidate,line-simulation-a11-000263,,,,,
simulation-a11,1.1190328651326371,0.8203375106578079,0.001434130905212605,0.0035593056739756657,514,93.0,1.5,4,4.227557027225899,visible_pixel_support,False,visible_candidate,line-simulation-a11-000264,,,,,
simulation-a11,1.121901126943062,0.8203375106578079,0.001434130905212605,0.0035593056739756657,515,93.0,1.5,4,4.877175594299516,visible_pixel_support,False,visible_candidate,line-simulation-a11-000265,,,,,
simulation-a11,1.124769388753487,0.8203375106578079,0.001434130905212605,0.0023728704493171104,516,93.0,1.0,3,5.533619408028116,visible_pixel_support,False,visible_candidate,line-simulation-a11-000266,,,,,
simulation-a11,1.127637650563912,0.822710381107125,0.001434130905212605,0.0023728704493171104,517,92.0,1.0,3,5.195356729888431,visible_pixel_support,False,visible_candidate,line-simulation-a11-000267,,,,,
simulation-a11,1.130505912374337,0.8250832515564421,0.001434130905212605,0.0023728704493171104,518,91.0,1.0,3,4.860855821357234,visible_pixel_support,False,visible_candidate,line-simulation-a11-000268,,,,,
simulation-a11,1.133374174184762,0.8250832515564421,0.001434130905212605,0.0023728704493171104,519,91.0,1.0,3,5.528584943911341,visible_pixel_support,False,visible_candidate,line-simulation-a11-000269,,,,,
simulation-a11,1.136242435995187,0.8274561220057592,0.001434130905212605,0.0023728704493171104,520,90.0,1.0,3,5.197012359027482,visible_pixel_support,False,visible_candidate,line-simulation-a11-000270,,,,,
simulation-a11,1.139110697805612,0.8298289924550764,0.001434130905212605,0.0035593056739756657,521,89.0,1.5,4,4.864606328182504,visible_pixel_support,False,visible_candidate,line-simulation-a11-000271,,,,,
simulation-a11,1.141978959616037,0.8322018629043935,0.001434130905212605,0.0035593056739756657,522,88.0,1.5,4,4.529835112853107,visible_pixel_support,False,visible_candidate,line-simulation-a11-000272,,,,,
simulation-a11,1.144847221426462,0.8345747333537106,0.001434130905212605,0.0035593056739756657,523,87.0,1.5,4,4.191166974516065,visible_pixel_support,False,visible_candidate,line-simulation-a11-000273,,,,,
simulation-a11,1.147715483236887,0.8369476038030277,0.001434130905212605,0.0035593056739757767,524,86.0,1.5,4,3.8470701746482234,visible_pixel_support,False,visible_candidate,line-simulation-a11-000274,,,,,
simulation-a11,1.150583745047312,0.8369476038030277,0.001434130905212605,0.0023728704493171104,525,86.0,1.0,3,4.4960129747263125,visible_pixel_support,False,visible_candidate,line-simulation-a11-000275,,,,,
simulation-a11,1.153452006857737,0.8393204742523447,0.001434130905212605,0.0035593056739756657,526,85.0,1.5,4,4.13646363622712,visible_pixel_support,False,visible_candidate,line-simulation-a11-000276,,,,,
simulation-a11,1.1563202686681622,0.8416933447016618,0.001434130905212605,0.0011864352246585552,527,84.0,0.5,2,3.766890420627419,visible_pixel_support,False,visible_candidate,line-simulation-a11-000277,,,,,
simulation-a11,1.1591885304785872,0.8416933447016618,0.001434130905212605,0.0023728704493171104,528,84.0,1.0,3,4.385761589403984,visible_pixel_support,False,visible_candidate,line-simulation-a11-000278,,,,,
simulation-a11,1.1620567922890122,0.8488119560496131,0.001434130905212605,0.0035593056739756657,529,81.0,1.5,3,1.9915454040335874,visible_pixel_support,False,visible_candidate,line-simulation-a11-000279,,,,,
simulation-a11,1.1649250540994371,0.8488119560496131,0.001434130905212605,0.0023728704493171104,530,81.0,1.0,2,2.582710125993003,visible_pixel_support,False,visible_candidate,line-simulation-a11-000280,,,,,
simulation-a11,1.1677933159098621,0.8511848264989301,0.001434130905212605,0.0011864352246586662,531,80.0,0.5,2,2.1577240167590332,visible_pixel_support,False,visible_candidate,line-simulation-a11-000281,,,,,
simulation-a11,1.1706615777202871,0.8511848264989301,0.001434130905212605,0.0011864352246586662,532,80.0,0.5,2,2.7150553378084226,visible_pixel_support,False,visible_candidate,line-simulation-a11-000282,,,,,
simulation-a11,1.173529839530712,0.8511848264989301,0.001434130905212605,0.0011864352246586662,533,80.0,0.5,2,3.253172350617959,visible_pixel_support,False,visible_candidate,line-simulation-a11-000283,,,,,
simulation-a11,1.176398101341137,0.8535576969482472,0.001434130905212605,0.0023728704493171104,534,79.0,1.0,3,2.7705433166644156,visible_pixel_support,False,visible_candidate,line-simulation-a11-000284,,,,,
simulation-a11,1.179266363151562,0.8559305673975643,0.001434130905212605,0.0035593056739756657,535,78.0,1.5,4,2.2656364974245804,visible_pixel_support,False,visible_candidate,line-simulation-a11-000285,,,,,
simulation-a11,1.182134624961987,0.8559305673975643,0.001434130905212605,0.004745740898634221,536,78.0,2.0,5,2.7369201543752126,visible_pixel_support,False,visible_candidate,line-simulation-a11-000286,,,,,
simulation-a11,1.185002886772412,0.8583034378468815,0.001434130905212605,0.005932176123292776,537,77.0,2.5,6,2.182862548993114,visible_pixel_support,False,visible_candidate,line-simulation-a11-000287,,,,,
simulation-a11,1.187871148582837,0.8583034378468815,0.001434130905212605,0.007118611347951331,538,77.0,3.0,7,2.60193194275503,visible_pixel_support,False,visible_candidate,line-simulation-a11-000288,,,,,
simulation-a11,1.190739410393262,0.8606763082961986,0.001434130905212605,0.008305046572609887,539,76.0,3.5,8,1.992596597137748,visible_pixel_support,False,visible_candidate,line-simulation-a11-000289,,,,,
simulation-a11,1.193607672203687,0.8630491787455157,0.001434130905212605,0.010677917021926886,540,75.0,4.5,10,1.3533247736180556,visible_pixel_support,False,visible_candidate,line-simulation-a11-000290,,,,,
simulation-a11,1.196475934014112,0.8630491787455157,0.001434130905212605,0.010677917021926886,541,75.0,4.5,10,1.6825847336727122,visible_pixel_support,False,visible_candidate,line-simulation-a11-000291,,,,,
simulation-a11,1.199344195824537,0.8654220491948328,0.001434130905212605,0.011864352246585552,542,74.0,5.0,11,0.9788447387785197,visible_pixel_support,False,visible_candidate,line-simulation-a11-000292,,,,,
simulation-a11,1.202212457634962,0.8654220491948328,0.001434130905212605,0.010677917021926886,543,74.0,4.5,10,1.2405730504122232,visible_pixel_support,False,visible_candidate,line-simulation-a11-000293,,,,,
simulation-a11,1.205080719445387,0.8630491787455157,0.001434130905212605,0.009491481797268442,544,75.0,4.0,9,2.466237930050596,visible_pixel_support,False,visible_candidate,line-simulation-a11-000294,,,,,
simulation-a11,1.207948981255812,0.8654220491948328,0.001434130905212605,0.009491481797268442,545,74.0,4.0,8,1.6543076391704687,visible_pixel_support,False,visible_candidate,line-simulation-a11-000295,,,,,
simulation-a11,1.210817243066237,0.8677949196441499,0.001434130905212605,0.010677917021926997,546,73.0,4.5,6,0.8032504392485436,visible_pixel_support,False,visible_candidate,line-simulation-a11-000296,,,,,
simulation-a11,1.213685504876662,0.8677949196441499,0.001434130905212605,0.0023728704493171104,547,73.0,1.0,3,0.9115345917616509,visible_pixel_support,False,visible_candidate,line-simulation-a11-000297,,,,,
simulation-a11,1.216553766687087,0.870167790093467,0.001434130905212605,0.0011864352246585552,548,72.0,0.5,2,0.022371641813450083,visible_pixel_support,False,visible_candidate,line-simulation-a11-000298,,,,,
simulation-a11,1.219422028497512,0.870167790093467,0.001434130905212605,0.0011864352246585552,549,72.0,0.5,2,0.0,visible_pixel_support,False,visible_candidate,line-simulation-a11-000299,,,,,
simulation-a11,1.222290290307937,0.870167790093467,0.001434130905212605,0.0011864352246585552,550,72.0,0.5,2,0.0010985377576417932,visible_pixel_support,False,visible_candidate,line-simulation-a11-000300,,,,,
simulation-a11,1.2251585521183619,0.870167790093467,0.001434130905212605,0.0011864352246585552,551,72.0,0.5,2,0.004388297661151341,visible_pixel_support,False,visible_candidate,line-simulation-a11-000301,,,,,
simulation-a11,1.2280268139287869,0.870167790093467,0.001434130905212605,0.0023728704493171104,552,72.0,1.0,3,0.009860499656412003,visible_pixel_support,False,visible_candidate,line-simulation-a11-000302,,,,,
simulation-a11,1.2308950757392119,0.870167790093467,0.001434130905212605,0.0023728704493171104,553,72.0,1.0,3,0.017506363689278714,visible_pixel_support,False,visible_candidate,line-simulation-a11-000303,,,,,
simulation-a11,1.2337633375496369,0.870167790093467,0.001434130905212605,0.0023728704493171104,554,72.0,1.0,3,0.027317109705620624,visible_pixel_support,False,visible_candidate,line-simulation-a11-000304,,,,,
simulation-a11,1.236631599360062,0.870167790093467,0.001434130905212605,0.0023728704493171104,555,72.0,1.0,3,0.03928395765129267,visible_pixel_support,False,visible_candidate,line-simulation-a11-000305,,,,,
simulation-a11,1.239499861170487,0.870167790093467,0.001434130905212605,0.0023728704493171104,556,72.0,1.0,3,0.053398127472192414,visible_pixel_support,False,visible_candidate,line-simulation-a11-000306,,,,,
simulation-a11,1.242368122980912,0.870167790093467,0.001434130905212605,0.0023728704493171104,557,72.0,1.0,3,0.06965083911418901,visible_pixel_support,False,visible_candidate,line-simulation-a11-000307,,,,,
simulation-a11,1.245236384791337,0.870167790093467,0.001434130905212605,0.0023728704493171104,558,72.0,1.0,3,0.08803331252312319,visible_pixel_support,False,visible_candidate,line-simulation-a11-000308,,,,,
simulation-a11,1.248104646601762,0.870167790093467,0.001434130905212605,0.0023728704493171104,559,72.0,1.0,3,0.10853676764486409,visible_pixel_support,False,visible_candidate,line-simulation-a11-000309,,,,,
simulation-a11,1.250972908412187,0.870167790093467,0.001434130905212605,0.0011864352246585552,560,72.0,0.5,2,0.13115242442529507,visible_pixel_support,False,visible_candidate,line-simulation-a11-000310,,,,,
simulation-a11,1.253841170222612,0.870167790093467,0.001434130905212605,0.0011864352246585552,561,72.0,0.5,2,0.1558715028102995,visible_pixel_support,False,visible_candidate,line-simulation-a11-000311,,,,,
simulation-a11,1.256709432033037,0.870167790093467,0.001434130905212605,0.0011864352246585552,562,72.0,0.5,2,0.18268522274567545,visible_pixel_support,False,visible_candidate,line-simulation-a11-000312,,,,,
simulation-a11,1.259577693843462,0.870167790093467,0.001434130905212605,0.0011864352246585552,563,72.0,0.5,2,0.21158480417740577,visible_pixel_support,False,visible_candidate,line-simulation-a11-000313,,,,,
simulation-a11,1.262445955653887,0.870167790093467,0.001434130905212605,0.0011864352246585552,564,72.0,0.5,2,0.24256146705126014,visible_pixel_support,False,visible_candidate,line-simulation-a11-000314,,,,,
simulation-a11,1.265314217464312,0.870167790093467,0.001434130905212605,0.005932176123292776,565,72.0,2.5,3,0.2756064313131503,visible_pixel_support,False,visible_candidate,line-simulation-a11-000315,,,,,
simulation-a11,1.268182479274737,0.8677949196441499,0.001434130905212605,0.007118611347951331,566,73.0,3.0,7,0.6892890830910545,visible_pixel_support,False,visible_candidate,line-simulation-a11-000316,,,,,
simulation-a11,1.271050741085162,0.8677949196441499,0.001434130905212605,0.007118611347951331,567,73.0,3.0,7,0.6521338562154853,visible_pixel_support,False,visible_candidate,line-simulation-a11-000317,,,,,
simulation-a11,1.273919002895587,0.8677949196441499,0.001434130905212605,0.009491481797268442,568,73.0,4.0,9,0.6129366681143011,visible_pixel_support,False,visible_candidate,line-simulation-a11-000318,,,,,
simulation-a11,1.276787264706012,0.870167790093467,0.001434130905212605,0.010677917021926997,569,72.0,4.5,10,0.4282937011583954,visible_pixel_support,False,visible_candidate,line-simulation-a11-000319,,,,,
simulation-a11,1.2796555265164369,0.8677949196441499,0.001434130905212605,0.009491481797268442,570,73.0,4.0,9,0.5284515284515265,visible_pixel_support,False,visible_candidate,line-simulation-a11-000320,,,,,
simulation-a11,1.2825237883268619,0.8677949196441499,0.001434130905212605,0.009491481797268442,571,73.0,4.0,9,0.48318113699821197,visible_pixel_support,False,visible_candidate,line-simulation-a11-000321,,,,,
simulation-a11,1.2853920501372869,0.8677949196441499,0.001434130905212605,0.008305046572609887,572,73.0,3.5,8,0.43590390453580596,visible_pixel_support,False,visible_candidate,line-simulation-a11-000322,,,,,
simulation-a11,1.2882603119477118,0.8677949196441499,0.001434130905212605,0.007118611347951331,573,73.0,3.0,7,0.38662861111841096,visible_pixel_support,False,visible_candidate,line-simulation-a11-000323,,,,,
simulation-a11,1.2911285737581368,0.8677949196441499,0.001434130905212605,0.007118611347951331,574,73.0,3.0,7,0.3353640368001578,visible_pixel_support,False,visible_candidate,line-simulation-a11-000324,,,,,
simulation-a11,1.2939968355685618,0.870167790093467,0.001434130905212605,0.0011864352246585552,575,72.0,0.5,2,0.7178810383647942,visible_pixel_support,False,visible_candidate,line-simulation-a11-000325,,,,,
simulation-a11,1.2968650973789868,0.870167790093467,0.001434130905212605,0.0011864352246585552,576,72.0,0.5,2,0.7730978343223285,visible_pixel_support,False,visible_candidate,line-simulation-a11-000326,,,,,
simulation-a11,1.2997333591894118,0.870167790093467,0.001434130905212605,0.0011864352246585552,577,72.0,0.5,2,0.8302775710183141,visible_pixel_support,False,visible_candidate,line-simulation-a11-000327,,,,,
simulation-a11,1.3026016209998368,0.870167790093467,0.001434130905212605,0.0011864352246585552,578,72.0,0.5,2,0.8894114683986203,visible_pixel_support,False,visible_candidate,line-simulation-a11-000328,,,,,
simulation-a11,1.3054698828102618,0.870167790093467,0.001434130905212605,0.0011864352246585552,579,72.0,0.5,2,0.9504907464091019,visible_pixel_support,False,visible_candidate,line-simulation-a11-000329,,,,,
simulation-a11,1.3083381446206868,0.870167790093467,0.001434130905212605,0.0011864352246585552,580,72.0,0.5,2,1.0135066249956708,visible_pixel_support,False,visible_candidate,line-simulation-a11-000330,,,,,
simulation-a11,1.3112064064311117,0.870167790093467,0.001434130905212605,0.0011864352246585552,581,72.0,0.5,2,1.0784503241041392,visible_pixel_support,False,visible_candidate,line-simulation-a11-000331,,,,,
simulation-a11,1.3140746682415367,0.870167790093467,0.001434130905212605,0.0011864352246585552,582,72.0,0.5,2,1.145313063680419,visible_pixel_support,False,visible_candidate,line-simulation-a11-000332,,,,,
simulation-a11,1.3169429300519617,0.870167790093467,0.001434130905212605,0.0011864352246585552,583,72.0,0.5,2,1.2140860636703508,visible_pixel_support,False,visible_candidate,line-simulation-a11-000333,,,,,
simulation-a11,1.319811191862387,0.870167790093467,0.001434130905212605,0.0011864352246585552,584,72.0,0.5,2,1.2847605440198038,visible_pixel_support,False,visible_candidate,line-simulation-a11-000334,,,,,
simulation-a11,1.322679453672812,0.870167790093467,0.001434130905212605,0.0011864352246585552,585,72.0,0.5,2,1.3573277246746613,visible_pixel_support,False,visible_candidate,line-simulation-a11-000335,,,,,
simulation-a11,1.325547715483237,0.870167790093467,0.001434130905212605,0.0023728704493171104,586,72.0,1.0,3,1.4317788255807926,visible_pixel_support,False,visible_candidate,line-simulation-a11-000336,,,,,
simulation-a11,1.328415977293662,0.870167790093467,0.001434130905212605,0.0023728704493171104,587,72.0,1.0,3,1.5081050666840525,visible_pixel_support,False,visible_candidate,line-simulation-a11-000337,,,,,
simulation-a11,1.3312842391040869,0.870167790093467,0.001434130905212605,0.0023728704493171104,588,72.0,1.0,3,1.5862976679303245,visible_pixel_support,False,visible_candidate,line-simulation-a11-000338,,,,,
simulation-a11,1.3341525009145119,0.870167790093467,0.001434130905212605,0.0023728704493171104,589,72.0,1.0,3,1.6663478492654633,visible_pixel_support,False,visible_candidate,line-simulation-a11-000339,,,,,
simulation-a11,1.3370207627249369,0.870167790093467,0.001434130905212605,0.0023728704493171104,590,72.0,1.0,3,1.7482468306353383,visible_pixel_support,False,visible_candidate,line-simulation-a11-000340,,,,,
simulation-a11,1.3398890245353618,0.870167790093467,0.001434130905212605,0.0023728704493171104,591,72.0,1.0,3,1.8319858319858326,visible_pixel_support,False,visible_candidate,line-simulation-a11-000341,,,,,
simulation-a11,1.3427572863457868,0.8677949196441499,0.001434130905212605,0.0011864352246585552,592,73.0,0.5,2,0.9175560732627872,visible_pixel_support,False,visible_candidate,line-simulation-a11-000342,,,,,
simulation-a11,1.3456255481562118,0.8677949196441499,0.001434130905212605,0.008305046572609887,593,73.0,3.5,4,1.0049487744121137,visible_pixel_support,False,visible_candidate,line-simulation-a11-000343,,,,,
simulation-a11,1.3484938099666368,0.8654220491948328,0.001434130905212605,0.008305046572609887,594,74.0,3.5,7,0.09415515537965291,visible_pixel_support,False,visible_candidate,line-simulation-a11-000344,,,,,
simulation-a11,1.3513620717770618,0.8630491787455157,0.001434130905212605,0.008305046572609776,595,75.0,3.5,8,0.8148335638887403,visible_pixel_support,False,visible_candidate,line-simulation-a11-000345,,,,,
simulation-a11,1.3542303335874868,0.8630491787455157,0.001434130905212605,0.008305046572609776,596,75.0,3.5,8,0.7220261634471683,visible_pixel_support,False,visible_candidate,line-simulation-a11-000346,,,,,
simulation-a11,1.3570985953979118,0.8654220491948328,0.001434130905212605,0.010677917021926886,597,74.0,4.5,10,0.3725685766502096,visible_pixel_support,False,visible_candidate,line-simulation-a11-000347,,,,,
simulation-a11,1.3599668572083368,0.8654220491948328,0.001434130905212605,0.010677917021926886,598,74.0,4.5,10,0.46894187634927675,visible_pixel_support,False,visible_candidate,line-simulation-a11-000348,,,,,
simulation-a11,1.3628351190187618,0.8630491787455157,0.001434130905212605,0.010677917021926886,599,75.0,4.5,10,0.43291504440408346,visible_pixel_support,False,visible_candidate,line-simulation-a11-000349,,,,,
simulation-a11,1.3657033808291867,0.8630491787455157,0.001434130905212605,0.009491481797268442,600,75.0,4.0,9,0.3330109656640303,visible_pixel_support,False,visible_candidate,line-simulation-a11-000350,,,,,
simulation-a11,1.3685716426396117,0.8630491787455157,0.001434130905212605,0.008305046572609776,601,75.0,3.5,8,0.23135466748468048,visible_pixel_support,False,visible_candidate,line-simulation-a11-000351,,,,,
simulation-a11,1.3714399044500367,0.8606763082961986,0.001434130905212605,0.007118611347951331,602,76.0,3.0,7,1.1279549299201648,visible_pixel_support,False,visible_candidate,line-simulation-a11-000352,,,,,
simulation-a11,1.3743081662604617,0.8606763082961986,0.001434130905212605,0.007118611347951331,603,76.0,3.0,7,1.022820533024614,visible_pixel_support,False,visible_candidate,line-simulation-a11-000353,,,,,
simulation-a11,1.3771764280708867,0.8654220491948328,0.001434130905212605,0.0023728704493171104,604,74.0,1.0,3,1.0840397431478266,visible_pixel_support,False,visible_candidate,line-simulation-a11-000354,,,,,
simulation-a11,1.3800446898813117,0.8654220491948328,0.001434130905212605,0.0023728704493171104,605,74.0,1.0,3,1.1926171185430547,visible_pixel_support,False,visible_candidate,line-simulation-a11-000355,,,,,
simulation-a11,1.3829129516917367,0.8654220491948328,0.001434130905212605,0.0023728704493171104,606,74.0,1.0,3,1.3029028131069111,visible_pixel_support,False,visible_candidate,line-simulation-a11-000356,,,,,
simulation-a11,1.3857812135021617,0.8654220491948328,0.001434130905212605,0.0023728704493171104,607,74.0,1.0,3,1.4148880467852507,visible_pixel_support,False,visible_candidate,line-simulation-a11-000357,,,,,
simulation-a11,1.3886494753125866,0.8630491787455157,0.001434130905212605,0.0011864352246585552,608,75.0,0.5,2,0.5285640395239852,visible_pixel_support,False,visible_candidate,line-simulation-a11-000358,,,,,
simulation-a11,1.3915177371230116,0.8630491787455157,0.001434130905212605,0.0011864352246585552,609,75.0,0.5,2,0.6439220112689554,visible_pixel_support,False,visible_candidate,line-simulation-a11-000359,,,,,
simulation-a11,1.3943859989334366,0.8630491787455157,0.001434130905212605,0.0011864352246585552,610,75.0,0.5,2,0.7609531819660305,visible_pixel_support,False,visible_candidate,line-simulation-a11-000360,,,,,
simulation-a11,1.3972542607438616,0.8630491787455157,0.001434130905212605,0.0011864352246585552,611,75.0,0.5,2,0.8796487715610937,visible_pixel_support,False,visible_candidate,line-simulation-a11-000361,,,,,
simulation-a11,1.4001225225542868,0.8630491787455157,0.001434130905212605,0.0011864352246585552,612,75.0,0.5,2,1.0,visible_pixel_support,False,visible_candidate,line-simulation-a11-000362,,,,,
simulation-a11,1.4029907843647118,0.8630491787455157,0.001434130905212605,0.0023728704493171104,613,75.0,1.0,3,1.1392335748413558,visible_pixel_support,False,visible_candidate,line-simulation-a11-000363,,,,,
simulation-a11,1.4058590461751368,0.8630491787455157,0.001434130905212605,0.0023728704493171104,614,75.0,1.0,3,1.3136829890677575,visible_pixel_support,False,visible_candidate,line-simulation-a11-000364,,,,,
simulation-a11,1.4087273079855618,0.8630491787455157,0.001434130905212605,0.0023728704493171104,615,75.0,1.0,3,1.5219996407612228,visible_pixel_support,False,visible_candidate,line-simulation-a11-000365,,,,,
simulation-a11,1.4115955697959868,0.8606763082961986,0.001434130905212605,0.0011864352246585552,616,76.0,0.5,2,0.7628349280036701,visible_pixel_support,False,visible_candidate,line-simulation-a11-000366,,,,,
simulation-a11,1.4144638316064118,0.8606763082961986,0.001434130905212605,0.0011864352246585552,617,76.0,0.5,2,1.0348402488770887,visible_pixel_support,False,visible_candidate,line-simulation-a11-000367,,,,,
simulation-a11,1.4173320934168367,0.8606763082961986,0.001434130905212605,0.0023728704493171104,618,76.0,1.0,3,1.336667001463411,visible_pixel_support,False,visible_candidate,line-simulation-a11-000368,,,,,
simulation-a11,1.4202003552272617,0.8606763082961986,0.001434130905212605,0.0023728704493171104,619,76.0,1.0,3,1.6669665838446406,visible_pixel_support,False,visible_candidate,line-simulation-a11-000369,,,,,
simulation-a11,1.4230686170376867,0.8583034378468815,0.001434130905212605,0.0011864352246585552,620,77.0,0.5,2,1.0243903941026815,visible_pixel_support,False,visible_candidate,line-simulation-a11-000370,,,,,
simulation-a11,1.4259368788481117,0.8583034378468815,0.001434130905212605,0.0023728704493171104,621,77.0,1.0,3,1.4075898303195373,visible_pixel_support,False,visible_candidate,line-simulation-a11-000371,,,,,
simulation-a11,1.4288051406585367,0.8583034378468815,0.001434130905212605,0.0023728704493171104,622,77.0,1.0,3,1.815216290577169,visible_pixel_support,False,visible_candidate,line-simulation-a11-000372,,,,,
simulation-a11,1.4316734024689617,0.8535576969482472,0.001434130905212605,0.009491481797268442,623,79.0,4.0,6,0.24592117295752303,visible_pixel_support,False,visible_candidate,line-simulation-a11-000373,,,,,
simulation-a11,1.4345416642793867,0.8511848264989301,0.001434130905212605,0.010677917021926997,624,80.0,4.5,10,0.3016441244574679,visible_pixel_support,False,visible_candidate,line-simulation-a11-000374,,,,,
simulation-a11,1.4374099260898117,0.8488119560496131,0.001434130905212605,0.009491481797268442,625,81.0,4.0,9,0.8288282035858003,visible_pixel_support,False,visible_candidate,line-simulation-a11-000375,,,,,
simulation-a11,1.4402781879002367,0.8488119560496131,0.001434130905212605,0.010677917021926997,626,81.0,4.5,10,0.33697966634551335,visible_pixel_support,False,visible_candidate,line-simulation-a11-000376,,,,,
simulation-a11,1.4431464497106616,0.8488119560496131,0.001434130905212605,0.011864352246585441,627,81.0,5.0,11,0.17255288534532554,visible_pixel_support,False,visible_candidate,line-simulation-a11-000377,,,,,
simulation-a11,1.4460147115210866,0.8488119560496131,0.001434130905212605,0.010677917021926997,628,81.0,4.5,10,0.6984208495686772,visible_pixel_support,False,visible_candidate,line-simulation-a11-000378,,,,,
simulation-a11,1.4488829733315116,0.846439085600296,0.001434130905212605,0.00949148179726833,629,82.0,4.0,9,0.23927562440654526,visible_pixel_support,False,visible_candidate,line-simulation-a11-000379,,,,,
simulation-a11,1.4517512351419366,0.846439085600296,0.001434130905212605,0.007118611347951331,630,82.0,3.0,7,0.7937686079408337,visible_pixel_support,False,visible_candidate,line-simulation-a11-000380,,,,,
simulation-a11,1.4546194969523616,0.8440662151509789,0.001434130905212605,0.004745740898634221,631,83.0,2.0,5,0.3605511982535461,visible_pixel_support,False,visible_candidate,line-simulation-a11-000381,,,,,
simulation-a11,1.4574877587627866,0.8416933447016618,0.001434130905212605,0.0035593056739756657,632,84.0,1.5,4,0.061725206573385094,visible_pixel_support,False,visible_candidate,line-simulation-a11-000382,,,,,
simulation-a11,1.4603560205732116,0.8393204742523447,0.001434130905212605,0.0035593056739756657,633,85.0,1.5,4,0.47440920845798473,visible_pixel_support,False,visible_candidate,line-simulation-a11-000383,,,,,
simulation-a11,1.4632242823836366,0.8393204742523447,0.001434130905212605,0.0035593056739756657,634,85.0,1.5,4,0.12115059068169387,visible_pixel_support,False,visible_candidate,line-simulation-a11-000384,,,,,
simulation-a11,1.4660925441940615,0.8369476038030277,0.001434130905212605,0.0035593056739757767,635,86.0,1.5,4,0.27639441107237417,visible_pixel_support,False,visible_candidate,line-simulation-a11-000385,,,,,
simulation-a11,1.4689608060044865,0.8322018629043935,0.001434130905212605,0.0023728704493171104,636,88.0,1.0,3,1.6683928156381995,visible_pixel_support,False,visible_candidate,line-simulation-a11-000386,,,,,
simulation-a11,1.4718290678149115,0.8322018629043935,0.001434130905212605,0.0035593056739756657,637,88.0,1.5,4,1.0561932249338923,visible_pixel_support,False,visible_candidate,line-simulation-a11-000387,,,,,
simulation-a11,1.4746973296253365,0.8274561220057592,0.001434130905212605,0.0011864352246585552,638,90.0,0.5,1,2.441144240877449,visible_pixel_support,False,visible_candidate,line-simulation-a11-000388,,,,,
simulation-a11,1.4775655914357615,0.8274561220057592,0.001434130905212605,0.0011864352246585552,639,90.0,0.5,2,1.8245944653868946,visible_pixel_support,False,visible_candidate,line-simulation-a11-000389,,,,,
simulation-a11,1.4804338532461865,0.822710381107125,0.001434130905212605,0.0023728704493171104,640,92.0,1.0,3,3.2078925003802965,visible_pixel_support,False,visible_candidate,line-simulation-a11-000390,,,,,
simulation-a11,1.4833021150566117,0.822710381107125,0.001434130905212605,0.004745740898634221,641,92.0,2.0,5,2.592386947775694,visible_pixel_support,False,visible_candidate,line-simulation-a11-000391,,,,,
simulation-a11,1.4861703768670367,0.8203375106578079,0.001434130905212605,0.0035593056739756657,642,93.0,1.5,4,2.9794264094911114,visible_pixel_support,False,visible_candidate,line-simulation-a11-000392,,,,,
simulation-a11,1.4890386386774617,0.8179646402084908,0.001434130905212605,0.0035593056739756657,643,94.0,1.5,4,3.3703594874446168,visible_pixel_support,False,visible_candidate,line-simulation-a11-000393,,,,,
simulation-a11,1.4919069004878867,0.8155917697591737,0.001434130905212605,0.004745740898634221,644,95.0,2.0,5,3.7665347835541922,visible_pixel_support,False,visible_candidate,line-simulation-a11-000394,,,,,
simulation-a11,1.4947751622983116,0.8108460288605396,0.001434130905212605,0.0035593056739756657,645,97.0,1.5,4,5.169300899737934,visible_pixel_support,False,visible_candidate,line-simulation-a11-000395,,,,,
simulation-a11,1.4976434241087366,0.8084731584112225,0.001434130905212605,0.0035593056739756657,646,98.0,1.5,4,5.580006437913852,visible_pixel_support,False,visible_candidate,line-simulation-a11-000396,,,,,
simulation-a11,1.5005116859191616,0.8061002879619054,0.001434130905212605,0.0035593056739756657,647,99.0,1.5,4,6.0,visible_pixel_support,False,visible_candidate,line-simulation-a11-000397,,,,,
simulation-a11,1.5033799477295866,0.8037274175125882,0.001434130905212605,0.0035593056739756657,648,100.0,1.5,4,6.4185293164885024,visible_pixel_support,False,visible_candidate,line-simulation-a11-000398,,,,,
simulation-a11,1.5062482095400116,0.8037274175125882,0.001434130905212605,0.0035593056739756657,649,100.0,1.5,4,5.824259088071926,visible_pixel_support,False,visible_candidate,line-simulation-a11-000399,,,,,
simulation-a11,1.5091164713504366,0.8013545470632712,0.001434130905212605,0.0035593056739757767,650,101.0,1.5,4,6.21766337196901,visible_pixel_support,False,visible_candidate,line-simulation-a11-000400,,,,,
simulation-a11,1.5119847331608616,0.7989816766139541,0.001434130905212605,0.0035593056739756657,651,102.0,1.5,4,6.5992162253983935,visible_pixel_support,False,visible_candidate,line-simulation-a11-000401,,,,,
simulation-a11,1.5148529949712866,0.796608806164637,0.001434130905212605,0.0023728704493171104,652,103.0,1.0,3,6.969391705578872,visible_pixel_support,False,visible_candidate,line-simulation-a11-000402,,,,,
simulation-a11,1.5177212567817115,0.7942359357153199,0.001434130905212605,0.0023728704493171104,653,104.0,1.0,3,7.328663869729084,visible_pixel_support,False,visible_candidate,line-simulation-a11-000403,,,,,
simulation-a11,1.5205895185921365,0.7918630652660028,0.001434130905212605,0.0023728704493171104,654,105.0,1.0,3,7.677506775067741,visible_pixel_support,False,visible_candidate,line-simulation-a11-000404,,,,,
simulation-a11,1.5234577804025615,0.7942359357153199,0.001434130905212605,0.0035593056739756657,655,104.0,1.5,4,6.016394478813595,visible_pixel_support,False,visible_candidate,line-simulation-a11-000405,,,,,
simulation-a11,1.5263260422129865,0.7918630652660028,0.001434130905212605,0.004745740898634221,656,105.0,2.0,5,6.3458010381853,visible_pixel_support,False,visible_candidate,line-simulation-a11-000406,,,,,
simulation-a11,1.5291943040234115,0.7918630652660028,0.001434130905212605,0.005932176123292665,657,105.0,2.5,6,5.666200510401623,visible_pixel_support,False,visible_candidate,line-simulation-a11-000407,,,,,
simulation-a11,1.5320625658338365,0.7871173243673686,0.001434130905212605,0.004745740898634221,658,107.0,2.0,5,6.978066952681175,visible_pixel_support,False,visible_candidate,line-simulation-a11-000408,,,,,
simulation-a11,1.5349308276442615,0.7847444539180515,0.001434130905212605,0.0023728704493171104,659,108.0,1.0,3,7.28187442224278,visible_pixel_support,False,visible_candidate,line-simulation-a11-000409,,,,,
simulation-a11,1.5377990894546865,0.7823715834687344,0.001434130905212605,0.0023728704493171104,660,109.0,1.0,3,7.578096976305048,visible_pixel_support,False,visible_candidate,line-simulation-a11-000410,,,,,
simulation-a11,1.5406673512651115,0.7823715834687344,0.001434130905212605,0.0035593056739757767,661,109.0,1.5,4,6.867208672086733,visible_pixel_support,False,visible_candidate,line-simulation-a11-000411,,,,,
simulation-a11,1.5435356130755364,0.7799987130194173,0.001434130905212605,0.0023728704493171104,662,110.0,1.0,3,7.149683566806516,visible_pixel_support,False,visible_candidate,line-simulation-a11-000412,,,,,
simulation-a11,1.5464038748859614,0.7799987130194173,0.001434130905212605,0.0023728704493171104,663,110.0,1.0,3,6.425995717683122,visible_pixel_support,False,visible_candidate,line-simulation-a11-000413,,,,,
simulation-a11,1.5492721366963864,0.7776258425701001,0.001434130905212605,0.0023728704493171104,664,111.0,1.0,3,6.696619181935262,visible_pixel_support,False,visible_candidate,line-simulation-a11-000414,,,,,
simulation-a11,1.5521403985068114,0.7776258425701001,0.001434130905212605,0.0023728704493171104,665,111.0,1.0,3,5.96202801678163,visible_pixel_support,False,visible_candidate,line-simulation-a11-000415,,,,,
simulation-a11,1.5550086603172364,0.7752529721207831,0.001434130905212605,0.0023728704493171104,666,112.0,1.0,3,6.222696279440939,visible_pixel_support,False,visible_candidate,line-simulation-a11-000416,,,,,
simulation-a11,1.5578769221276614,0.7752529721207831,0.001434130905212605,0.0023728704493171104,667,112.0,1.0,3,5.479098027131869,visible_pixel_support,False,visible_candidate,line-simulation-a11-000417,,,,,
simulation-a11,1.5607451839380864,0.772880101671466,0.001434130905212605,0.0011864352246585552,668,113.0,0.5,1,5.731707317073173,visible_pixel_support,False,visible_candidate,line-simulation-a11-000418,,,,,
simulation-a11,1.5636134457485116,0.772880101671466,0.001434130905212605,0.0011864352246585552,669,113.0,0.5,1,4.98099820648352,visible_pixel_support,False,visible_candidate,line-simulation-a11-000419,,,,,
simulation-a11,1.5664817075589366,0.772880101671466,0.001434130905212605,0.0011864352246585552,670,113.0,0.5,1,4.227444752581619,visible_pixel_support,False,visible_candidate,line-simulation-a11-000420,,,,,
simulation-a11,1.5693499693693616,0.772880101671466,0.001434130905212605,0.0011864352246585552,671,113.0,0.5,1,3.471521012586223,visible_pixel_support,False,visible_candidate,line-simulation-a11-000421,,,,,
simulation-a11,1.5750864929902115,0.7705072312221489,0.001434130905212605,0.0011864352246585552,673,114.0,0.5,1,2.954458903189604,visible_pixel_support,True,visible_candidate,line-simulation-a11-000422,,,,,
simulation-a11,1.5779547548006365,0.7705072312221489,0.001434130905212605,0.0011864352246585552,674,114.0,0.5,2,2.194268648225858,visible_pixel_support,False,visible_candidate,line-simulation-a11-000423,,,,,
simulation-a11,1.5808230166110615,0.7681343607728319,0.001434130905212605,0.0023728704493171104,675,115.0,1.0,3,2.4336043360433592,visible_pixel_support,False,visible_candidate,line-simulation-a11-000424,,,,,
simulation-a11,1.5836912784214865,0.7681343607728319,0.001434130905212605,0.0011864352246586662,676,115.0,0.5,2,1.6729400238608747,visible_pixel_support,False,visible_candidate,line-simulation-a11-000425,,,,,
simulation-a11,1.5865595402319115,0.7657614903235148,0.001434130905212605,0.0023728704493171104,677,116.0,1.0,3,1.9127497688971005,visible_pixel_support,False,visible_candidate,line-simulation-a11-000426,,,,,
simulation-a11,1.5894278020423365,0.7657614903235148,0.001434130905212605,0.0023728704493171104,678,116.0,1.0,3,1.1535076283707468,visible_pixel_support,False,visible_candidate,line-simulation-a11-000427,,,,,
simulation-a11,1.5922960638527615,0.7657614903235148,0.001434130905212605,0.0011864352246586662,679,116.0,0.5,2,0.3956876595005099,visible_pixel_support,False,visible_candidate,line-simulation-a11-000428,,,,,
simulation-a11,1.5951643256631864,0.7633886198741977,0.001434130905212605,0.007118611347951331,680,117.0,3.0,3,0.6397639195050857,visible_pixel_support,False,visible_candidate,line-simulation-a11-000429,,,,,
simulation-a11,1.5980325874736114,0.7610157494248806,0.001434130905212605,0.009491481797268442,681,118.0,4.0,8,0.8862104656031988,visible_pixel_support,False,visible_candidate,line-simulation-a11-000430,,,,,
simulation-a11,1.6009008492840364,0.7586428789755635,0.001434130905212605,0.009491481797268442,682,119.0,4.0,9,1.1355013550135453,visible_pixel_support,False,visible_candidate,line-simulation-a11-000431,,,,,
simulation-a11,1.6037691110944614,0.7586428789755635,0.001434130905212605,0.009491481797268442,683,119.0,4.0,9,0.3881106449548497,visible_pixel_support,False,visible_candidate,line-simulation-a11-000432,,,,,
simulation-a11,1.6066373729048864,0.7586428789755635,0.001434130905212605,0.011864352246585552,684,119.0,5.0,11,0.35548760735422036,visible_pixel_support,False,visible_candidate,line-simulation-a11-000433,,,,,
simulation-a11,1.6095056347153114,0.7562700085262464,0.001434130905212605,0.010677917021926886,685,120.0,4.5,10,0.09481934469491193,visible_pixel_support,False,visible_candidate,line-simulation-a11-000434,,,,,
simulation-a11,1.6123738965257364,0.7562700085262464,0.001434130905212605,0.009491481797268442,686,120.0,4.0,9,0.8294105098485289,visible_pixel_support,False,visible_candidate,line-simulation-a11-000435,,,,,
simulation-a11,1.6152421583361614,0.7538971380769293,0.001434130905212605,0.008305046572609776,687,121.0,3.5,8,0.5587870455964037,visible_pixel_support,False,visible_candidate,line-simulation-a11-000436,,,,,
simulation-a11,1.6181104201465863,0.7515242676276122,0.001434130905212605,0.005932176123292776,688,122.0,2.5,6,0.28247489471978326,visible_pixel_support,False,visible_candidate,line-simulation-a11-000437,,,,,
simulation-a11,1.6209786819570113,0.749151397178295,0.001434130905212605,0.0035593056739756657,689,123.0,1.5,4,0.0,visible_pixel_support,False,visible_candidate,line-simulation-a11-000438,,,,,
simulation-a22,0.0405664244128387,0.2128826756326314,0.001434130905212494,0.013050787471244107,138,349.0,5.5,8,1.0,visible_pixel_support,True,visible_candidate,line-simulation-a22-000001,,,,,
simulation-a22,0.04343468622326374,0.2128826756326314,0.0014341309052125495,0.013050787471244107,139,349.0,5.5,10,1.4605234951122839,visible_pixel_support,False,visible_candidate,line-simulation-a22-000002,,,,,
simulation-a22,0.04630294803368873,0.2105098051833143,0.001434130905212494,0.013050787471244107,140,350.0,5.5,10,0.9140799176813061,visible_pixel_support,False,visible_candidate,line-simulation-a22-000003,,,,,
simulation-a22,0.04917120984411372,0.2105098051833143,0.001434130905212494,0.013050787471244107,141,350.0,5.5,10,1.3615053164123196,visible_pixel_support,False,visible_candidate,line-simulation-a22-000004,,,,,
simulation-a22,0.052039471654538705,0.2081369347339973,0.001434130905212494,0.013050787471244107,142,351.0,5.5,11,0.8036357400102929,visible_pixel_support,False,visible_candidate,line-simulation-a22-000005,,,,,
simulation-a22,0.05490773346496369,0.2057640642846802,0.001434130905212494,0.013050787471244107,143,352.0,5.5,12,0.24130723718059244,visible_pixel_support,False,visible_candidate,line-simulation-a22-000006,,,,,
simulation-a22,0.05777599527538868,0.2081369347339973,0.001434130905212494,0.010677917021926997,144,351.0,4.5,7,1.6753558566284141,visible_pixel_support,False,visible_candidate,line-simulation-a22-000007,,,,,
simulation-a22,0.06064425708581367,0.2081369347339973,0.001434130905212494,0.008305046572609887,145,351.0,3.5,8,2.1066176470588402,visible_pixel_support,False,visible_candidate,line-simulation-a22-000008,,,,,
simulation-a22,0.06351251889623871,0.2081369347339973,0.0014341309052125495,0.004745740898634221,146,351.0,2.0,5,2.5359286571771236,visible_pixel_support,False,visible_candidate,line-simulation-a22-000009,,,,,
simulation-a22,0.0663807807066637,0.2081369347339973,0.001434130905212494,0.0035593056739756657,147,351.0,1.5,4,2.9641249356885737,visible_pixel_support,False,visible_candidate,line-simulation-a22-000010,,,,,
simulation-a22,0.06924904251708869,0.2081369347339973,0.001434130905212494,0.0023728704493171104,148,351.0,1.0,3,3.392042531298216,visible_pixel_support,False,visible_candidate,line-simulation-a22-000011,,,,,
simulation-a22,0.07211730432751368,0.2081369347339973,0.001434130905212494,0.0023728704493171104,149,351.0,1.0,3,3.8205174927113603,visible_pixel_support,False,visible_candidate,line-simulation-a22-000012,,,,,
simulation-a22,0.07498556613793866,0.2081369347339973,0.001434130905212494,0.014237222695902663,150,351.0,6.0,3,4.2503858686331455,visible_pixel_support,False,visible_candidate,line-simulation-a22-000013,,,,,
simulation-a22,0.07785382794836365,0.20339119383536308,0.001434130905212494,0.015423657920561107,151,353.0,6.5,4,2.6824837077688244,visible_pixel_support,False,visible_candidate,line-simulation-a22-000014,,,,,
simulation-a22,0.08072208975878864,0.20339119383536308,0.001434130905212494,0.015423657920561107,152,353.0,6.5,6,3.117647058823536,visible_pixel_support,False,visible_candidate,line-simulation-a22-000015,,,,,
simulation-a22,0.08359035156921368,0.20339119383536308,0.0014341309052125495,0.014237222695902552,153,353.0,6.0,5,3.5567119705024197,visible_pixel_support,False,visible_candidate,line-simulation-a22-000016,,,,,
simulation-a22,0.08645861337963867,0.2057640642846802,0.001434130905212494,0.0023728704493171104,154,352.0,1.0,3,5.0005144915108986,visible_pixel_support,False,visible_candidate,line-simulation-a22-000017,,,,,
simulation-a22,0.08932687519006366,0.2057640642846802,0.001434130905212494,0.0023728704493171104,155,352.0,1.0,3,5.449890670553941,visible_pixel_support,False,visible_candidate,line-simulation-a22-000018,,,,,
simulation-a22,0.09219513700048865,0.20339119383536308,0.001434130905212494,0.017796528369878217,156,353.0,7.5,6,4.905676556336857,visible_pixel_support,False,visible_candidate,line-simulation-a22-000019,,,,,
simulation-a22,0.09506339881091364,0.20101832338604597,0.001434130905212494,0.016610093145219662,157,354.0,7.0,4,4.368708197564729,visible_pixel_support,False,visible_candidate,line-simulation-a22-000020,,,,,
simulation-a22,0.09793166062133862,0.20101832338604597,0.001434130905212494,0.0023728704493171104,158,354.0,1.0,3,4.839821642942866,visible_pixel_support,False,visible_candidate,line-simulation-a22-000021,,,,,
simulation-a22,0.10079992243176361,0.17728961889287498,0.001434130905212494,0.014237222695902663,159,364.0,6.0,4,4.680147058823536,visible_pixel_support,False,visible_candidate,line-simulation-a22-000022,,,,,
simulation-a22,0.1036681842421886,0.19864545293672886,0.0014341309052125495,0.0023728704493171104,160,355.0,1.0,2,4.809638140970662,visible_pixel_support,False,visible_candidate,line-simulation-a22-000023,,,,,
simulation-a22,0.10653644605261364,0.19627258248741175,0.001434130905212494,0.004745740898634221,161,356.0,2.0,5,4.310013291030714,visible_pixel_support,False,visible_candidate,line-simulation-a22-000024,,,,,
simulation-a22,0.10940470786303863,0.18915397113946053,0.001434130905212494,0.008305046572609887,162,359.0,3.5,8,1.8218144400617575,visible_pixel_support,False,visible_candidate,line-simulation-a22-000025,,,,,
simulation-a22,0.11227296967346362,0.18915397113946053,0.001434130905212494,0.009491481797268442,163,359.0,4.0,8,2.3458776367689893,visible_pixel_support,False,visible_candidate,line-simulation-a22-000026,,,,,
simulation-a22,0.1151412314838886,0.18678110069014342,0.001434130905212494,0.013050787471243996,164,360.0,5.5,9,1.883038929857662,visible_pixel_support,False,visible_candidate,line-simulation-a22-000027,,,,,
simulation-a22,0.1180094932943136,0.18678110069014342,0.001434130905212494,0.013050787471243996,165,360.0,5.5,7,2.4341343680329715,visible_pixel_support,False,visible_candidate,line-simulation-a22-000028,,,,,
simulation-a22,0.12087775510473858,0.18678110069014342,0.001434130905212494,0.009491481797268442,166,360.0,4.0,6,3.0,visible_pixel_support,False,visible_candidate,line-simulation-a22-000029,,,,,
simulation-a22,0.12374601691516357,0.18915397113946053,0.0014341309052125495,0.004745740898634221,167,359.0,2.0,5,4.601406812725088,visible_pixel_support,False,visible_candidate,line-simulation-a22-000030,,,,,
simulation-a22,0.1266142787255886,0.18678110069014342,0.001434130905212494,0.010677917021926997,168,360.0,4.5,6,4.2553721488595215,visible_pixel_support,False,visible_candidate,line-simulation-a22-000031,,,,,
simulation-a22,0.1294825405360136,0.1844082302408263,0.001434130905212494,0.005932176123292776,169,361.0,2.5,4,3.9571015906362845,visible_pixel_support,False,visible_candidate,line-simulation-a22-000032,,,,,
simulation-a22,0.1323508023464386,0.1796624893421921,0.001434130905212494,0.005932176123292776,170,363.0,2.5,6,2.7018007202880767,visible_pixel_support,False,visible_candidate,line-simulation-a22-000033,,,,,
simulation-a22,0.13521906415686358,0.1796624893421921,0.001434130905212494,0.004745740898634221,171,363.0,2.0,5,3.4846751200479957,visible_pixel_support,False,visible_candidate,line-simulation-a22-000034,,,,,
simulation-a22,0.13808732596728857,0.1820353597915092,0.001434130905212494,0.0035593056739756657,172,362.0,1.5,4,5.300930372148855,visible_pixel_support,False,visible_candidate,line-simulation-a22-000035,,,,,
simulation-a22,0.14095558777771355,0.1796624893421921,0.001434130905212494,0.005932176123292776,173,363.0,2.5,6,5.145772058823525,visible_pixel_support,False,visible_candidate,line-simulation-a22-000036,,,,,
simulation-a22,0.14382384958813854,0.17491674844355787,0.001434130905212494,0.005932176123292776,174,365.0,2.5,4,4.014405762304932,visible_pixel_support,False,visible_candidate,line-simulation-a22-000037,,,,,
simulation-a22,0.14669211139856353,0.17254387799424087,0.001434130905212494,0.005932176123292776,175,366.0,2.5,4,3.9020370648259473,visible_pixel_support,False,visible_candidate,line-simulation-a22-000038,,,,,
simulation-a22,0.14956037320898852,0.17254387799424087,0.001434130905212494,0.004745740898634221,176,366.0,2.0,5,4.8038715486194405,visible_pixel_support,False,visible_candidate,line-simulation-a22-000039,,,,,
simulation-a22,0.1524286350194135,0.17017100754492376,0.001434130905212494,0.004745740898634221,177,367.0,2.0,5,4.715114795918339,visible_pixel_support,False,visible_candidate,line-simulation-a22-000040,,,,,
simulation-a22,0.1552968968298386,0.16305239619697243,0.001434130905212605,0.005932176123292776,178,370.0,2.5,4,2.6309723889556267,visible_pixel_support,False,visible_candidate,line-simulation-a22-000041,,,,,
simulation-a22,0.1581651586402636,0.16067952574765532,0.001434130905212494,0.004745740898634221,179,371.0,2.0,3,2.546649909964003,visible_pixel_support,False,visible_candidate,line-simulation-a22-000042,,,,,
simulation-a22,0.16103342045068858,0.16067952574765532,0.001434130905212494,0.004745740898634221,180,371.0,2.0,5,3.4573529411764525,visible_pixel_support,False,visible_candidate,line-simulation-a22-000043,,,,,
simulation-a22,0.16390168226111357,0.1583066552983382,0.001434130905212494,0.0035593056739756657,181,372.0,1.5,4,3.3582870648259586,visible_pixel_support,False,visible_candidate,line-simulation-a22-000044,,,,,
simulation-a22,0.16676994407153856,0.1583066552983382,0.001434130905212494,0.0011864352246585552,182,372.0,0.5,2,4.244657863145221,visible_pixel_support,False,visible_candidate,line-simulation-a22-000045,,,,,
simulation-a22,0.16963820588196354,0.1535609143997041,0.001434130905212494,0.0023728704493171104,183,374.0,1.0,3,3.111670918367338,visible_pixel_support,False,visible_candidate,line-simulation-a22-000046,,,,,
simulation-a22,0.17250646769238853,0.15118804395038699,0.001434130905212494,0.004745740898634221,184,375.0,2.0,4,2.954531812725122,visible_pixel_support,False,visible_candidate,line-simulation-a22-000047,,,,,
simulation-a22,0.17537472950281352,0.14406943260243565,0.001434130905212494,0.004745740898634221,185,378.0,2.0,3,0.7684461284513873,visible_pixel_support,False,visible_candidate,line-simulation-a22-000048,,,,,
simulation-a22,0.1782429913132385,0.14644230305175276,0.001434130905212494,0.004745740898634221,186,377.0,2.0,4,2.5486194477791173,visible_pixel_support,False,visible_candidate,line-simulation-a22-000049,,,,,
simulation-a22,0.1811112531236635,0.14169656215311854,0.001434130905212494,0.010677917021926997,187,379.0,4.5,6,1.2902573529411825,visible_pixel_support,False,visible_candidate,line-simulation-a22-000050,,,,,
simulation-a22,0.18397951493408848,0.13932369170380143,0.001434130905212494,0.0035593056739756657,188,380.0,1.5,4,0.9885654261704531,visible_pixel_support,False,visible_candidate,line-simulation-a22-000051,,,,,
simulation-a22,0.18684777674451347,0.13695082125448443,0.001434130905212494,0.0035593056739756657,189,381.0,1.5,4,0.638749249699913,visible_pixel_support,False,visible_candidate,line-simulation-a22-000052,,,,,
simulation-a22,0.18971603855493846,0.13457795080516732,0.001434130905212494,0.009491481797268442,190,382.0,4.0,6,0.2360144057623188,visible_pixel_support,False,visible_candidate,line-simulation-a22-000053,,,,,
simulation-a22,0.19258430036536345,0.1298322099065331,0.001434130905212494,0.017796528369878217,191,384.0,7.5,8,1.2244335234093455,visible_pixel_support,False,visible_candidate,line-simulation-a22-000054,,,,,
simulation-a22,0.19545256217578855,0.1298322099065331,0.001434130905212605,0.010677917021926886,192,384.0,4.5,10,0.7473889555822097,visible_pixel_support,False,visible_candidate,line-simulation-a22-000055,,,,,
simulation-a22,0.19832082398621353,0.127459339457216,0.001434130905212494,0.011864352246585441,193,385.0,5.0,11,1.3376463085234036,visible_pixel_support,False,visible_candidate,line-simulation-a22-000056,,,,,
simulation-a22,0.20118908579663852,0.1298322099065331,0.001434130905212494,0.015423657920561107,194,384.0,6.5,13,0.0,visible_pixel_support,False,visible_candidate,line-simulation-a22-000057,,,,,
simulation-a22,0.2040573476070635,0.1322050803558502,0.001434130905212494,0.015423657920561107,195,383.0,6.5,9,1.298429676832086,visible_pixel_support,False,visible_candidate,line-simulation-a22-000058,,,,,
simulation-a22,0.2069256094174885,0.12508646900789888,0.001434130905212494,0.014237222695902552,196,386.0,6.0,7,1.4063495675922013,visible_pixel_support,False,visible_candidate,line-simulation-a22-000059,,,,,
simulation-a22,0.2097938712279135,0.13457795080516732,0.001434130905212494,0.014237222695902552,197,382.0,6.0,5,2.885559854346866,visible_pixel_support,False,visible_candidate,line-simulation-a22-000060,,,,,
simulation-a22,0.21266213303833847,0.1298322099065331,0.001434130905212494,0.013050787471243996,198,384.0,5.5,8,1.1740555302685607,visible_pixel_support,False,visible_candidate,line-simulation-a22-000061,,,,,
simulation-a22,0.21553039484876346,0.127459339457216,0.001434130905212494,0.014237222695902552,199,385.0,6.0,9,0.4590350477924403,visible_pixel_support,False,visible_candidate,line-simulation-a22-000062,,,,,
simulation-a22,0.21839865665918845,0.127459339457216,0.001434130905212494,0.009491481797268442,200,385.0,4.0,5,0.7403959945380052,visible_pixel_support,False,visible_candidate,line-simulation-a22-000063,,,,,
simulation-a22,0.22126691846961344,0.127459339457216,0.001434130905212494,0.010677917021926997,201,385.0,4.5,7,1.0180359581247558,visible_pixel_support,False,visible_candidate,line-simulation-a22-000064,,,,,
simulation-a22,0.22413518028003843,0.12508646900789888,0.001434130905212494,0.008305046572609887,202,386.0,3.5,6,0.2918525261720788,visible_pixel_support,False,visible_candidate,line-simulation-a22-000065,,,,,
simulation-a22,0.22700344209046341,0.12034072810926477,0.001434130905212494,0.009491481797268442,203,388.0,4.0,7,1.4382567137005253,visible_pixel_support,False,visible_candidate,line-simulation-a22-000066,,,,,
simulation-a22,0.2298717039008884,0.11796785765994766,0.001434130905212494,0.009491481797268442,204,389.0,4.0,5,2.1723941738734993,visible_pixel_support,False,visible_candidate,line-simulation-a22-000067,,,,,
simulation-a22,0.2327399657113134,0.11559498721063055,0.001434130905212494,0.0023728704493171104,205,390.0,1.0,3,2.9106622667273996,visible_pixel_support,False,visible_candidate,line-simulation-a22-000068,,,,,
simulation-a22,0.23560822752173838,0.11559498721063055,0.001434130905212605,0.0023728704493171104,206,390.0,1.0,2,2.6531634046427257,visible_pixel_support,False,visible_candidate,line-simulation-a22-000069,,,,,
simulation-a22,0.23847648933216348,0.11559498721063055,0.001434130905212494,0.0023728704493171104,207,390.0,1.0,2,2.3999999999999773,visible_pixel_support,False,visible_candidate,line-simulation-a22-000070,,,,,
simulation-a22,0.24134475114258847,0.11322211676131344,0.001434130905212494,0.0035593056739756657,208,391.0,1.5,4,3.1512744651797675,visible_pixel_support,False,visible_candidate,line-simulation-a22-000071,,,,,
simulation-a22,0.24421301295301345,0.11084924631199633,0.001434130905212494,0.0035593056739756657,209,392.0,1.5,4,3.907089212562596,visible_pixel_support,False,visible_candidate,line-simulation-a22-000072,,,,,
simulation-a22,0.24708127476343844,0.12034072810926477,0.001434130905212494,0.007118611347951331,210,388.0,3.0,5,0.3324533454710945,visible_pixel_support,False,visible_candidate,line-simulation-a22-000073,,,,,
simulation-a22,0.24994953657386343,0.11322211676131344,0.001434130905212494,0.004745740898634221,211,391.0,2.0,4,2.4327492034591955,visible_pixel_support,False,visible_candidate,line-simulation-a22-000074,,,,,
simulation-a22,0.2528177983842884,0.11084924631199633,0.001434130905212494,0.0011864352246585552,212,392.0,0.5,2,3.202799271734193,visible_pixel_support,False,visible_candidate,line-simulation-a22-000075,,,,,
simulation-a22,0.2556860601947134,0.10847637586267922,0.001434130905212494,0.0023728704493171104,213,393.0,1.0,3,3.977799271734227,visible_pixel_support,False,visible_candidate,line-simulation-a22-000076,,,,,
simulation-a22,0.2585543220051384,0.10847637586267922,0.001434130905212494,0.0023728704493171104,214,393.0,1.0,3,3.7578516158397406,visible_pixel_support,False,visible_candidate,line-simulation-a22-000077,,,,,
simulation-a22,0.2614225838155634,0.11084924631199633,0.001434130905212494,0.010677917021926886,215,392.0,4.5,5,2.54305871643146,visible_pixel_support,False,visible_candidate,line-simulation-a22-000078,,,,,
simulation-a22,0.26429084562598837,0.11322211676131344,0.001434130905212494,0.010677917021926886,216,391.0,4.5,5,1.3335229858898856,visible_pixel_support,False,visible_candidate,line-simulation-a22-000079,,,,,
simulation-a22,0.26715910743641336,0.11322211676131344,0.001434130905212494,0.004745740898634221,217,391.0,2.0,4,1.1293468365953458,visible_pixel_support,False,visible_candidate,line-simulation-a22-000080,,,,,
simulation-a22,0.27002736924683834,0.10847637586267922,0.001434130905212494,0.0035593056739756657,218,393.0,1.5,4,2.930632680928511,visible_pixel_support,False,visible_candidate,line-simulation-a22-000081,,,,,
simulation-a22,0.27289563105726333,0.10847637586267922,0.001434130905212494,0.008305046572609887,219,393.0,3.5,6,2.7374829312699376,visible_pixel_support,False,visible_candidate,line-simulation-a22-000082,,,,,
simulation-a22,0.2757638928676883,0.10847637586267922,0.001434130905212605,0.011864352246585552,220,393.0,5.0,9,2.5500000000000114,visible_pixel_support,False,visible_candidate,line-simulation-a22-000083,,,,,
simulation-a22,0.2786321546781134,0.11322211676131344,0.001434130905212494,0.018982963594536773,221,391.0,8.0,13,0.36828629949934566,visible_pixel_support,False,visible_candidate,line-simulation-a22-000084,,,,,
simulation-a22,0.2815004164885384,0.11322211676131344,0.001434130905212494,0.014237222695902552,222,391.0,6.0,7,0.19244424214838318,visible_pixel_support,False,visible_candidate,line-simulation-a22-000085,,,,,
simulation-a22,0.2843686782989634,0.11084924631199633,0.001434130905212494,0.021355834043853883,223,392.0,9.0,11,1.0225762403277372,visible_pixel_support,False,visible_candidate,line-simulation-a22-000086,,,,,
simulation-a22,0.2872369401093884,0.11084924631199633,0.001434130905212494,0.016610093145219662,224,392.0,7.0,11,0.8587847064178504,visible_pixel_support,False,visible_candidate,line-simulation-a22-000087,,,,,
simulation-a22,0.29010520191981337,0.10847637586267922,0.001434130905212494,0.013050787471243996,225,393.0,5.5,11,1.7011720527992793,visible_pixel_support,False,visible_candidate,line-simulation-a22-000088,,,,,
simulation-a22,0.29297346373023836,0.11084924631199633,0.001434130905212494,0.016610093145219662,226,392.0,7.0,15,0.5498406918525234,visible_pixel_support,False,visible_candidate,line-simulation-a22-000089,,,,,
simulation-a22,0.29584172554066335,0.11084924631199633,0.001434130905212494,0.015423657920561107,227,392.0,6.5,14,0.4048930359581391,visible_pixel_support,False,visible_candidate,line-simulation-a22-000090,,,,,
simulation-a22,0.29870998735108834,0.103730634964045,0.001434130905212494,0.014237222695902663,228,395.0,6.0,8,3.266431497496626,visible_pixel_support,False,visible_candidate,line-simulation-a22-000091,,,,,
simulation-a22,0.3015782491615133,0.11559498721063055,0.001434130905212494,0.013050787471243996,229,390.0,5.5,6,1.86544151115163,visible_pixel_support,False,visible_candidate,line-simulation-a22-000092,,,,,
simulation-a22,0.3044465109719383,0.11322211676131344,0.001434130905212494,0.010677917021926886,230,391.0,4.5,6,0.9906235776057883,visible_pixel_support,False,visible_candidate,line-simulation-a22-000093,,,,,
simulation-a22,0.3073147727823633,0.10847637586267922,0.001434130905212494,0.016610093145219662,231,393.0,7.0,10,0.8909877105143096,visible_pixel_support,False,visible_candidate,line-simulation-a22-000094,,,,,
simulation-a22,0.3101830345927883,0.103730634964045,0.001434130905212494,0.015423657920561218,232,395.0,6.5,5,2.7794947655894475,visible_pixel_support,False,visible_candidate,line-simulation-a22-000095,,,,,
simulation-a22,0.3130512964032133,0.101357764514728,0.001434130905212494,0.015423657920561218,233,396.0,6.5,4,3.6750000000000114,visible_pixel_support,False,visible_candidate,line-simulation-a22-000096,,,,,
simulation-a22,0.31591955821363826,0.101357764514728,0.001434130905212494,0.015423657920561218,234,396.0,6.5,4,3.5776058261265007,visible_pixel_support,False,visible_candidate,line-simulation-a22-000097,,,,,
simulation-a22,0.31878782002406336,0.101357764514728,0.001434130905212605,0.0023728704493171104,235,396.0,1.0,3,3.4874146563495856,visible_pixel_support,False,visible_candidate,line-simulation-a22-000098,,,,,
simulation-a22,0.32165608183448835,0.103730634964045,0.001434130905212494,0.009491481797268442,236,395.0,4.0,4,2.404528903049595,visible_pixel_support,False,visible_candidate,line-simulation-a22-000099,,,,,
simulation-a22,0.32452434364491334,0.103730634964045,0.001434130905212494,0.015423657920561218,237,395.0,6.5,3,2.3290509786071993,visible_pixel_support,False,visible_candidate,line-simulation-a22-000100,,,,,
simulation-a22,0.3273926054553383,0.101357764514728,0.001434130905212494,0.015423657920561218,238,396.0,6.5,4,3.261083295402841,visible_pixel_support,False,visible_candidate,line-simulation-a22-000101,,,,,
simulation-a22,0.3302608672657633,0.101357764514728,0.001434130905212494,0.014237222695902663,239,396.0,6.0,4,3.2007282658170197,visible_pixel_support,False,visible_candidate,line-simulation-a22-000102,,,,,
simulation-a22,0.3331291290761883,0.103730634964045,0.001434130905212494,0.014237222695902663,240,395.0,6.0,5,2.1480883022303487,visible_pixel_support,False,visible_candidate,line-simulation-a22-000103,,,,,
simulation-a22,0.3359973908866133,0.103730634964045,0.001434130905212494,0.014237222695902663,241,395.0,6.0,5,2.103265817023214,visible_pixel_support,False,visible_candidate,line-simulation-a22-000104,,,,,
simulation-a22,0.3388656526970383,0.101357764514728,0.001434130905212494,0.014237222695902663,242,396.0,6.0,4,3.0663632225762285,visible_pixel_support,False,visible_candidate,line-simulation-a22-000105,,,,,
simulation-a22,0.34173391450746327,0.09898489406541089,0.001434130905212494,0.014237222695902552,243,397.0,6.0,3,4.037482931269892,visible_pixel_support,False,visible_candidate,line-simulation-a22-000106,,,,,
simulation-a22,0.34460217631788825,0.12508646900789888,0.001434130905212494,0.0011864352246585552,244,386.0,0.5,1,6.983272644515239,visible_pixel_support,False,visible_candidate,line-simulation-a22-000107,,,,,
simulation-a22,0.35033869993873823,0.09661202361609378,0.001434130905212494,0.014237222695902552,246,398.0,6.0,3,5.0,visible_pixel_support,True,visible_candidate,line-simulation-a22-000108,,,,,
simulation-a22,0.3532069617491632,0.10847637586267922,0.001434130905212494,0.013050787471243996,247,393.0,5.5,4,0.0034923831751143553,visible_pixel_support,False,visible_candidate,line-simulation-a22-000109,,,,,
simulation-a22,0.3560752235595882,0.10610350541336211,0.001434130905212494,0.005932176123292776,248,394.0,2.5,4,1.0139208763555416,visible_pixel_support,False,visible_candidate,line-simulation-a22-000110,,,,,
simulation-a22,0.3589434853700133,0.10610350541336211,0.001434130905212605,0.015423657920561107,249,394.0,6.5,8,1.0312124950237944,visible_pixel_support,False,visible_candidate,line-simulation-a22-000111,,,,,
simulation-a22,0.3618117471804383,0.10610350541336211,0.001434130905212494,0.011864352246585552,250,394.0,5.0,7,1.0552942546624422,visible_pixel_support,False,visible_candidate,line-simulation-a22-000112,,,,,
simulation-a22,0.3646800089908633,0.10610350541336211,0.001434130905212494,0.011864352246585552,251,394.0,5.0,9,1.0860931707539976,visible_pixel_support,False,visible_candidate,line-simulation-a22-000113,,,,,
simulation-a22,0.36754827080128827,0.10610350541336211,0.001434130905212494,0.011864352246585552,252,394.0,5.0,11,1.1235362587810869,visible_pixel_support,False,visible_candidate,line-simulation-a22-000114,,,,,
simulation-a22,0.37041653261171326,0.10610350541336211,0.001434130905212494,0.018982963594536773,253,394.0,8.0,12,1.1675505342262795,visible_pixel_support,False,visible_candidate,line-simulation-a22-000115,,,,,
simulation-a22,0.37328479442213824,0.10610350541336211,0.001434130905212494,0.017796528369878217,254,394.0,7.5,10,1.2180630125720313,visible_pixel_support,False,visible_candidate,line-simulation-a22-000116,,,,,
simulation-a22,0.37615305623256323,0.10610350541336211,0.001434130905212494,0.017796528369878217,255,394.0,7.5,10,1.2750007093009117,visible_pixel_support,False,visible_candidate,line-simulation-a22-000117,,,,,
simulation-a22,0.3790213180429882,0.10610350541336211,0.001434130905212494,0.018982963594536773,256,394.0,8.0,11,1.338290639895547,visible_pixel_support,False,visible_candidate,line-simulation-a22-000118,,,,,
simulation-a22,0.3818895798534132,0.10610350541336211,0.001434130905212494,0.018982963594536773,257,394.0,8.0,10,1.407859819838393,visible_pixel_support,False,visible_candidate,line-simulation-a22-000119,,,,,
simulation-a22,0.3847578416638382,0.10847637586267922,0.001434130905212494,0.013050787471243996,258,393.0,5.5,10,0.4836352646122464,visible_pixel_support,False,visible_candidate,line-simulation-a22-000120,,,,,
simulation-a22,0.3876261034742632,0.10847637586267922,0.001434130905212494,0.013050787471243996,259,393.0,5.5,9,0.565543989699222,visible_pixel_support,False,visible_candidate,line-simulation-a22-000121,,,,,
simulation-a22,0.39049436528468817,0.103730634964045,0.001434130905212494,0.010677917021926997,260,395.0,4.5,8,2.6535130105822304,visible_pixel_support,False,visible_candidate,line-simulation-a22-000122,,,,,
simulation-a22,0.39336262709511316,0.103730634964045,0.001434130905212494,0.015423657920561218,261,395.0,6.5,4,2.747469342743784,visible_pixel_support,False,visible_candidate,line-simulation-a22-000123,,,,,
simulation-a22,0.39623088890553815,0.101357764514728,0.001434130905212494,0.016610093145219662,262,396.0,7.0,4,3.847340001666339,visible_pixel_support,False,visible_candidate,line-simulation-a22-000124,,,,,
simulation-a22,0.39909915071596314,0.101357764514728,0.001434130905212605,0.015423657920561218,263,396.0,6.5,3,3.9530520028324645,visible_pixel_support,False,visible_candidate,line-simulation-a22-000125,,,,,
simulation-a22,0.40196741252638823,0.101357764514728,0.001434130905212494,0.014237222695902663,264,396.0,6.0,3,4.06453236172473,visible_pixel_support,False,visible_candidate,line-simulation-a22-000126,,,,,
simulation-a22,0.4048356743368132,0.101357764514728,0.001434130905212494,0.014237222695902663,265,396.0,6.0,3,4.181708093825705,visible_pixel_support,False,visible_candidate,line-simulation-a22-000127,,,,,
simulation-a22,0.4077039361472382,0.101357764514728,0.001434130905212494,0.015423657920561218,266,396.0,6.5,4,4.304506214617902,visible_pixel_support,False,visible_candidate,line-simulation-a22-000128,,,,,
simulation-a22,0.4105721979576632,0.103730634964045,0.001434130905212494,0.015423657920561218,267,395.0,6.5,5,3.432853739583834,visible_pixel_support,False,visible_candidate,line-simulation-a22-000129,,,,,
simulation-a22,0.4134404597680882,0.11796785765994766,0.001434130905212494,0.015423657920561107,268,389.0,6.5,6,2.4333223157937596,visible_pixel_support,False,visible_candidate,line-simulation-a22-000130,,,,,
simulation-a22,0.4163087215785132,0.11796785765994766,0.001434130905212494,0.015423657920561107,269,389.0,6.5,6,2.2940949360324794,visible_pixel_support,False,visible_candidate,line-simulation-a22-000131,,,,,
simulation-a22,0.41917698338893816,0.103730634964045,0.001434130905212494,0.015423657920561218,270,395.0,6.5,5,3.850462894350187,visible_pixel_support,False,visible_candidate,line-simulation-a22-000132,,,,,
simulation-a22,0.42204524519936315,0.101357764514728,0.001434130905212494,0.0023728704493171104,271,396.0,1.0,3,5.00027819083698,visible_pixel_support,False,visible_candidate,line-simulation-a22-000133,,,,,
simulation-a22,0.42491350700978814,0.103730634964045,0.001434130905212494,0.015423657920561218,272,395.0,6.5,5,4.155277968910298,visible_pixel_support,False,visible_candidate,line-simulation-a22-000134,,,,,
simulation-a22,0.4277817688202131,0.11559498721063055,0.001434130905212494,0.014237222695902552,273,390.0,6.0,4,0.6846107559472898,visible_pixel_support,False,visible_candidate,line-simulation-a22-000135,,,,,
simulation-a22,0.4306500306306381,0.101357764514728,0.001434130905212494,0.0011864352246585552,274,396.0,0.5,1,5.480539031746844,visible_pixel_support,False,visible_candidate,line-simulation-a22-000136,,,,,
simulation-a22,0.4335182924410631,0.11322211676131344,0.001434130905212494,0.004745740898634221,275,391.0,2.0,3,0.6506543474752107,visible_pixel_support,False,visible_candidate,line-simulation-a22-000137,,,,,
simulation-a22,0.4363865542514881,0.11322211676131344,0.001434130905212494,0.013050787471243996,276,391.0,5.5,5,0.8256622067203239,visible_pixel_support,False,visible_candidate,line-simulation-a22-000138,,,,,
simulation-a22,0.4392548160619131,0.11084924631199633,0.001434130905212605,0.014237222695902552,277,392.0,6.0,6,2.0054896249648095,visible_pixel_support,False,visible_candidate,line-simulation-a22-000139,,,,,
simulation-a22,0.4421230778723382,0.11796785765994766,0.001434130905212494,0.014237222695902663,278,389.0,6.0,5,0.8099363823088765,visible_pixel_support,False,visible_candidate,line-simulation-a22-000140,,,,,
simulation-a22,0.44499133968276317,0.11796785765994766,0.001434130905212494,0.013050787471244107,279,389.0,5.5,6,0.6206887996180512,visible_pixel_support,False,visible_candidate,line-simulation-a22-000141,,,,,
simulation-a22,0.44785960149318815,0.11796785765994766,0.001434130905212494,0.015423657920561107,280,389.0,6.5,9,0.4268406114803156,visible_pixel_support,False,visible_candidate,line-simulation-a22-000142,,,,,
simulation-a22,0.45072786330361314,0.11559498721063055,0.001434130905212494,0.017796528369878217,281,390.0,7.5,12,0.7715351975870135,visible_pixel_support,False,visible_candidate,line-simulation-a22-000143,,,,,
simulation-a22,0.45359612511403813,0.11559498721063055,0.001434130905212494,0.017796528369878217,282,390.0,7.5,11,0.9743656430665055,visible_pixel_support,False,visible_candidate,line-simulation-a22-000144,,,,,
simulation-a22,0.4564643869244631,0.11559498721063055,0.001434130905212494,0.014237222695902552,283,390.0,6.0,9,1.1815777404406163,visible_pixel_support,False,visible_candidate,line-simulation-a22-000145,,,,,
simulation-a22,0.4593326487348881,0.11559498721063055,0.001434130905212494,0.013050787471243996,284,390.0,5.5,8,1.3930985051918583,visible_pixel_support,False,visible_candidate,line-simulation-a22-000146,,,,,
simulation-a22,0.4622009105453131,0.11796785765994766,0.001434130905212494,0.011864352246585552,285,389.0,5.0,9,0.6088549528029148,visible_pixel_support,False,visible_candidate,line-simulation-a22-000147,,,,,
simulation-a22,0.4650691723557381,0.11796785765994766,0.001434130905212494,0.013050787471244107,286,389.0,5.5,10,0.8287740987563552,visible_pixel_support,False,visible_candidate,line-simulation-a22-000148,,,,,
simulation-a22,0.46793743416616307,0.11796785765994766,0.001434130905212494,0.011864352246585552,287,389.0,5.0,8,1.0527829585346353,visible_pixel_support,False,visible_candidate,line-simulation-a22-000149,,,,,
simulation-a22,0.47080569597658806,0.12034072810926477,0.001434130905212494,0.013050787471244107,288,388.0,5.5,6,0.28080854762026775,visible_pixel_support,False,visible_candidate,line-simulation-a22-000150,,,,,
simulation-a22,0.47367395778701304,0.12034072810926477,0.001434130905212494,0.010677917021926997,289,388.0,4.5,8,0.5127778814959356,visible_pixel_support,False,visible_candidate,line-simulation-a22-000151,,,,,
simulation-a22,0.47654221959743803,0.12034072810926477,0.001434130905212494,0.008305046572609887,290,388.0,3.5,8,0.7486179756440947,visible_pixel_support,False,visible_candidate,line-simulation-a22-000152,,,,,
simulation-a22,0.479410481407863,0.12271359855858177,0.001434130905212494,0.007118611347951331,291,387.0,3.0,6,0.011744154452628663,visible_pixel_support,False,visible_candidate,line-simulation-a22-000153,,,,,
simulation-a22,0.4822787432182881,0.12034072810926477,0.001434130905212605,0.008305046572609887,292,388.0,3.5,7,1.231618506688278,visible_pixel_support,False,visible_candidate,line-simulation-a22-000154,,,,,
simulation-a22,0.4851470050287131,0.12508646900789888,0.001434130905212494,0.007118611347951331,293,386.0,3.0,5,0.5213670254506155,visible_pixel_support,False,visible_candidate,line-simulation-a22-000155,,,,,
simulation-a22,0.4880152668391381,0.12508646900789888,0.001434130905212494,0.004745740898634221,294,386.0,2.0,4,0.27077373538679694,visible_pixel_support,False,visible_candidate,line-simulation-a22-000156,,,,,
simulation-a22,0.4908835286495631,0.12508646900789888,0.001434130905212494,0.0011864352246585552,295,386.0,0.5,2,0.016674607637639838,visible_pixel_support,False,visible_candidate,line-simulation-a22-000157,,,,,
simulation-a22,0.49375179045998807,0.127459339457216,0.001434130905212494,0.004745740898634221,296,385.0,2.0,4,0.7591426267206884,visible_pixel_support,False,visible_candidate,line-simulation-a22-000158,,,,,
simulation-a22,0.49662005227041306,0.1298322099065331,0.001434130905212494,0.004745740898634221,297,384.0,2.0,3,1.4982507771533164,visible_pixel_support,False,visible_candidate,line-simulation-a22-000159,,,,,
simulation-a22,0.49948831408083805,0.1298322099065331,0.001434130905212494,0.005932176123292776,298,384.0,2.5,5,1.2340720434529544,visible_pixel_support,False,visible_candidate,line-simulation-a22-000160,,,,,
simulation-a22,0.502356575891263,0.1322050803558502,0.001434130905212494,0.005932176123292776,299,383.0,2.5,4,1.9666794101370897,visible_pixel_support,False,visible_candidate,line-simulation-a22-000161,,,,,
simulation-a22,0.505224837701688,0.13457795080516732,0.001434130905212494,0.005932176123292776,300,382.0,2.5,6,2.696145861723153,visible_pixel_support,False,visible_candidate,line-simulation-a22-000162,,,,,
simulation-a22,0.508093099512113,0.13457795080516732,0.001434130905212494,0.014237222695902552,301,382.0,6.0,6,2.4225443827285744,visible_pixel_support,False,visible_candidate,line-simulation-a22-000163,,,,,
simulation-a22,0.510961361322538,0.14169656215311854,0.001434130905212494,0.004745740898634221,302,379.0,2.0,5,5.145947957670899,visible_pixel_support,False,visible_candidate,line-simulation-a22-000164,,,,,
simulation-a22,0.513829623132963,0.13457795080516732,0.001434130905212494,0.009491481797268442,303,382.0,4.0,7,1.8664295710673855,visible_pixel_support,False,visible_candidate,line-simulation-a22-000165,,,,,
simulation-a22,0.516697884943388,0.13457795080516732,0.001434130905212494,0.009491481797268442,304,382.0,4.0,6,1.5840622074357498,visible_pixel_support,False,visible_candidate,line-simulation-a22-000166,,,,,
simulation-a22,0.519566146753813,0.1322050803558502,0.001434130905212494,0.010677917021926997,305,383.0,4.5,5,0.2989188512931378,visible_pixel_support,False,visible_candidate,line-simulation-a22-000167,,,,,
simulation-a22,0.5224344085642381,0.14881517350106988,0.001434130905212605,0.0011864352246585552,306,376.0,0.5,2,7.011072487157207,visible_pixel_support,False,visible_candidate,line-simulation-a22-000168,,,,,
simulation-a22,0.525302670374663,0.15118804395038699,0.001434130905212494,0.0011864352246585552,307,375.0,0.5,1,7.720596099545389,visible_pixel_support,False,visible_candidate,line-simulation-a22-000169,,,,,
simulation-a22,0.528170932185088,0.13457795080516732,0.001434130905212494,0.011864352246585552,308,382.0,5.0,4,0.427562672975057,visible_pixel_support,False,visible_candidate,line-simulation-a22-000170,,,,,
simulation-a22,0.531039193995513,0.14644230305175276,0.001434130905212494,0.004745740898634221,309,377.0,2.0,4,5.132045191963641,visible_pixel_support,False,visible_candidate,line-simulation-a22-000171,,,,,
simulation-a22,0.533907455805938,0.14644230305175276,0.001434130905212494,0.005932176123292776,310,377.0,2.5,5,4.834116641028572,visible_pixel_support,False,visible_candidate,line-simulation-a22-000172,,,,,
simulation-a22,0.536775717616363,0.14881517350106988,0.001434130905212494,0.005932176123292776,311,376.0,2.5,6,5.533850004687508,visible_pixel_support,False,visible_candidate,line-simulation-a22-000173,,,,,
simulation-a22,0.539643979426788,0.14406943260243565,0.001434130905212494,0.008305046572609887,312,378.0,3.5,6,3.2313182674575955,visible_pixel_support,False,visible_candidate,line-simulation-a22-000174,,,,,
simulation-a22,0.542512241237213,0.14406943260243565,0.001434130905212494,0.009491481797268442,313,378.0,4.0,9,2.926594413856435,visible_pixel_support,False,visible_candidate,line-simulation-a22-000175,,,,,
simulation-a22,0.545380503047638,0.14406943260243565,0.001434130905212494,0.009491481797268442,314,378.0,4.0,9,2.619751428401514,visible_pixel_support,False,visible_candidate,line-simulation-a22-000176,,,,,
simulation-a22,0.548248764858063,0.14406943260243565,0.001434130905212494,0.009491481797268442,315,378.0,4.0,9,2.3108622956102067,visible_pixel_support,False,visible_candidate,line-simulation-a22-000177,,,,,
simulation-a22,0.5511170266684879,0.14169656215311854,0.001434130905212494,0.010677917021926997,316,379.0,4.5,7,1.0,visible_pixel_support,False,visible_candidate,line-simulation-a22-000178,,,,,
simulation-a22,0.5539852884789129,0.1559337848490212,0.001434130905212494,0.004745740898634221,317,373.0,2.0,5,6.683984796372556,visible_pixel_support,False,visible_candidate,line-simulation-a22-000179,,,,,
simulation-a22,0.5568535502893379,0.127459339457216,0.001434130905212494,0.017796528369878217,318,385.0,7.5,4,5.6409271744751095,visible_pixel_support,False,visible_candidate,line-simulation-a22-000180,,,,,
simulation-a22,0.5625900739101879,0.16542526664628954,0.001434130905212605,0.0011864352246585552,320,369.0,0.5,1,9.679465836209943,visible_pixel_support,True,visible_candidate,line-simulation-a22-000181,,,,,
simulation-a22,0.565458335720613,0.16542526664628954,0.001434130905212494,0.0011864352246585552,321,369.0,0.5,1,9.323224444763298,visible_pixel_support,False,visible_candidate,line-simulation-a22-000182,,,,,
simulation-a22,0.568326597531038,0.16542526664628954,0.001434130905212494,0.0011864352246585552,322,369.0,0.5,2,8.954993540137707,visible_pixel_support,False,visible_candidate,line-simulation-a22-000183,,,,,
simulation-a22,0.571194859341463,0.14169656215311854,0.001434130905212494,0.020169398819195328,323,379.0,8.5,4,1.4260000641566535,visible_pixel_support,False,visible_candidate,line-simulation-a22-000184,,,,,
simulation-a22,0.574063121151888,0.14169656215311854,0.001434130905212494,0.013050787471244107,324,379.0,5.5,2,1.8205295546094362,visible_pixel_support,False,visible_candidate,line-simulation-a22-000185,,,,,
simulation-a22,0.5769313829623129,0.16779813709560665,0.001434130905212494,0.0011864352246585552,325,368.0,0.5,2,8.770631882289706,visible_pixel_support,False,visible_candidate,line-simulation-a22-000186,,,,,
simulation-a22,0.5797996447727379,0.14406943260243565,0.001434130905212494,0.014237222695902552,326,378.0,6.0,4,1.6532889399489363,visible_pixel_support,False,visible_candidate,line-simulation-a22-000187,,,,,
simulation-a22,0.5826679065831629,0.17017100754492376,0.001434130905212494,0.0011864352246585552,327,367.0,0.5,2,8.906934792184927,visible_pixel_support,False,visible_candidate,line-simulation-a22-000188,,,,,
simulation-a22,0.5855361683935879,0.14644230305175276,0.001434130905212494,0.013050787471243996,328,377.0,5.5,3,1.5494701077983564,visible_pixel_support,False,visible_candidate,line-simulation-a22-000189,,,,,
simulation-a22,0.5884044302040129,0.14644230305175276,0.001434130905212494,0.021355834043853883,329,377.0,9.0,6,2.0232768263884395,visible_pixel_support,False,visible_candidate,line-simulation-a22-000190,,,,,
simulation-a22,0.5912726920144379,0.14881517350106988,0.001434130905212494,0.014237222695902552,330,376.0,6.0,5,1.5152585500751456,visible_pixel_support,False,visible_candidate,line-simulation-a22-000191,,,,,
simulation-a22,0.5941409538248629,0.14881517350106988,0.001434130905212494,0.014237222695902552,331,376.0,6.0,4,2.0261884653480706,visible_pixel_support,False,visible_candidate,line-simulation-a22-000192,,,,,
simulation-a22,0.5970092156352879,0.17254387799424087,0.001434130905212494,0.021355834043853883,332,366.0,9.0,4,7.443160241303133,visible_pixel_support,False,visible_candidate,line-simulation-a22-000193,,,,,
simulation-a22,0.5998774774457128,0.15118804395038699,0.001434130905212494,0.014237222695902552,333,375.0,6.0,5,2.1079856166113586,visible_pixel_support,False,visible_candidate,line-simulation-a22-000194,,,,,
simulation-a22,0.6027457392561378,0.1535609143997041,0.001434130905212605,0.013050787471244107,334,374.0,5.5,4,1.6803992255811409,visible_pixel_support,False,visible_candidate,line-simulation-a22-000195,,,,,
simulation-a22,0.6056140010665629,0.1535609143997041,0.001434130905212494,0.014237222695902663,335,374.0,6.0,5,2.2748537720959234,visible_pixel_support,False,visible_candidate,line-simulation-a22-000196,,,,,
simulation-a22,0.6084822628769879,0.1559337848490212,0.001434130905212494,0.020169398819195328,336,373.0,8.5,6,1.8921224426453591,visible_pixel_support,False,visible_candidate,line-simulation-a22-000197,,,,,
simulation-a22,0.6113505246874129,0.1583066552983382,0.001434130905212494,0.021355834043853883,337,372.0,9.0,8,1.5329784237191575,visible_pixel_support,False,visible_candidate,line-simulation-a22-000198,,,,,
simulation-a22,0.6142187864978379,0.17491674844355787,0.001434130905212494,0.007118611347951331,338,365.0,3.0,7,4.801805098192858,visible_pixel_support,False,visible_candidate,line-simulation-a22-000199,,,,,
simulation-a22,0.6170870483082629,0.17491674844355787,0.001434130905212494,0.007118611347951331,339,365.0,3.0,7,4.1114549366012625,visible_pixel_support,False,visible_candidate,line-simulation-a22-000200,,,,,
simulation-a22,0.6199553101186879,0.17254387799424087,0.001434130905212494,0.020169398819195328,340,366.0,8.5,10,2.3951979050161185,visible_pixel_support,False,visible_candidate,line-simulation-a22-000201,,,,,
simulation-a22,0.6228235719291129,0.17491674844355787,0.001434130905212494,0.010677917021926997,341,365.0,4.5,10,2.652260816947887,visible_pixel_support,False,visible_candidate,line-simulation-a22-000202,,,,,
simulation-a22,0.6256918337395379,0.17728961889287498,0.001434130905212494,0.010677917021926997,342,364.0,4.5,10,2.881870485906745,visible_pixel_support,False,visible_candidate,line-simulation-a22-000203,,,,,
simulation-a22,0.6285600955499628,0.1796624893421921,0.001434130905212494,0.009491481797268442,343,363.0,4.0,9,3.0832537254032104,visible_pixel_support,False,visible_candidate,line-simulation-a22-000204,,,,,
simulation-a22,0.6314283573603878,0.1796624893421921,0.001434130905212494,0.017796528369878217,344,363.0,7.5,9,2.255637348947346,visible_pixel_support,False,visible_candidate,line-simulation-a22-000205,,,,,
simulation-a22,0.6342966191708128,0.1820353597915092,0.001434130905212494,0.017796528369878217,345,362.0,7.5,11,2.3982481700496123,visible_pixel_support,False,visible_candidate,line-simulation-a22-000206,,,,,
simulation-a22,0.6371648809812378,0.1820353597915092,0.001434130905212494,0.010677917021926886,346,362.0,4.5,6,1.5103130022203004,visible_pixel_support,False,visible_candidate,line-simulation-a22-000207,,,,,
simulation-a22,0.6400331427916628,0.20339119383536308,0.001434130905212494,0.0011864352246585552,347,353.0,0.5,1,9.591058658969757,visible_pixel_support,False,visible_candidate,line-simulation-a22-000208,,,,,
simulation-a22,0.6429014046020878,0.2057640642846802,0.001434130905212605,0.0011864352246585552,348,352.0,0.5,1,9.639711953808103,visible_pixel_support,False,visible_candidate,line-simulation-a22-000209,,,,,
simulation-a22,0.6486379282229378,0.17017100754492376,0.001434130905212605,0.0011864352246585552,350,367.0,0.5,1,7.362351288206639,visible_pixel_support,True,visible_candidate,line-simulation-a22-000210,,,,,
simulation-a22,0.6515061900333627,0.17254387799424087,0.001434130905212605,0.0011864352246585552,351,366.0,0.5,2,7.414614198039317,visible_pixel_support,False,visible_candidate,line-simulation-a22-000211,,,,,
simulation-a22,0.6543744518437877,0.17254387799424087,0.001434130905212605,0.0011864352246585552,352,366.0,0.5,2,8.502062215741716,visible_pixel_support,False,visible_candidate,line-simulation-a22-000212,,,,,
simulation-a22,0.6572427136542127,0.17254387799424087,0.001434130905212605,0.0011864352246585552,353,366.0,0.5,1,9.625468527803491,visible_pixel_support,False,visible_candidate,line-simulation-a22-000213,,,,,
simulation-a22,0.6916618553793128,0.27220443686555884,0.001434130905212605,0.0011864352246585552,365,324.0,0.5,1,9.623501980822198,visible_pixel_support,True,visible_candidate,line-simulation-a22-000214,,,,,
simulation-a22,0.6945301171897378,0.27457730731487595,0.001434130905212605,0.004745740898634221,366,323.0,2.0,2,5.809817465207345,visible_pixel_support,False,visible_candidate,line-simulation-a22-000215,,,,,
simulation-a22,0.6973983790001628,0.27695017776419306,0.001434130905212605,0.010677917021926997,367,322.0,4.5,7,1.4632526414267204,visible_pixel_support,False,visible_candidate,line-simulation-a22-000216,,,,,
simulation-a22,0.7002666408105878,0.2888145300107785,0.001434130905212605,0.014237222695902552,368,317.0,6.0,10,0.6612793575615115,visible_pixel_support,False,visible_candidate,line-simulation-a22-000217,,,,,
simulation-a22,0.7031349026210127,0.29830601180804694,0.001434130905212605,0.009491481797268442,369,313.0,4.0,9,1.5186305383072636,visible_pixel_support,False,visible_candidate,line-simulation-a22-000218,,,,,
simulation-a22,0.7060031644314377,0.30067888225736394,0.001434130905212605,0.004745740898634221,370,312.0,2.0,5,6.999005198098416,visible_pixel_support,False,visible_candidate,line-simulation-a22-000219,,,,,
simulation-a22,0.7633684006399377,0.547457408986342,0.001434130905212605,0.004745740898634221,390,208.0,2.0,5,5.586933774846216,visible_pixel_support,True,visible_candidate,line-simulation-a22-000220,,,,,
simulation-a22,0.7662366624503627,0.547457408986342,0.001434130905212605,0.0011864352246586662,391,208.0,0.5,1,9.018776110854958,visible_pixel_support,False,visible_candidate,line-simulation-a22-000221,,,,,
simulation-a22,0.7691049242607877,0.5759318543781471,0.001434130905212605,0.007118611347951331,392,196.0,3.0,5,0.3267929537840928,visible_pixel_support,False,visible_candidate,line-simulation-a22-000222,,,,,
simulation-a22,0.7719731860712127,0.5806775952767813,0.001434130905212605,0.005932176123292776,393,194.0,2.5,6,1.491604948099507,visible_pixel_support,False,visible_candidate,line-simulation-a22-000223,,,,,
simulation-a22,0.7748414478816377,0.5901690770740496,0.001434130905212605,0.0011864352246585552,394,190.0,0.5,1,0.49383273826708773,visible_pixel_support,False,visible_candidate,line-simulation-a22-000224,,,,,
simulation-a22,0.7777097096920627,0.6162706520165377,0.001434130905212605,0.0023728704493171104,395,179.0,1.0,3,7.685903031247193,visible_pixel_support,False,visible_candidate,line-simulation-a22-000225,,,,,
simulation-a22,0.7805779715024876,0.6186435224658549,0.001434130905212605,0.004745740898634221,396,178.0,2.0,5,6.066981715977477,visible_pixel_support,False,visible_candidate,line-simulation-a22-000226,,,,,
simulation-a22,0.7834462333129126,0.621016392915172,0.001434130905212605,0.007118611347951331,397,177.0,3.0,7,4.6687826714577625,visible_pixel_support,False,visible_candidate,line-simulation-a22-000227,,,,,
simulation-a22,0.7863144951233376,0.6281350042631232,0.001434130905212605,0.022542269268512438,398,174.0,9.5,5,5.510685253222306,visible_pixel_support,False,visible_candidate,line-simulation-a22-000228,,,,,
simulation-a22,0.7891827569337626,0.6233892633644891,0.001434130905212605,0.009491481797268442,399,176.0,4.0,3,1.6120688168050208,visible_pixel_support,False,visible_candidate,line-simulation-a22-000229,,,,,
simulation-a22,0.7920510187441876,0.621016392915172,0.001434130905212605,0.008305046572609887,400,177.0,3.5,8,1.0076872822599228,visible_pixel_support,False,visible_candidate,line-simulation-a22-000230,,,,,
simulation-a22,0.7949192805546126,0.6257621338138061,0.001434130905212605,0.010677917021926997,401,175.0,4.5,10,0.329203688438497,visible_pixel_support,False,visible_candidate,line-simulation-a22-000231,,,,,
simulation-a22,0.7977875423650376,0.6281350042631232,0.001434130905212605,0.00711861134795122,402,174.0,3.0,5,0.33310104619656045,visible_pixel_support,False,visible_candidate,line-simulation-a22-000232,,,,,
simulation-a22,0.8006558041754626,0.6328807451617574,0.001434130905212605,0.004745740898634221,403,172.0,2.0,5,1.0,visible_pixel_support,False,visible_candidate,line-simulation-a22-000233,,,,,
simulation-a22,0.8379432077109876,0.6589823201042455,0.001434130905212605,0.0011864352246586662,416,161.0,0.5,2,8.025680366643599,visible_pixel_support,True,visible_candidate,line-simulation-a22-000234,,,,,
simulation-a22,0.8408114695214126,0.6542365792056113,0.001434130905212605,0.0011864352246586662,417,163.0,0.5,1,6.0,visible_pixel_support,False,visible_candidate,line-simulation-a22-000235,,,,,
simulation-a22,0.8465479931422626,0.6399993565097086,0.001434130905212605,0.0011864352246586662,419,169.0,0.5,1,1.054240493696284,visible_pixel_support,True,visible_candidate,line-simulation-a22-000236,,,,,
simulation-a22,0.8494162549526876,0.6376264860603915,0.001434130905212605,0.0011864352246586662,420,170.0,0.5,2,1.3191624701829028,visible_pixel_support,False,visible_candidate,line-simulation-a22-000237,,,,,
simulation-a22,0.8522845167631126,0.6376264860603915,0.001434130905212605,0.0011864352246586662,421,170.0,0.5,1,3.028949030309576,visible_pixel_support,False,visible_candidate,line-simulation-a22-000238,,,,,
simulation-a22,0.8551527785735376,0.6257621338138061,0.001434130905212605,0.010677917021926997,422,175.0,4.5,8,0.14834774698721276,visible_pixel_support,False,visible_candidate,line-simulation-a22-000239,,,,,
simulation-a22,0.8580210403839625,0.6138977815672206,0.001434130905212605,0.009491481797268442,423,180.0,4.0,4,2.357893806873392,visible_pixel_support,False,visible_candidate,line-simulation-a22-000240,,,,,
simulation-a22,0.8608893021943875,0.5925419475233668,0.001434130905212605,0.022542269268512438,424,189.0,9.5,3,8.525028058361414,visible_pixel_support,False,visible_candidate,line-simulation-a22-000241,,,,,
simulation-a22,0.8637575640048125,0.5901690770740496,0.001434130905212605,0.021355834043853883,425,190.0,9.0,4,6.388307434565917,visible_pixel_support,False,visible_candidate,line-simulation-a22-000242,,,,,
simulation-a22,0.8666258258152375,0.5759318543781471,0.001434130905212605,0.0011864352246585552,426,196.0,0.5,2,8.982984362576218,visible_pixel_support,False,visible_candidate,line-simulation-a22-000243,,,,,
simulation-a22,0.8723623494360875,0.6020334293206351,0.001434130905212605,0.0011864352246586662,428,185.0,0.5,1,9.492459417629476,visible_pixel_support,True,visible_candidate,line-simulation-a22-000244,,,,,
simulation-a22,0.8780988730569375,0.5759318543781471,0.001434130905212605,0.0011864352246585552,430,196.0,0.5,1,6.619283865542371,visible_pixel_support,True,visible_candidate,line-simulation-a22-000245,,,,,
simulation-a22,0.8867036584882124,0.5355930567397564,0.001434130905212605,0.0023728704493171104,433,213.0,1.0,3,2.413941815302337,visible_pixel_support,True,visible_candidate,line-simulation-a22-000246,,,,,
simulation-a22,0.8895719202986374,0.5118643522465856,0.001434130905212605,0.0011864352246585552,434,223.0,0.5,2,3.30100290236345,visible_pixel_support,False,visible_candidate,line-simulation-a22-000247,,,,,
simulation-a22,0.9039132293507623,0.4477968501150239,0.001434130905212605,0.0011864352246585552,439,250.0,0.5,1,9.998868386864729,visible_pixel_support,True,visible_candidate,line-simulation-a22-000248,,,,,
simulation-a22,0.9412006328862874,0.2935602709094127,0.001434130905212605,0.0035593056739756657,452,315.0,1.5,4,6.131798948349115,visible_pixel_support,True,visible_candidate,line-simulation-a22-000249,,,,,
simulation-a22,0.9440688946967124,0.2911874004600956,0.001434130905212605,0.007118611347951331,453,316.0,3.0,7,2.317555507309578,visible_pixel_support,False,visible_candidate,line-simulation-a22-000250,,,,,
simulation-a22,0.9469371565071374,0.2888145300107785,0.001434130905212605,0.014237222695902552,454,317.0,6.0,9,1.1734333416664526,visible_pixel_support,False,visible_candidate,line-simulation-a22-000251,,,,,
simulation-a22,0.9498054183175624,0.27220443686555884,0.001434130905212605,0.014237222695902552,455,324.0,6.0,9,1.709676935866412,visible_pixel_support,False,visible_candidate,line-simulation-a22-000252,,,,,
simulation-a22,0.9526736801279874,0.26983156641624173,0.001434130905212605,0.011864352246585441,456,325.0,5.0,9,0.9822691256461553,visible_pixel_support,False,visible_candidate,line-simulation-a22-000253,,,,,
simulation-a22,0.9555419419384124,0.26983156641624173,0.001434130905212605,0.007118611347951331,457,325.0,3.0,7,4.198426991758538,visible_pixel_support,False,visible_candidate,line-simulation-a22-000254,,,,,
simulation-a22,0.9584102037488373,0.2674586959669246,0.001434130905212605,0.0011864352246585552,458,326.0,0.5,2,5.887952128025006,visible_pixel_support,False,visible_candidate,line-simulation-a22-000255,,,,,
simulation-a22,0.9612784655592623,0.2650858255176075,0.001434130905212605,0.0035593056739756657,459,327.0,1.5,4,7.0,visible_pixel_support,False,visible_candidate,line-simulation-a22-000256,,,,,
simulation-a22,0.9641467273696873,0.2627129550682905,0.001434130905212605,0.0023728704493171104,460,328.0,1.0,3,7.770596136450081,visible_pixel_support,False,visible_candidate,line-simulation-a22-000257,,,,,
simulation-a22,0.9670149891801123,0.2603400846189734,0.001434130905212605,0.0011864352246585552,461,329.0,0.5,1,8.471240348243157,visible_pixel_support,False,visible_candidate,line-simulation-a22-000258,,,,,
simulation-a22,0.9698832509905373,0.2555943437203392,0.001434130905212605,0.0011864352246585552,462,331.0,0.5,2,8.104299524085832,visible_pixel_support,False,visible_candidate,line-simulation-a22-000259,,,,,
simulation-a22,0.9727515128009623,0.25322147327102207,0.001434130905212605,0.0011864352246585552,463,332.0,0.5,1,8.672140552684368,visible_pixel_support,False,visible_candidate,line-simulation-a22-000260,,,,,
simulation-a22,0.9756197746113873,0.24610286192307074,0.001434130905212605,0.0023728704493171104,464,335.0,1.0,3,7.177130322745427,visible_pixel_support,False,visible_candidate,line-simulation-a22-000261,,,,,
simulation-a22,0.9784880364218123,0.24372999147375374,0.001434130905212605,0.0011864352246585552,465,336.0,0.5,1,7.621635722975157,visible_pixel_support,False,visible_candidate,line-simulation-a22-000262,,,,,
simulation-a22,0.9813562982322372,0.23898425057511952,0.001434130905212605,0.0023728704493171104,466,338.0,1.0,3,7.008023642080332,visible_pixel_support,False,visible_candidate,line-simulation-a22-000263,,,,,
simulation-a22,0.9842245600426622,0.2366113801258024,0.001434130905212605,0.0023728704493171104,467,339.0,1.0,3,7.338660968767272,visible_pixel_support,False,visible_candidate,line-simulation-a22-000264,,,,,
simulation-a22,0.9870928218530872,0.23186563922716819,0.001434130905212605,0.0035593056739756657,468,341.0,1.5,4,6.61591459174241,visible_pixel_support,False,visible_candidate,line-simulation-a22-000265,,,,,
simulation-a22,0.9899610836635122,0.22949276877785107,0.001434130905212605,0.004745740898634221,469,342.0,2.0,5,6.84215139971235,visible_pixel_support,False,visible_candidate,line-simulation-a22-000266,,,,,
simulation-a22,0.9928293454739374,0.22474702787921697,0.001434130905212605,0.004745740898634221,470,344.0,2.0,5,6.019738281383468,visible_pixel_support,False,visible_candidate,line-simulation-a22-000267,,,,,
simulation-a22,0.9956976072843624,0.22000128698058274,0.001434130905212605,0.005932176123292776,471,346.0,2.5,6,5.151042125462084,visible_pixel_support,False,visible_candidate,line-simulation-a22-000268,,,,,
simulation-a22,0.9985658690947874,0.21762841653126563,0.001434130905212605,0.005932176123292776,472,347.0,2.5,6,5.238429820654915,visible_pixel_support,False,visible_candidate,line-simulation-a22-000269,,,,,
simulation-a22,1.0014341309052124,0.2105098051833143,0.001434130905212605,0.005932176123292776,473,350.0,2.5,5,3.2842682556682803,visible_pixel_support,False,visible_candidate,line-simulation-a22-000270,,,,,
simulation-a22,1.0043023927156374,0.2081369347339973,0.001434130905212605,0.005932176123292776,474,351.0,2.5,6,3.2909243192086137,visible_pixel_support,False,visible_candidate,line-simulation-a22-000271,,,,,
simulation-a22,1.0071706545260624,0.20101832338604597,0.001434130905212605,0.005932176123292776,475,354.0,2.5,4,1.2607648999824619,visible_pixel_support,False,visible_candidate,line-simulation-a22-000272,,,,,
simulation-a22,1.0100389163364873,0.20101832338604597,0.001434130905212605,0.005932176123292776,476,354.0,2.5,4,2.196156886696201,visible_pixel_support,False,visible_candidate,line-simulation-a22-000273,,,,,
simulation-a22,1.0129071781469123,0.20101832338604597,0.001434130905212605,0.005932176123292776,477,354.0,2.5,4,3.0994671680563783,visible_pixel_support,False,visible_candidate,line-simulation-a22-000274,,,,,
simulation-a22,1.0157754399573373,0.19389971203809464,0.001434130905212605,0.015423657920561218,478,357.0,6.5,12,0.9730626327694267,visible_pixel_support,False,visible_candidate,line-simulation-a22-000275,,,,,
simulation-a22,1.0186437017677623,0.18915397113946053,0.001434130905212605,0.015423657920561107,479,359.0,6.5,14,0.18068983045827736,visible_pixel_support,False,visible_candidate,line-simulation-a22-000276,,,,,
simulation-a22,1.0215119635781873,0.18678110069014342,0.001434130905212605,0.015423657920561107,480,360.0,6.5,14,0.359423332920187,visible_pixel_support,False,visible_candidate,line-simulation-a22-000277,,,,,
simulation-a22,1.0243802253886123,0.1820353597915092,0.001434130905212605,0.015423657920561107,481,362.0,6.5,11,1.560770985909869,visible_pixel_support,False,visible_candidate,line-simulation-a22-000278,,,,,
simulation-a22,1.0272484871990373,0.1820353597915092,0.001434130905212605,0.013050787471243996,482,362.0,5.5,12,0.7823659007207766,visible_pixel_support,False,visible_candidate,line-simulation-a22-000279,,,,,
simulation-a22,1.0301167490094623,0.1820353597915092,0.001434130905212605,0.014237222695902552,483,362.0,6.0,12,0.021841188646590126,visible_pixel_support,False,visible_candidate,line-simulation-a22-000280,,,,,
simulation-a22,1.0329850108198873,0.1796624893421921,0.001434130905212605,0.010677917021926997,484,363.0,4.5,10,0.27682996098076273,visible_pixel_support,False,visible_candidate,line-simulation-a22-000281,,,,,
simulation-a22,1.0358532726303122,0.17728961889287498,0.001434130905212605,0.014237222695902663,485,364.0,6.0,9,0.5449653290168044,visible_pixel_support,False,visible_candidate,line-simulation-a22-000282,,,,,
simulation-a22,1.0387215344407372,0.17491674844355787,0.001434130905212605,0.017796528369878217,486,365.0,7.5,8,0.8238804040484524,visible_pixel_support,False,visible_candidate,line-simulation-a22-000283,,,,,
simulation-a22,1.0415897962511622,0.17491674844355787,0.001434130905212605,0.013050787471244107,487,365.0,5.5,10,0.1112082973689894,visible_pixel_support,False,visible_candidate,line-simulation-a22-000284,,,,,
simulation-a22,1.0444580580615872,0.17491674844355787,0.001434130905212605,0.010677917021926997,488,365.0,4.5,10,0.595417879727961,visible_pixel_support,False,visible_candidate,line-simulation-a22-000285,,,,,
simulation-a22,1.0473263198720122,0.17491674844355787,0.001434130905212605,0.015423657920561218,489,365.0,6.5,10,1.2983650159487752,visible_pixel_support,False,visible_candidate,line-simulation-a22-000286,,,,,
simulation-a22,1.0501945816824372,0.17017100754492376,0.001434130905212605,0.010677917021926997,490,367.0,4.5,8,0.0,visible_pixel_support,False,visible_candidate,line-simulation-a22-000287,,,,,
simulation-a22,1.0530628434928622,0.16779813709560665,0.001434130905212605,0.009491481797268442,491,368.0,4.0,5,0.29648734018888945,visible_pixel_support,False,visible_candidate,line-simulation-a22-000288,,,,,
simulation-a22,1.0559311053032872,0.16779813709560665,0.001434130905212605,0.0023728704493171104,492,368.0,1.0,3,0.4100737257184619,visible_pixel_support,False,visible_candidate,line-simulation-a22-000289,,,,,
simulation-a22,1.0587993671137121,0.16542526664628954,0.001434130905212605,0.0011864352246585552,493,369.0,0.5,2,0.1190214400393188,visible_pixel_support,False,visible_candidate,line-simulation-a22-000290,,,,,
simulation-a22,1.0616676289241371,0.16542526664628954,0.001434130905212605,0.013050787471243996,494,369.0,5.5,4,0.8296940450905481,visible_pixel_support,False,visible_candidate,line-simulation-a22-000291,,,,,
simulation-a22,1.0645358907345621,0.16542526664628954,0.001434130905212605,0.014237222695902552,495,369.0,6.0,3,1.5414297831890735,visible_pixel_support,False,visible_candidate,line-simulation-a22-000292,,,,,
simulation-a22,1.067404152544987,0.16305239619697243,0.001434130905212605,0.0035593056739756657,496,370.0,1.5,4,1.253566896652103,visible_pixel_support,False,visible_candidate,line-simulation-a22-000293,,,,,
simulation-a22,1.070272414355412,0.16305239619697243,0.001434130905212605,0.0023728704493171104,497,370.0,1.0,3,1.9654436277965033,visible_pixel_support,False,visible_candidate,line-simulation-a22-000294,,,,,
simulation-a22,1.0731406761658373,0.16305239619697243,0.001434130905212605,0.014237222695902552,498,370.0,6.0,4,2.6763982189394824,visible_pixel_support,False,visible_candidate,line-simulation-a22-000295,,,,,
simulation-a22,1.0760089379762623,0.16305239619697243,0.001434130905212605,0.014237222695902552,499,370.0,6.0,5,3.3857689123977934,visible_pixel_support,False,visible_candidate,line-simulation-a22-000296,,,,,
simulation-a22,1.0788771997866873,0.16305239619697243,0.001434130905212605,0.014237222695902552,500,370.0,6.0,4,4.092893950488644,visible_pixel_support,False,visible_candidate,line-simulation-a22-000297,,,,,
simulation-a22,1.0817454615971123,0.16067952574765532,0.001434130905212605,0.015423657920561107,501,371.0,6.5,5,3.7971115755290157,visible_pixel_support,False,visible_candidate,line-simulation-a22-000298,,,,,
simulation-a22,1.0846137234075373,0.16067952574765532,0.001434130905212605,0.014237222695902552,502,371.0,6.0,4,4.497760029835945,visible_pixel_support,False,visible_candidate,line-simulation-a22-000299,,,,,
simulation-a22,1.0874819852179622,0.1583066552983382,0.001434130905212605,0.014237222695902663,503,372.0,6.0,5,4.194177555726355,visible_pixel_support,False,visible_candidate,line-simulation-a22-000300,,,,,
simulation-a22,1.0903502470283872,0.1583066552983382,0.001434130905212605,0.013050787471244107,504,372.0,5.5,4,4.885702395517342,visible_pixel_support,False,visible_candidate,line-simulation-a22-000301,,,,,
simulation-a22,1.0932185088388122,0.1583066552983382,0.001434130905212605,0.0023728704493171104,505,372.0,1.0,3,5.5716727915258275,visible_pixel_support,False,visible_candidate,line-simulation-a22-000302,,,,,
simulation-a22,1.0960867706492372,0.1583066552983382,0.001434130905212605,0.0035593056739756657,506,372.0,1.5,4,6.251426986069021,visible_pixel_support,False,visible_candidate,line-simulation-a22-000303,,,,,
simulation-a22,1.0989550324596622,0.15118804395038699,0.001434130905212605,0.011864352246585552,507,375.0,5.0,7,3.924303221463731,visible_pixel_support,False,visible_candidate,line-simulation-a22-000304,,,,,
simulation-a22,1.1018232942700872,0.14406943260243565,0.001434130905212605,0.011864352246585552,508,378.0,5.0,10,1.5896397400269962,visible_pixel_support,False,visible_candidate,line-simulation-a22-000305,,,,,
simulation-a22,1.1046915560805122,0.14406943260243565,0.001434130905212605,0.017796528369878217,509,378.0,7.5,11,2.246774784075967,visible_pixel_support,False,visible_candidate,line-simulation-a22-000306,,,,,
simulation-a22,1.1075598178909372,0.14881517350106988,0.001434130905212605,0.007118611347951331,510,376.0,3.0,7,4.895046595927624,visible_pixel_support,False,visible_candidate,line-simulation-a22-000307,,,,,
simulation-a22,1.1104280797013621,0.13695082125448443,0.001434130905212605,0.016610093145219662,511,381.0,7.0,6,0.5337934178988348,visible_pixel_support,False,visible_candidate,line-simulation-a22-000308,,,,,
simulation-a22,1.1132963415117871,0.14644230305175276,0.001434130905212605,0.016610093145219662,512,377.0,7.0,4,5.16235349230675,visible_pixel_support,False,visible_candidate,line-simulation-a22-000309,,,,,
simulation-a22,1.1161646033222121,0.14644230305175276,0.001434130905212605,0.004745740898634221,513,377.0,2.0,3,5.780065061468406,visible_pixel_support,False,visible_candidate,line-simulation-a22-000310,,,,,
simulation-a22,1.1190328651326371,0.13695082125448443,0.001434130905212605,0.009491481797268442,514,381.0,4.0,7,2.3862663677007845,visible_pixel_support,False,visible_candidate,line-simulation-a22-000311,,,,,
simulation-a22,1.121901126943062,0.13932369170380143,0.001434130905212605,0.009491481797268442,515,380.0,4.0,8,3.980295653320809,visible_pixel_support,False,visible_candidate,line-simulation-a22-000312,,,,,
simulation-a22,1.124769388753487,0.13695082125448443,0.001434130905212605,0.008305046572609887,516,381.0,3.5,7,3.561491160645687,visible_pixel_support,False,visible_candidate,line-simulation-a22-000313,,,,,
simulation-a22,1.127637650563912,0.13932369170380143,0.001434130905212605,0.005932176123292776,517,380.0,2.5,5,5.129191131992229,visible_pixel_support,False,visible_candidate,line-simulation-a22-000314,,,,,
simulation-a22,1.130505912374337,0.13932369170380143,0.001434130905212605,0.005932176123292776,518,380.0,2.5,6,5.682733809677586,visible_pixel_support,False,visible_candidate,line-simulation-a22-000315,,,,,
simulation-a22,1.133374174184762,0.13932369170380143,0.001434130905212605,0.004745740898634221,519,380.0,2.0,5,6.221457436018682,visible_pixel_support,False,visible_candidate,line-simulation-a22-000316,,,,,
simulation-a22,1.136242435995187,0.13695082125448443,0.001434130905212605,0.004745740898634221,520,381.0,2.0,4,5.744700253332667,visible_pixel_support,False,visible_candidate,line-simulation-a22-000317,,,,,
simulation-a22,1.139110697805612,0.13695082125448443,0.001434130905212605,0.0035593056739756657,521,381.0,1.5,3,6.251800503936465,visible_pixel_support,False,visible_candidate,line-simulation-a22-000318,,,,,
simulation-a22,1.141978959616037,0.13457795080516732,0.001434130905212605,0.0035593056739756657,522,382.0,1.5,3,5.742096430147058,visible_pixel_support,False,visible_candidate,line-simulation-a22-000319,,,,,
simulation-a22,1.144847221426462,0.1322050803558502,0.001434130905212605,0.0023728704493171104,523,383.0,1.0,3,5.214926274281538,visible_pixel_support,False,visible_candidate,line-simulation-a22-000320,,,,,
simulation-a22,1.147715483236887,0.1322050803558502,0.001434130905212605,0.0023728704493171104,524,383.0,1.0,3,5.66962827865683,visible_pixel_support,False,visible_candidate,line-simulation-a22-000321,,,,,
simulation-a22,1.150583745047312,0.1322050803558502,0.001434130905212605,0.0035593056739756657,525,383.0,1.5,4,6.105540685590086,visible_pixel_support,False,visible_candidate,line-simulation-a22-000322,,,,,
simulation-a22,1.153452006857737,0.13457795080516732,0.001434130905212605,0.0011864352246585552,526,382.0,0.5,1,7.5220017373981705,visible_pixel_support,False,visible_candidate,line-simulation-a22-000323,,,,,
simulation-a22,1.1563202686681622,0.10847637586267922,0.001434130905212605,0.010677917021926997,527,393.0,4.5,2,3.081650323601764,visible_pixel_support,False,visible_candidate,line-simulation-a22-000324,,,,,
simulation-a22,1.1591885304785872,0.12034072810926477,0.001434130905212605,0.013050787471244107,528,388.0,5.5,5,2.2939227449071495,visible_pixel_support,False,visible_candidate,line-simulation-a22-000325,,,,,
simulation-a22,1.1620567922890122,0.12034072810926477,0.001434130905212605,0.005932176123292776,529,388.0,2.5,4,2.6480591852421185,visible_pixel_support,False,visible_candidate,line-simulation-a22-000326,,,,,
simulation-a22,1.1649250540994371,0.11796785765994766,0.001434130905212605,0.005932176123292776,530,389.0,2.5,4,1.9800972397200098,visible_pixel_support,False,visible_candidate,line-simulation-a22-000327,,,,,
simulation-a22,1.1677933159098621,0.11796785765994766,0.001434130905212605,0.004745740898634221,531,389.0,2.0,4,2.289375150657861,visible_pixel_support,False,visible_candidate,line-simulation-a22-000328,,,,,
simulation-a22,1.1706615777202871,0.11796785765994766,0.001434130905212605,0.0035593056739756657,532,389.0,1.5,3,2.5752311603727662,visible_pixel_support,False,visible_candidate,line-simulation-a22-000329,,,,,
simulation-a22,1.173529839530712,0.11559498721063055,0.001434130905212605,0.007118611347951331,533,390.0,3.0,5,1.8370035111816492,visible_pixel_support,False,visible_candidate,line-simulation-a22-000330,,,,,
simulation-a22,1.176398101341137,0.11322211676131344,0.001434130905212605,0.007118611347951331,534,391.0,3.0,5,1.074030445401604,visible_pixel_support,False,visible_candidate,line-simulation-a22-000331,,,,,
simulation-a22,1.179266363151562,0.11084924631199633,0.001434130905212605,0.008305046572609887,535,392.0,3.5,8,0.28565020534955465,visible_pixel_support,False,visible_candidate,line-simulation-a22-000332,,,,,
simulation-a22,1.182134624961987,0.11084924631199633,0.001434130905212605,0.008305046572609887,536,392.0,3.5,8,0.47120103334253827,visible_pixel_support,False,visible_candidate,line-simulation-a22-000333,,,,,
simulation-a22,1.185002886772412,0.10847637586267922,0.001434130905212605,0.013050787471243996,537,393.0,5.5,12,0.369978828302294,visible_pixel_support,False,visible_candidate,line-simulation-a22-000334,,,,,
simulation-a22,1.187871148582837,0.10847637586267922,0.001434130905212605,0.010677917021926997,538,393.0,4.5,9,0.2385511372680753,visible_pixel_support,False,visible_candidate,line-simulation-a22-000335,,,,,
simulation-a22,1.190739410393262,0.10847637586267922,0.001434130905212605,0.014237222695902552,539,393.0,6.0,11,0.13517765123776826,visible_pixel_support,False,visible_candidate,line-simulation-a22-000336,,,,,
simulation-a22,1.193607672203687,0.11084924631199633,0.001434130905212605,0.011864352246585441,540,392.0,5.0,7,0.9394798721056645,visible_pixel_support,False,visible_candidate,line-simulation-a22-000337,,,,,
simulation-a22,1.196475934014112,0.10610350541336211,0.001434130905212605,0.013050787471244107,541,394.0,5.5,12,1.0152403249207396,visible_pixel_support,False,visible_candidate,line-simulation-a22-000338,,,,,
simulation-a22,1.199344195824537,0.10610350541336211,0.001434130905212605,0.013050787471244107,542,394.0,5.5,12,1.0,visible_pixel_support,False,visible_candidate,line-simulation-a22-000339,,,,,
simulation-a22,1.202212457634962,0.10610350541336211,0.001434130905212605,0.015423657920561107,543,394.0,6.5,12,0.9999999999999432,visible_pixel_support,False,visible_candidate,line-simulation-a22-000340,,,,,
simulation-a22,1.205080719445387,0.11559498721063055,0.001434130905212605,0.010677917021926997,544,390.0,4.5,3,3.0,visible_pixel_support,False,visible_candidate,line-simulation-a22-000341,,,,,
simulation-a22,1.207948981255812,0.11559498721063055,0.001434130905212605,0.011864352246585552,545,390.0,5.0,4,3.0,visible_pixel_support,False,visible_candidate,line-simulation-a22-000342,,,,,
simulation-a22,1.210817243066237,0.11084924631199633,0.001434130905212605,0.010677917021926886,546,392.0,4.5,4,1.0,visible_pixel_support,False,visible_candidate,line-simulation-a22-000343,,,,,
simulation-a22,1.213685504876662,0.11084924631199633,0.001434130905212605,0.010677917021926886,547,392.0,4.5,7,1.0,visible_pixel_support,False,visible_candidate,line-simulation-a22-000344,,,,,
simulation-a22,1.216553766687087,0.10610350541336211,0.001434130905212605,0.007118611347951331,548,394.0,3.0,4,0.9999999999999432,visible_pixel_support,False,visible_candidate,line-simulation-a22-000345,,,,,
simulation-a22,1.219422028497512,0.103730634964045,0.001434130905212605,0.0035593056739756657,549,395.0,1.5,3,2.0,visible_pixel_support,False,visible_candidate,line-simulation-a22-000346,,,,,
simulation-a22,1.222290290307937,0.103730634964045,0.001434130905212605,0.010677917021926997,550,395.0,4.5,4,2.0,visible_pixel_support,False,visible_candidate,line-simulation-a22-000347,,,,,
simulation-a22,1.2251585521183619,0.103730634964045,0.001434130905212605,0.011864352246585552,551,395.0,5.0,5,2.0,visible_pixel_support,False,visible_candidate,line-simulation-a22-000348,,,,,
simulation-a22,1.2280268139287869,0.10610350541336211,0.001434130905212605,0.005932176123292776,552,394.0,2.5,5,1.0,visible_pixel_support,False,visible_candidate,line-simulation-a22-000349,,,,,
simulation-a22,1.2308950757392119,0.09898489406541089,0.001434130905212605,0.0023728704493171104,553,397.0,1.0,3,4.0,visible_pixel_support,False,visible_candidate,line-simulation-a22-000350,,,,,
simulation-a22,1.2337633375496369,0.10847637586267922,0.001434130905212605,0.007118611347951331,554,393.0,3.0,5,5.684341886080802e-14,visible_pixel_support,False,visible_candidate,line-simulation-a22-000351,,,,,
simulation-a22,1.236631599360062,0.10847637586267922,0.001434130905212605,0.007118611347951331,555,393.0,3.0,5,0.0,visible_pixel_support,False,visible_candidate,line-simulation-a22-000352,,,,,
simulation-a22,1.239499861170487,0.10847637586267922,0.001434130905212605,0.007118611347951331,556,393.0,3.0,5,0.0,visible_pixel_support,False,visible_candidate,line-simulation-a22-000353,,,,,
simulation-a22,1.242368122980912,0.101357764514728,0.001434130905212605,0.005932176123292776,557,396.0,2.5,4,3.0,visible_pixel_support,False,visible_candidate,line-simulation-a22-000354,,,,,
simulation-a22,1.245236384791337,0.10847637586267922,0.001434130905212605,0.013050787471243996,558,393.0,5.5,6,0.0,visible_pixel_support,False,visible_candidate,line-simulation-a22-000355,,,,,
simulation-a22,1.248104646601762,0.10847637586267922,0.001434130905212605,0.007118611347951331,559,393.0,3.0,4,0.0,visible_pixel_support,False,visible_candidate,line-simulation-a22-000356,,,,,
simulation-a22,1.250972908412187,0.09898489406541089,0.001434130905212605,0.0023728704493171104,560,397.0,1.0,3,4.0,visible_pixel_support,False,visible_candidate,line-simulation-a22-000357,,,,,
simulation-a22,1.253841170222612,0.101357764514728,0.001434130905212605,0.011864352246585552,561,396.0,5.0,4,3.0,visible_pixel_support,False,visible_candidate,line-simulation-a22-000358,,,,,
simulation-a22,1.256709432033037,0.101357764514728,0.001434130905212605,0.011864352246585552,562,396.0,5.0,5,3.0,visible_pixel_support,False,visible_candidate,line-simulation-a22-000359,,,,,
simulation-a22,1.259577693843462,0.10610350541336211,0.001434130905212605,0.013050787471244107,563,394.0,5.5,7,1.0,visible_pixel_support,False,visible_candidate,line-simulation-a22-000360,,,,,
simulation-a22,1.262445955653887,0.103730634964045,0.001434130905212605,0.008305046572609887,564,395.0,3.5,8,2.0,visible_pixel_support,False,visible_candidate,line-simulation-a22-000361,,,,,
simulation-a22,1.265314217464312,0.10610350541336211,0.001434130905212605,0.010677917021926997,565,394.0,4.5,7,1.0,visible_pixel_support,False,visible_candidate,line-simulation-a22-000362,,,,,
simulation-a22,1.268182479274737,0.10847637586267922,0.001434130905212605,0.013050787471243996,566,393.0,5.5,9,0.0,visible_pixel_support,False,visible_candidate,line-simulation-a22-000363,,,,,
simulation-a22,1.271050741085162,0.10847637586267922,0.001434130905212605,0.011864352246585552,567,393.0,5.0,8,0.0,visible_pixel_support,False,visible_candidate,line-simulation-a22-000364,,,,,
simulation-a22,1.273919002895587,0.10610350541336211,0.001434130905212605,0.016610093145219662,568,394.0,7.0,9,1.0,visible_pixel_support,False,visible_candidate,line-simulation-a22-000365,,,,,
simulation-a22,1.276787264706012,0.103730634964045,0.001434130905212605,0.013050787471244107,569,395.0,5.5,10,2.0,visible_pixel_support,False,visible_candidate,line-simulation-a22-000366,,,,,
simulation-a22,1.2796555265164369,0.103730634964045,0.001434130905212605,0.010677917021926997,570,395.0,4.5,9,2.0,visible_pixel_support,False,visible_candidate,line-simulation-a22-000367,,,,,
simulation-a22,1.2825237883268619,0.10610350541336211,0.001434130905212605,0.016610093145219662,571,394.0,7.0,11,1.0,visible_pixel_support,False,visible_candidate,line-simulation-a22-000368,,,,,
simulation-a22,1.2853920501372869,0.10610350541336211,0.001434130905212605,0.013050787471244107,572,394.0,5.5,9,1.0,visible_pixel_support,False,visible_candidate,line-simulation-a22-000369,,,,,
simulation-a22,1.2882603119477118,0.10610350541336211,0.001434130905212605,0.013050787471244107,573,394.0,5.5,10,1.0,visible_pixel_support,False,visible_candidate,line-simulation-a22-000370,,,,,
simulation-a22,1.2911285737581368,0.10610350541336211,0.001434130905212605,0.011864352246585552,574,394.0,5.0,8,1.0,visible_pixel_support,False,visible_candidate,line-simulation-a22-000371,,,,,
simulation-a22,1.2939968355685618,0.103730634964045,0.001434130905212605,0.010677917021926997,575,395.0,4.5,9,2.0,visible_pixel_support,False,visible_candidate,line-simulation-a22-000372,,,,,
simulation-a22,1.2968650973789868,0.101357764514728,0.001434130905212605,0.009491481797268442,576,396.0,4.0,6,3.0,visible_pixel_support,False,visible_candidate,line-simulation-a22-000373,,,,,
simulation-a22,1.2997333591894118,0.09661202361609378,0.001434130905212605,0.0023728704493171104,577,398.0,1.0,3,5.0,visible_pixel_support,False,visible_candidate,line-simulation-a22-000374,,,,,
simulation-a22,1.3026016209998368,0.09661202361609378,0.001434130905212605,0.0023728704493171104,578,398.0,1.0,3,5.0,visible_pixel_support,False,visible_candidate,line-simulation-a22-000375,,,,,
simulation-a22,1.3054698828102618,0.09898489406541089,0.001434130905212605,0.0011864352246585552,579,397.0,0.5,2,4.0,visible_pixel_support,False,visible_candidate,line-simulation-a22-000376,,,,,
simulation-a22,1.3083381446206868,0.09898489406541089,0.001434130905212605,0.0023728704493171104,580,397.0,1.0,3,4.0,visible_pixel_support,False,visible_candidate,line-simulation-a22-000377,,,,,
simulation-a22,1.3112064064311117,0.101357764514728,0.001434130905212605,0.0035593056739756657,581,396.0,1.5,4,3.0,visible_pixel_support,False,visible_candidate,line-simulation-a22-000378,,,,,
simulation-a22,1.3140746682415367,0.101357764514728,0.001434130905212605,0.0035593056739756657,582,396.0,1.5,4,3.0,visible_pixel_support,False,visible_candidate,line-simulation-a22-000379,,,,,
simulation-a22,1.3169429300519617,0.09898489406541089,0.001434130905212605,0.0023728704493171104,583,397.0,1.0,3,4.0,visible_pixel_support,False,visible_candidate,line-simulation-a22-000380,,,,,
simulation-a22,1.319811191862387,0.09898489406541089,0.001434130905212605,0.0023728704493171104,584,397.0,1.0,3,4.0,visible_pixel_support,False,visible_candidate,line-simulation-a22-000381,,,,,
simulation-a22,1.322679453672812,0.09898489406541089,0.001434130905212605,0.0023728704493171104,585,397.0,1.0,3,4.0,visible_pixel_support,False,visible_candidate,line-simulation-a22-000382,,,,,
simulation-a22,1.325547715483237,0.09898489406541089,0.001434130905212605,0.0023728704493171104,586,397.0,1.0,3,4.0,visible_pixel_support,False,visible_candidate,line-simulation-a22-000383,,,,,
simulation-a22,1.328415977293662,0.101357764514728,0.001434130905212605,0.007118611347951331,587,396.0,3.0,4,3.0,visible_pixel_support,False,visible_candidate,line-simulation-a22-000384,,,,,
simulation-a22,1.3312842391040869,0.101357764514728,0.001434130905212605,0.007118611347951331,588,396.0,3.0,4,3.0,visible_pixel_support,False,visible_candidate,line-simulation-a22-000385,,,,,
simulation-a22,1.3341525009145119,0.101357764514728,0.001434130905212605,0.005932176123292776,589,396.0,2.5,4,3.0,visible_pixel_support,False,visible_candidate,line-simulation-a22-000386,,,,,
simulation-a22,1.3370207627249369,0.09898489406541089,0.001434130905212605,0.0023728704493171104,590,397.0,1.0,3,4.0,visible_pixel_support,False,visible_candidate,line-simulation-a22-000387,,,,,
simulation-a22,1.3398890245353618,0.101357764514728,0.001434130905212605,0.007118611347951331,591,396.0,3.0,4,3.0,visible_pixel_support,False,visible_candidate,line-simulation-a22-000388,,,,,
simulation-a22,1.3427572863457868,0.103730634964045,0.001434130905212605,0.007118611347951331,592,395.0,3.0,5,2.0,visible_pixel_support,False,visible_candidate,line-simulation-a22-000389,,,,,
simulation-a22,1.3456255481562118,0.10610350541336211,0.001434130905212605,0.008305046572609887,593,394.0,3.5,8,1.0,visible_pixel_support,False,visible_candidate,line-simulation-a22-000390,,,,,
simulation-a22,1.3484938099666368,0.10610350541336211,0.001434130905212605,0.010677917021926997,594,394.0,4.5,10,1.0,visible_pixel_support,False,visible_candidate,line-simulation-a22-000391,,,,,
simulation-a22,1.3513620717770618,0.10847637586267922,0.001434130905212605,0.011864352246585552,595,393.0,5.0,8,0.0,visible_pixel_support,False,visible_candidate,line-simulation-a22-000392,,,,,
simulation-a22,1.3542303335874868,0.11084924631199633,0.001434130905212605,0.013050787471243996,596,392.0,5.5,8,1.0,visible_pixel_support,False,visible_candidate,line-simulation-a22-000393,,,,,
simulation-a22,1.3570985953979118,0.11084924631199633,0.001434130905212605,0.014237222695902552,597,392.0,6.0,9,1.0,visible_pixel_support,False,visible_candidate,line-simulation-a22-000394,,,,,
simulation-a22,1.3599668572083368,0.10610350541336211,0.001434130905212605,0.014237222695902663,598,394.0,6.0,10,1.0,visible_pixel_support,False,visible_candidate,line-simulation-a22-000395,,,,,
simulation-a22,1.3628351190187618,0.103730634964045,0.001434130905212605,0.014237222695902663,599,395.0,6.0,11,2.0,visible_pixel_support,False,visible_candidate,line-simulation-a22-000396,,,,,
simulation-a22,1.3657033808291867,0.103730634964045,0.001434130905212605,0.014237222695902663,600,395.0,6.0,11,2.0,visible_pixel_support,False,visible_candidate,line-simulation-a22-000397,,,,,
simulation-a22,1.3685716426396117,0.103730634964045,0.001434130905212605,0.014237222695902663,601,395.0,6.0,11,2.0,visible_pixel_support,False,visible_candidate,line-simulation-a22-000398,,,,,
simulation-a22,1.3714399044500367,0.10610350541336211,0.001434130905212605,0.011864352246585552,602,394.0,5.0,10,1.0,visible_pixel_support,False,visible_candidate,line-simulation-a22-000399,,,,,
simulation-a22,1.3743081662604617,0.10610350541336211,0.001434130905212605,0.010677917021926997,603,394.0,4.5,9,1.0,visible_pixel_support,False,visible_candidate,line-simulation-a22-000400,,,,,
simulation-a22,1.3771764280708867,0.10610350541336211,0.001434130905212605,0.009491481797268442,604,394.0,4.0,8,1.0,visible_pixel_support,False,visible_candidate,line-simulation-a22-000401,,,,,
simulation-a22,1.3800446898813117,0.10610350541336211,0.001434130905212605,0.007118611347951331,605,394.0,3.0,7,1.0,visible_pixel_support,False,visible_candidate,line-simulation-a22-000402,,,,,
simulation-a22,1.3829129516917367,0.10610350541336211,0.001434130905212605,0.007118611347951331,606,394.0,3.0,7,1.0,visible_pixel_support,False,visible_candidate,line-simulation-a22-000403,,,,,
simulation-a22,1.3857812135021617,0.10610350541336211,0.001434130905212605,0.007118611347951331,607,394.0,3.0,7,1.0,visible_pixel_support,False,visible_candidate,line-simulation-a22-000404,,,,,
simulation-a22,1.3886494753125866,0.10847637586267922,0.001434130905212605,0.0023728704493171104,608,393.0,1.0,2,0.0,visible_pixel_support,False,visible_candidate,line-simulation-a22-000405,,,,,
simulation-a22,1.3915177371230116,0.10847637586267922,0.001434130905212605,0.0011864352246585552,609,393.0,0.5,1,0.0,visible_pixel_support,False,visible_candidate,line-simulation-a22-000406,,,,,
simulation-a22,1.3943859989334366,0.10610350541336211,0.001434130905212605,0.0023728704493171104,610,394.0,1.0,3,1.0,visible_pixel_support,False,visible_candidate,line-simulation-a22-000407,,,,,
simulation-a22,1.3972542607438616,0.10610350541336211,0.001434130905212605,0.0023728704493171104,611,394.0,1.0,3,1.0,visible_pixel_support,False,visible_candidate,line-simulation-a22-000408,,,,,
simulation-a22,1.4001225225542868,0.10847637586267922,0.001434130905212605,0.0035593056739756657,612,393.0,1.5,4,0.0,visible_pixel_support,False,visible_candidate,line-simulation-a22-000409,,,,,
simulation-a22,1.4029907843647118,0.10610350541336211,0.001434130905212605,0.0035593056739756657,613,394.0,1.5,3,1.0130702490291128,visible_pixel_support,False,visible_candidate,line-simulation-a22-000410,,,,,
simulation-a22,1.4058590461751368,0.11084924631199633,0.001434130905212605,0.0035593056739756657,614,392.0,1.5,2,0.9480607097405596,visible_pixel_support,False,visible_candidate,line-simulation-a22-000411,,,,,
simulation-a22,1.4087273079855618,0.10610350541336211,0.001434130905212605,0.0011864352246585552,615,394.0,0.5,1,1.1160945649054952,visible_pixel_support,False,visible_candidate,line-simulation-a22-000412,,,,,
simulation-a22,1.4115955697959868,0.10610350541336211,0.001434130905212605,0.0011864352246585552,616,394.0,0.5,1,1.2050235141818462,visible_pixel_support,False,visible_candidate,line-simulation-a22-000413,,,,,
simulation-a22,1.4144638316064118,0.10610350541336211,0.001434130905212605,0.0035593056739756657,617,394.0,1.5,2,1.3182135793031193,visible_pixel_support,False,visible_candidate,line-simulation-a22-000414,,,,,
simulation-a22,1.4173320934168367,0.10847637586267922,0.001434130905212605,0.0023728704493171104,618,393.0,1.0,2,0.45515220148382696,visible_pixel_support,False,visible_candidate,line-simulation-a22-000415,,,,,
simulation-a22,1.4202003552272617,0.10847637586267922,0.001434130905212605,0.0023728704493171104,619,393.0,1.0,2,0.6153268219384245,visible_pixel_support,False,visible_candidate,line-simulation-a22-000416,,,,,
simulation-a22,1.4230686170376867,0.11322211676131344,0.001434130905212605,0.008305046572609887,620,391.0,3.5,5,1.201775118118519,visible_pixel_support,False,visible_candidate,line-simulation-a22-000417,,,,,
simulation-a22,1.4259368788481117,0.11322211676131344,0.001434130905212605,0.008305046572609887,621,391.0,3.5,6,0.9966661774723775,visible_pixel_support,False,visible_candidate,line-simulation-a22-000418,,,,,
simulation-a22,1.4288051406585367,0.11084924631199633,0.001434130905212605,0.008305046572609887,622,392.0,3.5,5,0.23014108509136122,visible_pixel_support,False,visible_candidate,line-simulation-a22-000419,,,,,
simulation-a22,1.4316734024689617,0.12034072810926477,0.001434130905212605,0.010677917021926997,623,388.0,4.5,6,3.5218658892127905,visible_pixel_support,False,visible_candidate,line-simulation-a22-000420,,,,,
simulation-a22,1.4345416642793867,0.12034072810926477,0.001434130905212605,0.005932176123292776,624,388.0,2.5,4,3.2531996591703205,visible_pixel_support,False,visible_candidate,line-simulation-a22-000421,,,,,
simulation-a22,1.4374099260898117,0.11796785765994766,0.001434130905212605,0.013050787471244107,625,389.0,5.5,6,1.9643727835665459,visible_pixel_support,False,visible_candidate,line-simulation-a22-000422,,,,,
simulation-a22,1.4402781879002367,0.11796785765994766,0.001434130905212605,0.014237222695902663,626,389.0,6.0,8,1.655897821187068,visible_pixel_support,False,visible_candidate,line-simulation-a22-000423,,,,,
simulation-a22,1.4431464497106616,0.11796785765994766,0.001434130905212605,0.014237222695902663,627,389.0,6.0,9,1.3282873308172611,visible_pixel_support,False,visible_candidate,line-simulation-a22-000424,,,,,
simulation-a22,1.4460147115210866,0.11796785765994766,0.001434130905212605,0.015423657920561107,628,389.0,6.5,11,0.9820538712425559,visible_pixel_support,False,visible_candidate,line-simulation-a22-000425,,,,,
simulation-a22,1.4488829733315116,0.12034072810926477,0.001434130905212605,0.016610093145219773,629,388.0,7.0,13,1.617710001248497,visible_pixel_support,False,visible_candidate,line-simulation-a22-000426,,,,,
simulation-a22,1.4517512351419366,0.11796785765994766,0.001434130905212605,0.016610093145219662,630,389.0,7.0,8,0.2357682796205154,visible_pixel_support,False,visible_candidate,line-simulation-a22-000427,,,,,
simulation-a22,1.4546194969523616,0.11322211676131344,0.001434130905212605,0.013050787471243996,631,391.0,5.5,7,2.163258734856015,visible_pixel_support,False,visible_candidate,line-simulation-a22-000428,,,,,
simulation-a22,1.4574877587627866,0.11796785765994766,0.001434130905212605,0.011864352246585552,632,389.0,5.0,8,0.578858483395436,visible_pixel_support,False,visible_candidate,line-simulation-a22-000429,,,,,
simulation-a22,1.4603560205732116,0.11796785765994766,0.001434130905212605,0.011864352246585552,633,389.0,5.0,9,1.0105184072126008,visible_pixel_support,False,visible_candidate,line-simulation-a22-000430,,,,,
simulation-a22,1.4632242823836366,0.12271359855858177,0.001434130905212605,0.011864352246585552,634,387.0,5.0,11,0.5422740524781489,visible_pixel_support,False,visible_candidate,line-simulation-a22-000431,,,,,
simulation-a22,1.4660925441940615,0.13457795080516732,0.001434130905212605,0.0035593056739756657,635,382.0,1.5,4,5.080031454462244,visible_pixel_support,False,visible_candidate,line-simulation-a22-000432,,,,,
simulation-a22,1.4689608060044865,0.14169656215311854,0.001434130905212605,0.0011864352246585552,636,379.0,0.5,1,7.603266357525115,visible_pixel_support,False,visible_candidate,line-simulation-a22-000433,,,,,
simulation-a22,1.4718290678149115,0.14169656215311854,0.001434130905212605,0.0011864352246585552,637,379.0,0.5,1,7.112491320452193,visible_pixel_support,False,visible_candidate,line-simulation-a22-000434,,,,,
simulation-a22,1.4746973296253365,0.13932369170380143,0.001434130905212605,0.004745740898634221,638,380.0,2.0,5,5.608218902028966,visible_pixel_support,False,visible_candidate,line-simulation-a22-000435,,,,,
simulation-a22,1.4775655914357615,0.14169656215311854,0.001434130905212605,0.004745740898634221,639,379.0,2.0,5,6.090961661040922,visible_pixel_support,False,visible_candidate,line-simulation-a22-000436,,,,,
simulation-a22,1.4804338532461865,0.14406943260243565,0.001434130905212605,0.0023728704493171104,640,378.0,1.0,3,6.5612321562734905,visible_pixel_support,False,visible_candidate,line-simulation-a22-000437,,,,,
simulation-a22,1.4833021150566117,0.14644230305175276,0.001434130905212605,0.0023728704493171104,641,377.0,1.0,2,7.019542946512047,visible_pixel_support,False,visible_candidate,line-simulation-a22-000438,,,,,
simulation-a22,1.4861703768670367,0.14881517350106988,0.001434130905212605,0.0023728704493171104,642,376.0,1.0,3,7.466406590542192,visible_pixel_support,False,visible_candidate,line-simulation-a22-000439,,,,,
simulation-a22,1.4890386386774617,0.15118804395038699,0.001434130905212605,0.0023728704493171104,643,375.0,1.0,3,7.9023356471493,visible_pixel_support,False,visible_candidate,line-simulation-a22-000440,,,,,
simulation-a22,1.4919069004878867,0.1535609143997041,0.001434130905212605,0.0011864352246585552,644,374.0,0.5,1,8.327842675118802,visible_pixel_support,False,visible_candidate,line-simulation-a22-000441,,,,,
simulation-a22,1.4947751622983116,0.1559337848490212,0.001434130905212605,0.0011864352246585552,645,373.0,0.5,1,8.743440233236186,visible_pixel_support,False,visible_candidate,line-simulation-a22-000442,,,,,
simulation-a22,1.5005116859191616,0.1583066552983382,0.001434130905212605,0.0011864352246585552,647,372.0,0.5,1,8.546957175056377,visible_pixel_support,True,visible_candidate,line-simulation-a22-000443,,,,,
simulation-a22,1.5062482095400116,0.16067952574765532,0.001434130905212605,0.0011864352246585552,649,371.0,0.5,2,8.316986942893493,visible_pixel_support,True,visible_candidate,line-simulation-a22-000444,,,,,
simulation-a22,1.5091164713504366,0.16305239619697243,0.001434130905212605,0.0011864352246585552,650,370.0,0.5,2,8.690725533532031,visible_pixel_support,False,visible_candidate,line-simulation-a22-000445,,,,,
simulation-a22,1.5119847331608616,0.16542526664628954,0.001434130905212605,0.0011864352246585552,651,369.0,0.5,1,9.057630007031264,visible_pixel_support,False,visible_candidate,line-simulation-a22-000446,,,,,
simulation-a22,1.5148529949712866,0.16542526664628954,0.001434130905212605,0.0011864352246585552,652,369.0,0.5,2,8.418212922176508,visible_pixel_support,False,visible_candidate,line-simulation-a22-000447,,,,,
simulation-a22,1.5177212567817115,0.16779813709560665,0.001434130905212605,0.0011864352246585552,653,368.0,0.5,2,8.772986837753251,visible_pixel_support,False,visible_candidate,line-simulation-a22-000448,,,,,
simulation-a22,1.5205895185921365,0.17017100754492376,0.001434130905212605,0.0011864352246585552,654,367.0,0.5,1,9.122464312546924,visible_pixel_support,False,visible_candidate,line-simulation-a22-000449,,,,,
simulation-a22,1.5234577804025615,0.17017100754492376,0.001434130905212605,0.0011864352246585552,655,367.0,0.5,2,8.467157905343129,visible_pixel_support,False,visible_candidate,line-simulation-a22-000450,,,,,
simulation-a22,1.5263260422129865,0.17017100754492376,0.001434130905212605,0.0023728704493171104,656,367.0,1.0,3,7.807580174927068,visible_pixel_support,False,visible_candidate,line-simulation-a22-000451,,,,,
simulation-a22,1.5291943040234115,0.17017100754492376,0.001434130905212605,0.0023728704493171104,657,367.0,1.0,2,7.1442436800844575,visible_pixel_support,False,visible_candidate,line-simulation-a22-000452,,,,,
simulation-a22,1.5320625658338365,0.17254387799424087,0.001434130905212605,0.0023728704493171104,658,366.0,1.0,3,7.477660979600614,visible_pixel_support,False,visible_candidate,line-simulation-a22-000453,,,,,
simulation-a22,1.5349308276442615,0.17254387799424087,0.001434130905212605,0.0035593056739756657,659,366.0,1.5,3,6.808344632260969,visible_pixel_support,False,visible_candidate,line-simulation-a22-000454,,,,,
simulation-a22,1.5377990894546865,0.17491674844355787,0.001434130905212605,0.0023728704493171104,660,365.0,1.0,3,7.136807196851066,visible_pixel_support,False,visible_candidate,line-simulation-a22-000455,,,,,
simulation-a22,1.5406673512651115,0.17491674844355787,0.001434130905212605,0.0035593056739756657,661,365.0,1.5,4,6.46356123215628,visible_pixel_support,False,visible_candidate,line-simulation-a22-000456,,,,,
simulation-a22,1.5435356130755364,0.17728961889287498,0.001434130905212605,0.0035593056739756657,662,364.0,1.5,4,6.789119296962099,visible_pixel_support,False,visible_candidate,line-simulation-a22-000457,,,,,
simulation-a22,1.5464038748859614,0.17728961889287498,0.001434130905212605,0.0035593056739756657,663,364.0,1.5,4,6.1139939500540095,visible_pixel_support,False,visible_candidate,line-simulation-a22-000458,,,,,
simulation-a22,1.5521403985068114,0.18915397113946053,0.001434130905212605,0.0011864352246585552,665,359.0,0.5,1,9.763743256237774,visible_pixel_support,True,visible_candidate,line-simulation-a22-000459,,,,,
simulation-a22,1.5550086603172364,0.18678110069014342,0.001434130905212605,0.0011864352246585552,666,360.0,0.5,1,8.089643026900603,visible_pixel_support,False,visible_candidate,line-simulation-a22-000460,,,,,
simulation-a22,1.5636134457485116,0.16542526664628954,0.001434130905212605,0.0011864352246585552,669,369.0,0.5,1,2.9224064854018934,visible_pixel_support,True,visible_candidate,line-simulation-a22-000461,,,,,
simulation-a22,1.5664817075589366,0.19627258248741175,0.001434130905212605,0.0011864352246585552,670,356.0,0.5,1,9.412035931685125,visible_pixel_support,False,visible_candidate,line-simulation-a22-000462,,,,,
simulation-a22,1.5693499693693616,0.16542526664628954,0.001434130905212605,0.016610093145219662,671,369.0,7.0,3,4.250104592658204,visible_pixel_support,False,visible_candidate,line-simulation-a22-000463,,,,,
simulation-a22,1.5722182311797865,0.17017100754492376,0.001434130905212605,0.015423657920561107,672,367.0,6.5,3,2.908315499646278,visible_pixel_support,False,visible_candidate,line-simulation-a22-000464,,,,,
simulation-a22,1.5750864929902115,0.16542526664628954,0.001434130905212605,0.017796528369878217,673,369.0,7.5,3,5.562084230493724,visible_pixel_support,False,visible_candidate,line-simulation-a22-000465,,,,,
simulation-a22,1.5779547548006365,0.19864545293672886,0.001434130905212605,0.0023728704493171104,674,355.0,1.0,3,7.789101773584832,visible_pixel_support,False,visible_candidate,line-simulation-a22-000466,,,,,
simulation-a22,1.5808230166110615,0.19864545293672886,0.001434130905212605,0.0023728704493171104,675,355.0,1.0,3,7.145755071374936,visible_pixel_support,False,visible_candidate,line-simulation-a22-000467,,,,,
simulation-a22,1.5836912784214865,0.20101832338604597,0.001434130905212605,0.0023728704493171104,676,354.0,1.0,3,7.508388221662017,visible_pixel_support,False,visible_candidate,line-simulation-a22-000468,,,,,
simulation-a22,1.5865595402319115,0.20101832338604597,0.001434130905212605,0.0023728704493171104,677,354.0,1.0,3,6.877513783231507,visible_pixel_support,False,visible_candidate,line-simulation-a22-000469,,,,,
simulation-a22,1.5894278020423365,0.20101832338604597,0.001434130905212605,0.0035593056739756657,678,354.0,1.5,4,6.2536443148687795,visible_pixel_support,False,visible_candidate,line-simulation-a22-000470,,,,,
simulation-a22,1.5922960638527615,0.20339119383536308,0.001434130905212605,0.004745740898634221,679,353.0,2.0,5,6.637292375359493,visible_pixel_support,False,visible_candidate,line-simulation-a22-000471,,,,,
simulation-a22,1.5951643256631864,0.20101832338604597,0.001434130905212605,0.005932176123292776,680,354.0,2.5,6,5.028970523489022,visible_pixel_support,False,visible_candidate,line-simulation-a22-000472,,,,,
simulation-a22,1.5980325874736114,0.19864545293672886,0.001434130905212605,0.008305046572609887,681,355.0,3.5,8,3.429191318042683,visible_pixel_support,False,visible_candidate,line-simulation-a22-000473,,,,,
simulation-a22,1.6009008492840364,0.19864545293672886,0.001434130905212605,0.010677917021926997,682,355.0,4.5,8,2.8384673178061917,visible_pixel_support,False,visible_candidate,line-simulation-a22-000474,,,,,
simulation-a22,1.6037691110944614,0.19389971203809464,0.001434130905212605,0.010677917021926997,683,357.0,4.5,5,0.257311081564751,visible_pixel_support,False,visible_candidate,line-simulation-a22-000475,,,,,
simulation-a22,1.6066373729048864,0.19627258248741175,0.001434130905212605,0.011864352246585552,684,356.0,5.0,7,0.6862351681040195,visible_pixel_support,False,visible_candidate,line-simulation-a22-000476,,,,,
simulation-a22,1.6095056347153114,0.20101832338604597,0.001434130905212605,0.013050787471243996,685,354.0,5.5,9,2.1257521362092575,visible_pixel_support,False,visible_candidate,line-simulation-a22-000477,,,,,
simulation-a22,1.6123738965257364,0.20101832338604597,0.001434130905212605,0.013050787471243996,686,354.0,5.5,11,1.5763745446659527,visible_pixel_support,False,visible_candidate,line-simulation-a22-000478,,,,,
simulation-a22,1.6152421583361614,0.20101832338604597,0.001434130905212605,0.013050787471243996,687,354.0,5.5,12,1.0386149522597634,visible_pixel_support,False,visible_candidate,line-simulation-a22-000479,,,,,
simulation-a22,1.6181104201465863,0.20101832338604597,0.001434130905212605,0.013050787471243996,688,354.0,5.5,7,0.5129859177759499,visible_pixel_support,False,visible_candidate,line-simulation-a22-000480,,,,,
simulation-a22,1.6209786819570113,0.20101832338604597,0.001434130905212605,0.010677917021926886,689,354.0,4.5,8,0.0,visible_pixel_support,False,visible_candidate,line-simulation-a22-000481,,,,,
simulation-a33,0.0405664244128387,0.031358086259873685,0.001434130905212494,0.0035593056739757767,138,425.5,1.5,4,0.5,visible_pixel_support,True,visible_candidate,line-simulation-a33-000001,138,138,6.9,,solid
simulation-a33,0.04343468622326374,0.03017165103521502,0.0014341309052125495,0.0023728704493171104,139,426.0,1.0,3,0.0,visible_pixel_support,False,visible_candidate,line-simulation-a33-000002,139,139,6.575,,solid
simulation-a33,0.04630294803368873,0.03017165103521502,0.001434130905212494,0.0023728704493171104,140,426.0,1.0,3,0.0,visible_pixel_support,False,visible_candidate,line-simulation-a33-000003,140,140,6.4,,solid
simulation-a33,0.04917120984411372,0.03017165103521502,0.001434130905212494,0.004745740898634221,141,426.0,2.0,5,0.0,visible_pixel_support,False,visible_candidate,line-simulation-a33-000004,141,141,6.4,,solid
simulation-a33,0.052039471654538705,0.02779878058589791,0.001434130905212494,0.004745740898634221,142,427.0,2.0,5,1.0,visible_pixel_support,False,visible_candidate,line-simulation-a33-000005,142,142,7.75,,solid
simulation-a33,0.05490773346496369,0.026612345361239464,0.001434130905212494,0.005932176123292665,143,427.5,2.5,6,1.5,visible_pixel_support,False,visible_candidate,line-simulation-a33-000006,143,143,8.075000000000001,,solid
simulation-a33,0.05777599527538868,0.03017165103521502,0.001434130905212494,0.0023728704493171104,144,426.0,1.0,3,0.0,visible_pixel_support,False,visible_candidate,line-simulation-a33-000007,144,144,6.925000000000001,,solid
simulation-a33,0.06064425708581367,0.03017165103521502,0.001434130905212494,0.0023728704493171104,145,426.0,1.0,3,0.0,visible_pixel_support,False,visible_candidate,line-simulation-a33-000008,145,145,6.4,,solid
simulation-a33,0.06351251889623871,0.03017165103521502,0.0014341309052125495,0.0023728704493171104,146,426.0,1.0,3,0.0,visible_pixel_support,False,visible_candidate,line-simulation-a33-000009,146,146,6.4,,solid
simulation-a33,0.0663807807066637,0.03017165103521502,0.001434130905212494,0.0023728704493171104,147,426.0,1.0,3,5.684341886080802e-14,visible_pixel_support,False,visible_candidate,line-simulation-a33-000010,147,147,6.400000000000057,,solid
simulation-a33,0.06924904251708869,0.03017165103521502,0.001434130905212494,0.0023728704493171104,148,426.0,1.0,3,0.0,visible_pixel_support,False,visible_candidate,line-simulation-a33-000011,148,148,6.4,,solid
simulation-a33,0.07211730432751368,0.03017165103521502,0.001434130905212494,0.0023728704493171104,149,426.0,1.0,3,0.0,visible_pixel_support,False,visible_candidate,line-simulation-a33-000012,149,149,6.4,,solid
simulation-a33,0.07498556613793866,0.03017165103521502,0.001434130905212494,0.0023728704493171104,150,426.0,1.0,3,0.0,visible_pixel_support,False,visible_candidate,line-simulation-a33-000013,150,150,4.293663833572168,,solid
uct-test-a33,0.07498556613793866,0.0622054021009959,0.001434130905212494,0.0011864352246585552,150,412.5,0.5,2,4.293663833572168,visible_pixel_support,True,visible_candidate,line-uct-test-a33-000001,150,150,4.293663833572168,,dashed
simulation-a33,0.07785382794836365,0.03017165103521502,0.001434130905212494,0.0023728704493171104,151,426.0,1.0,3,0.0,visible_pixel_support,False,visible_candidate,line-simulation-a33-000014,151,151,3.95197478242203,,solid
uct-test-a33,0.07785382794836365,0.06339183732565445,0.001434130905212494,0.0023728704493171104,151,412.0,1.0,3,3.7769747824220303,visible_pixel_support,False,visible_candidate,line-uct-test-a33-000002,151,151,3.95197478242203,,dashed
simulation-a33,0.08072208975878864,0.03017165103521502,0.001434130905212494,0.0023728704493171104,152,426.0,1.0,3,0.0,visible_pixel_support,False,visible_candidate,line-simulation-a33-000015,152,152,4.435328389830533,,solid
uct-test-a33,0.08072208975878864,0.0622054021009959,0.001434130905212494,0.0035593056739756657,152,412.5,1.5,4,4.2603283898305335,visible_pixel_support,False,visible_candidate,line-uct-test-a33-000003,152,152,4.435328389830533,,dashed
simulation-a33,0.08359035156921368,0.03017165103521502,0.0014341309052125495,0.0023728704493171104,153,426.0,1.0,3,5.684341886080802e-14,visible_pixel_support,False,visible_candidate,line-simulation-a33-000016,153,153,3.918717127816694,,solid
uct-test-a33,0.08359035156921368,0.06339183732565445,0.0014341309052125495,0.004745740898634221,153,412.0,2.0,5,3.7437171278166375,visible_pixel_support,False,visible_candidate,line-uct-test-a33-000004,153,153,3.918717127816694,,dashed
simulation-a33,0.08645861337963867,0.03017165103521502,0.001434130905212494,0.0023728704493171104,154,426.0,1.0,3,0.0,visible_pixel_support,False,visible_candidate,line-simulation-a33-000017,154,154,3.402133468399472,,solid
uct-test-a33,0.08645861337963867,0.06457827255031301,0.001434130905212494,0.0035593056739756657,154,411.5,1.5,4,3.2271334683994723,visible_pixel_support,False,visible_candidate,line-uct-test-a33-000005,154,154,3.402133468399472,,dashed
simulation-a33,0.08932687519006366,0.03017165103521502,0.001434130905212494,0.0023728704493171104,155,426.0,1.0,3,0.0,visible_pixel_support,False,visible_candidate,line-simulation-a33-000018,155,155,2.8855698835981114,,solid
uct-test-a33,0.08932687519006366,0.06576470777497156,0.001434130905212494,0.004745740898634221,155,411.0,2.0,5,2.7105698835981116,visible_pixel_support,False,visible_candidate,line-uct-test-a33-000006,155,155,2.8855698835981114,,dashed
simulation-a33,0.09219513700048865,0.03017165103521502,0.001434130905212494,0.0023728704493171104,156,426.0,1.0,3,0.0,visible_pixel_support,False,visible_candidate,line-simulation-a33-000019,156,156,2.6940188454316285,,solid
uct-test-a33,0.09219513700048865,0.06576470777497156,0.001434130905212494,0.004745740898634221,156,411.0,2.0,5,2.6940188454316285,visible_pixel_support,False,visible_candidate,line-uct-test-a33-000007,156,156,2.6940188454316285,,dashed
simulation-a33,0.09506339881091364,0.028985215810556575,0.001434130905212494,0.0035593056739757767,157,426.5,1.5,4,0.5,visible_pixel_support,False,visible_candidate,line-simulation-a33-000020,157,157,3.3524728259190395,,solid
uct-test-a33,0.09506339881091364,0.06576470777497156,0.001434130905212494,0.004745740898634221,157,411.0,2.0,5,2.6774728259190397,visible_pixel_support,False,visible_candidate,line-uct-test-a33-000008,157,157,3.3524728259190395,,dashed
simulation-a33,0.09793166062133862,0.028985215810556575,0.001434130905212494,0.0035593056739757767,158,426.5,1.5,4,0.5,visible_pixel_support,False,visible_candidate,line-simulation-a33-000021,158,158,3.160924297079646,,solid
uct-test-a33,0.09793166062133862,0.06576470777497156,0.001434130905212494,0.004745740898634221,158,411.0,2.0,5,2.660924297079646,visible_pixel_support,False,visible_candidate,line-uct-test-a33-000009,158,158,3.160924297079646,,dashed
simulation-a33,0.10079992243176361,0.028985215810556575,0.001434130905212494,0.0035593056739757767,159,426.5,1.5,4,0.5,visible_pixel_support,False,visible_candidate,line-simulation-a33-000022,159,159,3.1443657309321793,,solid
uct-test-a33,0.10079992243176361,0.06576470777497156,0.001434130905212494,0.004745740898634221,159,411.0,2.0,5,2.6443657309321793,visible_pixel_support,False,visible_candidate,line-uct-test-a33-000010,159,159,3.1443657309321793,,dashed
simulation-a33,0.1036681842421886,0.028985215810556575,0.0014341309052125495,0.0035593056739757767,160,426.5,1.5,4,0.5,visible_pixel_support,False,visible_candidate,line-simulation-a33-000023,160,160,2.477789599495941,,solid
uct-test-a33,0.1036681842421886,0.06813757822428856,0.0014341309052125495,0.004745740898634221,160,410.0,2.0,5,1.6277895994959408,visible_pixel_support,False,visible_candidate,line-uct-test-a33-000011,160,160,2.477789599495941,,dashed
simulation-a33,0.10653644605261364,0.028985215810556575,0.001434130905212494,0.0035593056739757767,161,426.5,1.5,4,0.5,visible_pixel_support,False,visible_candidate,line-simulation-a33-000024,161,161,2.1111883747900038,,solid
uct-test-a33,0.10653644605261364,0.06813757822428856,0.001434130905212494,0.004745740898634221,161,410.0,2.0,5,1.6111883747900038,visible_pixel_support,False,visible_candidate,line-uct-test-a33-000012,161,161,2.1111883747900038,,dashed
simulation-a33,0.10940470786303863,0.02779878058589791,0.001434130905212494,0.0023728704493171104,162,427.0,1.0,3,1.0,visible_pixel_support,False,visible_candidate,line-simulation-a33-000025,162,162,2.444554528833271,,solid
uct-test-a33,0.10940470786303863,0.06932401344894712,0.001434130905212494,0.0035593056739756657,162,409.5,1.5,4,1.094554528833271,visible_pixel_support,False,visible_candidate,line-uct-test-a33-000013,162,162,2.444554528833271,,dashed
simulation-a33,0.11227296967346362,0.02779878058589791,0.001434130905212494,0.0023728704493171104,163,427.0,1.0,3,1.0,visible_pixel_support,False,visible_candidate,line-simulation-a33-000026,163,163,2.077880533645043,,solid
uct-test-a33,0.11227296967346362,0.06932401344894712,0.001434130905212494,0.0035593056739756657,163,409.5,1.5,4,1.0778805336450432,visible_pixel_support,False,visible_candidate,line-uct-test-a33-000014,163,163,2.077880533645043,,dashed
simulation-a33,0.1151412314838886,0.02779878058589791,0.001434130905212494,0.0023728704493171104,164,427.0,1.0,3,1.0,visible_pixel_support,False,visible_candidate,line-simulation-a33-000027,164,164,2.736158861244223,,solid
uct-test-a33,0.1151412314838886,0.06813757822428856,0.001434130905212494,0.0011864352246585552,164,410.0,0.5,1,1.5611588612442233,visible_pixel_support,False,visible_candidate,line-uct-test-a33-000015,164,164,2.736158861244223,,dashed
simulation-a33,0.1180094932943136,0.03017165103521502,0.001434130905212494,0.007118611347951331,165,426.0,3.0,7,0.0,visible_pixel_support,False,visible_candidate,line-simulation-a33-000028,165,165,6.75,,solid
simulation-a33,0.12087775510473858,0.03017165103521502,0.001434130905212494,0.004745740898634221,166,426.0,2.0,5,0.0,visible_pixel_support,False,visible_candidate,line-simulation-a33-000029,166,166,6.4,,solid
simulation-a33,0.12374601691516357,0.028985215810556575,0.0014341309052125495,0.0035593056739757767,167,426.5,1.5,4,0.5,visible_pixel_support,False,visible_candidate,line-simulation-a33-000030,167,167,7.075,,solid
simulation-a33,0.1266142787255886,0.028985215810556575,0.001434130905212494,0.0035593056739757767,168,426.5,1.5,4,0.5,visible_pixel_support,False,visible_candidate,line-simulation-a33-000031,168,168,6.9,,solid
simulation-a33,0.1294825405360136,0.028985215810556575,0.001434130905212494,0.0035593056739757767,169,426.5,1.5,4,0.5,visible_pixel_support,False,visible_candidate,line-simulation-a33-000032,169,169,6.9,,solid
simulation-a33,0.1323508023464386,0.028985215810556575,0.001434130905212494,0.005932176123292887,170,426.5,2.5,6,0.5,visible_pixel_support,False,visible_candidate,line-simulation-a33-000033,170,170,6.9,,solid
simulation-a33,0.13521906415686358,0.026612345361239464,0.001434130905212494,0.005932176123292665,171,427.5,2.5,6,1.5,visible_pixel_support,False,visible_candidate,line-simulation-a33-000034,171,171,1.9078601579100565,,solid
uct-test-a33,0.13521906415686358,0.07169688389826423,0.001434130905212494,0.0011864352246585552,171,408.5,0.5,2,0.05786015791005639,visible_pixel_support,True,visible_candidate,line-uct-test-a33-000016,171,171,1.9078601579100565,,dashed
simulation-a33,0.13808732596728857,0.02779878058589791,0.001434130905212494,0.0023728704493171104,172,427.0,1.0,3,1.0,visible_pixel_support,False,visible_candidate,line-simulation-a33-000035,172,172,1.2502342553244603,,solid
uct-test-a33,0.13808732596728857,0.07169688389826423,0.001434130905212494,0.0035593056739756657,172,408.5,1.5,4,0.07523425532446026,visible_pixel_support,False,visible_candidate,line-uct-test-a33-000017,172,172,1.2502342553244603,,dashed
simulation-a33,0.14095558777771355,0.02779878058589791,0.001434130905212494,0.0023728704493171104,173,427.0,1.0,3,1.0,visible_pixel_support,False,visible_candidate,line-simulation-a33-000036,173,173,1.5822762182203178,,solid
uct-test-a33,0.14095558777771355,0.07051044867360567,0.001434130905212494,0.004745740898634221,173,409.0,2.0,5,0.4072762182203178,visible_pixel_support,False,visible_candidate,line-uct-test-a33-000018,173,173,1.5822762182203178,,dashed
simulation-a33,0.14382384958813854,0.02779878058589791,0.001434130905212494,0.0023728704493171104,174,427.0,1.0,3,1.0,visible_pixel_support,False,visible_candidate,line-simulation-a33-000037,174,174,1.3896637347432375,,solid
uct-test-a33,0.14382384958813854,0.07051044867360567,0.001434130905212494,0.004745740898634221,174,409.0,2.0,5,0.38966373474323746,visible_pixel_support,False,visible_candidate,line-uct-test-a33-000019,174,174,1.3896637347432375,,dashed
simulation-a33,0.14669211139856353,0.03017165103521502,0.001434130905212494,0.0023728704493171104,175,426.0,1.0,3,0.0,visible_pixel_support,False,visible_candidate,line-simulation-a33-000038,175,175,2.071920766263543,,solid
uct-test-a33,0.14669211139856353,0.06813757822428856,0.001434130905212494,0.004745740898634221,175,410.0,2.0,5,1.3719207662635426,visible_pixel_support,False,visible_candidate,line-uct-test-a33-000020,175,175,2.071920766263543,,dashed
simulation-a33,0.14956037320898852,0.03017165103521502,0.001434130905212494,0.0023728704493171104,176,426.0,1.0,3,0.0,visible_pixel_support,False,visible_candidate,line-simulation-a33-000039,176,176,1.3540397848001362,,solid
uct-test-a33,0.14956037320898852,0.06813757822428856,0.001434130905212494,0.004745740898634221,176,410.0,2.0,5,1.3540397848001362,visible_pixel_support,False,visible_candidate,line-uct-test-a33-000021,176,176,1.3540397848001362,,dashed
simulation-a33,0.1524286350194135,0.03017165103521502,0.001434130905212494,0.0023728704493171104,177,426.0,1.0,3,0.0,visible_pixel_support,False,visible_candidate,line-simulation-a33-000040,177,177,2.011013262372205,,solid
uct-test-a33,0.1524286350194135,0.06695114299963012,0.001434130905212494,0.0035593056739756657,177,410.5,1.5,4,1.8360132623722052,visible_pixel_support,False,visible_candidate,line-uct-test-a33-000022,177,177,2.011013262372205,,dashed
simulation-a33,0.1552968968298386,0.03017165103521502,0.001434130905212605,0.0023728704493171104,178,426.0,1.0,3,0.0,visible_pixel_support,False,visible_candidate,line-simulation-a33-000041,178,178,1.8178336709987093,,solid
uct-test-a33,0.1552968968298386,0.06695114299963012,0.001434130905212605,0.0035593056739756657,178,410.5,1.5,4,1.8178336709987093,visible_pixel_support,False,visible_candidate,line-uct-test-a33-000023,178,178,1.8178336709987093,,dashed
simulation-a33,0.1581651586402636,0.03017165103521502,0.001434130905212494,0.0023728704493171104,179,426.0,1.0,3,0.0,visible_pixel_support,False,visible_candidate,line-simulation-a33-000042,179,179,2.4744934826987786,,solid
uct-test-a33,0.1581651586402636,0.06576470777497156,0.001434130905212494,0.004745740898634221,179,411.0,2.0,5,2.2994934826987787,visible_pixel_support,False,visible_candidate,line-uct-test-a33-000024,179,179,2.4744934826987786,,dashed
simulation-a33,0.16103342045068858,0.03017165103521502,0.001434130905212494,0.0023728704493171104,180,426.0,1.0,3,0.0,visible_pixel_support,False,visible_candidate,line-simulation-a33-000043,180,180,2.2809851694915437,,solid
uct-test-a33,0.16103342045068858,0.06576470777497156,0.001434130905212494,0.004745740898634221,180,411.0,2.0,5,2.2809851694915437,visible_pixel_support,False,visible_candidate,line-uct-test-a33-000025,180,180,2.2809851694915437,,dashed
simulation-a33,0.16390168226111357,0.03017165103521502,0.001434130905212494,0.0023728704493171104,181,426.0,1.0,3,0.0,visible_pixel_support,False,visible_candidate,line-simulation-a33-000044,181,181,2.262301203395964,,solid
uct-test-a33,0.16390168226111357,0.06576470777497156,0.001434130905212494,0.004745740898634221,181,411.0,2.0,5,2.262301203395964,visible_pixel_support,False,visible_candidate,line-uct-test-a33-000026,181,181,2.262301203395964,,dashed
simulation-a33,0.16676994407153856,0.03017165103521502,0.001434130905212494,0.0023728704493171104,182,426.0,1.0,3,0.0,visible_pixel_support,False,visible_candidate,line-simulation-a33-000045,182,182,2.2434340564312834,,solid
uct-test-a33,0.16676994407153856,0.06576470777497156,0.001434130905212494,0.004745740898634221,182,411.0,2.0,5,2.2434340564312834,visible_pixel_support,False,visible_candidate,line-uct-test-a33-000027,182,182,2.2434340564312834,,dashed
simulation-a33,0.16963820588196354,0.03017165103521502,0.001434130905212494,0.0023728704493171104,183,426.0,1.0,3,0.0,visible_pixel_support,False,visible_candidate,line-simulation-a33-000046,183,183,2.8993762006164614,,solid
uct-test-a33,0.16963820588196354,0.06457827255031301,0.001434130905212494,0.0035593056739756657,183,411.5,1.5,4,2.7243762006164616,visible_pixel_support,False,visible_candidate,line-uct-test-a33-000028,183,183,2.8993762006164614,,dashed
simulation-a33,0.17250646769238853,0.03017165103521502,0.001434130905212494,0.0023728704493171104,184,426.0,1.0,3,0.0,visible_pixel_support,False,visible_candidate,line-simulation-a33-000047,184,184,2.705120107970572,,solid
uct-test-a33,0.17250646769238853,0.06457827255031301,0.001434130905212494,0.0035593056739756657,184,411.5,1.5,4,2.705120107970572,visible_pixel_support,False,visible_candidate,line-uct-test-a33-000029,184,184,2.705120107970572,,dashed
simulation-a33,0.17537472950281352,0.03017165103521502,0.001434130905212494,0.0023728704493171104,185,426.0,1.0,3,0.0,visible_pixel_support,False,visible_candidate,line-simulation-a33-000048,185,185,3.360658250512688,,solid
uct-test-a33,0.17537472950281352,0.06339183732565445,0.001434130905212494,0.0011864352246585552,185,412.0,0.5,1,3.185658250512688,visible_pixel_support,False,visible_candidate,line-uct-test-a33-000030,185,185,3.360658250512688,,dashed
simulation-a33,0.1782429913132385,0.03017165103521502,0.001434130905212494,0.0023728704493171104,186,426.0,1.0,3,0.0,visible_pixel_support,False,visible_candidate,line-simulation-a33-000049,186,186,6.4,,solid
simulation-a33,0.1811112531236635,0.03017165103521502,0.001434130905212494,0.0023728704493171104,187,426.0,1.0,3,0.0,visible_pixel_support,False,visible_candidate,line-simulation-a33-000050,187,187,6.4,,solid
simulation-a33,0.18397951493408848,0.03017165103521502,0.001434130905212494,0.0023728704493171104,188,426.0,1.0,3,0.0,visible_pixel_support,False,visible_candidate,line-simulation-a33-000051,188,188,6.4,,solid
simulation-a33,0.18684777674451347,0.03017165103521502,0.001434130905212494,0.0023728704493171104,189,426.0,1.0,3,0.0,visible_pixel_support,False,visible_candidate,line-simulation-a33-000052,189,189,6.4,,solid
simulation-a33,0.18971603855493846,0.03017165103521502,0.001434130905212494,0.0023728704493171104,190,426.0,1.0,3,0.0,visible_pixel_support,False,visible_candidate,line-simulation-a33-000053,190,190,6.4,,solid
simulation-a33,0.19258430036536345,0.03017165103521502,0.001434130905212494,0.0023728704493171104,191,426.0,1.0,3,0.0,visible_pixel_support,False,visible_candidate,line-simulation-a33-000054,191,191,6.4,,solid
simulation-a33,0.19545256217578855,0.03017165103521502,0.001434130905212605,0.0023728704493171104,192,426.0,1.0,3,0.0,visible_pixel_support,False,visible_candidate,line-simulation-a33-000055,192,192,5.0430314831743885,,solid
uct-test-a33,0.19545256217578855,0.05864609642702023,0.001434130905212605,0.0023728704493171104,192,414.0,1.0,3,5.0430314831743885,visible_pixel_support,True,visible_candidate,line-uct-test-a33-000031,192,192,5.0430314831743885,,dashed
simulation-a33,0.19832082398621353,0.02779878058589791,0.001434130905212494,0.004745740898634221,193,427.0,2.0,5,1.0,visible_pixel_support,False,visible_candidate,line-simulation-a33-000056,193,193,7.046652499907362,,solid
uct-test-a33,0.19832082398621353,0.05745966120236168,0.001434130905212494,0.0035593056739756657,193,414.5,1.5,4,5.521652499907361,visible_pixel_support,False,visible_candidate,line-uct-test-a33-000032,193,193,7.046652499907362,,dashed
simulation-a33,0.20118908579663852,0.031358086259873685,0.001434130905212494,0.005932176123292887,194,425.5,2.5,6,0.5,visible_pixel_support,False,visible_candidate,line-simulation-a33-000057,194,194,6.525,,solid
uct-test-a33,0.20118908579663852,0.05745966120236168,0.001434130905212494,0.0035593056739756657,194,414.5,1.5,4,5.5,visible_pixel_support,False,visible_candidate,line-uct-test-a33-000033,194,194,6.525,,dashed
simulation-a33,0.2040573476070635,0.031358086259873685,0.001434130905212494,0.0035593056739757767,195,425.5,1.5,4,0.5006064139942055,visible_pixel_support,False,visible_candidate,line-simulation-a33-000058,195,195,5.978219993082007,,solid
uct-test-a33,0.2040573476070635,0.05745966120236168,0.001434130905212494,0.0035593056739756657,195,414.5,1.5,4,5.4776135790878016,visible_pixel_support,False,visible_candidate,line-uct-test-a33-000034,195,195,5.978219993082007,,dashed
simulation-a33,0.2069256094174885,0.03017165103521502,0.001434130905212494,0.0023728704493171104,196,426.0,1.0,3,0.0024023323615551817,visible_pixel_support,False,visible_candidate,line-simulation-a33-000059,196,196,5.306469041854063,,solid
uct-test-a33,0.2069256094174885,0.05864609642702023,0.001434130905212494,0.004745740898634221,196,414.0,2.0,5,4.954066709492508,visible_pixel_support,False,visible_candidate,line-uct-test-a33-000035,196,196,5.306469041854063,,dashed
simulation-a33,0.2097938712279135,0.03017165103521502,0.001434130905212494,0.0023728704493171104,197,426.0,1.0,3,0.005352769679291214,visible_pixel_support,False,visible_candidate,line-simulation-a33-000060,197,197,4.609755447941882,,solid
uct-test-a33,0.2097938712279135,0.05983253165167879,0.001434130905212494,0.0035593056739756657,197,413.5,1.5,4,4.429402678262591,visible_pixel_support,False,visible_candidate,line-uct-test-a33-000036,197,197,4.609755447941882,,dashed
simulation-a33,0.21266213303833847,0.031358086259873685,0.001434130905212494,0.0035593056739757767,198,425.5,1.5,4,0.5094227405247693,visible_pixel_support,False,visible_candidate,line-simulation-a33-000061,198,198,5.088087512971231,,solid
uct-test-a33,0.21266213303833847,0.05983253165167879,0.001434130905212494,0.0035593056739756657,198,413.5,1.5,4,4.4036647724464615,visible_pixel_support,False,visible_candidate,line-uct-test-a33-000037,198,198,5.088087512971231,,dashed
simulation-a33,0.21553039484876346,0.03017165103521502,0.001434130905212494,0.007118611347951331,199,426.0,3.0,7,0.014577259475231585,visible_pixel_support,False,visible_candidate,line-simulation-a33-000062,199,199,4.566473538567936,,solid
uct-test-a33,0.21553039484876346,0.05983253165167879,0.001434130905212494,0.0035593056739756657,199,413.5,1.5,4,4.376896279092705,visible_pixel_support,False,visible_candidate,line-uct-test-a33-000038,199,199,4.566473538567936,,dashed
simulation-a33,0.21839865665918845,0.03017165103521502,0.001434130905212494,0.0023728704493171104,200,426.0,1.0,3,0.02078134110792007,visible_pixel_support,False,visible_candidate,line-simulation-a33-000063,200,200,4.369921826357711,,solid
uct-test-a33,0.21839865665918845,0.05983253165167879,0.001434130905212494,0.0035593056739756657,200,413.5,1.5,4,4.349140485249791,visible_pixel_support,False,visible_candidate,line-uct-test-a33-000039,200,200,4.369921826357711,,dashed
simulation-a33,0.22126691846961344,0.03017165103521502,0.001434130905212494,0.0023728704493171104,201,426.0,1.0,3,0.02800000000002001,visible_pixel_support,False,visible_candidate,line-simulation-a33-000064,201,201,4.348440677966153,,solid
uct-test-a33,0.22126691846961344,0.05983253165167879,0.001434130905212494,0.0035593056739756657,201,413.5,1.5,4,4.320440677966133,visible_pixel_support,False,visible_candidate,line-uct-test-a33-000040,201,201,4.348440677966153,,dashed
simulation-a33,0.22413518028003843,0.03017165103521502,0.001434130905212494,0.0023728704493171104,202,426.0,1.0,3,0.03619825072883032,visible_pixel_support,False,visible_candidate,line-simulation-a33-000065,202,202,4.327038395018974,,solid
uct-test-a33,0.22413518028003843,0.05983253165167879,0.001434130905212494,0.0035593056739756657,202,413.5,1.5,4,4.290840144290144,visible_pixel_support,False,visible_candidate,line-uct-test-a33-000041,202,202,4.327038395018974,,dashed
simulation-a33,0.22700344209046341,0.03017165103521502,0.001434130905212494,0.0023728704493171104,203,426.0,1.0,3,0.045341107871706754,visible_pixel_support,False,visible_candidate,line-simulation-a33-000066,203,203,4.305723279142114,,solid
uct-test-a33,0.22700344209046341,0.05983253165167879,0.001434130905212494,0.0035593056739756657,203,413.5,1.5,4,4.2603821712704075,visible_pixel_support,False,visible_candidate,line-uct-test-a33-000042,203,203,4.305723279142114,,dashed
simulation-a33,0.2298717039008884,0.03017165103521502,0.001434130905212494,0.0023728704493171104,204,426.0,1.0,3,0.05539358600583455,visible_pixel_support,False,visible_candidate,line-simulation-a33-000067,204,204,5.634503631961229,,solid
uct-test-a33,0.2298717039008884,0.05745966120236168,0.001434130905212494,0.0035593056739756657,204,414.5,1.5,4,5.2291100459553945,visible_pixel_support,False,visible_candidate,line-uct-test-a33-000043,204,204,5.634503631961229,,dashed
simulation-a33,0.2327399657113134,0.03017165103521502,0.001434130905212494,0.0023728704493171104,205,426.0,1.0,3,0.06632069970845578,visible_pixel_support,False,visible_candidate,line-simulation-a33-000068,205,205,4.93838775510203,,solid
uct-test-a33,0.2327399657113134,0.05864609642702023,0.001434130905212494,0.0023728704493171104,205,414.0,1.0,3,4.697067055393575,visible_pixel_support,False,visible_candidate,line-uct-test-a33-000044,205,205,4.93838775510203,,dashed
simulation-a33,0.23560822752173838,0.03017165103521502,0.001434130905212605,0.0023728704493171104,206,426.0,1.0,3,0.07808746355681251,visible_pixel_support,False,visible_candidate,line-simulation-a33-000069,206,206,4.742383950190288,,solid
uct-test-a33,0.23560822752173838,0.05864609642702023,0.001434130905212605,0.0011864352246585552,206,414.0,0.5,1,4.664296486633475,visible_pixel_support,False,visible_candidate,line-uct-test-a33-000045,206,206,4.742383950190288,,dashed
simulation-a33,0.23847648933216348,0.03017165103521502,0.001434130905212494,0.0023728704493171104,207,426.0,1.0,3,0.0906588921282605,visible_pixel_support,False,visible_candidate,line-simulation-a33-000070,207,207,6.490658892128261,,solid
simulation-a33,0.24134475114258847,0.03017165103521502,0.001434130905212494,0.0023728704493171104,208,426.0,1.0,3,0.10400000000004184,visible_pixel_support,False,visible_candidate,line-simulation-a33-000071,208,208,6.504000000000042,,solid
simulation-a33,0.24421301295301345,0.03017165103521502,0.001434130905212494,0.0023728704493171104,209,426.0,1.0,3,0.11807580174928489,visible_pixel_support,False,visible_candidate,line-simulation-a33-000072,209,209,6.518075801749285,,solid
simulation-a33,0.24708127476343844,0.03017165103521502,0.001434130905212494,0.0023728704493171104,210,426.0,1.0,3,0.13285131195334543,visible_pixel_support,False,visible_candidate,line-simulation-a33-000073,210,210,6.532851311953346,,solid
simulation-a33,0.24994953657386343,0.03017165103521502,0.001434130905212494,0.0023728704493171104,211,426.0,1.0,3,0.14829154518952237,visible_pixel_support,False,visible_candidate,line-simulation-a33-000074,211,211,6.548291545189523,,solid
simulation-a33,0.2528177983842884,0.03017165103521502,0.001434130905212494,0.0023728704493171104,212,426.0,1.0,3,0.1643615160349441,visible_pixel_support,False,visible_candidate,line-simulation-a33-000075,212,212,6.564361516034944,,solid
simulation-a33,0.2556860601947134,0.03017165103521502,0.001434130905212494,0.0023728704493171104,213,426.0,1.0,3,0.18102623906708004,visible_pixel_support,False,visible_candidate,line-simulation-a33-000076,213,213,4.099192666897295,,solid
uct-test-a33,0.2556860601947134,0.05983253165167879,0.001434130905212494,0.0011864352246585552,213,413.5,0.5,2,3.918166427830215,visible_pixel_support,True,visible_candidate,line-uct-test-a33-000046,213,213,4.099192666897295,,dashed
simulation-a33,0.2585543220051384,0.03017165103521502,0.001434130905212494,0.0023728704493171104,214,426.0,1.0,3,0.19825072886300177,visible_pixel_support,False,visible_candidate,line-simulation-a33-000077,214,214,4.079384296091405,,solid
uct-test-a33,0.2585543220051384,0.05983253165167879,0.001434130905212494,0.0035593056739756657,214,413.5,1.5,4,3.881133567228403,visible_pixel_support,False,visible_candidate,line-uct-test-a33-000047,214,214,4.079384296091405,,dashed
simulation-a33,0.2614225838155634,0.03017165103521502,0.001434130905212494,0.0023728704493171104,215,426.0,1.0,3,0.21600000000006503,visible_pixel_support,False,visible_candidate,line-simulation-a33-000078,215,215,4.059762711864437,,solid
uct-test-a33,0.2614225838155634,0.05983253165167879,0.001434130905212494,0.0035593056739756657,215,413.5,1.5,4,3.843762711864372,visible_pixel_support,False,visible_candidate,line-uct-test-a33-000048,215,215,4.059762711864437,,dashed
simulation-a33,0.26429084562598837,0.03017165103521502,0.001434130905212494,0.0023728704493171104,216,426.0,1.0,3,0.23423906705545505,visible_pixel_support,False,visible_candidate,line-simulation-a33-000079,216,216,4.040336215842274,,solid
uct-test-a33,0.26429084562598837,0.05983253165167879,0.001434130905212494,0.0035593056739756657,216,413.5,1.5,4,3.8060971487868187,visible_pixel_support,False,visible_candidate,line-uct-test-a33-000049,216,216,4.040336215842274,,dashed
simulation-a33,0.26715910743641336,0.03017165103521502,0.001434130905212494,0.0023728704493171104,217,426.0,1.0,3,0.2529329446064139,visible_pixel_support,False,visible_candidate,line-simulation-a33-000080,217,217,4.021113109650628,,solid
uct-test-a33,0.26715910743641336,0.05983253165167879,0.001434130905212494,0.0035593056739756657,217,413.5,1.5,4,3.768180165044214,visible_pixel_support,False,visible_candidate,line-uct-test-a33-000050,217,217,4.021113109650628,,dashed
simulation-a33,0.27002736924683834,0.03017165103521502,0.001434130905212494,0.0023728704493171104,218,426.0,1.0,3,0.27204664723029737,visible_pixel_support,False,visible_candidate,line-simulation-a33-000081,218,218,4.002101694915211,,solid
uct-test-a33,0.27002736924683834,0.05983253165167879,0.001434130905212494,0.0035593056739756657,218,413.5,1.5,4,3.730055047684914,visible_pixel_support,False,visible_candidate,line-uct-test-a33-000051,218,218,4.002101694915211,,dashed
simulation-a33,0.27289563105726333,0.03017165103521502,0.001434130905212494,0.0023728704493171104,219,426.0,1.0,3,0.2915451895043475,visible_pixel_support,False,visible_candidate,line-simulation-a33-000082,219,219,3.983310273261793,,solid
uct-test-a33,0.27289563105726333,0.05983253165167879,0.001434130905212494,0.0035593056739756657,219,413.5,1.5,4,3.6917650837574456,visible_pixel_support,False,visible_candidate,line-uct-test-a33-000052,219,219,3.983310273261793,,dashed
simulation-a33,0.2757638928676883,0.031358086259873685,0.001434130905212605,0.0011864352246586662,220,425.5,0.5,2,0.8113935860058064,visible_pixel_support,False,visible_candidate,line-simulation-a33-000083,220,220,4.314747146316142,,solid
uct-test-a33,0.2757638928676883,0.061018966876337344,0.001434130905212605,0.004745740898634221,220,413.0,2.0,5,3.153353560310336,visible_pixel_support,False,visible_candidate,line-uct-test-a33-000053,220,220,4.314747146316142,,dashed
simulation-a33,0.2786321546781134,0.031358086259873685,0.001434130905212494,0.0011864352246586662,221,425.5,0.5,2,0.831556851311916,visible_pixel_support,False,visible_candidate,line-simulation-a33-000084,221,221,3.621420615703914,,solid
uct-test-a33,0.2786321546781134,0.0622054021009959,0.001434130905212494,0.0035593056739756657,221,412.5,1.5,4,2.6148637643919983,visible_pixel_support,False,visible_candidate,line-uct-test-a33-000054,221,221,3.621420615703914,,dashed
simulation-a33,0.2815004164885384,0.031358086259873685,0.001434130905212494,0.008305046572609998,222,425.5,3.5,8,0.8519999999999754,visible_pixel_support,False,visible_candidate,line-simulation-a33-000085,222,222,3.4283389830508213,,solid
uct-test-a33,0.2815004164885384,0.0622054021009959,0.001434130905212494,0.0035593056739756657,222,412.5,1.5,4,2.576338983050846,visible_pixel_support,False,visible_candidate,line-uct-test-a33-000055,222,222,3.4283389830508213,,dashed
simulation-a33,0.2843686782989634,0.031358086259873685,0.001434130905212494,0.005932176123292887,223,425.5,2.5,6,0.8726880466472267,visible_pixel_support,False,visible_candidate,line-simulation-a33-000086,223,223,3.4105105499826323,,solid
uct-test-a33,0.2843686782989634,0.0622054021009959,0.001434130905212494,0.0035593056739756657,223,412.5,1.5,4,2.5378225033354056,visible_pixel_support,False,visible_candidate,line-uct-test-a33-000056,223,223,3.4105105499826323,,dashed
simulation-a33,0.2872369401093884,0.031358086259873685,0.001434130905212494,0.0035593056739757767,224,425.5,1.5,4,0.8935860058309117,visible_pixel_support,False,visible_candidate,line-simulation-a33-000087,224,224,3.39294361812523,,solid
uct-test-a33,0.2872369401093884,0.0622054021009959,0.001434130905212494,0.0035593056739756657,224,412.5,1.5,4,2.499357612294318,visible_pixel_support,False,visible_candidate,line-uct-test-a33-000057,224,224,3.39294361812523,,dashed
simulation-a33,0.29010520191981337,0.031358086259873685,0.001434130905212494,0.0035593056739757767,225,425.5,1.5,4,0.9146588921282728,visible_pixel_support,False,visible_candidate,line-simulation-a33-000088,225,225,3.375646489104099,,solid
uct-test-a33,0.29010520191981337,0.0622054021009959,0.001434130905212494,0.0035593056739756657,225,412.5,1.5,4,2.4609875969758264,visible_pixel_support,False,visible_candidate,line-uct-test-a33-000058,225,225,3.375646489104099,,dashed
simulation-a33,0.29297346373023836,0.031358086259873685,0.001434130905212494,0.0035593056739757767,226,425.5,1.5,4,0.9358717201166655,visible_pixel_support,False,visible_candidate,line-simulation-a33-000089,226,226,3.3586274645451795,,solid
uct-test-a33,0.29297346373023836,0.0622054021009959,0.001434130905212494,0.0035593056739756657,226,412.5,1.5,4,2.422755744428514,visible_pixel_support,False,visible_candidate,line-uct-test-a33-000059,226,226,3.3586274645451795,,dashed
simulation-a33,0.29584172554066335,0.031358086259873685,0.001434130905212494,0.005932176123292887,227,425.5,2.5,6,0.9571895043731615,visible_pixel_support,False,visible_candidate,line-simulation-a33-000090,227,227,3.3418948460740125,,solid
uct-test-a33,0.29584172554066335,0.0622054021009959,0.001434130905212494,0.0011864352246585552,227,412.5,0.5,2,2.384705341700851,visible_pixel_support,False,visible_candidate,line-uct-test-a33-000060,227,227,3.3418948460740125,,dashed
simulation-a33,0.29870998735108834,0.031358086259873685,0.001434130905212494,0.008305046572609998,228,425.5,3.5,8,0.9785772594752302,visible_pixel_support,False,visible_candidate,line-simulation-a33-000091,228,228,7.378577259475231,,solid
simulation-a33,0.3015782491615133,0.03254452148453213,0.001434130905212494,0.0023728704493171104,229,425.0,1.0,3,1.5,visible_pixel_support,False,visible_candidate,line-simulation-a33-000092,229,229,8.075000000000001,,solid
simulation-a33,0.3044465109719383,0.03254452148453213,0.001434130905212494,0.0023728704493171104,230,425.0,1.0,3,1.5214227405247698,visible_pixel_support,False,visible_candidate,line-simulation-a33-000093,230,230,7.92142274052477,,solid
simulation-a33,0.3073147727823633,0.03254452148453213,0.001434130905212494,0.0023728704493171104,231,425.0,1.0,3,1.5428104956267816,visible_pixel_support,False,visible_candidate,line-simulation-a33-000094,231,231,7.942810495626782,,solid
simulation-a33,0.3101830345927883,0.03254452148453213,0.001434130905212494,0.0023728704493171104,232,425.0,1.0,3,1.5641282798833913,visible_pixel_support,False,visible_candidate,line-simulation-a33-000095,232,232,7.964128279883392,,solid
simulation-a33,0.3130512964032133,0.03254452148453213,0.001434130905212494,0.0023728704493171104,233,425.0,1.0,3,1.5853411078717272,visible_pixel_support,False,visible_candidate,line-simulation-a33-000096,233,233,7.985341107871728,,solid
simulation-a33,0.31591955821363826,0.03254452148453213,0.001434130905212494,0.0023728704493171104,234,425.0,1.0,3,1.6064139941690883,visible_pixel_support,False,visible_candidate,line-simulation-a33-000097,234,234,3.2334832237979754,,solid
uct-test-a33,0.31591955821363826,0.06339183732565445,0.001434130905212494,0.0011864352246585552,234,412.0,0.5,1,1.6270692296288871,visible_pixel_support,True,visible_candidate,line-uct-test-a33-000061,234,234,3.2334832237979754,,dashed
simulation-a33,0.31878782002406336,0.03254452148453213,0.001434130905212605,0.0023728704493171104,235,425.0,1.0,3,1.6273119533527733,visible_pixel_support,False,visible_candidate,line-simulation-a33-000098,235,235,3.2193407125562317,,solid
uct-test-a33,0.31878782002406336,0.06339183732565445,0.001434130905212605,0.0023728704493171104,235,412.0,1.0,3,1.5920287592034583,visible_pixel_support,False,visible_candidate,line-uct-test-a33-000062,235,235,3.2193407125562317,,dashed
simulation-a33,0.32165608183448835,0.03254452148453213,0.001434130905212494,0.0023728704493171104,236,425.0,1.0,3,1.6480000000000246,visible_pixel_support,False,visible_candidate,line-simulation-a33-000099,236,236,3.2055593220339915,,solid
uct-test-a33,0.32165608183448835,0.06339183732565445,0.001434130905212494,0.0023728704493171104,236,412.0,1.0,3,1.557559322033967,visible_pixel_support,False,visible_candidate,line-uct-test-a33-000063,236,236,3.2055593220339915,,dashed
simulation-a33,0.32452434364491334,0.03254452148453213,0.001434130905212494,0.0023728704493171104,237,425.0,1.0,3,1.668443148688084,visible_pixel_support,False,visible_candidate,line-simulation-a33-000100,237,237,3.8671473538568533,,solid
uct-test-a33,0.32452434364491334,0.0622054021009959,0.001434130905212494,0.0035593056739756657,237,412.5,1.5,4,2.0237042051687695,visible_pixel_support,False,visible_candidate,line-uct-test-a33-000064,237,237,3.8671473538568533,,dashed
simulation-a33,0.3273926054553383,0.03254452148453213,0.001434130905212494,0.0023728704493171104,238,425.0,1.0,3,1.6886064139941936,visible_pixel_support,False,visible_candidate,line-simulation-a33-000101,238,238,3.6791131096507,,solid
uct-test-a33,0.3273926054553383,0.0622054021009959,0.001434130905212494,0.0035593056739756657,238,412.5,1.5,4,1.9905066956565065,visible_pixel_support,False,visible_candidate,line-uct-test-a33-000065,238,238,3.6791131096507,,dashed
simulation-a33,0.3302608672657633,0.03254452148453213,0.001434130905212494,0.0023728704493171104,239,425.0,1.0,3,1.7084548104956525,visible_pixel_support,False,visible_candidate,line-simulation-a33-000102,239,239,3.666464891041187,,solid
uct-test-a33,0.3302608672657633,0.0622054021009959,0.001434130905212494,0.0035593056739756657,239,412.5,1.5,4,1.9580100805455345,visible_pixel_support,False,visible_candidate,line-uct-test-a33-000066,239,239,3.666464891041187,,dashed
simulation-a33,0.3331291290761883,0.03254452148453213,0.001434130905212494,0.0023728704493171104,240,425.0,1.0,3,1.7279533527697026,visible_pixel_support,False,visible_candidate,line-simulation-a33-000103,240,240,3.65421099965414,,solid
uct-test-a33,0.3331291290761883,0.0622054021009959,0.001434130905212494,0.0035593056739756657,240,412.5,1.5,4,1.9262576468844372,visible_pixel_support,False,visible_candidate,line-uct-test-a33-000067,240,240,3.65421099965414,,dashed
simulation-a33,0.3359973908866133,0.03254452148453213,0.001434130905212494,0.0023728704493171104,241,425.0,1.0,3,1.747067055393586,visible_pixel_support,False,visible_candidate,line-simulation-a33-000104,241,241,3.642359737115214,,solid
uct-test-a33,0.3359973908866133,0.0622054021009959,0.001434130905212494,0.0035593056739756657,241,412.5,1.5,4,1.895292681721628,visible_pixel_support,False,visible_candidate,line-uct-test-a33-000068,241,241,3.642359737115214,,dashed
simulation-a33,0.3388656526970383,0.03254452148453213,0.001434130905212494,0.0023728704493171104,242,425.0,1.0,3,1.7657609329446018,visible_pixel_support,False,visible_candidate,line-simulation-a33-000105,242,242,3.630919405050122,,solid
uct-test-a33,0.3388656526970383,0.0622054021009959,0.001434130905212494,0.0035593056739756657,242,412.5,1.5,4,1.86515847210552,visible_pixel_support,False,visible_candidate,line-uct-test-a33-000069,242,242,3.630919405050122,,dashed
simulation-a33,0.34173391450746327,0.03254452148453213,0.001434130905212494,0.0023728704493171104,243,425.0,1.0,3,1.7839999999999918,visible_pixel_support,False,visible_candidate,line-simulation-a33-000106,243,243,3.619898305084689,,solid
uct-test-a33,0.34173391450746327,0.0622054021009959,0.001434130905212494,0.0035593056739756657,243,412.5,1.5,4,1.8358983050846973,visible_pixel_support,False,visible_candidate,line-uct-test-a33-000070,243,243,3.619898305084689,,dashed
simulation-a33,0.34460217631788825,0.03254452148453213,0.001434130905212494,0.0023728704493171104,244,425.0,1.0,3,1.801749271137055,visible_pixel_support,False,visible_candidate,line-simulation-a33-000107,244,244,3.609304738844685,,solid
uct-test-a33,0.34460217631788825,0.0622054021009959,0.001434130905212494,0.0035593056739756657,244,412.5,1.5,4,1.8075554677076298,visible_pixel_support,False,visible_candidate,line-uct-test-a33-000071,244,244,3.609304738844685,,dashed
simulation-a33,0.34747043812831324,0.03254452148453213,0.001434130905212494,0.0023728704493171104,245,425.0,1.0,3,1.81897376093292,visible_pixel_support,False,visible_candidate,line-simulation-a33-000108,245,245,3.5991470079557075,,solid
uct-test-a33,0.34747043812831324,0.0622054021009959,0.001434130905212494,0.0035593056739756657,245,412.5,1.5,4,1.7801732470227876,visible_pixel_support,False,visible_candidate,line-uct-test-a33-000072,245,245,3.5991470079557075,,dashed
simulation-a33,0.35033869993873823,0.03254452148453213,0.001434130905212494,0.0023728704493171104,246,425.0,1.0,3,1.835638483965056,visible_pixel_support,False,visible_candidate,line-simulation-a33-000109,246,246,3.58943341404364,,solid
uct-test-a33,0.35033869993873823,0.0622054021009959,0.001434130905212494,0.0035593056739756657,246,412.5,1.5,4,1.753794930078584,visible_pixel_support,False,visible_candidate,line-uct-test-a33-000073,246,246,3.58943341404364,,dashed
simulation-a33,0.3532069617491632,0.03254452148453213,0.001434130905212494,0.0023728704493171104,247,425.0,1.0,3,1.8517084548104776,visible_pixel_support,False,visible_candidate,line-simulation-a33-000110,247,247,3.580172258733967,,solid
uct-test-a33,0.3532069617491632,0.0622054021009959,0.001434130905212494,0.0035593056739756657,247,412.5,1.5,4,1.7284638039234892,visible_pixel_support,False,visible_candidate,line-uct-test-a33-000074,247,247,3.580172258733967,,dashed
simulation-a33,0.3560752235595882,0.03254452148453213,0.001434130905212494,0.0023728704493171104,248,425.0,1.0,3,1.8671486880466546,visible_pixel_support,False,visible_candidate,line-simulation-a33-000111,248,248,3.2463718436527413,,solid
uct-test-a33,0.3560752235595882,0.06339183732565445,0.001434130905212494,0.0023728704493171104,248,412.0,1.0,3,1.204223155606087,visible_pixel_support,False,visible_candidate,line-uct-test-a33-000075,248,248,3.2463718436527413,,dashed
simulation-a33,0.3589434853700133,0.03254452148453213,0.001434130905212605,0.0023728704493171104,249,425.0,1.0,3,1.881924198250715,visible_pixel_support,False,visible_candidate,line-simulation-a33-000112,249,249,8.281924198250715,,solid
simulation-a33,0.3618117471804383,0.03254452148453213,0.001434130905212494,0.0023728704493171104,250,425.0,1.0,3,1.8959999999999582,visible_pixel_support,False,visible_candidate,line-simulation-a33-000113,250,250,8.295999999999959,,solid
simulation-a33,0.3646800089908633,0.03017165103521502,0.001434130905212494,0.004745740898634221,251,426.0,2.0,5,0.9093411078716827,visible_pixel_support,False,visible_candidate,line-simulation-a33-000114,251,251,7.659341107871683,,solid
simulation-a33,0.36754827080128827,0.033730956709190796,0.001434130905212494,0.005932176123292887,252,424.5,2.5,6,2.4219125364431306,visible_pixel_support,False,visible_candidate,line-simulation-a33-000115,252,252,9.346912536443131,,solid
simulation-a33,0.37041653261171326,0.03254452148453213,0.001434130905212494,0.004745740898634221,253,425.0,2.0,5,1.9336793002915442,visible_pixel_support,False,visible_candidate,line-simulation-a33-000116,253,253,8.508679300291544,,solid
simulation-a33,0.37328479442213824,0.03254452148453213,0.001434130905212494,0.0023728704493171104,254,425.0,1.0,3,1.9446064139941655,visible_pixel_support,False,visible_candidate,line-simulation-a33-000117,254,254,8.344606413994166,,solid
simulation-a33,0.37615305623256323,0.03254452148453213,0.001434130905212494,0.0023728704493171104,255,425.0,1.0,3,1.9546588921282932,visible_pixel_support,False,visible_candidate,line-simulation-a33-000118,255,255,8.354658892128294,,solid
simulation-a33,0.3790213180429882,0.03254452148453213,0.001434130905212494,0.004745740898634221,256,425.0,2.0,5,1.9638017492711697,visible_pixel_support,False,visible_candidate,line-simulation-a33-000119,256,256,3.018551366309282,,solid
uct-test-a33,0.3790213180429882,0.06339183732565445,0.001434130905212494,0.0023728704493171104,256,412.0,1.0,3,1.0547496170381123,visible_pixel_support,True,visible_candidate,line-uct-test-a33-000076,256,256,3.018551366309282,,dashed
simulation-a33,0.3818895798534132,0.03017165103521502,0.001434130905212494,0.004745740898634221,257,426.0,2.0,5,0.97199999999998,visible_pixel_support,False,visible_candidate,line-simulation-a33-000120,257,257,2.3642711864406807,,solid
uct-test-a33,0.3818895798534132,0.06339183732565445,0.001434130905212494,0.0023728704493171104,257,412.0,1.0,3,1.0422711864407006,visible_pixel_support,False,visible_candidate,line-uct-test-a33-000077,257,257,2.3642711864406807,,dashed
simulation-a33,0.3847578416638382,0.028985215810556575,0.001434130905212494,0.005932176123292887,258,426.5,2.5,6,0.4792186588921368,visible_pixel_support,False,visible_candidate,line-simulation-a33-000121,258,258,1.3605347630577627,,solid
uct-test-a33,0.3847578416638382,0.06457827255031301,0.001434130905212494,0.0035593056739756657,258,411.5,1.5,4,0.5313161041656258,visible_pixel_support,False,visible_candidate,line-uct-test-a33-000078,258,258,1.3605347630577627,,dashed
simulation-a33,0.3876261034742632,0.03254452148453213,0.001434130905212494,0.0023728704493171104,259,425.0,1.0,3,1.9854227405247684,visible_pixel_support,False,visible_candidate,line-simulation-a33-000122,259,259,3.032350397786183,,solid
uct-test-a33,0.3876261034742632,0.06457827255031301,0.001434130905212494,0.0035593056739756657,259,411.5,1.5,4,0.5219276572614149,visible_pixel_support,False,visible_candidate,line-uct-test-a33-000079,259,259,3.032350397786183,,dashed
simulation-a33,0.39049436528468817,0.03254452148453213,0.001434130905212494,0.0023728704493171104,260,425.0,1.0,3,1.9905772594752307,visible_pixel_support,False,visible_candidate,line-simulation-a33-000123,260,260,2.5047263922518255,,solid
uct-test-a33,0.39049436528468817,0.06457827255031301,0.001434130905212494,0.0035593056739756657,260,411.5,1.5,4,0.5141491327765948,visible_pixel_support,False,visible_candidate,line-uct-test-a33-000080,260,260,2.5047263922518255,,dashed
simulation-a33,0.39336262709511316,0.03254452148453213,0.001434130905212494,0.0023728704493171104,261,425.0,1.0,3,1.9946472303207088,visible_pixel_support,False,visible_candidate,line-simulation-a33-000124,261,261,2.1776710480802306,,solid
uct-test-a33,0.39336262709511316,0.06576470777497156,0.001434130905212494,0.004745740898634221,261,411.0,2.0,5,0.00802381775952199,visible_pixel_support,False,visible_candidate,line-uct-test-a33-000081,261,261,2.1776710480802306,,dashed
simulation-a33,0.39623088890553815,0.03254452148453213,0.001434130905212494,0.0023728704493171104,262,425.0,1.0,3,1.9975976676384448,visible_pixel_support,False,visible_candidate,line-simulation-a33-000125,262,262,2.001192666897225,,solid
uct-test-a33,0.39623088890553815,0.06576470777497156,0.001434130905212494,0.004745740898634221,262,411.0,2.0,5,0.0035949992587802626,visible_pixel_support,False,visible_candidate,line-uct-test-a33-000082,262,262,2.001192666897225,,dashed
simulation-a33,0.39909915071596314,0.03254452148453213,0.001434130905212605,0.0023728704493171104,263,425.0,1.0,3,1.9993935860058514,visible_pixel_support,False,visible_candidate,line-simulation-a33-000126,263,263,2.0002995503286343,,solid
uct-test-a33,0.39909915071596314,0.06576470777497156,0.001434130905212605,0.004745740898634221,263,411.0,2.0,5,0.0009059643227828929,visible_pixel_support,False,visible_candidate,line-uct-test-a33-000083,263,263,2.0002995503286343,,dashed
simulation-a33,0.40196741252638823,0.03254452148453213,0.001434130905212494,0.0023728704493171104,264,425.0,1.0,3,2.0,visible_pixel_support,False,visible_candidate,line-simulation-a33-000127,264,264,2.0,,solid
uct-test-a33,0.40196741252638823,0.06576470777497156,0.001434130905212494,0.004745740898634221,264,411.0,2.0,5,0.0,visible_pixel_support,False,visible_candidate,line-uct-test-a33-000084,264,264,2.0,,dashed
simulation-a33,0.4048356743368132,0.03254452148453213,0.001434130905212494,0.0023728704493171104,265,425.0,1.0,3,1.999689922915934,visible_pixel_support,False,visible_candidate,line-simulation-a33-000128,265,265,2.673045693641245,,solid
uct-test-a33,0.4048356743368132,0.06695114299963012,0.001434130905212494,0.0035593056739756657,265,410.5,1.5,4,0.49835577072531123,visible_pixel_support,False,visible_candidate,line-uct-test-a33-000085,265,265,2.673045693641245,,dashed
simulation-a33,0.4077039361472382,0.03254452148453213,0.001434130905212494,0.0023728704493171104,266,425.0,1.0,3,1.9987655762037093,visible_pixel_support,False,visible_candidate,line-simulation-a33-000129,266,266,2.4922359573193376,,solid
uct-test-a33,0.4077039361472382,0.06695114299963012,0.001434130905212494,0.0035593056739756657,266,410.5,1.5,4,0.49347038111562824,visible_pixel_support,False,visible_candidate,line-uct-test-a33-000086,266,266,2.4922359573193376,,dashed
simulation-a33,0.4105721979576632,0.03254452148453213,0.001434130905212494,0.0023728704493171104,267,425.0,1.0,3,1.9972357866728885,visible_pixel_support,False,visible_candidate,line-simulation-a33-000130,267,267,2.482650565165386,,solid
uct-test-a33,0.4105721979576632,0.06695114299963012,0.001434130905212494,0.0035593056739756657,267,410.5,1.5,4,0.4854147784924976,visible_pixel_support,False,visible_candidate,line-uct-test-a33-000087,267,267,2.482650565165386,,dashed
simulation-a33,0.4134404597680882,0.03254452148453213,0.001434130905212494,0.0023728704493171104,268,425.0,1.0,3,1.9951093811331475,visible_pixel_support,False,visible_candidate,line-simulation-a33-000131,268,268,2.46936929131067,,solid
uct-test-a33,0.4134404597680882,0.06695114299963012,0.001434130905212494,0.0035593056739756657,268,410.5,1.5,4,0.47425991017752267,visible_pixel_support,False,visible_candidate,line-uct-test-a33-000088,268,268,2.46936929131067,,dashed
simulation-a33,0.4163087215785132,0.03254452148453213,0.001434130905212494,0.0023728704493171104,269,425.0,1.0,3,1.9923951863942762,visible_pixel_support,False,visible_candidate,line-simulation-a33-000132,269,269,2.452471909886526,,solid
uct-test-a33,0.4163087215785132,0.06695114299963012,0.001434130905212494,0.0035593056739756657,269,410.5,1.5,4,0.46007672349225004,visible_pixel_support,False,visible_candidate,line-uct-test-a33-000089,269,269,2.452471909886526,,dashed
simulation-a33,0.41917698338893816,0.03254452148453213,0.001434130905212494,0.0023728704493171104,270,425.0,1.0,3,1.98910202926578,visible_pixel_support,False,visible_candidate,line-simulation-a33-000133,270,270,2.4320381950238925,,solid
uct-test-a33,0.41917698338893816,0.06695114299963012,0.001434130905212494,0.0011864352246585552,270,410.5,0.5,2,0.44293616575811257,visible_pixel_support,False,visible_candidate,line-uct-test-a33-000090,270,270,2.4320381950238925,,dashed
simulation-a33,0.42204524519936315,0.03254452148453213,0.001434130905212494,0.0023728704493171104,271,425.0,1.0,3,1.9852387365575623,visible_pixel_support,False,visible_candidate,line-simulation-a33-000134,271,271,8.385238736557563,,solid
simulation-a33,0.42491350700978814,0.03254452148453213,0.001434130905212494,0.0023728704493171104,272,425.0,1.0,3,1.9808141350792425,visible_pixel_support,False,visible_candidate,line-simulation-a33-000135,272,272,8.380814135079243,,solid
simulation-a33,0.4277817688202131,0.03254452148453213,0.001434130905212494,0.0023728704493171104,273,425.0,1.0,3,1.975837051640383,visible_pixel_support,False,visible_candidate,line-simulation-a33-000136,273,273,8.375837051640383,,solid
simulation-a33,0.4306500306306381,0.03254452148453213,0.001434130905212494,0.0023728704493171104,274,425.0,1.0,3,1.97031631305083,visible_pixel_support,False,visible_candidate,line-simulation-a33-000137,274,274,8.37031631305083,,solid
simulation-a33,0.4335182924410631,0.03254452148453213,0.001434130905212494,0.0023728704493171104,275,425.0,1.0,3,1.9642607461201465,visible_pixel_support,False,visible_candidate,line-simulation-a33-000138,275,275,8.364260746120147,,solid
simulation-a33,0.4363865542514881,0.03254452148453213,0.001434130905212494,0.0023728704493171104,276,425.0,1.0,3,1.9576791776580649,visible_pixel_support,False,visible_candidate,line-simulation-a33-000139,276,276,8.357679177658065,,solid
simulation-a33,0.4392548160619131,0.03254452148453213,0.001434130905212605,0.0023728704493171104,277,425.0,1.0,3,1.9505804344743183,visible_pixel_support,False,visible_candidate,line-simulation-a33-000140,277,277,2.196685881740052,,solid
uct-test-a33,0.4392548160619131,0.06695114299963012,0.001434130905212605,0.0011864352246585552,277,410.5,0.5,2,0.2461054472657338,visible_pixel_support,True,visible_candidate,line-uct-test-a33-000091,277,277,2.196685881740052,,dashed
simulation-a33,0.4421230778723382,0.03254452148453213,0.001434130905212494,0.0023728704493171104,278,425.0,1.0,3,1.942973343378526,visible_pixel_support,False,visible_candidate,line-simulation-a33-000141,278,278,2.1508333680963574,,solid
uct-test-a33,0.4421230778723382,0.06695114299963012,0.001434130905212494,0.0035593056739756657,278,410.5,1.5,4,0.2078600247178315,visible_pixel_support,False,visible_candidate,line-uct-test-a33-000092,278,278,2.1508333680963574,,dashed
simulation-a33,0.44499133968276317,0.031358086259873685,0.001434130905212494,0.0035593056739757767,279,425.5,1.5,4,1.434866731180307,visible_pixel_support,False,visible_candidate,line-simulation-a33-000142,279,279,1.7771624881954609,,solid
uct-test-a33,0.44499133968276317,0.06695114299963012,0.001434130905212494,0.0035593056739756657,279,410.5,1.5,4,0.16729575701515387,visible_pixel_support,False,visible_candidate,line-uct-test-a33-000093,279,279,1.7771624881954609,,dashed
simulation-a33,0.44785960149318815,0.03017165103521502,0.001434130905212494,0.004745740898634221,280,426.0,2.0,5,0.9262694246895649,visible_pixel_support,False,visible_candidate,line-simulation-a33-000143,280,280,1.651785833210147,,solid
uct-test-a33,0.44785960149318815,0.06576470777497156,0.001434130905212494,0.004745740898634221,280,411.0,2.0,5,0.375516408520582,visible_pixel_support,False,visible_candidate,line-uct-test-a33-000094,280,280,1.651785833210147,,dashed
simulation-a33,0.45072786330361314,0.03254452148453213,0.001434130905212494,0.004745740898634221,281,425.0,2.0,5,1.9171902507158052,visible_pixel_support,False,visible_candidate,line-simulation-a33-000144,281,281,2.6876957752837485,,solid
uct-test-a33,0.45072786330361314,0.06576470777497156,0.001434130905212494,0.004745740898634221,281,411.0,2.0,5,0.4205055245679432,visible_pixel_support,False,visible_candidate,line-uct-test-a33-000095,281,281,2.6876957752837485,,dashed
simulation-a33,0.45359612511403813,0.03254452148453213,0.001434130905212494,0.0023728704493171104,282,425.0,1.0,3,1.9076380360687608,visible_pixel_support,False,visible_candidate,line-simulation-a33-000145,282,282,2.115037392263548,,solid
uct-test-a33,0.45359612511403813,0.06695114299963012,0.001434130905212494,0.0035593056739756657,282,410.5,1.5,4,0.03239935619478729,visible_pixel_support,False,visible_candidate,line-uct-test-a33-000096,282,282,2.115037392263548,,dashed
simulation-a33,0.4564643869244631,0.03254452148453213,0.001434130905212494,0.0023728704493171104,283,425.0,1.0,3,1.8976216075581647,visible_pixel_support,False,visible_candidate,line-simulation-a33-000146,283,283,1.9143524264691791,,solid
uct-test-a33,0.4564643869244631,0.06695114299963012,0.001434130905212494,0.0035593056739756657,283,410.5,1.5,4,0.016730818911014467,visible_pixel_support,False,visible_candidate,line-uct-test-a33-000097,283,283,1.9143524264691791,,dashed
simulation-a33,0.4593326487348881,0.03254452148453213,0.001434130905212494,0.004745740898634221,284,425.0,2.0,5,1.887149791993636,visible_pixel_support,False,visible_candidate,line-simulation-a33-000147,284,284,2.6299748945574946,,solid
uct-test-a33,0.4593326487348881,0.06576470777497156,0.001434130905212494,0.004745740898634221,284,411.0,2.0,5,0.5678251025638588,visible_pixel_support,False,visible_candidate,line-uct-test-a33-000098,284,284,2.6299748945574946,,dashed
simulation-a33,0.4622009105453131,0.033730956709190796,0.001434130905212494,0.005932176123292887,285,424.5,2.5,6,2.3762314161849076,visible_pixel_support,False,visible_candidate,line-simulation-a33-000148,285,285,3.1720439636268223,,solid
uct-test-a33,0.4622009105453131,0.06576470777497156,0.001434130905212494,0.004745740898634221,285,411.0,2.0,5,0.6208125474419148,visible_pixel_support,False,visible_candidate,line-uct-test-a33-000099,285,285,3.1720439636268223,,dashed
simulation-a33,0.4650691723557381,0.03017165103521502,0.001434130905212494,0.004745740898634221,286,426.0,2.0,5,0.8648753069415989,visible_pixel_support,False,visible_candidate,line-simulation-a33-000149,286,286,2.0654975131652917,,solid
uct-test-a33,0.4650691723557381,0.06576470777497156,0.001434130905212494,0.004745740898634221,286,411.0,2.0,5,0.675622206223693,visible_pixel_support,False,visible_candidate,line-uct-test-a33-000100,286,286,2.0654975131652917,,dashed
simulation-a33,0.46793743416616307,0.03254452148453213,0.001434130905212494,0.0023728704493171104,287,425.0,1.0,3,1.8530902910734994,visible_pixel_support,False,visible_candidate,line-simulation-a33-000150,287,287,3.610273422661317,,solid
uct-test-a33,0.46793743416616307,0.06457827255031301,0.001434130905212494,0.0035593056739756657,287,411.5,1.5,4,1.2321831315878171,visible_pixel_support,False,visible_candidate,line-uct-test-a33-000101,287,287,3.610273422661317,,dashed
simulation-a33,0.47080569597658806,0.03254452148453213,0.001434130905212494,0.0023728704493171104,288,425.0,1.0,3,1.8408851953901717,visible_pixel_support,False,visible_candidate,line-simulation-a33-000151,288,288,3.131309571602742,,solid
uct-test-a33,0.47080569597658806,0.06457827255031301,0.001434130905212494,0.0035593056739756657,288,411.5,1.5,4,1.2904243762125702,visible_pixel_support,False,visible_candidate,line-uct-test-a33-000102,288,288,3.131309571602742,,dashed
simulation-a33,0.47367395778701304,0.03254452148453213,0.001434130905212494,0.0023728704493171104,289,425.0,1.0,3,1.8282688467014054,visible_pixel_support,False,visible_candidate,line-simulation-a33-000152,289,289,2.853543839477754,,solid
uct-test-a33,0.47367395778701304,0.06576470777497156,0.001434130905212494,0.004745740898634221,289,411.0,2.0,5,0.8502749927763489,visible_pixel_support,False,visible_candidate,line-uct-test-a33-000103,289,289,2.853543839477754,,dashed
simulation-a33,0.47654221959743803,0.031358086259873685,0.001434130905212494,0.0035593056739757767,290,425.5,1.5,4,1.3152500718168767,visible_pixel_support,False,visible_candidate,line-simulation-a33-000153,290,290,3.076914105774597,,solid
uct-test-a33,0.47654221959743803,0.06457827255031301,0.001434130905212494,0.0035593056739756657,290,411.5,1.5,4,1.4116640339577202,visible_pixel_support,False,visible_candidate,line-uct-test-a33-000104,290,290,3.076914105774597,,dashed
simulation-a33,0.479410481407863,0.03017165103521502,0.001434130905212494,0.0023728704493171104,291,426.0,1.0,3,0.8018376975461479,visible_pixel_support,False,visible_candidate,line-simulation-a33-000154,291,291,2.4513582499812285,,solid
uct-test-a33,0.479410481407863,0.06457827255031301,0.001434130905212494,0.0011864352246585552,291,411.5,0.5,2,1.4745205524350808,visible_pixel_support,False,visible_candidate,line-uct-test-a33-000105,291,291,2.4513582499812285,,dashed
simulation-a33,0.4822787432182881,0.031358086259873685,0.001434130905212605,0.0011864352246586662,292,425.5,0.5,2,1.2880405506989518,visible_pixel_support,False,visible_candidate,line-simulation-a33-000155,292,292,7.863040550698952,,solid
simulation-a33,0.4851470050287131,0.031358086259873685,0.001434130905212494,0.0035593056739757767,293,425.5,1.5,4,1.273867458085192,visible_pixel_support,False,visible_candidate,line-simulation-a33-000156,293,293,7.673867458085192,,solid
simulation-a33,0.4880152668391381,0.031358086259873685,0.001434130905212494,0.0035593056739757767,294,425.5,1.5,4,1.2593272465143173,visible_pixel_support,False,visible_candidate,line-simulation-a33-000157,294,294,7.659327246514318,,solid
simulation-a33,0.4908835286495631,0.031358086259873685,0.001434130905212494,0.0011864352246586662,295,425.5,0.5,2,1.2444287427960603,visible_pixel_support,False,visible_candidate,line-simulation-a33-000158,295,295,7.644428742796061,,solid
simulation-a33,0.49375179045998807,0.03017165103521502,0.001434130905212494,0.0023728704493171104,296,426.0,1.0,3,0.7291807737400973,visible_pixel_support,False,visible_candidate,line-simulation-a33-000159,296,296,7.304180773740097,,solid
simulation-a33,0.49662005227041306,0.03017165103521502,0.001434130905212494,0.0023728704493171104,297,426.0,1.0,3,0.7135921661561611,visible_pixel_support,False,visible_candidate,line-simulation-a33-000160,297,297,7.113592166156161,,solid
simulation-a33,0.49948831408083805,0.03017165103521502,0.001434130905212494,0.0023728704493171104,298,426.0,1.0,3,0.6976717468539277,visible_pixel_support,False,visible_candidate,line-simulation-a33-000161,298,298,1.1473177179066738,,solid
uct-test-a33,0.49948831408083805,0.06813757822428856,0.001434130905212494,0.0011864352246585552,298,410.0,0.5,1,0.44964597105274606,visible_pixel_support,True,visible_candidate,line-uct-test-a33-000106,298,298,1.1473177179066738,,dashed
simulation-a33,0.502356575891263,0.03017165103521502,0.001434130905212494,0.0023728704493171104,299,426.0,1.0,3,0.6814283426430734,visible_pixel_support,False,visible_candidate,line-simulation-a33-000162,299,299,0.8781165469647931,,solid
uct-test-a33,0.502356575891263,0.06932401344894712,0.001434130905212494,0.0035593056739756657,299,409.5,1.5,4,0.021688204321719695,visible_pixel_support,False,visible_candidate,line-uct-test-a33-000107,299,299,0.8781165469647931,,dashed
simulation-a33,0.505224837701688,0.03017165103521502,0.001434130905212494,0.0023728704493171104,300,426.0,1.0,3,0.6648707803332172,visible_pixel_support,False,visible_candidate,line-simulation-a33-000163,300,300,1.4344301693258672,,solid
uct-test-a33,0.505224837701688,0.06813757822428856,0.001434130905212494,0.004745740898634221,300,410.0,2.0,5,0.5945593889926499,visible_pixel_support,False,visible_candidate,line-uct-test-a33-000108,300,300,1.4344301693258672,,dashed
simulation-a33,0.508093099512113,0.03017165103521502,0.001434130905212494,0.0023728704493171104,301,426.0,1.0,3,0.6480078867342627,visible_pixel_support,False,visible_candidate,line-simulation-a33-000164,301,301,1.316196464478196,,solid
uct-test-a33,0.508093099512113,0.06813757822428856,0.001434130905212494,0.004745740898634221,301,410.0,2.0,5,0.6681885777439334,visible_pixel_support,False,visible_candidate,line-uct-test-a33-000109,301,301,1.316196464478196,,dashed
simulation-a33,0.510961361322538,0.03017165103521502,0.001434130905212494,0.0023728704493171104,302,426.0,1.0,3,0.6308484886556016,visible_pixel_support,False,visible_candidate,line-simulation-a33-000165,302,302,1.373353311909625,,solid
uct-test-a33,0.510961361322538,0.06813757822428856,0.001434130905212494,0.004745740898634221,302,410.0,2.0,5,0.7425048232540234,visible_pixel_support,False,visible_candidate,line-uct-test-a33-000110,302,302,1.373353311909625,,dashed
simulation-a33,0.513829623132963,0.03017165103521502,0.001434130905212494,0.0023728704493171104,303,426.0,1.0,3,0.6134014129071375,visible_pixel_support,False,visible_candidate,line-simulation-a33-000166,303,303,2.105838591108511,,solid
uct-test-a33,0.513829623132963,0.06695114299963012,0.001434130905212494,0.0035593056739756657,303,410.5,1.5,4,1.3174371782013736,visible_pixel_support,False,visible_candidate,line-uct-test-a33-000111,303,303,2.105838591108511,,dashed
simulation-a33,0.516697884943388,0.03017165103521502,0.001434130905212494,0.0023728704493171104,304,426.0,1.0,3,0.5956754862984326,visible_pixel_support,False,visible_candidate,line-simulation-a33-000167,304,304,1.988590181562813,,solid
uct-test-a33,0.516697884943388,0.06695114299963012,0.001434130905212494,0.0035593056739756657,304,410.5,1.5,4,1.3929146952643805,visible_pixel_support,False,visible_candidate,line-uct-test-a33-000112,304,304,1.988590181562813,,dashed
simulation-a33,0.519566146753813,0.03017165103521502,0.001434130905212494,0.0023728704493171104,305,426.0,1.0,3,0.5776795356392199,visible_pixel_support,False,visible_candidate,line-simulation-a33-000168,305,305,1.7215459627607175,,solid
uct-test-a33,0.519566146753813,0.06813757822428856,0.001434130905212494,0.004745740898634221,305,410.0,2.0,5,0.9688664271214975,visible_pixel_support,False,visible_candidate,line-uct-test-a33-000113,305,305,1.7215459627607175,,dashed
simulation-a33,0.5224344085642381,0.03017165103521502,0.001434130905212605,0.0023728704493171104,306,426.0,1.0,3,0.5594223877392324,visible_pixel_support,False,visible_candidate,line-simulation-a33-000169,306,306,1.6046438141904673,,solid
uct-test-a33,0.5224344085642381,0.06813757822428856,0.001434130905212605,0.004745740898634221,306,410.0,2.0,5,1.045221426451235,visible_pixel_support,False,visible_candidate,line-uct-test-a33-000114,306,306,1.6046438141904673,,dashed
simulation-a33,0.525302670374663,0.03017165103521502,0.001434130905212494,0.0023728704493171104,307,426.0,1.0,3,0.5409128694080323,visible_pixel_support,False,visible_candidate,line-simulation-a33-000170,307,307,1.662821615339908,,solid
uct-test-a33,0.525302670374663,0.06813757822428856,0.001434130905212494,0.004745740898634221,307,410.0,2.0,5,1.1219087459318757,visible_pixel_support,False,visible_candidate,line-uct-test-a33-000115,307,307,1.662821615339908,,dashed
simulation-a33,0.528170932185088,0.03017165103521502,0.001434130905212494,0.0023728704493171104,308,426.0,1.0,3,0.5221598074555232,visible_pixel_support,False,visible_candidate,line-simulation-a33-000171,308,308,1.7210172456976238,,solid
uct-test-a33,0.528170932185088,0.06813757822428856,0.001434130905212494,0.004745740898634221,308,410.0,2.0,5,1.1988574382421007,visible_pixel_support,False,visible_candidate,line-uct-test-a33-000116,308,308,1.7210172456976238,,dashed
simulation-a33,0.531039193995513,0.031358086259873685,0.001434130905212494,0.005932176123292887,309,425.5,2.5,6,1.0031720286911536,visible_pixel_support,False,visible_candidate,line-simulation-a33-000172,309,309,2.4541685847512893,,solid
uct-test-a33,0.531039193995513,0.06813757822428856,0.001434130905212494,0.004745740898634221,309,410.0,2.0,5,1.2759965560601358,visible_pixel_support,False,visible_candidate,line-uct-test-a33-000117,309,309,2.4541685847512893,,dashed
simulation-a33,0.533907455805938,0.031358086259873685,0.001434130905212494,0.0035593056739757767,310,425.5,1.5,4,0.9839583599246566,visible_pixel_support,False,visible_candidate,line-simulation-a33-000173,310,310,2.3372135119890913,,solid
uct-test-a33,0.533907455805938,0.06813757822428856,0.001434130905212494,0.004745740898634221,310,410.0,2.0,5,1.3532551520644347,visible_pixel_support,False,visible_candidate,line-uct-test-a33-000118,310,310,2.3372135119890913,,dashed
simulation-a33,0.536775717616363,0.03017165103521502,0.001434130905212494,0.0023728704493171104,311,426.0,1.0,3,0.46452762796587876,visible_pixel_support,False,visible_candidate,line-simulation-a33-000174,311,311,2.0700899068995,,solid
uct-test-a33,0.536775717616363,0.06813757822428856,0.001434130905212494,0.004745740898634221,311,410.0,2.0,5,1.4305622789336212,visible_pixel_support,False,visible_candidate,line-uct-test-a33-000119,311,311,2.0700899068995,,dashed
simulation-a33,0.539643979426788,0.031358086259873685,0.001434130905212494,0.0035593056739757767,312,425.5,1.5,4,0.9448886596243824,visible_pixel_support,False,visible_candidate,line-simulation-a33-000175,312,312,2.6277356489703605,,solid
uct-test-a33,0.539643979426788,0.06813757822428856,0.001434130905212494,0.0023728704493171104,312,410.0,1.0,3,1.5078469893459783,visible_pixel_support,False,visible_candidate,line-uct-test-a33-000120,312,312,2.6277356489703605,,dashed
simulation-a33,0.542512241237213,0.03017165103521502,0.001434130905212494,0.004745740898634221,313,426.0,2.0,5,0.42505028170978676,visible_pixel_support,False,visible_candidate,line-simulation-a33-000176,313,313,7.000050281709787,,solid
simulation-a33,0.545380503047638,0.031358086259873685,0.001434130905212494,0.005932176123292887,314,425.5,2.5,6,0.9050213210318248,visible_pixel_support,False,visible_candidate,line-simulation-a33-000177,314,314,7.480021321031825,,solid
simulation-a33,0.548248764858063,0.03017165103521502,0.001434130905212494,0.0023728704493171104,315,426.0,1.0,3,0.38481060440028614,visible_pixel_support,False,visible_candidate,line-simulation-a33-000178,315,315,6.959810604400286,,solid
simulation-a33,0.5511170266684879,0.03017165103521502,0.001434130905212494,0.0023728704493171104,316,426.0,1.0,3,0.364426958624847,visible_pixel_support,False,visible_candidate,line-simulation-a33-000179,316,316,6.764426958624847,,solid
simulation-a33,0.5539852884789129,0.03017165103521502,0.001434130905212494,0.0023728704493171104,317,426.0,1.0,3,0.3438792105150128,visible_pixel_support,False,visible_candidate,line-simulation-a33-000180,317,317,6.743879210515013,,solid
simulation-a33,0.5568535502893379,0.03017165103521502,0.001434130905212494,0.0023728704493171104,318,426.0,1.0,3,0.3231761868806302,visible_pixel_support,False,visible_candidate,line-simulation-a33-000181,318,318,6.723176186880631,,solid
simulation-a33,0.5597218120997629,0.03017165103521502,0.001434130905212494,0.0023728704493171104,319,426.0,1.0,3,0.30232671453131843,visible_pixel_support,False,visible_candidate,line-simulation-a33-000182,319,319,6.702326714531319,,solid
simulation-a33,0.5625900739101879,0.03017165103521502,0.001434130905212605,0.0023728704493171104,320,426.0,1.0,3,0.28133962027681036,visible_pixel_support,False,visible_candidate,line-simulation-a33-000183,320,320,1.3981436218892895,,solid
uct-test-a33,0.5625900739101879,0.07051044867360567,0.001434130905212605,0.0023728704493171104,320,409.0,1.0,3,1.1168040016124792,visible_pixel_support,True,visible_candidate,line-uct-test-a33-000121,320,320,1.3981436218892895,,dashed
simulation-a33,0.565458335720613,0.03017165103521502,0.001434130905212494,0.0023728704493171104,321,426.0,1.0,3,0.2602237309268389,visible_pixel_support,False,visible_candidate,line-simulation-a33-000184,321,321,1.4509180653702174,,solid
uct-test-a33,0.565458335720613,0.07051044867360567,0.001434130905212494,0.004745740898634221,321,409.0,2.0,5,1.1906943344433785,visible_pixel_support,False,visible_candidate,line-uct-test-a33-000122,321,321,1.4509180653702174,,dashed
simulation-a33,0.568326597531038,0.03017165103521502,0.001434130905212494,0.0023728704493171104,322,426.0,1.0,3,0.2389878732908528,visible_pixel_support,False,visible_candidate,line-simulation-a33-000185,322,322,1.502840650892722,,solid
uct-test-a33,0.568326597531038,0.07051044867360567,0.001434130905212494,0.004745740898634221,322,409.0,2.0,5,1.263852777601869,visible_pixel_support,False,visible_candidate,line-uct-test-a33-000123,322,322,1.502840650892722,,dashed
simulation-a33,0.571194859341463,0.03017165103521502,0.001434130905212494,0.0023728704493171104,323,426.0,1.0,3,0.21764087417881228,visible_pixel_support,False,visible_candidate,line-simulation-a33-000186,323,323,1.5538492579452168,,solid
uct-test-a33,0.571194859341463,0.07051044867360567,0.001434130905212494,0.004745740898634221,323,409.0,2.0,5,1.3362083837664045,visible_pixel_support,False,visible_candidate,line-uct-test-a33-000124,323,323,1.5538492579452168,,dashed
simulation-a33,0.574063121151888,0.03017165103521502,0.001434130905212494,0.0023728704493171104,324,426.0,1.0,3,0.19619156040027974,visible_pixel_support,False,visible_candidate,line-simulation-a33-000187,324,324,1.278881766015661,,solid
uct-test-a33,0.574063121151888,0.07169688389826423,0.001434130905212494,0.0035593056739756657,324,408.5,1.5,4,0.9076902056153813,visible_pixel_support,False,visible_candidate,line-uct-test-a33-000125,324,324,1.278881766015661,,dashed
simulation-a33,0.5769313829623129,0.03017165103521502,0.001434130905212494,0.0023728704493171104,325,426.0,1.0,3,0.17464875876493124,visible_pixel_support,False,visible_candidate,line-simulation-a33-000188,325,325,1.8278760545921842,,solid
uct-test-a33,0.5769313829623129,0.07051044867360567,0.001434130905212494,0.004745740898634221,325,409.0,2.0,5,1.4782272958272529,visible_pixel_support,False,visible_candidate,line-uct-test-a33-000126,325,325,1.8278760545921842,,dashed
simulation-a33,0.5797996447727379,0.03017165103521502,0.001434130905212494,0.0023728704493171104,326,426.0,1.0,3,0.1530212960824997,visible_pixel_support,False,visible_candidate,line-simulation-a33-000189,326,326,1.7007700031630861,,solid
uct-test-a33,0.5797996447727379,0.07051044867360567,0.001434130905212494,0.004745740898634221,326,409.0,2.0,5,1.5477487070805864,visible_pixel_support,False,visible_candidate,line-uct-test-a33-000127,326,326,1.7007700031630861,,dashed
simulation-a33,0.5826679065831629,0.03017165103521502,0.001434130905212494,0.0023728704493171104,327,426.0,1.0,3,0.13131799916266118,visible_pixel_support,False,visible_candidate,line-simulation-a33-000190,327,327,1.7475014912162123,,solid
uct-test-a33,0.5826679065831629,0.07051044867360567,0.001434130905212494,0.004745740898634221,327,409.0,2.0,5,1.6161834920535512,visible_pixel_support,False,visible_candidate,line-uct-test-a33-000128,327,327,1.7475014912162123,,dashed
simulation-a33,0.5855361683935879,0.03017165103521502,0.001434130905212494,0.0023728704493171104,328,426.0,1.0,3,0.1095476948150349,visible_pixel_support,False,visible_candidate,line-simulation-a33-000191,328,328,1.4680083982399197,,solid
uct-test-a33,0.5855361683935879,0.07169688389826423,0.001434130905212494,0.0035593056739756657,328,408.5,1.5,4,1.1834607034248847,visible_pixel_support,False,visible_candidate,line-uct-test-a33-000129,328,328,1.4680083982399197,,dashed
simulation-a33,0.5884044302040129,0.03017165103521502,0.001434130905212494,0.0023728704493171104,329,426.0,1.0,3,0.08771920984935377,visible_pixel_support,False,visible_candidate,line-simulation-a33-000192,329,329,1.012228603722167,,solid
uct-test-a33,0.5884044302040129,0.07288331912292279,0.001434130905212494,0.004745740898634221,329,408.0,2.0,5,0.7495093938728132,visible_pixel_support,False,visible_candidate,line-uct-test-a33-000130,329,329,1.012228603722167,,dashed
simulation-a33,0.5912726920144379,0.03017165103521502,0.001434130905212494,0.0023728704493171104,330,426.0,1.0,3,0.06584137107535071,visible_pixel_support,False,visible_candidate,line-simulation-a33-000193,330,330,1.5550999871511977,,solid
uct-test-a33,0.5912726920144379,0.07169688389826423,0.001434130905212494,0.0035593056739756657,330,408.5,1.5,4,1.314258616075847,visible_pixel_support,False,visible_candidate,line-uct-test-a33-000131,330,330,1.5550999871511977,,dashed
simulation-a33,0.5941409538248629,0.03017165103521502,0.001434130905212494,0.0023728704493171104,331,426.0,1.0,3,0.04392300530270177,visible_pixel_support,False,visible_candidate,line-simulation-a33-000194,331,331,1.421560428015141,,solid
uct-test-a33,0.5941409538248629,0.07169688389826423,0.001434130905212494,0.0035593056739756657,331,408.5,1.5,4,1.3776374227124393,visible_pixel_support,False,visible_candidate,line-uct-test-a33-000132,331,331,1.421560428015141,,dashed
simulation-a33,0.5970092156352879,0.03017165103521502,0.001434130905212494,0.0023728704493171104,332,426.0,1.0,3,0.021972939341026176,visible_pixel_support,False,visible_candidate,line-simulation-a33-000195,332,332,1.4615478058020699,,solid
uct-test-a33,0.5970092156352879,0.07169688389826423,0.001434130905212494,0.0035593056739756657,332,408.5,1.5,4,1.4395748664610437,visible_pixel_support,False,visible_candidate,line-uct-test-a33-000133,332,332,1.4615478058020699,,dashed
simulation-a33,0.5998774774457128,0.03017165103521502,0.001434130905212494,0.0023728704493171104,333,426.0,1.0,3,0.0,visible_pixel_support,False,visible_candidate,line-simulation-a33-000196,333,333,1.5,,solid
uct-test-a33,0.5998774774457128,0.07169688389826423,0.001434130905212494,0.0035593056739756657,333,408.5,1.5,4,1.5,visible_pixel_support,False,visible_candidate,line-uct-test-a33-000134,333,333,1.5,,dashed
simulation-a33,0.6027457392561378,0.03017165103521502,0.001434130905212605,0.0023728704493171104,334,426.0,1.0,3,0.022351606174879635,visible_pixel_support,False,visible_candidate,line-simulation-a33-000197,334,334,1.581474602147864,,solid
uct-test-a33,0.6027457392561378,0.07169688389826423,0.001434130905212605,0.0011864352246585552,334,408.5,0.5,2,1.5591229959729844,visible_pixel_support,False,visible_candidate,line-uct-test-a33-000135,334,334,1.581474602147864,,dashed
simulation-a33,0.6056140010665629,0.03017165103521502,0.001434130905212494,0.0023728704493171104,335,426.0,1.0,3,0.0454447416073549,visible_pixel_support,False,visible_candidate,line-simulation-a33-000198,335,335,6.445444741607355,,solid
simulation-a33,0.6084822628769879,0.031358086259873685,0.001434130905212494,0.0011864352246586662,336,425.5,0.5,2,0.43071881705844817,visible_pixel_support,False,visible_candidate,line-simulation-a33-000199,336,336,7.005718817058448,,solid
simulation-a33,0.6113505246874129,0.03017165103521502,0.001434130905212494,0.007118611347951331,337,426.0,3.0,7,0.09386270682159648,visible_pixel_support,False,visible_candidate,line-simulation-a33-000200,337,337,6.668862706821597,,solid
simulation-a33,0.6142187864978379,0.031358086259873685,0.001434130905212494,0.005932176123292887,338,425.5,2.5,6,0.38080891010855566,visible_pixel_support,False,visible_candidate,line-simulation-a33-000201,338,338,6.955808910108556,,solid
simulation-a33,0.6170870483082629,0.031358086259873685,0.001434130905212494,0.0035593056739757767,339,425.5,1.5,4,0.35473189120477855,visible_pixel_support,False,visible_candidate,line-simulation-a33-000202,339,339,6.754731891204779,,solid
simulation-a33,0.6199553101186879,0.031358086259873685,0.001434130905212494,0.0035593056739757767,340,425.5,1.5,4,0.32790445982294614,visible_pixel_support,False,visible_candidate,line-simulation-a33-000203,340,340,6.7279044598229465,,solid
simulation-a33,0.6228235719291129,0.031358086259873685,0.001434130905212494,0.0035593056739757767,341,425.5,1.5,4,0.3003248393190461,visible_pixel_support,False,visible_candidate,line-simulation-a33-000204,341,341,1.2492340430509898,,solid
uct-test-a33,0.6228235719291129,0.07406975434758134,0.001434130905212494,0.0011864352246585552,341,407.5,0.5,2,0.9489092037319438,visible_pixel_support,True,visible_candidate,line-uct-test-a33-000136,341,341,1.2492340430509898,,dashed
simulation-a33,0.6256918337395379,0.031358086259873685,0.001434130905212494,0.005932176123292887,342,425.5,2.5,6,0.271991253049066,visible_pixel_support,False,visible_candidate,line-simulation-a33-000205,342,342,1.27397679041718,,solid
uct-test-a33,0.6256918337395379,0.07406975434758134,0.001434130905212494,0.0035593056739756657,342,407.5,1.5,4,1.001985537368114,visible_pixel_support,False,visible_candidate,line-uct-test-a33-000137,342,342,1.27397679041718,,dashed
simulation-a33,0.6285600955499628,0.03491739193384924,0.001434130905212494,0.004745740898634221,343,424.0,2.0,5,1.7429019243687662,visible_pixel_support,False,visible_candidate,line-simulation-a33-000206,343,343,3.3225199032102863,,solid
uct-test-a33,0.6285600955499628,0.07406975434758134,0.001434130905212494,0.0035593056739756657,343,407.5,1.5,4,1.0546179788415202,visible_pixel_support,False,visible_candidate,line-uct-test-a33-000138,343,343,3.3225199032102863,,dashed
simulation-a33,0.6314283573603878,0.03254452148453213,0.001434130905212494,0.0023728704493171104,344,425.0,1.0,3,0.7130550766341344,visible_pixel_support,False,visible_candidate,line-simulation-a33-000207,344,344,2.169930924926098,,solid
uct-test-a33,0.6314283573603878,0.07406975434758134,0.001434130905212494,0.0035593056739756657,344,407.5,1.5,4,1.1068758482919634,visible_pixel_support,False,visible_candidate,line-uct-test-a33-000139,344,344,2.169930924926098,,dashed
simulation-a33,0.6342966191708128,0.03254452148453213,0.001434130905212494,0.0023728704493171104,345,425.0,1.0,3,0.6824489332011581,visible_pixel_support,False,visible_candidate,line-simulation-a33-000208,345,345,1.8412773990604023,,solid
uct-test-a33,0.6342966191708128,0.07406975434758134,0.001434130905212494,0.0035593056739756657,345,407.5,1.5,4,1.1588284658592443,visible_pixel_support,False,visible_candidate,line-uct-test-a33-000140,345,345,1.8412773990604023,,dashed
simulation-a33,0.6371648809812378,0.03254452148453213,0.001434130905212494,0.0023728704493171104,346,425.0,1.0,3,0.6510817174256545,visible_pixel_support,False,visible_candidate,line-simulation-a33-000209,346,346,1.8616268691089317,,solid
uct-test-a33,0.6371648809812378,0.07406975434758134,0.001434130905212494,0.0035593056739756657,346,407.5,1.5,4,1.2105451516832773,visible_pixel_support,False,visible_candidate,line-uct-test-a33-000141,346,346,1.8616268691089317,,dashed
simulation-a33,0.6400331427916628,0.03254452148453213,0.001434130905212494,0.0023728704493171104,347,425.0,1.0,3,0.6189516526636112,visible_pixel_support,False,visible_candidate,line-simulation-a33-000210,347,347,1.8810468785674743,,solid
uct-test-a33,0.6400331427916628,0.07406975434758134,0.001434130905212494,0.0035593056739756657,347,407.5,1.5,4,1.2620952259038631,visible_pixel_support,False,visible_candidate,line-uct-test-a33-000142,347,347,1.8810468785674743,,dashed
simulation-a33,0.6429014046020878,0.03254452148453213,0.001434130905212605,0.0023728704493171104,348,425.0,1.0,3,0.5860569622710159,visible_pixel_support,False,visible_candidate,line-simulation-a33-000211,348,348,1.8996049709318186,,solid
uct-test-a33,0.6429014046020878,0.07406975434758134,0.001434130905212605,0.0035593056739756657,348,407.5,1.5,4,1.3135480086608027,visible_pixel_support,False,visible_candidate,line-uct-test-a33-000143,348,348,1.8996049709318186,,dashed
simulation-a33,0.6457696664125128,0.03254452148453213,0.001434130905212605,0.0023728704493171104,349,425.0,1.0,3,0.5523958696036289,visible_pixel_support,False,visible_candidate,line-simulation-a33-000212,349,349,1.9173686896975823,,solid
uct-test-a33,0.6457696664125128,0.07406975434758134,0.001434130905212605,0.0035593056739756657,349,407.5,1.5,4,1.3649728200939535,visible_pixel_support,False,visible_candidate,line-uct-test-a33-000144,349,349,1.9173686896975823,,dashed
simulation-a33,0.6486379282229378,0.033730956709190796,0.001434130905212605,0.0035593056739757767,350,424.5,1.5,4,1.0179665980175514,visible_pixel_support,False,visible_candidate,line-simulation-a33-000213,350,350,2.2844055783607247,,solid
uct-test-a33,0.6486379282229378,0.0752561895722399,0.001434130905212605,0.004745740898634221,350,407.0,2.0,5,0.9164389803431732,visible_pixel_support,False,visible_candidate,line-uct-test-a33-000145,350,350,2.2844055783607247,,dashed
simulation-a33,0.6515061900333627,0.03491739193384924,0.001434130905212605,0.0023728704493171104,351,424.0,1.0,3,1.4827673708686007,visible_pixel_support,False,visible_candidate,line-simulation-a33-000214,351,351,2.625783180416806,,solid
uct-test-a33,0.6515061900333627,0.0752561895722399,0.001434130905212605,0.0023728704493171104,351,407.0,1.0,3,0.9680158095482057,visible_pixel_support,False,visible_candidate,line-uct-test-a33-000146,351,351,2.625783180416806,,dashed
simulation-a33,0.6543744518437877,0.03491739193384924,0.001434130905212605,0.0023728704493171104,352,424.0,1.0,3,1.4467964115127074,visible_pixel_support,False,visible_candidate,line-simulation-a33-000215,352,352,2.4665690393618434,,solid
uct-test-a33,0.6543744518437877,0.0752561895722399,0.001434130905212605,0.004745740898634221,352,407.0,2.0,5,1.019772627849136,visible_pixel_support,False,visible_candidate,line-uct-test-a33-000147,352,352,2.4665690393618434,,dashed
simulation-a33,0.6572427136542127,0.03491739193384924,0.001434130905212605,0.0023728704493171104,353,424.0,1.0,3,1.4100519433059162,visible_pixel_support,False,visible_candidate,line-simulation-a33-000216,353,353,2.1568306986915102,,solid
uct-test-a33,0.6572427136542127,0.07644262479689845,0.001434130905212605,0.0035593056739756657,353,406.5,1.5,4,0.5717787553855942,visible_pixel_support,False,visible_candidate,line-uct-test-a33-000148,353,353,2.1568306986915102,,dashed
simulation-a33,0.6601109754646377,0.03491739193384924,0.001434130905212605,0.0023728704493171104,354,424.0,1.0,3,1.3725321896039304,visible_pixel_support,False,visible_candidate,line-simulation-a33-000217,354,354,2.6716357019013683,,solid
uct-test-a33,0.6601109754646377,0.0752561895722399,0.001434130905212605,0.0023728704493171104,354,407.0,1.0,3,1.124103512297438,visible_pixel_support,False,visible_candidate,line-uct-test-a33-000149,354,354,2.6716357019013683,,dashed
simulation-a33,0.6629792372750627,0.036103827158507906,0.001434130905212605,0.0011864352246586662,355,423.5,0.5,2,1.8342353737627946,visible_pixel_support,False,visible_candidate,line-simulation-a33-000218,355,355,3.1860515924873196,,solid
uct-test-a33,0.6629792372750627,0.0752561895722399,0.001434130905212605,0.0011864352246585552,355,407.0,0.5,1,1.1768162187245252,visible_pixel_support,False,visible_candidate,line-uct-test-a33-000150,355,355,3.1860515924873196,,dashed
simulation-a33,0.6658474990854879,0.036103827158507906,0.001434130905212605,0.0011864352246586662,356,423.5,0.5,2,1.795159719138553,visible_pixel_support,False,visible_candidate,line-simulation-a33-000219,356,356,8.195159719138553,,solid
simulation-a33,0.6687157608959129,0.036103827158507906,0.001434130905212605,0.0011864352246586662,357,423.5,0.5,2,1.7553034490868527,visible_pixel_support,False,visible_candidate,line-simulation-a33-000220,357,357,8.155303449086853,,solid
simulation-a33,0.6715840227063379,0.03729026238316635,0.001434130905212605,0.0023728704493171104,358,423.0,1.0,3,2.2146647869638514,visible_pixel_support,False,visible_candidate,line-simulation-a33-000221,358,358,8.78966478696385,,solid
simulation-a33,0.6744522845167629,0.03729026238316635,0.001434130905212605,0.0023728704493171104,359,423.0,1.0,3,2.1732419561254233,visible_pixel_support,False,visible_candidate,line-simulation-a33-000222,359,359,8.573241956125424,,solid
simulation-a33,0.6773205463271879,0.03729026238316635,0.001434130905212605,0.0023728704493171104,360,423.0,1.0,3,2.1310331799274422,visible_pixel_support,False,visible_candidate,line-simulation-a33-000223,360,360,8.531033179927443,,solid
simulation-a33,0.6801888081376128,0.03729026238316635,0.001434130905212605,0.0023728704493171104,361,423.0,1.0,3,2.088036681725839,visible_pixel_support,False,visible_candidate,line-simulation-a33-000224,361,361,8.48803668172584,,solid
simulation-a33,0.6830570699480378,0.03847669760782502,0.001434130905212605,0.0011864352246586662,362,422.5,0.5,2,2.544250684876488,visible_pixel_support,False,visible_candidate,line-simulation-a33-000225,362,362,2.7817413267647906,,solid
uct-test-a33,0.6830570699480378,0.07881549524621556,0.001434130905212605,0.0011864352246585552,362,405.5,0.5,2,0.06249064188830289,visible_pixel_support,True,visible_candidate,line-uct-test-a33-000151,362,362,2.7817413267647906,,dashed
simulation-a33,0.6859253317584628,0.03847669760782502,0.001434130905212605,0.0011864352246586662,363,422.5,0.5,2,2.49967341273549,visible_pixel_support,False,visible_candidate,line-simulation-a33-000226,363,363,2.620475882207188,,solid
uct-test-a33,0.6859253317584628,0.07881549524621556,0.001434130905212605,0.0035593056739756657,363,405.5,1.5,4,0.12080246947169826,visible_pixel_support,False,visible_candidate,line-uct-test-a33-000152,363,363,2.620475882207188,,dashed
simulation-a33,0.6887935935688878,0.03847669760782502,0.001434130905212605,0.0011864352246586662,364,422.5,0.5,2,2.4543030886586052,visible_pixel_support,False,visible_candidate,line-simulation-a33-000227,364,364,2.6344292164876038,,solid
uct-test-a33,0.6887935935688878,0.07881549524621556,0.001434130905212605,0.0035593056739756657,364,405.5,1.5,4,0.1801261278289985,visible_pixel_support,False,visible_candidate,line-uct-test-a33-000153,364,364,2.6344292164876038,,dashed
simulation-a33,0.6916618553793128,0.03017165103521502,0.001434130905212605,0.0011864352246586662,365,426.0,0.5,1,1.0918620639982919,visible_pixel_support,False,visible_candidate,line-simulation-a33-000228,365,365,2.7513311268984575,,solid
uct-test-a33,0.6916618553793128,0.08000193047087412,0.001434130905212605,0.004745740898634221,365,405.0,2.0,5,0.25946906290016614,visible_pixel_support,False,visible_candidate,line-uct-test-a33-000154,365,365,2.7513311268984575,,dashed
simulation-a33,0.6945301171897378,0.03729026238316635,0.001434130905212605,0.004745740898634221,366,423.0,2.0,5,1.8611761781210703,visible_pixel_support,False,visible_candidate,line-simulation-a33-000229,366,366,3.7840899606967806,,solid
uct-test-a33,0.6945301171897378,0.08118836569553267,0.001434130905212605,0.0035593056739756657,366,404.5,1.5,4,0.6979137825757107,visible_pixel_support,False,visible_candidate,line-uct-test-a33-000155,366,366,3.7840899606967806,,dashed
simulation-a33,0.6973983790001628,0.040849568057141905,0.001434130905212605,0.005932176123292887,367,421.5,2.5,6,3.313416038372111,visible_pixel_support,False,visible_candidate,line-simulation-a33-000230,367,367,4.473554749430059,,solid
uct-test-a33,0.6973983790001628,0.08118836569553267,0.001434130905212605,0.0035593056739756657,367,404.5,1.5,4,0.6351387110579481,visible_pixel_support,False,visible_candidate,line-uct-test-a33-000156,367,367,4.473554749430059,,dashed
simulation-a33,0.7002666408105878,0.03966313283248346,0.001434130905212605,0.0023728704493171104,368,422.0,1.0,3,2.764855740111159,visible_pixel_support,False,visible_candidate,line-simulation-a33-000231,368,368,3.510930268318236,,solid
uct-test-a33,0.7002666408105878,0.08118836569553267,0.001434130905212605,0.0035593056739756657,368,404.5,1.5,4,0.5710745282070775,visible_pixel_support,False,visible_candidate,line-uct-test-a33-000157,368,368,3.510930268318236,,dashed
simulation-a33,0.7031349026210127,0.03966313283248346,0.001434130905212605,0.0023728704493171104,369,422.0,1.0,3,2.7154935066939743,visible_pixel_support,False,visible_candidate,line-simulation-a33-000232,369,369,3.2211454205769883,,solid
uct-test-a33,0.7031349026210127,0.08118836569553267,0.001434130905212605,0.0035593056739756657,369,404.5,1.5,4,0.505651913883014,visible_pixel_support,False,visible_candidate,line-uct-test-a33-000158,369,369,3.2211454205769883,,dashed
simulation-a33,0.7060031644314377,0.03966313283248346,0.001434130905212605,0.0023728704493171104,370,422.0,1.0,3,2.665327561476488,visible_pixel_support,False,visible_candidate,line-simulation-a33-000233,370,370,3.104129109422786,,solid
uct-test-a33,0.7060031644314377,0.08118836569553267,0.001434130905212605,0.0035593056739756657,370,404.5,1.5,4,0.4388015479462979,visible_pixel_support,False,visible_candidate,line-uct-test-a33-000159,370,370,3.104129109422786,,dashed
simulation-a33,0.7088714262418627,0.03966313283248346,0.001434130905212605,0.004745740898634221,371,422.0,2.0,5,2.614356127814631,visible_pixel_support,False,visible_candidate,line-simulation-a33-000234,371,371,2.9848102380713613,,solid
uct-test-a33,0.7088714262418627,0.08118836569553267,0.001434130905212605,0.0035593056739756657,371,404.5,1.5,4,0.3704541102567305,visible_pixel_support,False,visible_candidate,line-uct-test-a33-000160,371,371,2.9848102380713613,,dashed
simulation-a33,0.7117396880522877,0.03966313283248346,0.001434130905212605,0.007118611347951331,372,422.0,3.0,7,2.5625774290642767,visible_pixel_support,False,visible_candidate,line-simulation-a33-000235,372,372,2.863117709739015,,solid
uct-test-a33,0.7117396880522877,0.08118836569553267,0.001434130905212605,0.0035593056739756657,372,404.5,1.5,4,0.30054028067473837,visible_pixel_support,False,visible_candidate,line-uct-test-a33-000161,372,372,2.863117709739015,,dashed
simulation-a33,0.7146079498627127,0.031358086259873685,0.001434130905212605,0.0011864352246586662,373,425.5,0.5,2,0.9900103114185868,visible_pixel_support,False,visible_candidate,line-simulation-a33-000236,373,373,2.44400105047888,,solid
uct-test-a33,0.7146079498627127,0.08118836569553267,0.001434130905212605,0.0035593056739756657,373,404.5,1.5,4,0.22899073906029344,visible_pixel_support,False,visible_candidate,line-uct-test-a33-000162,373,373,2.44400105047888,,dashed
simulation-a33,0.7174762116731377,0.02779878058589791,0.001434130905212605,0.0011864352246586662,374,427.0,0.5,1,2.543408870277972,visible_pixel_support,False,visible_candidate,line-simulation-a33-000237,374,374,3.2241450355516235,,solid
uct-test-a33,0.7174762116731377,0.08118836569553267,0.001434130905212605,0.0035593056739756657,374,404.5,1.5,4,0.15573616527365175,visible_pixel_support,False,visible_candidate,line-uct-test-a33-000163,374,374,3.2241450355516235,,dashed
simulation-a33,0.7203444734835627,0.040849568057141905,0.001434130905212605,0.0011864352246586662,375,421.5,0.5,2,2.902379975841882,visible_pixel_support,False,visible_candidate,line-simulation-a33-000238,375,375,4.9080872150167805,,solid
uct-test-a33,0.7203444734835627,0.08118836569553267,0.001434130905212605,0.0035593056739756657,375,404.5,1.5,4,0.08070723917489886,visible_pixel_support,False,visible_candidate,line-uct-test-a33-000164,375,375,4.9080872150167805,,dashed
simulation-a33,0.7232127352939877,0.040849568057141905,0.001434130905212605,0.0011864352246586662,376,421.5,0.5,2,2.8473544502970753,visible_pixel_support,False,visible_candidate,line-simulation-a33-000239,376,376,2.851189090921423,,solid
uct-test-a33,0.7232127352939877,0.08118836569553267,0.001434130905212605,0.0011864352246585552,376,404.5,0.5,2,0.003834640624347685,visible_pixel_support,False,visible_candidate,line-uct-test-a33-000165,376,376,2.851189090921423,,dashed
simulation-a33,0.7260809971044127,0.040849568057141905,0.001434130905212605,0.0011864352246586662,377,421.5,0.5,2,2.791512776443369,visible_pixel_support,False,visible_candidate,line-simulation-a33-000240,377,377,9.19151277644337,,solid
simulation-a33,0.7289492589148376,0.04203600328180057,0.001434130905212605,0.0023728704493171104,378,421.0,1.0,3,3.2348531776368077,visible_pixel_support,False,visible_candidate,line-simulation-a33-000241,378,378,9.809853177636807,,solid
simulation-a33,0.7318175207252626,0.04203600328180057,0.001434130905212605,0.0023728704493171104,379,421.0,1.0,3,3.1773738772333218,visible_pixel_support,False,visible_candidate,line-simulation-a33-000242,379,379,9.577373877233322,,solid
simulation-a33,0.7346857825356876,0.04203600328180057,0.001434130905212605,0.0023728704493171104,380,421.0,1.0,3,3.1190730985886717,visible_pixel_support,False,visible_candidate,line-simulation-a33-000243,380,380,9.519073098588672,,solid
simulation-a33,0.7375540443461126,0.04203600328180057,0.001434130905212605,0.0023728704493171104,381,421.0,1.0,3,3.059949065058902,visible_pixel_support,False,visible_candidate,line-simulation-a33-000244,381,381,9.459949065058902,,solid
simulation-a33,0.7404223061565376,0.04203600328180057,0.001434130905212605,0.0023728704493171104,382,421.0,1.0,3,3.0,visible_pixel_support,False,visible_candidate,line-simulation-a33-000245,382,382,9.4,,solid
simulation-a33,0.7432905679669626,0.04203600328180057,0.001434130905212605,0.0023728704493171104,383,421.0,1.0,3,2.9320762062929475,visible_pixel_support,False,visible_candidate,line-simulation-a33-000246,383,383,5.830190515732397,,solid
uct-test-a33,0.7432905679669626,0.08949341226814245,0.001434130905212605,0.0023728704493171104,383,401.0,1.0,3,2.8981143094394497,visible_pixel_support,True,visible_candidate,line-uct-test-a33-000166,383,383,5.830190515732397,,dashed
simulation-a33,0.7461588297773878,0.04203600328180057,0.001434130905212605,0.0023728704493171104,384,421.0,1.0,3,2.8502093437419944,visible_pixel_support,False,visible_candidate,line-simulation-a33-000247,384,384,5.300523359354929,,solid
uct-test-a33,0.7461588297773878,0.08830697704348389,0.001434130905212605,0.0035593056739756657,384,401.5,1.5,4,2.275314015612935,visible_pixel_support,False,visible_candidate,line-uct-test-a33-000167,384,384,5.300523359354929,,dashed
simulation-a33,0.7490270915878128,0.04203600328180057,0.001434130905212605,0.0023728704493171104,385,421.0,1.0,3,2.7561696710877186,visible_pixel_support,False,visible_candidate,line-simulation-a33-000248,385,385,5.565424177719353,,solid
uct-test-a33,0.7490270915878128,0.08949341226814245,0.001434130905212605,0.004745740898634221,385,401.0,2.0,5,2.6342545066316347,visible_pixel_support,False,visible_candidate,line-uct-test-a33-000168,385,385,5.565424177719353,,dashed
simulation-a33,0.7518953533982378,0.04203600328180057,0.001434130905212605,0.0023728704493171104,386,421.0,1.0,3,2.6517274470709253,visible_pixel_support,False,visible_candidate,line-simulation-a33-000249,386,386,5.129318617677313,,solid
uct-test-a33,0.7518953533982378,0.08949341226814245,0.001434130905212605,0.004745740898634221,386,401.0,2.0,5,2.477591170606388,visible_pixel_support,False,visible_candidate,line-uct-test-a33-000169,386,386,5.129318617677313,,dashed
simulation-a33,0.7547636152086628,0.04203600328180057,0.001434130905212605,0.0023728704493171104,387,421.0,1.0,3,2.5386529304321925,visible_pixel_support,False,visible_candidate,line-simulation-a33-000250,387,387,4.846632326080453,,solid
uct-test-a33,0.7547636152086628,0.08949341226814245,0.001434130905212605,0.004745740898634221,387,401.0,2.0,5,2.3079793956482604,visible_pixel_support,False,visible_candidate,line-uct-test-a33-000170,387,387,4.846632326080453,,dashed
simulation-a33,0.7576318770190877,0.04322243850645913,0.001434130905212605,0.0011864352246585552,388,420.5,0.5,2,2.918716379912155,visible_pixel_support,False,visible_candidate,line-simulation-a33-000251,388,388,5.221790949780359,,solid
uct-test-a33,0.7576318770190877,0.08949341226814245,0.001434130905212605,0.004745740898634221,388,401.0,2.0,5,2.128074569868204,visible_pixel_support,False,visible_candidate,line-uct-test-a33-000171,388,388,5.221790949780359,,dashed
simulation-a33,0.7605001388295127,0.04322243850645913,0.001434130905212605,0.0011864352246585552,389,420.5,0.5,2,2.7936880542514473,visible_pixel_support,False,visible_candidate,line-simulation-a33-000252,389,389,4.734220135628561,,solid
uct-test-a33,0.7605001388295127,0.08949341226814245,0.001434130905212605,0.004745740898634221,389,401.0,2.0,5,1.940532081377114,visible_pixel_support,False,visible_candidate,line-uct-test-a33-000172,389,389,4.734220135628561,,dashed
simulation-a33,0.7633684006399377,0.04322243850645913,0.001434130905212605,0.0011864352246585552,390,420.5,0.5,2,2.665338212190761,visible_pixel_support,False,visible_candidate,line-simulation-a33-000253,390,390,4.4133455304768745,,solid
uct-test-a33,0.7633684006399377,0.08949341226814245,0.001434130905212605,0.004745740898634221,390,401.0,2.0,5,1.7480073182861133,visible_pixel_support,False,visible_candidate,line-uct-test-a33-000173,390,390,4.4133455304768745,,dashed
simulation-a33,0.7662366624503627,0.04322243850645913,0.001434130905212605,0.0011864352246585552,391,420.5,0.5,2,2.5354371124707313,visible_pixel_support,False,visible_candidate,line-simulation-a33-000254,391,391,3.4385927811768853,,solid
uct-test-a33,0.7662366624503627,0.08712054181882534,0.001434130905212605,0.004745740898634221,391,402.0,2.0,5,0.5531556687061538,visible_pixel_support,False,visible_candidate,line-uct-test-a33-000174,391,391,3.4385927811768853,,dashed
simulation-a33,0.7691049242607877,0.04322243850645913,0.001434130905212605,0.0011864352246585552,392,420.5,0.5,2,2.4057550138320494,visible_pixel_support,False,visible_candidate,line-simulation-a33-000255,392,392,2.7643875345801234,,solid
uct-test-a33,0.7691049242607877,0.08712054181882534,0.001434130905212605,0.004745740898634221,392,402.0,2.0,5,0.35863252074807406,visible_pixel_support,False,visible_candidate,line-uct-test-a33-000175,392,392,2.7643875345801234,,dashed
simulation-a33,0.7719731860712127,0.04322243850645913,0.001434130905212605,0.0011864352246585552,393,420.5,0.5,2,2.278062175015293,visible_pixel_support,False,visible_candidate,line-simulation-a33-000256,393,393,2.445155437538233,,solid
uct-test-a33,0.7719731860712127,0.08712054181882534,0.001434130905212605,0.004745740898634221,393,402.0,2.0,5,0.16709326252293977,visible_pixel_support,False,visible_candidate,line-uct-test-a33-000176,393,393,2.445155437538233,,dashed
simulation-a33,0.7748414478816377,0.04322243850645913,0.001434130905212605,0.0011864352246585552,394,420.5,0.5,2,2.154128854761211,visible_pixel_support,False,visible_candidate,line-simulation-a33-000257,394,394,2.1729355726193944,,solid
uct-test-a33,0.7748414478816377,0.08712054181882534,0.001434130905212605,0.004745740898634221,394,402.0,2.0,5,0.01880671785818322,visible_pixel_support,False,visible_candidate,line-uct-test-a33-000177,394,394,2.1729355726193944,,dashed
simulation-a33,0.7777097096920627,0.04440887373111768,0.001434130905212605,0.007118611347951331,395,420.0,3.0,7,2.5357253118103245,visible_pixel_support,False,visible_candidate,line-simulation-a33-000258,395,395,2.907137344094724,,solid
uct-test-a33,0.7777097096920627,0.08712054181882534,0.001434130905212605,0.004745740898634221,395,402.0,2.0,5,0.19641203228439963,visible_pixel_support,False,visible_candidate,line-uct-test-a33-000178,395,395,2.907137344094724,,dashed
simulation-a33,0.7805779715024876,0.04322243850645913,0.001434130905212605,0.0035593056739756657,396,420.5,1.5,4,1.924621804903495,visible_pixel_support,False,visible_candidate,line-simulation-a33-000259,396,396,3.137689097548252,,solid
uct-test-a33,0.7805779715024876,0.08593410659416678,0.001434130905212605,0.0035593056739756657,396,402.5,1.5,4,0.8630672926447573,visible_pixel_support,False,visible_candidate,line-uct-test-a33-000179,396,396,3.137689097548252,,dashed
simulation-a33,0.7834462333129126,0.04440887373111768,0.001434130905212605,0.0023728704493171104,397,420.0,1.0,3,2.3225885927811873,visible_pixel_support,False,visible_candidate,line-simulation-a33-000260,397,397,3.5137057036094346,,solid
uct-test-a33,0.7834462333129126,0.08593410659416678,0.001434130905212605,0.0011864352246585552,397,402.5,0.5,2,1.0161171108282474,visible_pixel_support,False,visible_candidate,line-uct-test-a33-000180,397,397,3.5137057036094346,,dashed
simulation-a33,0.7863144951233376,0.04440887373111768,0.001434130905212605,0.0023728704493171104,398,420.0,1.0,3,2.2313959341840928,visible_pixel_support,False,visible_candidate,line-simulation-a33-000261,398,398,8.631395934184093,,solid
simulation-a33,0.7891827569337626,0.04322243850645913,0.001434130905212605,0.0035593056739756657,399,420.5,1.5,4,1.652814087852903,visible_pixel_support,False,visible_candidate,line-simulation-a33-000262,399,399,8.227814087852904,,solid
simulation-a33,0.7920510187441876,0.04322243850645913,0.001434130905212605,0.005932176123292776,400,420.5,2.5,6,1.5886133125281958,visible_pixel_support,False,visible_candidate,line-simulation-a33-000263,400,400,7.988613312528196,,solid
simulation-a33,0.7949192805546126,0.036103827158507906,0.001434130905212605,0.0011864352246586662,401,423.5,0.5,2,1.4594361330492234,visible_pixel_support,False,visible_candidate,line-simulation-a33-000264,401,401,8.909436133049223,,solid
simulation-a33,0.7977875423650376,0.04322243850645913,0.001434130905212605,0.0011864352246585552,402,420.5,0.5,2,1.5104360098611096,visible_pixel_support,False,visible_candidate,line-simulation-a33-000265,402,402,8.960436009861109,,solid
simulation-a33,0.8006558041754626,0.04322243850645913,0.001434130905212605,0.0011864352246585552,403,420.5,0.5,2,1.5,visible_pixel_support,False,visible_candidate,line-simulation-a33-000266,403,403,7.9,,solid
simulation-a33,0.8035240659858875,0.04440887373111768,0.001434130905212605,0.0023728704493171104,404,420.0,1.0,3,2.0016093294461257,visible_pixel_support,False,visible_candidate,line-simulation-a33-000267,404,404,5.673390670554045,,solid
uct-test-a33,0.8035240659858875,0.08118836569553267,0.001434130905212605,0.0011864352246585552,404,404.5,0.5,2,3.496781341107919,visible_pixel_support,True,visible_candidate,line-uct-test-a33-000181,404,404,5.673390670554045,,dashed
simulation-a33,0.8063923277963125,0.04440887373111768,0.001434130905212605,0.0023728704493171104,405,420.0,1.0,3,2.0063440233236065,visible_pixel_support,False,visible_candidate,line-simulation-a33-000268,405,405,5.4936559766763935,,solid
uct-test-a33,0.8063923277963125,0.08118836569553267,0.001434130905212605,0.0035593056739756657,405,404.5,1.5,4,3.487311953352787,visible_pixel_support,False,visible_candidate,line-uct-test-a33-000182,405,405,5.4936559766763935,,dashed
simulation-a33,0.8092605896067375,0.04440887373111768,0.001434130905212605,0.0023728704493171104,406,420.0,1.0,3,2.014064139941695,visible_pixel_support,False,visible_candidate,line-simulation-a33-000269,406,406,5.485935860058305,,solid
uct-test-a33,0.8092605896067375,0.08118836569553267,0.001434130905212605,0.0035593056739756657,406,404.5,1.5,4,3.47187172011661,visible_pixel_support,False,visible_candidate,line-uct-test-a33-000183,406,406,5.485935860058305,,dashed
simulation-a33,0.8121288514171625,0.04440887373111768,0.001434130905212605,0.0023728704493171104,407,420.0,1.0,3,2.0246297376093594,visible_pixel_support,False,visible_candidate,line-simulation-a33-000270,407,407,5.475370262390641,,solid
uct-test-a33,0.8121288514171625,0.08118836569553267,0.001434130905212605,0.0035593056739756657,407,404.5,1.5,4,3.4507405247812812,visible_pixel_support,False,visible_candidate,line-uct-test-a33-000184,407,407,5.475370262390641,,dashed
simulation-a33,0.8149971132275875,0.04440887373111768,0.001434130905212605,0.0023728704493171104,408,420.0,1.0,3,2.037900874635568,visible_pixel_support,False,visible_candidate,line-simulation-a33-000271,408,408,5.462099125364432,,solid
uct-test-a33,0.8149971132275875,0.08118836569553267,0.001434130905212605,0.0035593056739756657,408,404.5,1.5,4,3.424198250728864,visible_pixel_support,False,visible_candidate,line-uct-test-a33-000185,408,408,5.462099125364432,,dashed
simulation-a33,0.8178653750380125,0.04440887373111768,0.001434130905212605,0.0023728704493171104,409,420.0,1.0,3,2.0537376093294597,visible_pixel_support,False,visible_candidate,line-simulation-a33-000272,409,409,6.796262390670597,,solid
uct-test-a33,0.8178653750380125,0.07881549524621556,0.001434130905212605,0.0035593056739756657,409,405.5,1.5,4,4.392524781341137,visible_pixel_support,False,visible_candidate,line-uct-test-a33-000186,409,409,6.796262390670597,,dashed
simulation-a33,0.8207336368484375,0.04440887373111768,0.001434130905212605,0.0023728704493171104,410,420.0,1.0,3,2.0720000000000596,visible_pixel_support,False,visible_candidate,line-simulation-a33-000273,410,410,6.428000000000111,,solid
uct-test-a33,0.8207336368484375,0.07881549524621556,0.001434130905212605,0.0035593056739756657,410,405.5,1.5,4,4.356000000000051,visible_pixel_support,False,visible_candidate,line-uct-test-a33-000187,410,410,6.428000000000111,,dashed
simulation-a33,0.8236018986588625,0.04440887373111768,0.001434130905212605,0.0023728704493171104,411,420.0,1.0,3,2.092548104956279,visible_pixel_support,False,visible_candidate,line-simulation-a33-000274,411,411,6.407451895043778,,solid
uct-test-a33,0.8236018986588625,0.07881549524621556,0.001434130905212605,0.0035593056739756657,411,405.5,1.5,4,4.314903790087499,visible_pixel_support,False,visible_candidate,line-uct-test-a33-000188,411,411,6.407451895043778,,dashed
simulation-a33,0.8264701604692875,0.04440887373111768,0.001434130905212605,0.0023728704493171104,412,420.0,1.0,3,2.115241982507257,visible_pixel_support,False,visible_candidate,line-simulation-a33-000275,412,412,6.384758017492629,,solid
uct-test-a33,0.8264701604692875,0.07881549524621556,0.001434130905212605,0.0035593056739756657,412,405.5,1.5,4,4.269516034985372,visible_pixel_support,False,visible_candidate,line-uct-test-a33-000189,412,412,6.384758017492629,,dashed
simulation-a33,0.8293384222797127,0.04440887373111768,0.001434130905212605,0.0023728704493171104,413,420.0,1.0,3,2.1399416909620754,visible_pixel_support,False,visible_candidate,line-simulation-a33-000276,413,413,6.035058309037924,,solid
uct-test-a33,0.8293384222797127,0.08000193047087412,0.001434130905212605,0.004745740898634221,413,405.0,2.0,5,3.720116618075849,visible_pixel_support,False,visible_candidate,line-uct-test-a33-000190,413,413,6.035058309037924,,dashed
simulation-a33,0.8322066840901376,0.04440887373111768,0.001434130905212605,0.0023728704493171104,414,420.0,1.0,3,2.1665072886298162,visible_pixel_support,False,visible_candidate,line-simulation-a33-000277,414,414,6.508492711370354,,solid
uct-test-a33,0.8322066840901376,0.07881549524621556,0.001434130905212605,0.0035593056739756657,414,405.5,1.5,4,4.166985422740538,visible_pixel_support,False,visible_candidate,line-uct-test-a33-000191,414,414,6.508492711370354,,dashed
simulation-a33,0.8350749459005626,0.04440887373111768,0.001434130905212605,0.0023728704493171104,415,420.0,1.0,3,2.194798833819277,visible_pixel_support,False,visible_candidate,line-simulation-a33-000278,415,415,6.30520116618078,,solid
uct-test-a33,0.8350749459005626,0.07881549524621556,0.001434130905212605,0.0035593056739756657,415,405.5,1.5,4,4.110402332361502,visible_pixel_support,False,visible_candidate,line-uct-test-a33-000192,415,415,6.30520116618078,,dashed
simulation-a33,0.8379432077109876,0.04322243850645913,0.001434130905212605,0.0011864352246585552,416,420.5,0.5,2,1.724676384839654,visible_pixel_support,False,visible_candidate,line-simulation-a33-000279,416,416,5.950323615160403,,solid
uct-test-a33,0.8379432077109876,0.07881549524621556,0.001434130905212605,0.0035593056739756657,416,405.5,1.5,4,4.050647230320749,visible_pixel_support,False,visible_candidate,line-uct-test-a33-000193,416,416,5.950323615160403,,dashed
simulation-a33,0.8408114695214126,0.04440887373111768,0.001434130905212605,0.0023728704493171104,417,420.0,1.0,3,2.255999999999972,visible_pixel_support,False,visible_candidate,line-simulation-a33-000280,417,417,7.094000000000028,,solid
uct-test-a33,0.8408114695214126,0.077629060021557,0.001434130905212605,0.0023728704493171104,417,406.0,1.0,3,4.488000000000056,visible_pixel_support,False,visible_candidate,line-uct-test-a33-000194,417,417,7.094000000000028,,dashed
simulation-a33,0.8436797313318376,0.04322243850645913,0.001434130905212605,0.0011864352246585552,418,420.5,0.5,2,1.7886297376093125,visible_pixel_support,False,visible_candidate,line-simulation-a33-000281,418,418,6.06137026239063,,solid
uct-test-a33,0.8436797313318376,0.07881549524621556,0.001434130905212605,0.0011864352246585552,418,405.5,0.5,2,3.922740524781318,visible_pixel_support,False,visible_candidate,line-uct-test-a33-000195,418,418,6.06137026239063,,dashed
simulation-a33,0.8465479931422626,0.04322243850645913,0.001434130905212605,0.0011864352246585552,419,420.5,0.5,2,1.8224256559767014,visible_pixel_support,False,visible_candidate,line-simulation-a33-000282,419,419,8.222425655976702,,solid
simulation-a33,0.8494162549526876,0.04322243850645913,0.001434130905212605,0.0011864352246585552,420,420.5,0.5,2,1.8572478134110497,visible_pixel_support,False,visible_candidate,line-simulation-a33-000283,420,420,8.25724781341105,,solid
simulation-a33,0.8522845167631126,0.04322243850645913,0.001434130905212605,0.0011864352246585552,421,420.5,0.5,2,1.8929562682216101,visible_pixel_support,False,visible_candidate,line-simulation-a33-000284,421,421,8.29295626822161,,solid
simulation-a33,0.8551527785735376,0.04322243850645913,0.001434130905212605,0.0011864352246585552,422,420.5,0.5,2,1.9294110787171803,visible_pixel_support,False,visible_candidate,line-simulation-a33-000285,422,422,8.32941107871718,,solid
simulation-a33,0.8580210403839625,0.04322243850645913,0.001434130905212605,0.0011864352246585552,423,420.5,0.5,2,1.9664723032070128,visible_pixel_support,False,visible_candidate,line-simulation-a33-000286,423,423,8.366472303207013,,solid
simulation-a33,0.8608893021943875,0.04322243850645913,0.001434130905212605,0.005932176123292776,424,420.5,2.5,6,2.004000000000019,visible_pixel_support,False,visible_candidate,line-simulation-a33-000287,424,424,8.40400000000002,,solid
simulation-a33,0.8637575640048125,0.04322243850645913,0.001434130905212605,0.0035593056739756657,425,420.5,1.5,4,2.041854227405281,visible_pixel_support,False,visible_candidate,line-simulation-a33-000288,425,425,4.958145772594776,,solid
uct-test-a33,0.8637575640048125,0.08000193047087412,0.001434130905212605,0.0011864352246585552,425,405.0,0.5,1,2.9162915451894946,visible_pixel_support,True,visible_candidate,line-uct-test-a33-000196,425,425,4.958145772594776,,dashed
simulation-a33,0.8666258258152375,0.04322243850645913,0.001434130905212605,0.0011864352246585552,426,420.5,0.5,2,2.079895043731824,visible_pixel_support,False,visible_candidate,line-simulation-a33-000289,426,426,4.920104956268233,,solid
uct-test-a33,0.8666258258152375,0.08000193047087412,0.001434130905212605,0.0023728704493171104,426,405.0,1.0,3,2.840209912536409,visible_pixel_support,False,visible_candidate,line-uct-test-a33-000197,426,426,4.920104956268233,,dashed
simulation-a33,0.8694940876256625,0.04322243850645913,0.001434130905212605,0.0011864352246585552,427,420.5,0.5,2,2.117982507288673,visible_pixel_support,False,visible_candidate,line-simulation-a33-000290,427,427,5.557017492711441,,solid
uct-test-a33,0.8694940876256625,0.07881549524621556,0.001434130905212605,0.0035593056739756657,427,405.5,1.5,4,3.264034985422768,visible_pixel_support,False,visible_candidate,line-uct-test-a33-000198,427,427,5.557017492711441,,dashed
simulation-a33,0.8723623494360875,0.04322243850645913,0.001434130905212605,0.0035593056739756657,428,420.5,1.5,4,2.155976676384853,visible_pixel_support,False,visible_candidate,line-simulation-a33-000291,428,428,5.344023323615147,,solid
uct-test-a33,0.8723623494360875,0.07881549524621556,0.001434130905212605,0.0035593056739756657,428,405.5,1.5,4,3.188046647230294,visible_pixel_support,False,visible_candidate,line-uct-test-a33-000199,428,428,5.344023323615147,,dashed
simulation-a33,0.8752306112465125,0.04440887373111768,0.001434130905212605,0.007118611347951331,429,420.0,3.0,7,2.693737609329446,visible_pixel_support,False,visible_candidate,line-simulation-a33-000292,429,429,5.331262390670611,,solid
uct-test-a33,0.8752306112465125,0.08118836569553267,0.001434130905212605,0.0035593056739756657,429,404.5,1.5,4,2.1125247813411647,visible_pixel_support,False,visible_candidate,line-uct-test-a33-000200,429,429,5.331262390670611,,dashed
simulation-a33,0.8780988730569375,0.04203600328180057,0.001434130905212605,0.0023728704493171104,430,421.0,1.0,3,1.7311253644314206,visible_pixel_support,False,visible_candidate,line-simulation-a33-000293,430,430,4.1188746355684085,,solid
uct-test-a33,0.8780988730569375,0.08118836569553267,0.001434130905212605,0.0035593056739756657,430,404.5,1.5,4,2.0377492711369882,visible_pixel_support,False,visible_candidate,line-uct-test-a33-000201,430,430,4.1188746355684085,,dashed
simulation-a33,0.8809671348673624,0.04322243850645913,0.001434130905212605,0.0011864352246585552,431,420.5,0.5,2,2.2679999999999723,visible_pixel_support,False,visible_candidate,line-simulation-a33-000294,431,431,4.406999999999914,,solid
uct-test-a33,0.8809671348673624,0.08118836569553267,0.001434130905212605,0.0035593056739756657,431,404.5,1.5,4,1.9639999999999418,visible_pixel_support,False,visible_candidate,line-uct-test-a33-000202,431,431,4.406999999999914,,dashed
simulation-a33,0.8838353966777874,0.04203600328180057,0.001434130905212605,0.0023728704493171104,432,421.0,1.0,3,1.8042215743440693,visible_pixel_support,False,visible_candidate,line-simulation-a33-000295,432,432,3.5457784256559877,,solid
uct-test-a33,0.8838353966777874,0.08237480092019123,0.001434130905212605,0.004745740898634221,432,404.0,2.0,5,1.3915568513119183,visible_pixel_support,False,visible_candidate,line-uct-test-a33-000203,432,432,3.5457784256559877,,dashed
simulation-a33,0.8867036584882124,0.04203600328180057,0.001434130905212605,0.0023728704493171104,433,421.0,1.0,3,1.8396501457725662,visible_pixel_support,False,visible_candidate,line-simulation-a33-000296,433,433,3.8353498542273767,,solid
uct-test-a33,0.8867036584882124,0.08118836569553267,0.001434130905212605,0.0035593056739756657,433,404.5,1.5,4,1.8206997084548107,visible_pixel_support,False,visible_candidate,line-uct-test-a33-000204,433,433,3.8353498542273767,,dashed
simulation-a33,0.8895719202986374,0.04203600328180057,0.001434130905212605,0.0023728704493171104,434,421.0,1.0,3,1.8741457725947157,visible_pixel_support,False,visible_candidate,line-simulation-a33-000297,434,434,3.6258542274052274,,solid
uct-test-a33,0.8895719202986374,0.08118836569553267,0.001434130905212605,0.0035593056739756657,434,404.5,1.5,4,1.7517084548105117,visible_pixel_support,False,visible_candidate,line-uct-test-a33-000205,434,434,3.6258542274052274,,dashed
simulation-a33,0.8924401821090624,0.04203600328180057,0.001434130905212605,0.0023728704493171104,435,421.0,1.0,3,1.9075685131195428,visible_pixel_support,False,visible_candidate,line-simulation-a33-000298,435,435,3.592431486880457,,solid
uct-test-a33,0.8924401821090624,0.08118836569553267,0.001434130905212605,0.0035593056739756657,435,404.5,1.5,4,1.6848629737609144,visible_pixel_support,False,visible_candidate,line-uct-test-a33-000206,435,435,3.592431486880457,,dashed
simulation-a33,0.8953084439194874,0.04203600328180057,0.001434130905212605,0.0023728704493171104,436,421.0,1.0,3,1.9397784256560158,visible_pixel_support,False,visible_candidate,line-simulation-a33-000299,436,436,3.560221574344041,,solid
uct-test-a33,0.8953084439194874,0.08118836569553267,0.001434130905212605,0.0035593056739756657,436,404.5,1.5,4,1.6204431486880253,visible_pixel_support,False,visible_candidate,line-uct-test-a33-000207,436,436,3.560221574344041,,dashed
simulation-a33,0.8981767057299124,0.04203600328180057,0.001434130905212605,0.0023728704493171104,437,421.0,1.0,3,1.970635568513103,visible_pixel_support,False,visible_candidate,line-simulation-a33-000300,437,437,3.52936443148684,,solid
uct-test-a33,0.8981767057299124,0.08118836569553267,0.001434130905212605,0.0035593056739756657,437,404.5,1.5,4,1.5587288629737373,visible_pixel_support,False,visible_candidate,line-uct-test-a33-000208,437,437,3.52936443148684,,dashed
simulation-a33,0.9010449675403374,0.04203600328180057,0.001434130905212605,0.0023728704493171104,438,421.0,1.0,3,2.0,visible_pixel_support,False,visible_candidate,line-simulation-a33-000301,438,438,3.5,,solid
uct-test-a33,0.9010449675403374,0.08118836569553267,0.001434130905212605,0.0035593056739756657,438,404.5,1.5,4,1.5,visible_pixel_support,False,visible_candidate,line-uct-test-a33-000209,438,438,3.5,,dashed
simulation-a33,0.9039132293507623,0.04203600328180057,0.001434130905212605,0.0023728704493171104,439,421.0,1.0,3,2.0284284617682715,visible_pixel_support,False,visible_candidate,line-simulation-a33-000302,439,439,3.146450532299684,,solid
uct-test-a33,0.9039132293507623,0.08237480092019123,0.001434130905212605,0.0023728704493171104,439,404.0,1.0,3,0.9430220705314127,visible_pixel_support,False,visible_candidate,line-uct-test-a33-000210,439,439,3.146450532299684,,dashed
simulation-a33,0.9067814911611873,0.04203600328180057,0.001434130905212605,0.0023728704493171104,440,421.0,1.0,3,2.0565878095540597,visible_pixel_support,False,visible_candidate,line-simulation-a33-000303,440,440,8.45658780955406,,solid
simulation-a33,0.9096497529716125,0.04203600328180057,0.001434130905212605,0.0023728704493171104,441,421.0,1.0,3,2.084503272793256,visible_pixel_support,False,visible_candidate,line-simulation-a33-000304,441,441,8.484503272793257,,solid
simulation-a33,0.9125180147820375,0.04203600328180057,0.001434130905212605,0.0023728704493171104,442,421.0,1.0,3,2.1122000809218093,visible_pixel_support,False,visible_candidate,line-simulation-a33-000305,442,442,8.51220008092181,,solid
simulation-a33,0.9153862765924625,0.04203600328180057,0.001434130905212605,0.0023728704493171104,443,421.0,1.0,3,2.1397034633753833,visible_pixel_support,False,visible_candidate,line-simulation-a33-000306,443,443,8.539703463375384,,solid
simulation-a33,0.9182545384028875,0.040849568057141905,0.001434130905212605,0.0011864352246586662,444,421.5,0.5,2,1.6670386495898697,visible_pixel_support,False,visible_candidate,line-simulation-a33-000307,444,444,8.24203864958987,,solid
simulation-a33,0.9211228002133125,0.040849568057141905,0.001434130905212605,0.0011864352246586662,445,421.5,0.5,2,1.6942308690012737,visible_pixel_support,False,visible_candidate,line-simulation-a33-000308,445,445,8.094230869001274,,solid
simulation-a33,0.9239910620237375,0.040849568057141905,0.001434130905212605,0.0011864352246586662,446,421.5,0.5,2,1.7213053510453733,visible_pixel_support,False,visible_candidate,line-simulation-a33-000309,446,446,8.121305351045374,,solid
simulation-a33,0.9268593238341625,0.040849568057141905,0.001434130905212605,0.0011864352246586662,447,421.5,0.5,2,1.7482873251579463,visible_pixel_support,False,visible_candidate,line-simulation-a33-000310,447,447,2.744217425051545,,solid
uct-test-a33,0.9268593238341625,0.08118836569553267,0.001434130905212605,0.0011864352246585552,447,404.5,0.5,2,0.9959300998935987,visible_pixel_support,True,visible_candidate,line-uct-test-a33-000211,447,447,2.744217425051545,,dashed
simulation-a33,0.9297275856445875,0.040849568057141905,0.001434130905212605,0.0011864352246586662,448,421.5,0.5,2,1.775202020774941,visible_pixel_support,False,visible_candidate,line-simulation-a33-000311,448,448,2.715900484222118,,solid
uct-test-a33,0.9297275856445875,0.08118836569553267,0.001434130905212605,0.0035593056739756657,448,404.5,1.5,4,0.9406984634471769,visible_pixel_support,False,visible_candidate,line-uct-test-a33-000212,448,448,2.715900484222118,,dashed
simulation-a33,0.9325958474550124,0.040849568057141905,0.001434130905212605,0.0011864352246586662,449,421.5,0.5,2,1.8020746673322492,visible_pixel_support,False,visible_candidate,line-simulation-a33-000312,449,449,2.6875900024724046,,solid
uct-test-a33,0.9325958474550124,0.08118836569553267,0.001434130905212605,0.0035593056739756657,449,404.5,1.5,4,0.8855153351401555,visible_pixel_support,False,visible_candidate,line-uct-test-a33-000213,449,449,2.6875900024724046,,dashed
simulation-a33,0.9354641092654374,0.040849568057141905,0.001434130905212605,0.0011864352246586662,450,421.5,0.5,2,1.828930494265535,visible_pixel_support,False,visible_candidate,line-simulation-a33-000313,450,450,2.6592821043545882,,solid
uct-test-a33,0.9354641092654374,0.08118836569553267,0.001434130905212605,0.0035593056739756657,450,404.5,1.5,4,0.8303516100890533,visible_pixel_support,False,visible_candidate,line-uct-test-a33-000214,450,450,2.6592821043545882,,dashed
simulation-a33,0.9383323710758624,0.040849568057141905,0.001434130905212605,0.0011864352246586662,451,421.5,0.5,2,1.8557947310108034,visible_pixel_support,False,visible_candidate,line-simulation-a33-000314,451,451,2.6309729144209086,,solid
uct-test-a33,0.9383323710758624,0.08118836569553267,0.001434130905212605,0.0035593056739756657,451,404.5,1.5,4,0.7751781834101052,visible_pixel_support,False,visible_candidate,line-uct-test-a33-000215,451,451,2.6309729144209086,,dashed
simulation-a33,0.9412006328862874,0.03966313283248346,0.001434130905212605,0.007118611347951331,452,422.0,3.0,7,1.3826926070039463,visible_pixel_support,False,visible_candidate,line-simulation-a33-000315,452,452,2.2776585572233783,,solid
uct-test-a33,0.9412006328862874,0.08118836569553267,0.001434130905212605,0.0035593056739756657,452,404.5,1.5,4,0.7199659502194322,visible_pixel_support,False,visible_candidate,line-uct-test-a33-000216,452,452,2.2776585572233783,,dashed
simulation-a33,0.9440688946967124,0.03966313283248346,0.001434130905212605,0.004745740898634221,453,422.0,2.0,5,1.4096493516805708,visible_pixel_support,False,visible_candidate,line-simulation-a33-000316,453,453,2.74933515731401,,solid
uct-test-a33,0.9440688946967124,0.08000193047087412,0.001434130905212605,0.004745740898634221,453,405.0,2.0,5,1.1646858056334395,visible_pixel_support,False,visible_candidate,line-uct-test-a33-000217,453,453,2.74933515731401,,dashed
simulation-a33,0.9469371565071374,0.03966313283248346,0.001434130905212605,0.0023728704493171104,454,422.0,1.0,3,1.4366901944769097,visible_pixel_support,False,visible_candidate,line-simulation-a33-000317,454,454,2.5459988392453283,,solid
uct-test-a33,0.9469371565071374,0.08000193047087412,0.001434130905212605,0.004745740898634221,454,405.0,2.0,5,1.1093086447684186,visible_pixel_support,False,visible_candidate,line-uct-test-a33-000218,454,454,2.5459988392453283,,dashed
simulation-a33,0.9498054183175624,0.03966313283248346,0.001434130905212605,0.0023728704493171104,455,422.0,1.0,3,1.4638403648285703,visible_pixel_support,False,visible_candidate,line-simulation-a33-000318,455,455,2.192645727569402,,solid
uct-test-a33,0.9498054183175624,0.08118836569553267,0.001434130905212605,0.0035593056739756657,455,404.5,1.5,4,0.5538053627408317,visible_pixel_support,False,visible_candidate,line-uct-test-a33-000219,455,455,2.192645727569402,,dashed
simulation-a33,0.9526736801279874,0.03966313283248346,0.001434130905212605,0.0023728704493171104,456,422.0,1.0,3,1.491125092171444,visible_pixel_support,False,visible_candidate,line-simulation-a33-000319,456,456,1.989271946838187,,solid
uct-test-a33,0.9526736801279874,0.08118836569553267,0.001434130905212605,0.0035593056739756657,456,404.5,1.5,4,0.4981468546667429,visible_pixel_support,False,visible_candidate,line-uct-test-a33-000220,456,456,1.989271946838187,,dashed
simulation-a33,0.9555419419384124,0.03966313283248346,0.001434130905212605,0.004745740898634221,457,422.0,2.0,5,1.5185696059413658,visible_pixel_support,False,visible_candidate,line-simulation-a33-000320,457,457,1.9608736216039802,,solid
uct-test-a33,0.9555419419384124,0.08118836569553267,0.001434130905212605,0.0035593056739756657,457,404.5,1.5,4,0.44230401566261435,visible_pixel_support,False,visible_candidate,line-uct-test-a33-000221,457,457,1.9608736216039802,,dashed
simulation-a33,0.9584102037488373,0.03729026238316635,0.001434130905212605,0.004745740898634221,458,423.0,2.0,5,0.5461991355742271,visible_pixel_support,False,visible_candidate,line-simulation-a33-000321,458,458,1.2824468764187942,,solid
uct-test-a33,0.9584102037488373,0.08118836569553267,0.001434130905212605,0.0035593056739756657,458,404.5,1.5,4,0.38624774084456703,visible_pixel_support,False,visible_candidate,line-uct-test-a33-000222,458,458,1.2824468764187942,,dashed
simulation-a33,0.9612784655592623,0.03847669760782502,0.001434130905212605,0.0011864352246586662,459,422.5,0.5,2,1.0740389105058625,visible_pixel_support,False,visible_candidate,line-simulation-a33-000322,459,459,1.5789878358349256,,solid
uct-test-a33,0.9612784655592623,0.08118836569553267,0.001434130905212605,0.0035593056739756657,459,404.5,1.5,4,0.32994892532906306,visible_pixel_support,False,visible_candidate,line-uct-test-a33-000223,459,459,1.5789878358349256,,dashed
simulation-a33,0.9641467273696873,0.03847669760782502,0.001434130905212605,0.0011864352246586662,460,422.5,0.5,2,1.102114160172107,visible_pixel_support,False,visible_candidate,line-simulation-a33-000323,460,460,2.050492624404444,,solid
uct-test-a33,0.9641467273696873,0.08000193047087412,0.001434130905212605,0.0023728704493171104,460,405.0,1.0,3,0.7733784642323371,visible_pixel_support,False,visible_candidate,line-uct-test-a33-000224,460,460,2.050492624404444,,dashed
simulation-a33,0.9670149891801123,0.03847669760782502,0.001434130905212605,0.0011864352246586662,461,422.5,0.5,2,1.1304501140089087,visible_pixel_support,False,visible_candidate,line-simulation-a33-000324,461,461,7.530450114008909,,solid
simulation-a33,0.9698832509905373,0.03847669760782502,0.001434130905212605,0.0011864352246586662,462,422.5,0.5,2,1.1590720014520457,visible_pixel_support,False,visible_candidate,line-simulation-a33-000325,462,462,7.559072001452046,,solid
simulation-a33,0.9727515128009623,0.03729026238316635,0.001434130905212605,0.0023728704493171104,463,423.0,1.0,3,0.6880050519374095,visible_pixel_support,False,visible_candidate,line-simulation-a33-000326,463,463,7.26300505193741,,solid
simulation-a33,0.9756197746113873,0.03729026238316635,0.001434130905212605,0.0023728704493171104,464,423.0,1.0,3,0.7172744949008347,visible_pixel_support,False,visible_candidate,line-simulation-a33-000327,464,464,7.117274494900835,,solid
simulation-a33,0.9784880364218123,0.03729026238316635,0.001434130905212605,0.0023728704493171104,465,423.0,1.0,3,0.7469055597780994,visible_pixel_support,False,visible_candidate,line-simulation-a33-000328,465,465,7.1469055597781,,solid
simulation-a33,0.9813562982322372,0.03729026238316635,0.001434130905212605,0.0023728704493171104,466,423.0,1.0,3,0.7769234760052086,visible_pixel_support,False,visible_candidate,line-simulation-a33-000329,466,466,7.176923476005209,,solid
simulation-a33,0.9842245600426622,0.036103827158507906,0.001434130905212605,0.0011864352246586662,467,423.5,0.5,2,0.3073534730178835,visible_pixel_support,False,visible_candidate,line-simulation-a33-000330,467,467,6.882353473017884,,solid
simulation-a33,0.9870928218530872,0.036103827158507906,0.001434130905212605,0.0011864352246586662,468,423.5,0.5,2,0.33822078025201563,visible_pixel_support,False,visible_candidate,line-simulation-a33-000331,468,468,2.1457637287425655,,solid
uct-test-a33,0.9870928218530872,0.07644262479689845,0.001434130905212605,0.0011864352246585552,468,406.5,0.5,2,1.8075429484905499,visible_pixel_support,True,visible_candidate,line-uct-test-a33-000225,468,468,2.1457637287425655,,dashed
simulation-a33,0.9899610836635122,0.036103827158507906,0.001434130905212605,0.0011864352246586662,469,423.5,0.5,2,0.3695506271436102,visible_pixel_support,False,visible_candidate,line-simulation-a33-000332,469,469,2.1167685845399546,,solid
uct-test-a33,0.9899610836635122,0.07644262479689845,0.001434130905212605,0.0035593056739756657,469,406.5,1.5,4,1.7472179573963444,visible_pixel_support,False,visible_candidate,line-uct-test-a33-000226,469,469,2.1167685845399546,,dashed
simulation-a33,0.9928293454739374,0.036103827158507906,0.001434130905212605,0.0011864352246586662,470,423.5,0.5,2,0.40136824312827457,visible_pixel_support,False,visible_candidate,line-simulation-a33-000333,470,470,2.087698515012164,,solid
uct-test-a33,0.9928293454739374,0.07644262479689845,0.001434130905212605,0.0035593056739756657,470,406.5,1.5,4,1.6863302718838895,visible_pixel_support,False,visible_candidate,line-uct-test-a33-000227,470,470,2.087698515012164,,dashed
simulation-a33,0.9956976072843624,0.03491739193384924,0.001434130905212605,0.0023728704493171104,471,424.0,1.0,3,0.06630114235798601,visible_pixel_support,False,visible_candidate,line-simulation-a33-000334,471,471,1.8661519294274058,,solid
uct-test-a33,0.9956976072843624,0.07644262479689845,0.001434130905212605,0.0035593056739756657,471,406.5,1.5,4,1.6248507870694198,visible_pixel_support,False,visible_candidate,line-uct-test-a33-000228,471,471,1.8661519294274058,,dashed
simulation-a33,0.9985658690947874,0.03491739193384924,0.001434130905212605,0.0023728704493171104,472,424.0,1.0,3,0.03343229987939367,visible_pixel_support,False,visible_candidate,line-simulation-a33-000335,472,472,1.271182697948791,,solid
uct-test-a33,0.9985658690947874,0.077629060021557,0.001434130905212605,0.0023728704493171104,472,406.0,1.0,3,1.0627503980693973,visible_pixel_support,False,visible_candidate,line-uct-test-a33-000229,472,472,1.271182697948791,,dashed
simulation-a33,1.0014341309052124,0.03491739193384924,0.001434130905212605,0.0023728704493171104,473,424.0,1.0,3,0.0,visible_pixel_support,False,visible_candidate,line-simulation-a33-000336,473,473,1.0,,solid
uct-test-a33,1.0014341309052124,0.077629060021557,0.001434130905212605,0.0023728704493171104,473,406.0,1.0,3,1.0,visible_pixel_support,False,visible_candidate,line-uct-test-a33-000230,473,473,1.0,,dashed
simulation-a33,1.0043023927156374,0.03491739193384924,0.001434130905212605,0.0023728704493171104,474,424.0,1.0,3,0.034624154295556764,visible_pixel_support,False,visible_candidate,line-simulation-a33-000337,474,474,0.6452341953725977,,solid
uct-test-a33,1.0043023927156374,0.07881549524621556,0.001434130905212605,0.0035593056739756657,474,405.5,1.5,4,0.43561004107704093,visible_pixel_support,False,visible_candidate,line-uct-test-a33-000231,474,474,0.6452341953725977,,dashed
simulation-a33,1.0071706545260624,0.03491739193384924,0.001434130905212605,0.0023728704493171104,475,424.0,1.0,3,0.07100701527133424,visible_pixel_support,False,visible_candidate,line-simulation-a33-000338,475,475,0.43968614875069534,,solid
uct-test-a33,1.0071706545260624,0.07881549524621556,0.001434130905212605,0.0035593056739756657,475,405.5,1.5,4,0.3686791334793611,visible_pixel_support,False,visible_candidate,line-uct-test-a33-000232,475,475,0.43968614875069534,,dashed
simulation-a33,1.0100389163364873,0.03254452148453213,0.001434130905212605,0.0023728704493171104,476,425.0,1.0,3,0.8909185047646133,visible_pixel_support,False,visible_candidate,line-simulation-a33-000339,476,476,1.540228923032862,,solid
uct-test-a33,1.0100389163364873,0.07881549524621556,0.001434130905212605,0.0035593056739756657,476,405.5,1.5,4,0.29931041826824867,visible_pixel_support,False,visible_candidate,line-uct-test-a33-000233,476,476,1.540228923032862,,dashed
simulation-a33,1.0129071781469123,0.03254452148453213,0.001434130905212605,0.0023728704493171104,477,425.0,1.0,3,0.8512194935038337,visible_pixel_support,False,visible_candidate,line-simulation-a33-000340,477,477,1.0788265300085413,,solid
uct-test-a33,1.0129071781469123,0.07881549524621556,0.001434130905212605,0.0035593056739756657,477,405.5,1.5,4,0.2276070365047076,visible_pixel_support,False,visible_candidate,line-uct-test-a33-000234,477,477,1.0788265300085413,,dashed
simulation-a33,1.0157754399573373,0.03254452148453213,0.001434130905212605,0.0023728704493171104,478,425.0,1.0,3,0.8099630386379886,visible_pixel_support,False,visible_candidate,line-simulation-a33-000341,478,478,1.6386351678877873,,solid
uct-test-a33,1.0157754399573373,0.077629060021557,0.001434130905212605,0.004745740898634221,478,406.0,2.0,5,0.6536721292497987,visible_pixel_support,False,visible_candidate,line-uct-test-a33-000235,478,478,1.6386351678877873,,dashed
simulation-a33,1.0186437017677623,0.03254452148453213,0.001434130905212605,0.0023728704493171104,479,425.0,1.0,3,0.7672162278587393,visible_pixel_support,False,visible_candidate,line-simulation-a33-000342,479,479,2.019825065423606,,solid
uct-test-a33,1.0186437017677623,0.07644262479689845,0.001434130905212605,0.0035593056739756657,479,406.5,1.5,4,1.077608837564867,visible_pixel_support,False,visible_candidate,line-uct-test-a33-000236,479,479,2.019825065423606,,dashed
simulation-a33,1.0215119635781873,0.03254452148453213,0.001434130905212605,0.0023728704493171104,480,425.0,1.0,3,0.7230461488579181,visible_pixel_support,False,visible_candidate,line-simulation-a33-000343,480,480,1.7225664513687207,,solid
uct-test-a33,1.0215119635781873,0.07644262479689845,0.001434130905212605,0.0035593056739756657,480,406.5,1.5,4,0.9995203025108026,visible_pixel_support,False,visible_candidate,line-uct-test-a33-000237,480,480,1.7225664513687207,,dashed
simulation-a33,1.0243802253886123,0.033730956709190796,0.001434130905212605,0.005932176123292887,481,424.5,2.5,6,0.1775198893270158,visible_pixel_support,False,visible_candidate,line-simulation-a33-000344,481,481,1.2720295544759097,,solid
uct-test-a33,1.0243802253886123,0.07644262479689845,0.001434130905212605,0.0035593056739756657,481,406.5,1.5,4,0.9195096651488939,visible_pixel_support,False,visible_candidate,line-uct-test-a33-000238,481,481,1.2720295544759097,,dashed
simulation-a33,1.0272484871990373,0.03254452148453213,0.001434130905212605,0.004745740898634221,482,425.0,2.0,5,0.6307045369579214,visible_pixel_support,False,visible_candidate,line-simulation-a33-000345,482,482,1.6433846034980661,,solid
uct-test-a33,1.0272484871990373,0.07644262479689845,0.001434130905212605,0.0011864352246585552,482,406.5,0.5,2,0.8376800665401447,visible_pixel_support,False,visible_candidate,line-uct-test-a33-000239,482,482,1.6433846034980661,,dashed
simulation-a33,1.0301167490094623,0.03254452148453213,0.001434130905212605,0.0023728704493171104,483,425.0,1.0,3,0.582667179442069,visible_pixel_support,False,visible_candidate,line-simulation-a33-000346,483,483,6.982667179442069,,solid
simulation-a33,1.0329850108198873,0.03254452148453213,0.001434130905212605,0.0023728704493171104,484,425.0,1.0,3,0.5334749044713476,visible_pixel_support,False,visible_candidate,line-simulation-a33-000347,484,484,6.933474904471348,,solid
simulation-a33,1.0358532726303122,0.03254452148453213,0.001434130905212605,0.004745740898634221,485,425.0,2.0,5,0.4831947997373618,visible_pixel_support,False,visible_candidate,line-simulation-a33-000348,485,485,6.883194799737362,,solid
simulation-a33,1.0387215344407372,0.03254452148453213,0.001434130905212605,0.007118611347951331,486,425.0,3.0,7,0.43189395293177313,visible_pixel_support,False,visible_candidate,line-simulation-a33-000349,486,486,6.8318939529317735,,solid
simulation-a33,1.0415897962511622,0.03254452148453213,0.001434130905212605,0.0023728704493171104,487,425.0,1.0,3,0.37963945174612945,visible_pixel_support,False,visible_candidate,line-simulation-a33-000350,487,487,6.77963945174613,,solid
simulation-a33,1.0444580580615872,0.03254452148453213,0.001434130905212605,0.0023728704493171104,488,425.0,1.0,3,0.32649838387243335,visible_pixel_support,False,visible_candidate,line-simulation-a33-000351,488,488,6.726498383872434,,solid
simulation-a33,1.0473263198720122,0.03254452148453213,0.001434130905212605,0.0023728704493171104,489,425.0,1.0,3,0.272537837002119,visible_pixel_support,False,visible_candidate,line-simulation-a33-000352,489,489,0.4951436475050741,,solid
uct-test-a33,1.0473263198720122,0.07644262479689845,0.001434130905212605,0.0011864352246585552,489,406.5,0.5,2,0.22260581050295514,visible_pixel_support,True,visible_candidate,line-uct-test-a33-000240,489,489,0.4951436475050741,,dashed
simulation-a33,1.0501945816824372,0.03254452148453213,0.001434130905212605,0.0023728704493171104,490,425.0,1.0,3,0.21782489882684786,visible_pixel_support,False,visible_candidate,line-simulation-a33-000353,490,490,0.3477624989470769,,solid
uct-test-a33,1.0501945816824372,0.07644262479689845,0.001434130905212605,0.0035593056739756657,490,406.5,1.5,4,0.12993760012022904,visible_pixel_support,False,visible_candidate,line-uct-test-a33-000241,490,490,0.3477624989470769,,dashed
simulation-a33,1.0530628434928622,0.031358086259873685,0.001434130905212605,0.0035593056739757767,491,425.5,1.5,4,0.6624266570383952,visible_pixel_support,False,visible_candidate,line-simulation-a33-000354,491,491,0.8738053550792302,,solid
uct-test-a33,1.0530628434928622,0.07644262479689845,0.001434130905212605,0.0035593056739756657,491,406.5,1.5,4,0.036378698040834934,visible_pixel_support,False,visible_candidate,line-uct-test-a33-000242,491,491,0.8738053550792302,,dashed
simulation-a33,1.0559311053032872,0.03254452148453213,0.001434130905212605,0.0023728704493171104,492,425.0,1.0,3,0.1064101993284794,visible_pixel_support,False,visible_candidate,line-simulation-a33-000355,492,492,0.3393779540025889,,solid
uct-test-a33,1.0559311053032872,0.07644262479689845,0.001434130905212605,0.0035593056739756657,492,406.5,1.5,4,0.05796775467410953,visible_pixel_support,False,visible_candidate,line-uct-test-a33-000243,492,492,0.3393779540025889,,dashed
simulation-a33,1.0587993671137121,0.031358086259873685,0.001434130905212605,0.0011864352246586662,493,425.5,0.5,2,0.5498426133887051,visible_pixel_support,False,visible_candidate,line-simulation-a33-000356,493,493,0.8778412303521919,,solid
uct-test-a33,1.0587993671137121,0.07644262479689845,0.001434130905212605,0.0035593056739756657,493,406.5,1.5,4,0.1529986169634867,visible_pixel_support,False,visible_candidate,line-uct-test-a33-000244,493,493,0.8778412303521919,,dashed
simulation-a33,1.0616676289241371,0.03254452148453213,0.001434130905212605,0.0023728704493171104,494,425.0,1.0,3,0.007209013089266136,visible_pixel_support,False,visible_candidate,line-simulation-a33-000357,494,494,1.2835982653229168,,solid
uct-test-a33,1.0616676289241371,0.07406975434758134,0.001434130905212605,0.0035593056739756657,494,407.5,1.5,4,0.7513892522336505,visible_pixel_support,False,visible_candidate,line-uct-test-a33-000245,494,494,1.2835982653229168,,dashed
simulation-a33,1.0645358907345621,0.031358086259873685,0.001434130905212605,0.0035593056739757767,495,425.5,1.5,4,0.43532240758628404,visible_pixel_support,False,visible_candidate,line-simulation-a33-000358,495,495,1.2656214015648743,,solid
uct-test-a33,1.0645358907345621,0.07406975434758134,0.001434130905212605,0.0035593056739756657,495,407.5,1.5,4,0.6552989939785903,visible_pixel_support,False,visible_candidate,line-uct-test-a33-000246,495,495,1.2656214015648743,,dashed
simulation-a33,1.067404152544987,0.03017165103521502,0.001434130905212605,0.0023728704493171104,496,426.0,1.0,3,0.877503963107074,visible_pixel_support,False,visible_candidate,line-simulation-a33-000359,496,496,2.286337712439638,,solid
uct-test-a33,1.067404152544987,0.07288331912292279,0.001434130905212605,0.004745740898634221,496,408.0,2.0,5,1.058833749332564,visible_pixel_support,False,visible_candidate,line-uct-test-a33-000247,496,496,2.286337712439638,,dashed
simulation-a33,1.070272414355412,0.03017165103521502,0.001434130905212605,0.0023728704493171104,497,426.0,1.0,3,0.8194027411647085,visible_pixel_support,False,visible_candidate,line-simulation-a33-000360,497,497,1.456499400521227,,solid
uct-test-a33,1.070272414355412,0.07406975434758134,0.001434130905212605,0.0035593056739756657,497,407.5,1.5,4,0.46209665935651856,visible_pixel_support,False,visible_candidate,line-uct-test-a33-000248,497,497,1.456499400521227,,dashed
simulation-a33,1.0731406761658373,0.03017165103521502,0.001434130905212605,0.0023728704493171104,498,426.0,1.0,3,0.7610858294508489,visible_pixel_support,False,visible_candidate,line-simulation-a33-000361,498,498,1.1262766945624776,,solid
uct-test-a33,1.0731406761658373,0.07406975434758134,0.001434130905212605,0.0035593056739756657,498,407.5,1.5,4,0.3651908651116287,visible_pixel_support,False,visible_candidate,line-uct-test-a33-000249,498,498,1.1262766945624776,,dashed
simulation-a33,1.0760089379762623,0.03017165103521502,0.001434130905212605,0.0023728704493171104,499,426.0,1.0,3,0.7026203156573274,visible_pixel_support,False,visible_candidate,line-simulation-a33-000362,499,499,0.9708398233162825,,solid
uct-test-a33,1.0760089379762623,0.07406975434758134,0.001434130905212605,0.0035593056739756657,499,407.5,1.5,4,0.2682195076589551,visible_pixel_support,False,visible_candidate,line-uct-test-a33-000250,499,499,0.9708398233162825,,dashed
simulation-a33,1.0788771997866873,0.031358086259873685,0.001434130905212605,0.0035593056739757767,500,425.5,1.5,4,0.14407328747563497,visible_pixel_support,False,visible_candidate,line-simulation-a33-000363,500,500,1.1653590155353641,,solid
uct-test-a33,1.0788771997866873,0.07288331912292279,0.001434130905212605,0.004745740898634221,500,408.0,2.0,5,0.6712857280597291,visible_pixel_support,False,visible_candidate,line-uct-test-a33-000251,500,500,1.1653590155353641,,dashed
simulation-a33,1.0817454615971123,0.031358086259873685,0.001434130905212605,0.0035593056739757767,501,425.5,1.5,4,0.08551183259760364,visible_pixel_support,False,visible_candidate,line-simulation-a33-000364,501,501,0.6600044999726151,,solid
uct-test-a33,1.0817454615971123,0.07288331912292279,0.001434130905212605,0.004745740898634221,501,408.0,2.0,5,0.5744926673750115,visible_pixel_support,False,visible_candidate,line-uct-test-a33-000252,501,501,0.6600044999726151,,dashed
simulation-a33,1.0846137234075373,0.031358086259873685,0.001434130905212605,0.0035593056739757767,502,425.5,1.5,4,0.027003038714724426,visible_pixel_support,False,visible_candidate,line-simulation-a33-000365,502,502,0.5049465053806443,,solid
uct-test-a33,1.0846137234075373,0.07288331912292279,0.001434130905212605,0.0023728704493171104,502,408.0,1.0,3,0.4779434666659199,visible_pixel_support,False,visible_candidate,line-uct-test-a33-000253,502,502,0.5049465053806443,,dashed
simulation-a33,1.0874819852179622,0.031358086259873685,0.001434130905212605,0.0035593056739757767,503,425.5,1.5,4,0.031386006481170625,visible_pixel_support,False,visible_candidate,line-simulation-a33-000366,503,503,0.3246447394875986,,solid
uct-test-a33,1.0874819852179622,0.07406975434758134,0.001434130905212605,0.0011864352246585552,503,407.5,0.5,2,0.11825873300642797,visible_pixel_support,False,visible_candidate,line-uct-test-a33-000254,503,503,0.3246447394875986,,dashed
simulation-a33,1.0903502470283872,0.03254452148453213,0.001434130905212605,0.0023728704493171104,504,425.0,1.0,3,0.5895882152983631,visible_pixel_support,False,visible_candidate,line-simulation-a33-000367,504,504,7.164588215298363,,solid
simulation-a33,1.0932185088388122,0.03254452148453213,0.001434130905212605,0.0023728704493171104,505,425.0,1.0,3,0.6475365000453053,visible_pixel_support,False,visible_candidate,line-simulation-a33-000368,505,505,7.047536500045306,,solid
simulation-a33,1.0960867706492372,0.03254452148453213,0.001434130905212605,0.0023728704493171104,506,425.0,1.0,3,0.7051637730302787,visible_pixel_support,False,visible_candidate,line-simulation-a33-000369,506,506,7.105163773030279,,solid
simulation-a33,1.0989550324596622,0.03254452148453213,0.001434130905212605,0.0023728704493171104,507,425.0,1.0,3,0.7624029465615649,visible_pixel_support,False,visible_candidate,line-simulation-a33-000370,507,507,7.162402946561565,,solid
simulation-a33,1.1018232942700872,0.03254452148453213,0.001434130905212605,0.0023728704493171104,508,425.0,1.0,3,0.8191869329474457,visible_pixel_support,False,visible_candidate,line-simulation-a33-000371,508,508,7.219186932947446,,solid
simulation-a33,1.1046915560805122,0.028985215810556575,0.001434130905212605,0.005932176123292887,509,426.5,2.5,6,0.6245513555036268,visible_pixel_support,False,visible_candidate,line-simulation-a33-000372,509,509,7.5495513555036275,,solid
simulation-a33,1.1075598178909372,0.03017165103521502,0.001434130905212605,0.004745740898634221,510,426.0,2.0,5,0.06887900648337109,visible_pixel_support,False,visible_candidate,line-simulation-a33-000373,510,510,6.643879006483371,,solid
simulation-a33,1.1104280797013621,0.03254452148453213,0.001434130905212605,0.004745740898634221,511,425.0,2.0,5,0.9861368923164378,visible_pixel_support,False,visible_candidate,line-simulation-a33-000374,511,511,1.699144258043566,,solid
uct-test-a33,1.1104280797013621,0.07288331912292279,0.001434130905212605,0.0023728704493171104,511,408.0,1.0,3,0.3630073657271282,visible_pixel_support,True,visible_candidate,line-uct-test-a33-000255,511,511,1.699144258043566,,dashed
simulation-a33,1.1132963415117871,0.03254452148453213,0.001434130905212605,0.0023728704493171104,512,425.0,1.0,3,1.040429253204195,visible_pixel_support,False,visible_candidate,line-simulation-a33-000375,512,512,1.4918744615222863,,solid
uct-test-a33,1.1132963415117871,0.07288331912292279,0.001434130905212605,0.004745740898634221,512,408.0,2.0,5,0.4514452083180913,visible_pixel_support,False,visible_candidate,line-uct-test-a33-000256,512,512,1.4918744615222863,,dashed
simulation-a33,1.1161646033222121,0.03254452148453213,0.001434130905212605,0.0023728704493171104,513,425.0,1.0,3,1.093930988488239,visible_pixel_support,False,visible_candidate,line-simulation-a33-000376,513,513,1.6324356277494303,,solid
uct-test-a33,1.1161646033222121,0.07288331912292279,0.001434130905212605,0.004745740898634221,513,408.0,2.0,5,0.5385046392611912,visible_pixel_support,False,visible_candidate,line-uct-test-a33-000257,513,513,1.6324356277494303,,dashed
simulation-a33,1.1190328651326371,0.03254452148453213,0.001434130905212605,0.004745740898634221,514,425.0,2.0,5,1.1465750104767949,visible_pixel_support,False,visible_candidate,line-simulation-a33-000377,514,514,1.8724924929815985,,solid
uct-test-a33,1.1190328651326371,0.07051044867360567,0.001434130905212605,0.004745740898634221,514,409.0,2.0,5,0.3759174825048035,visible_pixel_support,False,visible_candidate,line-uct-test-a33-000258,514,514,1.8724924929815985,,dashed
simulation-a33,1.121901126943062,0.033730956709190796,0.001434130905212605,0.005932176123292887,515,424.5,2.5,6,1.6982942314783145,visible_pixel_support,False,visible_candidate,line-simulation-a33-000378,515,515,2.1652185295194384,,solid
uct-test-a33,1.121901126943062,0.07051044867360567,0.001434130905212605,0.004745740898634221,515,409.0,2.0,5,0.2919242980411241,visible_pixel_support,False,visible_candidate,line-uct-test-a33-000259,515,515,2.1652185295194384,,dashed
simulation-a33,1.124769388753487,0.03017165103521502,0.001434130905212605,0.004745740898634221,516,426.0,2.0,5,0.24902156380107954,visible_pixel_support,False,visible_candidate,line-simulation-a33-000379,516,516,1.6586405122097971,,solid
uct-test-a33,1.124769388753487,0.06932401344894712,0.001434130905212605,0.0035593056739756657,516,409.5,1.5,4,0.7096189484087176,visible_pixel_support,False,visible_candidate,line-uct-test-a33-000260,516,516,1.6586405122097971,,dashed
simulation-a33,1.127637650563912,0.03254452148453213,0.001434130905212605,0.0023728704493171104,517,425.0,1.0,3,1.2986899197533148,visible_pixel_support,False,visible_candidate,line-simulation-a33-000380,517,517,2.2777944944220736,,solid
uct-test-a33,1.127637650563912,0.06932401344894712,0.001434130905212605,0.0035593056739756657,517,409.5,1.5,4,0.6291045746687587,visible_pixel_support,False,visible_candidate,line-uct-test-a33-000261,517,517,2.2777944944220736,,dashed
simulation-a33,1.130505912374337,0.03254452148453213,0.001434130905212605,0.0023728704493171104,518,425.0,1.0,3,1.3472322116434725,visible_pixel_support,False,visible_candidate,line-simulation-a33-000381,518,518,1.5727165295258374,,solid
uct-test-a33,1.130505912374337,0.07051044867360567,0.001434130905212605,0.004745740898634221,518,409.0,2.0,5,0.05048431788236485,visible_pixel_support,False,visible_candidate,line-uct-test-a33-000262,518,518,1.5727165295258374,,dashed
simulation-a33,1.133374174184762,0.03254452148453213,0.001434130905212605,0.0023728704493171104,519,425.0,1.0,3,1.3945813517798342,visible_pixel_support,False,visible_candidate,line-simulation-a33-000382,519,519,1.4207200326691236,,solid
uct-test-a33,1.133374174184762,0.07051044867360567,0.001434130905212605,0.004745740898634221,519,409.0,2.0,5,0.02613868088928939,visible_pixel_support,False,visible_candidate,line-uct-test-a33-000263,519,519,1.4207200326691236,,dashed
simulation-a33,1.136242435995187,0.03254452148453213,0.001434130905212605,0.0023728704493171104,520,425.0,1.0,3,1.4406702524706247,visible_pixel_support,False,visible_candidate,line-simulation-a33-000383,520,520,2.216331533055711,,solid
uct-test-a33,1.136242435995187,0.07169688389826423,0.001434130905212605,0.0035593056739756657,520,408.5,1.5,4,0.6006612805850864,visible_pixel_support,False,visible_candidate,line-uct-test-a33-000264,520,520,2.216331533055711,,dashed
simulation-a33,1.139110697805612,0.03254452148453213,0.001434130905212605,0.0023728704493171104,521,425.0,1.0,3,1.4854318260242962,visible_pixel_support,False,visible_candidate,line-simulation-a33-000384,521,521,2.1584121661683184,,solid
uct-test-a33,1.139110697805612,0.07169688389826423,0.001434130905212605,0.0035593056739756657,521,408.5,1.5,4,0.6729803401440222,visible_pixel_support,False,visible_candidate,line-uct-test-a33-000265,521,521,2.1584121661683184,,dashed
simulation-a33,1.141978959616037,0.03254452148453213,0.001434130905212605,0.0023728704493171104,522,425.0,1.0,3,1.5287989847490735,visible_pixel_support,False,visible_candidate,line-simulation-a33-000385,522,522,2.271791703253882,,solid
uct-test-a33,1.141978959616037,0.07169688389826423,0.001434130905212605,0.0035593056739756657,522,408.5,1.5,4,0.7429927185048086,visible_pixel_support,False,visible_candidate,line-uct-test-a33-000266,522,522,2.271791703253882,,dashed
simulation-a33,1.144847221426462,0.03254452148453213,0.001434130905212605,0.0023728704493171104,523,425.0,1.0,3,1.570704640953295,visible_pixel_support,False,visible_candidate,line-simulation-a33-000386,523,523,2.3812999155597936,,solid
uct-test-a33,1.144847221426462,0.07169688389826423,0.001434130905212605,0.0035593056739756657,523,408.5,1.5,4,0.8105952746064986,visible_pixel_support,False,visible_candidate,line-uct-test-a33-000267,523,523,2.3812999155597936,,dashed
simulation-a33,1.147715483236887,0.03254452148453213,0.001434130905212605,0.0023728704493171104,524,425.0,1.0,3,1.611081706945356,visible_pixel_support,False,visible_candidate,line-simulation-a33-000387,524,524,2.48676657433316,,solid
uct-test-a33,1.147715483236887,0.07169688389826423,0.001434130905212605,0.0011864352246585552,524,408.5,0.5,2,0.8756848673878039,visible_pixel_support,False,visible_candidate,line-uct-test-a33-000268,524,524,2.48676657433316,,dashed
simulation-a33,1.150583745047312,0.03254452148453213,0.001434130905212605,0.0023728704493171104,525,425.0,1.0,3,1.6498630950335382,visible_pixel_support,False,visible_candidate,line-simulation-a33-000388,525,525,8.049863095033539,,solid
simulation-a33,1.153452006857737,0.03254452148453213,0.001434130905212605,0.0023728704493171104,526,425.0,1.0,3,1.6869817175261232,visible_pixel_support,False,visible_candidate,line-simulation-a33-000389,526,526,8.086981717526124,,solid
simulation-a33,1.1563202686681622,0.03254452148453213,0.001434130905212605,0.0023728704493171104,527,425.0,1.0,3,1.7223704867315064,visible_pixel_support,False,visible_candidate,line-simulation-a33-000390,527,527,8.122370486731507,,solid
simulation-a33,1.1591885304785872,0.03254452148453213,0.001434130905212605,0.0023728704493171104,528,425.0,1.0,3,1.7559623149579693,visible_pixel_support,False,visible_candidate,line-simulation-a33-000391,528,528,8.15596231495797,,solid
simulation-a33,1.1620567922890122,0.03254452148453213,0.001434130905212605,0.0023728704493171104,529,425.0,1.0,3,1.7876901145137936,visible_pixel_support,False,visible_candidate,line-simulation-a33-000392,529,529,8.187690114513794,,solid
simulation-a33,1.1649250540994371,0.03254452148453213,0.001434130905212605,0.0023728704493171104,530,425.0,1.0,3,1.8174867977072608,visible_pixel_support,False,visible_candidate,line-simulation-a33-000393,530,530,8.217486797707261,,solid
simulation-a33,1.1677933159098621,0.03254452148453213,0.001434130905212605,0.0023728704493171104,531,425.0,1.0,3,1.8452852768468802,visible_pixel_support,False,visible_candidate,line-simulation-a33-000394,531,531,8.24528527684688,,solid
simulation-a33,1.1706615777202871,0.03254452148453213,0.001434130905212605,0.0023728704493171104,532,425.0,1.0,3,1.8710184642407057,visible_pixel_support,False,visible_candidate,line-simulation-a33-000395,532,532,3.164576467013319,,solid
uct-test-a33,1.1706615777202871,0.07169688389826423,0.001434130905212605,0.0035593056739756657,532,408.5,1.5,4,1.2935580027726132,visible_pixel_support,True,visible_candidate,line-uct-test-a33-000269,532,532,3.164576467013319,,dashed
simulation-a33,1.173529839530712,0.03254452148453213,0.001434130905212605,0.0023728704493171104,533,425.0,1.0,3,1.8946192721973034,visible_pixel_support,False,visible_candidate,line-simulation-a33-000396,533,533,3.226008850117978,,solid
uct-test-a33,1.173529839530712,0.07169688389826423,0.001434130905212605,0.0035593056739756657,533,408.5,1.5,4,1.3313895779206746,visible_pixel_support,False,visible_candidate,line-uct-test-a33-000270,533,533,3.226008850117978,,dashed
simulation-a33,1.176398101341137,0.03254452148453213,0.001434130905212605,0.0023728704493171104,534,425.0,1.0,3,1.9160206130249549,visible_pixel_support,False,visible_candidate,line-simulation-a33-000397,534,534,3.2816973921621866,,solid
uct-test-a33,1.176398101341137,0.07169688389826423,0.001434130905212605,0.0035593056739756657,534,408.5,1.5,4,1.3656767791372317,visible_pixel_support,False,visible_candidate,line-uct-test-a33-000271,534,534,3.2816973921621866,,dashed
simulation-a33,1.179266363151562,0.03254452148453213,0.001434130905212605,0.0023728704493171104,535,425.0,1.0,3,1.935155399031828,visible_pixel_support,False,visible_candidate,line-simulation-a33-000398,535,535,3.006471864392938,,solid
uct-test-a33,1.179266363151562,0.07051044867360567,0.001434130905212605,0.004745740898634221,535,409.0,2.0,5,0.8963164653611102,visible_pixel_support,False,visible_candidate,line-uct-test-a33-000272,535,535,3.006471864392938,,dashed
simulation-a33,1.182134624961987,0.03254452148453213,0.001434130905212605,0.0023728704493171104,536,425.0,1.0,3,1.951956542526375,visible_pixel_support,False,visible_candidate,line-simulation-a33-000399,536,536,2.8751620380575673,,solid
uct-test-a33,1.182134624961987,0.07051044867360567,0.001434130905212605,0.004745740898634221,536,409.0,2.0,5,0.9232054955311924,visible_pixel_support,False,visible_candidate,line-uct-test-a33-000273,536,536,2.8751620380575673,,dashed
simulation-a33,1.185002886772412,0.03254452148453213,0.001434130905212605,0.0023728704493171104,537,425.0,1.0,3,1.9663569558168774,visible_pixel_support,False,visible_candidate,line-simulation-a33-000400,537,537,2.912597684403295,,solid
uct-test-a33,1.185002886772412,0.07051044867360567,0.001434130905212605,0.004745740898634221,537,409.0,2.0,5,0.9462407285864174,visible_pixel_support,False,visible_candidate,line-uct-test-a33-000274,537,537,2.912597684403295,,dashed
simulation-a33,1.187871148582837,0.03017165103521502,0.001434130905212605,0.004745740898634221,538,426.0,2.0,5,0.9782895512116738,visible_pixel_support,False,visible_candidate,line-simulation-a33-000401,538,538,2.2936085746773416,,solid
uct-test-a33,1.187871148582837,0.07051044867360567,0.001434130905212605,0.004745740898634221,538,409.0,2.0,5,0.9653190234656677,visible_pixel_support,False,visible_candidate,line-uct-test-a33-000275,538,538,2.2936085746773416,,dashed
simulation-a33,1.190739410393262,0.033730956709190796,0.001434130905212605,0.005932176123292887,539,424.5,2.5,6,2.487687241019046,visible_pixel_support,False,visible_candidate,line-simulation-a33-000402,539,539,3.9930244801268144,,solid
uct-test-a33,1.190739410393262,0.07051044867360567,0.001434130905212605,0.004745740898634221,539,409.0,2.0,5,0.9803372391077687,visible_pixel_support,False,visible_candidate,line-uct-test-a33-000276,539,539,3.9930244801268144,,dashed
simulation-a33,1.193607672203687,0.031358086259873685,0.001434130905212605,0.0035593056739757767,540,425.5,1.5,4,1.4944829375473319,visible_pixel_support,False,visible_candidate,line-simulation-a33-000403,540,540,2.835675171998935,,solid
uct-test-a33,1.193607672203687,0.07051044867360567,0.001434130905212605,0.004745740898634221,540,409.0,2.0,5,0.9911922344516029,visible_pixel_support,False,visible_candidate,line-uct-test-a33-000277,540,540,2.835675171998935,,dashed
simulation-a33,1.196475934014112,0.03254452148453213,0.001434130905212605,0.0023728704493171104,541,425.0,1.0,3,1.9986095531048704,visible_pixel_support,False,visible_candidate,line-simulation-a33-000404,541,541,2.8463904215409226,,solid
uct-test-a33,1.196475934014112,0.06932401344894712,0.001434130905212605,0.0035593056739756657,541,409.5,1.5,4,0.4977808684360525,visible_pixel_support,False,visible_candidate,line-uct-test-a33-000278,541,541,2.8463904215409226,,dashed
simulation-a33,1.199344195824537,0.03254452148453213,0.001434130905212605,0.0023728704493171104,542,425.0,1.0,3,2.0,visible_pixel_support,False,visible_candidate,line-simulation-a33-000405,542,542,2.5,,solid
uct-test-a33,1.199344195824537,0.06932401344894712,0.001434130905212605,0.0035593056739756657,542,409.5,1.5,4,0.5,visible_pixel_support,False,visible_candidate,line-uct-test-a33-000279,542,542,2.5,,dashed
simulation-a33,1.202212457634962,0.03254452148453213,0.001434130905212605,0.004745740898634221,543,425.0,2.0,5,2.000000000000057,visible_pixel_support,False,visible_candidate,line-simulation-a33-000406,543,543,2.499770627927603,,solid
uct-test-a33,1.202212457634962,0.06932401344894712,0.001434130905212605,0.0035593056739756657,543,409.5,1.5,4,0.49977062792754623,visible_pixel_support,False,visible_candidate,line-uct-test-a33-000280,543,543,2.499770627927603,,dashed
simulation-a33,1.205080719445387,0.03254452148453213,0.001434130905212605,0.007118611347951331,544,425.0,3.0,7,2.0,visible_pixel_support,False,visible_candidate,line-simulation-a33-000407,544,544,2.4990839778225222,,solid
uct-test-a33,1.205080719445387,0.06932401344894712,0.001434130905212605,0.0035593056739756657,544,409.5,1.5,4,0.49908397782252223,visible_pixel_support,False,visible_candidate,line-uct-test-a33-000281,544,544,2.4990839778225222,,dashed
simulation-a33,1.207948981255812,0.031358086259873685,0.001434130905212605,0.0035593056739757767,545,425.5,1.5,4,1.5,visible_pixel_support,False,visible_candidate,line-simulation-a33-000408,545,545,2.1729422488536327,,solid
uct-test-a33,1.207948981255812,0.06932401344894712,0.001434130905212605,0.0035593056739756657,545,409.5,1.5,4,0.4979422488536329,visible_pixel_support,False,visible_candidate,line-uct-test-a33-000282,545,545,2.1729422488536327,,dashed
simulation-a33,1.210817243066237,0.03254452148453213,0.001434130905212605,0.0023728704493171104,546,425.0,1.0,3,2.0,visible_pixel_support,False,visible_candidate,line-simulation-a33-000409,546,546,2.6713476401896967,,solid
uct-test-a33,1.210817243066237,0.06932401344894712,0.001434130905212605,0.0011864352246585552,546,409.5,0.5,2,0.4963476401896969,visible_pixel_support,False,visible_candidate,line-uct-test-a33-000283,546,546,2.6713476401896967,,dashed
simulation-a33,1.213685504876662,0.03254452148453213,0.001434130905212605,0.0023728704493171104,547,425.0,1.0,3,2.0,visible_pixel_support,False,visible_candidate,line-simulation-a33-000410,547,547,8.4,,solid
simulation-a33,1.216553766687087,0.03254452148453213,0.001434130905212605,0.0023728704493171104,548,425.0,1.0,3,2.000000000000057,visible_pixel_support,False,visible_candidate,line-simulation-a33-000411,548,548,8.400000000000057,,solid
simulation-a33,1.219422028497512,0.03254452148453213,0.001434130905212605,0.0023728704493171104,549,425.0,1.0,3,2.0,visible_pixel_support,False,visible_candidate,line-simulation-a33-000412,549,549,8.4,,solid
simulation-a33,1.222290290307937,0.03254452148453213,0.001434130905212605,0.0023728704493171104,550,425.0,1.0,3,2.0,visible_pixel_support,False,visible_candidate,line-simulation-a33-000413,550,550,8.4,,solid
simulation-a33,1.2251585521183619,0.03254452148453213,0.001434130905212605,0.0023728704493171104,551,425.0,1.0,3,2.0,visible_pixel_support,False,visible_candidate,line-simulation-a33-000414,551,551,8.4,,solid
simulation-a33,1.2280268139287869,0.03254452148453213,0.001434130905212605,0.0023728704493171104,552,425.0,1.0,3,2.000000000000057,visible_pixel_support,False,visible_candidate,line-simulation-a33-000415,552,552,8.400000000000057,,solid
simulation-a33,1.2308950757392119,0.03254452148453213,0.001434130905212605,0.0023728704493171104,553,425.0,1.0,3,2.000000000000057,visible_pixel_support,False,visible_candidate,line-simulation-a33-000416,553,553,2.4726894782465934,,solid
uct-test-a33,1.2308950757392119,0.06932401344894712,0.001434130905212605,0.0011864352246585552,553,409.5,0.5,2,0.4726894782465365,visible_pixel_support,True,visible_candidate,line-uct-test-a33-000284,553,553,2.4726894782465934,,dashed
simulation-a33,1.2337633375496369,0.03254452148453213,0.001434130905212605,0.0023728704493171104,554,425.0,1.0,3,2.0,visible_pixel_support,False,visible_candidate,line-simulation-a33-000417,554,554,2.467551002093842,,solid
uct-test-a33,1.2337633375496369,0.06932401344894712,0.001434130905212605,0.0035593056739756657,554,409.5,1.5,4,0.4675510020938418,visible_pixel_support,False,visible_candidate,line-uct-test-a33-000285,554,554,2.467551002093842,,dashed
simulation-a33,1.236631599360062,0.03254452148453213,0.001434130905212605,0.0023728704493171104,555,425.0,1.0,3,2.0,visible_pixel_support,False,visible_candidate,line-simulation-a33-000418,555,555,3.1369794387641035,,solid
uct-test-a33,1.236631599360062,0.07051044867360567,0.001434130905212605,0.004745740898634221,555,409.0,2.0,5,0.9619794387641036,visible_pixel_support,False,visible_candidate,line-uct-test-a33-000286,555,555,3.1369794387641035,,dashed
simulation-a33,1.239499861170487,0.03254452148453213,0.001434130905212605,0.0023728704493171104,556,425.0,1.0,3,2.0,visible_pixel_support,False,visible_candidate,line-simulation-a33-000419,556,556,2.955976987426027,,solid
uct-test-a33,1.239499861170487,0.07051044867360567,0.001434130905212605,0.004745740898634221,556,409.0,2.0,5,0.9559769874260269,visible_pixel_support,False,visible_candidate,line-uct-test-a33-000287,556,556,2.955976987426027,,dashed
simulation-a33,1.242368122980912,0.03254452148453213,0.001434130905212605,0.0023728704493171104,557,425.0,1.0,3,2.0,visible_pixel_support,False,visible_candidate,line-simulation-a33-000420,557,557,2.9495458472482596,,solid
uct-test-a33,1.242368122980912,0.07051044867360567,0.001434130905212605,0.004745740898634221,557,409.0,2.0,5,0.9495458472482596,visible_pixel_support,False,visible_candidate,line-uct-test-a33-000288,557,557,2.9495458472482596,,dashed
simulation-a33,1.245236384791337,0.03254452148453213,0.001434130905212605,0.0023728704493171104,558,425.0,1.0,3,2.0,visible_pixel_support,False,visible_candidate,line-simulation-a33-000421,558,558,2.942688217399507,,solid
uct-test-a33,1.245236384791337,0.07051044867360567,0.001434130905212605,0.004745740898634221,558,409.0,2.0,5,0.9426882173995068,visible_pixel_support,False,visible_candidate,line-uct-test-a33-000289,558,558,2.942688217399507,,dashed
simulation-a33,1.248104646601762,0.03254452148453213,0.001434130905212605,0.0023728704493171104,559,425.0,1.0,3,2.0,visible_pixel_support,False,visible_candidate,line-simulation-a33-000422,559,559,2.93540629704853,,solid
uct-test-a33,1.248104646601762,0.07051044867360567,0.001434130905212605,0.004745740898634221,559,409.0,2.0,5,0.9354062970485302,visible_pixel_support,False,visible_candidate,line-uct-test-a33-000290,559,559,2.93540629704853,,dashed
simulation-a33,1.250972908412187,0.03254452148453213,0.001434130905212605,0.0023728704493171104,560,425.0,1.0,3,2.0,visible_pixel_support,False,visible_candidate,line-simulation-a33-000423,560,560,2.422297714636193,,solid
uct-test-a33,1.250972908412187,0.06813757822428856,0.001434130905212605,0.004745740898634221,560,410.0,2.0,5,0.07229771463619272,visible_pixel_support,False,visible_candidate,line-uct-test-a33-000291,560,560,2.422297714636193,,dashed
simulation-a33,1.253841170222612,0.03254452148453213,0.001434130905212605,0.0023728704493171104,561,425.0,1.0,3,2.0,visible_pixel_support,False,visible_candidate,line-simulation-a33-000424,561,561,2.0804216184857296,,solid
uct-test-a33,1.253841170222612,0.06813757822428856,0.001434130905212605,0.004745740898634221,561,410.0,2.0,5,0.0804216184857296,visible_pixel_support,False,visible_candidate,line-uct-test-a33-000292,561,561,2.0804216184857296,,dashed
simulation-a33,1.256709432033037,0.03254452148453213,0.001434130905212605,0.0023728704493171104,562,425.0,1.0,3,2.0,visible_pixel_support,False,visible_candidate,line-simulation-a33-000425,562,562,2.586036784668397,,solid
uct-test-a33,1.256709432033037,0.06932401344894712,0.001434130905212605,0.0035593056739756657,562,409.5,1.5,4,0.4110367846683971,visible_pixel_support,False,visible_candidate,line-uct-test-a33-000293,562,562,2.586036784668397,,dashed
simulation-a33,1.259577693843462,0.03254452148453213,0.001434130905212605,0.0023728704493171104,563,425.0,1.0,3,2.000000000000057,visible_pixel_support,False,visible_candidate,line-simulation-a33-000426,563,563,2.402079693995006,,solid
uct-test-a33,1.259577693843462,0.06932401344894712,0.001434130905212605,0.0035593056739756657,563,409.5,1.5,4,0.40207969399494914,visible_pixel_support,False,visible_candidate,line-uct-test-a33-000294,563,563,2.402079693995006,,dashed
simulation-a33,1.262445955653887,0.03254452148453213,0.001434130905212605,0.0023728704493171104,564,425.0,1.0,3,2.0,visible_pixel_support,False,visible_candidate,line-simulation-a33-000427,564,564,2.3927093086626883,,solid
uct-test-a33,1.262445955653887,0.06932401344894712,0.001434130905212605,0.0035593056739756657,564,409.5,1.5,4,0.3927093086626883,visible_pixel_support,False,visible_candidate,line-uct-test-a33-000295,564,564,2.3927093086626883,,dashed
simulation-a33,1.265314217464312,0.03254452148453213,0.001434130905212605,0.0023728704493171104,565,425.0,1.0,3,2.0,visible_pixel_support,False,visible_candidate,line-simulation-a33-000428,565,565,2.382927827840092,,solid
uct-test-a33,1.265314217464312,0.06932401344894712,0.001434130905212605,0.0035593056739756657,565,409.5,1.5,4,0.38292782784009205,visible_pixel_support,False,visible_candidate,line-uct-test-a33-000296,565,565,2.382927827840092,,dashed
simulation-a33,1.268182479274737,0.03254452148453213,0.001434130905212605,0.0023728704493171104,566,425.0,1.0,3,2.0,visible_pixel_support,False,visible_candidate,line-simulation-a33-000429,566,566,2.372737450696036,,solid
uct-test-a33,1.268182479274737,0.06932401344894712,0.001434130905212605,0.0035593056739756657,566,409.5,1.5,4,0.3727374506960359,visible_pixel_support,False,visible_candidate,line-uct-test-a33-000297,566,566,2.372737450696036,,dashed
simulation-a33,1.271050741085162,0.03254452148453213,0.001434130905212605,0.007118611347951331,567,425.0,3.0,7,2.0,visible_pixel_support,False,visible_candidate,line-simulation-a33-000430,567,567,2.3621403763990543,,solid
uct-test-a33,1.271050741085162,0.06932401344894712,0.001434130905212605,0.0011864352246585552,567,409.5,0.5,2,0.3621403763990543,visible_pixel_support,False,visible_candidate,line-uct-test-a33-000298,567,567,2.3621403763990543,,dashed
simulation-a33,1.273919002895587,0.03254452148453213,0.001434130905212605,0.004745740898634221,568,425.0,2.0,5,2.0,visible_pixel_support,False,visible_candidate,line-simulation-a33-000431,568,568,8.4,,solid
simulation-a33,1.276787264706012,0.03254452148453213,0.001434130905212605,0.0023728704493171104,569,425.0,1.0,3,2.0,visible_pixel_support,False,visible_candidate,line-simulation-a33-000432,569,569,8.4,,solid
simulation-a33,1.2796555265164369,0.03254452148453213,0.001434130905212605,0.0023728704493171104,570,425.0,1.0,3,2.0,visible_pixel_support,False,visible_candidate,line-simulation-a33-000433,570,570,8.4,,solid
simulation-a33,1.2825237883268619,0.033730956709190796,0.001434130905212605,0.0035593056739757767,571,424.5,1.5,4,2.5,visible_pixel_support,False,visible_candidate,line-simulation-a33-000434,571,571,9.075,,solid
simulation-a33,1.2853920501372869,0.033730956709190796,0.001434130905212605,0.005932176123292887,572,424.5,2.5,6,2.5,visible_pixel_support,False,visible_candidate,line-simulation-a33-000435,572,572,8.9,,solid
simulation-a33,1.2882603119477118,0.03017165103521502,0.001434130905212605,0.004745740898634221,573,426.0,2.0,5,1.0,visible_pixel_support,False,visible_candidate,line-simulation-a33-000436,573,573,7.925000000000001,,solid
simulation-a33,1.2911285737581368,0.03254452148453213,0.001434130905212605,0.0023728704493171104,574,425.0,1.0,3,2.0,visible_pixel_support,False,visible_candidate,line-simulation-a33-000437,574,574,2.626758066209993,,solid
uct-test-a33,1.2911285737581368,0.06932401344894712,0.001434130905212605,0.0011864352246585552,574,409.5,0.5,2,0.2767580662099931,visible_pixel_support,True,visible_candidate,line-uct-test-a33-000299,574,574,2.626758066209993,,dashed
simulation-a33,1.2939968355685618,0.03254452148453213,0.001434130905212605,0.0023728704493171104,575,425.0,1.0,3,2.0,visible_pixel_support,False,visible_candidate,line-simulation-a33-000438,575,575,2.262986584762814,,solid
uct-test-a33,1.2939968355685618,0.06932401344894712,0.001434130905212605,0.0035593056739756657,575,409.5,1.5,4,0.2629865847628139,visible_pixel_support,False,visible_candidate,line-uct-test-a33-000300,575,575,2.262986584762814,,dashed
simulation-a33,1.2968650973789868,0.03254452148453213,0.001434130905212605,0.0023728704493171104,576,425.0,1.0,3,2.0,visible_pixel_support,False,visible_candidate,line-simulation-a33-000439,576,576,2.248828198680883,,solid
uct-test-a33,1.2968650973789868,0.06932401344894712,0.001434130905212605,0.0035593056739756657,576,409.5,1.5,4,0.2488281986808829,visible_pixel_support,False,visible_candidate,line-uct-test-a33-000301,576,576,2.248828198680883,,dashed
simulation-a33,1.2997333591894118,0.03254452148453213,0.001434130905212605,0.0023728704493171104,577,425.0,1.0,3,2.0,visible_pixel_support,False,visible_candidate,line-simulation-a33-000440,577,577,2.2342851071328482,,solid
uct-test-a33,1.2997333591894118,0.06932401344894712,0.001434130905212605,0.0035593056739756657,577,409.5,1.5,4,0.23428510713284822,visible_pixel_support,False,visible_candidate,line-uct-test-a33-000302,577,577,2.2342851071328482,,dashed
simulation-a33,1.3026016209998368,0.03254452148453213,0.001434130905212605,0.0023728704493171104,578,425.0,1.0,3,2.0,visible_pixel_support,False,visible_candidate,line-simulation-a33-000441,578,578,2.8943595092874714,,solid
uct-test-a33,1.3026016209998368,0.07051044867360567,0.001434130905212605,0.004745740898634221,578,409.0,2.0,5,0.7193595092874716,visible_pixel_support,False,visible_candidate,line-uct-test-a33-000303,578,578,2.8943595092874714,,dashed
simulation-a33,1.3054698828102618,0.03254452148453213,0.001434130905212605,0.0023728704493171104,579,425.0,1.0,3,2.0,visible_pixel_support,False,visible_candidate,line-simulation-a33-000442,579,579,2.704053604313515,,solid
uct-test-a33,1.3054698828102618,0.07051044867360567,0.001434130905212605,0.004745740898634221,579,409.0,2.0,5,0.7040536043135148,visible_pixel_support,False,visible_candidate,line-uct-test-a33-000304,579,579,2.704053604313515,,dashed
simulation-a33,1.3083381446206868,0.03254452148453213,0.001434130905212605,0.0023728704493171104,580,425.0,1.0,3,2.0,visible_pixel_support,False,visible_candidate,line-simulation-a33-000443,580,580,2.363369591379512,,solid
uct-test-a33,1.3083381446206868,0.06932401344894712,0.001434130905212605,0.0035593056739756657,580,409.5,1.5,4,0.18836959137951226,visible_pixel_support,False,visible_candidate,line-uct-test-a33-000305,580,580,2.363369591379512,,dashed
simulation-a33,1.3112064064311117,0.03254452148453213,0.001434130905212605,0.0023728704493171104,581,425.0,1.0,3,2.0,visible_pixel_support,False,visible_candidate,line-simulation-a33-000444,581,581,2.172309669654112,,solid
uct-test-a33,1.3112064064311117,0.06932401344894712,0.001434130905212605,0.0035593056739756657,581,409.5,1.5,4,0.17230966965411199,visible_pixel_support,False,visible_candidate,line-uct-test-a33-000306,581,581,2.172309669654112,,dashed
simulation-a33,1.3140746682415367,0.03254452148453213,0.001434130905212605,0.0023728704493171104,582,425.0,1.0,3,2.0,visible_pixel_support,False,visible_candidate,line-simulation-a33-000445,582,582,2.5191239616938104,,solid
uct-test-a33,1.3140746682415367,0.06813757822428856,0.001434130905212605,0.004745740898634221,582,410.0,2.0,5,0.34412396169381054,visible_pixel_support,False,visible_candidate,line-uct-test-a33-000307,582,582,2.5191239616938104,,dashed
simulation-a33,1.3169429300519617,0.03254452148453213,0.001434130905212605,0.0023728704493171104,583,425.0,1.0,3,2.0,visible_pixel_support,False,visible_candidate,line-simulation-a33-000446,583,583,2.360929103495778,,solid
uct-test-a33,1.3169429300519617,0.06813757822428856,0.001434130905212605,0.004745740898634221,583,410.0,2.0,5,0.3609291034957778,visible_pixel_support,False,visible_candidate,line-uct-test-a33-000308,583,583,2.360929103495778,,dashed
simulation-a33,1.319811191862387,0.03254452148453213,0.001434130905212605,0.0023728704493171104,584,425.0,1.0,3,2.0,visible_pixel_support,False,visible_candidate,line-simulation-a33-000447,584,584,2.2968964434170287,,solid
uct-test-a33,1.319811191862387,0.06932401344894712,0.001434130905212605,0.0035593056739756657,584,409.5,1.5,4,0.12189644341702888,visible_pixel_support,False,visible_candidate,line-uct-test-a33-000309,584,584,2.2968964434170287,,dashed
simulation-a33,1.322679453672812,0.03254452148453213,0.001434130905212605,0.0023728704493171104,585,425.0,1.0,3,2.0,visible_pixel_support,False,visible_candidate,line-simulation-a33-000448,585,585,2.5706451217866855,,solid
uct-test-a33,1.322679453672812,0.06813757822428856,0.001434130905212605,0.004745740898634221,585,410.0,2.0,5,0.39564512178668565,visible_pixel_support,False,visible_candidate,line-uct-test-a33-000310,585,585,2.5706451217866855,,dashed
simulation-a33,1.325547715483237,0.03254452148453213,0.001434130905212605,0.0023728704493171104,586,425.0,1.0,3,2.0,visible_pixel_support,False,visible_candidate,line-simulation-a33-000449,586,586,2.413551599938444,,solid
uct-test-a33,1.325547715483237,0.06813757822428856,0.001434130905212605,0.004745740898634221,586,410.0,2.0,5,0.4135515999384438,visible_pixel_support,False,visible_candidate,line-uct-test-a33-000311,586,586,2.413551599938444,,dashed
simulation-a33,1.328415977293662,0.03254452148453213,0.001434130905212605,0.0023728704493171104,587,425.0,1.0,3,2.0,visible_pixel_support,False,visible_candidate,line-simulation-a33-000450,587,587,2.4318207918693133,,solid
uct-test-a33,1.328415977293662,0.06813757822428856,0.001434130905212605,0.004745740898634221,587,410.0,2.0,5,0.4318207918693133,visible_pixel_support,False,visible_candidate,line-uct-test-a33-000312,587,587,2.4318207918693133,,dashed
simulation-a33,1.3312842391040869,0.03254452148453213,0.001434130905212605,0.0023728704493171104,588,425.0,1.0,3,2.0,visible_pixel_support,False,visible_candidate,line-simulation-a33-000451,588,588,2.4504504984108735,,solid
uct-test-a33,1.3312842391040869,0.06813757822428856,0.001434130905212605,0.0023728704493171104,588,410.0,1.0,3,0.4504504984108735,visible_pixel_support,False,visible_candidate,line-uct-test-a33-000313,588,588,2.4504504984108735,,dashed
simulation-a33,1.3341525009145119,0.03254452148453213,0.001434130905212605,0.0023728704493171104,589,425.0,1.0,3,2.0,visible_pixel_support,False,visible_candidate,line-simulation-a33-000452,589,589,8.4,,solid
simulation-a33,1.3370207627249369,0.03254452148453213,0.001434130905212605,0.0023728704493171104,590,425.0,1.0,3,2.0,visible_pixel_support,False,visible_candidate,line-simulation-a33-000453,590,590,8.4,,solid
simulation-a33,1.3398890245353618,0.03254452148453213,0.001434130905212605,0.0023728704493171104,591,425.0,1.0,3,2.0,visible_pixel_support,False,visible_candidate,line-simulation-a33-000454,591,591,8.4,,solid
simulation-a33,1.3427572863457868,0.03254452148453213,0.001434130905212605,0.0023728704493171104,592,425.0,1.0,3,2.0,visible_pixel_support,False,visible_candidate,line-simulation-a33-000455,592,592,8.4,,solid
simulation-a33,1.3456255481562118,0.03254452148453213,0.001434130905212605,0.0023728704493171104,593,425.0,1.0,3,2.0,visible_pixel_support,False,visible_candidate,line-simulation-a33-000456,593,593,8.4,,solid
simulation-a33,1.3484938099666368,0.03254452148453213,0.001434130905212605,0.0023728704493171104,594,425.0,1.0,3,2.0,visible_pixel_support,False,visible_candidate,line-simulation-a33-000457,594,594,8.4,,solid
simulation-a33,1.3513620717770618,0.03017165103521502,0.001434130905212605,0.004745740898634221,595,426.0,2.0,5,1.0,visible_pixel_support,False,visible_candidate,line-simulation-a33-000458,595,595,7.75,,solid
simulation-a33,1.3542303335874868,0.033730956709190796,0.001434130905212605,0.005932176123292887,596,424.5,2.5,6,2.5,visible_pixel_support,False,visible_candidate,line-simulation-a33-000459,596,596,4.137202776480672,,solid
uct-test-a33,1.3542303335874868,0.06695114299963012,0.001434130905212605,0.0035593056739756657,596,410.5,1.5,4,1.1122027764806717,visible_pixel_support,True,visible_candidate,line-uct-test-a33-000314,596,596,4.137202776480672,,dashed
simulation-a33,1.3570985953979118,0.03254452148453213,0.001434130905212605,0.004745740898634221,597,425.0,2.0,5,2.0,visible_pixel_support,False,visible_candidate,line-simulation-a33-000460,597,597,3.308978151926442,,solid
uct-test-a33,1.3570985953979118,0.06695114299963012,0.001434130905212605,0.0035593056739756657,597,410.5,1.5,4,1.133978151926442,visible_pixel_support,False,visible_candidate,line-uct-test-a33-000315,597,597,3.308978151926442,,dashed
simulation-a33,1.3599668572083368,0.03254452148453213,0.001434130905212605,0.0023728704493171104,598,425.0,1.0,3,2.0,visible_pixel_support,False,visible_candidate,line-simulation-a33-000461,598,598,3.1560920502959675,,solid
uct-test-a33,1.3599668572083368,0.06695114299963012,0.001434130905212605,0.0035593056739756657,598,410.5,1.5,4,1.1560920502959675,visible_pixel_support,False,visible_candidate,line-uct-test-a33-000316,598,598,3.1560920502959675,,dashed
simulation-a33,1.3628351190187618,0.03254452148453213,0.001434130905212605,0.0023728704493171104,599,425.0,1.0,3,2.0,visible_pixel_support,False,visible_candidate,line-simulation-a33-000462,599,599,2.853542272420543,,solid
uct-test-a33,1.3628351190187618,0.06813757822428856,0.001434130905212605,0.004745740898634221,599,410.0,2.0,5,0.6785422724205432,visible_pixel_support,False,visible_candidate,line-uct-test-a33-000317,599,599,2.853542272420543,,dashed
simulation-a33,1.3657033808291867,0.03254452148453213,0.001434130905212605,0.004745740898634221,600,425.0,2.0,5,2.0,visible_pixel_support,False,visible_candidate,line-simulation-a33-000463,600,600,2.701326619131464,,solid
uct-test-a33,1.3657033808291867,0.06813757822428856,0.001434130905212605,0.004745740898634221,600,410.0,2.0,5,0.7013266191314642,visible_pixel_support,False,visible_candidate,line-uct-test-a33-000318,600,600,2.701326619131464,,dashed
simulation-a33,1.3685716426396117,0.03017165103521502,0.001434130905212605,0.004745740898634221,601,426.0,2.0,5,1.0,visible_pixel_support,False,visible_candidate,line-simulation-a33-000464,601,601,2.0744428912600825,,solid
uct-test-a33,1.3685716426396117,0.06813757822428856,0.001434130905212605,0.004745740898634221,601,410.0,2.0,5,0.7244428912600824,visible_pixel_support,False,visible_candidate,line-uct-test-a33-000319,601,601,2.0744428912600825,,dashed
simulation-a33,1.3714399044500367,0.028985215810556575,0.001434130905212605,0.005932176123292887,602,426.5,2.5,6,0.5,visible_pixel_support,False,visible_candidate,line-simulation-a33-000465,602,602,1.422888889637693,,solid
uct-test-a33,1.3714399044500367,0.06813757822428856,0.001434130905212605,0.004745740898634221,602,410.0,2.0,5,0.747888889637693,visible_pixel_support,False,visible_candidate,line-uct-test-a33-000320,602,602,1.422888889637693,,dashed
simulation-a33,1.3743081662604617,0.03254452148453213,0.001434130905212605,0.0023728704493171104,603,425.0,1.0,3,2.0,visible_pixel_support,False,visible_candidate,line-simulation-a33-000466,603,603,3.9716624150957047,,solid
uct-test-a33,1.3743081662604617,0.06695114299963012,0.001434130905212605,0.0035593056739756657,603,410.5,1.5,4,1.2716624150957045,visible_pixel_support,False,visible_candidate,line-uct-test-a33-000321,603,603,3.9716624150957047,,dashed
simulation-a33,1.3771764280708867,0.03254452148453213,0.001434130905212605,0.0023728704493171104,604,425.0,1.0,3,2.0,visible_pixel_support,False,visible_candidate,line-simulation-a33-000467,604,604,3.2957612684653554,,solid
uct-test-a33,1.3771764280708867,0.06695114299963012,0.001434130905212605,0.0035593056739756657,604,410.5,1.5,4,1.2957612684653554,visible_pixel_support,False,visible_candidate,line-uct-test-a33-000322,604,604,3.2957612684653554,,dashed
simulation-a33,1.3800446898813117,0.031358086259873685,0.001434130905212605,0.0035593056739757767,605,425.5,1.5,4,1.5,visible_pixel_support,False,visible_candidate,line-simulation-a33-000468,605,605,3.670183250577884,,solid
uct-test-a33,1.3800446898813117,0.06576470777497156,0.001434130905212605,0.004745740898634221,605,411.0,2.0,5,1.8201832505778839,visible_pixel_support,False,visible_candidate,line-uct-test-a33-000323,605,605,3.670183250577884,,dashed
simulation-a33,1.3829129516917367,0.03254452148453213,0.001434130905212605,0.0023728704493171104,606,425.0,1.0,3,2.0,visible_pixel_support,False,visible_candidate,line-simulation-a33-000469,606,606,4.019926162264812,,solid
uct-test-a33,1.3829129516917367,0.06576470777497156,0.001434130905212605,0.004745740898634221,606,411.0,2.0,5,1.8449261622648123,visible_pixel_support,False,visible_candidate,line-uct-test-a33-000324,606,606,4.019926162264812,,dashed
simulation-a33,1.3857812135021617,0.03254452148453213,0.001434130905212605,0.0023728704493171104,607,425.0,1.0,3,2.0,visible_pixel_support,False,visible_candidate,line-simulation-a33-000470,607,607,3.8699878043572653,,solid
uct-test-a33,1.3857812135021617,0.06576470777497156,0.001434130905212605,0.004745740898634221,607,411.0,2.0,5,1.8699878043572653,visible_pixel_support,False,visible_candidate,line-uct-test-a33-000325,607,607,3.8699878043572653,,dashed
simulation-a33,1.3886494753125866,0.03254452148453213,0.001434130905212605,0.0023728704493171104,608,425.0,1.0,3,2.0,visible_pixel_support,False,visible_candidate,line-simulation-a33-000471,608,608,3.5703659776867083,,solid
uct-test-a33,1.3886494753125866,0.06695114299963012,0.001434130905212605,0.0035593056739756657,608,410.5,1.5,4,1.3953659776867084,visible_pixel_support,False,visible_candidate,line-uct-test-a33-000326,608,608,3.5703659776867083,,dashed
simulation-a33,1.3915177371230116,0.03254452148453213,0.001434130905212605,0.0023728704493171104,609,425.0,1.0,3,2.0,visible_pixel_support,False,visible_candidate,line-simulation-a33-000472,609,609,3.42105848308438,,solid
uct-test-a33,1.3915177371230116,0.06695114299963012,0.001434130905212605,0.0035593056739756657,609,410.5,1.5,4,1.42105848308438,visible_pixel_support,False,visible_candidate,line-uct-test-a33-000327,609,609,3.42105848308438,,dashed
simulation-a33,1.3943859989334366,0.03254452148453213,0.001434130905212605,0.0023728704493171104,610,425.0,1.0,3,2.0,visible_pixel_support,False,visible_candidate,line-simulation-a33-000473,610,610,4.122063121381518,,solid
uct-test-a33,1.3943859989334366,0.06576470777497156,0.001434130905212605,0.0011864352246585552,610,411.0,0.5,1,1.9470631213815182,visible_pixel_support,False,visible_candidate,line-uct-test-a33-000328,610,610,4.122063121381518,,dashed
simulation-a33,1.3972542607438616,0.03017165103521502,0.001434130905212605,0.0023728704493171104,611,426.0,1.0,3,1.0,visible_pixel_support,False,visible_candidate,line-simulation-a33-000474,611,611,7.75,,solid
simulation-a33,1.4001225225542868,0.03017165103521502,0.001434130905212605,0.0023728704493171104,612,426.0,1.0,3,1.0,visible_pixel_support,False,visible_candidate,line-simulation-a33-000475,612,612,7.4,,solid
simulation-a33,1.4029907843647118,0.03017165103521502,0.001434130905212605,0.0023728704493171104,613,426.0,1.0,3,1.0000000000000568,visible_pixel_support,False,visible_candidate,line-simulation-a33-000476,613,613,7.400000000000057,,solid
simulation-a33,1.4058590461751368,0.03017165103521502,0.001434130905212605,0.0023728704493171104,614,426.0,1.0,3,1.0,visible_pixel_support,False,visible_candidate,line-simulation-a33-000477,614,614,7.4,,solid
simulation-a33,1.4087273079855618,0.03017165103521502,0.001434130905212605,0.0023728704493171104,615,426.0,1.0,3,1.0,visible_pixel_support,False,visible_candidate,line-simulation-a33-000478,615,615,7.4,,solid
simulation-a33,1.4115955697959868,0.03017165103521502,0.001434130905212605,0.0023728704493171104,616,426.0,1.0,3,1.0,visible_pixel_support,False,visible_candidate,line-simulation-a33-000479,616,616,7.4,,solid
simulation-a33,1.4144638316064118,0.03017165103521502,0.001434130905212605,0.0023728704493171104,617,426.0,1.0,3,1.0,visible_pixel_support,False,visible_candidate,line-simulation-a33-000480,617,617,2.728531023221251,,solid
uct-test-a33,1.4144638316064118,0.06695114299963012,0.001434130905212605,0.0011864352246585552,617,410.5,0.5,2,1.728531023221251,visible_pixel_support,True,visible_candidate,line-uct-test-a33-000329,617,617,2.728531023221251,,dashed
simulation-a33,1.4173320934168367,0.03017165103521502,0.001434130905212605,0.0023728704493171104,618,426.0,1.0,3,1.0000000000000568,visible_pixel_support,False,visible_candidate,line-simulation-a33-000481,618,618,2.795604624662815,,solid
uct-test-a33,1.4173320934168367,0.06695114299963012,0.001434130905212605,0.0035593056739756657,618,410.5,1.5,4,1.795604624662758,visible_pixel_support,False,visible_candidate,line-uct-test-a33-000330,618,618,2.795604624662815,,dashed
simulation-a33,1.4202003552272617,0.03017165103521502,0.001434130905212605,0.0023728704493171104,619,426.0,1.0,3,1.0,visible_pixel_support,False,visible_candidate,line-simulation-a33-000482,619,619,2.8692758784486045,,solid
uct-test-a33,1.4202003552272617,0.06695114299963012,0.001434130905212605,0.0035593056739756657,619,410.5,1.5,4,1.8692758784486045,visible_pixel_support,False,visible_candidate,line-uct-test-a33-000331,619,619,2.8692758784486045,,dashed
simulation-a33,1.4230686170376867,0.03017165103521502,0.001434130905212605,0.0023728704493171104,620,426.0,1.0,3,1.0,visible_pixel_support,False,visible_candidate,line-simulation-a33-000483,620,620,2.9493198646124483,,solid
uct-test-a33,1.4230686170376867,0.06695114299963012,0.001434130905212605,0.0035593056739756657,620,410.5,1.5,4,1.9493198646124483,visible_pixel_support,False,visible_candidate,line-uct-test-a33-000332,620,620,2.9493198646124483,,dashed
simulation-a33,1.4259368788481117,0.03017165103521502,0.001434130905212605,0.0023728704493171104,621,426.0,1.0,3,1.0,visible_pixel_support,False,visible_candidate,line-simulation-a33-000484,621,621,3.035511663188231,,solid
uct-test-a33,1.4259368788481117,0.06695114299963012,0.001434130905212605,0.0035593056739756657,621,410.5,1.5,4,2.035511663188231,visible_pixel_support,False,visible_candidate,line-uct-test-a33-000333,621,621,3.035511663188231,,dashed
simulation-a33,1.4288051406585367,0.03017165103521502,0.001434130905212605,0.0023728704493171104,622,426.0,1.0,3,1.0000000000000568,visible_pixel_support,False,visible_candidate,line-simulation-a33-000485,622,622,3.1276263542096103,,solid
uct-test-a33,1.4288051406585367,0.06695114299963012,0.001434130905212605,0.0035593056739756657,622,410.5,1.5,4,2.1276263542095535,visible_pixel_support,False,visible_candidate,line-uct-test-a33-000334,622,622,3.1276263542096103,,dashed
simulation-a33,1.4316734024689617,0.03017165103521502,0.001434130905212605,0.0023728704493171104,623,426.0,1.0,3,1.0000000000000568,visible_pixel_support,False,visible_candidate,line-simulation-a33-000486,623,623,3.22543901771013,,solid
uct-test-a33,1.4316734024689617,0.06695114299963012,0.001434130905212605,0.0035593056739756657,623,410.5,1.5,4,2.225439017710073,visible_pixel_support,False,visible_candidate,line-uct-test-a33-000335,623,623,3.22543901771013,,dashed
simulation-a33,1.4345416642793867,0.03017165103521502,0.001434130905212605,0.0023728704493171104,624,426.0,1.0,3,1.0,visible_pixel_support,False,visible_candidate,line-simulation-a33-000487,624,624,3.003724733723561,,solid
uct-test-a33,1.4345416642793867,0.06813757822428856,0.001434130905212605,0.004745740898634221,624,410.0,2.0,5,1.8287247337235613,visible_pixel_support,False,visible_candidate,line-uct-test-a33-000336,624,624,3.003724733723561,,dashed
simulation-a33,1.4374099260898117,0.031358086259873685,0.001434130905212605,0.005932176123292887,625,425.5,2.5,6,1.5,visible_pixel_support,False,visible_candidate,line-simulation-a33-000488,625,625,3.612258582283789,,solid
uct-test-a33,1.4374099260898117,0.06813757822428856,0.001434130905212605,0.004745740898634221,625,410.0,2.0,5,1.937258582283789,visible_pixel_support,False,visible_candidate,line-uct-test-a33-000337,625,625,3.612258582283789,,dashed
simulation-a33,1.4402781879002367,0.031358086259873685,0.001434130905212605,0.0035593056739757767,626,425.5,1.5,4,1.5,visible_pixel_support,False,visible_candidate,line-simulation-a33-000489,626,626,3.5508156434243574,,solid
uct-test-a33,1.4402781879002367,0.06813757822428856,0.001434130905212605,0.004745740898634221,626,410.0,2.0,5,2.0508156434243574,visible_pixel_support,False,visible_candidate,line-uct-test-a33-000338,626,626,3.5508156434243574,,dashed
simulation-a33,1.4431464497106616,0.03017165103521502,0.001434130905212605,0.0023728704493171104,627,426.0,1.0,3,1.0,visible_pixel_support,False,visible_candidate,line-simulation-a33-000490,627,627,3.3441709971789804,,solid
uct-test-a33,1.4431464497106616,0.06813757822428856,0.001434130905212605,0.004745740898634221,627,410.0,2.0,5,2.1691709971789805,visible_pixel_support,False,visible_candidate,line-uct-test-a33-000339,627,627,3.3441709971789804,,dashed
simulation-a33,1.4460147115210866,0.03017165103521502,0.001434130905212605,0.0023728704493171104,628,426.0,1.0,3,1.0,visible_pixel_support,False,visible_candidate,line-simulation-a33-000491,628,628,3.2920997235814866,,solid
uct-test-a33,1.4460147115210866,0.06813757822428856,0.001434130905212605,0.004745740898634221,628,410.0,2.0,5,2.2920997235814866,visible_pixel_support,False,visible_candidate,line-uct-test-a33-000340,628,628,3.2920997235814866,,dashed
simulation-a33,1.4488829733315116,0.031358086259873685,0.001434130905212605,0.0035593056739757767,629,425.5,1.5,4,1.5,visible_pixel_support,False,visible_candidate,line-simulation-a33-000492,629,629,3.769376902665476,,solid
uct-test-a33,1.4488829733315116,0.06932401344894712,0.001434130905212605,0.0035593056739756657,629,409.5,1.5,4,1.9193769026654763,visible_pixel_support,False,visible_candidate,line-uct-test-a33-000341,629,629,3.769376902665476,,dashed
simulation-a33,1.4517512351419366,0.031358086259873685,0.001434130905212605,0.005932176123292887,630,425.5,2.5,6,1.5,visible_pixel_support,False,visible_candidate,line-simulation-a33-000493,630,630,3.550777614464721,,solid
uct-test-a33,1.4517512351419366,0.06932401344894712,0.001434130905212605,0.0035593056739756657,630,409.5,1.5,4,2.050777614464721,visible_pixel_support,False,visible_candidate,line-uct-test-a33-000342,630,630,3.550777614464721,,dashed
simulation-a33,1.4546194969523616,0.02779878058589791,0.001434130905212605,0.004745740898634221,631,427.0,2.0,5,0.0,visible_pixel_support,False,visible_candidate,line-simulation-a33-000494,631,631,2.7110769390129916,,solid
uct-test-a33,1.4546194969523616,0.06932401344894712,0.001434130905212605,0.0035593056739756657,631,409.5,1.5,4,2.1860769390129917,visible_pixel_support,False,visible_candidate,line-uct-test-a33-000343,631,631,2.7110769390129916,,dashed
simulation-a33,1.4574877587627866,0.03017165103521502,0.001434130905212605,0.0023728704493171104,632,426.0,1.0,3,1.0,visible_pixel_support,False,visible_candidate,line-simulation-a33-000495,632,632,7.75,,solid
simulation-a33,1.4603560205732116,0.03017165103521502,0.001434130905212605,0.0023728704493171104,633,426.0,1.0,3,1.0000000000000568,visible_pixel_support,False,visible_candidate,line-simulation-a33-000496,633,633,7.400000000000057,,solid
simulation-a33,1.4632242823836366,0.03017165103521502,0.001434130905212605,0.0023728704493171104,634,426.0,1.0,3,1.0,visible_pixel_support,False,visible_candidate,line-simulation-a33-000497,634,634,7.4,,solid
simulation-a33,1.4660925441940615,0.03017165103521502,0.001434130905212605,0.0023728704493171104,635,426.0,1.0,3,1.0,visible_pixel_support,False,visible_candidate,line-simulation-a33-000498,635,635,7.4,,solid
simulation-a33,1.4689608060044865,0.03017165103521502,0.001434130905212605,0.0023728704493171104,636,426.0,1.0,3,1.0,visible_pixel_support,False,visible_candidate,line-simulation-a33-000499,636,636,7.4,,solid
simulation-a33,1.4718290678149115,0.03017165103521502,0.001434130905212605,0.0023728704493171104,637,426.0,1.0,3,1.0,visible_pixel_support,False,visible_candidate,line-simulation-a33-000500,637,637,7.4,,solid
simulation-a33,1.4746973296253365,0.03017165103521502,0.001434130905212605,0.0023728704493171104,638,426.0,1.0,3,1.0,visible_pixel_support,False,visible_candidate,line-simulation-a33-000501,638,638,1.2234400906532414,,solid
uct-test-a33,1.4746973296253365,0.07644262479689845,0.001434130905212605,0.0011864352246585552,638,406.5,0.5,2,0.22344009065324144,visible_pixel_support,True,visible_candidate,line-uct-test-a33-000344,638,638,1.2234400906532414,,dashed
simulation-a33,1.4775655914357615,0.03017165103521502,0.001434130905212605,0.0023728704493171104,639,426.0,1.0,3,1.0,visible_pixel_support,False,visible_candidate,line-simulation-a33-000502,639,639,1.3818311984068146,,solid
uct-test-a33,1.4775655914357615,0.07644262479689845,0.001434130905212605,0.0035593056739756657,639,406.5,1.5,4,0.38183119840681456,visible_pixel_support,False,visible_candidate,line-uct-test-a33-000345,639,639,1.3818311984068146,,dashed
simulation-a33,1.4804338532461865,0.03017165103521502,0.001434130905212605,0.0023728704493171104,640,426.0,1.0,3,1.0,visible_pixel_support,False,visible_candidate,line-simulation-a33-000503,640,640,1.5420966392128435,,solid
uct-test-a33,1.4804338532461865,0.07644262479689845,0.001434130905212605,0.0035593056739756657,640,406.5,1.5,4,0.5420966392128435,visible_pixel_support,False,visible_candidate,line-uct-test-a33-000346,640,640,1.5420966392128435,,dashed
simulation-a33,1.4833021150566117,0.03017165103521502,0.001434130905212605,0.0023728704493171104,641,426.0,1.0,3,1.0,visible_pixel_support,False,visible_candidate,line-simulation-a33-000504,641,641,1.704011493104872,,solid
uct-test-a33,1.4833021150566117,0.07644262479689845,0.001434130905212605,0.0035593056739756657,641,406.5,1.5,4,0.704011493104872,visible_pixel_support,False,visible_candidate,line-uct-test-a33-000347,641,641,1.704011493104872,,dashed
simulation-a33,1.4861703768670367,0.03017165103521502,0.001434130905212605,0.0023728704493171104,642,426.0,1.0,3,1.0,visible_pixel_support,False,visible_candidate,line-simulation-a33-000505,642,642,1.5423508401167283,,solid
uct-test-a33,1.4861703768670367,0.077629060021557,0.001434130905212605,0.004745740898634221,642,406.0,2.0,5,0.36735084011672825,visible_pixel_support,False,visible_candidate,line-uct-test-a33-000348,642,642,1.5423508401167283,,dashed
simulation-a33,1.4890386386774617,0.03017165103521502,0.001434130905212605,0.0023728704493171104,643,426.0,1.0,3,1.0,visible_pixel_support,False,visible_candidate,line-simulation-a33-000506,643,643,1.2068897602821835,,solid
uct-test-a33,1.4890386386774617,0.07881549524621556,0.001434130905212605,0.0035593056739756657,643,405.5,1.5,4,0.03188976028218349,visible_pixel_support,False,visible_candidate,line-uct-test-a33-000349,643,643,1.2068897602821835,,dashed
simulation-a33,1.4919069004878867,0.03017165103521502,0.001434130905212605,0.0023728704493171104,644,426.0,1.0,3,1.0,visible_pixel_support,False,visible_candidate,line-simulation-a33-000507,644,644,1.1974033336347816,,solid
uct-test-a33,1.4919069004878867,0.07881549524621556,0.001434130905212605,0.0035593056739756657,644,405.5,1.5,4,0.19740333363478157,visible_pixel_support,False,visible_candidate,line-uct-test-a33-000350,644,644,1.1974033336347816,,dashed
simulation-a33,1.4947751622983116,0.03017165103521502,0.001434130905212605,0.0023728704493171104,645,426.0,1.0,3,1.0,visible_pixel_support,False,visible_candidate,line-simulation-a33-000508,645,645,1.3636666402083506,,solid
uct-test-a33,1.4947751622983116,0.07881549524621556,0.001434130905212605,0.0035593056739756657,645,405.5,1.5,4,0.3636666402083506,visible_pixel_support,False,visible_candidate,line-uct-test-a33-000351,645,645,1.3636666402083506,,dashed
simulation-a33,1.4976434241087366,0.03017165103521502,0.001434130905212605,0.0023728704493171104,646,426.0,1.0,3,1.0,visible_pixel_support,False,visible_candidate,line-simulation-a33-000509,646,646,1.5304547600366618,,solid
uct-test-a33,1.4976434241087366,0.07881549524621556,0.001434130905212605,0.0035593056739756657,646,405.5,1.5,4,0.5304547600366618,visible_pixel_support,False,visible_candidate,line-uct-test-a33-000352,646,646,1.5304547600366618,,dashed
simulation-a33,1.5005116859191616,0.03017165103521502,0.001434130905212605,0.0023728704493171104,647,426.0,1.0,3,1.0,visible_pixel_support,False,visible_candidate,line-simulation-a33-000510,647,647,1.3725427731532591,,solid
uct-test-a33,1.5005116859191616,0.08000193047087412,0.001434130905212605,0.004745740898634221,647,405.0,2.0,5,0.19754277315325908,visible_pixel_support,False,visible_candidate,line-uct-test-a33-000353,647,647,1.3725427731532591,,dashed
simulation-a33,1.5033799477295866,0.03017165103521502,0.001434130905212605,0.0023728704493171104,648,426.0,1.0,3,1.0,visible_pixel_support,False,visible_candidate,line-simulation-a33-000511,648,648,1.3102942404079727,,solid
uct-test-a33,1.5033799477295866,0.08118836569553267,0.001434130905212605,0.0035593056739756657,648,404.5,1.5,4,0.13529424040797267,visible_pixel_support,False,visible_candidate,line-uct-test-a33-000354,648,648,1.3102942404079727,,dashed
simulation-a33,1.5062482095400116,0.03017165103521502,0.001434130905212605,0.0023728704493171104,649,426.0,1.0,3,1.0,visible_pixel_support,False,visible_candidate,line-simulation-a33-000512,649,649,1.0317187993865673,,solid
uct-test-a33,1.5062482095400116,0.08118836569553267,0.001434130905212605,0.0035593056739756657,649,404.5,1.5,4,0.0317187993865673,visible_pixel_support,False,visible_candidate,line-uct-test-a33-000355,649,649,1.0317187993865673,,dashed
simulation-a33,1.5091164713504366,0.03017165103521502,0.001434130905212605,0.0023728704493171104,650,426.0,1.0,3,1.0,visible_pixel_support,False,visible_candidate,line-simulation-a33-000513,650,650,1.1983569725706502,,solid
uct-test-a33,1.5091164713504366,0.08118836569553267,0.001434130905212605,0.0035593056739756657,650,404.5,1.5,4,0.19835697257065021,visible_pixel_support,False,visible_candidate,line-uct-test-a33-000356,650,650,1.1983569725706502,,dashed
simulation-a33,1.5119847331608616,0.03017165103521502,0.001434130905212605,0.0023728704493171104,651,426.0,1.0,3,1.0,visible_pixel_support,False,visible_candidate,line-simulation-a33-000514,651,651,1.3106046408220096,,solid
uct-test-a33,1.5119847331608616,0.08237480092019123,0.001434130905212605,0.0023728704493171104,651,404.0,1.0,3,0.13560464082200951,visible_pixel_support,False,visible_candidate,line-uct-test-a33-000357,651,651,1.3106046408220096,,dashed
simulation-a33,1.5148529949712866,0.03017165103521502,0.001434130905212605,0.0023728704493171104,652,426.0,1.0,3,1.0,visible_pixel_support,False,visible_candidate,line-simulation-a33-000515,652,652,1.0296090392422457,,solid
uct-test-a33,1.5148529949712866,0.08237480092019123,0.001434130905212605,0.0011864352246585552,652,404.0,0.5,1,0.02960903924224567,visible_pixel_support,False,visible_candidate,line-uct-test-a33-000358,652,652,1.0296090392422457,,dashed
simulation-a33,1.5177212567817115,0.02779878058589791,0.001434130905212605,0.004745740898634221,653,427.0,2.0,5,0.0,visible_pixel_support,False,visible_candidate,line-simulation-a33-000516,653,653,6.75,,solid
simulation-a33,1.5205895185921365,0.031358086259873685,0.001434130905212605,0.005932176123292887,654,425.5,2.5,6,1.5,visible_pixel_support,False,visible_candidate,line-simulation-a33-000517,654,654,8.425,,solid
simulation-a33,1.5234577804025615,0.031358086259873685,0.001434130905212605,0.0035593056739757767,655,425.5,1.5,4,1.5,visible_pixel_support,False,visible_candidate,line-simulation-a33-000518,655,655,7.9,,solid
simulation-a33,1.5263260422129865,0.03017165103521502,0.001434130905212605,0.0023728704493171104,656,426.0,1.0,3,1.0,visible_pixel_support,False,visible_candidate,line-simulation-a33-000519,656,656,7.575,,solid
simulation-a33,1.5291943040234115,0.031358086259873685,0.001434130905212605,0.0035593056739757767,657,425.5,1.5,4,1.5,visible_pixel_support,False,visible_candidate,line-simulation-a33-000520,657,657,8.075000000000001,,solid
simulation-a33,1.5320625658338365,0.03017165103521502,0.001434130905212605,0.004745740898634221,658,426.0,2.0,5,1.0,visible_pixel_support,False,visible_candidate,line-simulation-a33-000521,658,658,7.575,,solid
simulation-a33,1.5349308276442615,0.031358086259873685,0.001434130905212605,0.008305046572609998,659,425.5,3.5,8,1.5,visible_pixel_support,False,visible_candidate,line-simulation-a33-000522,659,659,3.530880260681374,,solid
uct-test-a33,1.5349308276442615,0.08949341226814245,0.001434130905212605,0.0023728704493171104,659,401.0,1.0,3,1.8558802606813742,visible_pixel_support,True,visible_candidate,line-uct-test-a33-000359,659,659,3.530880260681374,,dashed
simulation-a33,1.5377990894546865,0.03017165103521502,0.001434130905212605,0.0023728704493171104,660,426.0,1.0,3,1.0,visible_pixel_support,False,visible_candidate,line-simulation-a33-000523,660,660,3.55536135174774,,solid
uct-test-a33,1.5377990894546865,0.090679847492801,0.001434130905212605,0.0035593056739756657,660,400.5,1.5,4,2.20536135174774,visible_pixel_support,False,visible_candidate,line-uct-test-a33-000360,660,660,3.55536135174774,,dashed
simulation-a33,1.5406673512651115,0.03017165103521502,0.001434130905212605,0.0023728704493171104,661,426.0,1.0,3,1.0,visible_pixel_support,False,visible_candidate,line-simulation-a33-000524,661,661,2.7326914290538182,,solid
uct-test-a33,1.5406673512651115,0.08949341226814245,0.001434130905212605,0.004745740898634221,661,401.0,2.0,5,1.5576914290538184,visible_pixel_support,False,visible_candidate,line-uct-test-a33-000361,661,661,2.7326914290538182,,dashed
simulation-a33,1.5435356130755364,0.03017165103521502,0.001434130905212605,0.0023728704493171104,662,426.0,1.0,3,1.0,visible_pixel_support,False,visible_candidate,line-simulation-a33-000525,662,662,2.413095412565781,,solid
uct-test-a33,1.5435356130755364,0.08949341226814245,0.001434130905212605,0.004745740898634221,662,401.0,2.0,5,1.4130954125657809,visible_pixel_support,False,visible_candidate,line-uct-test-a33-000362,662,662,2.413095412565781,,dashed
simulation-a33,1.5464038748859614,0.03017165103521502,0.001434130905212605,0.0023728704493171104,663,426.0,1.0,3,1.0,visible_pixel_support,False,visible_candidate,line-simulation-a33-000526,663,663,2.271798222249913,,solid
uct-test-a33,1.5464038748859614,0.08949341226814245,0.001434130905212605,0.004745740898634221,663,401.0,2.0,5,1.2717982222499131,visible_pixel_support,False,visible_candidate,line-uct-test-a33-000363,663,663,2.271798222249913,,dashed
simulation-a33,1.5492721366963864,0.03017165103521502,0.001434130905212605,0.0023728704493171104,664,426.0,1.0,3,1.0,visible_pixel_support,False,visible_candidate,line-simulation-a33-000527,664,664,2.1340247780726145,,solid
uct-test-a33,1.5492721366963864,0.08949341226814245,0.001434130905212605,0.004745740898634221,664,401.0,2.0,5,1.1340247780726145,visible_pixel_support,False,visible_candidate,line-uct-test-a33-000364,664,664,2.1340247780726145,,dashed
simulation-a33,1.5521403985068114,0.03017165103521502,0.001434130905212605,0.0023728704493171104,665,426.0,1.0,3,1.0,visible_pixel_support,False,visible_candidate,line-simulation-a33-000528,665,665,1.35,,solid
uct-test-a33,1.5521403985068114,0.08712054181882534,0.001434130905212605,0.004745740898634221,665,402.0,2.0,5,0.0,visible_pixel_support,False,visible_candidate,line-uct-test-a33-000365,665,665,1.35,,dashed
simulation-a33,1.5550086603172364,0.03017165103521502,0.001434130905212605,0.0023728704493171104,666,426.0,1.0,3,1.0,visible_pixel_support,False,visible_candidate,line-simulation-a33-000529,666,666,1.0,,solid
simulation-a33,1.5578769221276614,0.03017165103521502,0.001434130905212605,0.0023728704493171104,667,426.0,1.0,3,1.0,visible_pixel_support,False,visible_candidate,line-simulation-a33-000530,667,667,1.0,,solid
simulation-a33,1.5607451839380864,0.03017165103521502,0.001434130905212605,0.0023728704493171104,668,426.0,1.0,3,1.0,visible_pixel_support,False,visible_candidate,line-simulation-a33-000531,668,668,1.0,,solid
simulation-a33,1.5636134457485116,0.03017165103521502,0.001434130905212605,0.0023728704493171104,669,426.0,1.0,3,1.0,visible_pixel_support,False,visible_candidate,line-simulation-a33-000532,669,669,1.0,,solid
simulation-a33,1.5664817075589366,0.03017165103521502,0.001434130905212605,0.0023728704493171104,670,426.0,1.0,3,1.0,visible_pixel_support,False,visible_candidate,line-simulation-a33-000533,670,670,1.0,,solid
simulation-a33,1.5693499693693616,0.03017165103521502,0.001434130905212605,0.0023728704493171104,671,426.0,1.0,3,1.0,visible_pixel_support,False,visible_candidate,line-simulation-a33-000534,671,671,1.0,,solid
simulation-a33,1.5722182311797865,0.03017165103521502,0.001434130905212605,0.0023728704493171104,672,426.0,1.0,3,1.0,visible_pixel_support,False,visible_candidate,line-simulation-a33-000535,672,672,1.0,,solid
simulation-a33,1.5750864929902115,0.031358086259873685,0.001434130905212605,0.0011864352246586662,673,425.5,0.5,2,1.5,visible_pixel_support,False,visible_candidate,line-simulation-a33-000536,673,673,1.675,,solid
simulation-a33,1.5779547548006365,0.031358086259873685,0.001434130905212605,0.0035593056739757767,674,425.5,1.5,4,1.5,visible_pixel_support,False,visible_candidate,line-simulation-a33-000537,674,674,1.5,,solid
simulation-a33,1.5808230166110615,0.03254452148453213,0.001434130905212605,0.0023728704493171104,675,425.0,1.0,3,2.0,visible_pixel_support,False,visible_candidate,line-simulation-a33-000538,675,675,2.175,,solid
simulation-a33,1.5836912784214865,0.03254452148453213,0.001434130905212605,0.0023728704493171104,676,425.0,1.0,3,2.0,visible_pixel_support,False,visible_candidate,line-simulation-a33-000539,676,676,2.0,,solid
simulation-a33,1.5865595402319115,0.03254452148453213,0.001434130905212605,0.0023728704493171104,677,425.0,1.0,3,2.0,visible_pixel_support,False,visible_candidate,line-simulation-a33-000540,677,677,2.0,,solid
simulation-a33,1.5894278020423365,0.03254452148453213,0.001434130905212605,0.0023728704493171104,678,425.0,1.0,3,2.0,visible_pixel_support,False,visible_candidate,line-simulation-a33-000541,678,678,2.0,,solid
simulation-a33,1.5922960638527615,0.03254452148453213,0.001434130905212605,0.0023728704493171104,679,425.0,1.0,3,2.0,visible_pixel_support,False,visible_candidate,line-simulation-a33-000542,679,679,2.0,,solid
simulation-a33,1.5951643256631864,0.03254452148453213,0.001434130905212605,0.0023728704493171104,680,425.0,1.0,3,2.0,visible_pixel_support,False,visible_candidate,line-simulation-a33-000543,680,680,2.0,,solid
simulation-a33,1.5980325874736114,0.031358086259873685,0.001434130905212605,0.0035593056739757767,681,425.5,1.5,4,1.5,visible_pixel_support,False,visible_candidate,line-simulation-a33-000544,681,681,1.675,,solid
simulation-a33,1.6009008492840364,0.03254452148453213,0.001434130905212605,0.007118611347951331,682,425.0,3.0,7,2.0,visible_pixel_support,False,visible_candidate,line-simulation-a33-000545,682,682,2.175,,solid
uct-test-a11,0.10653644605261364,0.7444056562796608,0.001434130905212494,0.0011864352246586662,161,125.0,0.5,1,9.244943513119523,visible_pixel_support,True,visible_candidate,line-uct-test-a11-000001,,,,,
uct-test-a11,0.10940470786303863,0.7396599153810267,0.001434130905212494,0.0023728704493171104,162,127.0,1.0,3,7.507288629737616,visible_pixel_support,False,visible_candidate,line-uct-test-a11-000002,,,,,
uct-test-a11,0.11227296967346362,0.7372870449317096,0.001434130905212494,0.0035593056739756657,163,128.0,1.5,4,6.717520043731781,visible_pixel_support,False,visible_candidate,line-uct-test-a11-000003,,,,,
uct-test-a11,0.1151412314838886,0.7372870449317096,0.001434130905212494,0.00474574089863411,164,128.0,2.0,5,6.872084548104937,visible_pixel_support,False,visible_candidate,line-uct-test-a11-000004,,,,,
uct-test-a11,0.1180094932943136,0.7349141744823925,0.001434130905212494,0.004745740898634221,165,129.0,2.0,5,5.967428935860056,visible_pixel_support,False,visible_candidate,line-uct-test-a11-000005,,,,,
uct-test-a11,0.12087775510473858,0.7301684335837584,0.001434130905212494,0.004745740898634221,166,131.0,2.0,5,4.0,visible_pixel_support,False,visible_candidate,line-uct-test-a11-000006,,,,,
uct-test-a11,0.12374601691516357,0.7277955631344413,0.0014341309052125495,0.004745740898634221,167,132.0,2.0,5,2.930333516150455,visible_pixel_support,False,visible_candidate,line-uct-test-a11-000007,,,,,
uct-test-a11,0.1266142787255886,0.7254226926851242,0.001434130905212494,0.004745740898634221,168,133.0,2.0,5,1.7262648154028284,visible_pixel_support,False,visible_candidate,line-uct-test-a11-000008,,,,,
uct-test-a11,0.1294825405360136,0.7254226926851242,0.001434130905212494,0.0035593056739756657,169,133.0,1.5,4,1.395190023958662,visible_pixel_support,False,visible_candidate,line-uct-test-a11-000009,,,,,
uct-test-a11,0.1323508023464386,0.723049822235807,0.001434130905212494,0.0035593056739756657,170,134.0,1.5,4,0.055494731980473944,visible_pixel_support,False,visible_candidate,line-uct-test-a11-000010,,,,,
uct-test-a11,0.13521906415686358,0.7254226926851242,0.001434130905212494,0.004745740898634221,171,133.0,2.0,5,0.38160667378693347,visible_pixel_support,False,visible_candidate,line-uct-test-a11-000011,,,,,
uct-test-a11,0.13808732596728857,0.7254226926851242,0.001434130905212494,0.005932176123292776,172,133.0,2.5,6,0.28610963253760247,visible_pixel_support,False,visible_candidate,line-uct-test-a11-000012,,,,,
uct-test-a11,0.14095558777771355,0.7277955631344413,0.001434130905212494,0.005932176123292776,173,132.0,2.5,6,0.05124752475248329,visible_pixel_support,False,visible_candidate,line-uct-test-a11-000013,,,,,
uct-test-a11,0.14382384958813854,0.7325413040330755,0.001434130905212494,0.009491481797268442,174,130.0,4.0,9,1.0935891233438042,visible_pixel_support,False,visible_candidate,line-uct-test-a11-000014,,,,,
uct-test-a11,0.14669211139856353,0.7349141744823925,0.001434130905212494,0.010677917021926997,175,129.0,4.5,10,1.1557964379528585,visible_pixel_support,False,visible_candidate,line-uct-test-a11-000015,,,,,
uct-test-a11,0.14956037320898852,0.7396599153810267,0.001434130905212494,0.00949148179726833,176,127.0,4.0,9,2.1427705452761074,visible_pixel_support,False,visible_candidate,line-uct-test-a11-000016,,,,,
uct-test-a11,0.1524286350194135,0.7444056562796608,0.001434130905212494,0.008305046572609887,177,125.0,3.5,8,3.061907571515178,visible_pixel_support,False,visible_candidate,line-uct-test-a11-000017,,,,,
uct-test-a11,0.1552968968298386,0.749151397178295,0.001434130905212605,0.007118611347951331,178,123.0,3.0,7,3.9206036428715834,visible_pixel_support,False,visible_candidate,line-uct-test-a11-000018,,,,,
uct-test-a11,0.1581651586402636,0.7538971380769293,0.001434130905212494,0.005932176123292665,179,121.0,2.5,6,4.726254885546865,visible_pixel_support,False,visible_candidate,line-uct-test-a11-000019,,,,,
uct-test-a11,0.16103342045068858,0.7562700085262464,0.001434130905212494,0.007118611347951331,180,120.0,3.0,7,4.486257425742565,visible_pixel_support,False,visible_candidate,line-uct-test-a11-000020,,,,,
uct-test-a11,0.16390168226111357,0.7586428789755635,0.001434130905212494,0.007118611347951331,181,119.0,3.0,7,4.208007389660253,visible_pixel_support,False,visible_candidate,line-uct-test-a11-000021,,,,,
uct-test-a11,0.16676994407153856,0.7633886198741977,0.001434130905212494,0.007118611347951331,182,117.0,3.0,7,4.898900903501442,visible_pixel_support,False,visible_candidate,line-uct-test-a11-000022,,,,,
uct-test-a11,0.16963820588196354,0.7681343607728319,0.001434130905212494,0.005932176123292887,183,115.0,2.5,6,5.56633409346766,visible_pixel_support,False,visible_candidate,line-uct-test-a11-000023,,,,,
uct-test-a11,0.17250646769238853,0.7705072312221489,0.001434130905212494,0.005932176123292776,184,114.0,2.5,6,5.217703085760462,visible_pixel_support,False,visible_candidate,line-uct-test-a11-000024,,,,,
uct-test-a11,0.17537472950281352,0.772880101671466,0.001434130905212494,0.00711861134795122,185,113.0,3.0,7,4.860404006581405,visible_pixel_support,False,visible_candidate,line-uct-test-a11-000025,,,,,
uct-test-a11,0.1782429913132385,0.7776258425701001,0.001434130905212494,0.005932176123292887,186,111.0,2.5,6,5.501832982132029,visible_pixel_support,False,visible_candidate,line-uct-test-a11-000026,,,,,
uct-test-a11,0.1811112531236635,0.7823715834687344,0.001434130905212494,0.004745740898634221,187,109.0,2.0,5,6.149386138613849,visible_pixel_support,False,visible_candidate,line-uct-test-a11-000027,,,,,
uct-test-a11,0.18397951493408848,0.7871173243673686,0.001434130905212494,0.004745740898634221,188,107.0,2.0,5,6.810459602228434,visible_pixel_support,False,visible_candidate,line-uct-test-a11-000028,,,,,
uct-test-a11,0.18684777674451347,0.7894901948166857,0.001434130905212494,0.0035593056739756657,189,106.0,1.5,4,6.492449499177326,visible_pixel_support,False,visible_candidate,line-uct-test-a11-000029,,,,,
uct-test-a11,0.18971603855493846,0.7942359357153199,0.001434130905212494,0.0023728704493171104,190,104.0,1.0,3,7.202751955662038,visible_pixel_support,False,visible_candidate,line-uct-test-a11-000030,,,,,
uct-test-a11,0.19258430036536345,0.796608806164637,0.001434130905212494,0.0035593056739756657,191,103.0,1.5,4,6.948763097884125,visible_pixel_support,False,visible_candidate,line-uct-test-a11-000031,,,,,
uct-test-a11,0.19545256217578855,0.8013545470632712,0.001434130905212605,0.0023728704493171104,192,101.0,1.0,3,7.73787905204513,visible_pixel_support,False,visible_candidate,line-uct-test-a11-000032,,,,,
uct-test-a11,0.19832082398621353,0.8037274175125882,0.001434130905212494,0.0023728704493171104,193,100.0,1.0,3,7.577495944346623,visible_pixel_support,False,visible_candidate,line-uct-test-a11-000033,,,,,
uct-test-a11,0.20118908579663852,0.8084731584112225,0.001434130905212494,0.0011864352246585552,194,98.0,0.5,2,8.475009900990088,visible_pixel_support,False,visible_candidate,line-uct-test-a11-000034,,,,,
uct-test-a11,0.2040573476070635,0.8108460288605396,0.001434130905212494,0.0011864352246585552,195,97.0,0.5,2,8.437817048177124,visible_pixel_support,False,visible_candidate,line-uct-test-a11-000035,,,,,
uct-test-a11,0.2069256094174885,0.8132188993098567,0.001434130905212494,0.0011864352246585552,196,96.0,0.5,2,8.473313512109229,visible_pixel_support,False,visible_candidate,line-uct-test-a11-000036,,,,,
uct-test-a11,0.2097938712279135,0.8132188993098567,0.001434130905212494,0.0023728704493171104,197,96.0,1.0,3,7.58889541898796,visible_pixel_support,False,visible_candidate,line-uct-test-a11-000037,,,,,
uct-test-a11,0.21266213303833847,0.8132188993098567,0.001434130905212494,0.0035593056739756657,198,96.0,1.5,4,6.791958895014858,visible_pixel_support,False,visible_candidate,line-uct-test-a11-000038,,,,,
uct-test-a11,0.21553039484876346,0.8155917697591737,0.001434130905212494,0.0023728704493171104,199,95.0,1.0,3,7.089900066391479,visible_pixel_support,False,visible_candidate,line-uct-test-a11-000039,,,,,
uct-test-a11,0.21839865665918845,0.8155917697591737,0.001434130905212494,0.004745740898634221,200,95.0,2.0,5,6.490115059319336,visible_pixel_support,False,visible_candidate,line-uct-test-a11-000040,,,,,
uct-test-a11,0.22126691846961344,0.8155917697591737,0.001434130905212494,0.0035593056739757767,201,95.0,1.5,4,6.0,visible_pixel_support,False,visible_candidate,line-uct-test-a11-000041,,,,,
uct-test-a11,0.22413518028003843,0.8155917697591737,0.001434130905212494,0.0035593056739757767,202,95.0,1.5,4,5.56766518488584,visible_pixel_support,False,visible_candidate,line-uct-test-a11-000042,,,,,
uct-test-a11,0.22700344209046341,0.8155917697591737,0.001434130905212494,0.0035593056739757767,203,95.0,1.5,4,5.136997373206711,visible_pixel_support,False,visible_candidate,line-uct-test-a11-000043,,,,,
uct-test-a11,0.2298717039008884,0.8155917697591737,0.001434130905212494,0.0035593056739757767,204,95.0,1.5,4,4.709057385330354,visible_pixel_support,False,visible_candidate,line-uct-test-a11-000044,,,,,
uct-test-a11,0.2327399657113134,0.8155917697591737,0.001434130905212494,0.004745740898634221,205,95.0,2.0,5,4.284906041624566,visible_pixel_support,False,visible_candidate,line-uct-test-a11-000045,,,,,
uct-test-a11,0.23560822752173838,0.8179646402084908,0.001434130905212605,0.005932176123292776,206,94.0,2.5,6,4.8656041624570605,visible_pixel_support,False,visible_candidate,line-uct-test-a11-000046,,,,,
uct-test-a11,0.23847648933216348,0.8203375106578079,0.001434130905212494,0.005932176123292776,207,93.0,2.5,6,5.4522125681956055,visible_pixel_support,False,visible_candidate,line-uct-test-a11-000047,,,,,
uct-test-a11,0.24134475114258847,0.822710381107125,0.001434130905212494,0.004745740898634221,208,92.0,2.0,5,6.045792079207928,visible_pixel_support,False,visible_candidate,line-uct-test-a11-000048,,,,,
uct-test-a11,0.24421301295301345,0.8250832515564421,0.001434130905212494,0.004745740898634221,209,91.0,2.0,5,6.647403515861797,visible_pixel_support,False,visible_candidate,line-uct-test-a11-000049,,,,,
uct-test-a11,0.24708127476343844,0.8250832515564421,0.001434130905212494,0.0035593056739756657,210,91.0,1.5,4,6.258107698524952,visible_pixel_support,False,visible_candidate,line-uct-test-a11-000050,,,,,
uct-test-a11,0.24994953657386343,0.8274561220057592,0.001434130905212494,0.004745740898634221,211,90.0,2.0,5,6.87896544756515,visible_pixel_support,False,visible_candidate,line-uct-test-a11-000051,,,,,
uct-test-a11,0.2528177983842884,0.8250832515564421,0.001434130905212494,0.004745740898634221,212,91.0,2.0,5,5.511037583350159,visible_pixel_support,False,visible_candidate,line-uct-test-a11-000052,,,,,
uct-test-a11,0.2556860601947134,0.8250832515564421,0.001434130905212494,0.004745740898634221,213,91.0,2.0,5,5.155384926247734,visible_pixel_support,False,visible_candidate,line-uct-test-a11-000053,,,,,
uct-test-a11,0.2585543220051384,0.8203375106578079,0.001434130905212494,0.005932176123292776,214,93.0,2.5,6,2.8130682966255733,visible_pixel_support,False,visible_candidate,line-uct-test-a11-000054,,,,,
uct-test-a11,0.2614225838155634,0.8179646402084908,0.001434130905212494,0.004745740898634221,215,94.0,2.0,5,1.4851485148514882,visible_pixel_support,False,visible_candidate,line-uct-test-a11-000055,,,,,
uct-test-a11,0.26429084562598837,0.8179646402084908,0.001434130905212494,0.0035593056739756657,216,94.0,1.5,4,1.1726864012931912,visible_pixel_support,False,visible_candidate,line-uct-test-a11-000056,,,,,
uct-test-a11,0.26715910743641336,0.8155917697591737,0.001434130905212494,0.0035593056739757767,217,95.0,1.5,4,0.12325722368154857,visible_pixel_support,False,visible_candidate,line-uct-test-a11-000057,,,,,
uct-test-a11,0.27002736924683834,0.8155917697591737,0.001434130905212494,0.0035593056739757767,218,95.0,1.5,4,0.4016215397049905,visible_pixel_support,False,visible_candidate,line-uct-test-a11-000058,,,,,
uct-test-a11,0.27289563105726333,0.8155917697591737,0.001434130905212494,0.004745740898634221,219,95.0,2.0,5,0.6613457264093796,visible_pixel_support,False,visible_candidate,line-uct-test-a11-000059,,,,,
uct-test-a11,0.2757638928676883,0.8155917697591737,0.001434130905212605,0.0035593056739757767,220,95.0,1.5,4,0.9013689634269468,visible_pixel_support,False,visible_candidate,line-uct-test-a11-000060,,,,,
uct-test-a11,0.2786321546781134,0.8155917697591737,0.001434130905212494,0.004745740898634221,221,95.0,2.0,5,1.12063043038998,visible_pixel_support,False,visible_candidate,line-uct-test-a11-000061,,,,,
uct-test-a11,0.2815004164885384,0.8132188993098567,0.001434130905212494,0.0035593056739756657,222,96.0,1.5,4,2.3180693069306955,visible_pixel_support,False,visible_candidate,line-uct-test-a11-000062,,,,,
uct-test-a11,0.2843686782989634,0.8108460288605396,0.001434130905212494,0.0035593056739756657,223,97.0,1.5,4,3.492624772681353,visible_pixel_support,False,visible_candidate,line-uct-test-a11-000063,,,,,
uct-test-a11,0.2872369401093884,0.8108460288605396,0.001434130905212494,0.0035593056739756657,224,97.0,1.5,4,3.643236007274197,visible_pixel_support,False,visible_candidate,line-uct-test-a11-000064,,,,,
uct-test-a11,0.29010520191981337,0.8108460288605396,0.001434130905212494,0.0035593056739756657,225,97.0,1.5,4,3.7688421903414877,visible_pixel_support,False,visible_candidate,line-uct-test-a11-000065,,,,,
uct-test-a11,0.29297346373023836,0.8108460288605396,0.001434130905212494,0.0035593056739756657,226,97.0,1.5,4,3.8683825015154696,visible_pixel_support,False,visible_candidate,line-uct-test-a11-000066,,,,,
uct-test-a11,0.29584172554066335,0.8132188993098567,0.001434130905212494,0.0035593056739756657,227,96.0,1.5,4,2.9407961204283595,visible_pixel_support,False,visible_candidate,line-uct-test-a11-000067,,,,,
uct-test-a11,0.29870998735108834,0.8155917697591737,0.001434130905212494,0.0035593056739757767,228,95.0,1.5,4,1.9850222267124735,visible_pixel_support,False,visible_candidate,line-uct-test-a11-000068,,,,,
uct-test-a11,0.3015782491615133,0.8155917697591737,0.001434130905212494,0.004745740898634221,229,95.0,2.0,5,2.0,visible_pixel_support,False,visible_candidate,line-uct-test-a11-000069,,,,,
uct-test-a11,0.3044465109719383,0.8179646402084908,0.001434130905212494,0.0035593056739756657,230,94.0,1.5,4,0.9989970970467539,visible_pixel_support,False,visible_candidate,line-uct-test-a11-000070,,,,,
uct-test-a11,0.3073147727823633,0.8179646402084908,0.001434130905212494,0.0035593056739756657,231,94.0,1.5,4,0.9959979613236669,visible_pixel_support,False,visible_candidate,line-uct-test-a11-000071,,,,,
uct-test-a11,0.3101830345927883,0.8179646402084908,0.001434130905212494,0.0035593056739756657,232,94.0,1.5,4,0.9910169525356736,visible_pixel_support,False,visible_candidate,line-uct-test-a11-000072,,,,,
uct-test-a11,0.3130512964032133,0.8179646402084908,0.001434130905212494,0.0035593056739756657,233,94.0,1.5,4,0.9840684303877794,visible_pixel_support,False,visible_candidate,line-uct-test-a11-000073,,,,,
uct-test-a11,0.31591955821363826,0.8179646402084908,0.001434130905212494,0.0035593056739756657,234,94.0,1.5,4,0.9751667545849045,visible_pixel_support,False,visible_candidate,line-uct-test-a11-000074,,,,,
uct-test-a11,0.31878782002406336,0.8179646402084908,0.001434130905212605,0.0035593056739756657,235,94.0,1.5,4,0.9643262848320546,visible_pixel_support,False,visible_candidate,line-uct-test-a11-000075,,,,,
uct-test-a11,0.32165608183448835,0.8155917697591737,0.001434130905212494,0.004745740898634221,236,95.0,2.0,5,1.951561380834164,visible_pixel_support,False,visible_candidate,line-uct-test-a11-000076,,,,,
uct-test-a11,0.32452434364491334,0.8179646402084908,0.001434130905212494,0.0035593056739756657,237,94.0,1.5,4,0.93688640229621,visible_pixel_support,False,visible_candidate,line-uct-test-a11-000077,,,,,
uct-test-a11,0.3273926054553383,0.8179646402084908,0.001434130905212494,0.0035593056739756657,238,94.0,1.5,4,0.9203157089231411,visible_pixel_support,False,visible_candidate,line-uct-test-a11-000078,,,,,
uct-test-a11,0.3302608672657633,0.8179646402084908,0.001434130905212494,0.0035593056739756657,239,94.0,1.5,4,0.9018636604199202,visible_pixel_support,False,visible_candidate,line-uct-test-a11-000079,,,,,
uct-test-a11,0.3331291290761883,0.8179646402084908,0.001434130905212494,0.0035593056739756657,240,94.0,1.5,4,0.8815446164915386,visible_pixel_support,False,visible_candidate,line-uct-test-a11-000080,,,,,
uct-test-a11,0.3359973908866133,0.8179646402084908,0.001434130905212494,0.0023728704493171104,241,94.0,1.0,3,0.8593729368429308,visible_pixel_support,False,visible_candidate,line-uct-test-a11-000081,,,,,
uct-test-a11,0.3388656526970383,0.8203375106578079,0.001434130905212494,0.0035593056739756657,242,93.0,1.5,4,0.16463701882092607,visible_pixel_support,False,visible_candidate,line-uct-test-a11-000082,,,,,
uct-test-a11,0.34173391450746327,0.8203375106578079,0.001434130905212494,0.0035593056739756657,243,93.0,1.5,4,0.19047089079506918,visible_pixel_support,False,visible_candidate,line-uct-test-a11-000083,,,,,
uct-test-a11,0.34460217631788825,0.8203375106578079,0.001434130905212494,0.0035593056739756657,244,93.0,1.5,4,0.21811431937454984,visible_pixel_support,False,visible_candidate,line-uct-test-a11-000084,,,,,
uct-test-a11,0.34747043812831324,0.8203375106578079,0.001434130905212494,0.0035593056739756657,245,93.0,1.5,4,0.24755294485439094,visible_pixel_support,False,visible_candidate,line-uct-test-a11-000085,,,,,
uct-test-a11,0.35033869993873823,0.822710381107125,0.001434130905212494,0.0035593056739756657,246,92.0,1.5,4,1.278772407529658,visible_pixel_support,False,visible_candidate,line-uct-test-a11-000086,,,,,
uct-test-a11,0.3532069617491632,0.822710381107125,0.001434130905212494,0.0035593056739756657,247,92.0,1.5,4,1.3117583476953314,visible_pixel_support,False,visible_candidate,line-uct-test-a11-000087,,,,,
uct-test-a11,0.3560752235595882,0.822710381107125,0.001434130905212494,0.0035593056739756657,248,92.0,1.5,4,1.3464964056464908,visible_pixel_support,False,visible_candidate,line-uct-test-a11-000088,,,,,
uct-test-a11,0.3589434853700133,0.822710381107125,0.001434130905212605,0.0035593056739756657,249,92.0,1.5,4,1.3829722216781732,visible_pixel_support,False,visible_candidate,line-uct-test-a11-000089,,,,,
uct-test-a11,0.3618117471804383,0.822710381107125,0.001434130905212494,0.0035593056739756657,250,92.0,1.5,4,1.4211714360853875,visible_pixel_support,False,visible_candidate,line-uct-test-a11-000090,,,,,
uct-test-a11,0.3646800089908633,0.822710381107125,0.001434130905212494,0.0023728704493171104,251,92.0,1.0,3,1.4610796891632134,visible_pixel_support,False,visible_candidate,line-uct-test-a11-000091,,,,,
uct-test-a11,0.36754827080128827,0.8203375106578079,0.001434130905212494,0.0035593056739756657,252,93.0,1.5,4,0.5026826212066311,visible_pixel_support,False,visible_candidate,line-uct-test-a11-000092,,,,,
uct-test-a11,0.37041653261171326,0.8203375106578079,0.001434130905212494,0.0035593056739756657,253,93.0,1.5,4,0.5459658725107204,visible_pixel_support,False,visible_candidate,line-uct-test-a11-000093,,,,,
uct-test-a11,0.37328479442213824,0.8203375106578079,0.001434130905212494,0.0035593056739756657,254,93.0,1.5,4,0.5909150833705041,visible_pixel_support,False,visible_candidate,line-uct-test-a11-000094,,,,,
uct-test-a11,0.37615305623256323,0.8179646402084908,0.001434130905212494,0.0035593056739756657,255,94.0,1.5,4,0.3624841059189663,visible_pixel_support,False,visible_candidate,line-uct-test-a11-000095,,,,,
uct-test-a11,0.3790213180429882,0.8179646402084908,0.001434130905212494,0.0035593056739756657,256,94.0,1.5,4,0.3142460550626822,visible_pixel_support,False,visible_candidate,line-uct-test-a11-000096,,,,,
uct-test-a11,0.3818895798534132,0.8179646402084908,0.001434130905212494,0.0035593056739756657,257,94.0,1.5,4,0.2643851237655923,visible_pixel_support,False,visible_candidate,line-uct-test-a11-000097,,,,,
uct-test-a11,0.3847578416638382,0.8179646402084908,0.001434130905212494,0.0035593056739756657,258,94.0,1.5,4,0.21291567173263104,visible_pixel_support,False,visible_candidate,line-uct-test-a11-000098,,,,,
uct-test-a11,0.3876261034742632,0.8179646402084908,0.001434130905212494,0.0035593056739756657,259,94.0,1.5,4,0.15985205866883234,visible_pixel_support,False,visible_candidate,line-uct-test-a11-000099,,,,,
uct-test-a11,0.39049436528468817,0.8179646402084908,0.001434130905212494,0.0035593056739756657,260,94.0,1.5,4,0.10520864427910226,visible_pixel_support,False,visible_candidate,line-uct-test-a11-000100,,,,,
uct-test-a11,0.39336262709511316,0.8155917697591737,0.001434130905212494,0.004745740898634221,261,95.0,2.0,5,1.0489997882683895,visible_pixel_support,False,visible_candidate,line-uct-test-a11-000101,,,,,
uct-test-a11,0.39623088890553815,0.8155917697591737,0.001434130905212494,0.0035593056739757767,262,95.0,1.5,4,0.9912398503416995,visible_pixel_support,False,visible_candidate,line-uct-test-a11-000102,,,,,
uct-test-a11,0.39909915071596314,0.8155917697591737,0.001434130905212605,0.0035593056739757767,263,95.0,1.5,4,0.9319431902040094,visible_pixel_support,False,visible_candidate,line-uct-test-a11-000103,,,,,
uct-test-a11,0.40196741252638823,0.8132188993098567,0.001434130905212494,0.0035593056739756657,264,96.0,1.5,4,1.8711241675602253,visible_pixel_support,False,visible_candidate,line-uct-test-a11-000104,,,,,
uct-test-a11,0.4048356743368132,0.8132188993098567,0.001434130905212494,0.0035593056739756657,265,96.0,1.5,4,1.8087971421153526,visible_pixel_support,False,visible_candidate,line-uct-test-a11-000105,,,,,
uct-test-a11,0.4077039361472382,0.8108460288605396,0.001434130905212494,0.0023728704493171104,266,97.0,1.0,3,2.744976473574326,visible_pixel_support,False,visible_candidate,line-uct-test-a11-000106,,,,,
uct-test-a11,0.4105721979576632,0.8108460288605396,0.001434130905212494,0.0035593056739756657,267,97.0,1.5,4,2.6796765216421363,visible_pixel_support,False,visible_candidate,line-uct-test-a11-000107,,,,,
uct-test-a11,0.4134404597680882,0.8108460288605396,0.001434130905212494,0.0035593056739756657,268,97.0,1.5,4,2.6129116460237327,visible_pixel_support,False,visible_candidate,line-uct-test-a11-000108,,,,,
uct-test-a11,0.4163087215785132,0.8132188993098567,0.001434130905212494,0.004745740898634221,269,96.0,2.0,5,1.544696206424092,visible_pixel_support,False,visible_candidate,line-uct-test-a11-000109,,,,,
uct-test-a11,0.41917698338893816,0.8132188993098567,0.001434130905212494,0.0035593056739756657,270,96.0,1.5,4,1.4750445625481348,visible_pixel_support,False,visible_candidate,line-uct-test-a11-000110,,,,,
uct-test-a11,0.42204524519936315,0.8132188993098567,0.001434130905212494,0.004745740898634221,271,96.0,2.0,5,1.403971074100852,visible_pixel_support,False,visible_candidate,line-uct-test-a11-000111,,,,,
uct-test-a11,0.42491350700978814,0.8155917697591737,0.001434130905212494,0.0035593056739757767,272,95.0,1.5,4,0.3314901007872493,visible_pixel_support,False,visible_candidate,line-uct-test-a11-000112,,,,,
uct-test-a11,0.4277817688202131,0.8155917697591737,0.001434130905212494,0.0035593056739757767,273,95.0,1.5,4,0.2576160023122185,visible_pixel_support,False,visible_candidate,line-uct-test-a11-000113,,,,,
uct-test-a11,0.4306500306306381,0.8155917697591737,0.001434130905212494,0.0035593056739757767,274,95.0,1.5,4,0.18236313838077933,visible_pixel_support,False,visible_candidate,line-uct-test-a11-000114,,,,,
uct-test-a11,0.4335182924410631,0.8155917697591737,0.001434130905212494,0.004745740898634221,275,95.0,2.0,5,0.10574586869785207,visible_pixel_support,False,visible_candidate,line-uct-test-a11-000115,,,,,
uct-test-a11,0.4363865542514881,0.8155917697591737,0.001434130905212494,0.0035593056739757767,276,95.0,1.5,4,0.027778552968413806,visible_pixel_support,False,visible_candidate,line-uct-test-a11-000116,,,,,
uct-test-a11,0.4392548160619131,0.8155917697591737,0.001434130905212605,0.0035593056739757767,277,95.0,1.5,4,0.05152444910254417,visible_pixel_support,False,visible_candidate,line-uct-test-a11-000117,,,,,
uct-test-a11,0.4421230778723382,0.8132188993098567,0.001434130905212494,0.004745740898634221,278,96.0,2.0,5,0.8678512221898984,visible_pixel_support,False,visible_candidate,line-uct-test-a11-000118,,,,,
uct-test-a11,0.44499133968276317,0.8132188993098567,0.001434130905212494,0.0035593056739756657,279,96.0,1.5,4,0.7859199265507044,visible_pixel_support,False,visible_candidate,line-uct-test-a11-000119,,,,,
uct-test-a11,0.44785960149318815,0.8132188993098567,0.001434130905212494,0.004745740898634221,280,96.0,2.0,5,0.7026960236848936,visible_pixel_support,False,visible_candidate,line-uct-test-a11-000120,,,,,
uct-test-a11,0.45072786330361314,0.8132188993098567,0.001434130905212494,0.004745740898634221,281,96.0,2.0,5,0.6181938732973578,visible_pixel_support,False,visible_candidate,line-uct-test-a11-000121,,,,,
uct-test-a11,0.45359612511403813,0.8155917697591737,0.001434130905212494,0.0035593056739757767,282,95.0,1.5,4,0.46757216490688336,visible_pixel_support,False,visible_candidate,line-uct-test-a11-000122,,,,,
uct-test-a11,0.4564643869244631,0.8155917697591737,0.001434130905212494,0.0035593056739757767,283,95.0,1.5,4,0.5545877312228953,visible_pixel_support,False,visible_candidate,line-uct-test-a11-000123,,,,,
uct-test-a11,0.4593326487348881,0.8179646402084908,0.001434130905212494,0.0035593056739756657,284,94.0,1.5,4,1.6428384659457151,visible_pixel_support,False,visible_candidate,line-uct-test-a11-000124,,,,,
uct-test-a11,0.4622009105453131,0.8179646402084908,0.001434130905212494,0.004745740898634221,285,94.0,2.0,5,1.73231000937038,visible_pixel_support,False,visible_candidate,line-uct-test-a11-000125,,,,,
uct-test-a11,0.4650691723557381,0.8179646402084908,0.001434130905212494,0.004745740898634221,286,94.0,2.0,5,1.8229880017918987,visible_pixel_support,False,visible_candidate,line-uct-test-a11-000126,,,,,
uct-test-a11,0.46793743416616307,0.8179646402084908,0.001434130905212494,0.004745740898634221,287,94.0,2.0,5,1.9148580835053508,visible_pixel_support,False,visible_candidate,line-uct-test-a11-000127,,,,,
uct-test-a11,0.47080569597658806,0.8179646402084908,0.001434130905212494,0.0035593056739756657,288,94.0,1.5,4,2.007905894805745,visible_pixel_support,False,visible_candidate,line-uct-test-a11-000128,,,,,
uct-test-a11,0.47367395778701304,0.8155917697591737,0.001434130905212494,0.004745740898634221,289,95.0,2.0,5,1.1021170759881045,visible_pixel_support,False,visible_candidate,line-uct-test-a11-000129,,,,,
uct-test-a11,0.47654221959743803,0.8155917697591737,0.001434130905212494,0.0035593056739757767,290,95.0,1.5,4,1.197477267347523,visible_pixel_support,False,visible_candidate,line-uct-test-a11-000130,,,,,
uct-test-a11,0.479410481407863,0.8155917697591737,0.001434130905212494,0.004745740898634221,291,95.0,2.0,5,1.2939721091789664,visible_pixel_support,False,visible_candidate,line-uct-test-a11-000131,,,,,
uct-test-a11,0.4822787432182881,0.8155917697591737,0.001434130905212605,0.004745740898634221,292,95.0,2.0,5,1.3915872417775432,visible_pixel_support,False,visible_candidate,line-uct-test-a11-000132,,,,,
uct-test-a11,0.4851470050287131,0.8155917697591737,0.001434130905212494,0.004745740898634221,293,95.0,2.0,5,1.4903083054382336,visible_pixel_support,False,visible_candidate,line-uct-test-a11-000133,,,,,
uct-test-a11,0.4880152668391381,0.8155917697591737,0.001434130905212494,0.0035593056739757767,294,95.0,1.5,4,1.5901209404560888,visible_pixel_support,False,visible_candidate,line-uct-test-a11-000134,,,,,
uct-test-a11,0.4908835286495631,0.8155917697591737,0.001434130905212494,0.0035593056739757767,295,95.0,1.5,4,1.6910107871261744,visible_pixel_support,False,visible_candidate,line-uct-test-a11-000135,,,,,
uct-test-a11,0.49375179045998807,0.8155917697591737,0.001434130905212494,0.004745740898634221,296,95.0,2.0,5,1.7929634857434849,visible_pixel_support,False,visible_candidate,line-uct-test-a11-000136,,,,,
uct-test-a11,0.49662005227041306,0.8155917697591737,0.001434130905212494,0.004745740898634221,297,95.0,2.0,5,1.8959646766030716,visible_pixel_support,False,visible_candidate,line-uct-test-a11-000137,,,,,
uct-test-a11,0.49948831408083805,0.8132188993098567,0.001434130905212494,0.004745740898634221,298,96.0,2.0,5,1.0,visible_pixel_support,False,visible_candidate,line-uct-test-a11-000138,,,,,
uct-test-a11,0.502356575891263,0.8108460288605396,0.001434130905212494,0.004745740898634221,299,97.0,2.0,5,0.10990654017426493,visible_pixel_support,False,visible_candidate,line-uct-test-a11-000139,,,,,
uct-test-a11,0.505224837701688,0.8108460288605396,0.001434130905212494,0.0035593056739756657,300,97.0,1.5,4,0.23054206502057184,visible_pixel_support,False,visible_candidate,line-uct-test-a11-000140,,,,,
uct-test-a11,0.508093099512113,0.8084731584112225,0.001434130905212494,0.0023728704493171104,301,98.0,1.0,3,0.6380767596840258,visible_pixel_support,False,visible_candidate,line-uct-test-a11-000141,,,,,
uct-test-a11,0.510961361322538,0.8084731584112225,0.001434130905212494,0.0035593056739756657,302,98.0,1.5,4,0.49593326816253125,visible_pixel_support,False,visible_candidate,line-uct-test-a11-000142,,,,,
uct-test-a11,0.513829623132963,0.8084731584112225,0.001434130905212494,0.0023728704493171104,303,98.0,1.0,3,0.3430107946379195,visible_pixel_support,False,visible_candidate,line-uct-test-a11-000143,,,,,
uct-test-a11,0.516697884943388,0.8084731584112225,0.001434130905212494,0.0023728704493171104,304,98.0,1.0,3,0.17929267333313703,visible_pixel_support,False,visible_candidate,line-uct-test-a11-000144,,,,,
uct-test-a11,0.519566146753813,0.8084731584112225,0.001434130905212494,0.0023728704493171104,305,98.0,1.0,3,0.004762238471158753,visible_pixel_support,False,visible_candidate,line-uct-test-a11-000145,,,,,
uct-test-a11,0.5224344085642381,0.8084731584112225,0.001434130905212605,0.0023728704493171104,306,98.0,1.0,3,0.18059717572506884,visible_pixel_support,False,visible_candidate,line-uct-test-a11-000146,,,,,
uct-test-a11,0.525302670374663,0.8084731584112225,0.001434130905212494,0.0023728704493171104,307,98.0,1.0,3,0.376802235032514,visible_pixel_support,False,visible_candidate,line-uct-test-a11-000147,,,,,
uct-test-a11,0.528170932185088,0.8084731584112225,0.001434130905212494,0.0023728704493171104,308,98.0,1.0,3,0.5838696052282302,visible_pixel_support,False,visible_candidate,line-uct-test-a11-000148,,,,,
uct-test-a11,0.531039193995513,0.8061002879619054,0.001434130905212494,0.0035593056739756657,309,99.0,1.5,4,0.19818404791072908,visible_pixel_support,False,visible_candidate,line-uct-test-a11-000149,,,,,
uct-test-a11,0.533907455805938,0.8061002879619054,0.001434130905212494,0.0035593056739756657,310,99.0,1.5,4,0.030657941392675525,visible_pixel_support,False,visible_candidate,line-uct-test-a11-000150,,,,,
uct-test-a11,0.536775717616363,0.8013545470632712,0.001434130905212494,0.004745740898634221,311,101.0,2.0,5,1.7295877610845878,visible_pixel_support,False,visible_candidate,line-uct-test-a11-000151,,,,,
uct-test-a11,0.539643979426788,0.8013545470632712,0.001434130905212494,0.0035593056739757767,312,101.0,1.5,4,1.4789044895654797,visible_pixel_support,False,visible_candidate,line-uct-test-a11-000152,,,,,
uct-test-a11,0.542512241237213,0.7989816766139541,0.001434130905212494,0.0035593056739756657,313,102.0,1.5,4,2.21727557827289,visible_pixel_support,False,visible_candidate,line-uct-test-a11-000153,,,,,
uct-test-a11,0.545380503047638,0.796608806164637,0.001434130905212494,0.0023728704493171104,314,103.0,1.0,3,2.9446843614298785,visible_pixel_support,False,visible_candidate,line-uct-test-a11-000154,,,,,
uct-test-a11,0.548248764858063,0.796608806164637,0.001434130905212494,0.0023728704493171104,315,103.0,1.0,3,2.661114173259378,visible_pixel_support,False,visible_candidate,line-uct-test-a11-000155,,,,,
uct-test-a11,0.5511170266684879,0.796608806164637,0.001434130905212494,0.0035593056739756657,316,103.0,1.5,4,2.366548347984377,visible_pixel_support,False,visible_candidate,line-uct-test-a11-000156,,,,,
uct-test-a11,0.5539852884789129,0.796608806164637,0.001434130905212494,0.0035593056739756657,317,103.0,1.5,4,2.060970219827823,visible_pixel_support,False,visible_candidate,line-uct-test-a11-000157,,,,,
uct-test-a11,0.5568535502893379,0.796608806164637,0.001434130905212494,0.0035593056739756657,318,103.0,1.5,4,1.744363123012704,visible_pixel_support,False,visible_candidate,line-uct-test-a11-000158,,,,,
uct-test-a11,0.5597218120997629,0.796608806164637,0.001434130905212494,0.0035593056739756657,319,103.0,1.5,4,1.416710391761967,visible_pixel_support,False,visible_candidate,line-uct-test-a11-000159,,,,,
uct-test-a11,0.5625900739101879,0.796608806164637,0.001434130905212605,0.0035593056739756657,320,103.0,1.5,4,1.0779953602986154,visible_pixel_support,False,visible_candidate,line-uct-test-a11-000160,,,,,
uct-test-a11,0.565458335720613,0.796608806164637,0.001434130905212494,0.0035593056739756657,321,103.0,1.5,4,0.7282013628456099,visible_pixel_support,False,visible_candidate,line-uct-test-a11-000161,,,,,
uct-test-a11,0.568326597531038,0.796608806164637,0.001434130905212494,0.0035593056739756657,322,103.0,1.5,4,0.3673117336259111,visible_pixel_support,False,visible_candidate,line-uct-test-a11-000162,,,,,
uct-test-a11,0.571194859341463,0.796608806164637,0.001434130905212494,0.0035593056739756657,323,103.0,1.5,4,0.004690193137520282,visible_pixel_support,False,visible_candidate,line-uct-test-a11-000163,,,,,
uct-test-a11,0.574063121151888,0.796608806164637,0.001434130905212494,0.0035593056739756657,324,103.0,1.5,4,0.38782108322166664,visible_pixel_support,False,visible_candidate,line-uct-test-a11-000164,,,,,
uct-test-a11,0.5769313829623129,0.7942359357153199,0.001434130905212494,0.0035593056739756657,325,104.0,1.5,4,0.21790239759640428,visible_pixel_support,False,visible_candidate,line-uct-test-a11-000165,,,,,
uct-test-a11,0.5797996447727379,0.7942359357153199,0.001434130905212494,0.0035593056739756657,326,104.0,1.5,4,0.1875364164603468,visible_pixel_support,False,visible_candidate,line-uct-test-a11-000166,,,,,
uct-test-a11,0.5826679065831629,0.7918630652660028,0.001434130905212494,0.0035593056739756657,327,105.0,1.5,4,0.39584580883109766,visible_pixel_support,False,visible_candidate,line-uct-test-a11-000167,,,,,
uct-test-a11,0.5855361683935879,0.7918630652660028,0.001434130905212494,0.0035593056739756657,328,105.0,1.5,4,0.03196759230633006,visible_pixel_support,False,visible_candidate,line-uct-test-a11-000168,,,,,
uct-test-a11,0.5884044302040129,0.7918630652660028,0.001434130905212494,0.0035593056739756657,329,105.0,1.5,4,0.47099328564966925,visible_pixel_support,False,visible_candidate,line-uct-test-a11-000169,,,,,
uct-test-a11,0.5912726920144379,0.7894901948166857,0.001434130905212494,0.0023728704493171104,330,106.0,1.0,3,0.07875206302411186,visible_pixel_support,False,visible_candidate,line-uct-test-a11-000170,,,,,
uct-test-a11,0.5941409538248629,0.7894901948166857,0.001434130905212494,0.0023728704493171104,331,106.0,1.0,3,0.38274821206208287,visible_pixel_support,False,visible_candidate,line-uct-test-a11-000171,,,,,
uct-test-a11,0.5970092156352879,0.7871173243673686,0.001434130905212494,0.0035593056739756657,332,107.0,1.5,4,0.1444892233147499,visible_pixel_support,False,visible_candidate,line-uct-test-a11-000172,,,,,
uct-test-a11,0.5998774774457128,0.7871173243673686,0.001434130905212494,0.0023728704493171104,333,107.0,1.0,3,0.33955229662241493,visible_pixel_support,False,visible_candidate,line-uct-test-a11-000173,,,,,
uct-test-a11,0.6027457392561378,0.7847444539180515,0.001434130905212605,0.0035593056739756657,334,108.0,1.5,4,0.16511056234936916,visible_pixel_support,False,visible_candidate,line-uct-test-a11-000174,,,,,
uct-test-a11,0.6056140010665629,0.7847444539180515,0.001434130905212494,0.0035593056739756657,335,108.0,1.5,4,0.3415388655469087,visible_pixel_support,False,visible_candidate,line-uct-test-a11-000175,,,,,
uct-test-a11,0.6084822628769879,0.7799987130194173,0.001434130905212494,0.004745740898634221,336,110.0,2.0,5,1.1404827539117122,visible_pixel_support,False,visible_candidate,line-uct-test-a11-000176,,,,,
uct-test-a11,0.6113505246874129,0.7776258425701001,0.001434130905212494,0.005932176123292887,337,111.0,2.5,6,1.6111587549482067,visible_pixel_support,False,visible_candidate,line-uct-test-a11-000177,,,,,
uct-test-a11,0.6142187864978379,0.7752529721207831,0.001434130905212494,0.0035593056739756657,338,112.0,1.5,4,2.070472471785564,visible_pixel_support,False,visible_candidate,line-uct-test-a11-000178,,,,,
uct-test-a11,0.6170870483082629,0.772880101671466,0.001434130905212494,0.0035593056739756657,339,113.0,1.5,4,2.518407238646745,visible_pixel_support,False,visible_candidate,line-uct-test-a11-000179,,,,,
uct-test-a11,0.6199553101186879,0.7705072312221489,0.001434130905212494,0.0035593056739756657,340,114.0,1.5,4,2.9549463897546957,visible_pixel_support,False,visible_candidate,line-uct-test-a11-000180,,,,,
uct-test-a11,0.6228235719291129,0.7705072312221489,0.001434130905212494,0.0035593056739756657,341,114.0,1.5,4,2.38007325933242,visible_pixel_support,False,visible_candidate,line-uct-test-a11-000181,,,,,
uct-test-a11,0.6256918337395379,0.7705072312221489,0.001434130905212494,0.0023728704493171104,342,114.0,1.0,3,1.793771181602878,visible_pixel_support,False,visible_candidate,line-uct-test-a11-000182,,,,,
uct-test-a11,0.6285600955499628,0.772880101671466,0.001434130905212494,0.0035593056739756657,343,113.0,1.5,4,0.19602349078901682,visible_pixel_support,False,visible_candidate,line-uct-test-a11-000183,,,,,
uct-test-a11,0.6314283573603878,0.772880101671466,0.001434130905212494,0.0035593056739756657,344,113.0,1.5,4,0.41318647888616056,visible_pixel_support,False,visible_candidate,line-uct-test-a11-000184,,,,,
uct-test-a11,0.6342966191708128,0.7705072312221489,0.001434130905212494,0.0035593056739756657,345,114.0,1.5,4,0.03387539319967914,visible_pixel_support,False,visible_candidate,line-uct-test-a11-000185,,,,,
uct-test-a11,0.6371648809812378,0.7705072312221489,0.001434130905212494,0.0035593056739756657,346,114.0,1.5,4,0.6660599179285924,visible_pixel_support,False,visible_candidate,line-uct-test-a11-000186,,,,,
uct-test-a11,0.6400331427916628,0.7705072312221489,0.001434130905212494,0.004745740898634221,347,114.0,2.0,5,1.3097567188499255,visible_pixel_support,False,visible_candidate,line-uct-test-a11-000187,,,,,
uct-test-a11,0.6429014046020878,0.7681343607728319,0.001434130905212605,0.004745740898634221,348,115.0,2.0,5,0.9649824617407035,visible_pixel_support,False,visible_candidate,line-uct-test-a11-000188,,,,,
uct-test-a11,0.6457696664125128,0.7657614903235148,0.001434130905212605,0.0035593056739757767,349,116.0,1.5,4,0.6317538123779656,visible_pixel_support,False,visible_candidate,line-uct-test-a11-000189,,,,,
uct-test-a11,0.6486379282229378,0.7633886198741977,0.001434130905212605,0.0035593056739757767,350,117.0,1.5,4,0.3100874365386943,visible_pixel_support,False,visible_candidate,line-uct-test-a11-000190,,,,,
uct-test-a11,0.6515061900333627,0.7610157494248806,0.001434130905212605,0.0035593056739756657,351,118.0,1.5,4,0.0,visible_pixel_support,False,visible_candidate,line-uct-test-a11-000191,,,,,
uct-test-a11,0.6543744518437877,0.7610157494248806,0.001434130905212605,0.0023728704493171104,352,118.0,1.0,3,0.724046229657759,visible_pixel_support,False,visible_candidate,line-uct-test-a11-000192,,,,,
uct-test-a11,0.6572427136542127,0.7586428789755635,0.001434130905212605,0.0035593056739756657,353,119.0,1.5,4,0.5061848831293219,visible_pixel_support,False,visible_candidate,line-uct-test-a11-000193,,,,,
uct-test-a11,0.6601109754646377,0.7562700085262464,0.001434130905212605,0.0035593056739756657,354,120.0,1.5,4,0.3485386722739605,visible_pixel_support,False,visible_candidate,line-uct-test-a11-000194,,,,,
uct-test-a11,0.6629792372750627,0.7562700085262464,0.001434130905212605,0.004745740898634221,355,120.0,2.0,5,1.2532303089508616,visible_pixel_support,False,visible_candidate,line-uct-test-a11-000195,,,,,
uct-test-a11,0.6658474990854879,0.7515242676276122,0.001434130905212605,0.005932176123292776,356,122.0,2.5,6,0.22238250501924028,visible_pixel_support,False,visible_candidate,line-uct-test-a11-000196,,,,,
uct-test-a11,0.6687157608959129,0.749151397178295,0.001434130905212605,0.005932176123292776,357,123.0,2.5,6,0.2581179723383258,visible_pixel_support,False,visible_candidate,line-uct-test-a11-000197,,,,,
uct-test-a11,0.6715840227063379,0.7444056562796608,0.001434130905212605,0.007118611347951331,358,125.0,3.0,7,0.637440577232681,visible_pixel_support,False,visible_candidate,line-uct-test-a11-000198,,,,,
uct-test-a11,0.6744522845167629,0.7420327858303437,0.001434130905212605,0.007118611347951331,359,126.0,3.0,7,0.46217043183452233,visible_pixel_support,False,visible_candidate,line-uct-test-a11-000199,,,,,
uct-test-a11,0.6773205463271879,0.7396599153810267,0.001434130905212605,0.00711861134795122,360,127.0,3.0,7,0.2139488796080542,visible_pixel_support,False,visible_candidate,line-uct-test-a11-000200,,,,,
uct-test-a11,0.6801888081376128,0.7349141744823925,0.001434130905212605,0.008305046572609887,361,129.0,3.5,8,0.8906532086939762,visible_pixel_support,False,visible_candidate,line-uct-test-a11-000201,,,,,
uct-test-a11,0.6830570699480378,0.7301684335837584,0.001434130905212605,0.005932176123292887,362,131.0,2.5,6,1.490160707233116,visible_pixel_support,False,visible_candidate,line-uct-test-a11-000202,,,,,
uct-test-a11,0.6859253317584628,0.7254226926851242,0.001434130905212605,0.004745740898634221,363,133.0,2.0,5,2.010348663366301,visible_pixel_support,False,visible_candidate,line-uct-test-a11-000203,,,,,
uct-test-a11,0.6887935935688878,0.723049822235807,0.001434130905212605,0.005932176123292776,364,134.0,2.5,6,1.4490943652342594,visible_pixel_support,False,visible_candidate,line-uct-test-a11-000204,,,,,
uct-test-a11,0.6916618553793128,0.7206769517864899,0.001434130905212605,0.005932176123292665,365,135.0,2.5,6,0.804275100977776,visible_pixel_support,False,visible_candidate,line-uct-test-a11-000205,,,,,
uct-test-a11,0.6945301171897378,0.7183040813371728,0.001434130905212605,0.005932176123292665,366,136.0,2.5,6,0.07376815873766418,visible_pixel_support,False,visible_candidate,line-uct-test-a11-000206,,,,,
uct-test-a11,0.6973983790001628,0.7135583404385386,0.001434130905212605,0.005932176123292776,367,138.0,2.5,6,0.25545082665470886,visible_pixel_support,False,visible_candidate,line-uct-test-a11-000207,,,,,
uct-test-a11,0.7002666408105878,0.7088125995399044,0.001434130905212605,0.008305046572609887,368,140.0,3.5,8,0.3472003928696381,visible_pixel_support,False,visible_candidate,line-uct-test-a11-000208,,,,,
uct-test-a11,0.7031349026210127,0.7040668586412703,0.001434130905212605,0.00949148179726833,369,142.0,4.0,9,0.3468941455232937,visible_pixel_support,False,visible_candidate,line-uct-test-a11-000209,,,,,
uct-test-a11,0.7060031644314377,0.6993211177426361,0.001434130905212605,0.00949148179726833,370,144.0,4.0,9,0.25240937275646047,visible_pixel_support,False,visible_candidate,line-uct-test-a11-000210,,,,,
uct-test-a11,0.7088714262418627,0.694575376844002,0.001434130905212605,0.008305046572609887,371,146.0,3.5,8,0.06162336270986657,visible_pixel_support,False,visible_candidate,line-uct-test-a11-000211,,,,,
uct-test-a11,0.7117396880522877,0.6898296359453677,0.001434130905212605,0.008305046572609887,372,148.0,3.5,8,0.22758659647564627,visible_pixel_support,False,visible_candidate,line-uct-test-a11-000212,,,,,
uct-test-a11,0.7146079498627127,0.6827110245974164,0.001434130905212605,0.008305046572609776,373,151.0,3.5,8,0.38265678334067843,visible_pixel_support,False,visible_candidate,line-uct-test-a11-000213,,,,,
uct-test-a11,0.7174762116731377,0.6779652836987822,0.001434130905212605,0.009491481797268442,374,153.0,4.0,9,0.1097692097003744,visible_pixel_support,False,visible_candidate,line-uct-test-a11-000214,,,,,
uct-test-a11,0.7203444734835627,0.6708466723508308,0.001434130905212605,0.011864352246585552,375,156.0,5.0,11,0.29301271254198014,visible_pixel_support,False,visible_candidate,line-uct-test-a11-000215,,,,,
uct-test-a11,0.7232127352939877,0.6637280610028796,0.001434130905212605,0.017796528369878217,376,159.0,7.5,16,0.5888798382085838,visible_pixel_support,False,visible_candidate,line-uct-test-a11-000216,,,,,
uct-test-a11,0.7260809971044127,0.6589823201042455,0.001434130905212605,0.017796528369878217,377,161.0,7.5,16,0.22429054455989217,visible_pixel_support,False,visible_candidate,line-uct-test-a11-000217,,,,,
uct-test-a11,0.7289492589148376,0.6518637087562942,0.001434130905212605,0.017796528369878217,378,164.0,7.5,16,0.1486211476225776,visible_pixel_support,False,visible_candidate,line-uct-test-a11-000218,,,,,
uct-test-a11,0.7318175207252626,0.6399993565097086,0.001434130905212605,0.011864352246585552,379,169.0,5.0,11,1.813765317161284,visible_pixel_support,False,visible_candidate,line-uct-test-a11-000219,,,,,
uct-test-a11,0.7346857825356876,0.6328807451617574,0.001434130905212605,0.011864352246585441,380,172.0,5.0,11,1.660746137932506,visible_pixel_support,False,visible_candidate,line-uct-test-a11-000220,,,,,
uct-test-a11,0.7375540443461126,0.621016392915172,0.001434130905212605,0.008305046572609887,381,177.0,3.5,8,3.390198602831788,visible_pixel_support,False,visible_candidate,line-uct-test-a11-000221,,,,,
uct-test-a11,0.7404223061565376,0.6020334293206351,0.001434130905212605,0.0023728704493171104,382,185.0,1.0,3,8.0,visible_pixel_support,False,visible_candidate,line-uct-test-a11-000222,,,,,
uct-test-a11,0.7432905679669626,0.5925419475233668,0.001434130905212605,0.0023728704493171104,383,189.0,1.0,3,7.370776678108712,visible_pixel_support,False,visible_candidate,line-uct-test-a11-000223,,,,,
uct-test-a11,0.7461588297773878,0.5759318543781471,0.001434130905212605,0.0023728704493171104,384,196.0,1.0,3,7.617371697491137,visible_pixel_support,False,visible_candidate,line-uct-test-a11-000224,,,,,
uct-test-a11,0.7490270915878128,0.5616946316822445,0.001434130905212605,0.005932176123292776,385,202.0,2.5,6,5.088987413780842,visible_pixel_support,False,visible_candidate,line-uct-test-a11-000225,,,,,
uct-test-a11,0.7518953533982378,0.5427116680877078,0.001434130905212605,0.009491481797268442,386,210.0,4.0,9,3.134826182611164,visible_pixel_support,False,visible_candidate,line-uct-test-a11-000226,,,,,
uct-test-a11,0.7662366624503627,0.3955937002300478,0.001434130905212605,0.004745740898634221,391,272.0,2.0,5,6.199448262041642,visible_pixel_support,True,visible_candidate,line-uct-test-a11-000227,,,,,
uct-test-a11,0.7691049242607877,0.38372934798346237,0.001434130905212605,0.022542269268512438,392,277.0,9.5,20,0.023874814417354173,visible_pixel_support,False,visible_candidate,line-uct-test-a11-000228,,,,,
uct-test-a11,0.7719731860712127,0.36000064349029137,0.001434130905212605,0.018982963594536773,393,287.0,8.0,17,0.13305909123232595,visible_pixel_support,False,visible_candidate,line-uct-test-a11-000229,,,,,
uct-test-a11,0.7748414478816377,0.3410176798957546,0.001434130905212605,0.014237222695902552,394,295.0,6.0,13,0.9221510992740036,visible_pixel_support,False,visible_candidate,line-uct-test-a11-000230,,,,,
uct-test-a11,0.7777097096920627,0.32678045719985205,0.001434130905212605,0.011864352246585441,395,301.0,5.0,11,1.9941988540743978,visible_pixel_support,False,visible_candidate,line-uct-test-a11-000231,,,,,
uct-test-a11,0.7805779715024876,0.3101703640546324,0.001434130905212605,0.016610093145219662,396,308.0,7.0,15,0.0,visible_pixel_support,False,visible_candidate,line-uct-test-a11-000232,,,,,
uct-test-a11,0.7834462333129126,0.30305175270668105,0.001434130905212605,0.016610093145219662,397,311.0,7.0,15,0.820682039049359,visible_pixel_support,False,visible_candidate,line-uct-test-a11-000233,,,,,
uct-test-a11,0.7863144951233376,0.2935602709094127,0.001434130905212605,0.018982963594536773,398,315.0,8.0,17,0.549748210972723,visible_pixel_support,False,visible_candidate,line-uct-test-a11-000234,,,,,
uct-test-a11,0.7891827569337626,0.2840687891121443,0.001434130905212605,0.017796528369878217,399,319.0,7.5,16,0.15655976676384853,visible_pixel_support,False,visible_candidate,line-uct-test-a11-000235,,,,,
uct-test-a11,0.7920510187441876,0.27457730731487595,0.001434130905212605,0.017796528369878217,400,323.0,7.5,16,0.3895220425832804,visible_pixel_support,False,visible_candidate,line-uct-test-a11-000236,,,,,
uct-test-a11,0.7949192805546126,0.2674586959669246,0.001434130905212605,0.015423657920561107,401,326.0,6.5,14,0.11913596607473664,visible_pixel_support,False,visible_candidate,line-uct-test-a11-000237,,,,,
uct-test-a11,0.7977875423650376,0.2603400846189734,0.001434130905212605,0.011864352246585552,402,329.0,5.0,11,0.06292075271664999,visible_pixel_support,False,visible_candidate,line-uct-test-a11-000238,,,,,
uct-test-a11,0.8006558041754626,0.2555943437203392,0.001434130905212605,0.008305046572609887,403,331.0,3.5,8,0.7484848484848499,visible_pixel_support,False,visible_candidate,line-uct-test-a11-000239,,,,,
uct-test-a11,0.8035240659858875,0.25084860282170496,0.001434130905212605,0.005932176123292776,404,333.0,2.5,6,1.2844420885237469,visible_pixel_support,False,visible_candidate,line-uct-test-a11-000240,,,,,
uct-test-a11,0.8063923277963125,0.24610286192307074,0.001434130905212605,0.004745740898634221,405,335.0,2.0,5,1.5143122183938544,visible_pixel_support,False,visible_candidate,line-uct-test-a11-000241,,,,,
uct-test-a11,0.8092605896067375,0.24372999147375374,0.001434130905212605,0.004745740898634221,406,336.0,2.0,5,2.4074564890891565,visible_pixel_support,False,visible_candidate,line-uct-test-a11-000242,,,,,
uct-test-a11,0.8121288514171625,0.24135712102443663,0.001434130905212605,0.004745740898634221,407,337.0,2.0,5,2.9332361516035235,visible_pixel_support,False,visible_candidate,line-uct-test-a11-000243,,,,,
uct-test-a11,0.8149971132275875,0.23898425057511952,0.001434130905212605,0.0035593056739756657,408,338.0,1.5,4,3.0610124569308255,visible_pixel_support,False,visible_candidate,line-uct-test-a11-000244,,,,,
uct-test-a11,0.8178653750380125,0.2366113801258024,0.001434130905212605,0.0035593056739756657,409,339.0,1.5,4,2.7601466560649897,visible_pixel_support,False,visible_candidate,line-uct-test-a11-000245,,,,,
uct-test-a11,0.8207336368484375,0.2342385096764853,0.001434130905212605,0.0035593056739756657,410,340.0,1.5,4,2.0,visible_pixel_support,False,visible_candidate,line-uct-test-a11-000246,,,,,
uct-test-a11,0.8236018986588625,0.2342385096764853,0.001434130905212605,0.0035593056739756657,411,340.0,1.5,4,1.8514851485148256,visible_pixel_support,False,visible_candidate,line-uct-test-a11-000247,,,,,
uct-test-a11,0.8264701604692875,0.2342385096764853,0.001434130905212605,0.0035593056739756657,412,340.0,1.5,4,1.418670438472418,visible_pixel_support,False,visible_candidate,line-uct-test-a11-000248,,,,,
uct-test-a11,0.8293384222797127,0.2366113801258024,0.001434130905212605,0.004745740898634221,413,339.0,2.0,5,1.7206506364922234,visible_pixel_support,False,visible_candidate,line-uct-test-a11-000249,,,,,
uct-test-a11,0.8322066840901376,0.2366113801258024,0.001434130905212605,0.007118611347951331,414,339.0,3.0,7,0.7765205091937446,visible_pixel_support,False,visible_candidate,line-uct-test-a11-000250,,,,,
uct-test-a11,0.8350749459005626,0.23898425057511952,0.001434130905212605,0.008305046572609887,415,338.0,3.5,8,0.6053748231965983,visible_pixel_support,False,visible_candidate,line-uct-test-a11-000251,,,,,
uct-test-a11,0.8379432077109876,0.24372999147375374,0.001434130905212605,0.008305046572609887,416,336.0,3.5,8,1.2263083451202306,visible_pixel_support,False,visible_candidate,line-uct-test-a11-000252,,,,,
uct-test-a11,0.8408114695214126,0.24847573237238785,0.001434130905212605,0.009491481797268442,417,334.0,4.0,9,1.6584158415841443,visible_pixel_support,False,visible_candidate,line-uct-test-a11-000253,,,,,
uct-test-a11,0.8436797313318376,0.25084860282170496,0.001434130905212605,0.010677917021926997,418,333.0,4.5,10,0.9207920792078994,visible_pixel_support,False,visible_candidate,line-uct-test-a11-000254,,,,,
uct-test-a11,0.8465479931422626,0.2579672141696563,0.001434130905212605,0.009491481797268442,419,330.0,4.0,9,2.0325318246109987,visible_pixel_support,False,visible_candidate,line-uct-test-a11-000255,,,,,
uct-test-a11,0.8494162549526876,0.2627129550682905,0.001434130905212605,0.010677917021926997,420,328.0,4.5,10,2.012729844413059,visible_pixel_support,False,visible_candidate,line-uct-test-a11-000256,,,,,
uct-test-a11,0.8522845167631126,0.2650858255176075,0.001434130905212605,0.013050787471244107,421,327.0,5.5,12,0.8804809052334122,visible_pixel_support,False,visible_candidate,line-uct-test-a11-000257,,,,,
uct-test-a11,0.8551527785735376,0.27457730731487595,0.001434130905212605,0.010677917021926997,422,323.0,4.5,10,2.6548797736916754,visible_pixel_support,False,visible_candidate,line-uct-test-a11-000258,,,,,
uct-test-a11,0.8580210403839625,0.27932304821351017,0.001434130905212605,0.010677917021926997,423,321.0,4.5,10,2.3550212164073514,visible_pixel_support,False,visible_candidate,line-uct-test-a11-000259,,,,,
uct-test-a11,0.8608893021943875,0.2864416595614614,0.001434130905212605,0.009491481797268442,424,318.0,4.0,9,3.0,visible_pixel_support,False,visible_candidate,line-uct-test-a11-000260,,,,,
uct-test-a11,0.8637575640048125,0.29593314135872983,0.001434130905212605,0.007118611347951331,425,314.0,3.0,7,4.166283312502685,visible_pixel_support,False,visible_candidate,line-uct-test-a11-000261,,,,,
uct-test-a11,0.8666258258152375,0.3101703640546324,0.001434130905212605,0.004745740898634221,426,308.0,2.0,5,6.48500759207991,visible_pixel_support,False,visible_candidate,line-uct-test-a11-000262,,,,,
uct-test-a11,0.8694940876256625,0.3196618458519007,0.001434130905212605,0.0035593056739756657,427,304.0,1.5,4,6.057271480547911,visible_pixel_support,False,visible_candidate,line-uct-test-a11-000263,,,,,
uct-test-a11,0.8723623494360875,0.32915332764916916,0.001434130905212605,0.007118611347951331,428,300.0,3.0,7,4.984173619723322,visible_pixel_support,False,visible_candidate,line-uct-test-a11-000264,,,,,
uct-test-a11,0.8752306112465125,0.3386448094464375,0.001434130905212605,0.008305046572609887,429,296.0,3.5,8,3.3668126514224355,visible_pixel_support,False,visible_candidate,line-uct-test-a11-000265,,,,,
uct-test-a11,0.8780988730569375,0.35288203214234015,0.001434130905212605,0.008305046572609887,430,290.0,3.5,8,3.306287217461943,visible_pixel_support,False,visible_candidate,line-uct-test-a11-000266,,,,,
uct-test-a11,0.8809671348673624,0.3647463843889256,0.001434130905212605,0.011864352246585441,431,285.0,5.0,11,1.90369595965808,visible_pixel_support,False,visible_candidate,line-uct-test-a11-000267,,,,,
uct-test-a11,0.8838353966777874,0.38372934798346237,0.001434130905212605,0.008305046572609887,432,277.0,3.5,8,3.260137519827367,visible_pixel_support,False,visible_candidate,line-uct-test-a11-000268,,,,,
uct-test-a11,0.9039132293507623,0.4976271295506829,0.001434130905212605,0.0035593056739756657,439,229.0,1.5,4,6.042471548470445,visible_pixel_support,True,visible_candidate,line-uct-test-a11-000269,,,,,
uct-test-a11,0.9297275856445875,0.6399993565097086,0.001434130905212605,0.0023728704493171104,448,169.0,1.0,3,7.932195933514038,visible_pixel_support,True,visible_candidate,line-uct-test-a11-000270,,,,,
uct-test-a11,0.9325958474550124,0.6494908383069771,0.001434130905212605,0.004745740898634221,449,165.0,2.0,5,6.712497154321142,visible_pixel_support,False,visible_candidate,line-uct-test-a11-000271,,,,,
uct-test-a11,0.9354641092654374,0.6589823201042455,0.001434130905212605,0.004745740898634221,450,161.0,2.0,5,6.087431547475546,visible_pixel_support,False,visible_candidate,line-uct-test-a11-000272,,,,,
uct-test-a11,0.9383323710758624,0.6661009314521967,0.001434130905212605,0.005932176123292776,451,158.0,2.5,6,5.1516991502707015,visible_pixel_support,False,visible_candidate,line-uct-test-a11-000273,,,,,
uct-test-a11,0.9412006328862874,0.673219542800148,0.001434130905212605,0.007118611347951331,452,155.0,3.0,7,5.0,visible_pixel_support,False,visible_candidate,line-uct-test-a11-000274,,,,,
uct-test-a11,0.9440688946967124,0.6779652836987822,0.001434130905212605,0.007118611347951331,453,153.0,3.0,7,4.313676699692479,visible_pixel_support,False,visible_candidate,line-uct-test-a11-000275,,,,,
uct-test-a11,0.9469371565071374,0.6827110245974164,0.001434130905212605,0.008305046572609776,454,151.0,3.5,8,3.710489115227489,visible_pixel_support,False,visible_candidate,line-uct-test-a11-000276,,,,,
uct-test-a11,0.9498054183175624,0.6898296359453677,0.001434130905212605,0.007118611347951331,455,148.0,3.0,7,4.189763178174218,visible_pixel_support,False,visible_candidate,line-uct-test-a11-000277,,,,,
uct-test-a11,0.9526736801279874,0.694575376844002,0.001434130905212605,0.008305046572609887,456,146.0,3.5,8,3.750824820101542,visible_pixel_support,False,visible_candidate,line-uct-test-a11-000278,,,,,
uct-test-a11,0.9555419419384124,0.7016939881919532,0.001434130905212605,0.00711861134795122,457,143.0,3.0,7,4.3929999725785365,visible_pixel_support,False,visible_candidate,line-uct-test-a11-000279,,,,,
uct-test-a11,0.9584102037488373,0.7064397290905873,0.001434130905212605,0.007118611347951331,458,141.0,3.0,7,4.115614567174163,visible_pixel_support,False,visible_candidate,line-uct-test-a11-000280,,,,,
uct-test-a11,0.9612784655592623,0.7135583404385386,0.001434130905212605,0.005932176123292776,459,138.0,2.5,6,4.917994535457495,visible_pixel_support,False,visible_candidate,line-uct-test-a11-000281,,,,,
uct-test-a11,0.9641467273696873,0.7183040813371728,0.001434130905212605,0.005932176123292665,460,136.0,2.5,6,4.799465808997553,visible_pixel_support,False,visible_candidate,line-uct-test-a11-000282,,,,,
uct-test-a11,0.9670149891801123,0.7206769517864899,0.001434130905212605,0.005932176123292665,461,135.0,2.5,6,3.759354319363325,visible_pixel_support,False,visible_candidate,line-uct-test-a11-000283,,,,,
uct-test-a11,0.9698832509905373,0.7254226926851242,0.001434130905212605,0.007118611347951331,462,133.0,3.0,7,3.796985998123887,visible_pixel_support,False,visible_candidate,line-uct-test-a11-000284,,,,,
uct-test-a11,0.9727515128009623,0.7277955631344413,0.001434130905212605,0.009491481797268442,463,132.0,4.0,9,2.911686776848228,visible_pixel_support,False,visible_candidate,line-uct-test-a11-000285,,,,,
uct-test-a11,0.9756197746113873,0.7325413040330755,0.001434130905212605,0.008305046572609998,464,130.0,3.5,8,3.102782587105338,visible_pixel_support,False,visible_candidate,line-uct-test-a11-000286,,,,,
uct-test-a11,0.9784880364218123,0.7372870449317096,0.001434130905212605,0.008305046572609887,465,128.0,3.5,8,3.369599360464264,visible_pixel_support,False,visible_candidate,line-uct-test-a11-000287,,,,,
uct-test-a11,0.9813562982322372,0.7467785267289779,0.001434130905212605,0.005932176123292776,466,124.0,2.5,6,5.711463028494052,visible_pixel_support,False,visible_candidate,line-uct-test-a11-000288,,,,,
uct-test-a11,0.9842245600426622,0.7515242676276122,0.001434130905212605,0.004745740898634221,467,122.0,2.0,5,6.127699522763692,visible_pixel_support,False,visible_candidate,line-uct-test-a11-000289,,,,,
uct-test-a11,0.9870928218530872,0.7538971380769293,0.001434130905212605,0.005932176123292665,468,121.0,2.5,6,5.617634774842202,visible_pixel_support,False,visible_candidate,line-uct-test-a11-000290,,,,,
uct-test-a11,0.9899610836635122,0.7586428789755635,0.001434130905212605,0.0035593056739756657,469,119.0,1.5,4,6.180594716298614,visible_pixel_support,False,visible_candidate,line-uct-test-a11-000291,,,,,
uct-test-a11,0.9928293454739374,0.7586428789755635,0.001434130905212605,0.0035593056739756657,470,119.0,1.5,4,4.815905278701933,visible_pixel_support,False,visible_candidate,line-uct-test-a11-000292,,,,,
uct-test-a11,0.9956976072843624,0.7610157494248806,0.001434130905212605,0.0035593056739756657,471,118.0,1.5,4,4.5228923936212055,visible_pixel_support,False,visible_candidate,line-uct-test-a11-000293,,,,,
uct-test-a11,0.9985658690947874,0.7610157494248806,0.001434130905212605,0.0035593056739756657,472,118.0,1.5,4,3.3008819926254063,visible_pixel_support,False,visible_candidate,line-uct-test-a11-000294,,,,,
uct-test-a11,1.0014341309052124,0.7610157494248806,0.001434130905212605,0.0035593056739756657,473,118.0,1.5,4,2.1492000072836106,visible_pixel_support,False,visible_candidate,line-uct-test-a11-000295,,,,,
uct-test-a11,1.0043023927156374,0.7610157494248806,0.001434130905212605,0.0035593056739756657,474,118.0,1.5,4,1.067172369164794,visible_pixel_support,False,visible_candidate,line-uct-test-a11-000296,,,,,
uct-test-a11,1.0071706545260624,0.7610157494248806,0.001434130905212605,0.0035593056739756657,475,118.0,1.5,4,0.05412500983800328,visible_pixel_support,False,visible_candidate,line-uct-test-a11-000297,,,,,
uct-test-a11,1.0100389163364873,0.7633886198741977,0.001434130905212605,0.0035593056739757767,476,117.0,1.5,4,0.10938386087225638,visible_pixel_support,False,visible_candidate,line-uct-test-a11-000298,,,,,
uct-test-a11,1.0129071781469123,0.7657614903235148,0.001434130905212605,0.004745740898634221,477,116.0,2.0,5,0.23227485383654312,visible_pixel_support,False,visible_candidate,line-uct-test-a11-000299,,,,,
uct-test-a11,1.0157754399573373,0.7681343607728319,0.001434130905212605,0.005932176123292887,478,115.0,2.5,6,0.4221239202999527,visible_pixel_support,False,visible_candidate,line-uct-test-a11-000300,,,,,
uct-test-a11,1.0186437017677623,0.7705072312221489,0.001434130905212605,0.005932176123292776,479,114.0,2.5,6,0.6782569918314039,visible_pixel_support,False,visible_candidate,line-uct-test-a11-000301,,,,,
uct-test-a11,1.0215119635781873,0.7752529721207831,0.001434130905212605,0.005932176123292776,480,112.0,2.5,6,2.0,visible_pixel_support,False,visible_candidate,line-uct-test-a11-000302,,,,,
uct-test-a11,1.0243802253886123,0.7752529721207831,0.001434130905212605,0.004745740898634221,481,112.0,2.0,5,1.359831656892112,visible_pixel_support,False,visible_candidate,line-uct-test-a11-000303,,,,,
uct-test-a11,1.0272484871990373,0.7776258425701001,0.001434130905212605,0.0035593056739757767,482,111.0,1.5,4,1.730720502619974,visible_pixel_support,False,visible_candidate,line-uct-test-a11-000304,,,,,
uct-test-a11,1.0301167490094623,0.7776258425701001,0.001434130905212605,0.0035593056739757767,483,111.0,1.5,4,1.1127272107911637,visible_pixel_support,False,visible_candidate,line-uct-test-a11-000305,,,,,
uct-test-a11,1.0329850108198873,0.7776258425701001,0.001434130905212605,0.0035593056739757767,484,111.0,1.5,4,0.5059124550133589,visible_pixel_support,False,visible_candidate,line-uct-test-a11-000306,,,,,
uct-test-a11,1.0358532726303122,0.7776258425701001,0.001434130905212605,0.0035593056739757767,485,111.0,1.5,4,0.08966309110580539,visible_pixel_support,False,visible_candidate,line-uct-test-a11-000307,,,,,
uct-test-a11,1.0387215344407372,0.7752529721207831,0.001434130905212605,0.004745740898634221,486,112.0,2.0,5,1.67393875395868,visible_pixel_support,False,visible_candidate,line-uct-test-a11-000308,,,,,
uct-test-a11,1.0415897962511622,0.7752529721207831,0.001434130905212605,0.0035593056739756657,487,112.0,1.5,4,2.246853859937559,visible_pixel_support,False,visible_candidate,line-uct-test-a11-000309,,,,,
uct-test-a11,1.0444580580615872,0.7776258425701001,0.001434130905212605,0.005932176123292887,488,111.0,2.5,6,1.8083477354349213,visible_pixel_support,False,visible_candidate,line-uct-test-a11-000310,,,,,
uct-test-a11,1.0473263198720122,0.7776258425701001,0.001434130905212605,0.004745740898634221,489,111.0,2.0,5,2.358359706843004,visible_pixel_support,False,visible_candidate,line-uct-test-a11-000311,,,,,
uct-test-a11,1.0501945816824372,0.7799987130194173,0.001434130905212605,0.005932176123292887,490,110.0,2.5,6,1.8968291005542284,visible_pixel_support,False,visible_candidate,line-uct-test-a11-000312,,,,,
uct-test-a11,1.0530628434928622,0.7823715834687344,0.001434130905212605,0.005932176123292776,491,109.0,2.5,6,1.4236952429609318,visible_pixel_support,False,visible_candidate,line-uct-test-a11-000313,,,,,
uct-test-a11,1.0559311053032872,0.7847444539180515,0.001434130905212605,0.005932176123292776,492,108.0,2.5,6,0.9388974604554505,visible_pixel_support,False,visible_candidate,line-uct-test-a11-000314,,,,,
uct-test-a11,1.0587993671137121,0.7871173243673686,0.001434130905212605,0.005932176123292776,493,107.0,2.5,6,0.44237507943013554,visible_pixel_support,False,visible_candidate,line-uct-test-a11-000315,,,,,
uct-test-a11,1.0616676289241371,0.7918630652660028,0.001434130905212605,0.004745740898634221,494,105.0,2.0,5,1.0659325737226197,visible_pixel_support,False,visible_candidate,line-uct-test-a11-000316,,,,,
uct-test-a11,1.0645358907345621,0.7918630652660028,0.001434130905212605,0.0035593056739756657,495,105.0,1.5,4,0.5860861726104929,visible_pixel_support,False,visible_candidate,line-uct-test-a11-000317,,,,,
uct-test-a11,1.067404152544987,0.7942359357153199,0.001434130905212605,0.0023728704493171104,496,104.0,1.0,3,1.1181463908411473,visible_pixel_support,False,visible_candidate,line-uct-test-a11-000318,,,,,
uct-test-a11,1.070272414355412,0.7942359357153199,0.001434130905212605,0.0035593056739756657,497,104.0,1.5,4,0.6621739020221895,visible_pixel_support,False,visible_candidate,line-uct-test-a11-000319,,,,,
uct-test-a11,1.0731406761658373,0.7942359357153199,0.001434130905212605,0.0035593056739756657,498,104.0,1.5,4,0.21822937976126866,visible_pixel_support,False,visible_candidate,line-uct-test-a11-000320,,,,,
uct-test-a11,1.0760089379762623,0.7942359357153199,0.001434130905212605,0.0035593056739756657,499,104.0,1.5,4,0.21362650233393765,visible_pixel_support,False,visible_candidate,line-uct-test-a11-000321,,,,,
uct-test-a11,1.0788771997866873,0.796608806164637,0.001434130905212605,0.0035593056739756657,500,103.0,1.5,4,0.3666669293442055,visible_pixel_support,False,visible_candidate,line-uct-test-a11-000322,,,,,
uct-test-a11,1.0817454615971123,0.796608806164637,0.001434130905212605,0.0035593056739756657,501,103.0,1.5,4,0.04082965159668106,visible_pixel_support,False,visible_candidate,line-uct-test-a11-000323,,,,,
uct-test-a11,1.0846137234075373,0.7989816766139541,0.001434130905212605,0.004745740898634221,502,102.0,2.0,5,0.5639444284510944,visible_pixel_support,False,visible_candidate,line-uct-test-a11-000324,,,,,
uct-test-a11,1.0874819852179622,0.7989816766139541,0.001434130905212605,0.0035593056739756657,503,102.0,1.5,4,0.18104984309513839,visible_pixel_support,False,visible_candidate,line-uct-test-a11-000325,,,,,
uct-test-a11,1.0903502470283872,0.796608806164637,0.001434130905212605,0.004745740898634221,504,103.0,2.0,5,1.1894527340568999,visible_pixel_support,False,visible_candidate,line-uct-test-a11-000326,,,,,
uct-test-a11,1.0932185088388122,0.796608806164637,0.001434130905212605,0.0035593056739756657,505,103.0,1.5,4,1.5475026293973428,visible_pixel_support,False,visible_candidate,line-uct-test-a11-000327,,,,,
uct-test-a11,1.0960867706492372,0.796608806164637,0.001434130905212605,0.0035593056739756657,506,103.0,1.5,4,1.8930391693185697,visible_pixel_support,False,visible_candidate,line-uct-test-a11-000328,,,,,
uct-test-a11,1.0989550324596622,0.7942359357153199,0.001434130905212605,0.0035593056739756657,507,104.0,1.5,4,3.2260016802129314,visible_pixel_support,False,visible_candidate,line-uct-test-a11-000329,,,,,
uct-test-a11,1.1018232942700872,0.7942359357153199,0.001434130905212605,0.0035593056739756657,508,104.0,1.5,4,3.5463294884727787,visible_pixel_support,False,visible_candidate,line-uct-test-a11-000330,,,,,
uct-test-a11,1.1046915560805122,0.796608806164637,0.001434130905212605,0.0035593056739756657,509,103.0,1.5,4,2.8539619204904625,visible_pixel_support,False,visible_candidate,line-uct-test-a11-000331,,,,,
uct-test-a11,1.1075598178909372,0.796608806164637,0.001434130905212605,0.0035593056739756657,510,103.0,1.5,4,3.1488383026583335,visible_pixel_support,False,visible_candidate,line-uct-test-a11-000332,,,,,
uct-test-a11,1.1104280797013621,0.7989816766139541,0.001434130905212605,0.004745740898634221,511,102.0,2.0,5,2.430897961368757,visible_pixel_support,False,visible_candidate,line-uct-test-a11-000333,,,,,
uct-test-a11,1.1132963415117871,0.8013545470632712,0.001434130905212605,0.004745740898634221,512,101.0,2.0,5,1.7000802230140835,visible_pixel_support,False,visible_candidate,line-uct-test-a11-000334,,,,,
uct-test-a11,1.1161646033222121,0.8013545470632712,0.001434130905212605,0.004745740898634221,513,101.0,2.0,5,1.956324413986664,visible_pixel_support,False,visible_candidate,line-uct-test-a11-000335,,,,,
uct-test-a11,1.1190328651326371,0.8037274175125882,0.001434130905212605,0.0035593056739756657,514,100.0,1.5,4,1.199569860678821,visible_pixel_support,False,visible_candidate,line-uct-test-a11-000336,,,,,
uct-test-a11,1.121901126943062,0.8061002879619054,0.001434130905212605,0.0035593056739756657,515,99.0,1.5,4,0.42975588948297627,visible_pixel_support,False,visible_candidate,line-uct-test-a11-000337,,,,,
uct-test-a11,1.124769388753487,0.8061002879619054,0.001434130905212605,0.0035593056739756657,516,99.0,1.5,4,0.6468218267914381,visible_pixel_support,False,visible_candidate,line-uct-test-a11-000338,,,,,
uct-test-a11,1.127637650563912,0.8037274175125882,0.001434130905212605,0.0035593056739756657,517,100.0,1.5,4,1.850706998996543,visible_pixel_support,False,visible_candidate,line-uct-test-a11-000339,,,,,
uct-test-a11,1.130505912374337,0.8013545470632712,0.001434130905212605,0.0035593056739757767,518,101.0,1.5,4,3.0413507324906988,visible_pixel_support,False,visible_candidate,line-uct-test-a11-000340,,,,,
uct-test-a11,1.133374174184762,0.8013545470632712,0.001434130905212605,0.004745740898634221,519,101.0,2.0,5,3.2186923536662135,visible_pixel_support,False,visible_candidate,line-uct-test-a11-000341,,,,,
uct-test-a11,1.136242435995187,0.8013545470632712,0.001434130905212605,0.004745740898634221,520,101.0,2.0,5,3.3826711889154666,visible_pixel_support,False,visible_candidate,line-uct-test-a11-000342,,,,,
uct-test-a11,1.139110697805612,0.8013545470632712,0.001434130905212605,0.004745740898634221,521,101.0,2.0,5,3.5332265646307945,visible_pixel_support,False,visible_candidate,line-uct-test-a11-000343,,,,,
uct-test-a11,1.141978959616037,0.8013545470632712,0.001434130905212605,0.0035593056739757767,522,101.0,1.5,4,3.6702978072045482,visible_pixel_support,False,visible_candidate,line-uct-test-a11-000344,,,,,
uct-test-a11,1.144847221426462,0.8037274175125882,0.001434130905212605,0.004745740898634221,523,100.0,2.0,5,2.793824243029121,visible_pixel_support,False,visible_candidate,line-uct-test-a11-000345,,,,,
uct-test-a11,1.147715483236887,0.8061002879619054,0.001434130905212605,0.004745740898634221,524,99.0,2.0,5,1.9037451984968072,visible_pixel_support,False,visible_candidate,line-uct-test-a11-000346,,,,,
uct-test-a11,1.150583745047312,0.8084731584112225,0.001434130905212605,0.005932176123292776,525,98.0,2.5,6,1.0,visible_pixel_support,False,visible_candidate,line-uct-test-a11-000347,,,,,
uct-test-a11,1.153452006857737,0.8108460288605396,0.001434130905212605,0.007118611347951331,526,97.0,3.0,7,0.08893137004446316,visible_pixel_support,False,visible_candidate,line-uct-test-a11-000348,,,,,
uct-test-a11,1.1563202686681622,0.8132188993098567,0.001434130905212605,0.005932176123292776,527,96.0,2.5,6,0.8230788687276771,visible_pixel_support,False,visible_candidate,line-uct-test-a11-000349,,,,,
uct-test-a11,1.1591885304785872,0.8155917697591737,0.001434130905212605,0.004745740898634221,528,95.0,2.0,5,1.736032739719505,visible_pixel_support,False,visible_candidate,line-uct-test-a11-000350,,,,,
uct-test-a11,1.1620567922890122,0.8155917697591737,0.001434130905212605,0.004745740898634221,529,95.0,2.0,5,1.649932266334119,visible_pixel_support,False,visible_candidate,line-uct-test-a11-000351,,,,,
uct-test-a11,1.1649250540994371,0.8179646402084908,0.001434130905212605,0.0035593056739756657,530,94.0,1.5,4,2.564779471974603,visible_pixel_support,False,visible_candidate,line-uct-test-a11-000352,,,,,
uct-test-a11,1.1677933159098621,0.8179646402084908,0.001434130905212605,0.0035593056739756657,531,94.0,1.5,4,2.4805763800440843,visible_pixel_support,False,visible_candidate,line-uct-test-a11-000353,,,,,
uct-test-a11,1.1706615777202871,0.8179646402084908,0.001434130905212605,0.0035593056739756657,532,94.0,1.5,4,2.3973250139456184,visible_pixel_support,False,visible_candidate,line-uct-test-a11-000354,,,,,
uct-test-a11,1.173529839530712,0.8179646402084908,0.001434130905212605,0.0035593056739756657,533,94.0,1.5,4,2.3150273970823037,visible_pixel_support,False,visible_candidate,line-uct-test-a11-000355,,,,,
uct-test-a11,1.176398101341137,0.8179646402084908,0.001434130905212605,0.0035593056739756657,534,94.0,1.5,4,2.233685552857267,visible_pixel_support,False,visible_candidate,line-uct-test-a11-000356,,,,,
uct-test-a11,1.179266363151562,0.8179646402084908,0.001434130905212605,0.0023728704493171104,535,94.0,1.0,3,2.1533015046735784,visible_pixel_support,False,visible_candidate,line-uct-test-a11-000357,,,,,
uct-test-a11,1.182134624961987,0.8179646402084908,0.001434130905212605,0.0035593056739756657,536,94.0,1.5,4,2.073877275934322,visible_pixel_support,False,visible_candidate,line-uct-test-a11-000358,,,,,
uct-test-a11,1.185002886772412,0.8179646402084908,0.001434130905212605,0.0035593056739756657,537,94.0,1.5,4,1.9954148900426105,visible_pixel_support,False,visible_candidate,line-uct-test-a11-000359,,,,,
uct-test-a11,1.187871148582837,0.8179646402084908,0.001434130905212605,0.0035593056739756657,538,94.0,1.5,4,1.9179163704015423,visible_pixel_support,False,visible_candidate,line-uct-test-a11-000360,,,,,
uct-test-a11,1.190739410393262,0.8179646402084908,0.001434130905212605,0.004745740898634221,539,94.0,2.0,5,1.8413837404142015,visible_pixel_support,False,visible_candidate,line-uct-test-a11-000361,,,,,
uct-test-a11,1.193607672203687,0.8179646402084908,0.001434130905212605,0.004745740898634221,540,94.0,2.0,5,1.7658190234836724,visible_pixel_support,False,visible_candidate,line-uct-test-a11-000362,,,,,
uct-test-a11,1.196475934014112,0.8179646402084908,0.001434130905212605,0.004745740898634221,541,94.0,2.0,5,1.6912242430130675,visible_pixel_support,False,visible_candidate,line-uct-test-a11-000363,,,,,
uct-test-a11,1.199344195824537,0.8179646402084908,0.001434130905212605,0.004745740898634221,542,94.0,2.0,5,1.6176014224054711,visible_pixel_support,False,visible_candidate,line-uct-test-a11-000364,,,,,
uct-test-a11,1.202212457634962,0.8179646402084908,0.001434130905212605,0.0035593056739756657,543,94.0,1.5,4,1.5449525850639816,visible_pixel_support,False,visible_candidate,line-uct-test-a11-000365,,,,,
uct-test-a11,1.205080719445387,0.8203375106578079,0.001434130905212605,0.0035593056739756657,544,93.0,1.5,4,2.4732797543916973,visible_pixel_support,False,visible_candidate,line-uct-test-a11-000366,,,,,
uct-test-a11,1.207948981255812,0.8203375106578079,0.001434130905212605,0.0035593056739756657,545,93.0,1.5,4,2.4025849537916883,visible_pixel_support,False,visible_candidate,line-uct-test-a11-000367,,,,,
uct-test-a11,1.210817243066237,0.8203375106578079,0.001434130905212605,0.0035593056739756657,546,93.0,1.5,4,2.3328702066670814,visible_pixel_support,False,visible_candidate,line-uct-test-a11-000368,,,,,
uct-test-a11,1.213685504876662,0.8203375106578079,0.001434130905212605,0.0035593056739756657,547,93.0,1.5,4,2.264137536420961,visible_pixel_support,False,visible_candidate,line-uct-test-a11-000369,,,,,
uct-test-a11,1.216553766687087,0.8179646402084908,0.001434130905212605,0.004745740898634221,548,94.0,2.0,5,1.1963889664564107,visible_pixel_support,False,visible_candidate,line-uct-test-a11-000370,,,,,
uct-test-a11,1.219422028497512,0.8179646402084908,0.001434130905212605,0.0035593056739756657,549,94.0,1.5,4,1.1296265201765436,visible_pixel_support,False,visible_candidate,line-uct-test-a11-000371,,,,,
uct-test-a11,1.222290290307937,0.8179646402084908,0.001434130905212605,0.0035593056739756657,550,94.0,1.5,4,1.0638522209844155,visible_pixel_support,False,visible_candidate,line-uct-test-a11-000372,,,,,
uct-test-a11,1.2251585521183619,0.8179646402084908,0.001434130905212605,0.0035593056739756657,551,94.0,1.5,4,0.9990680922831956,visible_pixel_support,False,visible_candidate,line-uct-test-a11-000373,,,,,
uct-test-a11,1.2280268139287869,0.8155917697591737,0.001434130905212605,0.0035593056739757767,552,95.0,1.5,4,0.06472384252410279,visible_pixel_support,False,visible_candidate,line-uct-test-a11-000374,,,,,
uct-test-a11,1.2308950757392119,0.8155917697591737,0.001434130905212605,0.0035593056739757767,553,95.0,1.5,4,0.1275215600343529,visible_pixel_support,False,visible_candidate,line-uct-test-a11-000375,,,,,
uct-test-a11,1.2337633375496369,0.8155917697591737,0.001434130905212605,0.0035593056739757767,554,95.0,1.5,4,0.1893230368444705,visible_pixel_support,False,visible_candidate,line-uct-test-a11-000376,,,,,
uct-test-a11,1.236631599360062,0.8155917697591737,0.001434130905212605,0.004745740898634221,555,95.0,2.0,5,0.250126249551343,visible_pixel_support,False,visible_candidate,line-uct-test-a11-000377,,,,,
uct-test-a11,1.239499861170487,0.8155917697591737,0.001434130905212605,0.004745740898634221,556,95.0,2.0,5,0.3099291747519004,visible_pixel_support,False,visible_candidate,line-uct-test-a11-000378,,,,,
uct-test-a11,1.242368122980912,0.8155917697591737,0.001434130905212605,0.004745740898634221,557,95.0,2.0,5,0.3687297890429875,visible_pixel_support,False,visible_candidate,line-uct-test-a11-000379,,,,,
uct-test-a11,1.245236384791337,0.8155917697591737,0.001434130905212605,0.004745740898634221,558,95.0,2.0,5,0.4265260690216053,visible_pixel_support,False,visible_candidate,line-uct-test-a11-000380,,,,,
uct-test-a11,1.248104646601762,0.8155917697591737,0.001434130905212605,0.0035593056739757767,559,95.0,1.5,4,0.48331599128457015,visible_pixel_support,False,visible_candidate,line-uct-test-a11-000381,,,,,
uct-test-a11,1.250972908412187,0.8179646402084908,0.001434130905212605,0.0035593056739756657,560,94.0,1.5,4,0.4609024675711453,visible_pixel_support,False,visible_candidate,line-uct-test-a11-000382,,,,,
uct-test-a11,1.253841170222612,0.8179646402084908,0.001434130905212605,0.0035593056739756657,561,94.0,1.5,4,0.40613133094869625,visible_pixel_support,False,visible_candidate,line-uct-test-a11-000383,,,,,
uct-test-a11,1.256709432033037,0.8179646402084908,0.001434130905212605,0.0035593056739756657,562,94.0,1.5,4,0.3523726222511243,visible_pixel_support,False,visible_candidate,line-uct-test-a11-000384,,,,,
uct-test-a11,1.259577693843462,0.8179646402084908,0.001434130905212605,0.0035593056739756657,563,94.0,1.5,4,0.2996283648815421,visible_pixel_support,False,visible_candidate,line-uct-test-a11-000385,,,,,
uct-test-a11,1.262445955653887,0.8179646402084908,0.001434130905212605,0.0035593056739756657,564,94.0,1.5,4,0.247900582243048,visible_pixel_support,False,visible_candidate,line-uct-test-a11-000386,,,,,
uct-test-a11,1.265314217464312,0.8179646402084908,0.001434130905212605,0.0035593056739756657,565,94.0,1.5,4,0.19719129773872623,visible_pixel_support,False,visible_candidate,line-uct-test-a11-000387,,,,,
uct-test-a11,1.268182479274737,0.8179646402084908,0.001434130905212605,0.0035593056739756657,566,94.0,1.5,4,0.1475025347716894,visible_pixel_support,False,visible_candidate,line-uct-test-a11-000388,,,,,
uct-test-a11,1.271050741085162,0.8179646402084908,0.001434130905212605,0.0035593056739756657,567,94.0,1.5,4,0.09883631674502169,visible_pixel_support,False,visible_candidate,line-uct-test-a11-000389,,,,,
uct-test-a11,1.273919002895587,0.8179646402084908,0.001434130905212605,0.0035593056739756657,568,94.0,1.5,4,0.05119466706180731,visible_pixel_support,False,visible_candidate,line-uct-test-a11-000390,,,,,
uct-test-a11,1.276787264706012,0.8179646402084908,0.001434130905212605,0.0035593056739756657,569,94.0,1.5,4,0.004579609125158868,visible_pixel_support,False,visible_candidate,line-uct-test-a11-000391,,,,,
uct-test-a11,1.2796555265164369,0.8179646402084908,0.001434130905212605,0.0035593056739756657,570,94.0,1.5,4,0.04100683366183944,visible_pixel_support,False,visible_candidate,line-uct-test-a11-000392,,,,,
uct-test-a11,1.2825237883268619,0.8203375106578079,0.001434130905212605,0.0023728704493171104,571,93.0,1.0,3,0.9144373621038966,visible_pixel_support,False,visible_candidate,line-uct-test-a11-000393,,,,,
uct-test-a11,1.2853920501372869,0.8179646402084908,0.001434130905212605,0.0035593056739756657,572,94.0,1.5,4,0.12908578017450623,visible_pixel_support,False,visible_candidate,line-uct-test-a11-000394,,,,,
uct-test-a11,1.2882603119477118,0.8179646402084908,0.001434130905212605,0.0035593056739756657,573,94.0,1.5,4,0.1715742370939921,visible_pixel_support,False,visible_candidate,line-uct-test-a11-000395,,,,,
uct-test-a11,1.2911285737581368,0.8179646402084908,0.001434130905212605,0.0035593056739756657,574,94.0,1.5,4,0.21302598525144845,visible_pixel_support,False,visible_candidate,line-uct-test-a11-000396,,,,,
uct-test-a11,1.2939968355685618,0.8179646402084908,0.001434130905212605,0.004745740898634221,575,94.0,2.0,5,0.25343900124377683,visible_pixel_support,False,visible_candidate,line-uct-test-a11-000397,,,,,
uct-test-a11,1.2968650973789868,0.8179646402084908,0.001434130905212605,0.0035593056739756657,576,94.0,1.5,4,0.29281126166787885,visible_pixel_support,False,visible_candidate,line-uct-test-a11-000398,,,,,
uct-test-a11,1.2997333591894118,0.8155917697591737,0.001434130905212605,0.004745740898634221,577,95.0,2.0,5,1.3311407431206845,visible_pixel_support,False,visible_candidate,line-uct-test-a11-000399,,,,,
uct-test-a11,1.3026016209998368,0.8179646402084908,0.001434130905212605,0.0035593056739756657,578,94.0,1.5,4,0.36842542219908125,visible_pixel_support,False,visible_candidate,line-uct-test-a11-000400,,,,,
uct-test-a11,1.3054698828102618,0.8179646402084908,0.001434130905212605,0.0035593056739756657,579,94.0,1.5,4,0.4046632754999848,visible_pixel_support,False,visible_candidate,line-uct-test-a11-000401,,,,,
uct-test-a11,1.3083381446206868,0.8179646402084908,0.001434130905212605,0.004745740898634221,580,94.0,2.0,5,0.4398522796202826,visible_pixel_support,False,visible_candidate,line-uct-test-a11-000402,,,,,
uct-test-a11,1.3112064064311117,0.8179646402084908,0.001434130905212605,0.0035593056739756657,581,94.0,1.5,4,0.47399041115689045,visible_pixel_support,False,visible_candidate,line-uct-test-a11-000403,,,,,
uct-test-a11,1.3140746682415367,0.8203375106578079,0.001434130905212605,0.0035593056739756657,582,93.0,1.5,4,0.4929243532932759,visible_pixel_support,False,visible_candidate,line-uct-test-a11-000404,,,,,
uct-test-a11,1.3169429300519617,0.822710381107125,0.001434130905212605,0.0035593056739756657,583,92.0,1.5,4,1.4608940371333148,visible_pixel_support,False,visible_candidate,line-uct-test-a11-000405,,,,,
uct-test-a11,1.319811191862387,0.8250832515564421,0.001434130905212605,0.0023728704493171104,584,91.0,1.0,3,2.429920663766339,visible_pixel_support,False,visible_candidate,line-uct-test-a11-000406,,,,,
uct-test-a11,1.322679453672812,0.8274561220057592,0.001434130905212605,0.0023728704493171104,585,90.0,1.0,3,3.400006256595418,visible_pixel_support,False,visible_candidate,line-uct-test-a11-000407,,,,,
uct-test-a11,1.325547715483237,0.8274561220057592,0.001434130905212605,0.0023728704493171104,586,90.0,1.0,3,3.371152839023665,visible_pixel_support,False,visible_candidate,line-uct-test-a11-000408,,,,,
uct-test-a11,1.328415977293662,0.8274561220057592,0.001434130905212605,0.0035593056739756657,587,90.0,1.5,4,3.34336243445415,visible_pixel_support,False,visible_candidate,line-uct-test-a11-000409,,,,,
uct-test-a11,1.3312842391040869,0.8274561220057592,0.001434130905212605,0.0035593056739756657,588,90.0,1.5,4,3.3166370662900135,visible_pixel_support,False,visible_candidate,line-uct-test-a11-000410,,,,,
uct-test-a11,1.3341525009145119,0.8274561220057592,0.001434130905212605,0.0035593056739756657,589,90.0,1.5,4,3.2909787579342975,visible_pixel_support,False,visible_candidate,line-uct-test-a11-000411,,,,,
uct-test-a11,1.3370207627249369,0.8298289924550764,0.001434130905212605,0.0023728704493171104,590,89.0,1.0,3,4.266389532790129,visible_pixel_support,False,visible_candidate,line-uct-test-a11-000412,,,,,
uct-test-a11,1.3398890245353618,0.8298289924550764,0.001434130905212605,0.0023728704493171104,591,89.0,1.0,3,4.242871414260577,visible_pixel_support,False,visible_candidate,line-uct-test-a11-000413,,,,,
uct-test-a11,1.3427572863457868,0.8274561220057592,0.001434130905212605,0.0035593056739756657,592,90.0,1.5,4,3.2204264257487694,visible_pixel_support,False,visible_candidate,line-uct-test-a11-000414,,,,,
uct-test-a11,1.3456255481562118,0.8274561220057592,0.001434130905212605,0.0035593056739756657,593,90.0,1.5,4,3.1990565906577615,visible_pixel_support,False,visible_candidate,line-uct-test-a11-000415,,,,,
uct-test-a11,1.3484938099666368,0.8298289924550764,0.001434130905212605,0.0023728704493171104,594,89.0,1.0,3,4.17876393239068,visible_pixel_support,False,visible_candidate,line-uct-test-a11-000416,,,,,
uct-test-a11,1.3513620717770618,0.8298289924550764,0.001434130905212605,0.0023728704493171104,595,89.0,1.0,3,4.1595504743505956,visible_pixel_support,False,visible_candidate,line-uct-test-a11-000417,,,,,
uct-test-a11,1.3542303335874868,0.8274561220057592,0.001434130905212605,0.0035593056739756657,596,90.0,1.5,4,3.1414182399406343,visible_pixel_support,False,visible_candidate,line-uct-test-a11-000418,,,,,
uct-test-a11,1.3570985953979118,0.8274561220057592,0.001434130905212605,0.0035593056739756657,597,90.0,1.5,4,3.1243692525638522,visible_pixel_support,False,visible_candidate,line-uct-test-a11-000419,,,,,
uct-test-a11,1.3599668572083368,0.8274561220057592,0.001434130905212605,0.0035593056739756657,598,90.0,1.5,4,3.108405535623376,visible_pixel_support,False,visible_candidate,line-uct-test-a11-000420,,,,,
uct-test-a11,1.3628351190187618,0.8274561220057592,0.001434130905212605,0.0035593056739756657,599,90.0,1.5,4,3.093529112522276,visible_pixel_support,False,visible_candidate,line-uct-test-a11-000421,,,,,
uct-test-a11,1.3657033808291867,0.8250832515564421,0.001434130905212605,0.0035593056739756657,600,91.0,1.5,4,2.0797420066636505,visible_pixel_support,False,visible_candidate,line-uct-test-a11-000422,,,,,
uct-test-a11,1.3685716426396117,0.8250832515564421,0.001434130905212605,0.0035593056739756657,601,91.0,1.5,4,2.067046241450612,visible_pixel_support,False,visible_candidate,line-uct-test-a11-000423,,,,,
uct-test-a11,1.3714399044500367,0.8274561220057592,0.001434130905212605,0.0035593056739756657,602,90.0,1.5,4,3.0554438402862445,visible_pixel_support,False,visible_candidate,line-uct-test-a11-000424,,,,,
uct-test-a11,1.3743081662604617,0.8274561220057592,0.001434130905212605,0.0035593056739756657,603,90.0,1.5,4,3.0449368265736183,visible_pixel_support,False,visible_candidate,line-uct-test-a11-000425,,,,,
uct-test-a11,1.3771764280708867,0.8274561220057592,0.001434130905212605,0.0035593056739756657,604,90.0,1.5,4,3.0355272237158744,visible_pixel_support,False,visible_candidate,line-uct-test-a11-000426,,,,,
uct-test-a11,1.3800446898813117,0.8298289924550764,0.001434130905212605,0.0023728704493171104,605,89.0,1.0,3,4.027217055116068,visible_pixel_support,False,visible_candidate,line-uct-test-a11-000427,,,,,
uct-test-a11,1.3829129516917367,0.8298289924550764,0.001434130905212605,0.0023728704493171104,606,89.0,1.0,3,4.020008344177313,visible_pixel_support,False,visible_candidate,line-uct-test-a11-000428,,,,,
uct-test-a11,1.3857812135021617,0.8274561220057592,0.001434130905212605,0.0035593056739756657,607,90.0,1.5,4,3.0139031143026926,visible_pixel_support,False,visible_candidate,line-uct-test-a11-000429,,,,,
uct-test-a11,1.3886494753125866,0.8250832515564421,0.001434130905212605,0.0035593056739756657,608,91.0,1.5,4,2.0089033888953054,visible_pixel_support,False,visible_candidate,line-uct-test-a11-000430,,,,,
uct-test-a11,1.3915177371230116,0.8250832515564421,0.001434130905212605,0.0035593056739756657,609,91.0,1.5,4,2.00501119135825,visible_pixel_support,False,visible_candidate,line-uct-test-a11-000431,,,,,
uct-test-a11,1.3943859989334366,0.8250832515564421,0.001434130905212605,0.0035593056739756657,610,91.0,1.5,4,2.0022285450946242,visible_pixel_support,False,visible_candidate,line-uct-test-a11-000432,,,,,
uct-test-a11,1.3972542607438616,0.822710381107125,0.001434130905212605,0.0035593056739756657,611,92.0,1.5,4,1.0005574735074987,visible_pixel_support,False,visible_candidate,line-uct-test-a11-000433,,,,,
uct-test-a11,1.4001225225542868,0.822710381107125,0.001434130905212605,0.0035593056739756657,612,92.0,1.5,4,1.0,visible_pixel_support,False,visible_candidate,line-uct-test-a11-000434,,,,,
uct-test-a11,1.4029907843647118,0.822710381107125,0.001434130905212605,0.0035593056739756657,613,92.0,1.5,4,1.0460002275830789,visible_pixel_support,False,visible_candidate,line-uct-test-a11-000435,,,,,
uct-test-a11,1.4058590461751368,0.822710381107125,0.001434130905212605,0.004745740898634221,614,92.0,2.0,5,1.1816112881201661,visible_pixel_support,False,visible_candidate,line-uct-test-a11-000436,,,,,
uct-test-a11,1.4087273079855618,0.8203375106578079,0.001434130905212605,0.004745740898634221,615,93.0,2.0,5,0.40324874829312307,visible_pixel_support,False,visible_candidate,line-uct-test-a11-000437,,,,,
uct-test-a11,1.4115955697959868,0.8179646402084908,0.001434130905212605,0.005932176123292776,616,94.0,2.5,6,0.2926718252162033,visible_pixel_support,False,visible_candidate,line-uct-test-a11-000438,,,,,
uct-test-a11,1.4144638316064118,0.8179646402084908,0.001434130905212605,0.004745740898634221,617,94.0,2.0,5,0.09026513427401994,visible_pixel_support,False,visible_candidate,line-uct-test-a11-000439,,,,,
uct-test-a11,1.4173320934168367,0.8155917697591737,0.001434130905212605,0.004745740898634221,618,95.0,2.0,5,0.45152480655440286,visible_pixel_support,False,visible_candidate,line-uct-test-a11-000440,,,,,
uct-test-a11,1.4202003552272617,0.8155917697591737,0.001434130905212605,0.004745740898634221,619,95.0,2.0,5,0.07837391898041801,visible_pixel_support,False,visible_candidate,line-uct-test-a11-000441,,,,,
uct-test-a11,1.4230686170376867,0.8155917697591737,0.001434130905212605,0.004745740898634221,620,95.0,2.0,5,0.6763768775603154,visible_pixel_support,False,visible_candidate,line-uct-test-a11-000442,,,,,
uct-test-a11,1.4259368788481117,0.8155917697591737,0.001434130905212605,0.0035593056739757767,621,95.0,1.5,4,1.3388996358670937,visible_pixel_support,False,visible_candidate,line-uct-test-a11-000443,,,,,
uct-test-a11,1.4288051406585367,0.8155917697591737,0.001434130905212605,0.0035593056739757767,622,95.0,1.5,4,2.062357760582614,visible_pixel_support,False,visible_candidate,line-uct-test-a11-000444,,,,,
uct-test-a11,1.4316734024689617,0.8155917697591737,0.001434130905212605,0.0035593056739757767,623,95.0,1.5,4,2.8431668183887098,visible_pixel_support,False,visible_candidate,line-uct-test-a11-000445,,,,,
uct-test-a11,1.4345416642793867,0.8155917697591737,0.001434130905212605,0.0035593056739757767,624,95.0,1.5,4,3.6777423759672274,visible_pixel_support,False,visible_candidate,line-uct-test-a11-000446,,,,,
uct-test-a11,1.4374099260898117,0.8155917697591737,0.001434130905212605,0.0035593056739757767,625,95.0,1.5,4,4.5625,visible_pixel_support,False,visible_candidate,line-uct-test-a11-000447,,,,,
uct-test-a11,1.4402781879002367,0.8132188993098567,0.001434130905212605,0.0035593056739756657,626,96.0,1.5,4,4.49385525716886,visible_pixel_support,False,visible_candidate,line-uct-test-a11-000448,,,,,
uct-test-a11,1.4431464497106616,0.8108460288605396,0.001434130905212605,0.004745740898634221,627,97.0,2.0,5,4.46822371415567,visible_pixel_support,False,visible_candidate,line-uct-test-a11-000449,,,,,
uct-test-a11,1.4460147115210866,0.8037274175125882,0.001434130905212605,0.007118611347951331,628,100.0,3.0,7,2.4820209376422326,visible_pixel_support,False,visible_candidate,line-uct-test-a11-000450,,,,,
uct-test-a11,1.4488829733315116,0.8013545470632712,0.001434130905212605,0.008305046572609887,629,101.0,3.5,8,2.5316624943104244,visible_pixel_support,False,visible_candidate,line-uct-test-a11-000451,,,,,
uct-test-a11,1.4517512351419366,0.796608806164637,0.001434130905212605,0.008305046572609887,630,103.0,3.5,8,1.6135639508420638,visible_pixel_support,False,visible_candidate,line-uct-test-a11-000452,,,,,
uct-test-a11,1.4546194969523616,0.7942359357153199,0.001434130905212605,0.008305046572609776,631,104.0,3.5,8,1.7241408739189694,visible_pixel_support,False,visible_candidate,line-uct-test-a11-000453,,,,,
uct-test-a11,1.4574877587627866,0.7918630652660028,0.001434130905212605,0.007118611347951331,632,105.0,3.0,7,1.859808830223045,visible_pixel_support,False,visible_candidate,line-uct-test-a11-000454,,,,,
uct-test-a11,1.4603560205732116,0.7871173243673686,0.001434130905212605,0.007118611347951331,633,107.0,3.0,7,1.0169833864360527,visible_pixel_support,False,visible_candidate,line-uct-test-a11-000455,,,,,
uct-test-a11,1.4632242823836366,0.7847444539180515,0.001434130905212605,0.005932176123292776,634,108.0,2.5,6,1.1920801092398676,visible_pixel_support,False,visible_candidate,line-uct-test-a11-000456,,,,,
uct-test-a11,1.4660925441940615,0.7823715834687344,0.001434130905212605,0.005932176123292776,635,109.0,2.5,6,1.381514565316337,visible_pixel_support,False,visible_candidate,line-uct-test-a11-000457,,,,,
uct-test-a11,1.4689608060044865,0.7799987130194173,0.001434130905212605,0.004745740898634221,636,110.0,2.0,5,1.5817023213472936,visible_pixel_support,False,visible_candidate,line-uct-test-a11-000458,,,,,
uct-test-a11,1.4718290678149115,0.7776258425701001,0.001434130905212605,0.005932176123292887,637,111.0,2.5,6,1.7890589440145561,visible_pixel_support,False,visible_candidate,line-uct-test-a11-000459,,,,,
uct-test-a11,1.4746973296253365,0.772880101671466,0.001434130905212605,0.00711861134795122,638,113.0,3.0,7,1.0,visible_pixel_support,False,visible_candidate,line-uct-test-a11-000460,,,,,
uct-test-a11,1.4775655914357615,0.7705072312221489,0.001434130905212605,0.00711861134795122,639,114.0,3.0,7,1.2109410559854439,visible_pixel_support,False,visible_candidate,line-uct-test-a11-000461,,,,,
uct-test-a11,1.4804338532461865,0.7657614903235148,0.001434130905212605,0.007118611347951331,640,116.0,3.0,7,0.4182976786527206,visible_pixel_support,False,visible_candidate,line-uct-test-a11-000462,,,,,
uct-test-a11,1.4833021150566117,0.7633886198741977,0.001434130905212605,0.007118611347951331,641,117.0,3.0,7,0.618485434683663,visible_pixel_support,False,visible_candidate,line-uct-test-a11-000463,,,,,
uct-test-a11,1.4861703768670367,0.7610157494248806,0.001434130905212605,0.0035593056739756657,642,118.0,1.5,4,0.8079198907601324,visible_pixel_support,False,visible_candidate,line-uct-test-a11-000464,,,,,
uct-test-a11,1.4890386386774617,0.7610157494248806,0.001434130905212605,0.004745740898634221,643,118.0,2.0,5,1.9830166135639473,visible_pixel_support,False,visible_candidate,line-uct-test-a11-000465,,,,,
uct-test-a11,1.4919069004878867,0.7586428789755635,0.001434130905212605,0.0035593056739756657,644,119.0,1.5,4,2.140191169776969,visible_pixel_support,False,visible_candidate,line-uct-test-a11-000466,,,,,
uct-test-a11,1.4947751622983116,0.7562700085262464,0.001434130905212605,0.0035593056739756657,645,120.0,1.5,4,2.2758591260810306,visible_pixel_support,False,visible_candidate,line-uct-test-a11-000467,,,,,
uct-test-a11,1.4976434241087366,0.7562700085262464,0.001434130905212605,0.0035593056739756657,646,120.0,1.5,4,3.386436049157936,visible_pixel_support,False,visible_candidate,line-uct-test-a11-000468,,,,,
uct-test-a11,1.5005116859191616,0.7538971380769293,0.001434130905212605,0.004745740898634221,647,121.0,2.0,5,3.4683375056895898,visible_pixel_support,False,visible_candidate,line-uct-test-a11-000469,,,,,
uct-test-a11,1.5033799477295866,0.7515242676276122,0.001434130905212605,0.004745740898634221,648,122.0,2.0,5,3.5179790623577674,visible_pixel_support,False,visible_candidate,line-uct-test-a11-000470,,,,,
uct-test-a11,1.5062482095400116,0.749151397178295,0.001434130905212605,0.004745740898634221,649,123.0,2.0,5,3.5317762858443302,visible_pixel_support,False,visible_candidate,line-uct-test-a11-000471,,,,,
uct-test-a11,1.5091164713504366,0.7467785267289779,0.001434130905212605,0.004745740898634221,650,124.0,2.0,5,3.5061447428311396,visible_pixel_support,False,visible_candidate,line-uct-test-a11-000472,,,,,
uct-test-a11,1.5119847331608616,0.7444056562796608,0.001434130905212605,0.004745740898634221,651,125.0,2.0,5,3.4375,visible_pixel_support,False,visible_candidate,line-uct-test-a11-000473,,,,,
uct-test-a11,1.5148529949712866,0.7396599153810267,0.001434130905212605,0.005932176123292776,652,127.0,2.5,6,2.3222576240327726,visible_pixel_support,False,visible_candidate,line-uct-test-a11-000474,,,,,
uct-test-a11,1.5177212567817115,0.7372870449317096,0.001434130905212605,0.005932176123292776,653,128.0,2.5,6,2.1568331816112902,visible_pixel_support,False,visible_candidate,line-uct-test-a11-000475,,,,,
uct-test-a11,1.5205895185921365,0.7325413040330755,0.001434130905212605,0.008305046572609998,654,130.0,3.5,8,0.9376422394173858,visible_pixel_support,False,visible_candidate,line-uct-test-a11-000476,,,,,
uct-test-a11,1.5234577804025615,0.7301684335837584,0.001434130905212605,0.007118611347951331,655,131.0,3.0,7,0.6611003641329205,visible_pixel_support,False,visible_candidate,line-uct-test-a11-000477,,,,,
uct-test-a11,1.5263260422129865,0.7277955631344413,0.001434130905212605,0.007118611347951331,656,132.0,3.0,7,0.3236231224396988,visible_pixel_support,False,visible_candidate,line-uct-test-a11-000478,,,,,
uct-test-a11,1.5291943040234115,0.7254226926851242,0.001434130905212605,0.004745740898634221,657,133.0,2.0,5,0.07837391898041801,visible_pixel_support,False,visible_candidate,line-uct-test-a11-000479,,,,,
uct-test-a11,1.5320625658338365,0.723049822235807,0.001434130905212605,0.004745740898634221,658,134.0,2.0,5,0.5484751934456256,visible_pixel_support,False,visible_candidate,line-uct-test-a11-000480,,,,,
uct-test-a11,1.5349308276442615,0.723049822235807,0.001434130905212605,0.004745740898634221,659,134.0,2.0,5,0.09026513427403415,visible_pixel_support,False,visible_candidate,line-uct-test-a11-000481,,,,,
uct-test-a11,1.5377990894546865,0.723049822235807,0.001434130905212605,0.0035593056739756657,660,134.0,1.5,4,0.2926718252162175,visible_pixel_support,False,visible_candidate,line-uct-test-a11-000482,,,,,
uct-test-a11,1.5406673512651115,0.723049822235807,0.001434130905212605,0.0035593056739756657,661,134.0,1.5,4,0.5967512517068485,visible_pixel_support,False,visible_candidate,line-uct-test-a11-000483,,,,,
uct-test-a11,1.5435356130755364,0.7254226926851242,0.001434130905212605,0.0035593056739756657,662,133.0,1.5,4,1.8183887118798623,visible_pixel_support,False,visible_candidate,line-uct-test-a11-000484,,,,,
uct-test-a11,1.5464038748859614,0.7277955631344413,0.001434130905212605,0.0023728704493171104,663,132.0,1.0,3,2.9539997724169496,visible_pixel_support,False,visible_candidate,line-uct-test-a11-000485,,,,,
uct-test-a11,1.5492721366963864,0.7277955631344413,0.001434130905212605,0.0035593056739757767,664,132.0,1.5,4,3.0,visible_pixel_support,False,visible_candidate,line-uct-test-a11-000486,,,,,
uct-test-a11,1.5521403985068114,0.7301684335837584,0.001434130905212605,0.004745740898634221,665,131.0,2.0,5,3.946688000000023,visible_pixel_support,False,visible_candidate,line-uct-test-a11-000487,,,,,
uct-test-a11,1.5550086603172364,0.7325413040330755,0.001434130905212605,0.005932176123292887,666,130.0,2.5,6,4.7911040000000185,visible_pixel_support,False,visible_candidate,line-uct-test-a11-000488,,,,,
uct-test-a11,1.5578769221276614,0.7349141744823925,0.001434130905212605,0.005932176123292776,667,129.0,2.5,6,5.539776000000018,visible_pixel_support,False,visible_candidate,line-uct-test-a11-000489,,,,,
uct-test-a11,1.5607451839380864,0.7372870449317096,0.001434130905212605,0.00474574089863411,668,128.0,2.0,5,6.199231999999995,visible_pixel_support,False,visible_candidate,line-uct-test-a11-000490,,,,,
uct-test-a11,1.5636134457485116,0.7396599153810267,0.001434130905212605,0.0035593056739756657,669,127.0,1.5,4,6.7760000000000105,visible_pixel_support,False,visible_candidate,line-uct-test-a11-000491,,,,,
uct-test-a11,1.5664817075589366,0.7420327858303437,0.001434130905212605,0.0023728704493171104,670,126.0,1.0,3,7.27660800000001,visible_pixel_support,False,visible_candidate,line-uct-test-a11-000492,,,,,
uct-test-a11,1.5693499693693616,0.749151397178295,0.001434130905212605,0.0011864352246586662,671,123.0,0.5,1,9.707583999999997,visible_pixel_support,False,visible_candidate,line-uct-test-a11-000493,,,,,
uct-test-a22,0.0405664244128387,0.19864545293672886,0.001434130905212494,0.0011864352246585552,138,355.0,0.5,1,1.0,visible_pixel_support,True,visible_candidate,line-uct-test-a22-000001,,,,,
uct-test-a22,0.04343468622326374,0.19627258248741175,0.0014341309052125495,0.0011864352246585552,139,356.0,0.5,2,0.6071428571428896,visible_pixel_support,False,visible_candidate,line-uct-test-a22-000002,,,,,
uct-test-a22,0.04630294803368873,0.19627258248741175,0.001434130905212494,0.0011864352246585552,140,356.0,0.5,1,1.2142857142857224,visible_pixel_support,False,visible_candidate,line-uct-test-a22-000003,,,,,
uct-test-a22,0.052039471654538705,0.19864545293672886,0.001434130905212494,0.0011864352246585552,142,355.0,0.5,1,3.428571428571445,visible_pixel_support,True,visible_candidate,line-uct-test-a22-000004,,,,,
uct-test-a22,0.05490773346496369,0.19864545293672886,0.001434130905212494,0.0011864352246585552,143,355.0,0.5,2,4.035714285714278,visible_pixel_support,False,visible_candidate,line-uct-test-a22-000005,,,,,
uct-test-a22,0.05777599527538868,0.20101832338604597,0.001434130905212494,0.0011864352246585552,144,354.0,0.5,1,5.642857142857167,visible_pixel_support,False,visible_candidate,line-uct-test-a22-000006,,,,,
uct-test-a22,0.06064425708581367,0.20339119383536308,0.001434130905212494,0.0011864352246585552,145,353.0,0.5,1,7.25,visible_pixel_support,False,visible_candidate,line-uct-test-a22-000007,,,,,
uct-test-a22,0.06351251889623871,0.2057640642846802,0.0014341309052125495,0.0011864352246585552,146,352.0,0.5,1,8.857142857142776,visible_pixel_support,False,visible_candidate,line-uct-test-a22-000008,,,,,
uct-test-a22,0.0663807807066637,0.2057640642846802,0.001434130905212494,0.0011864352246585552,147,352.0,0.5,1,9.464285714285722,visible_pixel_support,False,visible_candidate,line-uct-test-a22-000009,,,,,
uct-test-a22,0.07498556613793866,0.17254387799424087,0.001434130905212494,0.0011864352246585552,150,366.0,0.5,1,2.7142857142857224,visible_pixel_support,True,visible_candidate,line-uct-test-a22-000010,,,,,
uct-test-a22,0.07785382794836365,0.17491674844355787,0.001434130905212494,0.0035593056739756657,151,365.0,1.5,4,1.1071428571428328,visible_pixel_support,False,visible_candidate,line-uct-test-a22-000011,,,,,
uct-test-a22,0.08072208975878864,0.1796624893421921,0.001434130905212494,0.008305046572609887,152,363.0,3.5,4,1.5,visible_pixel_support,False,visible_candidate,line-uct-test-a22-000012,,,,,
uct-test-a22,0.08359035156921368,0.1796624893421921,0.0014341309052125495,0.0011864352246585552,153,363.0,0.5,2,2.107142857142833,visible_pixel_support,False,visible_candidate,line-uct-test-a22-000013,,,,,
uct-test-a22,0.08645861337963867,0.1796624893421921,0.001434130905212494,0.0011864352246585552,154,363.0,0.5,2,2.7142857142857224,visible_pixel_support,False,visible_candidate,line-uct-test-a22-000014,,,,,
uct-test-a22,0.08932687519006366,0.17491674844355787,0.001434130905212494,0.0023728704493171104,155,365.0,1.0,2,1.321428571428612,visible_pixel_support,False,visible_candidate,line-uct-test-a22-000015,,,,,
uct-test-a22,0.09219513700048865,0.17017100754492376,0.001434130905212494,0.0011864352246585552,156,367.0,0.5,2,0.07142857142855519,visible_pixel_support,False,visible_candidate,line-uct-test-a22-000016,,,,,
uct-test-a22,0.09793166062133862,0.1559337848490212,0.001434130905212494,0.0011864352246585552,158,373.0,0.5,1,4.857142857142833,visible_pixel_support,True,visible_candidate,line-uct-test-a22-000017,,,,,
uct-test-a22,0.10079992243176361,0.17254387799424087,0.001434130905212494,0.0035593056739756657,159,366.0,1.5,3,2.75,visible_pixel_support,False,visible_candidate,line-uct-test-a22-000018,,,,,
uct-test-a22,0.1036681842421886,0.1796624893421921,0.0014341309052125495,0.0011864352246585552,160,363.0,0.5,2,6.357142857142833,visible_pixel_support,False,visible_candidate,line-uct-test-a22-000019,,,,,
uct-test-a22,0.10653644605261364,0.16305239619697243,0.001434130905212494,0.0011864352246585552,161,370.0,0.5,1,0.03571428571433444,visible_pixel_support,False,visible_candidate,line-uct-test-a22-000020,,,,,
uct-test-a22,0.10940470786303863,0.16542526664628954,0.001434130905212494,0.00949148179726833,162,369.0,4.0,2,1.5714285714284983,visible_pixel_support,False,visible_candidate,line-uct-test-a22-000021,,,,,
uct-test-a22,0.11227296967346362,0.16542526664628954,0.001434130905212494,0.0011864352246585552,163,369.0,0.5,1,2.178571428571445,visible_pixel_support,False,visible_candidate,line-uct-test-a22-000022,,,,,
uct-test-a22,0.1266142787255886,0.17491674844355787,0.001434130905212494,0.0011864352246585552,168,365.0,0.5,1,9.263603327859187,visible_pixel_support,True,visible_candidate,line-uct-test-a22-000023,,,,,
uct-test-a22,0.1294825405360136,0.17491674844355787,0.001434130905212494,0.0011864352246585552,169,365.0,0.5,1,9.928125331563479,visible_pixel_support,False,visible_candidate,line-uct-test-a22-000024,,,,,
uct-test-a22,0.17250646769238853,0.14644230305175276,0.001434130905212494,0.0011864352246585552,184,377.0,0.5,1,8.465004774513716,visible_pixel_support,True,visible_candidate,line-uct-test-a22-000025,,,,,
uct-test-a22,0.1811112531236635,0.13932369170380143,0.001434130905212494,0.0011864352246585552,187,380.0,0.5,1,7.2138795490506595,visible_pixel_support,True,visible_candidate,line-uct-test-a22-000026,,,,,
uct-test-a22,0.18397951493408848,0.13695082125448443,0.001434130905212494,0.0011864352246585552,188,381.0,0.5,1,6.734242374617111,visible_pixel_support,False,visible_candidate,line-uct-test-a22-000027,,,,,
uct-test-a22,0.18684777674451347,0.13457795080516732,0.001434130905212494,0.0011864352246585552,189,382.0,0.5,2,6.218565405649144,visible_pixel_support,False,visible_candidate,line-uct-test-a22-000028,,,,,
uct-test-a22,0.18971603855493846,0.12508646900789888,0.001434130905212494,0.009491481797268442,190,386.0,4.0,5,2.664003395209761,visible_pixel_support,False,visible_candidate,line-uct-test-a22-000029,,,,,
uct-test-a22,0.19258430036536345,0.11559498721063055,0.001434130905212494,0.011864352246585552,191,390.0,5.0,2,0.9322889036378683,visible_pixel_support,False,visible_candidate,line-uct-test-a22-000030,,,,,
uct-test-a22,0.19545256217578855,0.11559498721063055,0.001434130905212605,0.0011864352246585552,192,390.0,0.5,2,0.5731567378307432,visible_pixel_support,False,visible_candidate,line-uct-test-a22-000031,,,,,
uct-test-a22,0.19832082398621353,0.11322211676131344,0.001434130905212494,0.011864352246585441,193,391.0,5.0,3,1.261445354305863,visible_pixel_support,False,visible_candidate,line-uct-test-a22-000032,,,,,
uct-test-a22,0.20118908579663852,0.10847637586267922,0.001434130905212494,0.015423657920561107,194,393.0,6.5,3,3.0,visible_pixel_support,False,visible_candidate,line-uct-test-a22-000033,,,,,
uct-test-a22,0.2040573476070635,0.10847637586267922,0.001434130905212494,0.0011864352246585552,195,393.0,0.5,1,2.7659347870982174,visible_pixel_support,False,visible_candidate,line-uct-test-a22-000034,,,,,
uct-test-a22,0.21553039484876346,0.11084924631199633,0.001434130905212494,0.0023728704493171104,199,392.0,1.0,3,0.8569006305527296,visible_pixel_support,True,visible_candidate,line-uct-test-a22-000035,,,,,
uct-test-a22,0.21839865665918845,0.11322211676131344,0.001434130905212494,0.009491481797268442,200,391.0,4.0,4,0.36317549319267073,visible_pixel_support,False,visible_candidate,line-uct-test-a22-000036,,,,,
uct-test-a22,0.22126691846961344,0.11559498721063055,0.001434130905212494,0.010677917021926997,201,390.0,4.5,5,1.5802283541314637,visible_pixel_support,False,visible_candidate,line-uct-test-a22-000037,,,,,
uct-test-a22,0.22413518028003843,0.11559498721063055,0.001434130905212494,0.009491481797268442,202,390.0,4.0,5,1.7941828039386678,visible_pixel_support,False,visible_candidate,line-uct-test-a22-000038,,,,,
uct-test-a22,0.22700344209046341,0.11559498721063055,0.001434130905212494,0.009491481797268442,203,390.0,4.0,7,2.0049636942889606,visible_pixel_support,False,visible_candidate,line-uct-test-a22-000039,,,,,
uct-test-a22,0.2298717039008884,0.11322211676131344,0.001434130905212494,0.009491481797268442,204,391.0,4.0,4,1.2124958768574174,visible_pixel_support,False,visible_candidate,line-uct-test-a22-000040,,,,,
uct-test-a22,0.2327399657113134,0.11084924631199633,0.001434130905212494,0.0035593056739756657,205,392.0,1.5,2,0.4167042033188295,visible_pixel_support,False,visible_candidate,line-uct-test-a22-000041,,,,,
uct-test-a22,0.23560822752173838,0.11084924631199633,0.001434130905212605,0.009491481797268442,206,392.0,4.0,2,0.6175135253481585,visible_pixel_support,False,visible_candidate,line-uct-test-a22-000042,,,,,
uct-test-a22,0.23847648933216348,0.10847637586267922,0.001434130905212494,0.011864352246585552,207,393.0,5.0,4,0.18515130537974755,visible_pixel_support,False,visible_candidate,line-uct-test-a22-000043,,,,,
uct-test-a22,0.24134475114258847,0.10847637586267922,0.001434130905212494,0.011864352246585552,208,393.0,5.0,5,0.008634562810016178,visible_pixel_support,False,visible_candidate,line-uct-test-a22-000044,,,,,
uct-test-a22,0.24421301295301345,0.10610350541336211,0.001434130905212494,0.009491481797268442,209,394.0,4.0,3,0.8012040184075886,visible_pixel_support,False,visible_candidate,line-uct-test-a22-000045,,,,,
uct-test-a22,0.24708127476343844,0.11322211676131344,0.001434130905212494,0.005932176123292776,210,391.0,2.5,5,2.3852578026422293,visible_pixel_support,False,visible_candidate,line-uct-test-a22-000046,,,,,
uct-test-a22,0.24994953657386343,0.11322211676131344,0.001434130905212494,0.0035593056739756657,211,391.0,1.5,4,2.5679448776345453,visible_pixel_support,False,visible_candidate,line-uct-test-a22-000047,,,,,
uct-test-a22,0.2528177983842884,0.11084924631199633,0.001434130905212494,0.0011864352246585552,212,392.0,0.5,2,1.74678205824398,visible_pixel_support,False,visible_candidate,line-uct-test-a22-000048,,,,,
uct-test-a22,0.2556860601947134,0.11084924631199633,0.001434130905212494,0.0011864352246585552,213,392.0,0.5,2,1.9216941961456087,visible_pixel_support,False,visible_candidate,line-uct-test-a22-000049,,,,,
uct-test-a22,0.2585543220051384,0.11084924631199633,0.001434130905212494,0.010677917021926886,214,392.0,4.5,4,2.0926061430143363,visible_pixel_support,False,visible_candidate,line-uct-test-a22-000050,,,,,
uct-test-a22,0.2614225838155634,0.10610350541336211,0.001434130905212494,0.009491481797268442,215,394.0,4.0,3,0.259442750525011,visible_pixel_support,False,visible_candidate,line-uct-test-a22-000051,,,,,
uct-test-a22,0.26429084562598837,0.10610350541336211,0.001434130905212494,0.010677917021926997,216,394.0,4.5,3,0.42212887035253743,visible_pixel_support,False,visible_candidate,line-uct-test-a22-000052,,,,,
uct-test-a22,0.26715910743641336,0.11559498721063055,0.001434130905212494,0.005932176123292776,217,390.0,2.5,3,4.580589354171821,visible_pixel_support,False,visible_candidate,line-uct-test-a22-000053,,,,,
uct-test-a22,0.27002736924683834,0.103730634964045,0.001434130905212494,0.0011864352246585552,218,395.0,0.5,1,0.2652509463422348,visible_pixel_support,False,visible_candidate,line-uct-test-a22-000054,,,,,
uct-test-a22,0.27289563105726333,0.101357764514728,0.001434130905212494,0.009491481797268442,219,396.0,4.0,4,1.1154671795147806,visible_pixel_support,False,visible_candidate,line-uct-test-a22-000055,,,,,
uct-test-a22,0.2757638928676883,0.10847637586267922,0.001434130905212605,0.013050787471243996,220,393.0,5.5,5,2.029865506329088,visible_pixel_support,False,visible_candidate,line-uct-test-a22-000056,,,,,
uct-test-a22,0.2786321546781134,0.11084924631199633,0.001434130905212494,0.011864352246585441,221,392.0,5.0,3,3.1706719628643327,visible_pixel_support,False,visible_candidate,line-uct-test-a22-000057,,,,,
uct-test-a22,0.2815004164885384,0.09898489406541089,0.001434130905212494,0.005932176123292776,222,397.0,2.5,4,1.6931229582341984,visible_pixel_support,False,visible_candidate,line-uct-test-a22-000058,,,,,
uct-test-a22,0.2843686782989634,0.08949341226814245,0.001434130905212494,0.0011864352246585552,223,401.0,0.5,1,5.5615944052916575,visible_pixel_support,False,visible_candidate,line-uct-test-a22-000059,,,,,
uct-test-a22,0.2872369401093884,0.08949341226814245,0.001434130905212494,0.0011864352246585552,224,401.0,0.5,2,5.434817526632969,visible_pixel_support,False,visible_candidate,line-uct-test-a22-000060,,,,,
uct-test-a22,0.29010520191981337,0.08712054181882534,0.001434130905212494,0.0011864352246585552,225,402.0,0.5,1,6.3128674705834555,visible_pixel_support,False,visible_candidate,line-uct-test-a22-000061,,,,,
uct-test-a22,0.29297346373023836,0.08712054181882534,0.001434130905212494,0.0011864352246585552,226,402.0,0.5,1,6.1958193854680985,visible_pixel_support,False,visible_candidate,line-uct-test-a22-000062,,,,,
uct-test-a22,0.29584172554066335,0.11559498721063055,0.001434130905212494,0.015423657920561107,227,390.0,6.5,4,5.916251580388007,visible_pixel_support,False,visible_candidate,line-uct-test-a22-000063,,,,,
uct-test-a22,0.29870998735108834,0.08949341226814245,0.001434130905212494,0.015423657920561107,228,401.0,6.5,3,4.976729721340405,visible_pixel_support,False,visible_candidate,line-uct-test-a22-000064,,,,,
uct-test-a22,0.3015782491615133,0.09186628271745956,0.001434130905212494,0.014237222695902552,229,400.0,6.0,3,3.874838438978202,visible_pixel_support,False,visible_candidate,line-uct-test-a22-000065,,,,,
uct-test-a22,0.3044465109719383,0.09423915316677667,0.001434130905212494,0.011864352246585441,230,399.0,5.0,2,2.7781497208505925,visible_pixel_support,False,visible_candidate,line-uct-test-a22-000066,,,,,
uct-test-a22,0.3073147727823633,0.09661202361609378,0.001434130905212494,0.010677917021926997,231,398.0,4.5,3,1.686738715282786,visible_pixel_support,False,visible_candidate,line-uct-test-a22-000067,,,,,
uct-test-a22,0.3101830345927883,0.101357764514728,0.001434130905212494,0.0035593056739756657,232,396.0,1.5,3,0.3993194294002933,visible_pixel_support,False,visible_candidate,line-uct-test-a22-000068,,,,,
uct-test-a22,0.3130512964032133,0.101357764514728,0.001434130905212494,0.0023728704493171104,233,396.0,1.0,3,0.47994956487343643,visible_pixel_support,False,visible_candidate,line-uct-test-a22-000069,,,,,
uct-test-a22,0.31591955821363826,0.09898489406541089,0.001434130905212494,0.009491481797268442,234,397.0,4.0,3,0.4449234571884517,visible_pixel_support,False,visible_candidate,line-uct-test-a22-000070,,,,,
uct-test-a22,0.31878782002406336,0.103730634964045,0.001434130905212605,0.009491481797268442,235,395.0,4.0,4,1.6246252148895337,visible_pixel_support,False,visible_candidate,line-uct-test-a22-000071,,,,,
uct-test-a22,0.32165608183448835,0.103730634964045,0.001434130905212494,0.009491481797268442,236,395.0,4.0,4,1.6885204327822976,visible_pixel_support,False,visible_candidate,line-uct-test-a22-000072,,,,,
uct-test-a22,0.32452434364491334,0.11559498721063055,0.001434130905212494,0.0011864352246585552,237,390.0,0.5,2,6.746687048164802,visible_pixel_support,False,visible_candidate,line-uct-test-a22-000073,,,,,
uct-test-a22,0.3273926054553383,0.09898489406541089,0.001434130905212494,0.008305046572609887,238,397.0,3.5,3,0.2009500872881631,visible_pixel_support,False,visible_candidate,line-uct-test-a22-000074,,,,,
uct-test-a22,0.3302608672657633,0.09898489406541089,0.001434130905212494,0.008305046572609887,239,397.0,3.5,3,0.15446612190169162,visible_pixel_support,False,visible_candidate,line-uct-test-a22-000075,,,,,
uct-test-a22,0.3331291290761883,0.101357764514728,0.001434130905212494,0.008305046572609887,240,396.0,3.5,4,0.8860637959991209,visible_pixel_support,False,visible_candidate,line-uct-test-a22-000076,,,,,
uct-test-a22,0.3359973908866133,0.09898489406541089,0.001434130905212494,0.0023728704493171104,241,397.0,1.0,2,0.07943548191076388,visible_pixel_support,False,visible_candidate,line-uct-test-a22-000077,,,,,
uct-test-a22,0.3388656526970383,0.09898489406541089,0.001434130905212494,0.008305046572609887,242,397.0,3.5,3,0.05103910395649791,visible_pixel_support,False,visible_candidate,line-uct-test-a22-000078,,,,,
uct-test-a22,0.34173391450746327,0.103730634964045,0.001434130905212494,0.005932176123292776,243,395.0,2.5,3,1.9711777815368237,visible_pixel_support,False,visible_candidate,line-uct-test-a22-000079,,,,,
uct-test-a22,0.34460217631788825,0.09661202361609378,0.001434130905212494,0.0011864352246585552,244,398.0,0.5,1,1.0128599737559512,visible_pixel_support,False,visible_candidate,line-uct-test-a22-000080,,,,,
uct-test-a22,0.34747043812831324,0.09661202361609378,0.001434130905212494,0.005932176123292776,245,398.0,2.5,2,1.0032275181598038,visible_pixel_support,False,visible_candidate,line-uct-test-a22-000081,,,,,
uct-test-a22,0.35033869993873823,0.103730634964045,0.001434130905212494,0.013050787471244107,246,395.0,5.5,4,2.0,visible_pixel_support,False,visible_candidate,line-uct-test-a22-000082,,,,,
uct-test-a22,0.3532069617491632,0.103730634964045,0.001434130905212494,0.004745740898634221,247,395.0,2.0,3,1.995489090399758,visible_pixel_support,False,visible_candidate,line-uct-test-a22-000083,,,,,
uct-test-a22,0.3560752235595882,0.09661202361609378,0.001434130905212494,0.014237222695902552,248,398.0,6.0,5,1.0179595986843992,visible_pixel_support,False,visible_candidate,line-uct-test-a22-000084,,,,,
uct-test-a22,0.3589434853700133,0.09423915316677667,0.001434130905212605,0.016610093145219662,249,399.0,7.0,7,2.0402200076777603,visible_pixel_support,False,visible_candidate,line-uct-test-a22-000085,,,,,
uct-test-a22,0.3618117471804383,0.10610350541336211,0.001434130905212494,0.009491481797268442,250,394.0,4.0,2,2.928833922994727,visible_pixel_support,False,visible_candidate,line-uct-test-a22-000086,,,,,
uct-test-a22,0.3646800089908633,0.08474767136950834,0.001434130905212494,0.0011864352246585552,251,403.0,0.5,1,6.11067174709234,visible_pixel_support,False,visible_candidate,line-uct-test-a22-000087,,,,,
uct-test-a22,0.36754827080128827,0.11322211676131344,0.001434130905212494,0.014237222695902552,252,391.0,6.0,2,5.841389041635978,visible_pixel_support,False,visible_candidate,line-uct-test-a22-000088,,,,,
uct-test-a22,0.37328479442213824,0.101357764514728,0.001434130905212494,0.013050787471244107,254,396.0,5.5,6,0.7207142338378958,visible_pixel_support,True,visible_candidate,line-uct-test-a22-000089,,,,,
uct-test-a22,0.37615305623256323,0.103730634964045,0.001434130905212494,0.013050787471244107,255,395.0,5.5,5,1.6482307564612597,visible_pixel_support,False,visible_candidate,line-uct-test-a22-000090,,,,,
uct-test-a22,0.3790213180429882,0.103730634964045,0.001434130905212494,0.009491481797268442,256,395.0,4.0,3,1.5678179761991942,visible_pixel_support,False,visible_candidate,line-uct-test-a22-000091,,,,,
uct-test-a22,0.3818895798534132,0.103730634964045,0.001434130905212494,0.018982963594536773,257,395.0,8.0,5,1.479601952626524,visible_pixel_support,False,visible_candidate,line-uct-test-a22-000092,,,,,
uct-test-a22,0.3847578416638382,0.103730634964045,0.001434130905212494,0.010677917021926997,258,395.0,4.5,4,1.383708745318188,visible_pixel_support,False,visible_candidate,line-uct-test-a22-000093,,,,,
uct-test-a22,0.3876261034742632,0.10847637586267922,0.001434130905212494,0.014237222695902552,259,393.0,6.0,4,3.2802644138488404,visible_pixel_support,False,visible_candidate,line-uct-test-a22-000094,,,,,
uct-test-a22,0.39049436528468817,0.103730634964045,0.001434130905212494,0.013050787471244107,260,395.0,5.5,5,1.1693950177935903,visible_pixel_support,False,visible_candidate,line-uct-test-a22-000095,,,,,
uct-test-a22,0.39336262709511316,0.09661202361609378,0.001434130905212494,0.010677917021926997,261,398.0,4.5,4,1.9487733832730214,visible_pixel_support,False,visible_candidate,line-uct-test-a22-000096,,,,,
uct-test-a22,0.39623088890553815,0.09661202361609378,0.001434130905212494,0.014237222695902552,262,398.0,6.0,2,2.0741147297759994,visible_pixel_support,False,visible_candidate,line-uct-test-a22-000097,,,,,
uct-test-a22,0.39909915071596314,0.09898489406541089,0.001434130905212605,0.0035593056739756657,263,397.0,1.5,3,1.2065029621406325,visible_pixel_support,False,visible_candidate,line-uct-test-a22-000098,,,,,
uct-test-a22,0.40196741252638823,0.103730634964045,0.001434130905212494,0.009491481797268442,264,395.0,4.0,3,0.6541879792079612,visible_pixel_support,False,visible_candidate,line-uct-test-a22-000099,,,,,
uct-test-a22,0.4048356743368132,0.103730634964045,0.001434130905212494,0.005932176123292776,265,395.0,2.5,2,0.5080841538445497,visible_pixel_support,False,visible_candidate,line-uct-test-a22-000100,,,,,
uct-test-a22,0.4077039361472382,0.103730634964045,0.001434130905212494,0.0011864352246585552,266,395.0,0.5,1,0.35531162134401484,visible_pixel_support,False,visible_candidate,line-uct-test-a22-000101,,,,,
uct-test-a22,0.4105721979576632,0.103730634964045,0.001434130905212494,0.008305046572609887,267,395.0,3.5,3,0.1959964412811246,visible_pixel_support,False,visible_candidate,line-uct-test-a22-000102,,,,,
uct-test-a22,0.4134404597680882,0.103730634964045,0.001434130905212494,0.008305046572609887,268,395.0,3.5,3,0.030264673230817607,visible_pixel_support,False,visible_candidate,line-uct-test-a22-000103,,,,,
uct-test-a22,0.4163087215785132,0.103730634964045,0.001434130905212494,0.008305046572609887,269,395.0,3.5,2,0.14175762323230856,visible_pixel_support,False,visible_candidate,line-uct-test-a22-000104,,,,,
uct-test-a22,0.41917698338893816,0.101357764514728,0.001434130905212494,0.008305046572609887,270,396.0,3.5,4,1.3199443885332585,visible_pixel_support,False,visible_candidate,line-uct-test-a22-000105,,,,,
uct-test-a22,0.42204524519936315,0.101357764514728,0.001434130905212494,0.014237222695902663,271,396.0,6.0,5,1.504169563097264,visible_pixel_support,False,visible_candidate,line-uct-test-a22-000106,,,,,
uct-test-a22,0.42491350700978814,0.11322211676131344,0.001434130905212494,0.014237222695902552,272,391.0,6.0,4,3.3056929126505565,visible_pixel_support,False,visible_candidate,line-uct-test-a22-000107,,,,,
uct-test-a22,0.4277817688202131,0.09898489406541089,0.001434130905212494,0.014237222695902552,273,397.0,6.0,4,2.8902309017150287,visible_pixel_support,False,visible_candidate,line-uct-test-a22-000108,,,,,
uct-test-a22,0.4306500306306381,0.09898489406541089,0.001434130905212494,0.014237222695902552,274,397.0,6.0,2,3.091814946619195,visible_pixel_support,False,visible_candidate,line-uct-test-a22-000109,,,,,
uct-test-a22,0.4363865542514881,0.12508646900789888,0.001434130905212494,0.0011864352246585552,276,386.0,0.5,2,7.488540510255973,visible_pixel_support,True,visible_candidate,line-uct-test-a22-000110,,,,,
uct-test-a22,0.4421230778723382,0.09898489406541089,0.001434130905212494,0.009491481797268442,278,397.0,4.0,2,3.9522322401252836,visible_pixel_support,True,visible_candidate,line-uct-test-a22-000111,,,,,
uct-test-a22,0.44499133968276317,0.12034072810926477,0.001434130905212494,0.011864352246585552,279,388.0,5.0,2,4.819773455899849,visible_pixel_support,False,visible_candidate,line-uct-test-a22-000112,,,,,
uct-test-a22,0.44785960149318815,0.09661202361609378,0.001434130905212494,0.0011864352246585552,280,398.0,0.5,1,5.413124721164536,visible_pixel_support,False,visible_candidate,line-uct-test-a22-000113,,,,,
uct-test-a22,0.45072786330361314,0.103730634964045,0.001434130905212494,0.014237222695902663,281,395.0,6.0,3,2.650800711743784,visible_pixel_support,False,visible_candidate,line-uct-test-a22-000114,,,,,
uct-test-a22,0.45359612511403813,0.10610350541336211,0.001434130905212494,0.017796528369878217,282,394.0,7.5,5,1.893128456263014,visible_pixel_support,False,visible_candidate,line-uct-test-a22-000115,,,,,
uct-test-a22,0.4564643869244631,0.10610350541336211,0.001434130905212494,0.016610093145219662,283,394.0,7.0,4,2.139981895147514,visible_pixel_support,False,visible_candidate,line-uct-test-a22-000116,,,,,
uct-test-a22,0.4593326487348881,0.12508646900789888,0.001434130905212494,0.015423657920561107,284,386.0,6.5,2,5.608765031177711,visible_pixel_support,False,visible_candidate,line-uct-test-a22-000117,,,,,
uct-test-a22,0.4622009105453131,0.101357764514728,0.001434130905212494,0.0035593056739756657,285,396.0,1.5,2,4.646761617712684,visible_pixel_support,False,visible_candidate,line-uct-test-a22-000118,,,,,
uct-test-a22,0.4650691723557381,0.101357764514728,0.001434130905212494,0.0011864352246585552,286,396.0,0.5,1,4.906435782243761,visible_pixel_support,False,visible_candidate,line-uct-test-a22-000119,,,,,
uct-test-a22,0.46793743416616307,0.101357764514728,0.001434130905212494,0.0023728704493171104,287,396.0,1.0,3,5.170131402840752,visible_pixel_support,False,visible_candidate,line-uct-test-a22-000120,,,,,
uct-test-a22,0.47080569597658806,0.12271359855858177,0.001434130905212494,0.013050787471244107,288,387.0,5.5,3,3.562277580071168,visible_pixel_support,False,visible_candidate,line-uct-test-a22-000121,,,,,
uct-test-a22,0.47367395778701304,0.101357764514728,0.001434130905212494,0.0011864352246585552,289,396.0,0.5,1,5.709082773933176,visible_pixel_support,False,visible_candidate,line-uct-test-a22-000122,,,,,
uct-test-a22,0.47654221959743803,0.11084924631199633,0.001434130905212494,0.009491481797268442,290,392.0,4.0,4,1.9840864052789584,visible_pixel_support,False,visible_candidate,line-uct-test-a22-000123,,,,,
uct-test-a22,0.479410481407863,0.127459339457216,0.001434130905212494,0.0023728704493171104,291,385.0,1.0,3,4.737392745608702,visible_pixel_support,False,visible_candidate,line-uct-test-a22-000124,,,,,
uct-test-a22,0.4822787432182881,0.12034072810926477,0.001434130905212605,0.005932176123292776,292,388.0,2.5,4,1.455480738304459,visible_pixel_support,False,visible_candidate,line-uct-test-a22-000125,,,,,
uct-test-a22,0.4851470050287131,0.1298322099065331,0.001434130905212494,0.0011864352246585552,293,384.0,0.5,1,5.170303632383309,visible_pixel_support,False,visible_candidate,line-uct-test-a22-000126,,,,,
uct-test-a22,0.4880152668391381,0.12271359855858177,0.001434130905212494,0.004745740898634221,294,387.0,2.0,2,1.8819874874200195,visible_pixel_support,False,visible_candidate,line-uct-test-a22-000127,,,,,
uct-test-a22,0.4908835286495631,0.12271359855858177,0.001434130905212494,0.005932176123292776,295,387.0,2.5,3,1.590658362989359,visible_pixel_support,False,visible_candidate,line-uct-test-a22-000128,,,,,
uct-test-a22,0.49375179045998807,0.12508646900789888,0.001434130905212494,0.005932176123292776,296,386.0,2.5,2,2.296442318666152,visible_pixel_support,False,visible_candidate,line-uct-test-a22-000129,,,,,
uct-test-a22,0.49662005227041306,0.12508646900789888,0.001434130905212494,0.0011864352246585552,297,386.0,0.5,1,1.9994654140253374,visible_pixel_support,False,visible_candidate,line-uct-test-a22-000130,,,,,
uct-test-a22,0.49948831408083805,0.11559498721063055,0.001434130905212494,0.008305046572609887,298,390.0,3.5,4,2.3001462913584305,visible_pixel_support,False,visible_candidate,line-uct-test-a22-000131,,,,,
uct-test-a22,0.502356575891263,0.11796785765994766,0.001434130905212494,0.011864352246585552,299,389.0,5.0,3,1.6022667379101563,visible_pixel_support,False,visible_candidate,line-uct-test-a22-000132,,,,,
uct-test-a22,0.505224837701688,0.12034072810926477,0.001434130905212494,0.014237222695902663,300,388.0,6.0,4,0.9067698660552423,visible_pixel_support,False,visible_candidate,line-uct-test-a22-000133,,,,,
uct-test-a22,0.508093099512113,0.11796785765994766,0.001434130905212494,0.014237222695902663,301,389.0,6.0,3,2.2135296162185796,visible_pixel_support,False,visible_candidate,line-uct-test-a22-000134,,,,,
uct-test-a22,0.510961361322538,0.13932369170380143,0.001434130905212494,0.0011864352246585552,302,380.0,0.5,1,6.477580071174373,visible_pixel_support,False,visible_candidate,line-uct-test-a22-000135,,,,,
uct-test-a22,0.513829623132963,0.1322050803558502,0.001434130905212494,0.005932176123292776,303,383.0,2.5,4,3.16668525569861,visible_pixel_support,False,visible_candidate,line-uct-test-a22-000136,,,,,
uct-test-a22,0.516697884943388,0.11796785765994766,0.001434130905212494,0.015423657920561107,304,389.0,6.5,4,3.1460880030710996,visible_pixel_support,False,visible_candidate,line-uct-test-a22-000137,,,,,
uct-test-a22,0.519566146753813,0.12034072810926477,0.001434130905212494,0.014237222695902663,305,388.0,6.0,4,2.4606136455599312,visible_pixel_support,False,visible_candidate,line-uct-test-a22-000138,,,,,
uct-test-a22,0.5224344085642381,0.1322050803558502,0.001434130905212605,0.008305046572609887,306,383.0,3.5,2,2.223234387806997,visible_pixel_support,False,visible_candidate,line-uct-test-a22-000139,,,,,
uct-test-a22,0.525302670374663,0.1322050803558502,0.001434130905212494,0.0011864352246585552,307,383.0,0.5,1,1.9055821566043392,visible_pixel_support,False,visible_candidate,line-uct-test-a22-000140,,,,,
uct-test-a22,0.528170932185088,0.1322050803558502,0.001434130905212494,0.008305046572609887,308,383.0,3.5,4,1.5865557204071479,visible_pixel_support,False,visible_candidate,line-uct-test-a22-000141,,,,,
uct-test-a22,0.531039193995513,0.13695082125448443,0.001434130905212494,0.004745740898634221,309,381.0,2.0,2,3.2662811387900206,visible_pixel_support,False,visible_candidate,line-uct-test-a22-000142,,,,,
uct-test-a22,0.533907455805938,0.13457795080516732,0.001434130905212494,0.0011864352246585552,310,382.0,0.5,1,1.9448844713278959,visible_pixel_support,False,visible_candidate,line-uct-test-a22-000143,,,,,
uct-test-a22,0.536775717616363,0.13695082125448443,0.001434130905212494,0.0011864352246585552,311,381.0,0.5,2,2.6224917775956555,visible_pixel_support,False,visible_candidate,line-uct-test-a22-000144,,,,,
uct-test-a22,0.539643979426788,0.14169656215311854,0.001434130905212494,0.0023728704493171104,312,379.0,1.0,3,4.299229117167954,visible_pixel_support,False,visible_candidate,line-uct-test-a22-000145,,,,,
uct-test-a22,0.542512241237213,0.13932369170380143,0.001434130905212494,0.007118611347951331,313,380.0,3.0,4,2.9752225496197298,visible_pixel_support,False,visible_candidate,line-uct-test-a22-000146,,,,,
uct-test-a22,0.545380503047638,0.14169656215311854,0.001434130905212494,0.0035593056739756657,314,379.0,1.5,4,3.650598134525808,visible_pixel_support,False,visible_candidate,line-uct-test-a22-000147,,,,,
uct-test-a22,0.548248764858063,0.14406943260243565,0.001434130905212494,0.0035593056739756657,315,378.0,1.5,4,4.325481931460899,visible_pixel_support,False,visible_candidate,line-uct-test-a22-000148,,,,,
uct-test-a22,0.5511170266684879,0.14169656215311854,0.001434130905212494,0.004745740898634221,316,379.0,2.0,2,3.0,visible_pixel_support,False,visible_candidate,line-uct-test-a22-000149,,,,,
uct-test-a22,0.5539852884789129,0.13932369170380143,0.001434130905212494,0.007118611347951331,317,380.0,3.0,3,1.6753366612060177,visible_pixel_support,False,visible_candidate,line-uct-test-a22-000150,,,,,
uct-test-a22,0.5568535502893379,0.127459339457216,0.001434130905212494,0.015423657920561107,318,385.0,6.5,3,3.647920100051067,visible_pixel_support,False,visible_candidate,line-uct-test-a22-000151,,,,,
uct-test-a22,0.5597218120997629,0.127459339457216,0.001434130905212494,0.0011864352246585552,319,385.0,0.5,1,3.9705387284860763,visible_pixel_support,False,visible_candidate,line-uct-test-a22-000152,,,,,
uct-test-a22,0.5625900739101879,0.1322050803558502,0.001434130905212605,0.0023728704493171104,320,383.0,1.0,2,2.2932876688137185,visible_pixel_support,False,visible_candidate,line-uct-test-a22-000153,,,,,
uct-test-a22,0.565458335720613,0.1322050803558502,0.001434130905212494,0.0023728704493171104,321,383.0,1.0,2,2.616935365748816,visible_pixel_support,False,visible_candidate,line-uct-test-a22-000154,,,,,
uct-test-a22,0.568326597531038,0.1322050803558502,0.001434130905212494,0.0011864352246585552,322,383.0,0.5,1,2.942250264006077,visible_pixel_support,False,visible_candidate,line-uct-test-a22-000155,,,,,
uct-test-a22,0.571194859341463,0.1322050803558502,0.001434130905212494,0.0011864352246585552,323,383.0,0.5,1,3.270000808300324,visible_pixel_support,False,visible_candidate,line-uct-test-a22-000156,,,,,
uct-test-a22,0.5797996447727379,0.14169656215311854,0.001434130905212494,0.0011864352246585552,326,379.0,0.5,2,0.2755507645530315,visible_pixel_support,True,visible_candidate,line-uct-test-a22-000157,,,,,
uct-test-a22,0.5826679065831629,0.14169656215311854,0.001434130905212494,0.005932176123292776,327,379.0,2.5,3,0.6207283401431027,visible_pixel_support,False,visible_candidate,line-uct-test-a22-000158,,,,,
uct-test-a22,0.5855361683935879,0.14406943260243565,0.001434130905212494,0.008305046572609887,328,378.0,3.5,5,0.027816214655899785,visible_pixel_support,False,visible_candidate,line-uct-test-a22-000159,,,,,
uct-test-a22,0.5884044302040129,0.14406943260243565,0.001434130905212494,0.007118611347951331,329,378.0,3.0,4,0.33068554487073243,visible_pixel_support,False,visible_candidate,line-uct-test-a22-000160,,,,,
uct-test-a22,0.5912726920144379,0.14881517350106988,0.001434130905212494,0.008305046572609887,330,376.0,3.5,2,1.3029979365621784,visible_pixel_support,False,visible_candidate,line-uct-test-a22-000161,,,,,
uct-test-a22,0.5970092156352879,0.13457795080516732,0.001434130905212494,0.0011864352246585552,332,382.0,0.5,1,5.456153156552546,visible_pixel_support,True,visible_candidate,line-uct-test-a22-000162,,,,,
uct-test-a22,0.5998774774457128,0.13457795080516732,0.001434130905212494,0.0011864352246585552,333,382.0,0.5,1,5.850524620529768,visible_pixel_support,False,visible_candidate,line-uct-test-a22-000163,,,,,
uct-test-a22,0.6027457392561378,0.1535609143997041,0.001434130905212605,0.009491481797268442,334,374.0,4.0,2,1.7442153775934344,visible_pixel_support,False,visible_candidate,line-uct-test-a22-000164,,,,,
uct-test-a22,0.6056140010665629,0.1535609143997041,0.001434130905212494,0.007118611347951331,335,374.0,3.0,2,1.3272983931022964,visible_pixel_support,False,visible_candidate,line-uct-test-a22-000165,,,,,
uct-test-a22,0.6084822628769879,0.1559337848490212,0.001434130905212494,0.016610093145219773,336,373.0,7.0,3,1.8979559812820526,visible_pixel_support,False,visible_candidate,line-uct-test-a22-000166,,,,,
uct-test-a22,0.6113505246874129,0.14406943260243565,0.001434130905212494,0.016610093145219662,337,378.0,7.0,3,3.544580302582176,visible_pixel_support,False,visible_candidate,line-uct-test-a22-000167,,,,,
uct-test-a22,0.6142187864978379,0.14169656215311854,0.001434130905212494,0.0011864352246585552,338,379.0,0.5,1,5.001078903205098,visible_pixel_support,False,visible_candidate,line-uct-test-a22-000168,,,,,
uct-test-a22,0.6170870483082629,0.14406943260243565,0.001434130905212494,0.0011864352246585552,339,378.0,0.5,1,4.4723082653014785,visible_pixel_support,False,visible_candidate,line-uct-test-a22-000169,,,,,
uct-test-a22,0.6199553101186879,0.15118804395038699,0.001434130905212494,0.009491481797268442,340,375.0,4.0,2,1.959036833586083,visible_pixel_support,False,visible_candidate,line-uct-test-a22-000170,,,,,
uct-test-a22,0.6228235719291129,0.16305239619697243,0.001434130905212494,0.008305046572609887,341,370.0,3.5,4,2.5379669472262094,visible_pixel_support,False,visible_candidate,line-uct-test-a22-000171,,,,,
uct-test-a22,0.6256918337395379,0.16305239619697243,0.001434130905212494,0.009491481797268442,342,370.0,4.0,3,2.0179346324206904,visible_pixel_support,False,visible_candidate,line-uct-test-a22-000172,,,,,
uct-test-a22,0.6285600955499628,0.16305239619697243,0.001434130905212494,0.014237222695902552,343,370.0,6.0,5,1.4800977772825377,visible_pixel_support,False,visible_candidate,line-uct-test-a22-000173,,,,,
uct-test-a22,0.6314283573603878,0.16067952574765532,0.001434130905212494,0.005932176123292776,344,371.0,2.5,3,0.07631206290295722,visible_pixel_support,False,visible_candidate,line-uct-test-a22-000174,,,,,
uct-test-a22,0.6342966191708128,0.17491674844355787,0.001434130905212494,0.0011864352246585552,345,365.0,0.5,2,5.3479366671493835,visible_pixel_support,False,visible_candidate,line-uct-test-a22-000175,,,,,
uct-test-a22,0.6371648809812378,0.17728961889287498,0.001434130905212494,0.017796528369878217,346,364.0,7.5,4,5.752075522724681,visible_pixel_support,False,visible_candidate,line-uct-test-a22-000176,,,,,
uct-test-a22,0.6400331427916628,0.15118804395038699,0.001434130905212494,0.0011864352246585552,347,375.0,0.5,2,5.86466394089166,visible_pixel_support,False,visible_candidate,line-uct-test-a22-000177,,,,,
uct-test-a22,0.6457696664125128,0.1559337848490212,0.001434130905212605,0.0023728704493171104,349,373.0,1.0,2,5.163851604558658,visible_pixel_support,True,visible_candidate,line-uct-test-a22-000178,,,,,
uct-test-a22,0.6486379282229378,0.16779813709560665,0.001434130905212605,0.007118611347951331,350,368.0,3.0,3,0.8478366940388469,visible_pixel_support,False,visible_candidate,line-uct-test-a22-000179,,,,,
uct-test-a22,0.6515061900333627,0.17017100754492376,0.001434130905212605,0.007118611347951331,351,367.0,3.0,3,0.5557738815699622,visible_pixel_support,False,visible_candidate,line-uct-test-a22-000180,,,,,
uct-test-a22,0.6543744518437877,0.17017100754492376,0.001434130905212605,0.0011864352246585552,352,367.0,0.5,1,1.2884316118666561,visible_pixel_support,False,visible_candidate,line-uct-test-a22-000181,,,,,
uct-test-a22,0.6572427136542127,0.17254387799424087,0.001434130905212605,0.0011864352246585552,353,366.0,0.5,1,1.046578329643694,visible_pixel_support,False,visible_candidate,line-uct-test-a22-000182,,,,,
uct-test-a22,0.6601109754646377,0.17728961889287498,0.001434130905212605,0.0011864352246585552,354,364.0,0.5,2,0.16901752038398854,visible_pixel_support,False,visible_candidate,line-uct-test-a22-000183,,,,,
uct-test-a22,0.6629792372750627,0.1796624893421921,0.001434130905212605,0.0011864352246585552,355,363.0,0.5,2,0.3575874935017396,visible_pixel_support,False,visible_candidate,line-uct-test-a22-000184,,,,,
uct-test-a22,0.6715840227063379,0.18678110069014342,0.001434130905212605,0.008305046572609887,358,360.0,3.5,2,0.7534577042473529,visible_pixel_support,True,visible_candidate,line-uct-test-a22-000185,,,,,
uct-test-a22,0.6744522845167629,0.17491674844355787,0.001434130905212605,0.0023728704493171104,359,365.0,1.0,2,5.173760277422616,visible_pixel_support,False,visible_candidate,line-uct-test-a22-000186,,,,,
uct-test-a22,0.6773205463271879,0.17728961889287498,0.001434130905212605,0.014237222695902663,360,364.0,6.0,3,5.131846359576514,visible_pixel_support,False,visible_candidate,line-uct-test-a22-000187,,,,,
uct-test-a22,0.6801888081376128,0.19864545293672886,0.001434130905212605,0.014237222695902552,361,355.0,6.0,4,2.878431013071122,visible_pixel_support,False,visible_candidate,line-uct-test-a22-000188,,,,,
uct-test-a22,0.6830570699480378,0.20101832338604597,0.001434130905212605,0.0011864352246585552,362,354.0,0.5,1,2.8563033958051847,visible_pixel_support,False,visible_candidate,line-uct-test-a22-000189,,,,,
uct-test-a22,0.6859253317584628,0.19152684158877764,0.001434130905212605,0.005932176123292776,363,358.0,2.5,2,2.1989976560888636,visible_pixel_support,False,visible_candidate,line-uct-test-a22-000190,,,,,
uct-test-a22,0.6887935935688878,0.2105098051833143,0.001434130905212605,0.0011864352246585552,364,350.0,0.5,1,4.711759412673928,visible_pixel_support,False,visible_candidate,line-uct-test-a22-000191,,,,,
uct-test-a22,0.6916618553793128,0.2081369347339973,0.001434130905212605,0.0023728704493171104,365,351.0,1.0,2,2.587806157379134,visible_pixel_support,False,visible_candidate,line-uct-test-a22-000192,,,,,
uct-test-a22,0.6945301171897378,0.21762841653126563,0.001434130905212605,0.0011864352246585552,366,347.0,0.5,1,5.4283741333116495,visible_pixel_support,False,visible_candidate,line-uct-test-a22-000193,,,,,
uct-test-a22,0.6973983790001628,0.21525554608194852,0.001434130905212605,0.013050787471243996,367,348.0,5.5,3,3.2326948957569357,visible_pixel_support,False,visible_candidate,line-uct-test-a22-000194,,,,,
uct-test-a22,0.7002666408105878,0.22949276877785107,0.001434130905212605,0.0011864352246585552,368,342.0,0.5,1,8.0,visible_pixel_support,False,visible_candidate,line-uct-test-a22-000195,,,,,
uct-test-a22,0.7031349026210127,0.22711989832853408,0.001434130905212605,0.0035593056739756657,369,343.0,1.5,2,5.34646032758269,visible_pixel_support,False,visible_candidate,line-uct-test-a22-000196,,,,,
uct-test-a22,0.7060031644314377,0.20339119383536308,0.001434130905212605,0.0011864352246585552,370,353.0,0.5,1,7.072420866907294,visible_pixel_support,False,visible_candidate,line-uct-test-a22-000197,,,,,
uct-test-a22,0.7088714262418627,0.21525554608194852,0.001434130905212605,0.017796528369878217,371,348.0,7.5,3,5.198413468616025,visible_pixel_support,False,visible_candidate,line-uct-test-a22-000198,,,,,
uct-test-a22,0.7117396880522877,0.24847573237238785,0.001434130905212605,0.017796528369878217,372,334.0,7.5,4,5.026712637310993,visible_pixel_support,False,visible_candidate,line-uct-test-a22-000199,,,,,
uct-test-a22,0.7146079498627127,0.2555943437203392,0.001434130905212605,0.015423657920561107,373,331.0,6.5,2,3.661187565727573,visible_pixel_support,False,visible_candidate,line-uct-test-a22-000200,,,,,
uct-test-a22,0.7174762116731377,0.25322147327102207,0.001434130905212605,0.013050787471243996,374,332.0,5.5,3,2.2367585685118456,visible_pixel_support,False,visible_candidate,line-uct-test-a22-000201,,,,,
uct-test-a22,0.7203444734835627,0.27457730731487595,0.001434130905212605,0.004745740898634221,375,323.0,2.0,5,1.3911043494468345,visible_pixel_support,False,visible_candidate,line-uct-test-a22-000202,,,,,
uct-test-a22,0.7232127352939877,0.27457730731487595,0.001434130905212605,0.018982963594536773,376,323.0,8.0,4,4.396993565542232,visible_pixel_support,False,visible_candidate,line-uct-test-a22-000203,,,,,
uct-test-a22,0.7260809971044127,0.29830601180804694,0.001434130905212605,0.013050787471244107,377,313.0,5.5,6,0.54282219862489,visible_pixel_support,False,visible_candidate,line-uct-test-a22-000204,,,,,
uct-test-a22,0.7289492589148376,0.30305175270668105,0.001434130905212605,0.0011864352246585552,378,311.0,0.5,2,4.988151434946985,visible_pixel_support,False,visible_candidate,line-uct-test-a22-000205,,,,,
uct-test-a22,0.7346857825356876,0.35050916169302304,0.001434130905212605,0.009491481797268442,380,291.0,4.0,2,1.4556087421072448,visible_pixel_support,True,visible_candidate,line-uct-test-a22-000206,,,,,
uct-test-a22,0.7375540443461126,0.3623735139396085,0.001434130905212605,0.0035593056739756657,381,286.0,1.5,3,0.5388416148081774,visible_pixel_support,False,visible_candidate,line-uct-test-a22-000207,,,,,
uct-test-a22,0.7404223061565376,0.37898360708482814,0.001434130905212605,0.011864352246585441,382,279.0,5.0,3,0.5998721155461908,visible_pixel_support,False,visible_candidate,line-uct-test-a22-000208,,,,,
uct-test-a22,0.7432905679669626,0.400339441128682,0.001434130905212605,0.015423657920561107,383,270.0,6.5,5,1.330747354747075,visible_pixel_support,False,visible_candidate,line-uct-test-a22-000209,,,,,
uct-test-a22,0.7461588297773878,0.42644101607117,0.001434130905212605,0.015423657920561218,384,259.0,6.5,3,5.311246910926002,visible_pixel_support,False,visible_candidate,line-uct-test-a22-000210,,,,,
uct-test-a22,0.7490270915878128,0.4145766638245846,0.001434130905212605,0.0011864352246585552,385,264.0,0.5,1,6.600143332155369,visible_pixel_support,False,visible_candidate,line-uct-test-a22-000211,,,,,
uct-test-a22,0.7662366624503627,0.5403387976383907,0.001434130905212605,0.0011864352246585552,391,211.0,0.5,2,8.1277307483914,visible_pixel_support,True,visible_candidate,line-uct-test-a22-000212,,,,,
uct-test-a22,0.7691049242607877,0.5593217612329274,0.001434130905212605,0.0011864352246585552,392,203.0,0.5,2,8.86677627704347,visible_pixel_support,False,visible_candidate,line-uct-test-a22-000213,,,,,
uct-test-a22,0.7719731860712127,0.5711861134795129,0.001434130905212605,0.0035593056739756657,393,198.0,1.5,4,6.295317649409782,visible_pixel_support,False,visible_candidate,line-uct-test-a22-000214,,,,,
uct-test-a22,0.7748414478816377,0.5854233361754155,0.001434130905212605,0.0023728704493171104,394,192.0,1.0,3,4.592886671047836,visible_pixel_support,False,visible_candidate,line-uct-test-a22-000215,,,,,
uct-test-a22,0.7777097096920627,0.599660558871318,0.001434130905212605,0.008305046572609887,395,186.0,3.5,4,2.939015147515022,visible_pixel_support,False,visible_candidate,line-uct-test-a22-000216,,,,,
uct-test-a22,0.7805779715024876,0.6162706520165377,0.001434130905212605,0.004745740898634221,396,179.0,2.0,4,2.5132348843688987,visible_pixel_support,False,visible_candidate,line-uct-test-a22-000217,,,,,
uct-test-a22,0.7834462333129126,0.6305078747124403,0.001434130905212605,0.013050787471244107,397,173.0,5.5,9,1.4950776871668836,visible_pixel_support,False,visible_candidate,line-uct-test-a22-000218,,,,,
uct-test-a22,0.7863144951233376,0.6376264860603915,0.001434130905212605,0.011864352246585552,398,170.0,5.0,8,1.9359246385335211,visible_pixel_support,False,visible_candidate,line-uct-test-a22-000219,,,,,
uct-test-a22,0.7891827569337626,0.6589823201042455,0.001434130905212605,0.010677917021926997,399,161.0,4.5,4,1.39975971282513,visible_pixel_support,False,visible_candidate,line-uct-test-a22-000220,,,,,
uct-test-a22,0.7920510187441876,0.6661009314521967,0.001434130905212605,0.0011864352246585552,400,158.0,0.5,2,0.31833745319966056,visible_pixel_support,False,visible_candidate,line-uct-test-a22-000221,,,,,
uct-test-a22,0.7949192805546126,0.6708466723508308,0.001434130905212605,0.0023728704493171104,401,156.0,1.0,2,1.910684331050419,visible_pixel_support,False,visible_candidate,line-uct-test-a22-000222,,,,,
uct-test-a22,0.7977875423650376,0.6708466723508308,0.001434130905212605,0.0011864352246586662,402,156.0,0.5,1,4.197749115169671,visible_pixel_support,False,visible_candidate,line-uct-test-a22-000223,,,,,
uct-test-a22,0.8035240659858875,0.6589823201042455,0.001434130905212605,0.0011864352246586662,404,161.0,0.5,1,9.965176546809204,visible_pixel_support,True,visible_candidate,line-uct-test-a22-000224,,,,,
uct-test-a22,0.8063923277963125,0.6637280610028796,0.001434130905212605,0.0011864352246585552,405,159.0,0.5,1,7.862001943634596,visible_pixel_support,False,visible_candidate,line-uct-test-a22-000225,,,,,
uct-test-a22,0.8092605896067375,0.6684738019015138,0.001434130905212605,0.0023728704493171104,406,157.0,1.0,2,5.692419825072875,visible_pixel_support,False,visible_candidate,line-uct-test-a22-000226,,,,,
uct-test-a22,0.8121288514171625,0.6898296359453677,0.001434130905212605,0.011864352246585552,407,148.0,5.0,2,3.54162617427923,visible_pixel_support,False,visible_candidate,line-uct-test-a22-000227,,,,,
uct-test-a22,0.8149971132275875,0.6898296359453677,0.001434130905212605,0.0023728704493171104,408,148.0,1.0,3,3.8381924198250488,visible_pixel_support,False,visible_candidate,line-uct-test-a22-000228,,,,,
uct-test-a22,0.8178653750380125,0.6898296359453677,0.001434130905212605,0.0011864352246586662,409,148.0,0.5,2,4.19533527696791,visible_pixel_support,False,visible_candidate,line-uct-test-a22-000229,,,,,
uct-test-a22,0.8207336368484375,0.6922025063946848,0.001434130905212605,0.0011864352246586662,410,147.0,0.5,2,5.611111111111114,visible_pixel_support,False,visible_candidate,line-uct-test-a22-000230,,,,,
uct-test-a22,0.8236018986588625,0.6827110245974164,0.001434130905212605,0.005932176123292665,411,151.0,2.5,3,2.083576287657934,visible_pixel_support,False,visible_candidate,line-uct-test-a22-000231,,,,,
uct-test-a22,0.8264701604692875,0.694575376844002,0.001434130905212605,0.0011864352246586662,412,146.0,0.5,1,7.610787172011641,visible_pixel_support,False,visible_candidate,line-uct-test-a22-000232,,,,,
uct-test-a22,0.8293384222797127,0.6755924132494651,0.001434130905212605,0.009491481797268442,413,154.0,4.0,3,0.19080012957564918,visible_pixel_support,False,visible_candidate,line-uct-test-a22-000233,,,,,
uct-test-a22,0.8322066840901376,0.6755924132494651,0.001434130905212605,0.011864352246585552,414,154.0,5.0,5,0.8216715257531746,visible_pixel_support,False,visible_candidate,line-uct-test-a22-000234,,,,,
uct-test-a22,0.8350749459005626,0.673219542800148,0.001434130905212605,0.011864352246585552,415,155.0,5.0,3,0.5014577259475175,visible_pixel_support,False,visible_candidate,line-uct-test-a22-000235,,,,,
uct-test-a22,0.8379432077109876,0.6684738019015138,0.001434130905212605,0.004745740898634221,416,157.0,2.0,2,0.7717849044379648,visible_pixel_support,False,visible_candidate,line-uct-test-a22-000236,,,,,
uct-test-a22,0.8408114695214126,0.6542365792056113,0.001434130905212605,0.015423657920561107,417,163.0,6.5,3,6.0,visible_pixel_support,False,visible_candidate,line-uct-test-a22-000237,,,,,
uct-test-a22,0.8436797313318376,0.6542365792056113,0.001434130905212605,0.018982963594536884,418,163.0,8.0,4,4.573975888634891,visible_pixel_support,False,visible_candidate,line-uct-test-a22-000238,,,,,
uct-test-a22,0.8465479931422626,0.6494908383069771,0.001434130905212605,0.017796528369878217,419,165.0,7.5,5,3.977485018423721,visible_pixel_support,False,visible_candidate,line-uct-test-a22-000239,,,,,
uct-test-a22,0.8494162549526876,0.6423722269590257,0.001434130905212605,0.013050787471243996,420,168.0,5.5,2,3.351947204240446,visible_pixel_support,False,visible_candidate,line-uct-test-a22-000240,,,,,
uct-test-a22,0.8551527785735376,0.6281350042631232,0.001434130905212605,0.014237222695902552,422,174.0,6.0,7,0.42058999654690865,visible_pixel_support,True,visible_candidate,line-uct-test-a22-000241,,,,,
uct-test-a22,0.8580210403839625,0.6115249111179035,0.001434130905212605,0.015423657920561107,423,181.0,6.5,7,0.7152502465968098,visible_pixel_support,False,visible_candidate,line-uct-test-a22-000242,,,,,
uct-test-a22,0.8608893021943875,0.5949148179726839,0.001434130905212605,0.00949148179726833,424,188.0,4.0,8,1.3877228052640476,visible_pixel_support,False,visible_candidate,line-uct-test-a22-000243,,,,,
uct-test-a22,0.8637575640048125,0.5877962066247326,0.001434130905212605,0.010677917021926997,425,191.0,4.5,5,2.261752505671353,visible_pixel_support,False,visible_candidate,line-uct-test-a22-000244,,,,,
uct-test-a22,0.8666258258152375,0.5759318543781471,0.001434130905212605,0.004745740898634221,426,196.0,2.0,5,4.091755871335465,visible_pixel_support,False,visible_candidate,line-uct-test-a22-000245,,,,,
uct-test-a22,0.8694940876256625,0.5450845385370249,0.001434130905212605,0.013050787471244107,427,209.0,5.5,6,2.0391325231456108,visible_pixel_support,False,visible_candidate,line-uct-test-a22-000246,,,,,
uct-test-a22,0.8723623494360875,0.5284744453918052,0.001434130905212605,0.013050787471244107,428,216.0,5.5,7,2.272332492645802,visible_pixel_support,False,visible_candidate,line-uct-test-a22-000247,,,,,
uct-test-a22,0.8752306112465125,0.5142372226959026,0.001434130905212605,0.014237222695902663,429,222.0,6.0,9,1.749263852038979,visible_pixel_support,False,visible_candidate,line-uct-test-a22-000248,,,,,
uct-test-a22,0.8780988730569375,0.5118643522465856,0.001434130905212605,0.011864352246585552,430,223.0,5.0,4,3.388653583800874,visible_pixel_support,False,visible_candidate,line-uct-test-a22-000249,,,,,
uct-test-a22,0.8809671348673624,0.4952542591013659,0.001434130905212605,0.011864352246585552,431,230.0,5.0,5,2.0,visible_pixel_support,False,visible_candidate,line-uct-test-a22-000250,,,,,
uct-test-a22,0.8838353966777874,0.46203407281092645,0.001434130905212605,0.004745740898634221,432,244.0,2.0,5,6.55951304635019,visible_pixel_support,False,visible_candidate,line-uct-test-a22-000251,,,,,
uct-test-a22,0.8924401821090624,0.4193224047232188,0.001434130905212605,0.004745740898634221,435,262.0,2.0,5,6.9053988074293216,visible_pixel_support,True,visible_candidate,line-uct-test-a22-000252,,,,,
uct-test-a22,0.8981767057299124,0.38372934798346237,0.001434130905212605,0.0011864352246585552,437,277.0,0.5,1,9.453117894144327,visible_pixel_support,True,visible_candidate,line-uct-test-a22-000253,,,,,
uct-test-a22,0.9125180147820375,0.35288203214234015,0.001434130905212605,0.021355834043853883,442,290.0,9.0,2,8.57287483908118,visible_pixel_support,True,visible_candidate,line-uct-test-a22-000254,,,,,
uct-test-a22,0.9153862765924625,0.3386448094464375,0.001434130905212605,0.0011864352246585552,443,296.0,0.5,1,8.417984728379679,visible_pixel_support,False,visible_candidate,line-uct-test-a22-000255,,,,,
uct-test-a22,0.9182545384028875,0.32440758675053494,0.001434130905212605,0.021355834043853883,444,302.0,9.0,3,8.043274684335813,visible_pixel_support,False,visible_candidate,line-uct-test-a22-000256,,,,,
uct-test-a22,0.9211228002133125,0.29830601180804694,0.001434130905212605,0.022542269268512438,445,313.0,9.5,6,2.405977400852464,visible_pixel_support,False,visible_candidate,line-uct-test-a22-000257,,,,,
uct-test-a22,0.9239910620237375,0.26983156641624173,0.001434130905212605,0.021355834043853883,446,325.0,9.0,7,4.536674428167544,visible_pixel_support,False,visible_candidate,line-uct-test-a22-000258,,,,,
uct-test-a22,0.9268593238341625,0.2603400846189734,0.001434130905212605,0.020169398819195328,447,329.0,8.5,4,3.827448108821386,visible_pixel_support,False,visible_candidate,line-uct-test-a22-000259,,,,,
uct-test-a22,0.9297275856445875,0.25322147327102207,0.001434130905212605,0.018982963594536773,448,332.0,8.0,4,2.509110947206352,visible_pixel_support,False,visible_candidate,line-uct-test-a22-000260,,,,,
uct-test-a22,0.9325958474550124,0.24610286192307074,0.001434130905212605,0.0023728704493171104,449,335.0,1.0,2,1.6244302494194471,visible_pixel_support,False,visible_candidate,line-uct-test-a22-000261,,,,,
uct-test-a22,0.9354641092654374,0.24135712102443663,0.001434130905212605,0.011864352246585552,450,337.0,5.0,2,0.2161733215579602,visible_pixel_support,False,visible_candidate,line-uct-test-a22-000262,,,,,
uct-test-a22,0.9412006328862874,0.23186563922716819,0.001434130905212605,0.010677917021926997,452,341.0,4.5,2,1.0,visible_pixel_support,True,visible_candidate,line-uct-test-a22-000263,,,,,
uct-test-a22,0.9440688946967124,0.24847573237238785,0.001434130905212605,0.0011864352246585552,453,334.0,0.5,1,9.994079893104015,visible_pixel_support,False,visible_candidate,line-uct-test-a22-000264,,,,,
uct-test-a22,0.9469371565071374,0.2128826756326314,0.001434130905212605,0.0035593056739756657,454,349.0,1.5,3,3.086152397365254,visible_pixel_support,False,visible_candidate,line-uct-test-a22-000265,,,,,
uct-test-a22,0.9498054183175624,0.2128826756326314,0.001434130905212605,0.0011864352246585552,455,349.0,0.5,1,1.2387872961988364,visible_pixel_support,False,visible_candidate,line-uct-test-a22-000266,,,,,
uct-test-a22,0.9526736801279874,0.2057640642846802,0.001434130905212605,0.0011864352246585552,456,352.0,0.5,1,2.461915228188218,visible_pixel_support,False,visible_candidate,line-uct-test-a22-000267,,,,,
uct-test-a22,0.9555419419384124,0.20101832338604597,0.001434130905212605,0.011864352246585441,457,354.0,5.0,2,2.753626618124656,visible_pixel_support,False,visible_candidate,line-uct-test-a22-000268,,,,,
uct-test-a22,0.9584102037488373,0.19864545293672886,0.001434130905212605,0.016610093145219662,458,355.0,7.0,3,2.1120118907994083,visible_pixel_support,False,visible_candidate,line-uct-test-a22-000269,,,,,
uct-test-a22,0.9612784655592623,0.19389971203809464,0.001434130905212605,0.0023728704493171104,459,357.0,1.0,3,2.5351614710037893,visible_pixel_support,False,visible_candidate,line-uct-test-a22-000270,,,,,
uct-test-a22,0.9641467273696873,0.18915397113946053,0.001434130905212605,0.014237222695902663,460,359.0,6.0,4,3.0211657835290566,visible_pixel_support,False,visible_candidate,line-uct-test-a22-000271,,,,,
uct-test-a22,0.9670149891801123,0.18915397113946053,0.001434130905212605,0.015423657920561107,461,359.0,6.5,3,1.568115253166468,visible_pixel_support,False,visible_candidate,line-uct-test-a22-000272,,,,,
uct-test-a22,0.9698832509905373,0.20101832338604597,0.001434130905212605,0.013050787471243996,462,354.0,5.5,2,4.825899695292662,visible_pixel_support,False,visible_candidate,line-uct-test-a22-000273,,,,,
uct-test-a22,0.9727515128009623,0.17728961889287498,0.001434130905212605,0.016610093145219662,463,364.0,7.0,3,3.8372113629430373,visible_pixel_support,False,visible_candidate,line-uct-test-a22-000274,,,,,
uct-test-a22,0.9756197746113873,0.19389971203809464,0.001434130905212605,0.0035593056739756657,464,357.0,1.5,2,4.444461147335346,visible_pixel_support,False,visible_candidate,line-uct-test-a22-000275,,,,,
uct-test-a22,0.9784880364218123,0.18915397113946053,0.001434130905212605,0.0035593056739756657,465,359.0,1.5,3,3.6728268013363845,visible_pixel_support,False,visible_candidate,line-uct-test-a22-000276,,,,,
uct-test-a22,0.9813562982322372,0.1820353597915092,0.001434130905212605,0.014237222695902552,466,362.0,6.0,3,1.8497951742688201,visible_pixel_support,False,visible_candidate,line-uct-test-a22-000277,,,,,
uct-test-a22,0.9842245600426622,0.1844082302408263,0.001434130905212605,0.0011864352246585552,467,361.0,0.5,1,3.9772758413412816,visible_pixel_support,False,visible_candidate,line-uct-test-a22-000278,,,,,
uct-test-a22,0.9870928218530872,0.17254387799424087,0.001434130905212605,0.005932176123292776,468,366.0,2.5,2,0.057178377762681976,visible_pixel_support,False,visible_candidate,line-uct-test-a22-000279,,,,,
uct-test-a22,0.9899610836635122,0.17017100754492376,0.001434130905212605,0.0023728704493171104,469,367.0,1.0,2,0.09141235874159293,visible_pixel_support,False,visible_candidate,line-uct-test-a22-000280,,,,,
uct-test-a22,0.9928293454739374,0.1583066552983382,0.001434130905212605,0.0011864352246585552,470,372.0,0.5,1,3.918112640513243,visible_pixel_support,False,visible_candidate,line-uct-test-a22-000281,,,,,
uct-test-a22,0.9956976072843624,0.1583066552983382,0.001434130905212605,0.0011864352246585552,471,372.0,0.5,2,2.9694870447931407,visible_pixel_support,False,visible_candidate,line-uct-test-a22-000282,,,,,
uct-test-a22,1.0014341309052124,0.17017100754492376,0.001434130905212605,0.0011864352246585552,473,367.0,0.5,1,3.8098542324070195,visible_pixel_support,True,visible_candidate,line-uct-test-a22-000283,,,,,
uct-test-a22,1.0043023927156374,0.17017100754492376,0.001434130905212605,0.0011864352246585552,474,367.0,0.5,1,4.644389064304278,visible_pixel_support,False,visible_candidate,line-uct-test-a22-000284,,,,,
uct-test-a22,1.0071706545260624,0.16542526664628954,0.001434130905212605,0.0023728704493171104,475,369.0,1.0,2,3.444712792011501,visible_pixel_support,False,visible_candidate,line-uct-test-a22-000285,,,,,
uct-test-a22,1.0100389163364873,0.16779813709560665,0.001434130905212605,0.0011864352246585552,476,368.0,0.5,1,5.212734990737317,visible_pixel_support,False,visible_candidate,line-uct-test-a22-000286,,,,,
uct-test-a22,1.0129071781469123,0.16305239619697243,0.001434130905212605,0.007118611347951331,477,370.0,3.0,2,3.950365235690242,visible_pixel_support,False,visible_candidate,line-uct-test-a22-000287,,,,,
uct-test-a22,1.0157754399573373,0.14881517350106988,0.001434130905212605,0.011864352246585441,478,376.0,5.0,3,1.340486897920755,visible_pixel_support,False,visible_candidate,line-uct-test-a22-000288,,,,,
uct-test-a22,1.0186437017677623,0.16542526664628954,0.001434130905212605,0.0023728704493171104,479,369.0,1.0,3,6.342088165112898,visible_pixel_support,False,visible_candidate,line-uct-test-a22-000289,,,,,
uct-test-a22,1.0215119635781873,0.14169656215311854,0.001434130905212605,0.015423657920561107,480,379.0,6.5,5,3.0,visible_pixel_support,False,visible_candidate,line-uct-test-a22-000290,,,,,
uct-test-a22,1.0243802253886123,0.14169656215311854,0.001434130905212605,0.015423657920561107,481,379.0,6.5,6,2.355159713886792,visible_pixel_support,False,visible_candidate,line-uct-test-a22-000291,,,,,
uct-test-a22,1.0272484871990373,0.15118804395038699,0.001434130905212605,0.005932176123292776,482,375.0,2.5,2,2.286760915051275,visible_pixel_support,False,visible_candidate,line-uct-test-a22-000292,,,,,
uct-test-a22,1.0301167490094623,0.15118804395038699,0.001434130905212605,0.005932176123292776,483,375.0,2.5,2,2.925511780362001,visible_pixel_support,False,visible_candidate,line-uct-test-a22-000293,,,,,
uct-test-a22,1.0329850108198873,0.1535609143997041,0.001434130905212605,0.004745740898634221,484,374.0,2.0,2,4.560842775593301,visible_pixel_support,False,visible_candidate,line-uct-test-a22-000294,,,,,
uct-test-a22,1.0358532726303122,0.1583066552983382,0.001434130905212605,0.0023728704493171104,485,372.0,1.0,2,7.192503794293032,visible_pixel_support,False,visible_candidate,line-uct-test-a22-000295,,,,,
uct-test-a22,1.0387215344407372,0.1559337848490212,0.001434130905212605,0.0035593056739756657,486,373.0,1.5,3,6.820244730008881,visible_pixel_support,False,visible_candidate,line-uct-test-a22-000296,,,,,
uct-test-a22,1.0444580580615872,0.14169656215311854,0.001434130905212605,0.0011864352246585552,488,379.0,0.5,1,2.062965926680704,visible_pixel_support,True,visible_candidate,line-uct-test-a22-000297,,,,,
uct-test-a22,1.0473263198720122,0.14169656215311854,0.001434130905212605,0.007118611347951331,489,379.0,3.0,2,2.6774459747322226,visible_pixel_support,False,visible_candidate,line-uct-test-a22-000298,,,,,
uct-test-a22,1.0501945816824372,0.13457795080516732,0.001434130905212605,0.0011864352246585552,490,382.0,0.5,1,0.28700551399140295,visible_pixel_support,False,visible_candidate,line-uct-test-a22-000299,,,,,
uct-test-a22,1.0530628434928622,0.1322050803558502,0.001434130905212605,0.0023728704493171104,491,383.0,1.0,2,0.10860556199412486,visible_pixel_support,False,visible_candidate,line-uct-test-a22-000300,,,,,
uct-test-a22,1.0559311053032872,0.1298322099065331,0.001434130905212605,0.011864352246585441,492,384.0,5.0,3,0.5096373596763328,visible_pixel_support,False,visible_candidate,line-uct-test-a22-000301,,,,,
uct-test-a22,1.0587993671137121,0.127459339457216,0.001434130905212605,0.011864352246585441,493,385.0,5.0,2,0.9163399855075909,visible_pixel_support,False,visible_candidate,line-uct-test-a22-000302,,,,,
uct-test-a22,1.0645358907345621,0.13932369170380143,0.001434130905212605,0.0011864352246585552,495,380.0,0.5,1,5.252241852574571,visible_pixel_support,True,visible_candidate,line-uct-test-a22-000303,,,,,
uct-test-a22,1.0760089379762623,0.12271359855858177,0.001434130905212605,0.008305046572609887,499,387.0,3.5,2,0.5103509070564769,visible_pixel_support,True,visible_candidate,line-uct-test-a22-000304,,,,,
uct-test-a22,1.0817454615971123,0.12034072810926477,0.001434130905212605,0.008305046572609887,501,388.0,3.5,3,0.5958764202215434,visible_pixel_support,True,visible_candidate,line-uct-test-a22-000305,,,,,
uct-test-a22,1.0846137234075373,0.12034072810926477,0.001434130905212605,0.008305046572609887,502,388.0,3.5,2,1.126881550702592,visible_pixel_support,False,visible_candidate,line-uct-test-a22-000306,,,,,
uct-test-a22,1.0874819852179622,0.12034072810926477,0.001434130905212605,0.008305046572609887,503,388.0,3.5,3,1.6497147885130516,visible_pixel_support,False,visible_candidate,line-uct-test-a22-000307,,,,,
uct-test-a22,1.0903502470283872,0.12508646900789888,0.001434130905212605,0.005932176123292776,504,386.0,2.5,2,4.164126027200723,visible_pixel_support,False,visible_candidate,line-uct-test-a22-000308,,,,,
uct-test-a22,1.0932185088388122,0.12271359855858177,0.001434130905212605,0.007118611347951331,505,387.0,3.0,2,3.6698651603135204,visible_pixel_support,False,visible_candidate,line-uct-test-a22-000309,,,,,
uct-test-a22,1.0960867706492372,0.127459339457216,0.001434130905212605,0.0011864352246585552,506,385.0,0.5,1,6.1666820813992445,visible_pixel_support,False,visible_candidate,line-uct-test-a22-000310,,,,,
uct-test-a22,1.1075598178909372,0.12271359855858177,0.001434130905212605,0.0011864352246585552,510,387.0,0.5,1,6.059725516428102,visible_pixel_support,True,visible_candidate,line-uct-test-a22-000311,,,,,
uct-test-a22,1.1132963415117871,0.12034072810926477,0.001434130905212605,0.0011864352246585552,512,388.0,0.5,2,5.946211194023931,visible_pixel_support,True,visible_candidate,line-uct-test-a22-000312,,,,,
uct-test-a22,1.1161646033222121,0.12034072810926477,0.001434130905212605,0.0011864352246585552,513,388.0,0.5,1,6.373569650259526,visible_pixel_support,False,visible_candidate,line-uct-test-a22-000313,,,,,
uct-test-a22,1.121901126943062,0.11796785765994766,0.001434130905212605,0.0011864352246585552,515,389.0,0.5,1,6.195267265345478,visible_pixel_support,True,visible_candidate,line-uct-test-a22-000314,,,,,
uct-test-a22,1.127637650563912,0.12034072810926477,0.001434130905212605,0.0011864352246585552,517,388.0,0.5,2,7.971271774236641,visible_pixel_support,True,visible_candidate,line-uct-test-a22-000315,,,,,
uct-test-a22,1.141978959616037,0.12034072810926477,0.001434130905212605,0.0011864352246585552,522,388.0,0.5,1,9.698245118123396,visible_pixel_support,True,visible_candidate,line-uct-test-a22-000316,,,,,
uct-test-a22,1.147715483236887,0.11322211676131344,0.001434130905212605,0.0023728704493171104,524,391.0,1.0,2,7.2985670488461665,visible_pixel_support,True,visible_candidate,line-uct-test-a22-000317,,,,,
uct-test-a22,1.150583745047312,0.11559498721063055,0.001434130905212605,0.0011864352246585552,525,390.0,0.5,1,8.57834171550644,visible_pixel_support,False,visible_candidate,line-uct-test-a22-000318,,,,,
uct-test-a22,1.153452006857737,0.10610350541336211,0.001434130905212605,0.0011864352246585552,526,394.0,0.5,1,4.844192041096278,visible_pixel_support,False,visible_candidate,line-uct-test-a22-000319,,,,,
uct-test-a22,1.1591885304785872,0.10610350541336211,0.001434130905212605,0.0011864352246585552,528,394.0,0.5,1,5.333119243256306,visible_pixel_support,True,visible_candidate,line-uct-test-a22-000320,,,,,
uct-test-a22,1.1649250540994371,0.11559498721063055,0.001434130905212605,0.0011864352246585552,530,390.0,0.5,1,9.763347803708882,visible_pixel_support,True,visible_candidate,line-uct-test-a22-000321,,,,,
uct-test-a22,1.1677933159098621,0.11559498721063055,0.001434130905212605,0.0011864352246585552,531,390.0,0.5,1,9.95582482716452,visible_pixel_support,False,visible_candidate,line-uct-test-a22-000322,,,,,
uct-test-a22,1.1706615777202871,0.103730634964045,0.001434130905212605,0.0011864352246585552,532,395.0,0.5,2,5.132876870836753,visible_pixel_support,False,visible_candidate,line-uct-test-a22-000323,,,,,
uct-test-a22,1.173529839530712,0.11322211676131344,0.001434130905212605,0.0011864352246585552,533,391.0,0.5,1,9.294253828273611,visible_pixel_support,False,visible_candidate,line-uct-test-a22-000324,,,,,
uct-test-a22,1.176398101341137,0.10610350541336211,0.001434130905212605,0.0023728704493171104,534,394.0,1.0,3,6.4397055930227225,visible_pixel_support,False,visible_candidate,line-uct-test-a22-000325,,,,,
uct-test-a22,1.179266363151562,0.103730634964045,0.001434130905212605,0.0023728704493171104,535,395.0,1.0,2,5.5689820586320025,visible_pixel_support,False,visible_candidate,line-uct-test-a22-000326,,,,,
uct-test-a22,1.182134624961987,0.09661202361609378,0.001434130905212605,0.0011864352246585552,536,398.0,0.5,2,2.6818331186493083,visible_pixel_support,False,visible_candidate,line-uct-test-a22-000327,,,,,
uct-test-a22,1.185002886772412,0.09423915316677667,0.001434130905212605,0.0011864352246585552,537,399.0,0.5,2,1.7780086666224406,visible_pixel_support,False,visible_candidate,line-uct-test-a22-000328,,,,,
uct-test-a22,1.190739410393262,0.09186628271745956,0.001434130905212605,0.010677917021926997,539,400.0,4.5,2,0.9193328006276147,visible_pixel_support,True,visible_candidate,line-uct-test-a22-000329,,,,,
uct-test-a22,1.193607672203687,0.08949341226814245,0.001434130905212605,0.011864352246585552,540,401.0,5.0,3,0.036018826244742286,visible_pixel_support,False,visible_candidate,line-uct-test-a22-000330,,,,,
uct-test-a22,1.196475934014112,0.08949341226814245,0.001434130905212605,0.011864352246585552,541,401.0,5.0,3,0.009046390969842832,visible_pixel_support,False,visible_candidate,line-uct-test-a22-000331,,,,,
uct-test-a22,1.199344195824537,0.09423915316677667,0.001434130905212605,0.011864352246585441,542,399.0,5.0,5,2.0,visible_pixel_support,False,visible_candidate,line-uct-test-a22-000332,,,,,
uct-test-a22,1.202212457634962,0.09186628271745956,0.001434130905212605,0.011864352246585441,543,400.0,5.0,5,0.999806557391139,visible_pixel_support,False,visible_candidate,line-uct-test-a22-000333,,,,,
uct-test-a22,1.205080719445387,0.09423915316677667,0.001434130905212605,0.0011864352246585552,544,399.0,0.5,1,1.9992256128095391,visible_pixel_support,False,visible_candidate,line-uct-test-a22-000334,,,,,
uct-test-a22,1.207948981255812,0.09423915316677667,0.001434130905212605,0.0011864352246585552,545,399.0,0.5,1,1.9982562411227036,visible_pixel_support,False,visible_candidate,line-uct-test-a22-000335,,,,,
uct-test-a22,1.210817243066237,0.09423915316677667,0.001434130905212605,0.0011864352246585552,546,399.0,0.5,2,1.9968975171981356,visible_pixel_support,False,visible_candidate,line-uct-test-a22-000336,,,,,
uct-test-a22,1.213685504876662,0.09661202361609378,0.001434130905212605,0.008305046572609887,547,398.0,3.5,2,2.9951485159032813,visible_pixel_support,False,visible_candidate,line-uct-test-a22-000337,,,,,
uct-test-a22,1.216553766687087,0.09661202361609378,0.001434130905212605,0.005932176123292776,548,398.0,2.5,2,2.993008312105701,visible_pixel_support,False,visible_candidate,line-uct-test-a22-000338,,,,,
uct-test-a22,1.219422028497512,0.09661202361609378,0.001434130905212605,0.004745740898634221,549,398.0,2.0,2,2.9904759806728407,visible_pixel_support,False,visible_candidate,line-uct-test-a22-000339,,,,,
uct-test-a22,1.222290290307937,0.09661202361609378,0.001434130905212605,0.004745740898634221,550,398.0,2.0,2,2.9875505964723175,visible_pixel_support,False,visible_candidate,line-uct-test-a22-000340,,,,,
uct-test-a22,1.2251585521183619,0.09661202361609378,0.001434130905212605,0.005932176123292776,551,398.0,2.5,4,2.984231234371464,visible_pixel_support,False,visible_candidate,line-uct-test-a22-000341,,,,,
uct-test-a22,1.2280268139287869,0.09661202361609378,0.001434130905212605,0.005932176123292776,552,398.0,2.5,3,2.98051696923784,visible_pixel_support,False,visible_candidate,line-uct-test-a22-000342,,,,,
uct-test-a22,1.2308950757392119,0.09661202361609378,0.001434130905212605,0.007118611347951331,553,398.0,3.0,4,2.976406875938949,visible_pixel_support,False,visible_candidate,line-uct-test-a22-000343,,,,,
uct-test-a22,1.2337633375496369,0.09898489406541089,0.001434130905212605,0.007118611347951331,554,397.0,3.0,4,3.9719000293422937,visible_pixel_support,False,visible_candidate,line-uct-test-a22-000344,,,,,
uct-test-a22,1.236631599360062,0.09898489406541089,0.001434130905212605,0.005932176123292776,555,397.0,2.5,4,3.9669955043153777,visible_pixel_support,False,visible_candidate,line-uct-test-a22-000345,,,,,
uct-test-a22,1.239499861170487,0.09661202361609378,0.001434130905212605,0.008305046572609887,556,398.0,3.5,4,2.961692375725761,visible_pixel_support,False,visible_candidate,line-uct-test-a22-000346,,,,,
uct-test-a22,1.242368122980912,0.101357764514728,0.001434130905212605,0.0035593056739756657,557,396.0,1.5,2,4.955989718440776,visible_pixel_support,False,visible_candidate,line-uct-test-a22-000347,,,,,
uct-test-a22,1.245236384791337,0.09423915316677667,0.001434130905212605,0.0035593056739756657,558,399.0,1.5,3,1.9498866073280396,visible_pixel_support,False,visible_candidate,line-uct-test-a22-000348,,,,,
uct-test-a22,1.248104646601762,0.09898489406541089,0.001434130905212605,0.008305046572609887,559,397.0,3.5,5,3.9433821172549983,visible_pixel_support,False,visible_candidate,line-uct-test-a22-000349,,,,,
uct-test-a22,1.250972908412187,0.09661202361609378,0.001434130905212605,0.007118611347951331,560,398.0,3.0,4,2.936475323089212,visible_pixel_support,False,visible_candidate,line-uct-test-a22-000350,,,,,
uct-test-a22,1.253841170222612,0.09661202361609378,0.001434130905212605,0.0035593056739756657,561,398.0,1.5,3,2.929165299698127,visible_pixel_support,False,visible_candidate,line-uct-test-a22-000351,,,,,
uct-test-a22,1.256709432033037,0.09661202361609378,0.001434130905212605,0.005932176123292776,562,398.0,2.5,4,2.9214511219491897,visible_pixel_support,False,visible_candidate,line-uct-test-a22-000352,,,,,
uct-test-a22,1.259577693843462,0.09423915316677667,0.001434130905212605,0.005932176123292776,563,399.0,2.5,2,1.9133318647100168,visible_pixel_support,False,visible_candidate,line-uct-test-a22-000353,,,,,
uct-test-a22,1.262445955653887,0.09423915316677667,0.001434130905212605,0.008305046572609887,564,399.0,3.5,4,1.9048066028481117,visible_pixel_support,False,visible_candidate,line-uct-test-a22-000354,,,,,
uct-test-a22,1.265314217464312,0.08712054181882534,0.001434130905212605,0.011864352246585552,565,402.0,5.0,2,1.10412558876925,visible_pixel_support,False,visible_candidate,line-uct-test-a22-000355,,,,,
uct-test-a22,1.268182479274737,0.08474767136950834,0.001434130905212605,0.013050787471244107,566,403.0,5.5,2,2.113465635274281,visible_pixel_support,False,visible_candidate,line-uct-test-a22-000356,,,,,
uct-test-a22,1.271050741085162,0.08237480092019123,0.001434130905212605,0.014237222695902663,567,404.0,6.0,2,3.123214461799762,visible_pixel_support,False,visible_candidate,line-uct-test-a22-000357,,,,,
uct-test-a22,1.273919002895587,0.08237480092019123,0.001434130905212605,0.014237222695902663,568,404.0,6.0,2,3.1333729934779626,visible_pixel_support,False,visible_candidate,line-uct-test-a22-000358,,,,,
uct-test-a22,1.276787264706012,0.08237480092019123,0.001434130905212605,0.0011864352246585552,569,404.0,0.5,1,3.1439421554414366,visible_pixel_support,False,visible_candidate,line-uct-test-a22-000359,,,,,
uct-test-a22,1.2796555265164369,0.08237480092019123,0.001434130905212605,0.0011864352246585552,570,404.0,0.5,2,3.1549228728227945,visible_pixel_support,False,visible_candidate,line-uct-test-a22-000360,,,,,
uct-test-a22,1.2825237883268619,0.08949341226814245,0.001434130905212605,0.0035593056739756657,571,401.0,1.5,2,0.1663160707544762,visible_pixel_support,False,visible_candidate,line-uct-test-a22-000361,,,,,
uct-test-a22,1.2853920501372869,0.08949341226814245,0.001434130905212605,0.014237222695902552,572,401.0,6.0,3,0.17812267436897855,visible_pixel_support,False,visible_candidate,line-uct-test-a22-000362,,,,,
uct-test-a22,1.2882603119477118,0.08712054181882534,0.001434130905212605,0.014237222695902663,573,402.0,6.0,4,1.1903436087987416,visible_pixel_support,False,visible_candidate,line-uct-test-a22-000363,,,,,
uct-test-a22,1.2911285737581368,0.08474767136950834,0.001434130905212605,0.011864352246585552,574,403.0,5.0,2,2.2029797991763758,visible_pixel_support,False,visible_candidate,line-uct-test-a22-000364,,,,,
uct-test-a22,1.2939968355685618,0.09186628271745956,0.001434130905212605,0.004745740898634221,575,400.0,2.0,4,0.783967829365622,visible_pixel_support,False,visible_candidate,line-uct-test-a22-000365,,,,,
uct-test-a22,1.2968650973789868,0.09186628271745956,0.001434130905212605,0.010677917021926997,576,400.0,4.5,6,0.7704983516948687,visible_pixel_support,False,visible_candidate,line-uct-test-a22-000366,,,,,
uct-test-a22,1.2997333591894118,0.09661202361609378,0.001434130905212605,0.0035593056739756657,577,398.0,1.5,4,2.75661084267864,visible_pixel_support,False,visible_candidate,line-uct-test-a22-000367,,,,,
uct-test-a22,1.3026016209998368,0.09423915316677667,0.001434130905212605,0.0011864352246585552,578,399.0,0.5,2,1.7423043771846096,visible_pixel_support,False,visible_candidate,line-uct-test-a22-000368,,,,,
uct-test-a22,1.3054698828102618,0.09423915316677667,0.001434130905212605,0.005932176123292776,579,399.0,2.5,3,1.7275780300803376,visible_pixel_support,False,visible_candidate,line-uct-test-a22-000369,,,,,
uct-test-a22,1.3083381446206868,0.09898489406541089,0.001434130905212605,0.007118611347951331,580,397.0,3.0,5,3.7124308762331566,visible_pixel_support,False,visible_candidate,line-uct-test-a22-000370,,,,,
uct-test-a22,1.3112064064311117,0.09423915316677667,0.001434130905212605,0.005932176123292776,581,399.0,2.5,4,1.6968619905105697,visible_pixel_support,False,visible_candidate,line-uct-test-a22-000371,,,,,
uct-test-a22,1.3140746682415367,0.101357764514728,0.001434130905212605,0.0023728704493171104,582,396.0,1.0,3,4.680870447780194,visible_pixel_support,False,visible_candidate,line-uct-test-a22-000372,,,,,
uct-test-a22,1.3169429300519617,0.101357764514728,0.001434130905212605,0.0023728704493171104,583,396.0,1.0,3,4.6644553229094186,visible_pixel_support,False,visible_candidate,line-uct-test-a22-000373,,,,,
uct-test-a22,1.319811191862387,0.09898489406541089,0.001434130905212605,0.0011864352246585552,584,397.0,0.5,2,3.6476156907658037,visible_pixel_support,False,visible_candidate,line-uct-test-a22-000374,,,,,
uct-test-a22,1.322679453672812,0.09898489406541089,0.001434130905212605,0.007118611347951331,585,397.0,3.0,3,3.6303506262168526,visible_pixel_support,False,visible_candidate,line-uct-test-a22-000375,,,,,
uct-test-a22,1.325547715483237,0.09898489406541089,0.001434130905212605,0.007118611347951331,586,397.0,3.0,4,3.6126592041299546,visible_pixel_support,False,visible_candidate,line-uct-test-a22-000376,,,,,
uct-test-a22,1.328415977293662,0.09661202361609378,0.001434130905212605,0.007118611347951331,587,398.0,3.0,3,2.5945404993727834,visible_pixel_support,False,visible_candidate,line-uct-test-a22-000377,,,,,
uct-test-a22,1.3312842391040869,0.09661202361609378,0.001434130905212605,0.008305046572609887,588,398.0,3.5,3,2.5759935868126718,visible_pixel_support,False,visible_candidate,line-uct-test-a22-000378,,,,,
uct-test-a22,1.3341525009145119,0.09661202361609378,0.001434130905212605,0.005932176123292776,589,398.0,2.5,2,2.5570175413171796,visible_pixel_support,False,visible_candidate,line-uct-test-a22-000379,,,,,
uct-test-a22,1.3370207627249369,0.09661202361609378,0.001434130905212605,0.008305046572609887,590,398.0,3.5,3,2.537611437753867,visible_pixel_support,False,visible_candidate,line-uct-test-a22-000380,,,,,
uct-test-a22,1.3398890245353618,0.09661202361609378,0.001434130905212605,0.008305046572609887,591,398.0,3.5,2,2.5177743509901234,visible_pixel_support,False,visible_candidate,line-uct-test-a22-000381,,,,,
uct-test-a22,1.3427572863457868,0.09661202361609378,0.001434130905212605,0.008305046572609887,592,398.0,3.5,4,2.4975053558935087,visible_pixel_support,False,visible_candidate,line-uct-test-a22-000382,,,,,
uct-test-a22,1.3456255481562118,0.09661202361609378,0.001434130905212605,0.009491481797268442,593,398.0,4.0,6,2.4768035273314126,visible_pixel_support,False,visible_candidate,line-uct-test-a22-000383,,,,,
uct-test-a22,1.3484938099666368,0.09186628271745956,0.001434130905212605,0.010677917021926997,594,400.0,4.5,3,0.45566794017156553,visible_pixel_support,False,visible_candidate,line-uct-test-a22-000384,,,,,
uct-test-a22,1.3513620717770618,0.08949341226814245,0.001434130905212605,0.011864352246585552,595,401.0,5.0,2,0.5659023307187567,visible_pixel_support,False,visible_candidate,line-uct-test-a22-000385,,,,,
uct-test-a22,1.3542303335874868,0.08712054181882534,0.001434130905212605,0.013050787471244107,596,402.0,5.5,2,1.5879082104719373,visible_pixel_support,False,visible_candidate,line-uct-test-a22-000386,,,,,
uct-test-a22,1.3570985953979118,0.08949341226814245,0.001434130905212605,0.013050787471244107,597,401.0,5.5,3,0.6103506242205299,visible_pixel_support,False,visible_candidate,line-uct-test-a22-000387,,,,,
uct-test-a22,1.3599668572083368,0.08712054181882534,0.001434130905212605,0.0011864352246585552,598,402.0,0.5,1,1.6332304970970881,visible_pixel_support,False,visible_candidate,line-uct-test-a22-000388,,,,,
uct-test-a22,1.3628351190187618,0.08712054181882534,0.001434130905212605,0.008305046572609887,599,402.0,3.5,2,1.6565487542339952,visible_pixel_support,False,visible_candidate,line-uct-test-a22-000389,,,,,
uct-test-a22,1.3657033808291867,0.08712054181882534,0.001434130905212605,0.013050787471244107,600,402.0,5.5,3,1.6803063207638047,visible_pixel_support,False,visible_candidate,line-uct-test-a22-000390,,,,,
uct-test-a22,1.3685716426396117,0.08712054181882534,0.001434130905212605,0.008305046572609887,601,402.0,3.5,2,1.7045041218190704,visible_pixel_support,False,visible_candidate,line-uct-test-a22-000391,,,,,
uct-test-a22,1.3714399044500367,0.09423915316677667,0.001434130905212605,0.00949148179726833,602,399.0,4.0,2,1.2708569174677677,visible_pixel_support,False,visible_candidate,line-uct-test-a22-000392,,,,,
uct-test-a22,1.3743081662604617,0.09186628271745956,0.001434130905212605,0.011864352246585441,603,400.0,5.0,4,0.2457758719642129,visible_pixel_support,False,visible_candidate,line-uct-test-a22-000393,,,,,
uct-test-a22,1.3771764280708867,0.09423915316677667,0.001434130905212605,0.00949148179726833,604,399.0,4.0,3,1.2202518165376546,visible_pixel_support,False,visible_candidate,line-uct-test-a22-000394,,,,,
uct-test-a22,1.3800446898813117,0.09661202361609378,0.001434130905212605,0.008305046572609887,605,398.0,3.5,2,2.1942838260557664,visible_pixel_support,False,visible_candidate,line-uct-test-a22-000395,,,,,
uct-test-a22,1.3829129516917367,0.09898489406541089,0.001434130905212605,0.007118611347951331,606,397.0,3.0,2,3.167870975385938,visible_pixel_support,False,visible_candidate,line-uct-test-a22-000396,,,,,
uct-test-a22,1.3857812135021617,0.09898489406541089,0.001434130905212605,0.0011864352246585552,607,397.0,0.5,1,3.1410123393956155,visible_pixel_support,False,visible_candidate,line-uct-test-a22-000397,,,,,
uct-test-a22,1.3886494753125866,0.11322211676131344,0.001434130905212605,0.0011864352246585552,608,391.0,0.5,1,9.113706992952416,visible_pixel_support,False,visible_candidate,line-uct-test-a22-000398,,,,,
uct-test-a22,1.3915177371230116,0.10847637586267922,0.001434130905212605,0.0011864352246585552,609,393.0,0.5,1,7.085954010923729,visible_pixel_support,False,visible_candidate,line-uct-test-a22-000399,,,,,
uct-test-a22,1.3943859989334366,0.101357764514728,0.001434130905212605,0.0035593056739756657,610,396.0,1.5,2,4.057752468177114,visible_pixel_support,False,visible_candidate,line-uct-test-a22-000400,,,,,
uct-test-a22,1.3972542607438616,0.10847637586267922,0.001434130905212605,0.0011864352246585552,611,393.0,0.5,2,7.029101439580074,visible_pixel_support,False,visible_candidate,line-uct-test-a22-000401,,,,,
uct-test-a22,1.4001225225542868,0.103730634964045,0.001434130905212605,0.005932176123292776,612,395.0,2.5,3,5.0,visible_pixel_support,False,visible_candidate,line-uct-test-a22-000402,,,,,
uct-test-a22,1.4029907843647118,0.103730634964045,0.001434130905212605,0.0035593056739756657,613,395.0,1.5,2,4.937976655484647,visible_pixel_support,False,visible_candidate,line-uct-test-a22-000403,,,,,
uct-test-a22,1.4058590461751368,0.103730634964045,0.001434130905212605,0.0011864352246585552,614,395.0,0.5,1,4.812050204632385,visible_pixel_support,False,visible_candidate,line-uct-test-a22-000404,,,,,
uct-test-a22,1.4087273079855618,0.103730634964045,0.001434130905212605,0.0011864352246585552,615,395.0,0.5,1,4.624455161137064,visible_pixel_support,False,visible_candidate,line-uct-test-a22-000405,,,,,
uct-test-a22,1.4144638316064118,0.10610350541336211,0.001434130905212605,0.0035593056739756657,617,394.0,1.5,2,5.073197350992643,visible_pixel_support,True,visible_candidate,line-uct-test-a22-000406,,,,,
uct-test-a22,1.4173320934168367,0.10610350541336211,0.001434130905212605,0.0011864352246585552,618,394.0,0.5,1,4.714003611731073,visible_pixel_support,False,visible_candidate,line-uct-test-a22-000407,,,,,
uct-test-a22,1.4202003552272617,0.11322211676131344,0.001434130905212605,0.0011864352246585552,619,391.0,0.5,2,7.302079334601785,visible_pixel_support,False,visible_candidate,line-uct-test-a22-000408,,,,,
uct-test-a22,1.4230686170376867,0.10847637586267922,0.001434130905212605,0.0035593056739756657,620,393.0,1.5,2,4.839659033298631,visible_pixel_support,False,visible_candidate,line-uct-test-a22-000409,,,,,
uct-test-a22,1.4259368788481117,0.10847637586267922,0.001434130905212605,0.005932176123292776,621,393.0,2.5,2,4.328977221515288,visible_pixel_support,False,visible_candidate,line-uct-test-a22-000410,,,,,
uct-test-a22,1.4288051406585367,0.10847637586267922,0.001434130905212605,0.007118611347951331,622,393.0,3.0,2,3.772268412945664,visible_pixel_support,False,visible_candidate,line-uct-test-a22-000411,,,,,
uct-test-a22,1.4316734024689617,0.12271359855858177,0.001434130905212605,0.0011864352246585552,623,387.0,0.5,1,9.171767121283608,visible_pixel_support,False,visible_candidate,line-uct-test-a22-000412,,,,,
uct-test-a22,1.4345416642793867,0.10610350541336211,0.001434130905212605,0.0011864352246585552,624,394.0,0.5,1,1.5297078602229703,visible_pixel_support,False,visible_candidate,line-uct-test-a22-000413,,,,,
uct-test-a22,1.4374099260898117,0.10610350541336211,0.001434130905212605,0.0011864352246585552,625,394.0,0.5,1,0.8483251434574299,visible_pixel_support,False,visible_candidate,line-uct-test-a22-000414,,,,,
uct-test-a22,1.4431464497106616,0.10610350541336211,0.001434130905212605,0.013050787471244107,627,394.0,5.5,4,0.6234726024126758,visible_pixel_support,True,visible_candidate,line-uct-test-a22-000415,,,,,
uct-test-a22,1.4460147115210866,0.10610350541336211,0.001434130905212605,0.014237222695902663,628,394.0,6.0,5,1.4094186041296553,visible_pixel_support,False,visible_candidate,line-uct-test-a22-000416,,,,,
uct-test-a22,1.4488829733315116,0.103730634964045,0.001434130905212605,0.015423657920561218,629,395.0,6.5,5,3.2257500067761384,visible_pixel_support,False,visible_candidate,line-uct-test-a22-000417,,,,,
uct-test-a22,1.4517512351419366,0.10610350541336211,0.001434130905212605,0.014237222695902663,630,394.0,6.0,2,3.0702322966582756,visible_pixel_support,False,visible_candidate,line-uct-test-a22-000418,,,,,
uct-test-a22,1.4546194969523616,0.10847637586267922,0.001434130905212605,0.013050787471243996,631,393.0,5.5,3,2.9406309600822738,visible_pixel_support,False,visible_candidate,line-uct-test-a22-000419,,,,,
uct-test-a22,1.4603560205732116,0.11322211676131344,0.001434130905212605,0.013050787471243996,633,391.0,5.5,5,2.750239352780625,visible_pixel_support,True,visible_candidate,line-uct-test-a22-000420,,,,,
uct-test-a22,1.4632242823836366,0.12271359855858177,0.001434130905212605,0.011864352246585552,634,387.0,5.0,7,0.315019945332665,visible_pixel_support,False,visible_candidate,line-uct-test-a22-000421,,,,,
uct-test-a22,1.4660925441940615,0.1298322099065331,0.001434130905212605,0.0011864352246585552,635,384.0,0.5,1,2.363300924679379,visible_pixel_support,False,visible_candidate,line-uct-test-a22-000422,,,,,
uct-test-a22,1.4689608060044865,0.1322050803558502,0.001434130905212605,0.0011864352246585552,636,383.0,0.5,1,2.3968380989534808,visible_pixel_support,False,visible_candidate,line-uct-test-a22-000423,,,,,
uct-test-a22,1.4718290678149115,0.13457795080516732,0.001434130905212605,0.004745740898634221,637,382.0,2.0,2,2.4178659818485357,visible_pixel_support,False,visible_candidate,line-uct-test-a22-000424,,,,,
uct-test-a22,1.4746973296253365,0.13695082125448443,0.001434130905212605,0.004745740898634221,638,381.0,2.0,2,2.428619087058564,visible_pixel_support,False,visible_candidate,line-uct-test-a22-000425,,,,,
uct-test-a22,1.4775655914357615,0.13932369170380143,0.001434130905212605,0.0011864352246585552,639,380.0,0.5,1,2.4313319282773023,visible_pixel_support,False,visible_candidate,line-uct-test-a22-000426,,,,,
uct-test-a22,1.4861703768670367,0.14881517350106988,0.001434130905212605,0.004745740898634221,642,376.0,2.0,3,3.4135740049242713,visible_pixel_support,True,visible_candidate,line-uct-test-a22-000427,,,,,
uct-test-a22,1.4890386386774617,0.15118804395038699,0.001434130905212605,0.004745740898634221,643,375.0,2.0,4,3.4064709271161746,visible_pixel_support,False,visible_candidate,line-uct-test-a22-000428,,,,,
uct-test-a22,1.4919069004878867,0.1535609143997041,0.001434130905212605,0.007118611347951331,644,374.0,3.0,2,3.4025001537859794,visible_pixel_support,False,visible_candidate,line-uct-test-a22-000429,,,,,
uct-test-a22,1.4947751622983116,0.16542526664628954,0.001434130905212605,0.0023728704493171104,645,369.0,1.0,3,7.4038961986274785,visible_pixel_support,False,visible_candidate,line-uct-test-a22-000430,,,,,
uct-test-a22,1.4976434241087366,0.16779813709560665,0.001434130905212605,0.0011864352246585552,646,368.0,0.5,1,7.412893575334465,visible_pixel_support,False,visible_candidate,line-uct-test-a22-000431,,,,,
uct-test-a22,1.5033799477295866,0.1583066552983382,0.001434130905212605,0.009491481797268442,648,372.0,4.0,2,1.462630379120185,visible_pixel_support,True,visible_candidate,line-uct-test-a22-000432,,,,,
uct-test-a22,1.5062482095400116,0.16067952574765532,0.001434130905212605,0.008305046572609887,649,371.0,3.5,2,1.5078388335866748,visible_pixel_support,False,visible_candidate,line-uct-test-a22-000433,,,,,
uct-test-a22,1.5091164713504366,0.16305239619697243,0.001434130905212605,0.009491481797268442,650,370.0,4.0,3,1.5695866746939373,visible_pixel_support,False,visible_candidate,line-uct-test-a22-000434,,,,,
uct-test-a22,1.5119847331608616,0.16305239619697243,0.001434130905212605,0.010677917021926997,651,370.0,4.5,4,0.6501084161358222,visible_pixel_support,False,visible_candidate,line-uct-test-a22-000435,,,,,
uct-test-a22,1.5148529949712866,0.16542526664628954,0.001434130905212605,0.010677917021926886,652,369.0,4.5,3,0.7516385716061791,visible_pixel_support,False,visible_candidate,line-uct-test-a22-000436,,,,,
uct-test-a22,1.5177212567817115,0.16542526664628954,0.001434130905212605,0.0023728704493171104,653,369.0,1.0,2,0.12358834520119899,visible_pixel_support,False,visible_candidate,line-uct-test-a22-000437,,,,,
uct-test-a22,1.5205895185921365,0.17017100754492376,0.001434130905212605,0.0035593056739756657,654,367.0,1.5,3,1.026662179407424,visible_pixel_support,False,visible_candidate,line-uct-test-a22-000438,,,,,
uct-test-a22,1.5234577804025615,0.17017100754492376,0.001434130905212605,0.0011864352246585552,655,367.0,0.5,2,0.20462465912612515,visible_pixel_support,False,visible_candidate,line-uct-test-a22-000439,,,,,
uct-test-a22,1.5263260422129865,0.17017100754492376,0.001434130905212605,0.0011864352246585552,656,367.0,0.5,1,0.5874663923514731,visible_pixel_support,False,visible_candidate,line-uct-test-a22-000440,,,,,
uct-test-a22,1.5291943040234115,0.17017100754492376,0.001434130905212605,0.0011864352246585552,657,367.0,0.5,1,1.3473764613314643,visible_pixel_support,False,visible_candidate,line-uct-test-a22-000441,,,,,
uct-test-a22,1.5320625658338365,0.1844082302408263,0.001434130905212605,0.009491481797268442,658,361.0,4.0,4,3.927128965879888,visible_pixel_support,False,visible_candidate,line-uct-test-a22-000442,,,,,
uct-test-a22,1.5349308276442615,0.1820353597915092,0.001434130905212605,0.013050787471243996,659,362.0,5.5,6,2.238284402976433,visible_pixel_support,False,visible_candidate,line-uct-test-a22-000443,,,,,
uct-test-a22,1.5377990894546865,0.1844082302408263,0.001434130905212605,0.009491481797268442,660,361.0,4.0,6,2.588324363652191,visible_pixel_support,False,visible_candidate,line-uct-test-a22-000444,,,,,
uct-test-a22,1.5406673512651115,0.1844082302408263,0.001434130905212605,0.010677917021926886,661,361.0,4.5,6,1.9794833616006713,visible_pixel_support,False,visible_candidate,line-uct-test-a22-000445,,,,,
uct-test-a22,1.5435356130755364,0.19389971203809464,0.001434130905212605,0.0011864352246585552,662,357.0,0.5,2,5.413995910515837,visible_pixel_support,False,visible_candidate,line-uct-test-a22-000446,,,,,
uct-test-a22,1.5464038748859614,0.1820353597915092,0.001434130905212605,0.004745740898634221,663,362.0,2.0,5,0.10590347590834881,visible_pixel_support,False,visible_candidate,line-uct-test-a22-000447,,,,,
uct-test-a22,1.5492721366963864,0.17728961889287498,0.001434130905212605,0.011864352246585552,664,364.0,5.0,3,2.5779802839782633,visible_pixel_support,False,visible_candidate,line-uct-test-a22-000448,,,,,
uct-test-a22,1.5521403985068114,0.19864545293672886,0.001434130905212605,0.0011864352246585552,665,355.0,0.5,1,6.0,visible_pixel_support,False,visible_candidate,line-uct-test-a22-000449,,,,,
uct-test-a22,1.5550086603172364,0.19389971203809464,0.001434130905212605,0.0011864352246585552,666,357.0,0.5,1,3.6122870781005645,visible_pixel_support,False,visible_candidate,line-uct-test-a22-000450,,,,,
uct-test-a22,1.5578769221276614,0.19389971203809464,0.001434130905212605,0.014237222695902663,667,357.0,6.0,5,3.24091472892502,visible_pixel_support,False,visible_candidate,line-uct-test-a22-000451,,,,,
uct-test-a22,1.5607451839380864,0.1820353597915092,0.001434130905212605,0.016610093145219662,668,362.0,7.0,4,2.115206419041499,visible_pixel_support,False,visible_candidate,line-uct-test-a22-000452,,,,,
uct-test-a22,1.5636134457485116,0.19627258248741175,0.001434130905212605,0.017796528369878217,669,356.0,7.5,4,3.5428342626859717,visible_pixel_support,False,visible_candidate,line-uct-test-a22-000453,,,,,
uct-test-a22,1.5664817075589366,0.19627258248741175,0.001434130905212605,0.0011864352246585552,670,356.0,0.5,1,3.2139474025926233,visible_pixel_support,False,visible_candidate,line-uct-test-a22-000454,,,,,
uct-test-a22,1.5693499693693616,0.19627258248741175,0.001434130905212605,0.0011864352246585552,671,356.0,0.5,1,2.897043629163477,visible_pixel_support,False,visible_candidate,line-uct-test-a22-000455,,,,,
uct-test-a22,1.5722182311797865,0.20101832338604597,0.001434130905212605,0.0011864352246585552,672,354.0,0.5,1,4.59103357088361,visible_pixel_support,False,visible_candidate,line-uct-test-a22-000456,,,,,
uct-test-a22,1.5750864929902115,0.19864545293672886,0.001434130905212605,0.014237222695902552,673,355.0,6.0,3,3.2948278562381006,visible_pixel_support,False,visible_candidate,line-uct-test-a22-000457,,,,,
uct-test-a22,1.5779547548006365,0.19864545293672886,0.001434130905212605,0.0011864352246585552,674,355.0,0.5,1,3.0073371137119693,visible_pixel_support,False,visible_candidate,line-uct-test-a22-000458,,,,,
uct-test-a22,1.5808230166110615,0.19864545293672886,0.001434130905212605,0.0011864352246585552,675,355.0,0.5,1,2.727471971790294,visible_pixel_support,False,visible_candidate,line-uct-test-a22-000459,,,,,
uct-test-a22,1.5865595402319115,0.20101832338604597,0.001434130905212605,0.0011864352246585552,677,354.0,0.5,1,3.1862610037009063,visible_pixel_support,True,visible_candidate,line-uct-test-a22-000460,,,,,
uct-test-a22,1.5894278020423365,0.20101832338604597,0.001434130905212605,0.0011864352246585552,678,354.0,0.5,1,2.9227364345031788,visible_pixel_support,False,visible_candidate,line-uct-test-a22-000461,,,,,
uct-test-a22,1.5922960638527615,0.20101832338604597,0.001434130905212605,0.0011864352246585552,679,354.0,0.5,1,2.662479979850218,visible_pixel_support,False,visible_candidate,line-uct-test-a22-000462,,,,,
uct-test-a22,1.5951643256631864,0.19864545293672886,0.001434130905212605,0.0011864352246585552,680,355.0,0.5,1,1.4044022682271589,visible_pixel_support,False,visible_candidate,line-uct-test-a22-000463,,,,,
uct-test-a22,1.5980325874736114,0.19627258248741175,0.001434130905212605,0.0011864352246585552,681,356.0,0.5,2,0.14741392811902188,visible_pixel_support,False,visible_candidate,line-uct-test-a22-000464,,,,,
uct-test-a22,1.6009008492840364,0.19389971203809464,0.001434130905212605,0.0011864352246585552,682,357.0,0.5,1,1.109574411989115,visible_pixel_support,False,visible_candidate,line-uct-test-a22-000465,,,,,
uct-test-a22,1.6066373729048864,0.19152684158877764,0.001434130905212605,0.0011864352246585552,684,358.0,0.5,1,2.627908578265078,visible_pixel_support,True,visible_candidate,line-uct-test-a22-000466,,,,,
uct-test-a22,1.6095056347153114,0.19152684158877764,0.001434130905212605,0.0011864352246585552,685,358.0,0.5,1,2.8914331474628625,visible_pixel_support,False,visible_candidate,line-uct-test-a22-000467,,,,,
uct-test-a22,1.6123738965257364,0.19152684158877764,0.001434130905212605,0.0011864352246585552,686,358.0,0.5,1,3.1593152027202223,visible_pixel_support,False,visible_candidate,line-uct-test-a22-000468,,,,,
uct-test-a22,1.6181104201465863,0.19389971203809464,0.001434130905212605,0.0011864352246585552,688,357.0,0.5,1,2.7125092574739256,visible_pixel_support,True,visible_candidate,line-uct-test-a22-000469,,,,,
uct-test-a22,1.6209786819570113,0.19864545293672886,0.001434130905212605,0.0011864352246585552,689,355.0,0.5,2,1.0,visible_pixel_support,False,visible_candidate,line-uct-test-a22-000470,,,,,
