group_id,candidate_id,series,x,y,normalized_uncertainty,threshold,review_role
simulation-a11-uncertainty-001,line-simulation-a11-000001,simulation-a11,0.0405664244128387,0.7515242676276122,0.04807692,0.02,agent_first_user_only_if_unresolved
simulation-a11-uncertainty-001,line-simulation-a11-000002,simulation-a11,0.04343468622326374,0.7515242676276122,0.04807692,0.02,agent_first_user_only_if_unresolved
simulation-a11-uncertainty-001,line-simulation-a11-000003,simulation-a11,0.04630294803368873,0.7538971380769293,0.04326923,0.02,agent_first_user_only_if_unresolved
simulation-a11-uncertainty-001,line-simulation-a11-000004,simulation-a11,0.04917120984411372,0.7538971380769293,0.03846154,0.02,agent_first_user_only_if_unresolved
simulation-a11-uncertainty-001,line-simulation-a11-000005,simulation-a11,0.052039471654538705,0.7538971380769293,0.03365385,0.02,agent_first_user_only_if_unresolved
simulation-a11-uncertainty-001,line-simulation-a11-000006,simulation-a11,0.05490773346496369,0.7538971380769293,0.03365385,0.02,agent_first_user_only_if_unresolved
simulation-a11-uncertainty-001,line-simulation-a11-000007,simulation-a11,0.05777599527538868,0.7586428789755635,0.03846154,0.02,agent_first_user_only_if_unresolved
simulation-a11-uncertainty-001,line-simulation-a11-000008,simulation-a11,0.06064425708581367,0.7586428789755635,0.03846154,0.02,agent_first_user_only_if_unresolved
simulation-a11-uncertainty-001,line-simulation-a11-000014,simulation-a11,0.1180094932943136,0.7681343607728319,0.02884615,0.02,agent_first_user_only_if_unresolved
simulation-a11-uncertainty-001,line-simulation-a11-000015,simulation-a11,0.12087775510473858,0.7681343607728319,0.03846154,0.02,agent_first_user_only_if_unresolved
simulation-a11-uncertainty-001,line-simulation-a11-000016,simulation-a11,0.12374601691516357,0.7681343607728319,0.03846154,0.02,agent_first_user_only_if_unresolved
simulation-a11-uncertainty-001,line-simulation-a11-000017,simulation-a11,0.1266142787255886,0.7681343607728319,0.03846154,0.02,agent_first_user_only_if_unresolved
simulation-a11-uncertainty-001,line-simulation-a11-000018,simulation-a11,0.1294825405360136,0.7705072312221489,0.04326923,0.02,agent_first_user_only_if_unresolved
simulation-a11-uncertainty-001,line-simulation-a11-000019,simulation-a11,0.1323508023464386,0.7705072312221489,0.04326923,0.02,agent_first_user_only_if_unresolved
simulation-a11-uncertainty-001,line-simulation-a11-000020,simulation-a11,0.13521906415686358,0.7705072312221489,0.04807692,0.02,agent_first_user_only_if_unresolved
simulation-a11-uncertainty-001,line-simulation-a11-000021,simulation-a11,0.13808732596728857,0.7681343607728319,0.04807692,0.02,agent_first_user_only_if_unresolved
simulation-a11-uncertainty-002,line-simulation-a11-000042,simulation-a11,0.2040573476070635,0.8345747333537106,0.02403846,0.02,agent_first_user_only_if_unresolved
simulation-a11-uncertainty-002,line-simulation-a11-000043,simulation-a11,0.2069256094174885,0.8345747333537106,0.02884615,0.02,agent_first_user_only_if_unresolved
simulation-a11-uncertainty-002,line-simulation-a11-000044,simulation-a11,0.2097938712279135,0.8345747333537106,0.03365385,0.02,agent_first_user_only_if_unresolved
simulation-a11-uncertainty-002,line-simulation-a11-000045,simulation-a11,0.21266213303833847,0.8345747333537106,0.03846154,0.02,agent_first_user_only_if_unresolved
simulation-a11-uncertainty-002,line-simulation-a11-000046,simulation-a11,0.21553039484876346,0.8345747333537106,0.03846154,0.02,agent_first_user_only_if_unresolved
simulation-a11-uncertainty-002,line-simulation-a11-000047,simulation-a11,0.21839865665918845,0.8369476038030277,0.04326923,0.02,agent_first_user_only_if_unresolved
simulation-a11-uncertainty-002,line-simulation-a11-000048,simulation-a11,0.22126691846961344,0.8345747333537106,0.04807692,0.02,agent_first_user_only_if_unresolved
simulation-a11-uncertainty-002,line-simulation-a11-000049,simulation-a11,0.22413518028003843,0.8345747333537106,0.04326923,0.02,agent_first_user_only_if_unresolved
simulation-a11-uncertainty-003,line-simulation-a11-000067,simulation-a11,0.2757638928676883,0.8630491787455157,0.03365385,0.02,agent_first_user_only_if_unresolved
simulation-a11-uncertainty-003,line-simulation-a11-000068,simulation-a11,0.2786321546781134,0.8606763082961986,0.03365385,0.02,agent_first_user_only_if_unresolved
simulation-a11-uncertainty-003,line-simulation-a11-000069,simulation-a11,0.2815004164885384,0.8606763082961986,0.03365385,0.02,agent_first_user_only_if_unresolved
simulation-a11-uncertainty-003,line-simulation-a11-000070,simulation-a11,0.2843686782989634,0.8630491787455157,0.03846154,0.02,agent_first_user_only_if_unresolved
simulation-a11-uncertainty-003,line-simulation-a11-000071,simulation-a11,0.2872369401093884,0.8654220491948328,0.04807692,0.02,agent_first_user_only_if_unresolved
simulation-a11-uncertainty-003,line-simulation-a11-000072,simulation-a11,0.29010520191981337,0.8677949196441499,0.05288462,0.02,agent_first_user_only_if_unresolved
simulation-a11-uncertainty-003,line-simulation-a11-000073,simulation-a11,0.29297346373023836,0.8654220491948328,0.04807692,0.02,agent_first_user_only_if_unresolved
simulation-a11-uncertainty-003,line-simulation-a11-000074,simulation-a11,0.29584172554066335,0.8630491787455157,0.03846154,0.02,agent_first_user_only_if_unresolved
simulation-a11-uncertainty-003,line-simulation-a11-000075,simulation-a11,0.29870998735108834,0.8630491787455157,0.03846154,0.02,agent_first_user_only_if_unresolved
simulation-a11-uncertainty-003,line-simulation-a11-000076,simulation-a11,0.3015782491615133,0.8654220491948328,0.03846154,0.02,agent_first_user_only_if_unresolved
simulation-a11-uncertainty-003,line-simulation-a11-000077,simulation-a11,0.3044465109719383,0.8677949196441499,0.03365385,0.02,agent_first_user_only_if_unresolved
simulation-a11-uncertainty-004,line-simulation-a11-000096,simulation-a11,0.3589434853700133,0.8677949196441499,0.03365385,0.02,agent_first_user_only_if_unresolved
simulation-a11-uncertainty-004,line-simulation-a11-000097,simulation-a11,0.3618117471804383,0.8630491787455157,0.03365385,0.02,agent_first_user_only_if_unresolved
simulation-a11-uncertainty-004,line-simulation-a11-000098,simulation-a11,0.3646800089908633,0.8654220491948328,0.03365385,0.02,agent_first_user_only_if_unresolved
simulation-a11-uncertainty-004,line-simulation-a11-000099,simulation-a11,0.36754827080128827,0.8654220491948328,0.03846154,0.02,agent_first_user_only_if_unresolved
simulation-a11-uncertainty-004,line-simulation-a11-000100,simulation-a11,0.37041653261171326,0.8677949196441499,0.04326923,0.02,agent_first_user_only_if_unresolved
simulation-a11-uncertainty-004,line-simulation-a11-000101,simulation-a11,0.37328479442213824,0.8677949196441499,0.05769231,0.02,agent_first_user_only_if_unresolved
simulation-a11-uncertainty-004,line-simulation-a11-000102,simulation-a11,0.37615305623256323,0.8677949196441499,0.04326923,0.02,agent_first_user_only_if_unresolved
simulation-a11-uncertainty-004,line-simulation-a11-000103,simulation-a11,0.3790213180429882,0.8654220491948328,0.03846154,0.02,agent_first_user_only_if_unresolved
simulation-a11-uncertainty-004,line-simulation-a11-000104,simulation-a11,0.3818895798534132,0.8654220491948328,0.03365385,0.02,agent_first_user_only_if_unresolved
simulation-a11-uncertainty-004,line-simulation-a11-000105,simulation-a11,0.3847578416638382,0.8654220491948328,0.03365385,0.02,agent_first_user_only_if_unresolved
simulation-a11-uncertainty-004,line-simulation-a11-000106,simulation-a11,0.3876261034742632,0.8677949196441499,0.03365385,0.02,agent_first_user_only_if_unresolved
simulation-a11-uncertainty-005,line-simulation-a11-000125,simulation-a11,0.4421230778723382,0.8654220491948328,0.03846154,0.02,agent_first_user_only_if_unresolved
simulation-a11-uncertainty-005,line-simulation-a11-000126,simulation-a11,0.44499133968276317,0.8559305673975643,0.03846154,0.02,agent_first_user_only_if_unresolved
simulation-a11-uncertainty-005,line-simulation-a11-000127,simulation-a11,0.44785960149318815,0.8583034378468815,0.03846154,0.02,agent_first_user_only_if_unresolved
simulation-a11-uncertainty-005,line-simulation-a11-000128,simulation-a11,0.45072786330361314,0.8583034378468815,0.03846154,0.02,agent_first_user_only_if_unresolved
simulation-a11-uncertainty-005,line-simulation-a11-000129,simulation-a11,0.45359612511403813,0.8583034378468815,0.04326923,0.02,agent_first_user_only_if_unresolved
simulation-a11-uncertainty-005,line-simulation-a11-000130,simulation-a11,0.4564643869244631,0.8583034378468815,0.04326923,0.02,agent_first_user_only_if_unresolved
simulation-a11-uncertainty-005,line-simulation-a11-000131,simulation-a11,0.4593326487348881,0.8583034378468815,0.03846154,0.02,agent_first_user_only_if_unresolved
simulation-a11-uncertainty-005,line-simulation-a11-000132,simulation-a11,0.4622009105453131,0.8559305673975643,0.03365385,0.02,agent_first_user_only_if_unresolved
simulation-a11-uncertainty-005,line-simulation-a11-000133,simulation-a11,0.4650691723557381,0.8559305673975643,0.02884615,0.02,agent_first_user_only_if_unresolved
simulation-a11-uncertainty-005,line-simulation-a11-000134,simulation-a11,0.46793743416616307,0.8535576969482472,0.02403846,0.02,agent_first_user_only_if_unresolved
simulation-a11-uncertainty-006,line-simulation-a11-000167,simulation-a11,0.6543744518437877,0.7372870449317096,0.02403846,0.02,agent_first_user_only_if_unresolved
simulation-a11-uncertainty-006,line-simulation-a11-000168,simulation-a11,0.6572427136542127,0.7349141744823925,0.02403846,0.02,agent_first_user_only_if_unresolved
simulation-a11-uncertainty-006,line-simulation-a11-000169,simulation-a11,0.6601109754646377,0.7301684335837584,0.02403846,0.02,agent_first_user_only_if_unresolved
simulation-a11-uncertainty-006,line-simulation-a11-000172,simulation-a11,0.6687157608959129,0.7183040813371728,0.02403846,0.02,agent_first_user_only_if_unresolved
simulation-a11-uncertainty-006,line-simulation-a11-000173,simulation-a11,0.6715840227063379,0.7135583404385386,0.02403846,0.02,agent_first_user_only_if_unresolved
simulation-a11-uncertainty-006,line-simulation-a11-000174,simulation-a11,0.6744522845167629,0.7088125995399044,0.02403846,0.02,agent_first_user_only_if_unresolved
simulation-a11-uncertainty-006,line-simulation-a11-000175,simulation-a11,0.6773205463271879,0.7064397290905873,0.02403846,0.02,agent_first_user_only_if_unresolved
simulation-a11-uncertainty-006,line-simulation-a11-000176,simulation-a11,0.6801888081376128,0.7040668586412703,0.02403846,0.02,agent_first_user_only_if_unresolved
simulation-a11-uncertainty-006,line-simulation-a11-000177,simulation-a11,0.6830570699480378,0.6993211177426361,0.02403846,0.02,agent_first_user_only_if_unresolved
simulation-a11-uncertainty-006,line-simulation-a11-000181,simulation-a11,0.6945301171897378,0.6827110245974164,0.02403846,0.02,agent_first_user_only_if_unresolved
simulation-a11-uncertainty-006,line-simulation-a11-000182,simulation-a11,0.6973983790001628,0.6803381541480993,0.02403846,0.02,agent_first_user_only_if_unresolved
simulation-a11-uncertainty-006,line-simulation-a11-000183,simulation-a11,0.7002666408105878,0.6803381541480993,0.03365385,0.02,agent_first_user_only_if_unresolved
simulation-a11-uncertainty-006,line-simulation-a11-000184,simulation-a11,0.7031349026210127,0.6779652836987822,0.03365385,0.02,agent_first_user_only_if_unresolved
simulation-a11-uncertainty-006,line-simulation-a11-000185,simulation-a11,0.7060031644314377,0.673219542800148,0.02884615,0.02,agent_first_user_only_if_unresolved
simulation-a11-uncertainty-006,line-simulation-a11-000186,simulation-a11,0.7088714262418627,0.6684738019015138,0.02403846,0.02,agent_first_user_only_if_unresolved
simulation-a11-uncertainty-007,line-simulation-a11-000197,simulation-a11,0.7691049242607877,0.6352536156110744,0.03365385,0.02,agent_first_user_only_if_unresolved
simulation-a11-uncertainty-007,line-simulation-a11-000198,simulation-a11,0.7719731860712127,0.6328807451617574,0.03846154,0.02,agent_first_user_only_if_unresolved
simulation-a11-uncertainty-007,line-simulation-a11-000199,simulation-a11,0.7748414478816377,0.6305078747124403,0.03846154,0.02,agent_first_user_only_if_unresolved
simulation-a11-uncertainty-007,line-simulation-a11-000200,simulation-a11,0.7777097096920627,0.6305078747124403,0.05769231,0.02,agent_first_user_only_if_unresolved
simulation-a11-uncertainty-007,line-simulation-a11-000201,simulation-a11,0.7805779715024876,0.6376264860603915,0.04326923,0.02,agent_first_user_only_if_unresolved
simulation-a11-uncertainty-007,line-simulation-a11-000202,simulation-a11,0.7834462333129126,0.6399993565097086,0.05288462,0.02,agent_first_user_only_if_unresolved
simulation-a11-uncertainty-007,line-simulation-a11-000203,simulation-a11,0.7863144951233376,0.6328807451617574,0.05288462,0.02,agent_first_user_only_if_unresolved
simulation-a11-uncertainty-007,line-simulation-a11-000204,simulation-a11,0.7891827569337626,0.6328807451617574,0.07692308,0.02,agent_first_user_only_if_unresolved
simulation-a11-uncertainty-007,line-simulation-a11-000205,simulation-a11,0.7920510187441876,0.6305078747124403,0.04807692,0.02,agent_first_user_only_if_unresolved
simulation-a11-uncertainty-007,line-simulation-a11-000207,simulation-a11,0.8006558041754626,0.6399993565097086,0.05288462,0.02,agent_first_user_only_if_unresolved
simulation-a11-uncertainty-007,line-simulation-a11-000208,simulation-a11,0.8035240659858875,0.6305078747124403,0.05769231,0.02,agent_first_user_only_if_unresolved
simulation-a11-uncertainty-007,line-simulation-a11-000209,simulation-a11,0.8063923277963125,0.6305078747124403,0.0625,0.02,agent_first_user_only_if_unresolved
simulation-a11-uncertainty-008,line-simulation-a11-000219,simulation-a11,0.8350749459005626,0.6328807451617574,0.08173077,0.02,agent_first_user_only_if_unresolved
simulation-a11-uncertainty-008,line-simulation-a11-000220,simulation-a11,0.8379432077109876,0.6328807451617574,0.07211538,0.02,agent_first_user_only_if_unresolved
simulation-a11-uncertainty-008,line-simulation-a11-000222,simulation-a11,0.8436797313318376,0.6518637087562942,0.04326923,0.02,agent_first_user_only_if_unresolved
simulation-a11-uncertainty-008,line-simulation-a11-000223,simulation-a11,0.8465479931422626,0.6447450974083428,0.03365385,0.02,agent_first_user_only_if_unresolved
simulation-a11-uncertainty-008,line-simulation-a11-000226,simulation-a11,0.8551527785735376,0.6637280610028796,0.0625,0.02,agent_first_user_only_if_unresolved
simulation-a11-uncertainty-008,line-simulation-a11-000227,simulation-a11,0.8580210403839625,0.6518637087562942,0.03365385,0.02,agent_first_user_only_if_unresolved
simulation-a11-uncertainty-009,line-simulation-a11-000262,simulation-a11,1.1132963415117871,0.822710381107125,0.02403846,0.02,agent_first_user_only_if_unresolved
simulation-a11-uncertainty-009,line-simulation-a11-000263,simulation-a11,1.1161646033222121,0.822710381107125,0.02403846,0.02,agent_first_user_only_if_unresolved
simulation-a11-uncertainty-010,line-simulation-a11-000287,simulation-a11,1.185002886772412,0.8583034378468815,0.02403846,0.02,agent_first_user_only_if_unresolved
simulation-a11-uncertainty-010,line-simulation-a11-000288,simulation-a11,1.187871148582837,0.8583034378468815,0.02884615,0.02,agent_first_user_only_if_unresolved
simulation-a11-uncertainty-010,line-simulation-a11-000289,simulation-a11,1.190739410393262,0.8606763082961986,0.03365385,0.02,agent_first_user_only_if_unresolved
simulation-a11-uncertainty-010,line-simulation-a11-000290,simulation-a11,1.193607672203687,0.8630491787455157,0.04326923,0.02,agent_first_user_only_if_unresolved
simulation-a11-uncertainty-010,line-simulation-a11-000291,simulation-a11,1.196475934014112,0.8630491787455157,0.04326923,0.02,agent_first_user_only_if_unresolved
simulation-a11-uncertainty-010,line-simulation-a11-000292,simulation-a11,1.199344195824537,0.8654220491948328,0.04807692,0.02,agent_first_user_only_if_unresolved
simulation-a11-uncertainty-010,line-simulation-a11-000293,simulation-a11,1.202212457634962,0.8654220491948328,0.04326923,0.02,agent_first_user_only_if_unresolved
simulation-a11-uncertainty-010,line-simulation-a11-000294,simulation-a11,1.205080719445387,0.8630491787455157,0.03846154,0.02,agent_first_user_only_if_unresolved
simulation-a11-uncertainty-010,line-simulation-a11-000295,simulation-a11,1.207948981255812,0.8654220491948328,0.03846154,0.02,agent_first_user_only_if_unresolved
simulation-a11-uncertainty-010,line-simulation-a11-000296,simulation-a11,1.210817243066237,0.8677949196441499,0.04326923,0.02,agent_first_user_only_if_unresolved
simulation-a11-uncertainty-011,line-simulation-a11-000315,simulation-a11,1.265314217464312,0.870167790093467,0.02403846,0.02,agent_first_user_only_if_unresolved
simulation-a11-uncertainty-011,line-simulation-a11-000316,simulation-a11,1.268182479274737,0.8677949196441499,0.02884615,0.02,agent_first_user_only_if_unresolved
simulation-a11-uncertainty-011,line-simulation-a11-000317,simulation-a11,1.271050741085162,0.8677949196441499,0.02884615,0.02,agent_first_user_only_if_unresolved
simulation-a11-uncertainty-011,line-simulation-a11-000318,simulation-a11,1.273919002895587,0.8677949196441499,0.03846154,0.02,agent_first_user_only_if_unresolved
simulation-a11-uncertainty-011,line-simulation-a11-000319,simulation-a11,1.276787264706012,0.870167790093467,0.04326923,0.02,agent_first_user_only_if_unresolved
simulation-a11-uncertainty-011,line-simulation-a11-000320,simulation-a11,1.2796555265164369,0.8677949196441499,0.03846154,0.02,agent_first_user_only_if_unresolved
simulation-a11-uncertainty-011,line-simulation-a11-000321,simulation-a11,1.2825237883268619,0.8677949196441499,0.03846154,0.02,agent_first_user_only_if_unresolved
simulation-a11-uncertainty-011,line-simulation-a11-000322,simulation-a11,1.2853920501372869,0.8677949196441499,0.03365385,0.02,agent_first_user_only_if_unresolved
simulation-a11-uncertainty-011,line-simulation-a11-000323,simulation-a11,1.2882603119477118,0.8677949196441499,0.02884615,0.02,agent_first_user_only_if_unresolved
simulation-a11-uncertainty-011,line-simulation-a11-000324,simulation-a11,1.2911285737581368,0.8677949196441499,0.02884615,0.02,agent_first_user_only_if_unresolved
simulation-a11-uncertainty-012,line-simulation-a11-000343,simulation-a11,1.3456255481562118,0.8677949196441499,0.03365385,0.02,agent_first_user_only_if_unresolved
simulation-a11-uncertainty-012,line-simulation-a11-000344,simulation-a11,1.3484938099666368,0.8654220491948328,0.03365385,0.02,agent_first_user_only_if_unresolved
simulation-a11-uncertainty-012,line-simulation-a11-000345,simulation-a11,1.3513620717770618,0.8630491787455157,0.03365385,0.02,agent_first_user_only_if_unresolved
simulation-a11-uncertainty-012,line-simulation-a11-000346,simulation-a11,1.3542303335874868,0.8630491787455157,0.03365385,0.02,agent_first_user_only_if_unresolved
simulation-a11-uncertainty-012,line-simulation-a11-000347,simulation-a11,1.3570985953979118,0.8654220491948328,0.04326923,0.02,agent_first_user_only_if_unresolved
simulation-a11-uncertainty-012,line-simulation-a11-000348,simulation-a11,1.3599668572083368,0.8654220491948328,0.04326923,0.02,agent_first_user_only_if_unresolved
simulation-a11-uncertainty-012,line-simulation-a11-000349,simulation-a11,1.3628351190187618,0.8630491787455157,0.04326923,0.02,agent_first_user_only_if_unresolved
simulation-a11-uncertainty-012,line-simulation-a11-000350,simulation-a11,1.3657033808291867,0.8630491787455157,0.03846154,0.02,agent_first_user_only_if_unresolved
simulation-a11-uncertainty-012,line-simulation-a11-000351,simulation-a11,1.3685716426396117,0.8630491787455157,0.03365385,0.02,agent_first_user_only_if_unresolved
simulation-a11-uncertainty-012,line-simulation-a11-000352,simulation-a11,1.3714399044500367,0.8606763082961986,0.02884615,0.02,agent_first_user_only_if_unresolved
simulation-a11-uncertainty-012,line-simulation-a11-000353,simulation-a11,1.3743081662604617,0.8606763082961986,0.02884615,0.02,agent_first_user_only_if_unresolved
simulation-a11-uncertainty-013,line-simulation-a11-000373,simulation-a11,1.4316734024689617,0.8535576969482472,0.03846154,0.02,agent_first_user_only_if_unresolved
simulation-a11-uncertainty-013,line-simulation-a11-000374,simulation-a11,1.4345416642793867,0.8511848264989301,0.04326923,0.02,agent_first_user_only_if_unresolved
simulation-a11-uncertainty-013,line-simulation-a11-000375,simulation-a11,1.4374099260898117,0.8488119560496131,0.03846154,0.02,agent_first_user_only_if_unresolved
simulation-a11-uncertainty-013,line-simulation-a11-000376,simulation-a11,1.4402781879002367,0.8488119560496131,0.04326923,0.02,agent_first_user_only_if_unresolved
simulation-a11-uncertainty-013,line-simulation-a11-000377,simulation-a11,1.4431464497106616,0.8488119560496131,0.04807692,0.02,agent_first_user_only_if_unresolved
simulation-a11-uncertainty-013,line-simulation-a11-000378,simulation-a11,1.4460147115210866,0.8488119560496131,0.04326923,0.02,agent_first_user_only_if_unresolved
simulation-a11-uncertainty-013,line-simulation-a11-000379,simulation-a11,1.4488829733315116,0.846439085600296,0.03846154,0.02,agent_first_user_only_if_unresolved
simulation-a11-uncertainty-013,line-simulation-a11-000380,simulation-a11,1.4517512351419366,0.846439085600296,0.02884615,0.02,agent_first_user_only_if_unresolved
simulation-a11-uncertainty-014,line-simulation-a11-000407,simulation-a11,1.5291943040234115,0.7918630652660028,0.02403846,0.02,agent_first_user_only_if_unresolved
simulation-a11-uncertainty-015,line-simulation-a11-000429,simulation-a11,1.5951643256631864,0.7633886198741977,0.02884615,0.02,agent_first_user_only_if_unresolved
simulation-a11-uncertainty-015,line-simulation-a11-000430,simulation-a11,1.5980325874736114,0.7610157494248806,0.03846154,0.02,agent_first_user_only_if_unresolved
simulation-a11-uncertainty-015,line-simulation-a11-000431,simulation-a11,1.6009008492840364,0.7586428789755635,0.03846154,0.02,agent_first_user_only_if_unresolved
simulation-a11-uncertainty-015,line-simulation-a11-000432,simulation-a11,1.6037691110944614,0.7586428789755635,0.03846154,0.02,agent_first_user_only_if_unresolved
simulation-a11-uncertainty-015,line-simulation-a11-000433,simulation-a11,1.6066373729048864,0.7586428789755635,0.04807692,0.02,agent_first_user_only_if_unresolved
simulation-a11-uncertainty-015,line-simulation-a11-000434,simulation-a11,1.6095056347153114,0.7562700085262464,0.04326923,0.02,agent_first_user_only_if_unresolved
simulation-a11-uncertainty-015,line-simulation-a11-000435,simulation-a11,1.6123738965257364,0.7562700085262464,0.03846154,0.02,agent_first_user_only_if_unresolved
simulation-a11-uncertainty-015,line-simulation-a11-000436,simulation-a11,1.6152421583361614,0.7538971380769293,0.03365385,0.02,agent_first_user_only_if_unresolved
simulation-a11-uncertainty-015,line-simulation-a11-000437,simulation-a11,1.6181104201465863,0.7515242676276122,0.02403846,0.02,agent_first_user_only_if_unresolved
simulation-a22-uncertainty-001,line-simulation-a22-000001,simulation-a22,0.0405664244128387,0.2128826756326314,0.02320675,0.02,agent_first_user_only_if_unresolved
simulation-a22-uncertainty-001,line-simulation-a22-000002,simulation-a22,0.04343468622326374,0.2128826756326314,0.02320675,0.02,agent_first_user_only_if_unresolved
simulation-a22-uncertainty-001,line-simulation-a22-000003,simulation-a22,0.04630294803368873,0.2105098051833143,0.02320675,0.02,agent_first_user_only_if_unresolved
simulation-a22-uncertainty-001,line-simulation-a22-000004,simulation-a22,0.04917120984411372,0.2105098051833143,0.02320675,0.02,agent_first_user_only_if_unresolved
simulation-a22-uncertainty-001,line-simulation-a22-000005,simulation-a22,0.052039471654538705,0.2081369347339973,0.02320675,0.02,agent_first_user_only_if_unresolved
simulation-a22-uncertainty-001,line-simulation-a22-000006,simulation-a22,0.05490773346496369,0.2057640642846802,0.02320675,0.02,agent_first_user_only_if_unresolved
simulation-a22-uncertainty-001,line-simulation-a22-000013,simulation-a22,0.07498556613793866,0.2081369347339973,0.02531646,0.02,agent_first_user_only_if_unresolved
simulation-a22-uncertainty-001,line-simulation-a22-000014,simulation-a22,0.07785382794836365,0.20339119383536308,0.02742616,0.02,agent_first_user_only_if_unresolved
simulation-a22-uncertainty-001,line-simulation-a22-000015,simulation-a22,0.08072208975878864,0.20339119383536308,0.02742616,0.02,agent_first_user_only_if_unresolved
simulation-a22-uncertainty-001,line-simulation-a22-000016,simulation-a22,0.08359035156921368,0.20339119383536308,0.02531646,0.02,agent_first_user_only_if_unresolved
simulation-a22-uncertainty-001,line-simulation-a22-000019,simulation-a22,0.09219513700048865,0.20339119383536308,0.03164557,0.02,agent_first_user_only_if_unresolved
simulation-a22-uncertainty-001,line-simulation-a22-000020,simulation-a22,0.09506339881091364,0.20101832338604597,0.02953586,0.02,agent_first_user_only_if_unresolved
simulation-a22-uncertainty-001,line-simulation-a22-000022,simulation-a22,0.10079992243176361,0.17728961889287498,0.02531646,0.02,agent_first_user_only_if_unresolved
simulation-a22-uncertainty-001,line-simulation-a22-000027,simulation-a22,0.1151412314838886,0.18678110069014342,0.02320675,0.02,agent_first_user_only_if_unresolved
simulation-a22-uncertainty-001,line-simulation-a22-000028,simulation-a22,0.1180094932943136,0.18678110069014342,0.02320675,0.02,agent_first_user_only_if_unresolved
simulation-a22-uncertainty-002,line-simulation-a22-000054,simulation-a22,0.19258430036536345,0.1298322099065331,0.03164557,0.02,agent_first_user_only_if_unresolved
simulation-a22-uncertainty-002,line-simulation-a22-000056,simulation-a22,0.19832082398621353,0.127459339457216,0.02109705,0.02,agent_first_user_only_if_unresolved
simulation-a22-uncertainty-002,line-simulation-a22-000057,simulation-a22,0.20118908579663852,0.1298322099065331,0.02742616,0.02,agent_first_user_only_if_unresolved
simulation-a22-uncertainty-002,line-simulation-a22-000058,simulation-a22,0.2040573476070635,0.1322050803558502,0.02742616,0.02,agent_first_user_only_if_unresolved
simulation-a22-uncertainty-002,line-simulation-a22-000059,simulation-a22,0.2069256094174885,0.12508646900789888,0.02531646,0.02,agent_first_user_only_if_unresolved
simulation-a22-uncertainty-002,line-simulation-a22-000060,simulation-a22,0.2097938712279135,0.13457795080516732,0.02531646,0.02,agent_first_user_only_if_unresolved
simulation-a22-uncertainty-002,line-simulation-a22-000061,simulation-a22,0.21266213303833847,0.1298322099065331,0.02320675,0.02,agent_first_user_only_if_unresolved
simulation-a22-uncertainty-002,line-simulation-a22-000062,simulation-a22,0.21553039484876346,0.127459339457216,0.02531646,0.02,agent_first_user_only_if_unresolved
simulation-a22-uncertainty-003,line-simulation-a22-000083,simulation-a22,0.2757638928676883,0.10847637586267922,0.02109705,0.02,agent_first_user_only_if_unresolved
simulation-a22-uncertainty-003,line-simulation-a22-000084,simulation-a22,0.2786321546781134,0.11322211676131344,0.03375527,0.02,agent_first_user_only_if_unresolved
simulation-a22-uncertainty-003,line-simulation-a22-000085,simulation-a22,0.2815004164885384,0.11322211676131344,0.02531646,0.02,agent_first_user_only_if_unresolved
simulation-a22-uncertainty-003,line-simulation-a22-000086,simulation-a22,0.2843686782989634,0.11084924631199633,0.03797468,0.02,agent_first_user_only_if_unresolved
simulation-a22-uncertainty-003,line-simulation-a22-000087,simulation-a22,0.2872369401093884,0.11084924631199633,0.02953586,0.02,agent_first_user_only_if_unresolved
simulation-a22-uncertainty-003,line-simulation-a22-000088,simulation-a22,0.29010520191981337,0.10847637586267922,0.02320675,0.02,agent_first_user_only_if_unresolved
simulation-a22-uncertainty-003,line-simulation-a22-000089,simulation-a22,0.29297346373023836,0.11084924631199633,0.02953586,0.02,agent_first_user_only_if_unresolved
simulation-a22-uncertainty-003,line-simulation-a22-000090,simulation-a22,0.29584172554066335,0.11084924631199633,0.02742616,0.02,agent_first_user_only_if_unresolved
simulation-a22-uncertainty-003,line-simulation-a22-000091,simulation-a22,0.29870998735108834,0.103730634964045,0.02531646,0.02,agent_first_user_only_if_unresolved
simulation-a22-uncertainty-003,line-simulation-a22-000092,simulation-a22,0.3015782491615133,0.11559498721063055,0.02320675,0.02,agent_first_user_only_if_unresolved
simulation-a22-uncertainty-003,line-simulation-a22-000094,simulation-a22,0.3073147727823633,0.10847637586267922,0.02953586,0.02,agent_first_user_only_if_unresolved
simulation-a22-uncertainty-003,line-simulation-a22-000095,simulation-a22,0.3101830345927883,0.103730634964045,0.02742616,0.02,agent_first_user_only_if_unresolved
simulation-a22-uncertainty-003,line-simulation-a22-000096,simulation-a22,0.3130512964032133,0.101357764514728,0.02742616,0.02,agent_first_user_only_if_unresolved
simulation-a22-uncertainty-003,line-simulation-a22-000097,simulation-a22,0.31591955821363826,0.101357764514728,0.02742616,0.02,agent_first_user_only_if_unresolved
simulation-a22-uncertainty-003,line-simulation-a22-000100,simulation-a22,0.32452434364491334,0.103730634964045,0.02742616,0.02,agent_first_user_only_if_unresolved
simulation-a22-uncertainty-003,line-simulation-a22-000101,simulation-a22,0.3273926054553383,0.101357764514728,0.02742616,0.02,agent_first_user_only_if_unresolved
simulation-a22-uncertainty-003,line-simulation-a22-000102,simulation-a22,0.3302608672657633,0.101357764514728,0.02531646,0.02,agent_first_user_only_if_unresolved
simulation-a22-uncertainty-003,line-simulation-a22-000103,simulation-a22,0.3331291290761883,0.103730634964045,0.02531646,0.02,agent_first_user_only_if_unresolved
simulation-a22-uncertainty-003,line-simulation-a22-000104,simulation-a22,0.3359973908866133,0.103730634964045,0.02531646,0.02,agent_first_user_only_if_unresolved
simulation-a22-uncertainty-003,line-simulation-a22-000105,simulation-a22,0.3388656526970383,0.101357764514728,0.02531646,0.02,agent_first_user_only_if_unresolved
simulation-a22-uncertainty-003,line-simulation-a22-000106,simulation-a22,0.34173391450746327,0.09898489406541089,0.02531646,0.02,agent_first_user_only_if_unresolved
simulation-a22-uncertainty-003,line-simulation-a22-000108,simulation-a22,0.35033869993873823,0.09661202361609378,0.02531646,0.02,agent_first_user_only_if_unresolved
simulation-a22-uncertainty-003,line-simulation-a22-000109,simulation-a22,0.3532069617491632,0.10847637586267922,0.02320675,0.02,agent_first_user_only_if_unresolved
simulation-a22-uncertainty-003,line-simulation-a22-000111,simulation-a22,0.3589434853700133,0.10610350541336211,0.02742616,0.02,agent_first_user_only_if_unresolved
simulation-a22-uncertainty-003,line-simulation-a22-000112,simulation-a22,0.3618117471804383,0.10610350541336211,0.02109705,0.02,agent_first_user_only_if_unresolved
simulation-a22-uncertainty-003,line-simulation-a22-000113,simulation-a22,0.3646800089908633,0.10610350541336211,0.02109705,0.02,agent_first_user_only_if_unresolved
simulation-a22-uncertainty-003,line-simulation-a22-000114,simulation-a22,0.36754827080128827,0.10610350541336211,0.02109705,0.02,agent_first_user_only_if_unresolved
simulation-a22-uncertainty-003,line-simulation-a22-000115,simulation-a22,0.37041653261171326,0.10610350541336211,0.03375527,0.02,agent_first_user_only_if_unresolved
simulation-a22-uncertainty-003,line-simulation-a22-000116,simulation-a22,0.37328479442213824,0.10610350541336211,0.03164557,0.02,agent_first_user_only_if_unresolved
simulation-a22-uncertainty-003,line-simulation-a22-000117,simulation-a22,0.37615305623256323,0.10610350541336211,0.03164557,0.02,agent_first_user_only_if_unresolved
simulation-a22-uncertainty-003,line-simulation-a22-000118,simulation-a22,0.3790213180429882,0.10610350541336211,0.03375527,0.02,agent_first_user_only_if_unresolved
simulation-a22-uncertainty-003,line-simulation-a22-000119,simulation-a22,0.3818895798534132,0.10610350541336211,0.03375527,0.02,agent_first_user_only_if_unresolved
simulation-a22-uncertainty-003,line-simulation-a22-000120,simulation-a22,0.3847578416638382,0.10847637586267922,0.02320675,0.02,agent_first_user_only_if_unresolved
simulation-a22-uncertainty-003,line-simulation-a22-000121,simulation-a22,0.3876261034742632,0.10847637586267922,0.02320675,0.02,agent_first_user_only_if_unresolved
simulation-a22-uncertainty-003,line-simulation-a22-000123,simulation-a22,0.39336262709511316,0.103730634964045,0.02742616,0.02,agent_first_user_only_if_unresolved
simulation-a22-uncertainty-003,line-simulation-a22-000124,simulation-a22,0.39623088890553815,0.101357764514728,0.02953586,0.02,agent_first_user_only_if_unresolved
simulation-a22-uncertainty-003,line-simulation-a22-000125,simulation-a22,0.39909915071596314,0.101357764514728,0.02742616,0.02,agent_first_user_only_if_unresolved
simulation-a22-uncertainty-003,line-simulation-a22-000126,simulation-a22,0.40196741252638823,0.101357764514728,0.02531646,0.02,agent_first_user_only_if_unresolved
simulation-a22-uncertainty-003,line-simulation-a22-000127,simulation-a22,0.4048356743368132,0.101357764514728,0.02531646,0.02,agent_first_user_only_if_unresolved
simulation-a22-uncertainty-003,line-simulation-a22-000128,simulation-a22,0.4077039361472382,0.101357764514728,0.02742616,0.02,agent_first_user_only_if_unresolved
simulation-a22-uncertainty-003,line-simulation-a22-000129,simulation-a22,0.4105721979576632,0.103730634964045,0.02742616,0.02,agent_first_user_only_if_unresolved
simulation-a22-uncertainty-003,line-simulation-a22-000130,simulation-a22,0.4134404597680882,0.11796785765994766,0.02742616,0.02,agent_first_user_only_if_unresolved
simulation-a22-uncertainty-003,line-simulation-a22-000131,simulation-a22,0.4163087215785132,0.11796785765994766,0.02742616,0.02,agent_first_user_only_if_unresolved
simulation-a22-uncertainty-003,line-simulation-a22-000132,simulation-a22,0.41917698338893816,0.103730634964045,0.02742616,0.02,agent_first_user_only_if_unresolved
simulation-a22-uncertainty-003,line-simulation-a22-000134,simulation-a22,0.42491350700978814,0.103730634964045,0.02742616,0.02,agent_first_user_only_if_unresolved
simulation-a22-uncertainty-003,line-simulation-a22-000135,simulation-a22,0.4277817688202131,0.11559498721063055,0.02531646,0.02,agent_first_user_only_if_unresolved
simulation-a22-uncertainty-003,line-simulation-a22-000138,simulation-a22,0.4363865542514881,0.11322211676131344,0.02320675,0.02,agent_first_user_only_if_unresolved
simulation-a22-uncertainty-003,line-simulation-a22-000139,simulation-a22,0.4392548160619131,0.11084924631199633,0.02531646,0.02,agent_first_user_only_if_unresolved
simulation-a22-uncertainty-003,line-simulation-a22-000140,simulation-a22,0.4421230778723382,0.11796785765994766,0.02531646,0.02,agent_first_user_only_if_unresolved
simulation-a22-uncertainty-003,line-simulation-a22-000141,simulation-a22,0.44499133968276317,0.11796785765994766,0.02320675,0.02,agent_first_user_only_if_unresolved
simulation-a22-uncertainty-003,line-simulation-a22-000142,simulation-a22,0.44785960149318815,0.11796785765994766,0.02742616,0.02,agent_first_user_only_if_unresolved
simulation-a22-uncertainty-003,line-simulation-a22-000143,simulation-a22,0.45072786330361314,0.11559498721063055,0.03164557,0.02,agent_first_user_only_if_unresolved
simulation-a22-uncertainty-003,line-simulation-a22-000144,simulation-a22,0.45359612511403813,0.11559498721063055,0.03164557,0.02,agent_first_user_only_if_unresolved
simulation-a22-uncertainty-003,line-simulation-a22-000145,simulation-a22,0.4564643869244631,0.11559498721063055,0.02531646,0.02,agent_first_user_only_if_unresolved
simulation-a22-uncertainty-003,line-simulation-a22-000146,simulation-a22,0.4593326487348881,0.11559498721063055,0.02320675,0.02,agent_first_user_only_if_unresolved
simulation-a22-uncertainty-003,line-simulation-a22-000147,simulation-a22,0.4622009105453131,0.11796785765994766,0.02109705,0.02,agent_first_user_only_if_unresolved
simulation-a22-uncertainty-003,line-simulation-a22-000148,simulation-a22,0.4650691723557381,0.11796785765994766,0.02320675,0.02,agent_first_user_only_if_unresolved
simulation-a22-uncertainty-003,line-simulation-a22-000149,simulation-a22,0.46793743416616307,0.11796785765994766,0.02109705,0.02,agent_first_user_only_if_unresolved
simulation-a22-uncertainty-003,line-simulation-a22-000150,simulation-a22,0.47080569597658806,0.12034072810926477,0.02320675,0.02,agent_first_user_only_if_unresolved
simulation-a22-uncertainty-004,line-simulation-a22-000163,simulation-a22,0.508093099512113,0.13457795080516732,0.02531646,0.02,agent_first_user_only_if_unresolved
simulation-a22-uncertainty-004,line-simulation-a22-000170,simulation-a22,0.528170932185088,0.13457795080516732,0.02109705,0.02,agent_first_user_only_if_unresolved
simulation-a22-uncertainty-004,line-simulation-a22-000180,simulation-a22,0.5568535502893379,0.127459339457216,0.03164557,0.02,agent_first_user_only_if_unresolved
simulation-a22-uncertainty-004,line-simulation-a22-000184,simulation-a22,0.571194859341463,0.14169656215311854,0.03586498,0.02,agent_first_user_only_if_unresolved
simulation-a22-uncertainty-004,line-simulation-a22-000185,simulation-a22,0.574063121151888,0.14169656215311854,0.02320675,0.02,agent_first_user_only_if_unresolved
simulation-a22-uncertainty-004,line-simulation-a22-000187,simulation-a22,0.5797996447727379,0.14406943260243565,0.02531646,0.02,agent_first_user_only_if_unresolved
simulation-a22-uncertainty-004,line-simulation-a22-000189,simulation-a22,0.5855361683935879,0.14644230305175276,0.02320675,0.02,agent_first_user_only_if_unresolved
simulation-a22-uncertainty-004,line-simulation-a22-000190,simulation-a22,0.5884044302040129,0.14644230305175276,0.03797468,0.02,agent_first_user_only_if_unresolved
simulation-a22-uncertainty-004,line-simulation-a22-000191,simulation-a22,0.5912726920144379,0.14881517350106988,0.02531646,0.02,agent_first_user_only_if_unresolved
simulation-a22-uncertainty-004,line-simulation-a22-000192,simulation-a22,0.5941409538248629,0.14881517350106988,0.02531646,0.02,agent_first_user_only_if_unresolved
simulation-a22-uncertainty-004,line-simulation-a22-000193,simulation-a22,0.5970092156352879,0.17254387799424087,0.03797468,0.02,agent_first_user_only_if_unresolved
simulation-a22-uncertainty-004,line-simulation-a22-000194,simulation-a22,0.5998774774457128,0.15118804395038699,0.02531646,0.02,agent_first_user_only_if_unresolved
simulation-a22-uncertainty-004,line-simulation-a22-000195,simulation-a22,0.6027457392561378,0.1535609143997041,0.02320675,0.02,agent_first_user_only_if_unresolved
simulation-a22-uncertainty-004,line-simulation-a22-000196,simulation-a22,0.6056140010665629,0.1535609143997041,0.02531646,0.02,agent_first_user_only_if_unresolved
simulation-a22-uncertainty-004,line-simulation-a22-000197,simulation-a22,0.6084822628769879,0.1559337848490212,0.03586498,0.02,agent_first_user_only_if_unresolved
simulation-a22-uncertainty-004,line-simulation-a22-000198,simulation-a22,0.6113505246874129,0.1583066552983382,0.03797468,0.02,agent_first_user_only_if_unresolved
simulation-a22-uncertainty-004,line-simulation-a22-000201,simulation-a22,0.6199553101186879,0.17254387799424087,0.03586498,0.02,agent_first_user_only_if_unresolved
simulation-a22-uncertainty-004,line-simulation-a22-000205,simulation-a22,0.6314283573603878,0.1796624893421921,0.03164557,0.02,agent_first_user_only_if_unresolved
simulation-a22-uncertainty-004,line-simulation-a22-000206,simulation-a22,0.6342966191708128,0.1820353597915092,0.03164557,0.02,agent_first_user_only_if_unresolved
simulation-a22-uncertainty-005,line-simulation-a22-000217,simulation-a22,0.7002666408105878,0.2888145300107785,0.02531646,0.02,agent_first_user_only_if_unresolved
simulation-a22-uncertainty-006,line-simulation-a22-000228,simulation-a22,0.7863144951233376,0.6281350042631232,0.04008439,0.02,agent_first_user_only_if_unresolved
simulation-a22-uncertainty-007,line-simulation-a22-000241,simulation-a22,0.8608893021943875,0.5925419475233668,0.04008439,0.02,agent_first_user_only_if_unresolved
simulation-a22-uncertainty-007,line-simulation-a22-000242,simulation-a22,0.8637575640048125,0.5901690770740496,0.03797468,0.02,agent_first_user_only_if_unresolved
simulation-a22-uncertainty-007,line-simulation-a22-000251,simulation-a22,0.9469371565071374,0.2888145300107785,0.02531646,0.02,agent_first_user_only_if_unresolved
simulation-a22-uncertainty-007,line-simulation-a22-000252,simulation-a22,0.9498054183175624,0.27220443686555884,0.02531646,0.02,agent_first_user_only_if_unresolved
simulation-a22-uncertainty-007,line-simulation-a22-000253,simulation-a22,0.9526736801279874,0.26983156641624173,0.02109705,0.02,agent_first_user_only_if_unresolved
simulation-a22-uncertainty-008,line-simulation-a22-000275,simulation-a22,1.0157754399573373,0.19389971203809464,0.02742616,0.02,agent_first_user_only_if_unresolved
simulation-a22-uncertainty-008,line-simulation-a22-000276,simulation-a22,1.0186437017677623,0.18915397113946053,0.02742616,0.02,agent_first_user_only_if_unresolved
simulation-a22-uncertainty-008,line-simulation-a22-000277,simulation-a22,1.0215119635781873,0.18678110069014342,0.02742616,0.02,agent_first_user_only_if_unresolved
simulation-a22-uncertainty-008,line-simulation-a22-000278,simulation-a22,1.0243802253886123,0.1820353597915092,0.02742616,0.02,agent_first_user_only_if_unresolved
simulation-a22-uncertainty-008,line-simulation-a22-000279,simulation-a22,1.0272484871990373,0.1820353597915092,0.02320675,0.02,agent_first_user_only_if_unresolved
simulation-a22-uncertainty-008,line-simulation-a22-000280,simulation-a22,1.0301167490094623,0.1820353597915092,0.02531646,0.02,agent_first_user_only_if_unresolved
simulation-a22-uncertainty-008,line-simulation-a22-000282,simulation-a22,1.0358532726303122,0.17728961889287498,0.02531646,0.02,agent_first_user_only_if_unresolved
simulation-a22-uncertainty-008,line-simulation-a22-000283,simulation-a22,1.0387215344407372,0.17491674844355787,0.03164557,0.02,agent_first_user_only_if_unresolved
simulation-a22-uncertainty-008,line-simulation-a22-000284,simulation-a22,1.0415897962511622,0.17491674844355787,0.02320675,0.02,agent_first_user_only_if_unresolved
simulation-a22-uncertainty-008,line-simulation-a22-000286,simulation-a22,1.0473263198720122,0.17491674844355787,0.02742616,0.02,agent_first_user_only_if_unresolved
simulation-a22-uncertainty-008,line-simulation-a22-000291,simulation-a22,1.0616676289241371,0.16542526664628954,0.02320675,0.02,agent_first_user_only_if_unresolved
simulation-a22-uncertainty-008,line-simulation-a22-000292,simulation-a22,1.0645358907345621,0.16542526664628954,0.02531646,0.02,agent_first_user_only_if_unresolved
simulation-a22-uncertainty-008,line-simulation-a22-000295,simulation-a22,1.0731406761658373,0.16305239619697243,0.02531646,0.02,agent_first_user_only_if_unresolved
simulation-a22-uncertainty-008,line-simulation-a22-000296,simulation-a22,1.0760089379762623,0.16305239619697243,0.02531646,0.02,agent_first_user_only_if_unresolved
simulation-a22-uncertainty-008,line-simulation-a22-000297,simulation-a22,1.0788771997866873,0.16305239619697243,0.02531646,0.02,agent_first_user_only_if_unresolved
simulation-a22-uncertainty-008,line-simulation-a22-000298,simulation-a22,1.0817454615971123,0.16067952574765532,0.02742616,0.02,agent_first_user_only_if_unresolved
simulation-a22-uncertainty-008,line-simulation-a22-000299,simulation-a22,1.0846137234075373,0.16067952574765532,0.02531646,0.02,agent_first_user_only_if_unresolved
simulation-a22-uncertainty-008,line-simulation-a22-000300,simulation-a22,1.0874819852179622,0.1583066552983382,0.02531646,0.02,agent_first_user_only_if_unresolved
simulation-a22-uncertainty-008,line-simulation-a22-000301,simulation-a22,1.0903502470283872,0.1583066552983382,0.02320675,0.02,agent_first_user_only_if_unresolved
simulation-a22-uncertainty-008,line-simulation-a22-000304,simulation-a22,1.0989550324596622,0.15118804395038699,0.02109705,0.02,agent_first_user_only_if_unresolved
simulation-a22-uncertainty-008,line-simulation-a22-000305,simulation-a22,1.1018232942700872,0.14406943260243565,0.02109705,0.02,agent_first_user_only_if_unresolved
simulation-a22-uncertainty-008,line-simulation-a22-000306,simulation-a22,1.1046915560805122,0.14406943260243565,0.03164557,0.02,agent_first_user_only_if_unresolved
simulation-a22-uncertainty-008,line-simulation-a22-000308,simulation-a22,1.1104280797013621,0.13695082125448443,0.02953586,0.02,agent_first_user_only_if_unresolved
simulation-a22-uncertainty-008,line-simulation-a22-000309,simulation-a22,1.1132963415117871,0.14644230305175276,0.02953586,0.02,agent_first_user_only_if_unresolved
simulation-a22-uncertainty-009,line-simulation-a22-000325,simulation-a22,1.1591885304785872,0.12034072810926477,0.02320675,0.02,agent_first_user_only_if_unresolved
simulation-a22-uncertainty-009,line-simulation-a22-000334,simulation-a22,1.185002886772412,0.10847637586267922,0.02320675,0.02,agent_first_user_only_if_unresolved
simulation-a22-uncertainty-009,line-simulation-a22-000336,simulation-a22,1.190739410393262,0.10847637586267922,0.02531646,0.02,agent_first_user_only_if_unresolved
simulation-a22-uncertainty-009,line-simulation-a22-000337,simulation-a22,1.193607672203687,0.11084924631199633,0.02109705,0.02,agent_first_user_only_if_unresolved
simulation-a22-uncertainty-009,line-simulation-a22-000338,simulation-a22,1.196475934014112,0.10610350541336211,0.02320675,0.02,agent_first_user_only_if_unresolved
simulation-a22-uncertainty-009,line-simulation-a22-000339,simulation-a22,1.199344195824537,0.10610350541336211,0.02320675,0.02,agent_first_user_only_if_unresolved
simulation-a22-uncertainty-009,line-simulation-a22-000340,simulation-a22,1.202212457634962,0.10610350541336211,0.02742616,0.02,agent_first_user_only_if_unresolved
simulation-a22-uncertainty-009,line-simulation-a22-000342,simulation-a22,1.207948981255812,0.11559498721063055,0.02109705,0.02,agent_first_user_only_if_unresolved
simulation-a22-uncertainty-009,line-simulation-a22-000348,simulation-a22,1.2251585521183619,0.103730634964045,0.02109705,0.02,agent_first_user_only_if_unresolved
simulation-a22-uncertainty-009,line-simulation-a22-000355,simulation-a22,1.245236384791337,0.10847637586267922,0.02320675,0.02,agent_first_user_only_if_unresolved
simulation-a22-uncertainty-009,line-simulation-a22-000358,simulation-a22,1.253841170222612,0.101357764514728,0.02109705,0.02,agent_first_user_only_if_unresolved
simulation-a22-uncertainty-009,line-simulation-a22-000359,simulation-a22,1.256709432033037,0.101357764514728,0.02109705,0.02,agent_first_user_only_if_unresolved
simulation-a22-uncertainty-009,line-simulation-a22-000360,simulation-a22,1.259577693843462,0.10610350541336211,0.02320675,0.02,agent_first_user_only_if_unresolved
simulation-a22-uncertainty-009,line-simulation-a22-000363,simulation-a22,1.268182479274737,0.10847637586267922,0.02320675,0.02,agent_first_user_only_if_unresolved
simulation-a22-uncertainty-009,line-simulation-a22-000364,simulation-a22,1.271050741085162,0.10847637586267922,0.02109705,0.02,agent_first_user_only_if_unresolved
simulation-a22-uncertainty-009,line-simulation-a22-000365,simulation-a22,1.273919002895587,0.10610350541336211,0.02953586,0.02,agent_first_user_only_if_unresolved
simulation-a22-uncertainty-009,line-simulation-a22-000366,simulation-a22,1.276787264706012,0.103730634964045,0.02320675,0.02,agent_first_user_only_if_unresolved
simulation-a22-uncertainty-009,line-simulation-a22-000368,simulation-a22,1.2825237883268619,0.10610350541336211,0.02953586,0.02,agent_first_user_only_if_unresolved
simulation-a22-uncertainty-009,line-simulation-a22-000369,simulation-a22,1.2853920501372869,0.10610350541336211,0.02320675,0.02,agent_first_user_only_if_unresolved
simulation-a22-uncertainty-009,line-simulation-a22-000370,simulation-a22,1.2882603119477118,0.10610350541336211,0.02320675,0.02,agent_first_user_only_if_unresolved
simulation-a22-uncertainty-009,line-simulation-a22-000371,simulation-a22,1.2911285737581368,0.10610350541336211,0.02109705,0.02,agent_first_user_only_if_unresolved
simulation-a22-uncertainty-010,line-simulation-a22-000392,simulation-a22,1.3513620717770618,0.10847637586267922,0.02109705,0.02,agent_first_user_only_if_unresolved
simulation-a22-uncertainty-010,line-simulation-a22-000393,simulation-a22,1.3542303335874868,0.11084924631199633,0.02320675,0.02,agent_first_user_only_if_unresolved
simulation-a22-uncertainty-010,line-simulation-a22-000394,simulation-a22,1.3570985953979118,0.11084924631199633,0.02531646,0.02,agent_first_user_only_if_unresolved
simulation-a22-uncertainty-010,line-simulation-a22-000395,simulation-a22,1.3599668572083368,0.10610350541336211,0.02531646,0.02,agent_first_user_only_if_unresolved
simulation-a22-uncertainty-010,line-simulation-a22-000396,simulation-a22,1.3628351190187618,0.103730634964045,0.02531646,0.02,agent_first_user_only_if_unresolved
simulation-a22-uncertainty-010,line-simulation-a22-000397,simulation-a22,1.3657033808291867,0.103730634964045,0.02531646,0.02,agent_first_user_only_if_unresolved
simulation-a22-uncertainty-010,line-simulation-a22-000398,simulation-a22,1.3685716426396117,0.103730634964045,0.02531646,0.02,agent_first_user_only_if_unresolved
simulation-a22-uncertainty-010,line-simulation-a22-000399,simulation-a22,1.3714399044500367,0.10610350541336211,0.02109705,0.02,agent_first_user_only_if_unresolved
simulation-a22-uncertainty-011,line-simulation-a22-000422,simulation-a22,1.4374099260898117,0.11796785765994766,0.02320675,0.02,agent_first_user_only_if_unresolved
simulation-a22-uncertainty-011,line-simulation-a22-000423,simulation-a22,1.4402781879002367,0.11796785765994766,0.02531646,0.02,agent_first_user_only_if_unresolved
simulation-a22-uncertainty-011,line-simulation-a22-000424,simulation-a22,1.4431464497106616,0.11796785765994766,0.02531646,0.02,agent_first_user_only_if_unresolved
simulation-a22-uncertainty-011,line-simulation-a22-000425,simulation-a22,1.4460147115210866,0.11796785765994766,0.02742616,0.02,agent_first_user_only_if_unresolved
simulation-a22-uncertainty-011,line-simulation-a22-000426,simulation-a22,1.4488829733315116,0.12034072810926477,0.02953586,0.02,agent_first_user_only_if_unresolved
simulation-a22-uncertainty-011,line-simulation-a22-000427,simulation-a22,1.4517512351419366,0.11796785765994766,0.02953586,0.02,agent_first_user_only_if_unresolved
simulation-a22-uncertainty-011,line-simulation-a22-000428,simulation-a22,1.4546194969523616,0.11322211676131344,0.02320675,0.02,agent_first_user_only_if_unresolved
simulation-a22-uncertainty-011,line-simulation-a22-000429,simulation-a22,1.4574877587627866,0.11796785765994766,0.02109705,0.02,agent_first_user_only_if_unresolved
simulation-a22-uncertainty-011,line-simulation-a22-000430,simulation-a22,1.4603560205732116,0.11796785765994766,0.02109705,0.02,agent_first_user_only_if_unresolved
simulation-a22-uncertainty-011,line-simulation-a22-000431,simulation-a22,1.4632242823836366,0.12271359855858177,0.02109705,0.02,agent_first_user_only_if_unresolved
simulation-a22-uncertainty-012,line-simulation-a22-000463,simulation-a22,1.5693499693693616,0.16542526664628954,0.02953586,0.02,agent_first_user_only_if_unresolved
simulation-a22-uncertainty-012,line-simulation-a22-000464,simulation-a22,1.5722182311797865,0.17017100754492376,0.02742616,0.02,agent_first_user_only_if_unresolved
simulation-a22-uncertainty-012,line-simulation-a22-000465,simulation-a22,1.5750864929902115,0.16542526664628954,0.03164557,0.02,agent_first_user_only_if_unresolved
simulation-a22-uncertainty-013,line-simulation-a22-000476,simulation-a22,1.6066373729048864,0.19627258248741175,0.02109705,0.02,agent_first_user_only_if_unresolved
simulation-a22-uncertainty-013,line-simulation-a22-000477,simulation-a22,1.6095056347153114,0.20101832338604597,0.02320675,0.02,agent_first_user_only_if_unresolved
simulation-a22-uncertainty-013,line-simulation-a22-000478,simulation-a22,1.6123738965257364,0.20101832338604597,0.02320675,0.02,agent_first_user_only_if_unresolved
simulation-a22-uncertainty-013,line-simulation-a22-000479,simulation-a22,1.6152421583361614,0.20101832338604597,0.02320675,0.02,agent_first_user_only_if_unresolved
simulation-a22-uncertainty-013,line-simulation-a22-000480,simulation-a22,1.6181104201465863,0.20101832338604597,0.02320675,0.02,agent_first_user_only_if_unresolved
simulation-a33-uncertainty-001,line-simulation-a33-000001,simulation-a33,0.0405664244128387,0.031358086259873685,0.2,0.02,agent_first_user_only_if_unresolved
simulation-a33-uncertainty-001,line-simulation-a33-000002,simulation-a33,0.04343468622326374,0.03017165103521502,0.13333333,0.02,agent_first_user_only_if_unresolved
simulation-a33-uncertainty-001,line-simulation-a33-000003,simulation-a33,0.04630294803368873,0.03017165103521502,0.13333333,0.02,agent_first_user_only_if_unresolved
simulation-a33-uncertainty-001,line-simulation-a33-000004,simulation-a33,0.04917120984411372,0.03017165103521502,0.26666667,0.02,agent_first_user_only_if_unresolved
simulation-a33-uncertainty-001,line-simulation-a33-000005,simulation-a33,0.052039471654538705,0.02779878058589791,0.26666667,0.02,agent_first_user_only_if_unresolved
simulation-a33-uncertainty-001,line-simulation-a33-000006,simulation-a33,0.05490773346496369,0.026612345361239464,0.33333333,0.02,agent_first_user_only_if_unresolved
simulation-a33-uncertainty-001,line-simulation-a33-000007,simulation-a33,0.05777599527538868,0.03017165103521502,0.13333333,0.02,agent_first_user_only_if_unresolved
simulation-a33-uncertainty-001,line-simulation-a33-000008,simulation-a33,0.06064425708581367,0.03017165103521502,0.13333333,0.02,agent_first_user_only_if_unresolved
simulation-a33-uncertainty-001,line-simulation-a33-000009,simulation-a33,0.06351251889623871,0.03017165103521502,0.13333333,0.02,agent_first_user_only_if_unresolved
simulation-a33-uncertainty-001,line-simulation-a33-000010,simulation-a33,0.0663807807066637,0.03017165103521502,0.13333333,0.02,agent_first_user_only_if_unresolved
simulation-a33-uncertainty-001,line-simulation-a33-000011,simulation-a33,0.06924904251708869,0.03017165103521502,0.13333333,0.02,agent_first_user_only_if_unresolved
simulation-a33-uncertainty-001,line-simulation-a33-000012,simulation-a33,0.07211730432751368,0.03017165103521502,0.13333333,0.02,agent_first_user_only_if_unresolved
simulation-a33-uncertainty-001,line-simulation-a33-000013,simulation-a33,0.07498556613793866,0.03017165103521502,0.13333333,0.02,agent_first_user_only_if_unresolved
simulation-a33-uncertainty-001,line-simulation-a33-000014,simulation-a33,0.07785382794836365,0.03017165103521502,0.13333333,0.02,agent_first_user_only_if_unresolved
simulation-a33-uncertainty-001,line-simulation-a33-000015,simulation-a33,0.08072208975878864,0.03017165103521502,0.13333333,0.02,agent_first_user_only_if_unresolved
simulation-a33-uncertainty-001,line-simulation-a33-000016,simulation-a33,0.08359035156921368,0.03017165103521502,0.13333333,0.02,agent_first_user_only_if_unresolved
simulation-a33-uncertainty-001,line-simulation-a33-000017,simulation-a33,0.08645861337963867,0.03017165103521502,0.13333333,0.02,agent_first_user_only_if_unresolved
simulation-a33-uncertainty-001,line-simulation-a33-000018,simulation-a33,0.08932687519006366,0.03017165103521502,0.13333333,0.02,agent_first_user_only_if_unresolved
simulation-a33-uncertainty-001,line-simulation-a33-000019,simulation-a33,0.09219513700048865,0.03017165103521502,0.13333333,0.02,agent_first_user_only_if_unresolved
simulation-a33-uncertainty-001,line-simulation-a33-000020,simulation-a33,0.09506339881091364,0.028985215810556575,0.2,0.02,agent_first_user_only_if_unresolved
simulation-a33-uncertainty-001,line-simulation-a33-000021,simulation-a33,0.09793166062133862,0.028985215810556575,0.2,0.02,agent_first_user_only_if_unresolved
simulation-a33-uncertainty-001,line-simulation-a33-000022,simulation-a33,0.10079992243176361,0.028985215810556575,0.2,0.02,agent_first_user_only_if_unresolved
simulation-a33-uncertainty-001,line-simulation-a33-000023,simulation-a33,0.1036681842421886,0.028985215810556575,0.2,0.02,agent_first_user_only_if_unresolved
simulation-a33-uncertainty-001,line-simulation-a33-000024,simulation-a33,0.10653644605261364,0.028985215810556575,0.2,0.02,agent_first_user_only_if_unresolved
simulation-a33-uncertainty-001,line-simulation-a33-000025,simulation-a33,0.10940470786303863,0.02779878058589791,0.13333333,0.02,agent_first_user_only_if_unresolved
simulation-a33-uncertainty-001,line-simulation-a33-000026,simulation-a33,0.11227296967346362,0.02779878058589791,0.13333333,0.02,agent_first_user_only_if_unresolved
simulation-a33-uncertainty-001,line-simulation-a33-000027,simulation-a33,0.1151412314838886,0.02779878058589791,0.13333333,0.02,agent_first_user_only_if_unresolved
simulation-a33-uncertainty-001,line-simulation-a33-000028,simulation-a33,0.1180094932943136,0.03017165103521502,0.4,0.02,agent_first_user_only_if_unresolved
simulation-a33-uncertainty-001,line-simulation-a33-000029,simulation-a33,0.12087775510473858,0.03017165103521502,0.26666667,0.02,agent_first_user_only_if_unresolved
simulation-a33-uncertainty-001,line-simulation-a33-000030,simulation-a33,0.12374601691516357,0.028985215810556575,0.2,0.02,agent_first_user_only_if_unresolved
simulation-a33-uncertainty-001,line-simulation-a33-000031,simulation-a33,0.1266142787255886,0.028985215810556575,0.2,0.02,agent_first_user_only_if_unresolved
simulation-a33-uncertainty-001,line-simulation-a33-000032,simulation-a33,0.1294825405360136,0.028985215810556575,0.2,0.02,agent_first_user_only_if_unresolved
simulation-a33-uncertainty-001,line-simulation-a33-000033,simulation-a33,0.1323508023464386,0.028985215810556575,0.33333333,0.02,agent_first_user_only_if_unresolved
simulation-a33-uncertainty-001,line-simulation-a33-000034,simulation-a33,0.13521906415686358,0.026612345361239464,0.33333333,0.02,agent_first_user_only_if_unresolved
simulation-a33-uncertainty-001,line-simulation-a33-000035,simulation-a33,0.13808732596728857,0.02779878058589791,0.13333333,0.02,agent_first_user_only_if_unresolved
simulation-a33-uncertainty-001,line-simulation-a33-000036,simulation-a33,0.14095558777771355,0.02779878058589791,0.13333333,0.02,agent_first_user_only_if_unresolved
simulation-a33-uncertainty-001,line-simulation-a33-000037,simulation-a33,0.14382384958813854,0.02779878058589791,0.13333333,0.02,agent_first_user_only_if_unresolved
simulation-a33-uncertainty-001,line-simulation-a33-000038,simulation-a33,0.14669211139856353,0.03017165103521502,0.13333333,0.02,agent_first_user_only_if_unresolved
simulation-a33-uncertainty-001,line-simulation-a33-000039,simulation-a33,0.14956037320898852,0.03017165103521502,0.13333333,0.02,agent_first_user_only_if_unresolved
simulation-a33-uncertainty-001,line-simulation-a33-000040,simulation-a33,0.1524286350194135,0.03017165103521502,0.13333333,0.02,agent_first_user_only_if_unresolved
simulation-a33-uncertainty-001,line-simulation-a33-000041,simulation-a33,0.1552968968298386,0.03017165103521502,0.13333333,0.02,agent_first_user_only_if_unresolved
simulation-a33-uncertainty-001,line-simulation-a33-000042,simulation-a33,0.1581651586402636,0.03017165103521502,0.13333333,0.02,agent_first_user_only_if_unresolved
simulation-a33-uncertainty-001,line-simulation-a33-000043,simulation-a33,0.16103342045068858,0.03017165103521502,0.13333333,0.02,agent_first_user_only_if_unresolved
simulation-a33-uncertainty-001,line-simulation-a33-000044,simulation-a33,0.16390168226111357,0.03017165103521502,0.13333333,0.02,agent_first_user_only_if_unresolved
simulation-a33-uncertainty-001,line-simulation-a33-000045,simulation-a33,0.16676994407153856,0.03017165103521502,0.13333333,0.02,agent_first_user_only_if_unresolved
simulation-a33-uncertainty-001,line-simulation-a33-000046,simulation-a33,0.16963820588196354,0.03017165103521502,0.13333333,0.02,agent_first_user_only_if_unresolved
simulation-a33-uncertainty-001,line-simulation-a33-000047,simulation-a33,0.17250646769238853,0.03017165103521502,0.13333333,0.02,agent_first_user_only_if_unresolved
simulation-a33-uncertainty-001,line-simulation-a33-000048,simulation-a33,0.17537472950281352,0.03017165103521502,0.13333333,0.02,agent_first_user_only_if_unresolved
simulation-a33-uncertainty-001,line-simulation-a33-000049,simulation-a33,0.1782429913132385,0.03017165103521502,0.13333333,0.02,agent_first_user_only_if_unresolved
simulation-a33-uncertainty-001,line-simulation-a33-000050,simulation-a33,0.1811112531236635,0.03017165103521502,0.13333333,0.02,agent_first_user_only_if_unresolved
simulation-a33-uncertainty-001,line-simulation-a33-000051,simulation-a33,0.18397951493408848,0.03017165103521502,0.13333333,0.02,agent_first_user_only_if_unresolved
simulation-a33-uncertainty-001,line-simulation-a33-000052,simulation-a33,0.18684777674451347,0.03017165103521502,0.13333333,0.02,agent_first_user_only_if_unresolved
simulation-a33-uncertainty-001,line-simulation-a33-000053,simulation-a33,0.18971603855493846,0.03017165103521502,0.13333333,0.02,agent_first_user_only_if_unresolved
simulation-a33-uncertainty-001,line-simulation-a33-000054,simulation-a33,0.19258430036536345,0.03017165103521502,0.13333333,0.02,agent_first_user_only_if_unresolved
simulation-a33-uncertainty-001,line-simulation-a33-000055,simulation-a33,0.19545256217578855,0.03017165103521502,0.13333333,0.02,agent_first_user_only_if_unresolved
simulation-a33-uncertainty-001,line-simulation-a33-000056,simulation-a33,0.19832082398621353,0.02779878058589791,0.26666667,0.02,agent_first_user_only_if_unresolved
simulation-a33-uncertainty-001,line-simulation-a33-000057,simulation-a33,0.20118908579663852,0.031358086259873685,0.33333333,0.02,agent_first_user_only_if_unresolved
simulation-a33-uncertainty-001,line-simulation-a33-000058,simulation-a33,0.2040573476070635,0.031358086259873685,0.2,0.02,agent_first_user_only_if_unresolved
simulation-a33-uncertainty-001,line-simulation-a33-000059,simulation-a33,0.2069256094174885,0.03017165103521502,0.13333333,0.02,agent_first_user_only_if_unresolved
simulation-a33-uncertainty-001,line-simulation-a33-000060,simulation-a33,0.2097938712279135,0.03017165103521502,0.13333333,0.02,agent_first_user_only_if_unresolved
simulation-a33-uncertainty-001,line-simulation-a33-000061,simulation-a33,0.21266213303833847,0.031358086259873685,0.2,0.02,agent_first_user_only_if_unresolved
simulation-a33-uncertainty-001,line-simulation-a33-000062,simulation-a33,0.21553039484876346,0.03017165103521502,0.4,0.02,agent_first_user_only_if_unresolved
simulation-a33-uncertainty-001,line-simulation-a33-000063,simulation-a33,0.21839865665918845,0.03017165103521502,0.13333333,0.02,agent_first_user_only_if_unresolved
simulation-a33-uncertainty-001,line-simulation-a33-000064,simulation-a33,0.22126691846961344,0.03017165103521502,0.13333333,0.02,agent_first_user_only_if_unresolved
simulation-a33-uncertainty-001,line-simulation-a33-000065,simulation-a33,0.22413518028003843,0.03017165103521502,0.13333333,0.02,agent_first_user_only_if_unresolved
simulation-a33-uncertainty-001,line-simulation-a33-000066,simulation-a33,0.22700344209046341,0.03017165103521502,0.13333333,0.02,agent_first_user_only_if_unresolved
simulation-a33-uncertainty-001,line-simulation-a33-000067,simulation-a33,0.2298717039008884,0.03017165103521502,0.13333333,0.02,agent_first_user_only_if_unresolved
simulation-a33-uncertainty-001,line-simulation-a33-000068,simulation-a33,0.2327399657113134,0.03017165103521502,0.13333333,0.02,agent_first_user_only_if_unresolved
simulation-a33-uncertainty-001,line-simulation-a33-000069,simulation-a33,0.23560822752173838,0.03017165103521502,0.13333333,0.02,agent_first_user_only_if_unresolved
simulation-a33-uncertainty-001,line-simulation-a33-000070,simulation-a33,0.23847648933216348,0.03017165103521502,0.13333333,0.02,agent_first_user_only_if_unresolved
simulation-a33-uncertainty-001,line-simulation-a33-000071,simulation-a33,0.24134475114258847,0.03017165103521502,0.13333333,0.02,agent_first_user_only_if_unresolved
simulation-a33-uncertainty-001,line-simulation-a33-000072,simulation-a33,0.24421301295301345,0.03017165103521502,0.13333333,0.02,agent_first_user_only_if_unresolved
simulation-a33-uncertainty-001,line-simulation-a33-000073,simulation-a33,0.24708127476343844,0.03017165103521502,0.13333333,0.02,agent_first_user_only_if_unresolved
simulation-a33-uncertainty-001,line-simulation-a33-000074,simulation-a33,0.24994953657386343,0.03017165103521502,0.13333333,0.02,agent_first_user_only_if_unresolved
simulation-a33-uncertainty-001,line-simulation-a33-000075,simulation-a33,0.2528177983842884,0.03017165103521502,0.13333333,0.02,agent_first_user_only_if_unresolved
simulation-a33-uncertainty-001,line-simulation-a33-000076,simulation-a33,0.2556860601947134,0.03017165103521502,0.13333333,0.02,agent_first_user_only_if_unresolved
simulation-a33-uncertainty-001,line-simulation-a33-000077,simulation-a33,0.2585543220051384,0.03017165103521502,0.13333333,0.02,agent_first_user_only_if_unresolved
simulation-a33-uncertainty-001,line-simulation-a33-000078,simulation-a33,0.2614225838155634,0.03017165103521502,0.13333333,0.02,agent_first_user_only_if_unresolved
simulation-a33-uncertainty-001,line-simulation-a33-000079,simulation-a33,0.26429084562598837,0.03017165103521502,0.13333333,0.02,agent_first_user_only_if_unresolved
simulation-a33-uncertainty-001,line-simulation-a33-000080,simulation-a33,0.26715910743641336,0.03017165103521502,0.13333333,0.02,agent_first_user_only_if_unresolved
simulation-a33-uncertainty-001,line-simulation-a33-000081,simulation-a33,0.27002736924683834,0.03017165103521502,0.13333333,0.02,agent_first_user_only_if_unresolved
simulation-a33-uncertainty-001,line-simulation-a33-000082,simulation-a33,0.27289563105726333,0.03017165103521502,0.13333333,0.02,agent_first_user_only_if_unresolved
simulation-a33-uncertainty-001,line-simulation-a33-000083,simulation-a33,0.2757638928676883,0.031358086259873685,0.06666667,0.02,agent_first_user_only_if_unresolved
simulation-a33-uncertainty-001,line-simulation-a33-000084,simulation-a33,0.2786321546781134,0.031358086259873685,0.06666667,0.02,agent_first_user_only_if_unresolved
simulation-a33-uncertainty-001,line-simulation-a33-000085,simulation-a33,0.2815004164885384,0.031358086259873685,0.46666667,0.02,agent_first_user_only_if_unresolved
simulation-a33-uncertainty-001,line-simulation-a33-000086,simulation-a33,0.2843686782989634,0.031358086259873685,0.33333333,0.02,agent_first_user_only_if_unresolved
simulation-a33-uncertainty-001,line-simulation-a33-000087,simulation-a33,0.2872369401093884,0.031358086259873685,0.2,0.02,agent_first_user_only_if_unresolved
simulation-a33-uncertainty-001,line-simulation-a33-000088,simulation-a33,0.29010520191981337,0.031358086259873685,0.2,0.02,agent_first_user_only_if_unresolved
simulation-a33-uncertainty-001,line-simulation-a33-000089,simulation-a33,0.29297346373023836,0.031358086259873685,0.2,0.02,agent_first_user_only_if_unresolved
simulation-a33-uncertainty-001,line-simulation-a33-000090,simulation-a33,0.29584172554066335,0.031358086259873685,0.33333333,0.02,agent_first_user_only_if_unresolved
simulation-a33-uncertainty-001,line-simulation-a33-000091,simulation-a33,0.29870998735108834,0.031358086259873685,0.46666667,0.02,agent_first_user_only_if_unresolved
simulation-a33-uncertainty-001,line-simulation-a33-000092,simulation-a33,0.3015782491615133,0.03254452148453213,0.13333333,0.02,agent_first_user_only_if_unresolved
simulation-a33-uncertainty-001,line-simulation-a33-000093,simulation-a33,0.3044465109719383,0.03254452148453213,0.13333333,0.02,agent_first_user_only_if_unresolved
simulation-a33-uncertainty-001,line-simulation-a33-000094,simulation-a33,0.3073147727823633,0.03254452148453213,0.13333333,0.02,agent_first_user_only_if_unresolved
simulation-a33-uncertainty-001,line-simulation-a33-000095,simulation-a33,0.3101830345927883,0.03254452148453213,0.13333333,0.02,agent_first_user_only_if_unresolved
simulation-a33-uncertainty-001,line-simulation-a33-000096,simulation-a33,0.3130512964032133,0.03254452148453213,0.13333333,0.02,agent_first_user_only_if_unresolved
simulation-a33-uncertainty-001,line-simulation-a33-000097,simulation-a33,0.31591955821363826,0.03254452148453213,0.13333333,0.02,agent_first_user_only_if_unresolved
simulation-a33-uncertainty-001,line-simulation-a33-000098,simulation-a33,0.31878782002406336,0.03254452148453213,0.13333333,0.02,agent_first_user_only_if_unresolved
simulation-a33-uncertainty-001,line-simulation-a33-000099,simulation-a33,0.32165608183448835,0.03254452148453213,0.13333333,0.02,agent_first_user_only_if_unresolved
simulation-a33-uncertainty-001,line-simulation-a33-000100,simulation-a33,0.32452434364491334,0.03254452148453213,0.13333333,0.02,agent_first_user_only_if_unresolved
simulation-a33-uncertainty-001,line-simulation-a33-000101,simulation-a33,0.3273926054553383,0.03254452148453213,0.13333333,0.02,agent_first_user_only_if_unresolved
simulation-a33-uncertainty-001,line-simulation-a33-000102,simulation-a33,0.3302608672657633,0.03254452148453213,0.13333333,0.02,agent_first_user_only_if_unresolved
simulation-a33-uncertainty-001,line-simulation-a33-000103,simulation-a33,0.3331291290761883,0.03254452148453213,0.13333333,0.02,agent_first_user_only_if_unresolved
simulation-a33-uncertainty-001,line-simulation-a33-000104,simulation-a33,0.3359973908866133,0.03254452148453213,0.13333333,0.02,agent_first_user_only_if_unresolved
simulation-a33-uncertainty-001,line-simulation-a33-000105,simulation-a33,0.3388656526970383,0.03254452148453213,0.13333333,0.02,agent_first_user_only_if_unresolved
simulation-a33-uncertainty-001,line-simulation-a33-000106,simulation-a33,0.34173391450746327,0.03254452148453213,0.13333333,0.02,agent_first_user_only_if_unresolved
simulation-a33-uncertainty-001,line-simulation-a33-000107,simulation-a33,0.34460217631788825,0.03254452148453213,0.13333333,0.02,agent_first_user_only_if_unresolved
simulation-a33-uncertainty-001,line-simulation-a33-000108,simulation-a33,0.34747043812831324,0.03254452148453213,0.13333333,0.02,agent_first_user_only_if_unresolved
simulation-a33-uncertainty-001,line-simulation-a33-000109,simulation-a33,0.35033869993873823,0.03254452148453213,0.13333333,0.02,agent_first_user_only_if_unresolved
simulation-a33-uncertainty-001,line-simulation-a33-000110,simulation-a33,0.3532069617491632,0.03254452148453213,0.13333333,0.02,agent_first_user_only_if_unresolved
simulation-a33-uncertainty-001,line-simulation-a33-000111,simulation-a33,0.3560752235595882,0.03254452148453213,0.13333333,0.02,agent_first_user_only_if_unresolved
simulation-a33-uncertainty-001,line-simulation-a33-000112,simulation-a33,0.3589434853700133,0.03254452148453213,0.13333333,0.02,agent_first_user_only_if_unresolved
simulation-a33-uncertainty-001,line-simulation-a33-000113,simulation-a33,0.3618117471804383,0.03254452148453213,0.13333333,0.02,agent_first_user_only_if_unresolved
simulation-a33-uncertainty-001,line-simulation-a33-000114,simulation-a33,0.3646800089908633,0.03017165103521502,0.26666667,0.02,agent_first_user_only_if_unresolved
simulation-a33-uncertainty-001,line-simulation-a33-000115,simulation-a33,0.36754827080128827,0.033730956709190796,0.33333333,0.02,agent_first_user_only_if_unresolved
simulation-a33-uncertainty-001,line-simulation-a33-000116,simulation-a33,0.37041653261171326,0.03254452148453213,0.26666667,0.02,agent_first_user_only_if_unresolved
simulation-a33-uncertainty-001,line-simulation-a33-000117,simulation-a33,0.37328479442213824,0.03254452148453213,0.13333333,0.02,agent_first_user_only_if_unresolved
simulation-a33-uncertainty-001,line-simulation-a33-000118,simulation-a33,0.37615305623256323,0.03254452148453213,0.13333333,0.02,agent_first_user_only_if_unresolved
simulation-a33-uncertainty-001,line-simulation-a33-000119,simulation-a33,0.3790213180429882,0.03254452148453213,0.26666667,0.02,agent_first_user_only_if_unresolved
simulation-a33-uncertainty-001,line-simulation-a33-000120,simulation-a33,0.3818895798534132,0.03017165103521502,0.26666667,0.02,agent_first_user_only_if_unresolved
simulation-a33-uncertainty-001,line-simulation-a33-000121,simulation-a33,0.3847578416638382,0.028985215810556575,0.33333333,0.02,agent_first_user_only_if_unresolved
simulation-a33-uncertainty-001,line-simulation-a33-000122,simulation-a33,0.3876261034742632,0.03254452148453213,0.13333333,0.02,agent_first_user_only_if_unresolved
simulation-a33-uncertainty-001,line-simulation-a33-000123,simulation-a33,0.39049436528468817,0.03254452148453213,0.13333333,0.02,agent_first_user_only_if_unresolved
simulation-a33-uncertainty-001,line-simulation-a33-000124,simulation-a33,0.39336262709511316,0.03254452148453213,0.13333333,0.02,agent_first_user_only_if_unresolved
simulation-a33-uncertainty-001,line-simulation-a33-000125,simulation-a33,0.39623088890553815,0.03254452148453213,0.13333333,0.02,agent_first_user_only_if_unresolved
simulation-a33-uncertainty-001,line-simulation-a33-000126,simulation-a33,0.39909915071596314,0.03254452148453213,0.13333333,0.02,agent_first_user_only_if_unresolved
simulation-a33-uncertainty-001,line-simulation-a33-000127,simulation-a33,0.40196741252638823,0.03254452148453213,0.13333333,0.02,agent_first_user_only_if_unresolved
simulation-a33-uncertainty-001,line-simulation-a33-000128,simulation-a33,0.4048356743368132,0.03254452148453213,0.13333333,0.02,agent_first_user_only_if_unresolved
simulation-a33-uncertainty-001,line-simulation-a33-000129,simulation-a33,0.4077039361472382,0.03254452148453213,0.13333333,0.02,agent_first_user_only_if_unresolved
simulation-a33-uncertainty-001,line-simulation-a33-000130,simulation-a33,0.4105721979576632,0.03254452148453213,0.13333333,0.02,agent_first_user_only_if_unresolved
simulation-a33-uncertainty-001,line-simulation-a33-000131,simulation-a33,0.4134404597680882,0.03254452148453213,0.13333333,0.02,agent_first_user_only_if_unresolved
simulation-a33-uncertainty-001,line-simulation-a33-000132,simulation-a33,0.4163087215785132,0.03254452148453213,0.13333333,0.02,agent_first_user_only_if_unresolved
simulation-a33-uncertainty-001,line-simulation-a33-000133,simulation-a33,0.41917698338893816,0.03254452148453213,0.13333333,0.02,agent_first_user_only_if_unresolved
simulation-a33-uncertainty-001,line-simulation-a33-000134,simulation-a33,0.42204524519936315,0.03254452148453213,0.13333333,0.02,agent_first_user_only_if_unresolved
simulation-a33-uncertainty-001,line-simulation-a33-000135,simulation-a33,0.42491350700978814,0.03254452148453213,0.13333333,0.02,agent_first_user_only_if_unresolved
simulation-a33-uncertainty-001,line-simulation-a33-000136,simulation-a33,0.4277817688202131,0.03254452148453213,0.13333333,0.02,agent_first_user_only_if_unresolved
simulation-a33-uncertainty-001,line-simulation-a33-000137,simulation-a33,0.4306500306306381,0.03254452148453213,0.13333333,0.02,agent_first_user_only_if_unresolved
simulation-a33-uncertainty-001,line-simulation-a33-000138,simulation-a33,0.4335182924410631,0.03254452148453213,0.13333333,0.02,agent_first_user_only_if_unresolved
simulation-a33-uncertainty-001,line-simulation-a33-000139,simulation-a33,0.4363865542514881,0.03254452148453213,0.13333333,0.02,agent_first_user_only_if_unresolved
simulation-a33-uncertainty-001,line-simulation-a33-000140,simulation-a33,0.4392548160619131,0.03254452148453213,0.13333333,0.02,agent_first_user_only_if_unresolved
simulation-a33-uncertainty-001,line-simulation-a33-000141,simulation-a33,0.4421230778723382,0.03254452148453213,0.13333333,0.02,agent_first_user_only_if_unresolved
simulation-a33-uncertainty-001,line-simulation-a33-000142,simulation-a33,0.44499133968276317,0.031358086259873685,0.2,0.02,agent_first_user_only_if_unresolved
simulation-a33-uncertainty-001,line-simulation-a33-000143,simulation-a33,0.44785960149318815,0.03017165103521502,0.26666667,0.02,agent_first_user_only_if_unresolved
simulation-a33-uncertainty-001,line-simulation-a33-000144,simulation-a33,0.45072786330361314,0.03254452148453213,0.26666667,0.02,agent_first_user_only_if_unresolved
simulation-a33-uncertainty-001,line-simulation-a33-000145,simulation-a33,0.45359612511403813,0.03254452148453213,0.13333333,0.02,agent_first_user_only_if_unresolved
simulation-a33-uncertainty-001,line-simulation-a33-000146,simulation-a33,0.4564643869244631,0.03254452148453213,0.13333333,0.02,agent_first_user_only_if_unresolved
simulation-a33-uncertainty-001,line-simulation-a33-000147,simulation-a33,0.4593326487348881,0.03254452148453213,0.26666667,0.02,agent_first_user_only_if_unresolved
simulation-a33-uncertainty-001,line-simulation-a33-000148,simulation-a33,0.4622009105453131,0.033730956709190796,0.33333333,0.02,agent_first_user_only_if_unresolved
simulation-a33-uncertainty-001,line-simulation-a33-000149,simulation-a33,0.4650691723557381,0.03017165103521502,0.26666667,0.02,agent_first_user_only_if_unresolved
simulation-a33-uncertainty-001,line-simulation-a33-000150,simulation-a33,0.46793743416616307,0.03254452148453213,0.13333333,0.02,agent_first_user_only_if_unresolved
simulation-a33-uncertainty-001,line-simulation-a33-000151,simulation-a33,0.47080569597658806,0.03254452148453213,0.13333333,0.02,agent_first_user_only_if_unresolved
simulation-a33-uncertainty-001,line-simulation-a33-000152,simulation-a33,0.47367395778701304,0.03254452148453213,0.13333333,0.02,agent_first_user_only_if_unresolved
simulation-a33-uncertainty-001,line-simulation-a33-000153,simulation-a33,0.47654221959743803,0.031358086259873685,0.2,0.02,agent_first_user_only_if_unresolved
simulation-a33-uncertainty-001,line-simulation-a33-000154,simulation-a33,0.479410481407863,0.03017165103521502,0.13333333,0.02,agent_first_user_only_if_unresolved
simulation-a33-uncertainty-001,line-simulation-a33-000155,simulation-a33,0.4822787432182881,0.031358086259873685,0.06666667,0.02,agent_first_user_only_if_unresolved
simulation-a33-uncertainty-001,line-simulation-a33-000156,simulation-a33,0.4851470050287131,0.031358086259873685,0.2,0.02,agent_first_user_only_if_unresolved
simulation-a33-uncertainty-001,line-simulation-a33-000157,simulation-a33,0.4880152668391381,0.031358086259873685,0.2,0.02,agent_first_user_only_if_unresolved
simulation-a33-uncertainty-001,line-simulation-a33-000158,simulation-a33,0.4908835286495631,0.031358086259873685,0.06666667,0.02,agent_first_user_only_if_unresolved
simulation-a33-uncertainty-001,line-simulation-a33-000159,simulation-a33,0.49375179045998807,0.03017165103521502,0.13333333,0.02,agent_first_user_only_if_unresolved
simulation-a33-uncertainty-001,line-simulation-a33-000160,simulation-a33,0.49662005227041306,0.03017165103521502,0.13333333,0.02,agent_first_user_only_if_unresolved
simulation-a33-uncertainty-001,line-simulation-a33-000161,simulation-a33,0.49948831408083805,0.03017165103521502,0.13333333,0.02,agent_first_user_only_if_unresolved
simulation-a33-uncertainty-001,line-simulation-a33-000162,simulation-a33,0.502356575891263,0.03017165103521502,0.13333333,0.02,agent_first_user_only_if_unresolved
simulation-a33-uncertainty-001,line-simulation-a33-000163,simulation-a33,0.505224837701688,0.03017165103521502,0.13333333,0.02,agent_first_user_only_if_unresolved
simulation-a33-uncertainty-001,line-simulation-a33-000164,simulation-a33,0.508093099512113,0.03017165103521502,0.13333333,0.02,agent_first_user_only_if_unresolved
simulation-a33-uncertainty-001,line-simulation-a33-000165,simulation-a33,0.510961361322538,0.03017165103521502,0.13333333,0.02,agent_first_user_only_if_unresolved
simulation-a33-uncertainty-001,line-simulation-a33-000166,simulation-a33,0.513829623132963,0.03017165103521502,0.13333333,0.02,agent_first_user_only_if_unresolved
simulation-a33-uncertainty-001,line-simulation-a33-000167,simulation-a33,0.516697884943388,0.03017165103521502,0.13333333,0.02,agent_first_user_only_if_unresolved
simulation-a33-uncertainty-001,line-simulation-a33-000168,simulation-a33,0.519566146753813,0.03017165103521502,0.13333333,0.02,agent_first_user_only_if_unresolved
simulation-a33-uncertainty-001,line-simulation-a33-000169,simulation-a33,0.5224344085642381,0.03017165103521502,0.13333333,0.02,agent_first_user_only_if_unresolved
simulation-a33-uncertainty-001,line-simulation-a33-000170,simulation-a33,0.525302670374663,0.03017165103521502,0.13333333,0.02,agent_first_user_only_if_unresolved
simulation-a33-uncertainty-001,line-simulation-a33-000171,simulation-a33,0.528170932185088,0.03017165103521502,0.13333333,0.02,agent_first_user_only_if_unresolved
simulation-a33-uncertainty-001,line-simulation-a33-000172,simulation-a33,0.531039193995513,0.031358086259873685,0.33333333,0.02,agent_first_user_only_if_unresolved
simulation-a33-uncertainty-001,line-simulation-a33-000173,simulation-a33,0.533907455805938,0.031358086259873685,0.2,0.02,agent_first_user_only_if_unresolved
simulation-a33-uncertainty-001,line-simulation-a33-000174,simulation-a33,0.536775717616363,0.03017165103521502,0.13333333,0.02,agent_first_user_only_if_unresolved
simulation-a33-uncertainty-001,line-simulation-a33-000175,simulation-a33,0.539643979426788,0.031358086259873685,0.2,0.02,agent_first_user_only_if_unresolved
simulation-a33-uncertainty-001,line-simulation-a33-000176,simulation-a33,0.542512241237213,0.03017165103521502,0.26666667,0.02,agent_first_user_only_if_unresolved
simulation-a33-uncertainty-001,line-simulation-a33-000177,simulation-a33,0.545380503047638,0.031358086259873685,0.33333333,0.02,agent_first_user_only_if_unresolved
simulation-a33-uncertainty-001,line-simulation-a33-000178,simulation-a33,0.548248764858063,0.03017165103521502,0.13333333,0.02,agent_first_user_only_if_unresolved
simulation-a33-uncertainty-001,line-simulation-a33-000179,simulation-a33,0.5511170266684879,0.03017165103521502,0.13333333,0.02,agent_first_user_only_if_unresolved
simulation-a33-uncertainty-001,line-simulation-a33-000180,simulation-a33,0.5539852884789129,0.03017165103521502,0.13333333,0.02,agent_first_user_only_if_unresolved
simulation-a33-uncertainty-001,line-simulation-a33-000181,simulation-a33,0.5568535502893379,0.03017165103521502,0.13333333,0.02,agent_first_user_only_if_unresolved
simulation-a33-uncertainty-001,line-simulation-a33-000182,simulation-a33,0.5597218120997629,0.03017165103521502,0.13333333,0.02,agent_first_user_only_if_unresolved
simulation-a33-uncertainty-001,line-simulation-a33-000183,simulation-a33,0.5625900739101879,0.03017165103521502,0.13333333,0.02,agent_first_user_only_if_unresolved
simulation-a33-uncertainty-001,line-simulation-a33-000184,simulation-a33,0.565458335720613,0.03017165103521502,0.13333333,0.02,agent_first_user_only_if_unresolved
simulation-a33-uncertainty-001,line-simulation-a33-000185,simulation-a33,0.568326597531038,0.03017165103521502,0.13333333,0.02,agent_first_user_only_if_unresolved
simulation-a33-uncertainty-001,line-simulation-a33-000186,simulation-a33,0.571194859341463,0.03017165103521502,0.13333333,0.02,agent_first_user_only_if_unresolved
simulation-a33-uncertainty-001,line-simulation-a33-000187,simulation-a33,0.574063121151888,0.03017165103521502,0.13333333,0.02,agent_first_user_only_if_unresolved
simulation-a33-uncertainty-001,line-simulation-a33-000188,simulation-a33,0.5769313829623129,0.03017165103521502,0.13333333,0.02,agent_first_user_only_if_unresolved
simulation-a33-uncertainty-001,line-simulation-a33-000189,simulation-a33,0.5797996447727379,0.03017165103521502,0.13333333,0.02,agent_first_user_only_if_unresolved
simulation-a33-uncertainty-001,line-simulation-a33-000190,simulation-a33,0.5826679065831629,0.03017165103521502,0.13333333,0.02,agent_first_user_only_if_unresolved
simulation-a33-uncertainty-001,line-simulation-a33-000191,simulation-a33,0.5855361683935879,0.03017165103521502,0.13333333,0.02,agent_first_user_only_if_unresolved
simulation-a33-uncertainty-001,line-simulation-a33-000192,simulation-a33,0.5884044302040129,0.03017165103521502,0.13333333,0.02,agent_first_user_only_if_unresolved
simulation-a33-uncertainty-001,line-simulation-a33-000193,simulation-a33,0.5912726920144379,0.03017165103521502,0.13333333,0.02,agent_first_user_only_if_unresolved
simulation-a33-uncertainty-001,line-simulation-a33-000194,simulation-a33,0.5941409538248629,0.03017165103521502,0.13333333,0.02,agent_first_user_only_if_unresolved
simulation-a33-uncertainty-001,line-simulation-a33-000195,simulation-a33,0.5970092156352879,0.03017165103521502,0.13333333,0.02,agent_first_user_only_if_unresolved
simulation-a33-uncertainty-001,line-simulation-a33-000196,simulation-a33,0.5998774774457128,0.03017165103521502,0.13333333,0.02,agent_first_user_only_if_unresolved
simulation-a33-uncertainty-001,line-simulation-a33-000197,simulation-a33,0.6027457392561378,0.03017165103521502,0.13333333,0.02,agent_first_user_only_if_unresolved
simulation-a33-uncertainty-001,line-simulation-a33-000198,simulation-a33,0.6056140010665629,0.03017165103521502,0.13333333,0.02,agent_first_user_only_if_unresolved
simulation-a33-uncertainty-001,line-simulation-a33-000199,simulation-a33,0.6084822628769879,0.031358086259873685,0.06666667,0.02,agent_first_user_only_if_unresolved
simulation-a33-uncertainty-001,line-simulation-a33-000200,simulation-a33,0.6113505246874129,0.03017165103521502,0.4,0.02,agent_first_user_only_if_unresolved
simulation-a33-uncertainty-001,line-simulation-a33-000201,simulation-a33,0.6142187864978379,0.031358086259873685,0.33333333,0.02,agent_first_user_only_if_unresolved
simulation-a33-uncertainty-001,line-simulation-a33-000202,simulation-a33,0.6170870483082629,0.031358086259873685,0.2,0.02,agent_first_user_only_if_unresolved
simulation-a33-uncertainty-001,line-simulation-a33-000203,simulation-a33,0.6199553101186879,0.031358086259873685,0.2,0.02,agent_first_user_only_if_unresolved
simulation-a33-uncertainty-001,line-simulation-a33-000204,simulation-a33,0.6228235719291129,0.031358086259873685,0.2,0.02,agent_first_user_only_if_unresolved
simulation-a33-uncertainty-001,line-simulation-a33-000205,simulation-a33,0.6256918337395379,0.031358086259873685,0.33333333,0.02,agent_first_user_only_if_unresolved
simulation-a33-uncertainty-001,line-simulation-a33-000206,simulation-a33,0.6285600955499628,0.03491739193384924,0.26666667,0.02,agent_first_user_only_if_unresolved
simulation-a33-uncertainty-001,line-simulation-a33-000207,simulation-a33,0.6314283573603878,0.03254452148453213,0.13333333,0.02,agent_first_user_only_if_unresolved
simulation-a33-uncertainty-001,line-simulation-a33-000208,simulation-a33,0.6342966191708128,0.03254452148453213,0.13333333,0.02,agent_first_user_only_if_unresolved
simulation-a33-uncertainty-001,line-simulation-a33-000209,simulation-a33,0.6371648809812378,0.03254452148453213,0.13333333,0.02,agent_first_user_only_if_unresolved
simulation-a33-uncertainty-001,line-simulation-a33-000210,simulation-a33,0.6400331427916628,0.03254452148453213,0.13333333,0.02,agent_first_user_only_if_unresolved
simulation-a33-uncertainty-001,line-simulation-a33-000211,simulation-a33,0.6429014046020878,0.03254452148453213,0.13333333,0.02,agent_first_user_only_if_unresolved
simulation-a33-uncertainty-001,line-simulation-a33-000212,simulation-a33,0.6457696664125128,0.03254452148453213,0.13333333,0.02,agent_first_user_only_if_unresolved
simulation-a33-uncertainty-001,line-simulation-a33-000213,simulation-a33,0.6486379282229378,0.033730956709190796,0.2,0.02,agent_first_user_only_if_unresolved
simulation-a33-uncertainty-001,line-simulation-a33-000214,simulation-a33,0.6515061900333627,0.03491739193384924,0.13333333,0.02,agent_first_user_only_if_unresolved
simulation-a33-uncertainty-001,line-simulation-a33-000215,simulation-a33,0.6543744518437877,0.03491739193384924,0.13333333,0.02,agent_first_user_only_if_unresolved
simulation-a33-uncertainty-001,line-simulation-a33-000216,simulation-a33,0.6572427136542127,0.03491739193384924,0.13333333,0.02,agent_first_user_only_if_unresolved
simulation-a33-uncertainty-001,line-simulation-a33-000217,simulation-a33,0.6601109754646377,0.03491739193384924,0.13333333,0.02,agent_first_user_only_if_unresolved
simulation-a33-uncertainty-001,line-simulation-a33-000218,simulation-a33,0.6629792372750627,0.036103827158507906,0.06666667,0.02,agent_first_user_only_if_unresolved
simulation-a33-uncertainty-001,line-simulation-a33-000219,simulation-a33,0.6658474990854879,0.036103827158507906,0.06666667,0.02,agent_first_user_only_if_unresolved
simulation-a33-uncertainty-001,line-simulation-a33-000220,simulation-a33,0.6687157608959129,0.036103827158507906,0.06666667,0.02,agent_first_user_only_if_unresolved
simulation-a33-uncertainty-001,line-simulation-a33-000221,simulation-a33,0.6715840227063379,0.03729026238316635,0.13333333,0.02,agent_first_user_only_if_unresolved
simulation-a33-uncertainty-001,line-simulation-a33-000222,simulation-a33,0.6744522845167629,0.03729026238316635,0.13333333,0.02,agent_first_user_only_if_unresolved
simulation-a33-uncertainty-001,line-simulation-a33-000223,simulation-a33,0.6773205463271879,0.03729026238316635,0.13333333,0.02,agent_first_user_only_if_unresolved
simulation-a33-uncertainty-001,line-simulation-a33-000224,simulation-a33,0.6801888081376128,0.03729026238316635,0.13333333,0.02,agent_first_user_only_if_unresolved
simulation-a33-uncertainty-001,line-simulation-a33-000225,simulation-a33,0.6830570699480378,0.03847669760782502,0.06666667,0.02,agent_first_user_only_if_unresolved
simulation-a33-uncertainty-001,line-simulation-a33-000226,simulation-a33,0.6859253317584628,0.03847669760782502,0.06666667,0.02,agent_first_user_only_if_unresolved
simulation-a33-uncertainty-001,line-simulation-a33-000227,simulation-a33,0.6887935935688878,0.03847669760782502,0.06666667,0.02,agent_first_user_only_if_unresolved
simulation-a33-uncertainty-001,line-simulation-a33-000228,simulation-a33,0.6916618553793128,0.03017165103521502,0.06666667,0.02,agent_first_user_only_if_unresolved
simulation-a33-uncertainty-001,line-simulation-a33-000229,simulation-a33,0.6945301171897378,0.03729026238316635,0.26666667,0.02,agent_first_user_only_if_unresolved
simulation-a33-uncertainty-001,line-simulation-a33-000230,simulation-a33,0.6973983790001628,0.040849568057141905,0.33333333,0.02,agent_first_user_only_if_unresolved
simulation-a33-uncertainty-001,line-simulation-a33-000231,simulation-a33,0.7002666408105878,0.03966313283248346,0.13333333,0.02,agent_first_user_only_if_unresolved
simulation-a33-uncertainty-001,line-simulation-a33-000232,simulation-a33,0.7031349026210127,0.03966313283248346,0.13333333,0.02,agent_first_user_only_if_unresolved
simulation-a33-uncertainty-001,line-simulation-a33-000233,simulation-a33,0.7060031644314377,0.03966313283248346,0.13333333,0.02,agent_first_user_only_if_unresolved
simulation-a33-uncertainty-001,line-simulation-a33-000234,simulation-a33,0.7088714262418627,0.03966313283248346,0.26666667,0.02,agent_first_user_only_if_unresolved
simulation-a33-uncertainty-001,line-simulation-a33-000235,simulation-a33,0.7117396880522877,0.03966313283248346,0.4,0.02,agent_first_user_only_if_unresolved
simulation-a33-uncertainty-001,line-simulation-a33-000236,simulation-a33,0.7146079498627127,0.031358086259873685,0.06666667,0.02,agent_first_user_only_if_unresolved
simulation-a33-uncertainty-001,line-simulation-a33-000237,simulation-a33,0.7174762116731377,0.02779878058589791,0.06666667,0.02,agent_first_user_only_if_unresolved
simulation-a33-uncertainty-001,line-simulation-a33-000238,simulation-a33,0.7203444734835627,0.040849568057141905,0.06666667,0.02,agent_first_user_only_if_unresolved
simulation-a33-uncertainty-001,line-simulation-a33-000239,simulation-a33,0.7232127352939877,0.040849568057141905,0.06666667,0.02,agent_first_user_only_if_unresolved
simulation-a33-uncertainty-001,line-simulation-a33-000240,simulation-a33,0.7260809971044127,0.040849568057141905,0.06666667,0.02,agent_first_user_only_if_unresolved
simulation-a33-uncertainty-001,line-simulation-a33-000241,simulation-a33,0.7289492589148376,0.04203600328180057,0.13333333,0.02,agent_first_user_only_if_unresolved
simulation-a33-uncertainty-001,line-simulation-a33-000242,simulation-a33,0.7318175207252626,0.04203600328180057,0.13333333,0.02,agent_first_user_only_if_unresolved
simulation-a33-uncertainty-001,line-simulation-a33-000243,simulation-a33,0.7346857825356876,0.04203600328180057,0.13333333,0.02,agent_first_user_only_if_unresolved
simulation-a33-uncertainty-001,line-simulation-a33-000244,simulation-a33,0.7375540443461126,0.04203600328180057,0.13333333,0.02,agent_first_user_only_if_unresolved
simulation-a33-uncertainty-001,line-simulation-a33-000245,simulation-a33,0.7404223061565376,0.04203600328180057,0.13333333,0.02,agent_first_user_only_if_unresolved
simulation-a33-uncertainty-001,line-simulation-a33-000246,simulation-a33,0.7432905679669626,0.04203600328180057,0.13333333,0.02,agent_first_user_only_if_unresolved
simulation-a33-uncertainty-001,line-simulation-a33-000247,simulation-a33,0.7461588297773878,0.04203600328180057,0.13333333,0.02,agent_first_user_only_if_unresolved
simulation-a33-uncertainty-001,line-simulation-a33-000248,simulation-a33,0.7490270915878128,0.04203600328180057,0.13333333,0.02,agent_first_user_only_if_unresolved
simulation-a33-uncertainty-001,line-simulation-a33-000249,simulation-a33,0.7518953533982378,0.04203600328180057,0.13333333,0.02,agent_first_user_only_if_unresolved
simulation-a33-uncertainty-001,line-simulation-a33-000250,simulation-a33,0.7547636152086628,0.04203600328180057,0.13333333,0.02,agent_first_user_only_if_unresolved
simulation-a33-uncertainty-001,line-simulation-a33-000251,simulation-a33,0.7576318770190877,0.04322243850645913,0.06666667,0.02,agent_first_user_only_if_unresolved
simulation-a33-uncertainty-001,line-simulation-a33-000252,simulation-a33,0.7605001388295127,0.04322243850645913,0.06666667,0.02,agent_first_user_only_if_unresolved
simulation-a33-uncertainty-001,line-simulation-a33-000253,simulation-a33,0.7633684006399377,0.04322243850645913,0.06666667,0.02,agent_first_user_only_if_unresolved
simulation-a33-uncertainty-001,line-simulation-a33-000254,simulation-a33,0.7662366624503627,0.04322243850645913,0.06666667,0.02,agent_first_user_only_if_unresolved
simulation-a33-uncertainty-001,line-simulation-a33-000255,simulation-a33,0.7691049242607877,0.04322243850645913,0.06666667,0.02,agent_first_user_only_if_unresolved
simulation-a33-uncertainty-001,line-simulation-a33-000256,simulation-a33,0.7719731860712127,0.04322243850645913,0.06666667,0.02,agent_first_user_only_if_unresolved
simulation-a33-uncertainty-001,line-simulation-a33-000257,simulation-a33,0.7748414478816377,0.04322243850645913,0.06666667,0.02,agent_first_user_only_if_unresolved
simulation-a33-uncertainty-001,line-simulation-a33-000258,simulation-a33,0.7777097096920627,0.04440887373111768,0.4,0.02,agent_first_user_only_if_unresolved
simulation-a33-uncertainty-001,line-simulation-a33-000259,simulation-a33,0.7805779715024876,0.04322243850645913,0.2,0.02,agent_first_user_only_if_unresolved
simulation-a33-uncertainty-001,line-simulation-a33-000260,simulation-a33,0.7834462333129126,0.04440887373111768,0.13333333,0.02,agent_first_user_only_if_unresolved
simulation-a33-uncertainty-001,line-simulation-a33-000261,simulation-a33,0.7863144951233376,0.04440887373111768,0.13333333,0.02,agent_first_user_only_if_unresolved
simulation-a33-uncertainty-001,line-simulation-a33-000262,simulation-a33,0.7891827569337626,0.04322243850645913,0.2,0.02,agent_first_user_only_if_unresolved
simulation-a33-uncertainty-001,line-simulation-a33-000263,simulation-a33,0.7920510187441876,0.04322243850645913,0.33333333,0.02,agent_first_user_only_if_unresolved
simulation-a33-uncertainty-001,line-simulation-a33-000264,simulation-a33,0.7949192805546126,0.036103827158507906,0.06666667,0.02,agent_first_user_only_if_unresolved
simulation-a33-uncertainty-001,line-simulation-a33-000265,simulation-a33,0.7977875423650376,0.04322243850645913,0.06666667,0.02,agent_first_user_only_if_unresolved
simulation-a33-uncertainty-001,line-simulation-a33-000266,simulation-a33,0.8006558041754626,0.04322243850645913,0.06666667,0.02,agent_first_user_only_if_unresolved
simulation-a33-uncertainty-001,line-simulation-a33-000267,simulation-a33,0.8035240659858875,0.04440887373111768,0.13333333,0.02,agent_first_user_only_if_unresolved
simulation-a33-uncertainty-001,line-simulation-a33-000268,simulation-a33,0.8063923277963125,0.04440887373111768,0.13333333,0.02,agent_first_user_only_if_unresolved
simulation-a33-uncertainty-001,line-simulation-a33-000269,simulation-a33,0.8092605896067375,0.04440887373111768,0.13333333,0.02,agent_first_user_only_if_unresolved
simulation-a33-uncertainty-001,line-simulation-a33-000270,simulation-a33,0.8121288514171625,0.04440887373111768,0.13333333,0.02,agent_first_user_only_if_unresolved
simulation-a33-uncertainty-001,line-simulation-a33-000271,simulation-a33,0.8149971132275875,0.04440887373111768,0.13333333,0.02,agent_first_user_only_if_unresolved
simulation-a33-uncertainty-001,line-simulation-a33-000272,simulation-a33,0.8178653750380125,0.04440887373111768,0.13333333,0.02,agent_first_user_only_if_unresolved
simulation-a33-uncertainty-001,line-simulation-a33-000273,simulation-a33,0.8207336368484375,0.04440887373111768,0.13333333,0.02,agent_first_user_only_if_unresolved
simulation-a33-uncertainty-001,line-simulation-a33-000274,simulation-a33,0.8236018986588625,0.04440887373111768,0.13333333,0.02,agent_first_user_only_if_unresolved
simulation-a33-uncertainty-001,line-simulation-a33-000275,simulation-a33,0.8264701604692875,0.04440887373111768,0.13333333,0.02,agent_first_user_only_if_unresolved
simulation-a33-uncertainty-001,line-simulation-a33-000276,simulation-a33,0.8293384222797127,0.04440887373111768,0.13333333,0.02,agent_first_user_only_if_unresolved
simulation-a33-uncertainty-001,line-simulation-a33-000277,simulation-a33,0.8322066840901376,0.04440887373111768,0.13333333,0.02,agent_first_user_only_if_unresolved
simulation-a33-uncertainty-001,line-simulation-a33-000278,simulation-a33,0.8350749459005626,0.04440887373111768,0.13333333,0.02,agent_first_user_only_if_unresolved
simulation-a33-uncertainty-001,line-simulation-a33-000279,simulation-a33,0.8379432077109876,0.04322243850645913,0.06666667,0.02,agent_first_user_only_if_unresolved
simulation-a33-uncertainty-001,line-simulation-a33-000280,simulation-a33,0.8408114695214126,0.04440887373111768,0.13333333,0.02,agent_first_user_only_if_unresolved
simulation-a33-uncertainty-001,line-simulation-a33-000281,simulation-a33,0.8436797313318376,0.04322243850645913,0.06666667,0.02,agent_first_user_only_if_unresolved
simulation-a33-uncertainty-001,line-simulation-a33-000282,simulation-a33,0.8465479931422626,0.04322243850645913,0.06666667,0.02,agent_first_user_only_if_unresolved
simulation-a33-uncertainty-001,line-simulation-a33-000283,simulation-a33,0.8494162549526876,0.04322243850645913,0.06666667,0.02,agent_first_user_only_if_unresolved
simulation-a33-uncertainty-001,line-simulation-a33-000284,simulation-a33,0.8522845167631126,0.04322243850645913,0.06666667,0.02,agent_first_user_only_if_unresolved
simulation-a33-uncertainty-001,line-simulation-a33-000285,simulation-a33,0.8551527785735376,0.04322243850645913,0.06666667,0.02,agent_first_user_only_if_unresolved
simulation-a33-uncertainty-001,line-simulation-a33-000286,simulation-a33,0.8580210403839625,0.04322243850645913,0.06666667,0.02,agent_first_user_only_if_unresolved
simulation-a33-uncertainty-001,line-simulation-a33-000287,simulation-a33,0.8608893021943875,0.04322243850645913,0.33333333,0.02,agent_first_user_only_if_unresolved
simulation-a33-uncertainty-001,line-simulation-a33-000288,simulation-a33,0.8637575640048125,0.04322243850645913,0.2,0.02,agent_first_user_only_if_unresolved
simulation-a33-uncertainty-001,line-simulation-a33-000289,simulation-a33,0.8666258258152375,0.04322243850645913,0.06666667,0.02,agent_first_user_only_if_unresolved
simulation-a33-uncertainty-001,line-simulation-a33-000290,simulation-a33,0.8694940876256625,0.04322243850645913,0.06666667,0.02,agent_first_user_only_if_unresolved
simulation-a33-uncertainty-001,line-simulation-a33-000291,simulation-a33,0.8723623494360875,0.04322243850645913,0.2,0.02,agent_first_user_only_if_unresolved
simulation-a33-uncertainty-001,line-simulation-a33-000292,simulation-a33,0.8752306112465125,0.04440887373111768,0.4,0.02,agent_first_user_only_if_unresolved
simulation-a33-uncertainty-001,line-simulation-a33-000293,simulation-a33,0.8780988730569375,0.04203600328180057,0.13333333,0.02,agent_first_user_only_if_unresolved
simulation-a33-uncertainty-001,line-simulation-a33-000294,simulation-a33,0.8809671348673624,0.04322243850645913,0.06666667,0.02,agent_first_user_only_if_unresolved
simulation-a33-uncertainty-001,line-simulation-a33-000295,simulation-a33,0.8838353966777874,0.04203600328180057,0.13333333,0.02,agent_first_user_only_if_unresolved
simulation-a33-uncertainty-001,line-simulation-a33-000296,simulation-a33,0.8867036584882124,0.04203600328180057,0.13333333,0.02,agent_first_user_only_if_unresolved
simulation-a33-uncertainty-001,line-simulation-a33-000297,simulation-a33,0.8895719202986374,0.04203600328180057,0.13333333,0.02,agent_first_user_only_if_unresolved
simulation-a33-uncertainty-001,line-simulation-a33-000298,simulation-a33,0.8924401821090624,0.04203600328180057,0.13333333,0.02,agent_first_user_only_if_unresolved
simulation-a33-uncertainty-001,line-simulation-a33-000299,simulation-a33,0.8953084439194874,0.04203600328180057,0.13333333,0.02,agent_first_user_only_if_unresolved
simulation-a33-uncertainty-001,line-simulation-a33-000300,simulation-a33,0.8981767057299124,0.04203600328180057,0.13333333,0.02,agent_first_user_only_if_unresolved
simulation-a33-uncertainty-001,line-simulation-a33-000301,simulation-a33,0.9010449675403374,0.04203600328180057,0.13333333,0.02,agent_first_user_only_if_unresolved
simulation-a33-uncertainty-001,line-simulation-a33-000302,simulation-a33,0.9039132293507623,0.04203600328180057,0.13333333,0.02,agent_first_user_only_if_unresolved
simulation-a33-uncertainty-001,line-simulation-a33-000303,simulation-a33,0.9067814911611873,0.04203600328180057,0.13333333,0.02,agent_first_user_only_if_unresolved
simulation-a33-uncertainty-001,line-simulation-a33-000304,simulation-a33,0.9096497529716125,0.04203600328180057,0.13333333,0.02,agent_first_user_only_if_unresolved
simulation-a33-uncertainty-001,line-simulation-a33-000305,simulation-a33,0.9125180147820375,0.04203600328180057,0.13333333,0.02,agent_first_user_only_if_unresolved
simulation-a33-uncertainty-001,line-simulation-a33-000306,simulation-a33,0.9153862765924625,0.04203600328180057,0.13333333,0.02,agent_first_user_only_if_unresolved
simulation-a33-uncertainty-001,line-simulation-a33-000307,simulation-a33,0.9182545384028875,0.040849568057141905,0.06666667,0.02,agent_first_user_only_if_unresolved
simulation-a33-uncertainty-001,line-simulation-a33-000308,simulation-a33,0.9211228002133125,0.040849568057141905,0.06666667,0.02,agent_first_user_only_if_unresolved
simulation-a33-uncertainty-001,line-simulation-a33-000309,simulation-a33,0.9239910620237375,0.040849568057141905,0.06666667,0.02,agent_first_user_only_if_unresolved
simulation-a33-uncertainty-001,line-simulation-a33-000310,simulation-a33,0.9268593238341625,0.040849568057141905,0.06666667,0.02,agent_first_user_only_if_unresolved
simulation-a33-uncertainty-001,line-simulation-a33-000311,simulation-a33,0.9297275856445875,0.040849568057141905,0.06666667,0.02,agent_first_user_only_if_unresolved
simulation-a33-uncertainty-001,line-simulation-a33-000312,simulation-a33,0.9325958474550124,0.040849568057141905,0.06666667,0.02,agent_first_user_only_if_unresolved
simulation-a33-uncertainty-001,line-simulation-a33-000313,simulation-a33,0.9354641092654374,0.040849568057141905,0.06666667,0.02,agent_first_user_only_if_unresolved
simulation-a33-uncertainty-001,line-simulation-a33-000314,simulation-a33,0.9383323710758624,0.040849568057141905,0.06666667,0.02,agent_first_user_only_if_unresolved
simulation-a33-uncertainty-001,line-simulation-a33-000315,simulation-a33,0.9412006328862874,0.03966313283248346,0.4,0.02,agent_first_user_only_if_unresolved
simulation-a33-uncertainty-001,line-simulation-a33-000316,simulation-a33,0.9440688946967124,0.03966313283248346,0.26666667,0.02,agent_first_user_only_if_unresolved
simulation-a33-uncertainty-001,line-simulation-a33-000317,simulation-a33,0.9469371565071374,0.03966313283248346,0.13333333,0.02,agent_first_user_only_if_unresolved
simulation-a33-uncertainty-001,line-simulation-a33-000318,simulation-a33,0.9498054183175624,0.03966313283248346,0.13333333,0.02,agent_first_user_only_if_unresolved
simulation-a33-uncertainty-001,line-simulation-a33-000319,simulation-a33,0.9526736801279874,0.03966313283248346,0.13333333,0.02,agent_first_user_only_if_unresolved
simulation-a33-uncertainty-001,line-simulation-a33-000320,simulation-a33,0.9555419419384124,0.03966313283248346,0.26666667,0.02,agent_first_user_only_if_unresolved
simulation-a33-uncertainty-001,line-simulation-a33-000321,simulation-a33,0.9584102037488373,0.03729026238316635,0.26666667,0.02,agent_first_user_only_if_unresolved
simulation-a33-uncertainty-001,line-simulation-a33-000322,simulation-a33,0.9612784655592623,0.03847669760782502,0.06666667,0.02,agent_first_user_only_if_unresolved
simulation-a33-uncertainty-001,line-simulation-a33-000323,simulation-a33,0.9641467273696873,0.03847669760782502,0.06666667,0.02,agent_first_user_only_if_unresolved
simulation-a33-uncertainty-001,line-simulation-a33-000324,simulation-a33,0.9670149891801123,0.03847669760782502,0.06666667,0.02,agent_first_user_only_if_unresolved
simulation-a33-uncertainty-001,line-simulation-a33-000325,simulation-a33,0.9698832509905373,0.03847669760782502,0.06666667,0.02,agent_first_user_only_if_unresolved
simulation-a33-uncertainty-001,line-simulation-a33-000326,simulation-a33,0.9727515128009623,0.03729026238316635,0.13333333,0.02,agent_first_user_only_if_unresolved
simulation-a33-uncertainty-001,line-simulation-a33-000327,simulation-a33,0.9756197746113873,0.03729026238316635,0.13333333,0.02,agent_first_user_only_if_unresolved
simulation-a33-uncertainty-001,line-simulation-a33-000328,simulation-a33,0.9784880364218123,0.03729026238316635,0.13333333,0.02,agent_first_user_only_if_unresolved
simulation-a33-uncertainty-001,line-simulation-a33-000329,simulation-a33,0.9813562982322372,0.03729026238316635,0.13333333,0.02,agent_first_user_only_if_unresolved
simulation-a33-uncertainty-001,line-simulation-a33-000330,simulation-a33,0.9842245600426622,0.036103827158507906,0.06666667,0.02,agent_first_user_only_if_unresolved
simulation-a33-uncertainty-001,line-simulation-a33-000331,simulation-a33,0.9870928218530872,0.036103827158507906,0.06666667,0.02,agent_first_user_only_if_unresolved
simulation-a33-uncertainty-001,line-simulation-a33-000332,simulation-a33,0.9899610836635122,0.036103827158507906,0.06666667,0.02,agent_first_user_only_if_unresolved
simulation-a33-uncertainty-001,line-simulation-a33-000333,simulation-a33,0.9928293454739374,0.036103827158507906,0.06666667,0.02,agent_first_user_only_if_unresolved
simulation-a33-uncertainty-001,line-simulation-a33-000334,simulation-a33,0.9956976072843624,0.03491739193384924,0.13333333,0.02,agent_first_user_only_if_unresolved
simulation-a33-uncertainty-001,line-simulation-a33-000335,simulation-a33,0.9985658690947874,0.03491739193384924,0.13333333,0.02,agent_first_user_only_if_unresolved
simulation-a33-uncertainty-001,line-simulation-a33-000336,simulation-a33,1.0014341309052124,0.03491739193384924,0.13333333,0.02,agent_first_user_only_if_unresolved
simulation-a33-uncertainty-001,line-simulation-a33-000337,simulation-a33,1.0043023927156374,0.03491739193384924,0.13333333,0.02,agent_first_user_only_if_unresolved
simulation-a33-uncertainty-001,line-simulation-a33-000338,simulation-a33,1.0071706545260624,0.03491739193384924,0.13333333,0.02,agent_first_user_only_if_unresolved
simulation-a33-uncertainty-001,line-simulation-a33-000339,simulation-a33,1.0100389163364873,0.03254452148453213,0.13333333,0.02,agent_first_user_only_if_unresolved
simulation-a33-uncertainty-001,line-simulation-a33-000340,simulation-a33,1.0129071781469123,0.03254452148453213,0.13333333,0.02,agent_first_user_only_if_unresolved
simulation-a33-uncertainty-001,line-simulation-a33-000341,simulation-a33,1.0157754399573373,0.03254452148453213,0.13333333,0.02,agent_first_user_only_if_unresolved
simulation-a33-uncertainty-001,line-simulation-a33-000342,simulation-a33,1.0186437017677623,0.03254452148453213,0.13333333,0.02,agent_first_user_only_if_unresolved
simulation-a33-uncertainty-001,line-simulation-a33-000343,simulation-a33,1.0215119635781873,0.03254452148453213,0.13333333,0.02,agent_first_user_only_if_unresolved
simulation-a33-uncertainty-001,line-simulation-a33-000344,simulation-a33,1.0243802253886123,0.033730956709190796,0.33333333,0.02,agent_first_user_only_if_unresolved
simulation-a33-uncertainty-001,line-simulation-a33-000345,simulation-a33,1.0272484871990373,0.03254452148453213,0.26666667,0.02,agent_first_user_only_if_unresolved
simulation-a33-uncertainty-001,line-simulation-a33-000346,simulation-a33,1.0301167490094623,0.03254452148453213,0.13333333,0.02,agent_first_user_only_if_unresolved
simulation-a33-uncertainty-001,line-simulation-a33-000347,simulation-a33,1.0329850108198873,0.03254452148453213,0.13333333,0.02,agent_first_user_only_if_unresolved
simulation-a33-uncertainty-001,line-simulation-a33-000348,simulation-a33,1.0358532726303122,0.03254452148453213,0.26666667,0.02,agent_first_user_only_if_unresolved
simulation-a33-uncertainty-001,line-simulation-a33-000349,simulation-a33,1.0387215344407372,0.03254452148453213,0.4,0.02,agent_first_user_only_if_unresolved
simulation-a33-uncertainty-001,line-simulation-a33-000350,simulation-a33,1.0415897962511622,0.03254452148453213,0.13333333,0.02,agent_first_user_only_if_unresolved
simulation-a33-uncertainty-001,line-simulation-a33-000351,simulation-a33,1.0444580580615872,0.03254452148453213,0.13333333,0.02,agent_first_user_only_if_unresolved
simulation-a33-uncertainty-001,line-simulation-a33-000352,simulation-a33,1.0473263198720122,0.03254452148453213,0.13333333,0.02,agent_first_user_only_if_unresolved
simulation-a33-uncertainty-001,line-simulation-a33-000353,simulation-a33,1.0501945816824372,0.03254452148453213,0.13333333,0.02,agent_first_user_only_if_unresolved
simulation-a33-uncertainty-001,line-simulation-a33-000354,simulation-a33,1.0530628434928622,0.031358086259873685,0.2,0.02,agent_first_user_only_if_unresolved
simulation-a33-uncertainty-001,line-simulation-a33-000355,simulation-a33,1.0559311053032872,0.03254452148453213,0.13333333,0.02,agent_first_user_only_if_unresolved
simulation-a33-uncertainty-001,line-simulation-a33-000356,simulation-a33,1.0587993671137121,0.031358086259873685,0.06666667,0.02,agent_first_user_only_if_unresolved
simulation-a33-uncertainty-001,line-simulation-a33-000357,simulation-a33,1.0616676289241371,0.03254452148453213,0.13333333,0.02,agent_first_user_only_if_unresolved
simulation-a33-uncertainty-001,line-simulation-a33-000358,simulation-a33,1.0645358907345621,0.031358086259873685,0.2,0.02,agent_first_user_only_if_unresolved
simulation-a33-uncertainty-001,line-simulation-a33-000359,simulation-a33,1.067404152544987,0.03017165103521502,0.13333333,0.02,agent_first_user_only_if_unresolved
simulation-a33-uncertainty-001,line-simulation-a33-000360,simulation-a33,1.070272414355412,0.03017165103521502,0.13333333,0.02,agent_first_user_only_if_unresolved
simulation-a33-uncertainty-001,line-simulation-a33-000361,simulation-a33,1.0731406761658373,0.03017165103521502,0.13333333,0.02,agent_first_user_only_if_unresolved
simulation-a33-uncertainty-001,line-simulation-a33-000362,simulation-a33,1.0760089379762623,0.03017165103521502,0.13333333,0.02,agent_first_user_only_if_unresolved
simulation-a33-uncertainty-001,line-simulation-a33-000363,simulation-a33,1.0788771997866873,0.031358086259873685,0.2,0.02,agent_first_user_only_if_unresolved
simulation-a33-uncertainty-001,line-simulation-a33-000364,simulation-a33,1.0817454615971123,0.031358086259873685,0.2,0.02,agent_first_user_only_if_unresolved
simulation-a33-uncertainty-001,line-simulation-a33-000365,simulation-a33,1.0846137234075373,0.031358086259873685,0.2,0.02,agent_first_user_only_if_unresolved
simulation-a33-uncertainty-001,line-simulation-a33-000366,simulation-a33,1.0874819852179622,0.031358086259873685,0.2,0.02,agent_first_user_only_if_unresolved
simulation-a33-uncertainty-001,line-simulation-a33-000367,simulation-a33,1.0903502470283872,0.03254452148453213,0.13333333,0.02,agent_first_user_only_if_unresolved
simulation-a33-uncertainty-001,line-simulation-a33-000368,simulation-a33,1.0932185088388122,0.03254452148453213,0.13333333,0.02,agent_first_user_only_if_unresolved
simulation-a33-uncertainty-001,line-simulation-a33-000369,simulation-a33,1.0960867706492372,0.03254452148453213,0.13333333,0.02,agent_first_user_only_if_unresolved
simulation-a33-uncertainty-001,line-simulation-a33-000370,simulation-a33,1.0989550324596622,0.03254452148453213,0.13333333,0.02,agent_first_user_only_if_unresolved
simulation-a33-uncertainty-001,line-simulation-a33-000371,simulation-a33,1.1018232942700872,0.03254452148453213,0.13333333,0.02,agent_first_user_only_if_unresolved
simulation-a33-uncertainty-001,line-simulation-a33-000372,simulation-a33,1.1046915560805122,0.028985215810556575,0.33333333,0.02,agent_first_user_only_if_unresolved
simulation-a33-uncertainty-001,line-simulation-a33-000373,simulation-a33,1.1075598178909372,0.03017165103521502,0.26666667,0.02,agent_first_user_only_if_unresolved
simulation-a33-uncertainty-001,line-simulation-a33-000374,simulation-a33,1.1104280797013621,0.03254452148453213,0.26666667,0.02,agent_first_user_only_if_unresolved
simulation-a33-uncertainty-001,line-simulation-a33-000375,simulation-a33,1.1132963415117871,0.03254452148453213,0.13333333,0.02,agent_first_user_only_if_unresolved
simulation-a33-uncertainty-001,line-simulation-a33-000376,simulation-a33,1.1161646033222121,0.03254452148453213,0.13333333,0.02,agent_first_user_only_if_unresolved
simulation-a33-uncertainty-001,line-simulation-a33-000377,simulation-a33,1.1190328651326371,0.03254452148453213,0.26666667,0.02,agent_first_user_only_if_unresolved
simulation-a33-uncertainty-001,line-simulation-a33-000378,simulation-a33,1.121901126943062,0.033730956709190796,0.33333333,0.02,agent_first_user_only_if_unresolved
simulation-a33-uncertainty-001,line-simulation-a33-000379,simulation-a33,1.124769388753487,0.03017165103521502,0.26666667,0.02,agent_first_user_only_if_unresolved
simulation-a33-uncertainty-001,line-simulation-a33-000380,simulation-a33,1.127637650563912,0.03254452148453213,0.13333333,0.02,agent_first_user_only_if_unresolved
simulation-a33-uncertainty-001,line-simulation-a33-000381,simulation-a33,1.130505912374337,0.03254452148453213,0.13333333,0.02,agent_first_user_only_if_unresolved
simulation-a33-uncertainty-001,line-simulation-a33-000382,simulation-a33,1.133374174184762,0.03254452148453213,0.13333333,0.02,agent_first_user_only_if_unresolved
simulation-a33-uncertainty-001,line-simulation-a33-000383,simulation-a33,1.136242435995187,0.03254452148453213,0.13333333,0.02,agent_first_user_only_if_unresolved
simulation-a33-uncertainty-001,line-simulation-a33-000384,simulation-a33,1.139110697805612,0.03254452148453213,0.13333333,0.02,agent_first_user_only_if_unresolved
simulation-a33-uncertainty-001,line-simulation-a33-000385,simulation-a33,1.141978959616037,0.03254452148453213,0.13333333,0.02,agent_first_user_only_if_unresolved
simulation-a33-uncertainty-001,line-simulation-a33-000386,simulation-a33,1.144847221426462,0.03254452148453213,0.13333333,0.02,agent_first_user_only_if_unresolved
simulation-a33-uncertainty-001,line-simulation-a33-000387,simulation-a33,1.147715483236887,0.03254452148453213,0.13333333,0.02,agent_first_user_only_if_unresolved
simulation-a33-uncertainty-001,line-simulation-a33-000388,simulation-a33,1.150583745047312,0.03254452148453213,0.13333333,0.02,agent_first_user_only_if_unresolved
simulation-a33-uncertainty-001,line-simulation-a33-000389,simulation-a33,1.153452006857737,0.03254452148453213,0.13333333,0.02,agent_first_user_only_if_unresolved
simulation-a33-uncertainty-001,line-simulation-a33-000390,simulation-a33,1.1563202686681622,0.03254452148453213,0.13333333,0.02,agent_first_user_only_if_unresolved
simulation-a33-uncertainty-001,line-simulation-a33-000391,simulation-a33,1.1591885304785872,0.03254452148453213,0.13333333,0.02,agent_first_user_only_if_unresolved
simulation-a33-uncertainty-001,line-simulation-a33-000392,simulation-a33,1.1620567922890122,0.03254452148453213,0.13333333,0.02,agent_first_user_only_if_unresolved
simulation-a33-uncertainty-001,line-simulation-a33-000393,simulation-a33,1.1649250540994371,0.03254452148453213,0.13333333,0.02,agent_first_user_only_if_unresolved
simulation-a33-uncertainty-001,line-simulation-a33-000394,simulation-a33,1.1677933159098621,0.03254452148453213,0.13333333,0.02,agent_first_user_only_if_unresolved
simulation-a33-uncertainty-001,line-simulation-a33-000395,simulation-a33,1.1706615777202871,0.03254452148453213,0.13333333,0.02,agent_first_user_only_if_unresolved
simulation-a33-uncertainty-001,line-simulation-a33-000396,simulation-a33,1.173529839530712,0.03254452148453213,0.13333333,0.02,agent_first_user_only_if_unresolved
simulation-a33-uncertainty-001,line-simulation-a33-000397,simulation-a33,1.176398101341137,0.03254452148453213,0.13333333,0.02,agent_first_user_only_if_unresolved
simulation-a33-uncertainty-001,line-simulation-a33-000398,simulation-a33,1.179266363151562,0.03254452148453213,0.13333333,0.02,agent_first_user_only_if_unresolved
simulation-a33-uncertainty-001,line-simulation-a33-000399,simulation-a33,1.182134624961987,0.03254452148453213,0.13333333,0.02,agent_first_user_only_if_unresolved
simulation-a33-uncertainty-001,line-simulation-a33-000400,simulation-a33,1.185002886772412,0.03254452148453213,0.13333333,0.02,agent_first_user_only_if_unresolved
simulation-a33-uncertainty-001,line-simulation-a33-000401,simulation-a33,1.187871148582837,0.03017165103521502,0.26666667,0.02,agent_first_user_only_if_unresolved
simulation-a33-uncertainty-001,line-simulation-a33-000402,simulation-a33,1.190739410393262,0.033730956709190796,0.33333333,0.02,agent_first_user_only_if_unresolved
simulation-a33-uncertainty-001,line-simulation-a33-000403,simulation-a33,1.193607672203687,0.031358086259873685,0.2,0.02,agent_first_user_only_if_unresolved
simulation-a33-uncertainty-001,line-simulation-a33-000404,simulation-a33,1.196475934014112,0.03254452148453213,0.13333333,0.02,agent_first_user_only_if_unresolved
simulation-a33-uncertainty-001,line-simulation-a33-000405,simulation-a33,1.199344195824537,0.03254452148453213,0.13333333,0.02,agent_first_user_only_if_unresolved
simulation-a33-uncertainty-001,line-simulation-a33-000406,simulation-a33,1.202212457634962,0.03254452148453213,0.26666667,0.02,agent_first_user_only_if_unresolved
simulation-a33-uncertainty-001,line-simulation-a33-000407,simulation-a33,1.205080719445387,0.03254452148453213,0.4,0.02,agent_first_user_only_if_unresolved
simulation-a33-uncertainty-001,line-simulation-a33-000408,simulation-a33,1.207948981255812,0.031358086259873685,0.2,0.02,agent_first_user_only_if_unresolved
simulation-a33-uncertainty-001,line-simulation-a33-000409,simulation-a33,1.210817243066237,0.03254452148453213,0.13333333,0.02,agent_first_user_only_if_unresolved
simulation-a33-uncertainty-001,line-simulation-a33-000410,simulation-a33,1.213685504876662,0.03254452148453213,0.13333333,0.02,agent_first_user_only_if_unresolved
simulation-a33-uncertainty-001,line-simulation-a33-000411,simulation-a33,1.216553766687087,0.03254452148453213,0.13333333,0.02,agent_first_user_only_if_unresolved
simulation-a33-uncertainty-001,line-simulation-a33-000412,simulation-a33,1.219422028497512,0.03254452148453213,0.13333333,0.02,agent_first_user_only_if_unresolved
simulation-a33-uncertainty-001,line-simulation-a33-000413,simulation-a33,1.222290290307937,0.03254452148453213,0.13333333,0.02,agent_first_user_only_if_unresolved
simulation-a33-uncertainty-001,line-simulation-a33-000414,simulation-a33,1.2251585521183619,0.03254452148453213,0.13333333,0.02,agent_first_user_only_if_unresolved
simulation-a33-uncertainty-001,line-simulation-a33-000415,simulation-a33,1.2280268139287869,0.03254452148453213,0.13333333,0.02,agent_first_user_only_if_unresolved
simulation-a33-uncertainty-001,line-simulation-a33-000416,simulation-a33,1.2308950757392119,0.03254452148453213,0.13333333,0.02,agent_first_user_only_if_unresolved
simulation-a33-uncertainty-001,line-simulation-a33-000417,simulation-a33,1.2337633375496369,0.03254452148453213,0.13333333,0.02,agent_first_user_only_if_unresolved
simulation-a33-uncertainty-001,line-simulation-a33-000418,simulation-a33,1.236631599360062,0.03254452148453213,0.13333333,0.02,agent_first_user_only_if_unresolved
simulation-a33-uncertainty-001,line-simulation-a33-000419,simulation-a33,1.239499861170487,0.03254452148453213,0.13333333,0.02,agent_first_user_only_if_unresolved
simulation-a33-uncertainty-001,line-simulation-a33-000420,simulation-a33,1.242368122980912,0.03254452148453213,0.13333333,0.02,agent_first_user_only_if_unresolved
simulation-a33-uncertainty-001,line-simulation-a33-000421,simulation-a33,1.245236384791337,0.03254452148453213,0.13333333,0.02,agent_first_user_only_if_unresolved
simulation-a33-uncertainty-001,line-simulation-a33-000422,simulation-a33,1.248104646601762,0.03254452148453213,0.13333333,0.02,agent_first_user_only_if_unresolved
simulation-a33-uncertainty-001,line-simulation-a33-000423,simulation-a33,1.250972908412187,0.03254452148453213,0.13333333,0.02,agent_first_user_only_if_unresolved
simulation-a33-uncertainty-001,line-simulation-a33-000424,simulation-a33,1.253841170222612,0.03254452148453213,0.13333333,0.02,agent_first_user_only_if_unresolved
simulation-a33-uncertainty-001,line-simulation-a33-000425,simulation-a33,1.256709432033037,0.03254452148453213,0.13333333,0.02,agent_first_user_only_if_unresolved
simulation-a33-uncertainty-001,line-simulation-a33-000426,simulation-a33,1.259577693843462,0.03254452148453213,0.13333333,0.02,agent_first_user_only_if_unresolved
simulation-a33-uncertainty-001,line-simulation-a33-000427,simulation-a33,1.262445955653887,0.03254452148453213,0.13333333,0.02,agent_first_user_only_if_unresolved
simulation-a33-uncertainty-001,line-simulation-a33-000428,simulation-a33,1.265314217464312,0.03254452148453213,0.13333333,0.02,agent_first_user_only_if_unresolved
simulation-a33-uncertainty-001,line-simulation-a33-000429,simulation-a33,1.268182479274737,0.03254452148453213,0.13333333,0.02,agent_first_user_only_if_unresolved
simulation-a33-uncertainty-001,line-simulation-a33-000430,simulation-a33,1.271050741085162,0.03254452148453213,0.4,0.02,agent_first_user_only_if_unresolved
simulation-a33-uncertainty-001,line-simulation-a33-000431,simulation-a33,1.273919002895587,0.03254452148453213,0.26666667,0.02,agent_first_user_only_if_unresolved
simulation-a33-uncertainty-001,line-simulation-a33-000432,simulation-a33,1.276787264706012,0.03254452148453213,0.13333333,0.02,agent_first_user_only_if_unresolved
simulation-a33-uncertainty-001,line-simulation-a33-000433,simulation-a33,1.2796555265164369,0.03254452148453213,0.13333333,0.02,agent_first_user_only_if_unresolved
simulation-a33-uncertainty-001,line-simulation-a33-000434,simulation-a33,1.2825237883268619,0.033730956709190796,0.2,0.02,agent_first_user_only_if_unresolved
simulation-a33-uncertainty-001,line-simulation-a33-000435,simulation-a33,1.2853920501372869,0.033730956709190796,0.33333333,0.02,agent_first_user_only_if_unresolved
simulation-a33-uncertainty-001,line-simulation-a33-000436,simulation-a33,1.2882603119477118,0.03017165103521502,0.26666667,0.02,agent_first_user_only_if_unresolved
simulation-a33-uncertainty-001,line-simulation-a33-000437,simulation-a33,1.2911285737581368,0.03254452148453213,0.13333333,0.02,agent_first_user_only_if_unresolved
simulation-a33-uncertainty-001,line-simulation-a33-000438,simulation-a33,1.2939968355685618,0.03254452148453213,0.13333333,0.02,agent_first_user_only_if_unresolved
simulation-a33-uncertainty-001,line-simulation-a33-000439,simulation-a33,1.2968650973789868,0.03254452148453213,0.13333333,0.02,agent_first_user_only_if_unresolved
simulation-a33-uncertainty-001,line-simulation-a33-000440,simulation-a33,1.2997333591894118,0.03254452148453213,0.13333333,0.02,agent_first_user_only_if_unresolved
simulation-a33-uncertainty-001,line-simulation-a33-000441,simulation-a33,1.3026016209998368,0.03254452148453213,0.13333333,0.02,agent_first_user_only_if_unresolved
simulation-a33-uncertainty-001,line-simulation-a33-000442,simulation-a33,1.3054698828102618,0.03254452148453213,0.13333333,0.02,agent_first_user_only_if_unresolved
simulation-a33-uncertainty-001,line-simulation-a33-000443,simulation-a33,1.3083381446206868,0.03254452148453213,0.13333333,0.02,agent_first_user_only_if_unresolved
simulation-a33-uncertainty-001,line-simulation-a33-000444,simulation-a33,1.3112064064311117,0.03254452148453213,0.13333333,0.02,agent_first_user_only_if_unresolved
simulation-a33-uncertainty-001,line-simulation-a33-000445,simulation-a33,1.3140746682415367,0.03254452148453213,0.13333333,0.02,agent_first_user_only_if_unresolved
simulation-a33-uncertainty-001,line-simulation-a33-000446,simulation-a33,1.3169429300519617,0.03254452148453213,0.13333333,0.02,agent_first_user_only_if_unresolved
simulation-a33-uncertainty-001,line-simulation-a33-000447,simulation-a33,1.319811191862387,0.03254452148453213,0.13333333,0.02,agent_first_user_only_if_unresolved
simulation-a33-uncertainty-001,line-simulation-a33-000448,simulation-a33,1.322679453672812,0.03254452148453213,0.13333333,0.02,agent_first_user_only_if_unresolved
simulation-a33-uncertainty-001,line-simulation-a33-000449,simulation-a33,1.325547715483237,0.03254452148453213,0.13333333,0.02,agent_first_user_only_if_unresolved
simulation-a33-uncertainty-001,line-simulation-a33-000450,simulation-a33,1.328415977293662,0.03254452148453213,0.13333333,0.02,agent_first_user_only_if_unresolved
simulation-a33-uncertainty-001,line-simulation-a33-000451,simulation-a33,1.3312842391040869,0.03254452148453213,0.13333333,0.02,agent_first_user_only_if_unresolved
simulation-a33-uncertainty-001,line-simulation-a33-000452,simulation-a33,1.3341525009145119,0.03254452148453213,0.13333333,0.02,agent_first_user_only_if_unresolved
simulation-a33-uncertainty-001,line-simulation-a33-000453,simulation-a33,1.3370207627249369,0.03254452148453213,0.13333333,0.02,agent_first_user_only_if_unresolved
simulation-a33-uncertainty-001,line-simulation-a33-000454,simulation-a33,1.3398890245353618,0.03254452148453213,0.13333333,0.02,agent_first_user_only_if_unresolved
simulation-a33-uncertainty-001,line-simulation-a33-000455,simulation-a33,1.3427572863457868,0.03254452148453213,0.13333333,0.02,agent_first_user_only_if_unresolved
simulation-a33-uncertainty-001,line-simulation-a33-000456,simulation-a33,1.3456255481562118,0.03254452148453213,0.13333333,0.02,agent_first_user_only_if_unresolved
simulation-a33-uncertainty-001,line-simulation-a33-000457,simulation-a33,1.3484938099666368,0.03254452148453213,0.13333333,0.02,agent_first_user_only_if_unresolved
simulation-a33-uncertainty-001,line-simulation-a33-000458,simulation-a33,1.3513620717770618,0.03017165103521502,0.26666667,0.02,agent_first_user_only_if_unresolved
simulation-a33-uncertainty-001,line-simulation-a33-000459,simulation-a33,1.3542303335874868,0.033730956709190796,0.33333333,0.02,agent_first_user_only_if_unresolved
simulation-a33-uncertainty-001,line-simulation-a33-000460,simulation-a33,1.3570985953979118,0.03254452148453213,0.26666667,0.02,agent_first_user_only_if_unresolved
simulation-a33-uncertainty-001,line-simulation-a33-000461,simulation-a33,1.3599668572083368,0.03254452148453213,0.13333333,0.02,agent_first_user_only_if_unresolved
simulation-a33-uncertainty-001,line-simulation-a33-000462,simulation-a33,1.3628351190187618,0.03254452148453213,0.13333333,0.02,agent_first_user_only_if_unresolved
simulation-a33-uncertainty-001,line-simulation-a33-000463,simulation-a33,1.3657033808291867,0.03254452148453213,0.26666667,0.02,agent_first_user_only_if_unresolved
simulation-a33-uncertainty-001,line-simulation-a33-000464,simulation-a33,1.3685716426396117,0.03017165103521502,0.26666667,0.02,agent_first_user_only_if_unresolved
simulation-a33-uncertainty-001,line-simulation-a33-000465,simulation-a33,1.3714399044500367,0.028985215810556575,0.33333333,0.02,agent_first_user_only_if_unresolved
simulation-a33-uncertainty-001,line-simulation-a33-000466,simulation-a33,1.3743081662604617,0.03254452148453213,0.13333333,0.02,agent_first_user_only_if_unresolved
simulation-a33-uncertainty-001,line-simulation-a33-000467,simulation-a33,1.3771764280708867,0.03254452148453213,0.13333333,0.02,agent_first_user_only_if_unresolved
simulation-a33-uncertainty-001,line-simulation-a33-000468,simulation-a33,1.3800446898813117,0.031358086259873685,0.2,0.02,agent_first_user_only_if_unresolved
simulation-a33-uncertainty-001,line-simulation-a33-000469,simulation-a33,1.3829129516917367,0.03254452148453213,0.13333333,0.02,agent_first_user_only_if_unresolved
simulation-a33-uncertainty-001,line-simulation-a33-000470,simulation-a33,1.3857812135021617,0.03254452148453213,0.13333333,0.02,agent_first_user_only_if_unresolved
simulation-a33-uncertainty-001,line-simulation-a33-000471,simulation-a33,1.3886494753125866,0.03254452148453213,0.13333333,0.02,agent_first_user_only_if_unresolved
simulation-a33-uncertainty-001,line-simulation-a33-000472,simulation-a33,1.3915177371230116,0.03254452148453213,0.13333333,0.02,agent_first_user_only_if_unresolved
simulation-a33-uncertainty-001,line-simulation-a33-000473,simulation-a33,1.3943859989334366,0.03254452148453213,0.13333333,0.02,agent_first_user_only_if_unresolved
simulation-a33-uncertainty-001,line-simulation-a33-000474,simulation-a33,1.3972542607438616,0.03017165103521502,0.13333333,0.02,agent_first_user_only_if_unresolved
simulation-a33-uncertainty-001,line-simulation-a33-000475,simulation-a33,1.4001225225542868,0.03017165103521502,0.13333333,0.02,agent_first_user_only_if_unresolved
simulation-a33-uncertainty-001,line-simulation-a33-000476,simulation-a33,1.4029907843647118,0.03017165103521502,0.13333333,0.02,agent_first_user_only_if_unresolved
simulation-a33-uncertainty-001,line-simulation-a33-000477,simulation-a33,1.4058590461751368,0.03017165103521502,0.13333333,0.02,agent_first_user_only_if_unresolved
simulation-a33-uncertainty-001,line-simulation-a33-000478,simulation-a33,1.4087273079855618,0.03017165103521502,0.13333333,0.02,agent_first_user_only_if_unresolved
simulation-a33-uncertainty-001,line-simulation-a33-000479,simulation-a33,1.4115955697959868,0.03017165103521502,0.13333333,0.02,agent_first_user_only_if_unresolved
simulation-a33-uncertainty-001,line-simulation-a33-000480,simulation-a33,1.4144638316064118,0.03017165103521502,0.13333333,0.02,agent_first_user_only_if_unresolved
simulation-a33-uncertainty-001,line-simulation-a33-000481,simulation-a33,1.4173320934168367,0.03017165103521502,0.13333333,0.02,agent_first_user_only_if_unresolved
simulation-a33-uncertainty-001,line-simulation-a33-000482,simulation-a33,1.4202003552272617,0.03017165103521502,0.13333333,0.02,agent_first_user_only_if_unresolved
simulation-a33-uncertainty-001,line-simulation-a33-000483,simulation-a33,1.4230686170376867,0.03017165103521502,0.13333333,0.02,agent_first_user_only_if_unresolved
simulation-a33-uncertainty-001,line-simulation-a33-000484,simulation-a33,1.4259368788481117,0.03017165103521502,0.13333333,0.02,agent_first_user_only_if_unresolved
simulation-a33-uncertainty-001,line-simulation-a33-000485,simulation-a33,1.4288051406585367,0.03017165103521502,0.13333333,0.02,agent_first_user_only_if_unresolved
simulation-a33-uncertainty-001,line-simulation-a33-000486,simulation-a33,1.4316734024689617,0.03017165103521502,0.13333333,0.02,agent_first_user_only_if_unresolved
simulation-a33-uncertainty-001,line-simulation-a33-000487,simulation-a33,1.4345416642793867,0.03017165103521502,0.13333333,0.02,agent_first_user_only_if_unresolved
simulation-a33-uncertainty-001,line-simulation-a33-000488,simulation-a33,1.4374099260898117,0.031358086259873685,0.33333333,0.02,agent_first_user_only_if_unresolved
simulation-a33-uncertainty-001,line-simulation-a33-000489,simulation-a33,1.4402781879002367,0.031358086259873685,0.2,0.02,agent_first_user_only_if_unresolved
simulation-a33-uncertainty-001,line-simulation-a33-000490,simulation-a33,1.4431464497106616,0.03017165103521502,0.13333333,0.02,agent_first_user_only_if_unresolved
simulation-a33-uncertainty-001,line-simulation-a33-000491,simulation-a33,1.4460147115210866,0.03017165103521502,0.13333333,0.02,agent_first_user_only_if_unresolved
simulation-a33-uncertainty-001,line-simulation-a33-000492,simulation-a33,1.4488829733315116,0.031358086259873685,0.2,0.02,agent_first_user_only_if_unresolved
simulation-a33-uncertainty-001,line-simulation-a33-000493,simulation-a33,1.4517512351419366,0.031358086259873685,0.33333333,0.02,agent_first_user_only_if_unresolved
simulation-a33-uncertainty-001,line-simulation-a33-000494,simulation-a33,1.4546194969523616,0.02779878058589791,0.26666667,0.02,agent_first_user_only_if_unresolved
simulation-a33-uncertainty-001,line-simulation-a33-000495,simulation-a33,1.4574877587627866,0.03017165103521502,0.13333333,0.02,agent_first_user_only_if_unresolved
simulation-a33-uncertainty-001,line-simulation-a33-000496,simulation-a33,1.4603560205732116,0.03017165103521502,0.13333333,0.02,agent_first_user_only_if_unresolved
simulation-a33-uncertainty-001,line-simulation-a33-000497,simulation-a33,1.4632242823836366,0.03017165103521502,0.13333333,0.02,agent_first_user_only_if_unresolved
simulation-a33-uncertainty-001,line-simulation-a33-000498,simulation-a33,1.4660925441940615,0.03017165103521502,0.13333333,0.02,agent_first_user_only_if_unresolved
simulation-a33-uncertainty-001,line-simulation-a33-000499,simulation-a33,1.4689608060044865,0.03017165103521502,0.13333333,0.02,agent_first_user_only_if_unresolved
simulation-a33-uncertainty-001,line-simulation-a33-000500,simulation-a33,1.4718290678149115,0.03017165103521502,0.13333333,0.02,agent_first_user_only_if_unresolved
simulation-a33-uncertainty-001,line-simulation-a33-000501,simulation-a33,1.4746973296253365,0.03017165103521502,0.13333333,0.02,agent_first_user_only_if_unresolved
simulation-a33-uncertainty-001,line-simulation-a33-000502,simulation-a33,1.4775655914357615,0.03017165103521502,0.13333333,0.02,agent_first_user_only_if_unresolved
simulation-a33-uncertainty-001,line-simulation-a33-000503,simulation-a33,1.4804338532461865,0.03017165103521502,0.13333333,0.02,agent_first_user_only_if_unresolved
simulation-a33-uncertainty-001,line-simulation-a33-000504,simulation-a33,1.4833021150566117,0.03017165103521502,0.13333333,0.02,agent_first_user_only_if_unresolved
simulation-a33-uncertainty-001,line-simulation-a33-000505,simulation-a33,1.4861703768670367,0.03017165103521502,0.13333333,0.02,agent_first_user_only_if_unresolved
simulation-a33-uncertainty-001,line-simulation-a33-000506,simulation-a33,1.4890386386774617,0.03017165103521502,0.13333333,0.02,agent_first_user_only_if_unresolved
simulation-a33-uncertainty-001,line-simulation-a33-000507,simulation-a33,1.4919069004878867,0.03017165103521502,0.13333333,0.02,agent_first_user_only_if_unresolved
simulation-a33-uncertainty-001,line-simulation-a33-000508,simulation-a33,1.4947751622983116,0.03017165103521502,0.13333333,0.02,agent_first_user_only_if_unresolved
simulation-a33-uncertainty-001,line-simulation-a33-000509,simulation-a33,1.4976434241087366,0.03017165103521502,0.13333333,0.02,agent_first_user_only_if_unresolved
simulation-a33-uncertainty-001,line-simulation-a33-000510,simulation-a33,1.5005116859191616,0.03017165103521502,0.13333333,0.02,agent_first_user_only_if_unresolved
simulation-a33-uncertainty-001,line-simulation-a33-000511,simulation-a33,1.5033799477295866,0.03017165103521502,0.13333333,0.02,agent_first_user_only_if_unresolved
simulation-a33-uncertainty-001,line-simulation-a33-000512,simulation-a33,1.5062482095400116,0.03017165103521502,0.13333333,0.02,agent_first_user_only_if_unresolved
simulation-a33-uncertainty-001,line-simulation-a33-000513,simulation-a33,1.5091164713504366,0.03017165103521502,0.13333333,0.02,agent_first_user_only_if_unresolved
simulation-a33-uncertainty-001,line-simulation-a33-000514,simulation-a33,1.5119847331608616,0.03017165103521502,0.13333333,0.02,agent_first_user_only_if_unresolved
simulation-a33-uncertainty-001,line-simulation-a33-000515,simulation-a33,1.5148529949712866,0.03017165103521502,0.13333333,0.02,agent_first_user_only_if_unresolved
simulation-a33-uncertainty-001,line-simulation-a33-000516,simulation-a33,1.5177212567817115,0.02779878058589791,0.26666667,0.02,agent_first_user_only_if_unresolved
simulation-a33-uncertainty-001,line-simulation-a33-000517,simulation-a33,1.5205895185921365,0.031358086259873685,0.33333333,0.02,agent_first_user_only_if_unresolved
simulation-a33-uncertainty-001,line-simulation-a33-000518,simulation-a33,1.5234577804025615,0.031358086259873685,0.2,0.02,agent_first_user_only_if_unresolved
simulation-a33-uncertainty-001,line-simulation-a33-000519,simulation-a33,1.5263260422129865,0.03017165103521502,0.13333333,0.02,agent_first_user_only_if_unresolved
simulation-a33-uncertainty-001,line-simulation-a33-000520,simulation-a33,1.5291943040234115,0.031358086259873685,0.2,0.02,agent_first_user_only_if_unresolved
simulation-a33-uncertainty-001,line-simulation-a33-000521,simulation-a33,1.5320625658338365,0.03017165103521502,0.26666667,0.02,agent_first_user_only_if_unresolved
simulation-a33-uncertainty-001,line-simulation-a33-000522,simulation-a33,1.5349308276442615,0.031358086259873685,0.46666667,0.02,agent_first_user_only_if_unresolved
simulation-a33-uncertainty-001,line-simulation-a33-000523,simulation-a33,1.5377990894546865,0.03017165103521502,0.13333333,0.02,agent_first_user_only_if_unresolved
simulation-a33-uncertainty-001,line-simulation-a33-000524,simulation-a33,1.5406673512651115,0.03017165103521502,0.13333333,0.02,agent_first_user_only_if_unresolved
simulation-a33-uncertainty-001,line-simulation-a33-000525,simulation-a33,1.5435356130755364,0.03017165103521502,0.13333333,0.02,agent_first_user_only_if_unresolved
simulation-a33-uncertainty-001,line-simulation-a33-000526,simulation-a33,1.5464038748859614,0.03017165103521502,0.13333333,0.02,agent_first_user_only_if_unresolved
simulation-a33-uncertainty-001,line-simulation-a33-000527,simulation-a33,1.5492721366963864,0.03017165103521502,0.13333333,0.02,agent_first_user_only_if_unresolved
simulation-a33-uncertainty-001,line-simulation-a33-000528,simulation-a33,1.5521403985068114,0.03017165103521502,0.13333333,0.02,agent_first_user_only_if_unresolved
simulation-a33-uncertainty-001,line-simulation-a33-000529,simulation-a33,1.5550086603172364,0.03017165103521502,0.13333333,0.02,agent_first_user_only_if_unresolved
simulation-a33-uncertainty-001,line-simulation-a33-000530,simulation-a33,1.5578769221276614,0.03017165103521502,0.13333333,0.02,agent_first_user_only_if_unresolved
simulation-a33-uncertainty-001,line-simulation-a33-000531,simulation-a33,1.5607451839380864,0.03017165103521502,0.13333333,0.02,agent_first_user_only_if_unresolved
simulation-a33-uncertainty-001,line-simulation-a33-000532,simulation-a33,1.5636134457485116,0.03017165103521502,0.13333333,0.02,agent_first_user_only_if_unresolved
simulation-a33-uncertainty-001,line-simulation-a33-000533,simulation-a33,1.5664817075589366,0.03017165103521502,0.13333333,0.02,agent_first_user_only_if_unresolved
simulation-a33-uncertainty-001,line-simulation-a33-000534,simulation-a33,1.5693499693693616,0.03017165103521502,0.13333333,0.02,agent_first_user_only_if_unresolved
simulation-a33-uncertainty-001,line-simulation-a33-000535,simulation-a33,1.5722182311797865,0.03017165103521502,0.13333333,0.02,agent_first_user_only_if_unresolved
simulation-a33-uncertainty-001,line-simulation-a33-000536,simulation-a33,1.5750864929902115,0.031358086259873685,0.06666667,0.02,agent_first_user_only_if_unresolved
simulation-a33-uncertainty-001,line-simulation-a33-000537,simulation-a33,1.5779547548006365,0.031358086259873685,0.2,0.02,agent_first_user_only_if_unresolved
simulation-a33-uncertainty-001,line-simulation-a33-000538,simulation-a33,1.5808230166110615,0.03254452148453213,0.13333333,0.02,agent_first_user_only_if_unresolved
simulation-a33-uncertainty-001,line-simulation-a33-000539,simulation-a33,1.5836912784214865,0.03254452148453213,0.13333333,0.02,agent_first_user_only_if_unresolved
simulation-a33-uncertainty-001,line-simulation-a33-000540,simulation-a33,1.5865595402319115,0.03254452148453213,0.13333333,0.02,agent_first_user_only_if_unresolved
simulation-a33-uncertainty-001,line-simulation-a33-000541,simulation-a33,1.5894278020423365,0.03254452148453213,0.13333333,0.02,agent_first_user_only_if_unresolved
simulation-a33-uncertainty-001,line-simulation-a33-000542,simulation-a33,1.5922960638527615,0.03254452148453213,0.13333333,0.02,agent_first_user_only_if_unresolved
simulation-a33-uncertainty-001,line-simulation-a33-000543,simulation-a33,1.5951643256631864,0.03254452148453213,0.13333333,0.02,agent_first_user_only_if_unresolved
simulation-a33-uncertainty-001,line-simulation-a33-000544,simulation-a33,1.5980325874736114,0.031358086259873685,0.2,0.02,agent_first_user_only_if_unresolved
simulation-a33-uncertainty-001,line-simulation-a33-000545,simulation-a33,1.6009008492840364,0.03254452148453213,0.4,0.02,agent_first_user_only_if_unresolved
uct-test-a11-uncertainty-001,line-uct-test-a11-000216,uct-test-a11,0.7232127352939877,0.6637280610028796,0.02988048,0.02,agent_first_user_only_if_unresolved
uct-test-a11-uncertainty-001,line-uct-test-a11-000217,uct-test-a11,0.7260809971044127,0.6589823201042455,0.02988048,0.02,agent_first_user_only_if_unresolved
uct-test-a11-uncertainty-001,line-uct-test-a11-000218,uct-test-a11,0.7289492589148376,0.6518637087562942,0.02988048,0.02,agent_first_user_only_if_unresolved
uct-test-a11-uncertainty-001,line-uct-test-a11-000228,uct-test-a11,0.7691049242607877,0.38372934798346237,0.03784861,0.02,agent_first_user_only_if_unresolved
uct-test-a11-uncertainty-001,line-uct-test-a11-000229,uct-test-a11,0.7719731860712127,0.36000064349029137,0.03187251,0.02,agent_first_user_only_if_unresolved
uct-test-a11-uncertainty-001,line-uct-test-a11-000230,uct-test-a11,0.7748414478816377,0.3410176798957546,0.02390438,0.02,agent_first_user_only_if_unresolved
uct-test-a11-uncertainty-001,line-uct-test-a11-000232,uct-test-a11,0.7805779715024876,0.3101703640546324,0.02788845,0.02,agent_first_user_only_if_unresolved
uct-test-a11-uncertainty-001,line-uct-test-a11-000233,uct-test-a11,0.7834462333129126,0.30305175270668105,0.02788845,0.02,agent_first_user_only_if_unresolved
uct-test-a11-uncertainty-001,line-uct-test-a11-000234,uct-test-a11,0.7863144951233376,0.2935602709094127,0.03187251,0.02,agent_first_user_only_if_unresolved
uct-test-a11-uncertainty-001,line-uct-test-a11-000235,uct-test-a11,0.7891827569337626,0.2840687891121443,0.02988048,0.02,agent_first_user_only_if_unresolved
uct-test-a11-uncertainty-001,line-uct-test-a11-000236,uct-test-a11,0.7920510187441876,0.27457730731487595,0.02988048,0.02,agent_first_user_only_if_unresolved
uct-test-a11-uncertainty-001,line-uct-test-a11-000237,uct-test-a11,0.7949192805546126,0.2674586959669246,0.02589641,0.02,agent_first_user_only_if_unresolved
uct-test-a11-uncertainty-002,line-uct-test-a11-000257,uct-test-a11,0.8522845167631126,0.2650858255176075,0.02191235,0.02,agent_first_user_only_if_unresolved
uct-test-a22-uncertainty-001,line-uct-test-a22-000033,uct-test-a22,0.20118908579663852,0.10847637586267922,0.0251938,0.02,agent_first_user_only_if_unresolved
uct-test-a22-uncertainty-002,line-uct-test-a22-000056,uct-test-a22,0.2757638928676883,0.10847637586267922,0.02131783,0.02,agent_first_user_only_if_unresolved
uct-test-a22-uncertainty-002,line-uct-test-a22-000063,uct-test-a22,0.29584172554066335,0.11559498721063055,0.0251938,0.02,agent_first_user_only_if_unresolved
uct-test-a22-uncertainty-002,line-uct-test-a22-000064,uct-test-a22,0.29870998735108834,0.08949341226814245,0.0251938,0.02,agent_first_user_only_if_unresolved
uct-test-a22-uncertainty-002,line-uct-test-a22-000065,uct-test-a22,0.3015782491615133,0.09186628271745956,0.02325581,0.02,agent_first_user_only_if_unresolved
uct-test-a22-uncertainty-003,line-uct-test-a22-000082,uct-test-a22,0.35033869993873823,0.103730634964045,0.02131783,0.02,agent_first_user_only_if_unresolved
uct-test-a22-uncertainty-003,line-uct-test-a22-000084,uct-test-a22,0.3560752235595882,0.09661202361609378,0.02325581,0.02,agent_first_user_only_if_unresolved
uct-test-a22-uncertainty-003,line-uct-test-a22-000085,uct-test-a22,0.3589434853700133,0.09423915316677667,0.02713178,0.02,agent_first_user_only_if_unresolved
uct-test-a22-uncertainty-003,line-uct-test-a22-000088,uct-test-a22,0.36754827080128827,0.11322211676131344,0.02325581,0.02,agent_first_user_only_if_unresolved
uct-test-a22-uncertainty-003,line-uct-test-a22-000089,uct-test-a22,0.37328479442213824,0.101357764514728,0.02131783,0.02,agent_first_user_only_if_unresolved
uct-test-a22-uncertainty-003,line-uct-test-a22-000090,uct-test-a22,0.37615305623256323,0.103730634964045,0.02131783,0.02,agent_first_user_only_if_unresolved
uct-test-a22-uncertainty-003,line-uct-test-a22-000092,uct-test-a22,0.3818895798534132,0.103730634964045,0.03100775,0.02,agent_first_user_only_if_unresolved
uct-test-a22-uncertainty-003,line-uct-test-a22-000094,uct-test-a22,0.3876261034742632,0.10847637586267922,0.02325581,0.02,agent_first_user_only_if_unresolved
uct-test-a22-uncertainty-003,line-uct-test-a22-000095,uct-test-a22,0.39049436528468817,0.103730634964045,0.02131783,0.02,agent_first_user_only_if_unresolved
uct-test-a22-uncertainty-003,line-uct-test-a22-000097,uct-test-a22,0.39623088890553815,0.09661202361609378,0.02325581,0.02,agent_first_user_only_if_unresolved
uct-test-a22-uncertainty-003,line-uct-test-a22-000106,uct-test-a22,0.42204524519936315,0.101357764514728,0.02325581,0.02,agent_first_user_only_if_unresolved
uct-test-a22-uncertainty-003,line-uct-test-a22-000107,uct-test-a22,0.42491350700978814,0.11322211676131344,0.02325581,0.02,agent_first_user_only_if_unresolved
uct-test-a22-uncertainty-003,line-uct-test-a22-000108,uct-test-a22,0.4277817688202131,0.09898489406541089,0.02325581,0.02,agent_first_user_only_if_unresolved
uct-test-a22-uncertainty-003,line-uct-test-a22-000109,uct-test-a22,0.4306500306306381,0.09898489406541089,0.02325581,0.02,agent_first_user_only_if_unresolved
uct-test-a22-uncertainty-003,line-uct-test-a22-000114,uct-test-a22,0.45072786330361314,0.103730634964045,0.02325581,0.02,agent_first_user_only_if_unresolved
uct-test-a22-uncertainty-003,line-uct-test-a22-000115,uct-test-a22,0.45359612511403813,0.10610350541336211,0.02906977,0.02,agent_first_user_only_if_unresolved
uct-test-a22-uncertainty-003,line-uct-test-a22-000116,uct-test-a22,0.4564643869244631,0.10610350541336211,0.02713178,0.02,agent_first_user_only_if_unresolved
uct-test-a22-uncertainty-003,line-uct-test-a22-000117,uct-test-a22,0.4593326487348881,0.12508646900789888,0.0251938,0.02,agent_first_user_only_if_unresolved
uct-test-a22-uncertainty-003,line-uct-test-a22-000121,uct-test-a22,0.47080569597658806,0.12271359855858177,0.02131783,0.02,agent_first_user_only_if_unresolved
uct-test-a22-uncertainty-004,line-uct-test-a22-000133,uct-test-a22,0.505224837701688,0.12034072810926477,0.02325581,0.02,agent_first_user_only_if_unresolved
uct-test-a22-uncertainty-004,line-uct-test-a22-000134,uct-test-a22,0.508093099512113,0.11796785765994766,0.02325581,0.02,agent_first_user_only_if_unresolved
uct-test-a22-uncertainty-004,line-uct-test-a22-000137,uct-test-a22,0.516697884943388,0.11796785765994766,0.0251938,0.02,agent_first_user_only_if_unresolved
uct-test-a22-uncertainty-004,line-uct-test-a22-000138,uct-test-a22,0.519566146753813,0.12034072810926477,0.02325581,0.02,agent_first_user_only_if_unresolved
uct-test-a22-uncertainty-005,line-uct-test-a22-000151,uct-test-a22,0.5568535502893379,0.127459339457216,0.0251938,0.02,agent_first_user_only_if_unresolved
uct-test-a22-uncertainty-006,line-uct-test-a22-000166,uct-test-a22,0.6084822628769879,0.1559337848490212,0.02713178,0.02,agent_first_user_only_if_unresolved
uct-test-a22-uncertainty-006,line-uct-test-a22-000167,uct-test-a22,0.6113505246874129,0.14406943260243565,0.02713178,0.02,agent_first_user_only_if_unresolved
uct-test-a22-uncertainty-006,line-uct-test-a22-000173,uct-test-a22,0.6285600955499628,0.16305239619697243,0.02325581,0.02,agent_first_user_only_if_unresolved
uct-test-a22-uncertainty-006,line-uct-test-a22-000176,uct-test-a22,0.6371648809812378,0.17728961889287498,0.02906977,0.02,agent_first_user_only_if_unresolved
uct-test-a22-uncertainty-007,line-uct-test-a22-000187,uct-test-a22,0.6773205463271879,0.17728961889287498,0.02325581,0.02,agent_first_user_only_if_unresolved
uct-test-a22-uncertainty-007,line-uct-test-a22-000188,uct-test-a22,0.6801888081376128,0.19864545293672886,0.02325581,0.02,agent_first_user_only_if_unresolved
uct-test-a22-uncertainty-007,line-uct-test-a22-000194,uct-test-a22,0.6973983790001628,0.21525554608194852,0.02131783,0.02,agent_first_user_only_if_unresolved
uct-test-a22-uncertainty-007,line-uct-test-a22-000198,uct-test-a22,0.7088714262418627,0.21525554608194852,0.02906977,0.02,agent_first_user_only_if_unresolved
uct-test-a22-uncertainty-007,line-uct-test-a22-000199,uct-test-a22,0.7117396880522877,0.24847573237238785,0.02906977,0.02,agent_first_user_only_if_unresolved
uct-test-a22-uncertainty-007,line-uct-test-a22-000200,uct-test-a22,0.7146079498627127,0.2555943437203392,0.0251938,0.02,agent_first_user_only_if_unresolved
uct-test-a22-uncertainty-007,line-uct-test-a22-000201,uct-test-a22,0.7174762116731377,0.25322147327102207,0.02131783,0.02,agent_first_user_only_if_unresolved
uct-test-a22-uncertainty-007,line-uct-test-a22-000203,uct-test-a22,0.7232127352939877,0.27457730731487595,0.03100775,0.02,agent_first_user_only_if_unresolved
uct-test-a22-uncertainty-007,line-uct-test-a22-000204,uct-test-a22,0.7260809971044127,0.29830601180804694,0.02131783,0.02,agent_first_user_only_if_unresolved
uct-test-a22-uncertainty-007,line-uct-test-a22-000209,uct-test-a22,0.7432905679669626,0.400339441128682,0.0251938,0.02,agent_first_user_only_if_unresolved
uct-test-a22-uncertainty-007,line-uct-test-a22-000210,uct-test-a22,0.7461588297773878,0.42644101607117,0.0251938,0.02,agent_first_user_only_if_unresolved
uct-test-a22-uncertainty-007,line-uct-test-a22-000218,uct-test-a22,0.7834462333129126,0.6305078747124403,0.02131783,0.02,agent_first_user_only_if_unresolved
uct-test-a22-uncertainty-008,line-uct-test-a22-000237,uct-test-a22,0.8408114695214126,0.6542365792056113,0.0251938,0.02,agent_first_user_only_if_unresolved
uct-test-a22-uncertainty-008,line-uct-test-a22-000238,uct-test-a22,0.8436797313318376,0.6542365792056113,0.03100775,0.02,agent_first_user_only_if_unresolved
uct-test-a22-uncertainty-008,line-uct-test-a22-000239,uct-test-a22,0.8465479931422626,0.6494908383069771,0.02906977,0.02,agent_first_user_only_if_unresolved
uct-test-a22-uncertainty-008,line-uct-test-a22-000240,uct-test-a22,0.8494162549526876,0.6423722269590257,0.02131783,0.02,agent_first_user_only_if_unresolved
uct-test-a22-uncertainty-008,line-uct-test-a22-000241,uct-test-a22,0.8551527785735376,0.6281350042631232,0.02325581,0.02,agent_first_user_only_if_unresolved
uct-test-a22-uncertainty-008,line-uct-test-a22-000242,uct-test-a22,0.8580210403839625,0.6115249111179035,0.0251938,0.02,agent_first_user_only_if_unresolved
uct-test-a22-uncertainty-008,line-uct-test-a22-000246,uct-test-a22,0.8694940876256625,0.5450845385370249,0.02131783,0.02,agent_first_user_only_if_unresolved
uct-test-a22-uncertainty-008,line-uct-test-a22-000247,uct-test-a22,0.8723623494360875,0.5284744453918052,0.02131783,0.02,agent_first_user_only_if_unresolved
uct-test-a22-uncertainty-008,line-uct-test-a22-000248,uct-test-a22,0.8752306112465125,0.5142372226959026,0.02325581,0.02,agent_first_user_only_if_unresolved
uct-test-a22-uncertainty-008,line-uct-test-a22-000254,uct-test-a22,0.9125180147820375,0.35288203214234015,0.03488372,0.02,agent_first_user_only_if_unresolved
uct-test-a22-uncertainty-008,line-uct-test-a22-000256,uct-test-a22,0.9182545384028875,0.32440758675053494,0.03488372,0.02,agent_first_user_only_if_unresolved
uct-test-a22-uncertainty-008,line-uct-test-a22-000257,uct-test-a22,0.9211228002133125,0.29830601180804694,0.03682171,0.02,agent_first_user_only_if_unresolved
uct-test-a22-uncertainty-008,line-uct-test-a22-000258,uct-test-a22,0.9239910620237375,0.26983156641624173,0.03488372,0.02,agent_first_user_only_if_unresolved
uct-test-a22-uncertainty-008,line-uct-test-a22-000259,uct-test-a22,0.9268593238341625,0.2603400846189734,0.03294574,0.02,agent_first_user_only_if_unresolved
uct-test-a22-uncertainty-008,line-uct-test-a22-000260,uct-test-a22,0.9297275856445875,0.25322147327102207,0.03100775,0.02,agent_first_user_only_if_unresolved
uct-test-a22-uncertainty-008,line-uct-test-a22-000269,uct-test-a22,0.9584102037488373,0.19864545293672886,0.02713178,0.02,agent_first_user_only_if_unresolved
uct-test-a22-uncertainty-008,line-uct-test-a22-000271,uct-test-a22,0.9641467273696873,0.18915397113946053,0.02325581,0.02,agent_first_user_only_if_unresolved
uct-test-a22-uncertainty-008,line-uct-test-a22-000272,uct-test-a22,0.9670149891801123,0.18915397113946053,0.0251938,0.02,agent_first_user_only_if_unresolved
uct-test-a22-uncertainty-008,line-uct-test-a22-000273,uct-test-a22,0.9698832509905373,0.20101832338604597,0.02131783,0.02,agent_first_user_only_if_unresolved
uct-test-a22-uncertainty-008,line-uct-test-a22-000274,uct-test-a22,0.9727515128009623,0.17728961889287498,0.02713178,0.02,agent_first_user_only_if_unresolved
uct-test-a22-uncertainty-008,line-uct-test-a22-000277,uct-test-a22,0.9813562982322372,0.1820353597915092,0.02325581,0.02,agent_first_user_only_if_unresolved
uct-test-a22-uncertainty-009,line-uct-test-a22-000290,uct-test-a22,1.0215119635781873,0.14169656215311854,0.0251938,0.02,agent_first_user_only_if_unresolved
uct-test-a22-uncertainty-009,line-uct-test-a22-000291,uct-test-a22,1.0243802253886123,0.14169656215311854,0.0251938,0.02,agent_first_user_only_if_unresolved
uct-test-a22-uncertainty-010,line-uct-test-a22-000356,uct-test-a22,1.268182479274737,0.08474767136950834,0.02131783,0.02,agent_first_user_only_if_unresolved
uct-test-a22-uncertainty-010,line-uct-test-a22-000357,uct-test-a22,1.271050741085162,0.08237480092019123,0.02325581,0.02,agent_first_user_only_if_unresolved
uct-test-a22-uncertainty-010,line-uct-test-a22-000358,uct-test-a22,1.273919002895587,0.08237480092019123,0.02325581,0.02,agent_first_user_only_if_unresolved
uct-test-a22-uncertainty-010,line-uct-test-a22-000362,uct-test-a22,1.2853920501372869,0.08949341226814245,0.02325581,0.02,agent_first_user_only_if_unresolved
uct-test-a22-uncertainty-010,line-uct-test-a22-000363,uct-test-a22,1.2882603119477118,0.08712054181882534,0.02325581,0.02,agent_first_user_only_if_unresolved
uct-test-a22-uncertainty-011,line-uct-test-a22-000386,uct-test-a22,1.3542303335874868,0.08712054181882534,0.02131783,0.02,agent_first_user_only_if_unresolved
uct-test-a22-uncertainty-011,line-uct-test-a22-000387,uct-test-a22,1.3570985953979118,0.08949341226814245,0.02131783,0.02,agent_first_user_only_if_unresolved
uct-test-a22-uncertainty-011,line-uct-test-a22-000390,uct-test-a22,1.3657033808291867,0.08712054181882534,0.02131783,0.02,agent_first_user_only_if_unresolved
uct-test-a22-uncertainty-012,line-uct-test-a22-000415,uct-test-a22,1.4431464497106616,0.10610350541336211,0.02131783,0.02,agent_first_user_only_if_unresolved
uct-test-a22-uncertainty-012,line-uct-test-a22-000416,uct-test-a22,1.4460147115210866,0.10610350541336211,0.02325581,0.02,agent_first_user_only_if_unresolved
uct-test-a22-uncertainty-012,line-uct-test-a22-000417,uct-test-a22,1.4488829733315116,0.103730634964045,0.0251938,0.02,agent_first_user_only_if_unresolved
uct-test-a22-uncertainty-012,line-uct-test-a22-000418,uct-test-a22,1.4517512351419366,0.10610350541336211,0.02325581,0.02,agent_first_user_only_if_unresolved
uct-test-a22-uncertainty-012,line-uct-test-a22-000419,uct-test-a22,1.4546194969523616,0.10847637586267922,0.02131783,0.02,agent_first_user_only_if_unresolved
uct-test-a22-uncertainty-012,line-uct-test-a22-000420,uct-test-a22,1.4603560205732116,0.11322211676131344,0.02131783,0.02,agent_first_user_only_if_unresolved
uct-test-a22-uncertainty-013,line-uct-test-a22-000443,uct-test-a22,1.5349308276442615,0.1820353597915092,0.02131783,0.02,agent_first_user_only_if_unresolved
uct-test-a22-uncertainty-013,line-uct-test-a22-000451,uct-test-a22,1.5578769221276614,0.19389971203809464,0.02325581,0.02,agent_first_user_only_if_unresolved
uct-test-a22-uncertainty-013,line-uct-test-a22-000452,uct-test-a22,1.5607451839380864,0.1820353597915092,0.02713178,0.02,agent_first_user_only_if_unresolved
uct-test-a22-uncertainty-013,line-uct-test-a22-000453,uct-test-a22,1.5636134457485116,0.19627258248741175,0.02906977,0.02,agent_first_user_only_if_unresolved
uct-test-a22-uncertainty-013,line-uct-test-a22-000457,uct-test-a22,1.5750864929902115,0.19864545293672886,0.02325581,0.02,agent_first_user_only_if_unresolved
uct-test-a33-uncertainty-001,line-uct-test-a33-000001,uct-test-a33,0.07498556613793866,0.0622054021009959,0.03571429,0.02,agent_first_user_only_if_unresolved
uct-test-a33-uncertainty-001,line-uct-test-a33-000002,uct-test-a33,0.07785382794836365,0.06339183732565445,0.07142857,0.02,agent_first_user_only_if_unresolved
uct-test-a33-uncertainty-001,line-uct-test-a33-000003,uct-test-a33,0.08072208975878864,0.0622054021009959,0.10714286,0.02,agent_first_user_only_if_unresolved
uct-test-a33-uncertainty-001,line-uct-test-a33-000004,uct-test-a33,0.08359035156921368,0.06339183732565445,0.14285714,0.02,agent_first_user_only_if_unresolved
uct-test-a33-uncertainty-001,line-uct-test-a33-000005,uct-test-a33,0.08645861337963867,0.06457827255031301,0.10714286,0.02,agent_first_user_only_if_unresolved
uct-test-a33-uncertainty-001,line-uct-test-a33-000006,uct-test-a33,0.08932687519006366,0.06576470777497156,0.14285714,0.02,agent_first_user_only_if_unresolved
uct-test-a33-uncertainty-001,line-uct-test-a33-000007,uct-test-a33,0.09219513700048865,0.06576470777497156,0.14285714,0.02,agent_first_user_only_if_unresolved
uct-test-a33-uncertainty-001,line-uct-test-a33-000008,uct-test-a33,0.09506339881091364,0.06576470777497156,0.14285714,0.02,agent_first_user_only_if_unresolved
uct-test-a33-uncertainty-001,line-uct-test-a33-000009,uct-test-a33,0.09793166062133862,0.06576470777497156,0.14285714,0.02,agent_first_user_only_if_unresolved
uct-test-a33-uncertainty-001,line-uct-test-a33-000010,uct-test-a33,0.10079992243176361,0.06576470777497156,0.14285714,0.02,agent_first_user_only_if_unresolved
uct-test-a33-uncertainty-001,line-uct-test-a33-000011,uct-test-a33,0.1036681842421886,0.06813757822428856,0.14285714,0.02,agent_first_user_only_if_unresolved
uct-test-a33-uncertainty-001,line-uct-test-a33-000012,uct-test-a33,0.10653644605261364,0.06813757822428856,0.14285714,0.02,agent_first_user_only_if_unresolved
uct-test-a33-uncertainty-001,line-uct-test-a33-000013,uct-test-a33,0.10940470786303863,0.06932401344894712,0.10714286,0.02,agent_first_user_only_if_unresolved
uct-test-a33-uncertainty-001,line-uct-test-a33-000014,uct-test-a33,0.11227296967346362,0.06932401344894712,0.10714286,0.02,agent_first_user_only_if_unresolved
uct-test-a33-uncertainty-001,line-uct-test-a33-000015,uct-test-a33,0.1151412314838886,0.06813757822428856,0.03571429,0.02,agent_first_user_only_if_unresolved
uct-test-a33-uncertainty-001,line-uct-test-a33-000016,uct-test-a33,0.13521906415686358,0.07169688389826423,0.03571429,0.02,agent_first_user_only_if_unresolved
uct-test-a33-uncertainty-001,line-uct-test-a33-000017,uct-test-a33,0.13808732596728857,0.07169688389826423,0.10714286,0.02,agent_first_user_only_if_unresolved
uct-test-a33-uncertainty-001,line-uct-test-a33-000018,uct-test-a33,0.14095558777771355,0.07051044867360567,0.14285714,0.02,agent_first_user_only_if_unresolved
uct-test-a33-uncertainty-001,line-uct-test-a33-000019,uct-test-a33,0.14382384958813854,0.07051044867360567,0.14285714,0.02,agent_first_user_only_if_unresolved
uct-test-a33-uncertainty-001,line-uct-test-a33-000020,uct-test-a33,0.14669211139856353,0.06813757822428856,0.14285714,0.02,agent_first_user_only_if_unresolved
uct-test-a33-uncertainty-001,line-uct-test-a33-000021,uct-test-a33,0.14956037320898852,0.06813757822428856,0.14285714,0.02,agent_first_user_only_if_unresolved
uct-test-a33-uncertainty-001,line-uct-test-a33-000022,uct-test-a33,0.1524286350194135,0.06695114299963012,0.10714286,0.02,agent_first_user_only_if_unresolved
uct-test-a33-uncertainty-001,line-uct-test-a33-000023,uct-test-a33,0.1552968968298386,0.06695114299963012,0.10714286,0.02,agent_first_user_only_if_unresolved
uct-test-a33-uncertainty-001,line-uct-test-a33-000024,uct-test-a33,0.1581651586402636,0.06576470777497156,0.14285714,0.02,agent_first_user_only_if_unresolved
uct-test-a33-uncertainty-001,line-uct-test-a33-000025,uct-test-a33,0.16103342045068858,0.06576470777497156,0.14285714,0.02,agent_first_user_only_if_unresolved
uct-test-a33-uncertainty-001,line-uct-test-a33-000026,uct-test-a33,0.16390168226111357,0.06576470777497156,0.14285714,0.02,agent_first_user_only_if_unresolved
uct-test-a33-uncertainty-001,line-uct-test-a33-000027,uct-test-a33,0.16676994407153856,0.06576470777497156,0.14285714,0.02,agent_first_user_only_if_unresolved
uct-test-a33-uncertainty-001,line-uct-test-a33-000028,uct-test-a33,0.16963820588196354,0.06457827255031301,0.10714286,0.02,agent_first_user_only_if_unresolved
uct-test-a33-uncertainty-001,line-uct-test-a33-000029,uct-test-a33,0.17250646769238853,0.06457827255031301,0.10714286,0.02,agent_first_user_only_if_unresolved
uct-test-a33-uncertainty-001,line-uct-test-a33-000030,uct-test-a33,0.17537472950281352,0.06339183732565445,0.03571429,0.02,agent_first_user_only_if_unresolved
uct-test-a33-uncertainty-001,line-uct-test-a33-000031,uct-test-a33,0.19545256217578855,0.05864609642702023,0.07142857,0.02,agent_first_user_only_if_unresolved
uct-test-a33-uncertainty-001,line-uct-test-a33-000032,uct-test-a33,0.19832082398621353,0.05745966120236168,0.10714286,0.02,agent_first_user_only_if_unresolved
uct-test-a33-uncertainty-001,line-uct-test-a33-000033,uct-test-a33,0.20118908579663852,0.05745966120236168,0.10714286,0.02,agent_first_user_only_if_unresolved
uct-test-a33-uncertainty-001,line-uct-test-a33-000034,uct-test-a33,0.2040573476070635,0.05745966120236168,0.10714286,0.02,agent_first_user_only_if_unresolved
uct-test-a33-uncertainty-001,line-uct-test-a33-000035,uct-test-a33,0.2069256094174885,0.05864609642702023,0.14285714,0.02,agent_first_user_only_if_unresolved
uct-test-a33-uncertainty-001,line-uct-test-a33-000036,uct-test-a33,0.2097938712279135,0.05983253165167879,0.10714286,0.02,agent_first_user_only_if_unresolved
uct-test-a33-uncertainty-001,line-uct-test-a33-000037,uct-test-a33,0.21266213303833847,0.05983253165167879,0.10714286,0.02,agent_first_user_only_if_unresolved
uct-test-a33-uncertainty-001,line-uct-test-a33-000038,uct-test-a33,0.21553039484876346,0.05983253165167879,0.10714286,0.02,agent_first_user_only_if_unresolved
uct-test-a33-uncertainty-001,line-uct-test-a33-000039,uct-test-a33,0.21839865665918845,0.05983253165167879,0.10714286,0.02,agent_first_user_only_if_unresolved
uct-test-a33-uncertainty-001,line-uct-test-a33-000040,uct-test-a33,0.22126691846961344,0.05983253165167879,0.10714286,0.02,agent_first_user_only_if_unresolved
uct-test-a33-uncertainty-001,line-uct-test-a33-000041,uct-test-a33,0.22413518028003843,0.05983253165167879,0.10714286,0.02,agent_first_user_only_if_unresolved
uct-test-a33-uncertainty-001,line-uct-test-a33-000042,uct-test-a33,0.22700344209046341,0.05983253165167879,0.10714286,0.02,agent_first_user_only_if_unresolved
uct-test-a33-uncertainty-001,line-uct-test-a33-000043,uct-test-a33,0.2298717039008884,0.05745966120236168,0.10714286,0.02,agent_first_user_only_if_unresolved
uct-test-a33-uncertainty-001,line-uct-test-a33-000044,uct-test-a33,0.2327399657113134,0.05864609642702023,0.07142857,0.02,agent_first_user_only_if_unresolved
uct-test-a33-uncertainty-001,line-uct-test-a33-000045,uct-test-a33,0.23560822752173838,0.05864609642702023,0.03571429,0.02,agent_first_user_only_if_unresolved
uct-test-a33-uncertainty-001,line-uct-test-a33-000046,uct-test-a33,0.2556860601947134,0.05983253165167879,0.03571429,0.02,agent_first_user_only_if_unresolved
uct-test-a33-uncertainty-001,line-uct-test-a33-000047,uct-test-a33,0.2585543220051384,0.05983253165167879,0.10714286,0.02,agent_first_user_only_if_unresolved
uct-test-a33-uncertainty-001,line-uct-test-a33-000048,uct-test-a33,0.2614225838155634,0.05983253165167879,0.10714286,0.02,agent_first_user_only_if_unresolved
uct-test-a33-uncertainty-001,line-uct-test-a33-000049,uct-test-a33,0.26429084562598837,0.05983253165167879,0.10714286,0.02,agent_first_user_only_if_unresolved
uct-test-a33-uncertainty-001,line-uct-test-a33-000050,uct-test-a33,0.26715910743641336,0.05983253165167879,0.10714286,0.02,agent_first_user_only_if_unresolved
uct-test-a33-uncertainty-001,line-uct-test-a33-000051,uct-test-a33,0.27002736924683834,0.05983253165167879,0.10714286,0.02,agent_first_user_only_if_unresolved
uct-test-a33-uncertainty-001,line-uct-test-a33-000052,uct-test-a33,0.27289563105726333,0.05983253165167879,0.10714286,0.02,agent_first_user_only_if_unresolved
uct-test-a33-uncertainty-001,line-uct-test-a33-000053,uct-test-a33,0.2757638928676883,0.061018966876337344,0.14285714,0.02,agent_first_user_only_if_unresolved
uct-test-a33-uncertainty-001,line-uct-test-a33-000054,uct-test-a33,0.2786321546781134,0.0622054021009959,0.10714286,0.02,agent_first_user_only_if_unresolved
uct-test-a33-uncertainty-001,line-uct-test-a33-000055,uct-test-a33,0.2815004164885384,0.0622054021009959,0.10714286,0.02,agent_first_user_only_if_unresolved
uct-test-a33-uncertainty-001,line-uct-test-a33-000056,uct-test-a33,0.2843686782989634,0.0622054021009959,0.10714286,0.02,agent_first_user_only_if_unresolved
uct-test-a33-uncertainty-001,line-uct-test-a33-000057,uct-test-a33,0.2872369401093884,0.0622054021009959,0.10714286,0.02,agent_first_user_only_if_unresolved
uct-test-a33-uncertainty-001,line-uct-test-a33-000058,uct-test-a33,0.29010520191981337,0.0622054021009959,0.10714286,0.02,agent_first_user_only_if_unresolved
uct-test-a33-uncertainty-001,line-uct-test-a33-000059,uct-test-a33,0.29297346373023836,0.0622054021009959,0.10714286,0.02,agent_first_user_only_if_unresolved
uct-test-a33-uncertainty-001,line-uct-test-a33-000060,uct-test-a33,0.29584172554066335,0.0622054021009959,0.03571429,0.02,agent_first_user_only_if_unresolved
uct-test-a33-uncertainty-001,line-uct-test-a33-000061,uct-test-a33,0.31591955821363826,0.06339183732565445,0.03571429,0.02,agent_first_user_only_if_unresolved
uct-test-a33-uncertainty-001,line-uct-test-a33-000062,uct-test-a33,0.31878782002406336,0.06339183732565445,0.07142857,0.02,agent_first_user_only_if_unresolved
uct-test-a33-uncertainty-001,line-uct-test-a33-000063,uct-test-a33,0.32165608183448835,0.06339183732565445,0.07142857,0.02,agent_first_user_only_if_unresolved
uct-test-a33-uncertainty-001,line-uct-test-a33-000064,uct-test-a33,0.32452434364491334,0.0622054021009959,0.10714286,0.02,agent_first_user_only_if_unresolved
uct-test-a33-uncertainty-001,line-uct-test-a33-000065,uct-test-a33,0.3273926054553383,0.0622054021009959,0.10714286,0.02,agent_first_user_only_if_unresolved
uct-test-a33-uncertainty-001,line-uct-test-a33-000066,uct-test-a33,0.3302608672657633,0.0622054021009959,0.10714286,0.02,agent_first_user_only_if_unresolved
uct-test-a33-uncertainty-001,line-uct-test-a33-000067,uct-test-a33,0.3331291290761883,0.0622054021009959,0.10714286,0.02,agent_first_user_only_if_unresolved
uct-test-a33-uncertainty-001,line-uct-test-a33-000068,uct-test-a33,0.3359973908866133,0.0622054021009959,0.10714286,0.02,agent_first_user_only_if_unresolved
uct-test-a33-uncertainty-001,line-uct-test-a33-000069,uct-test-a33,0.3388656526970383,0.0622054021009959,0.10714286,0.02,agent_first_user_only_if_unresolved
uct-test-a33-uncertainty-001,line-uct-test-a33-000070,uct-test-a33,0.34173391450746327,0.0622054021009959,0.10714286,0.02,agent_first_user_only_if_unresolved
uct-test-a33-uncertainty-001,line-uct-test-a33-000071,uct-test-a33,0.34460217631788825,0.0622054021009959,0.10714286,0.02,agent_first_user_only_if_unresolved
uct-test-a33-uncertainty-001,line-uct-test-a33-000072,uct-test-a33,0.34747043812831324,0.0622054021009959,0.10714286,0.02,agent_first_user_only_if_unresolved
uct-test-a33-uncertainty-001,line-uct-test-a33-000073,uct-test-a33,0.35033869993873823,0.0622054021009959,0.10714286,0.02,agent_first_user_only_if_unresolved
uct-test-a33-uncertainty-001,line-uct-test-a33-000074,uct-test-a33,0.3532069617491632,0.0622054021009959,0.10714286,0.02,agent_first_user_only_if_unresolved
uct-test-a33-uncertainty-001,line-uct-test-a33-000075,uct-test-a33,0.3560752235595882,0.06339183732565445,0.07142857,0.02,agent_first_user_only_if_unresolved
uct-test-a33-uncertainty-001,line-uct-test-a33-000076,uct-test-a33,0.3790213180429882,0.06339183732565445,0.07142857,0.02,agent_first_user_only_if_unresolved
uct-test-a33-uncertainty-001,line-uct-test-a33-000077,uct-test-a33,0.3818895798534132,0.06339183732565445,0.07142857,0.02,agent_first_user_only_if_unresolved
uct-test-a33-uncertainty-001,line-uct-test-a33-000078,uct-test-a33,0.3847578416638382,0.06457827255031301,0.10714286,0.02,agent_first_user_only_if_unresolved
uct-test-a33-uncertainty-001,line-uct-test-a33-000079,uct-test-a33,0.3876261034742632,0.06457827255031301,0.10714286,0.02,agent_first_user_only_if_unresolved
uct-test-a33-uncertainty-001,line-uct-test-a33-000080,uct-test-a33,0.39049436528468817,0.06457827255031301,0.10714286,0.02,agent_first_user_only_if_unresolved
uct-test-a33-uncertainty-001,line-uct-test-a33-000081,uct-test-a33,0.39336262709511316,0.06576470777497156,0.14285714,0.02,agent_first_user_only_if_unresolved
uct-test-a33-uncertainty-001,line-uct-test-a33-000082,uct-test-a33,0.39623088890553815,0.06576470777497156,0.14285714,0.02,agent_first_user_only_if_unresolved
uct-test-a33-uncertainty-001,line-uct-test-a33-000083,uct-test-a33,0.39909915071596314,0.06576470777497156,0.14285714,0.02,agent_first_user_only_if_unresolved
uct-test-a33-uncertainty-001,line-uct-test-a33-000084,uct-test-a33,0.40196741252638823,0.06576470777497156,0.14285714,0.02,agent_first_user_only_if_unresolved
uct-test-a33-uncertainty-001,line-uct-test-a33-000085,uct-test-a33,0.4048356743368132,0.06695114299963012,0.10714286,0.02,agent_first_user_only_if_unresolved
uct-test-a33-uncertainty-001,line-uct-test-a33-000086,uct-test-a33,0.4077039361472382,0.06695114299963012,0.10714286,0.02,agent_first_user_only_if_unresolved
uct-test-a33-uncertainty-001,line-uct-test-a33-000087,uct-test-a33,0.4105721979576632,0.06695114299963012,0.10714286,0.02,agent_first_user_only_if_unresolved
uct-test-a33-uncertainty-001,line-uct-test-a33-000088,uct-test-a33,0.4134404597680882,0.06695114299963012,0.10714286,0.02,agent_first_user_only_if_unresolved
uct-test-a33-uncertainty-001,line-uct-test-a33-000089,uct-test-a33,0.4163087215785132,0.06695114299963012,0.10714286,0.02,agent_first_user_only_if_unresolved
uct-test-a33-uncertainty-001,line-uct-test-a33-000090,uct-test-a33,0.41917698338893816,0.06695114299963012,0.03571429,0.02,agent_first_user_only_if_unresolved
uct-test-a33-uncertainty-001,line-uct-test-a33-000091,uct-test-a33,0.4392548160619131,0.06695114299963012,0.03571429,0.02,agent_first_user_only_if_unresolved
uct-test-a33-uncertainty-001,line-uct-test-a33-000092,uct-test-a33,0.4421230778723382,0.06695114299963012,0.10714286,0.02,agent_first_user_only_if_unresolved
uct-test-a33-uncertainty-001,line-uct-test-a33-000093,uct-test-a33,0.44499133968276317,0.06695114299963012,0.10714286,0.02,agent_first_user_only_if_unresolved
uct-test-a33-uncertainty-001,line-uct-test-a33-000094,uct-test-a33,0.44785960149318815,0.06576470777497156,0.14285714,0.02,agent_first_user_only_if_unresolved
uct-test-a33-uncertainty-001,line-uct-test-a33-000095,uct-test-a33,0.45072786330361314,0.06576470777497156,0.14285714,0.02,agent_first_user_only_if_unresolved
uct-test-a33-uncertainty-001,line-uct-test-a33-000096,uct-test-a33,0.45359612511403813,0.06695114299963012,0.10714286,0.02,agent_first_user_only_if_unresolved
uct-test-a33-uncertainty-001,line-uct-test-a33-000097,uct-test-a33,0.4564643869244631,0.06695114299963012,0.10714286,0.02,agent_first_user_only_if_unresolved
uct-test-a33-uncertainty-001,line-uct-test-a33-000098,uct-test-a33,0.4593326487348881,0.06576470777497156,0.14285714,0.02,agent_first_user_only_if_unresolved
uct-test-a33-uncertainty-001,line-uct-test-a33-000099,uct-test-a33,0.4622009105453131,0.06576470777497156,0.14285714,0.02,agent_first_user_only_if_unresolved
uct-test-a33-uncertainty-001,line-uct-test-a33-000100,uct-test-a33,0.4650691723557381,0.06576470777497156,0.14285714,0.02,agent_first_user_only_if_unresolved
uct-test-a33-uncertainty-001,line-uct-test-a33-000101,uct-test-a33,0.46793743416616307,0.06457827255031301,0.10714286,0.02,agent_first_user_only_if_unresolved
uct-test-a33-uncertainty-001,line-uct-test-a33-000102,uct-test-a33,0.47080569597658806,0.06457827255031301,0.10714286,0.02,agent_first_user_only_if_unresolved
uct-test-a33-uncertainty-001,line-uct-test-a33-000103,uct-test-a33,0.47367395778701304,0.06576470777497156,0.14285714,0.02,agent_first_user_only_if_unresolved
uct-test-a33-uncertainty-001,line-uct-test-a33-000104,uct-test-a33,0.47654221959743803,0.06457827255031301,0.10714286,0.02,agent_first_user_only_if_unresolved
uct-test-a33-uncertainty-001,line-uct-test-a33-000105,uct-test-a33,0.479410481407863,0.06457827255031301,0.03571429,0.02,agent_first_user_only_if_unresolved
uct-test-a33-uncertainty-001,line-uct-test-a33-000106,uct-test-a33,0.49948831408083805,0.06813757822428856,0.03571429,0.02,agent_first_user_only_if_unresolved
uct-test-a33-uncertainty-001,line-uct-test-a33-000107,uct-test-a33,0.502356575891263,0.06932401344894712,0.10714286,0.02,agent_first_user_only_if_unresolved
uct-test-a33-uncertainty-001,line-uct-test-a33-000108,uct-test-a33,0.505224837701688,0.06813757822428856,0.14285714,0.02,agent_first_user_only_if_unresolved
uct-test-a33-uncertainty-001,line-uct-test-a33-000109,uct-test-a33,0.508093099512113,0.06813757822428856,0.14285714,0.02,agent_first_user_only_if_unresolved
uct-test-a33-uncertainty-001,line-uct-test-a33-000110,uct-test-a33,0.510961361322538,0.06813757822428856,0.14285714,0.02,agent_first_user_only_if_unresolved
uct-test-a33-uncertainty-001,line-uct-test-a33-000111,uct-test-a33,0.513829623132963,0.06695114299963012,0.10714286,0.02,agent_first_user_only_if_unresolved
uct-test-a33-uncertainty-001,line-uct-test-a33-000112,uct-test-a33,0.516697884943388,0.06695114299963012,0.10714286,0.02,agent_first_user_only_if_unresolved
uct-test-a33-uncertainty-001,line-uct-test-a33-000113,uct-test-a33,0.519566146753813,0.06813757822428856,0.14285714,0.02,agent_first_user_only_if_unresolved
uct-test-a33-uncertainty-001,line-uct-test-a33-000114,uct-test-a33,0.5224344085642381,0.06813757822428856,0.14285714,0.02,agent_first_user_only_if_unresolved
uct-test-a33-uncertainty-001,line-uct-test-a33-000115,uct-test-a33,0.525302670374663,0.06813757822428856,0.14285714,0.02,agent_first_user_only_if_unresolved
uct-test-a33-uncertainty-001,line-uct-test-a33-000116,uct-test-a33,0.528170932185088,0.06813757822428856,0.14285714,0.02,agent_first_user_only_if_unresolved
uct-test-a33-uncertainty-001,line-uct-test-a33-000117,uct-test-a33,0.531039193995513,0.06813757822428856,0.14285714,0.02,agent_first_user_only_if_unresolved
uct-test-a33-uncertainty-001,line-uct-test-a33-000118,uct-test-a33,0.533907455805938,0.06813757822428856,0.14285714,0.02,agent_first_user_only_if_unresolved
uct-test-a33-uncertainty-001,line-uct-test-a33-000119,uct-test-a33,0.536775717616363,0.06813757822428856,0.14285714,0.02,agent_first_user_only_if_unresolved
uct-test-a33-uncertainty-001,line-uct-test-a33-000120,uct-test-a33,0.539643979426788,0.06813757822428856,0.07142857,0.02,agent_first_user_only_if_unresolved
uct-test-a33-uncertainty-001,line-uct-test-a33-000121,uct-test-a33,0.5625900739101879,0.07051044867360567,0.07142857,0.02,agent_first_user_only_if_unresolved
uct-test-a33-uncertainty-001,line-uct-test-a33-000122,uct-test-a33,0.565458335720613,0.07051044867360567,0.14285714,0.02,agent_first_user_only_if_unresolved
uct-test-a33-uncertainty-001,line-uct-test-a33-000123,uct-test-a33,0.568326597531038,0.07051044867360567,0.14285714,0.02,agent_first_user_only_if_unresolved
uct-test-a33-uncertainty-001,line-uct-test-a33-000124,uct-test-a33,0.571194859341463,0.07051044867360567,0.14285714,0.02,agent_first_user_only_if_unresolved
uct-test-a33-uncertainty-001,line-uct-test-a33-000125,uct-test-a33,0.574063121151888,0.07169688389826423,0.10714286,0.02,agent_first_user_only_if_unresolved
uct-test-a33-uncertainty-001,line-uct-test-a33-000126,uct-test-a33,0.5769313829623129,0.07051044867360567,0.14285714,0.02,agent_first_user_only_if_unresolved
uct-test-a33-uncertainty-001,line-uct-test-a33-000127,uct-test-a33,0.5797996447727379,0.07051044867360567,0.14285714,0.02,agent_first_user_only_if_unresolved
uct-test-a33-uncertainty-001,line-uct-test-a33-000128,uct-test-a33,0.5826679065831629,0.07051044867360567,0.14285714,0.02,agent_first_user_only_if_unresolved
uct-test-a33-uncertainty-001,line-uct-test-a33-000129,uct-test-a33,0.5855361683935879,0.07169688389826423,0.10714286,0.02,agent_first_user_only_if_unresolved
uct-test-a33-uncertainty-001,line-uct-test-a33-000130,uct-test-a33,0.5884044302040129,0.07288331912292279,0.14285714,0.02,agent_first_user_only_if_unresolved
uct-test-a33-uncertainty-001,line-uct-test-a33-000131,uct-test-a33,0.5912726920144379,0.07169688389826423,0.10714286,0.02,agent_first_user_only_if_unresolved
uct-test-a33-uncertainty-001,line-uct-test-a33-000132,uct-test-a33,0.5941409538248629,0.07169688389826423,0.10714286,0.02,agent_first_user_only_if_unresolved
uct-test-a33-uncertainty-001,line-uct-test-a33-000133,uct-test-a33,0.5970092156352879,0.07169688389826423,0.10714286,0.02,agent_first_user_only_if_unresolved
uct-test-a33-uncertainty-001,line-uct-test-a33-000134,uct-test-a33,0.5998774774457128,0.07169688389826423,0.10714286,0.02,agent_first_user_only_if_unresolved
uct-test-a33-uncertainty-001,line-uct-test-a33-000135,uct-test-a33,0.6027457392561378,0.07169688389826423,0.03571429,0.02,agent_first_user_only_if_unresolved
uct-test-a33-uncertainty-001,line-uct-test-a33-000136,uct-test-a33,0.6228235719291129,0.07406975434758134,0.03571429,0.02,agent_first_user_only_if_unresolved
uct-test-a33-uncertainty-001,line-uct-test-a33-000137,uct-test-a33,0.6256918337395379,0.07406975434758134,0.10714286,0.02,agent_first_user_only_if_unresolved
uct-test-a33-uncertainty-001,line-uct-test-a33-000138,uct-test-a33,0.6285600955499628,0.07406975434758134,0.10714286,0.02,agent_first_user_only_if_unresolved
uct-test-a33-uncertainty-001,line-uct-test-a33-000139,uct-test-a33,0.6314283573603878,0.07406975434758134,0.10714286,0.02,agent_first_user_only_if_unresolved
uct-test-a33-uncertainty-001,line-uct-test-a33-000140,uct-test-a33,0.6342966191708128,0.07406975434758134,0.10714286,0.02,agent_first_user_only_if_unresolved
uct-test-a33-uncertainty-001,line-uct-test-a33-000141,uct-test-a33,0.6371648809812378,0.07406975434758134,0.10714286,0.02,agent_first_user_only_if_unresolved
uct-test-a33-uncertainty-001,line-uct-test-a33-000142,uct-test-a33,0.6400331427916628,0.07406975434758134,0.10714286,0.02,agent_first_user_only_if_unresolved
uct-test-a33-uncertainty-001,line-uct-test-a33-000143,uct-test-a33,0.6429014046020878,0.07406975434758134,0.10714286,0.02,agent_first_user_only_if_unresolved
uct-test-a33-uncertainty-001,line-uct-test-a33-000144,uct-test-a33,0.6457696664125128,0.07406975434758134,0.10714286,0.02,agent_first_user_only_if_unresolved
uct-test-a33-uncertainty-001,line-uct-test-a33-000145,uct-test-a33,0.6486379282229378,0.0752561895722399,0.14285714,0.02,agent_first_user_only_if_unresolved
uct-test-a33-uncertainty-001,line-uct-test-a33-000146,uct-test-a33,0.6515061900333627,0.0752561895722399,0.07142857,0.02,agent_first_user_only_if_unresolved
uct-test-a33-uncertainty-001,line-uct-test-a33-000147,uct-test-a33,0.6543744518437877,0.0752561895722399,0.14285714,0.02,agent_first_user_only_if_unresolved
uct-test-a33-uncertainty-001,line-uct-test-a33-000148,uct-test-a33,0.6572427136542127,0.07644262479689845,0.10714286,0.02,agent_first_user_only_if_unresolved
uct-test-a33-uncertainty-001,line-uct-test-a33-000149,uct-test-a33,0.6601109754646377,0.0752561895722399,0.07142857,0.02,agent_first_user_only_if_unresolved
uct-test-a33-uncertainty-001,line-uct-test-a33-000150,uct-test-a33,0.6629792372750627,0.0752561895722399,0.03571429,0.02,agent_first_user_only_if_unresolved
uct-test-a33-uncertainty-001,line-uct-test-a33-000151,uct-test-a33,0.6830570699480378,0.07881549524621556,0.03571429,0.02,agent_first_user_only_if_unresolved
uct-test-a33-uncertainty-001,line-uct-test-a33-000152,uct-test-a33,0.6859253317584628,0.07881549524621556,0.10714286,0.02,agent_first_user_only_if_unresolved
uct-test-a33-uncertainty-001,line-uct-test-a33-000153,uct-test-a33,0.6887935935688878,0.07881549524621556,0.10714286,0.02,agent_first_user_only_if_unresolved
uct-test-a33-uncertainty-001,line-uct-test-a33-000154,uct-test-a33,0.6916618553793128,0.08000193047087412,0.14285714,0.02,agent_first_user_only_if_unresolved
uct-test-a33-uncertainty-001,line-uct-test-a33-000155,uct-test-a33,0.6945301171897378,0.08118836569553267,0.10714286,0.02,agent_first_user_only_if_unresolved
uct-test-a33-uncertainty-001,line-uct-test-a33-000156,uct-test-a33,0.6973983790001628,0.08118836569553267,0.10714286,0.02,agent_first_user_only_if_unresolved
uct-test-a33-uncertainty-001,line-uct-test-a33-000157,uct-test-a33,0.7002666408105878,0.08118836569553267,0.10714286,0.02,agent_first_user_only_if_unresolved
uct-test-a33-uncertainty-001,line-uct-test-a33-000158,uct-test-a33,0.7031349026210127,0.08118836569553267,0.10714286,0.02,agent_first_user_only_if_unresolved
uct-test-a33-uncertainty-001,line-uct-test-a33-000159,uct-test-a33,0.7060031644314377,0.08118836569553267,0.10714286,0.02,agent_first_user_only_if_unresolved
uct-test-a33-uncertainty-001,line-uct-test-a33-000160,uct-test-a33,0.7088714262418627,0.08118836569553267,0.10714286,0.02,agent_first_user_only_if_unresolved
uct-test-a33-uncertainty-001,line-uct-test-a33-000161,uct-test-a33,0.7117396880522877,0.08118836569553267,0.10714286,0.02,agent_first_user_only_if_unresolved
uct-test-a33-uncertainty-001,line-uct-test-a33-000162,uct-test-a33,0.7146079498627127,0.08118836569553267,0.10714286,0.02,agent_first_user_only_if_unresolved
uct-test-a33-uncertainty-001,line-uct-test-a33-000163,uct-test-a33,0.7174762116731377,0.08118836569553267,0.10714286,0.02,agent_first_user_only_if_unresolved
uct-test-a33-uncertainty-001,line-uct-test-a33-000164,uct-test-a33,0.7203444734835627,0.08118836569553267,0.10714286,0.02,agent_first_user_only_if_unresolved
uct-test-a33-uncertainty-001,line-uct-test-a33-000165,uct-test-a33,0.7232127352939877,0.08118836569553267,0.03571429,0.02,agent_first_user_only_if_unresolved
uct-test-a33-uncertainty-001,line-uct-test-a33-000166,uct-test-a33,0.7432905679669626,0.08949341226814245,0.07142857,0.02,agent_first_user_only_if_unresolved
uct-test-a33-uncertainty-001,line-uct-test-a33-000167,uct-test-a33,0.7461588297773878,0.08830697704348389,0.10714286,0.02,agent_first_user_only_if_unresolved
uct-test-a33-uncertainty-001,line-uct-test-a33-000168,uct-test-a33,0.7490270915878128,0.08949341226814245,0.14285714,0.02,agent_first_user_only_if_unresolved
uct-test-a33-uncertainty-001,line-uct-test-a33-000169,uct-test-a33,0.7518953533982378,0.08949341226814245,0.14285714,0.02,agent_first_user_only_if_unresolved
uct-test-a33-uncertainty-001,line-uct-test-a33-000170,uct-test-a33,0.7547636152086628,0.08949341226814245,0.14285714,0.02,agent_first_user_only_if_unresolved
uct-test-a33-uncertainty-001,line-uct-test-a33-000171,uct-test-a33,0.7576318770190877,0.08949341226814245,0.14285714,0.02,agent_first_user_only_if_unresolved
uct-test-a33-uncertainty-001,line-uct-test-a33-000172,uct-test-a33,0.7605001388295127,0.08949341226814245,0.14285714,0.02,agent_first_user_only_if_unresolved
uct-test-a33-uncertainty-001,line-uct-test-a33-000173,uct-test-a33,0.7633684006399377,0.08949341226814245,0.14285714,0.02,agent_first_user_only_if_unresolved
uct-test-a33-uncertainty-001,line-uct-test-a33-000174,uct-test-a33,0.7662366624503627,0.08712054181882534,0.14285714,0.02,agent_first_user_only_if_unresolved
uct-test-a33-uncertainty-001,line-uct-test-a33-000175,uct-test-a33,0.7691049242607877,0.08712054181882534,0.14285714,0.02,agent_first_user_only_if_unresolved
uct-test-a33-uncertainty-001,line-uct-test-a33-000176,uct-test-a33,0.7719731860712127,0.08712054181882534,0.14285714,0.02,agent_first_user_only_if_unresolved
uct-test-a33-uncertainty-001,line-uct-test-a33-000177,uct-test-a33,0.7748414478816377,0.08712054181882534,0.14285714,0.02,agent_first_user_only_if_unresolved
uct-test-a33-uncertainty-001,line-uct-test-a33-000178,uct-test-a33,0.7777097096920627,0.08712054181882534,0.14285714,0.02,agent_first_user_only_if_unresolved
uct-test-a33-uncertainty-001,line-uct-test-a33-000179,uct-test-a33,0.7805779715024876,0.08593410659416678,0.10714286,0.02,agent_first_user_only_if_unresolved
uct-test-a33-uncertainty-001,line-uct-test-a33-000180,uct-test-a33,0.7834462333129126,0.08593410659416678,0.03571429,0.02,agent_first_user_only_if_unresolved
uct-test-a33-uncertainty-001,line-uct-test-a33-000181,uct-test-a33,0.8035240659858875,0.08118836569553267,0.03571429,0.02,agent_first_user_only_if_unresolved
uct-test-a33-uncertainty-001,line-uct-test-a33-000182,uct-test-a33,0.8063923277963125,0.08118836569553267,0.10714286,0.02,agent_first_user_only_if_unresolved
uct-test-a33-uncertainty-001,line-uct-test-a33-000183,uct-test-a33,0.8092605896067375,0.08118836569553267,0.10714286,0.02,agent_first_user_only_if_unresolved
uct-test-a33-uncertainty-001,line-uct-test-a33-000184,uct-test-a33,0.8121288514171625,0.08118836569553267,0.10714286,0.02,agent_first_user_only_if_unresolved
uct-test-a33-uncertainty-001,line-uct-test-a33-000185,uct-test-a33,0.8149971132275875,0.08118836569553267,0.10714286,0.02,agent_first_user_only_if_unresolved
uct-test-a33-uncertainty-001,line-uct-test-a33-000186,uct-test-a33,0.8178653750380125,0.07881549524621556,0.10714286,0.02,agent_first_user_only_if_unresolved
uct-test-a33-uncertainty-001,line-uct-test-a33-000187,uct-test-a33,0.8207336368484375,0.07881549524621556,0.10714286,0.02,agent_first_user_only_if_unresolved
uct-test-a33-uncertainty-001,line-uct-test-a33-000188,uct-test-a33,0.8236018986588625,0.07881549524621556,0.10714286,0.02,agent_first_user_only_if_unresolved
uct-test-a33-uncertainty-001,line-uct-test-a33-000189,uct-test-a33,0.8264701604692875,0.07881549524621556,0.10714286,0.02,agent_first_user_only_if_unresolved
uct-test-a33-uncertainty-001,line-uct-test-a33-000190,uct-test-a33,0.8293384222797127,0.08000193047087412,0.14285714,0.02,agent_first_user_only_if_unresolved
uct-test-a33-uncertainty-001,line-uct-test-a33-000191,uct-test-a33,0.8322066840901376,0.07881549524621556,0.10714286,0.02,agent_first_user_only_if_unresolved
uct-test-a33-uncertainty-001,line-uct-test-a33-000192,uct-test-a33,0.8350749459005626,0.07881549524621556,0.10714286,0.02,agent_first_user_only_if_unresolved
uct-test-a33-uncertainty-001,line-uct-test-a33-000193,uct-test-a33,0.8379432077109876,0.07881549524621556,0.10714286,0.02,agent_first_user_only_if_unresolved
uct-test-a33-uncertainty-001,line-uct-test-a33-000194,uct-test-a33,0.8408114695214126,0.077629060021557,0.07142857,0.02,agent_first_user_only_if_unresolved
uct-test-a33-uncertainty-001,line-uct-test-a33-000195,uct-test-a33,0.8436797313318376,0.07881549524621556,0.03571429,0.02,agent_first_user_only_if_unresolved
uct-test-a33-uncertainty-001,line-uct-test-a33-000196,uct-test-a33,0.8637575640048125,0.08000193047087412,0.03571429,0.02,agent_first_user_only_if_unresolved
uct-test-a33-uncertainty-001,line-uct-test-a33-000197,uct-test-a33,0.8666258258152375,0.08000193047087412,0.07142857,0.02,agent_first_user_only_if_unresolved
uct-test-a33-uncertainty-001,line-uct-test-a33-000198,uct-test-a33,0.8694940876256625,0.07881549524621556,0.10714286,0.02,agent_first_user_only_if_unresolved
uct-test-a33-uncertainty-001,line-uct-test-a33-000199,uct-test-a33,0.8723623494360875,0.07881549524621556,0.10714286,0.02,agent_first_user_only_if_unresolved
uct-test-a33-uncertainty-001,line-uct-test-a33-000200,uct-test-a33,0.8752306112465125,0.08118836569553267,0.10714286,0.02,agent_first_user_only_if_unresolved
uct-test-a33-uncertainty-001,line-uct-test-a33-000201,uct-test-a33,0.8780988730569375,0.08118836569553267,0.10714286,0.02,agent_first_user_only_if_unresolved
uct-test-a33-uncertainty-001,line-uct-test-a33-000202,uct-test-a33,0.8809671348673624,0.08118836569553267,0.10714286,0.02,agent_first_user_only_if_unresolved
uct-test-a33-uncertainty-001,line-uct-test-a33-000203,uct-test-a33,0.8838353966777874,0.08237480092019123,0.14285714,0.02,agent_first_user_only_if_unresolved
uct-test-a33-uncertainty-001,line-uct-test-a33-000204,uct-test-a33,0.8867036584882124,0.08118836569553267,0.10714286,0.02,agent_first_user_only_if_unresolved
uct-test-a33-uncertainty-001,line-uct-test-a33-000205,uct-test-a33,0.8895719202986374,0.08118836569553267,0.10714286,0.02,agent_first_user_only_if_unresolved
uct-test-a33-uncertainty-001,line-uct-test-a33-000206,uct-test-a33,0.8924401821090624,0.08118836569553267,0.10714286,0.02,agent_first_user_only_if_unresolved
uct-test-a33-uncertainty-001,line-uct-test-a33-000207,uct-test-a33,0.8953084439194874,0.08118836569553267,0.10714286,0.02,agent_first_user_only_if_unresolved
uct-test-a33-uncertainty-001,line-uct-test-a33-000208,uct-test-a33,0.8981767057299124,0.08118836569553267,0.10714286,0.02,agent_first_user_only_if_unresolved
uct-test-a33-uncertainty-001,line-uct-test-a33-000209,uct-test-a33,0.9010449675403374,0.08118836569553267,0.10714286,0.02,agent_first_user_only_if_unresolved
uct-test-a33-uncertainty-001,line-uct-test-a33-000210,uct-test-a33,0.9039132293507623,0.08237480092019123,0.07142857,0.02,agent_first_user_only_if_unresolved
uct-test-a33-uncertainty-001,line-uct-test-a33-000211,uct-test-a33,0.9268593238341625,0.08118836569553267,0.03571429,0.02,agent_first_user_only_if_unresolved
uct-test-a33-uncertainty-001,line-uct-test-a33-000212,uct-test-a33,0.9297275856445875,0.08118836569553267,0.10714286,0.02,agent_first_user_only_if_unresolved
uct-test-a33-uncertainty-001,line-uct-test-a33-000213,uct-test-a33,0.9325958474550124,0.08118836569553267,0.10714286,0.02,agent_first_user_only_if_unresolved
uct-test-a33-uncertainty-001,line-uct-test-a33-000214,uct-test-a33,0.9354641092654374,0.08118836569553267,0.10714286,0.02,agent_first_user_only_if_unresolved
uct-test-a33-uncertainty-001,line-uct-test-a33-000215,uct-test-a33,0.9383323710758624,0.08118836569553267,0.10714286,0.02,agent_first_user_only_if_unresolved
uct-test-a33-uncertainty-001,line-uct-test-a33-000216,uct-test-a33,0.9412006328862874,0.08118836569553267,0.10714286,0.02,agent_first_user_only_if_unresolved
uct-test-a33-uncertainty-001,line-uct-test-a33-000217,uct-test-a33,0.9440688946967124,0.08000193047087412,0.14285714,0.02,agent_first_user_only_if_unresolved
uct-test-a33-uncertainty-001,line-uct-test-a33-000218,uct-test-a33,0.9469371565071374,0.08000193047087412,0.14285714,0.02,agent_first_user_only_if_unresolved
uct-test-a33-uncertainty-001,line-uct-test-a33-000219,uct-test-a33,0.9498054183175624,0.08118836569553267,0.10714286,0.02,agent_first_user_only_if_unresolved
uct-test-a33-uncertainty-001,line-uct-test-a33-000220,uct-test-a33,0.9526736801279874,0.08118836569553267,0.10714286,0.02,agent_first_user_only_if_unresolved
uct-test-a33-uncertainty-001,line-uct-test-a33-000221,uct-test-a33,0.9555419419384124,0.08118836569553267,0.10714286,0.02,agent_first_user_only_if_unresolved
uct-test-a33-uncertainty-001,line-uct-test-a33-000222,uct-test-a33,0.9584102037488373,0.08118836569553267,0.10714286,0.02,agent_first_user_only_if_unresolved
uct-test-a33-uncertainty-001,line-uct-test-a33-000223,uct-test-a33,0.9612784655592623,0.08118836569553267,0.10714286,0.02,agent_first_user_only_if_unresolved
uct-test-a33-uncertainty-001,line-uct-test-a33-000224,uct-test-a33,0.9641467273696873,0.08000193047087412,0.07142857,0.02,agent_first_user_only_if_unresolved
uct-test-a33-uncertainty-001,line-uct-test-a33-000225,uct-test-a33,0.9870928218530872,0.07644262479689845,0.03571429,0.02,agent_first_user_only_if_unresolved
uct-test-a33-uncertainty-001,line-uct-test-a33-000226,uct-test-a33,0.9899610836635122,0.07644262479689845,0.10714286,0.02,agent_first_user_only_if_unresolved
uct-test-a33-uncertainty-001,line-uct-test-a33-000227,uct-test-a33,0.9928293454739374,0.07644262479689845,0.10714286,0.02,agent_first_user_only_if_unresolved
uct-test-a33-uncertainty-001,line-uct-test-a33-000228,uct-test-a33,0.9956976072843624,0.07644262479689845,0.10714286,0.02,agent_first_user_only_if_unresolved
uct-test-a33-uncertainty-001,line-uct-test-a33-000229,uct-test-a33,0.9985658690947874,0.077629060021557,0.07142857,0.02,agent_first_user_only_if_unresolved
uct-test-a33-uncertainty-001,line-uct-test-a33-000230,uct-test-a33,1.0014341309052124,0.077629060021557,0.07142857,0.02,agent_first_user_only_if_unresolved
uct-test-a33-uncertainty-001,line-uct-test-a33-000231,uct-test-a33,1.0043023927156374,0.07881549524621556,0.10714286,0.02,agent_first_user_only_if_unresolved
uct-test-a33-uncertainty-001,line-uct-test-a33-000232,uct-test-a33,1.0071706545260624,0.07881549524621556,0.10714286,0.02,agent_first_user_only_if_unresolved
uct-test-a33-uncertainty-001,line-uct-test-a33-000233,uct-test-a33,1.0100389163364873,0.07881549524621556,0.10714286,0.02,agent_first_user_only_if_unresolved
uct-test-a33-uncertainty-001,line-uct-test-a33-000234,uct-test-a33,1.0129071781469123,0.07881549524621556,0.10714286,0.02,agent_first_user_only_if_unresolved
uct-test-a33-uncertainty-001,line-uct-test-a33-000235,uct-test-a33,1.0157754399573373,0.077629060021557,0.14285714,0.02,agent_first_user_only_if_unresolved
uct-test-a33-uncertainty-001,line-uct-test-a33-000236,uct-test-a33,1.0186437017677623,0.07644262479689845,0.10714286,0.02,agent_first_user_only_if_unresolved
uct-test-a33-uncertainty-001,line-uct-test-a33-000237,uct-test-a33,1.0215119635781873,0.07644262479689845,0.10714286,0.02,agent_first_user_only_if_unresolved
uct-test-a33-uncertainty-001,line-uct-test-a33-000238,uct-test-a33,1.0243802253886123,0.07644262479689845,0.10714286,0.02,agent_first_user_only_if_unresolved
uct-test-a33-uncertainty-001,line-uct-test-a33-000239,uct-test-a33,1.0272484871990373,0.07644262479689845,0.03571429,0.02,agent_first_user_only_if_unresolved
uct-test-a33-uncertainty-001,line-uct-test-a33-000240,uct-test-a33,1.0473263198720122,0.07644262479689845,0.03571429,0.02,agent_first_user_only_if_unresolved
uct-test-a33-uncertainty-001,line-uct-test-a33-000241,uct-test-a33,1.0501945816824372,0.07644262479689845,0.10714286,0.02,agent_first_user_only_if_unresolved
uct-test-a33-uncertainty-001,line-uct-test-a33-000242,uct-test-a33,1.0530628434928622,0.07644262479689845,0.10714286,0.02,agent_first_user_only_if_unresolved
uct-test-a33-uncertainty-001,line-uct-test-a33-000243,uct-test-a33,1.0559311053032872,0.07644262479689845,0.10714286,0.02,agent_first_user_only_if_unresolved
uct-test-a33-uncertainty-001,line-uct-test-a33-000244,uct-test-a33,1.0587993671137121,0.07644262479689845,0.10714286,0.02,agent_first_user_only_if_unresolved
uct-test-a33-uncertainty-001,line-uct-test-a33-000245,uct-test-a33,1.0616676289241371,0.07406975434758134,0.10714286,0.02,agent_first_user_only_if_unresolved
uct-test-a33-uncertainty-001,line-uct-test-a33-000246,uct-test-a33,1.0645358907345621,0.07406975434758134,0.10714286,0.02,agent_first_user_only_if_unresolved
uct-test-a33-uncertainty-001,line-uct-test-a33-000247,uct-test-a33,1.067404152544987,0.07288331912292279,0.14285714,0.02,agent_first_user_only_if_unresolved
uct-test-a33-uncertainty-001,line-uct-test-a33-000248,uct-test-a33,1.070272414355412,0.07406975434758134,0.10714286,0.02,agent_first_user_only_if_unresolved
uct-test-a33-uncertainty-001,line-uct-test-a33-000249,uct-test-a33,1.0731406761658373,0.07406975434758134,0.10714286,0.02,agent_first_user_only_if_unresolved
uct-test-a33-uncertainty-001,line-uct-test-a33-000250,uct-test-a33,1.0760089379762623,0.07406975434758134,0.10714286,0.02,agent_first_user_only_if_unresolved
uct-test-a33-uncertainty-001,line-uct-test-a33-000251,uct-test-a33,1.0788771997866873,0.07288331912292279,0.14285714,0.02,agent_first_user_only_if_unresolved
uct-test-a33-uncertainty-001,line-uct-test-a33-000252,uct-test-a33,1.0817454615971123,0.07288331912292279,0.14285714,0.02,agent_first_user_only_if_unresolved
uct-test-a33-uncertainty-001,line-uct-test-a33-000253,uct-test-a33,1.0846137234075373,0.07288331912292279,0.07142857,0.02,agent_first_user_only_if_unresolved
uct-test-a33-uncertainty-001,line-uct-test-a33-000254,uct-test-a33,1.0874819852179622,0.07406975434758134,0.03571429,0.02,agent_first_user_only_if_unresolved
uct-test-a33-uncertainty-001,line-uct-test-a33-000255,uct-test-a33,1.1104280797013621,0.07288331912292279,0.07142857,0.02,agent_first_user_only_if_unresolved
uct-test-a33-uncertainty-001,line-uct-test-a33-000256,uct-test-a33,1.1132963415117871,0.07288331912292279,0.14285714,0.02,agent_first_user_only_if_unresolved
uct-test-a33-uncertainty-001,line-uct-test-a33-000257,uct-test-a33,1.1161646033222121,0.07288331912292279,0.14285714,0.02,agent_first_user_only_if_unresolved
uct-test-a33-uncertainty-001,line-uct-test-a33-000258,uct-test-a33,1.1190328651326371,0.07051044867360567,0.14285714,0.02,agent_first_user_only_if_unresolved
uct-test-a33-uncertainty-001,line-uct-test-a33-000259,uct-test-a33,1.121901126943062,0.07051044867360567,0.14285714,0.02,agent_first_user_only_if_unresolved
uct-test-a33-uncertainty-001,line-uct-test-a33-000260,uct-test-a33,1.124769388753487,0.06932401344894712,0.10714286,0.02,agent_first_user_only_if_unresolved
uct-test-a33-uncertainty-001,line-uct-test-a33-000261,uct-test-a33,1.127637650563912,0.06932401344894712,0.10714286,0.02,agent_first_user_only_if_unresolved
uct-test-a33-uncertainty-001,line-uct-test-a33-000262,uct-test-a33,1.130505912374337,0.07051044867360567,0.14285714,0.02,agent_first_user_only_if_unresolved
uct-test-a33-uncertainty-001,line-uct-test-a33-000263,uct-test-a33,1.133374174184762,0.07051044867360567,0.14285714,0.02,agent_first_user_only_if_unresolved
uct-test-a33-uncertainty-001,line-uct-test-a33-000264,uct-test-a33,1.136242435995187,0.07169688389826423,0.10714286,0.02,agent_first_user_only_if_unresolved
uct-test-a33-uncertainty-001,line-uct-test-a33-000265,uct-test-a33,1.139110697805612,0.07169688389826423,0.10714286,0.02,agent_first_user_only_if_unresolved
uct-test-a33-uncertainty-001,line-uct-test-a33-000266,uct-test-a33,1.141978959616037,0.07169688389826423,0.10714286,0.02,agent_first_user_only_if_unresolved
uct-test-a33-uncertainty-001,line-uct-test-a33-000267,uct-test-a33,1.144847221426462,0.07169688389826423,0.10714286,0.02,agent_first_user_only_if_unresolved
uct-test-a33-uncertainty-001,line-uct-test-a33-000268,uct-test-a33,1.147715483236887,0.07169688389826423,0.03571429,0.02,agent_first_user_only_if_unresolved
uct-test-a33-uncertainty-001,line-uct-test-a33-000269,uct-test-a33,1.1706615777202871,0.07169688389826423,0.10714286,0.02,agent_first_user_only_if_unresolved
uct-test-a33-uncertainty-001,line-uct-test-a33-000270,uct-test-a33,1.173529839530712,0.07169688389826423,0.10714286,0.02,agent_first_user_only_if_unresolved
uct-test-a33-uncertainty-001,line-uct-test-a33-000271,uct-test-a33,1.176398101341137,0.07169688389826423,0.10714286,0.02,agent_first_user_only_if_unresolved
uct-test-a33-uncertainty-001,line-uct-test-a33-000272,uct-test-a33,1.179266363151562,0.07051044867360567,0.14285714,0.02,agent_first_user_only_if_unresolved
uct-test-a33-uncertainty-001,line-uct-test-a33-000273,uct-test-a33,1.182134624961987,0.07051044867360567,0.14285714,0.02,agent_first_user_only_if_unresolved
uct-test-a33-uncertainty-001,line-uct-test-a33-000274,uct-test-a33,1.185002886772412,0.07051044867360567,0.14285714,0.02,agent_first_user_only_if_unresolved
uct-test-a33-uncertainty-001,line-uct-test-a33-000275,uct-test-a33,1.187871148582837,0.07051044867360567,0.14285714,0.02,agent_first_user_only_if_unresolved
uct-test-a33-uncertainty-001,line-uct-test-a33-000276,uct-test-a33,1.190739410393262,0.07051044867360567,0.14285714,0.02,agent_first_user_only_if_unresolved
uct-test-a33-uncertainty-001,line-uct-test-a33-000277,uct-test-a33,1.193607672203687,0.07051044867360567,0.14285714,0.02,agent_first_user_only_if_unresolved
uct-test-a33-uncertainty-001,line-uct-test-a33-000278,uct-test-a33,1.196475934014112,0.06932401344894712,0.10714286,0.02,agent_first_user_only_if_unresolved
uct-test-a33-uncertainty-001,line-uct-test-a33-000279,uct-test-a33,1.199344195824537,0.06932401344894712,0.10714286,0.02,agent_first_user_only_if_unresolved
uct-test-a33-uncertainty-001,line-uct-test-a33-000280,uct-test-a33,1.202212457634962,0.06932401344894712,0.10714286,0.02,agent_first_user_only_if_unresolved
uct-test-a33-uncertainty-001,line-uct-test-a33-000281,uct-test-a33,1.205080719445387,0.06932401344894712,0.10714286,0.02,agent_first_user_only_if_unresolved
uct-test-a33-uncertainty-001,line-uct-test-a33-000282,uct-test-a33,1.207948981255812,0.06932401344894712,0.10714286,0.02,agent_first_user_only_if_unresolved
uct-test-a33-uncertainty-001,line-uct-test-a33-000283,uct-test-a33,1.210817243066237,0.06932401344894712,0.03571429,0.02,agent_first_user_only_if_unresolved
uct-test-a33-uncertainty-001,line-uct-test-a33-000284,uct-test-a33,1.2308950757392119,0.06932401344894712,0.03571429,0.02,agent_first_user_only_if_unresolved
uct-test-a33-uncertainty-001,line-uct-test-a33-000285,uct-test-a33,1.2337633375496369,0.06932401344894712,0.10714286,0.02,agent_first_user_only_if_unresolved
uct-test-a33-uncertainty-001,line-uct-test-a33-000286,uct-test-a33,1.236631599360062,0.07051044867360567,0.14285714,0.02,agent_first_user_only_if_unresolved
uct-test-a33-uncertainty-001,line-uct-test-a33-000287,uct-test-a33,1.239499861170487,0.07051044867360567,0.14285714,0.02,agent_first_user_only_if_unresolved
uct-test-a33-uncertainty-001,line-uct-test-a33-000288,uct-test-a33,1.242368122980912,0.07051044867360567,0.14285714,0.02,agent_first_user_only_if_unresolved
uct-test-a33-uncertainty-001,line-uct-test-a33-000289,uct-test-a33,1.245236384791337,0.07051044867360567,0.14285714,0.02,agent_first_user_only_if_unresolved
uct-test-a33-uncertainty-001,line-uct-test-a33-000290,uct-test-a33,1.248104646601762,0.07051044867360567,0.14285714,0.02,agent_first_user_only_if_unresolved
uct-test-a33-uncertainty-001,line-uct-test-a33-000291,uct-test-a33,1.250972908412187,0.06813757822428856,0.14285714,0.02,agent_first_user_only_if_unresolved
uct-test-a33-uncertainty-001,line-uct-test-a33-000292,uct-test-a33,1.253841170222612,0.06813757822428856,0.14285714,0.02,agent_first_user_only_if_unresolved
uct-test-a33-uncertainty-001,line-uct-test-a33-000293,uct-test-a33,1.256709432033037,0.06932401344894712,0.10714286,0.02,agent_first_user_only_if_unresolved
uct-test-a33-uncertainty-001,line-uct-test-a33-000294,uct-test-a33,1.259577693843462,0.06932401344894712,0.10714286,0.02,agent_first_user_only_if_unresolved
uct-test-a33-uncertainty-001,line-uct-test-a33-000295,uct-test-a33,1.262445955653887,0.06932401344894712,0.10714286,0.02,agent_first_user_only_if_unresolved
uct-test-a33-uncertainty-001,line-uct-test-a33-000296,uct-test-a33,1.265314217464312,0.06932401344894712,0.10714286,0.02,agent_first_user_only_if_unresolved
uct-test-a33-uncertainty-001,line-uct-test-a33-000297,uct-test-a33,1.268182479274737,0.06932401344894712,0.10714286,0.02,agent_first_user_only_if_unresolved
uct-test-a33-uncertainty-001,line-uct-test-a33-000298,uct-test-a33,1.271050741085162,0.06932401344894712,0.03571429,0.02,agent_first_user_only_if_unresolved
uct-test-a33-uncertainty-001,line-uct-test-a33-000299,uct-test-a33,1.2911285737581368,0.06932401344894712,0.03571429,0.02,agent_first_user_only_if_unresolved
uct-test-a33-uncertainty-001,line-uct-test-a33-000300,uct-test-a33,1.2939968355685618,0.06932401344894712,0.10714286,0.02,agent_first_user_only_if_unresolved
uct-test-a33-uncertainty-001,line-uct-test-a33-000301,uct-test-a33,1.2968650973789868,0.06932401344894712,0.10714286,0.02,agent_first_user_only_if_unresolved
uct-test-a33-uncertainty-001,line-uct-test-a33-000302,uct-test-a33,1.2997333591894118,0.06932401344894712,0.10714286,0.02,agent_first_user_only_if_unresolved
uct-test-a33-uncertainty-001,line-uct-test-a33-000303,uct-test-a33,1.3026016209998368,0.07051044867360567,0.14285714,0.02,agent_first_user_only_if_unresolved
uct-test-a33-uncertainty-001,line-uct-test-a33-000304,uct-test-a33,1.3054698828102618,0.07051044867360567,0.14285714,0.02,agent_first_user_only_if_unresolved
uct-test-a33-uncertainty-001,line-uct-test-a33-000305,uct-test-a33,1.3083381446206868,0.06932401344894712,0.10714286,0.02,agent_first_user_only_if_unresolved
uct-test-a33-uncertainty-001,line-uct-test-a33-000306,uct-test-a33,1.3112064064311117,0.06932401344894712,0.10714286,0.02,agent_first_user_only_if_unresolved
uct-test-a33-uncertainty-001,line-uct-test-a33-000307,uct-test-a33,1.3140746682415367,0.06813757822428856,0.14285714,0.02,agent_first_user_only_if_unresolved
uct-test-a33-uncertainty-001,line-uct-test-a33-000308,uct-test-a33,1.3169429300519617,0.06813757822428856,0.14285714,0.02,agent_first_user_only_if_unresolved
uct-test-a33-uncertainty-001,line-uct-test-a33-000309,uct-test-a33,1.319811191862387,0.06932401344894712,0.10714286,0.02,agent_first_user_only_if_unresolved
uct-test-a33-uncertainty-001,line-uct-test-a33-000310,uct-test-a33,1.322679453672812,0.06813757822428856,0.14285714,0.02,agent_first_user_only_if_unresolved
uct-test-a33-uncertainty-001,line-uct-test-a33-000311,uct-test-a33,1.325547715483237,0.06813757822428856,0.14285714,0.02,agent_first_user_only_if_unresolved
uct-test-a33-uncertainty-001,line-uct-test-a33-000312,uct-test-a33,1.328415977293662,0.06813757822428856,0.14285714,0.02,agent_first_user_only_if_unresolved
uct-test-a33-uncertainty-001,line-uct-test-a33-000313,uct-test-a33,1.3312842391040869,0.06813757822428856,0.07142857,0.02,agent_first_user_only_if_unresolved
uct-test-a33-uncertainty-001,line-uct-test-a33-000314,uct-test-a33,1.3542303335874868,0.06695114299963012,0.10714286,0.02,agent_first_user_only_if_unresolved
uct-test-a33-uncertainty-001,line-uct-test-a33-000315,uct-test-a33,1.3570985953979118,0.06695114299963012,0.10714286,0.02,agent_first_user_only_if_unresolved
uct-test-a33-uncertainty-001,line-uct-test-a33-000316,uct-test-a33,1.3599668572083368,0.06695114299963012,0.10714286,0.02,agent_first_user_only_if_unresolved
uct-test-a33-uncertainty-001,line-uct-test-a33-000317,uct-test-a33,1.3628351190187618,0.06813757822428856,0.14285714,0.02,agent_first_user_only_if_unresolved
uct-test-a33-uncertainty-001,line-uct-test-a33-000318,uct-test-a33,1.3657033808291867,0.06813757822428856,0.14285714,0.02,agent_first_user_only_if_unresolved
uct-test-a33-uncertainty-001,line-uct-test-a33-000319,uct-test-a33,1.3685716426396117,0.06813757822428856,0.14285714,0.02,agent_first_user_only_if_unresolved
uct-test-a33-uncertainty-001,line-uct-test-a33-000320,uct-test-a33,1.3714399044500367,0.06813757822428856,0.14285714,0.02,agent_first_user_only_if_unresolved
uct-test-a33-uncertainty-001,line-uct-test-a33-000321,uct-test-a33,1.3743081662604617,0.06695114299963012,0.10714286,0.02,agent_first_user_only_if_unresolved
uct-test-a33-uncertainty-001,line-uct-test-a33-000322,uct-test-a33,1.3771764280708867,0.06695114299963012,0.10714286,0.02,agent_first_user_only_if_unresolved
uct-test-a33-uncertainty-001,line-uct-test-a33-000323,uct-test-a33,1.3800446898813117,0.06576470777497156,0.14285714,0.02,agent_first_user_only_if_unresolved
uct-test-a33-uncertainty-001,line-uct-test-a33-000324,uct-test-a33,1.3829129516917367,0.06576470777497156,0.14285714,0.02,agent_first_user_only_if_unresolved
uct-test-a33-uncertainty-001,line-uct-test-a33-000325,uct-test-a33,1.3857812135021617,0.06576470777497156,0.14285714,0.02,agent_first_user_only_if_unresolved
uct-test-a33-uncertainty-001,line-uct-test-a33-000326,uct-test-a33,1.3886494753125866,0.06695114299963012,0.10714286,0.02,agent_first_user_only_if_unresolved
uct-test-a33-uncertainty-001,line-uct-test-a33-000327,uct-test-a33,1.3915177371230116,0.06695114299963012,0.10714286,0.02,agent_first_user_only_if_unresolved
uct-test-a33-uncertainty-001,line-uct-test-a33-000328,uct-test-a33,1.3943859989334366,0.06576470777497156,0.03571429,0.02,agent_first_user_only_if_unresolved
uct-test-a33-uncertainty-001,line-uct-test-a33-000329,uct-test-a33,1.4144638316064118,0.06695114299963012,0.03571429,0.02,agent_first_user_only_if_unresolved
uct-test-a33-uncertainty-001,line-uct-test-a33-000330,uct-test-a33,1.4173320934168367,0.06695114299963012,0.10714286,0.02,agent_first_user_only_if_unresolved
uct-test-a33-uncertainty-001,line-uct-test-a33-000331,uct-test-a33,1.4202003552272617,0.06695114299963012,0.10714286,0.02,agent_first_user_only_if_unresolved
uct-test-a33-uncertainty-001,line-uct-test-a33-000332,uct-test-a33,1.4230686170376867,0.06695114299963012,0.10714286,0.02,agent_first_user_only_if_unresolved
uct-test-a33-uncertainty-001,line-uct-test-a33-000333,uct-test-a33,1.4259368788481117,0.06695114299963012,0.10714286,0.02,agent_first_user_only_if_unresolved
uct-test-a33-uncertainty-001,line-uct-test-a33-000334,uct-test-a33,1.4288051406585367,0.06695114299963012,0.10714286,0.02,agent_first_user_only_if_unresolved
uct-test-a33-uncertainty-001,line-uct-test-a33-000335,uct-test-a33,1.4316734024689617,0.06695114299963012,0.10714286,0.02,agent_first_user_only_if_unresolved
uct-test-a33-uncertainty-001,line-uct-test-a33-000336,uct-test-a33,1.4345416642793867,0.06813757822428856,0.14285714,0.02,agent_first_user_only_if_unresolved
uct-test-a33-uncertainty-001,line-uct-test-a33-000337,uct-test-a33,1.4374099260898117,0.06813757822428856,0.14285714,0.02,agent_first_user_only_if_unresolved
uct-test-a33-uncertainty-001,line-uct-test-a33-000338,uct-test-a33,1.4402781879002367,0.06813757822428856,0.14285714,0.02,agent_first_user_only_if_unresolved
uct-test-a33-uncertainty-001,line-uct-test-a33-000339,uct-test-a33,1.4431464497106616,0.06813757822428856,0.14285714,0.02,agent_first_user_only_if_unresolved
uct-test-a33-uncertainty-001,line-uct-test-a33-000340,uct-test-a33,1.4460147115210866,0.06813757822428856,0.14285714,0.02,agent_first_user_only_if_unresolved
uct-test-a33-uncertainty-001,line-uct-test-a33-000341,uct-test-a33,1.4488829733315116,0.06932401344894712,0.10714286,0.02,agent_first_user_only_if_unresolved
uct-test-a33-uncertainty-001,line-uct-test-a33-000342,uct-test-a33,1.4517512351419366,0.06932401344894712,0.10714286,0.02,agent_first_user_only_if_unresolved
uct-test-a33-uncertainty-001,line-uct-test-a33-000343,uct-test-a33,1.4546194969523616,0.06932401344894712,0.10714286,0.02,agent_first_user_only_if_unresolved
uct-test-a33-uncertainty-001,line-uct-test-a33-000344,uct-test-a33,1.4746973296253365,0.07644262479689845,0.03571429,0.02,agent_first_user_only_if_unresolved
uct-test-a33-uncertainty-001,line-uct-test-a33-000345,uct-test-a33,1.4775655914357615,0.07644262479689845,0.10714286,0.02,agent_first_user_only_if_unresolved
uct-test-a33-uncertainty-001,line-uct-test-a33-000346,uct-test-a33,1.4804338532461865,0.07644262479689845,0.10714286,0.02,agent_first_user_only_if_unresolved
uct-test-a33-uncertainty-001,line-uct-test-a33-000347,uct-test-a33,1.4833021150566117,0.07644262479689845,0.10714286,0.02,agent_first_user_only_if_unresolved
uct-test-a33-uncertainty-001,line-uct-test-a33-000348,uct-test-a33,1.4861703768670367,0.077629060021557,0.14285714,0.02,agent_first_user_only_if_unresolved
uct-test-a33-uncertainty-001,line-uct-test-a33-000349,uct-test-a33,1.4890386386774617,0.07881549524621556,0.10714286,0.02,agent_first_user_only_if_unresolved
uct-test-a33-uncertainty-001,line-uct-test-a33-000350,uct-test-a33,1.4919069004878867,0.07881549524621556,0.10714286,0.02,agent_first_user_only_if_unresolved
uct-test-a33-uncertainty-001,line-uct-test-a33-000351,uct-test-a33,1.4947751622983116,0.07881549524621556,0.10714286,0.02,agent_first_user_only_if_unresolved
uct-test-a33-uncertainty-001,line-uct-test-a33-000352,uct-test-a33,1.4976434241087366,0.07881549524621556,0.10714286,0.02,agent_first_user_only_if_unresolved
uct-test-a33-uncertainty-001,line-uct-test-a33-000353,uct-test-a33,1.5005116859191616,0.08000193047087412,0.14285714,0.02,agent_first_user_only_if_unresolved
uct-test-a33-uncertainty-001,line-uct-test-a33-000354,uct-test-a33,1.5033799477295866,0.08118836569553267,0.10714286,0.02,agent_first_user_only_if_unresolved
uct-test-a33-uncertainty-001,line-uct-test-a33-000355,uct-test-a33,1.5062482095400116,0.08118836569553267,0.10714286,0.02,agent_first_user_only_if_unresolved
uct-test-a33-uncertainty-001,line-uct-test-a33-000356,uct-test-a33,1.5091164713504366,0.08118836569553267,0.10714286,0.02,agent_first_user_only_if_unresolved
uct-test-a33-uncertainty-001,line-uct-test-a33-000357,uct-test-a33,1.5119847331608616,0.08237480092019123,0.07142857,0.02,agent_first_user_only_if_unresolved
uct-test-a33-uncertainty-001,line-uct-test-a33-000358,uct-test-a33,1.5148529949712866,0.08237480092019123,0.03571429,0.02,agent_first_user_only_if_unresolved
uct-test-a33-uncertainty-001,line-uct-test-a33-000359,uct-test-a33,1.5349308276442615,0.08949341226814245,0.07142857,0.02,agent_first_user_only_if_unresolved
uct-test-a33-uncertainty-001,line-uct-test-a33-000360,uct-test-a33,1.5377990894546865,0.090679847492801,0.10714286,0.02,agent_first_user_only_if_unresolved
uct-test-a33-uncertainty-001,line-uct-test-a33-000361,uct-test-a33,1.5406673512651115,0.08949341226814245,0.14285714,0.02,agent_first_user_only_if_unresolved
uct-test-a33-uncertainty-001,line-uct-test-a33-000362,uct-test-a33,1.5435356130755364,0.08949341226814245,0.14285714,0.02,agent_first_user_only_if_unresolved
uct-test-a33-uncertainty-001,line-uct-test-a33-000363,uct-test-a33,1.5464038748859614,0.08949341226814245,0.14285714,0.02,agent_first_user_only_if_unresolved
uct-test-a33-uncertainty-001,line-uct-test-a33-000364,uct-test-a33,1.5492721366963864,0.08949341226814245,0.14285714,0.02,agent_first_user_only_if_unresolved
uct-test-a33-uncertainty-001,line-uct-test-a33-000365,uct-test-a33,1.5521403985068114,0.08712054181882534,0.14285714,0.02,agent_first_user_only_if_unresolved
