series,segment,x,y,provenance,observed_anchor_count,display_anchor_count,discarded_or_thinned_count,derived_point_count
simulation-a11,0,0.04630294803368873,0.7538971380769293,formal_curve_data_geometry,18,18,0,0
simulation-a11,0,0.1266142787255886,0.7752529721207831,formal_curve_data_geometry,18,18,0,0
simulation-a11,0,0.2097938712279135,0.8393204742523447,formal_curve_data_geometry,18,18,0,0
simulation-a11,0,0.29010520191981337,0.8583034378468815,formal_curve_data_geometry,18,18,0,0
simulation-a11,0,0.37328479442213824,0.8654220491948328,formal_curve_data_geometry,18,18,0,0
simulation-a11,0,0.4550302560192506,0.8559305673975643,formal_curve_data_geometry,18,18,0,0
simulation-a11,0,0.6615451063698503,0.7277955631344413,formal_curve_data_geometry,18,18,0,0
simulation-a11,0,0.6973983790001628,0.6755924132494651,formal_curve_data_geometry,18,18,0,0
simulation-a11,0,0.7863144951233376,0.6305078747124403,formal_curve_data_geometry,18,18,0,0
simulation-a11,0,0.8494162549526876,0.6423722269590257,formal_curve_data_geometry,18,18,0,0
simulation-a11,0,1.0329850108198873,0.7942359357153199,formal_curve_data_geometry,18,18,0,0
simulation-a11,0,1.1132963415117871,0.8179646402084908,formal_curve_data_geometry,18,18,0,0
simulation-a11,0,1.199344195824537,0.8583034378468815,formal_curve_data_geometry,18,18,0,0
simulation-a11,0,1.2796555265164369,0.8677949196441499,formal_curve_data_geometry,18,18,0,0
simulation-a11,0,1.3599668572083368,0.8630491787455157,formal_curve_data_geometry,18,18,0,0
simulation-a11,0,1.4431464497106616,0.846439085600296,formal_curve_data_geometry,18,18,0,0
simulation-a11,0,1.5263260422129865,0.7918630652660028,formal_curve_data_geometry,18,18,0,0
simulation-a11,0,1.6066373729048864,0.7562700085262464,formal_curve_data_geometry,18,18,0,0
simulation-a22,0,0.04917120984411372,0.2128826756326314,formal_curve_data_geometry,20,20,0,0
simulation-a22,0,0.11227296967346362,0.18915397113946053,formal_curve_data_geometry,20,20,0,0
simulation-a22,0,0.2069256094174885,0.127459339457216,formal_curve_data_geometry,20,20,0,0
simulation-a22,0,0.2528177983842884,0.11084924631199633,formal_curve_data_geometry,20,20,0,0
simulation-a22,0,0.3359973908866133,0.10847637586267922,formal_curve_data_geometry,20,20,0,0
simulation-a22,0,0.4564643869244631,0.11322211676131344,formal_curve_data_geometry,20,20,0,0
simulation-a22,0,0.49662005227041306,0.1298322099065331,formal_curve_data_geometry,20,20,0,0
simulation-a22,0,0.5941409538248629,0.17017100754492376,formal_curve_data_geometry,20,20,0,0
simulation-a22,0,0.7002666408105878,0.2888145300107785,formal_curve_data_geometry,20,20,0,0
simulation-a22,0,0.7920510187441876,0.6257621338138061,formal_curve_data_geometry,20,20,0,0
simulation-a22,0,0.8608893021943875,0.6233892633644891,formal_curve_data_geometry,20,20,0,0
simulation-a22,0,0.9498054183175624,0.24847573237238785,formal_curve_data_geometry,20,20,0,0
simulation-a22,0,1.0301167490094623,0.17728961889287498,formal_curve_data_geometry,20,20,0,0
simulation-a22,0,1.1104280797013621,0.15118804395038699,formal_curve_data_geometry,20,20,0,0
simulation-a22,0,1.1563202686681622,0.12508646900789888,formal_curve_data_geometry,20,20,0,0
simulation-a22,0,1.248104646601762,0.103730634964045,formal_curve_data_geometry,20,20,0,0
simulation-a22,0,1.3599668572083368,0.103730634964045,formal_curve_data_geometry,20,20,0,0
simulation-a22,0,1.4431464497106616,0.11796785765994766,formal_curve_data_geometry,20,20,0,0
simulation-a22,0,1.5607451839380864,0.1796624893421921,formal_curve_data_geometry,20,20,0,0
simulation-a22,0,1.6095056347153114,0.2057640642846802,formal_curve_data_geometry,20,20,0,0
simulation-a33,0,0.05490773346496369,0.03017165103521502,formal_curve_data_geometry,20,20,0,0
simulation-a33,0,0.1151412314838886,0.03017165103521502,formal_curve_data_geometry,20,20,0,0
simulation-a33,0,0.21839865665918845,0.03017165103521502,formal_curve_data_geometry,20,20,0,0
simulation-a33,0,0.2786321546781134,0.03017165103521502,formal_curve_data_geometry,20,20,0,0
simulation-a33,0,0.3646800089908633,0.03254452148453213,formal_curve_data_geometry,20,20,0,0
simulation-a33,0,0.4650691723557381,0.03254452148453213,formal_curve_data_geometry,20,20,0,0
simulation-a33,0,0.548248764858063,0.03017165103521502,formal_curve_data_geometry,20,20,0,0
simulation-a33,0,0.6084822628769879,0.03017165103521502,formal_curve_data_geometry,20,20,0,0
simulation-a33,0,0.7146079498627127,0.040849568057141905,formal_curve_data_geometry,20,20,0,0
simulation-a33,0,0.7949192805546126,0.04440887373111768,formal_curve_data_geometry,20,20,0,0
simulation-a33,0,0.8780988730569375,0.04322243850645913,formal_curve_data_geometry,20,20,0,0
simulation-a33,0,0.9412006328862874,0.03966313283248346,formal_curve_data_geometry,20,20,0,0
simulation-a33,0,1.0415897962511622,0.03254452148453213,formal_curve_data_geometry,20,20,0,0
simulation-a33,0,1.124769388753487,0.03254452148453213,formal_curve_data_geometry,20,20,0,0
simulation-a33,0,1.205080719445387,0.03017165103521502,formal_curve_data_geometry,20,20,0,0
simulation-a33,0,1.268182479274737,0.03254452148453213,formal_curve_data_geometry,20,20,0,0
simulation-a33,0,1.3513620717770618,0.03254452148453213,formal_curve_data_geometry,20,20,0,0
simulation-a33,0,1.4345416642793867,0.03017165103521502,formal_curve_data_geometry,20,20,0,0
simulation-a33,0,1.5377990894546865,0.03017165103521502,formal_curve_data_geometry,20,20,0,0
simulation-a33,0,1.5980325874736114,0.03017165103521502,formal_curve_data_geometry,20,20,0,0
uct-test-a11,0,0.10653644605261364,0.7444056562796608,formal_curve_data_geometry,495,495,0,0
uct-test-a11,0,0.10940470786303863,0.7396599153810267,formal_curve_data_geometry,495,495,0,0
uct-test-a11,0,0.11227296967346362,0.7372870449317096,formal_curve_data_geometry,495,495,0,0
uct-test-a11,0,0.1151412314838886,0.7372870449317096,formal_curve_data_geometry,495,495,0,0
uct-test-a11,0,0.1180094932943136,0.7325413040330755,formal_curve_data_geometry,495,495,0,0
uct-test-a11,0,0.12087775510473858,0.7301684335837584,formal_curve_data_geometry,495,495,0,0
uct-test-a11,0,0.12374601691516357,0.7277955631344413,formal_curve_data_geometry,495,495,0,0
uct-test-a11,0,0.1266142787255886,0.7254226926851242,formal_curve_data_geometry,495,495,0,0
uct-test-a11,0,0.1294825405360136,0.7254226926851242,formal_curve_data_geometry,495,495,0,0
uct-test-a11,0,0.1323508023464386,0.723049822235807,formal_curve_data_geometry,495,495,0,0
uct-test-a11,0,0.13521906415686358,0.7254226926851242,formal_curve_data_geometry,495,495,0,0
uct-test-a11,0,0.13808732596728857,0.7254226926851242,formal_curve_data_geometry,495,495,0,0
uct-test-a11,0,0.14095558777771355,0.7301684335837584,formal_curve_data_geometry,495,495,0,0
uct-test-a11,0,0.14382384958813854,0.7325413040330755,formal_curve_data_geometry,495,495,0,0
uct-test-a11,0,0.14669211139856353,0.7349141744823925,formal_curve_data_geometry,495,495,0,0
uct-test-a11,0,0.14956037320898852,0.7396599153810267,formal_curve_data_geometry,495,495,0,0
uct-test-a11,0,0.1524286350194135,0.7444056562796608,formal_curve_data_geometry,495,495,0,0
uct-test-a11,0,0.1552968968298386,0.7467785267289779,formal_curve_data_geometry,495,495,0,0
uct-test-a11,0,0.1581651586402636,0.7515242676276122,formal_curve_data_geometry,495,495,0,0
uct-test-a11,0,0.16103342045068858,0.7562700085262464,formal_curve_data_geometry,495,495,0,0
uct-test-a11,0,0.16390168226111357,0.7586428789755635,formal_curve_data_geometry,495,495,0,0
uct-test-a11,0,0.16676994407153856,0.7633886198741977,formal_curve_data_geometry,495,495,0,0
uct-test-a11,0,0.16963820588196354,0.7657614903235148,formal_curve_data_geometry,495,495,0,0
uct-test-a11,0,0.17250646769238853,0.7705072312221489,formal_curve_data_geometry,495,495,0,0
uct-test-a11,0,0.17537472950281352,0.772880101671466,formal_curve_data_geometry,495,495,0,0
uct-test-a11,0,0.1782429913132385,0.7776258425701001,formal_curve_data_geometry,495,495,0,0
uct-test-a11,0,0.1811112531236635,0.7823715834687344,formal_curve_data_geometry,495,495,0,0
uct-test-a11,0,0.18397951493408848,0.7871173243673686,formal_curve_data_geometry,495,495,0,0
uct-test-a11,0,0.18684777674451347,0.7894901948166857,formal_curve_data_geometry,495,495,0,0
uct-test-a11,0,0.18971603855493846,0.7918630652660028,formal_curve_data_geometry,495,495,0,0
uct-test-a11,0,0.19258430036536345,0.796608806164637,formal_curve_data_geometry,495,495,0,0
uct-test-a11,0,0.19545256217578855,0.8013545470632712,formal_curve_data_geometry,495,495,0,0
uct-test-a11,0,0.19832082398621353,0.8037274175125882,formal_curve_data_geometry,495,495,0,0
uct-test-a11,0,0.20118908579663852,0.8084731584112225,formal_curve_data_geometry,495,495,0,0
uct-test-a11,0,0.2040573476070635,0.8108460288605396,formal_curve_data_geometry,495,495,0,0
uct-test-a11,0,0.2069256094174885,0.8132188993098567,formal_curve_data_geometry,495,495,0,0
uct-test-a11,0,0.2097938712279135,0.8132188993098567,formal_curve_data_geometry,495,495,0,0
uct-test-a11,0,0.21266213303833847,0.8132188993098567,formal_curve_data_geometry,495,495,0,0
uct-test-a11,0,0.21553039484876346,0.8132188993098567,formal_curve_data_geometry,495,495,0,0
uct-test-a11,0,0.21839865665918845,0.8155917697591737,formal_curve_data_geometry,495,495,0,0
uct-test-a11,0,0.22126691846961344,0.8155917697591737,formal_curve_data_geometry,495,495,0,0
uct-test-a11,0,0.22413518028003843,0.8155917697591737,formal_curve_data_geometry,495,495,0,0
uct-test-a11,0,0.22700344209046341,0.8155917697591737,formal_curve_data_geometry,495,495,0,0
uct-test-a11,0,0.2298717039008884,0.8155917697591737,formal_curve_data_geometry,495,495,0,0
uct-test-a11,0,0.2327399657113134,0.8155917697591737,formal_curve_data_geometry,495,495,0,0
uct-test-a11,0,0.23560822752173838,0.8179646402084908,formal_curve_data_geometry,495,495,0,0
uct-test-a11,0,0.23847648933216348,0.8203375106578079,formal_curve_data_geometry,495,495,0,0
uct-test-a11,0,0.24134475114258847,0.822710381107125,formal_curve_data_geometry,495,495,0,0
uct-test-a11,0,0.24421301295301345,0.8250832515564421,formal_curve_data_geometry,495,495,0,0
uct-test-a11,0,0.24708127476343844,0.8250832515564421,formal_curve_data_geometry,495,495,0,0
uct-test-a11,0,0.24994953657386343,0.8274561220057592,formal_curve_data_geometry,495,495,0,0
uct-test-a11,0,0.2528177983842884,0.8250832515564421,formal_curve_data_geometry,495,495,0,0
uct-test-a11,0,0.2556860601947134,0.8250832515564421,formal_curve_data_geometry,495,495,0,0
uct-test-a11,0,0.2585543220051384,0.8203375106578079,formal_curve_data_geometry,495,495,0,0
uct-test-a11,0,0.2614225838155634,0.8203375106578079,formal_curve_data_geometry,495,495,0,0
uct-test-a11,0,0.26429084562598837,0.8179646402084908,formal_curve_data_geometry,495,495,0,0
uct-test-a11,0,0.26715910743641336,0.8155917697591737,formal_curve_data_geometry,495,495,0,0
uct-test-a11,0,0.27002736924683834,0.8155917697591737,formal_curve_data_geometry,495,495,0,0
uct-test-a11,0,0.27289563105726333,0.8155917697591737,formal_curve_data_geometry,495,495,0,0
uct-test-a11,0,0.2757638928676883,0.8155917697591737,formal_curve_data_geometry,495,495,0,0
uct-test-a11,0,0.2786321546781134,0.8155917697591737,formal_curve_data_geometry,495,495,0,0
uct-test-a11,0,0.2815004164885384,0.8132188993098567,formal_curve_data_geometry,495,495,0,0
uct-test-a11,0,0.2843686782989634,0.8108460288605396,formal_curve_data_geometry,495,495,0,0
uct-test-a11,0,0.2872369401093884,0.8108460288605396,formal_curve_data_geometry,495,495,0,0
uct-test-a11,0,0.29010520191981337,0.8108460288605396,formal_curve_data_geometry,495,495,0,0
uct-test-a11,0,0.29297346373023836,0.8108460288605396,formal_curve_data_geometry,495,495,0,0
uct-test-a11,0,0.29584172554066335,0.8132188993098567,formal_curve_data_geometry,495,495,0,0
uct-test-a11,0,0.29870998735108834,0.8155917697591737,formal_curve_data_geometry,495,495,0,0
uct-test-a11,0,0.3015782491615133,0.8155917697591737,formal_curve_data_geometry,495,495,0,0
uct-test-a11,0,0.3044465109719383,0.8179646402084908,formal_curve_data_geometry,495,495,0,0
uct-test-a11,0,0.3073147727823633,0.8179646402084908,formal_curve_data_geometry,495,495,0,0
uct-test-a11,0,0.3101830345927883,0.8179646402084908,formal_curve_data_geometry,495,495,0,0
uct-test-a11,0,0.3130512964032133,0.8179646402084908,formal_curve_data_geometry,495,495,0,0
uct-test-a11,0,0.31591955821363826,0.8179646402084908,formal_curve_data_geometry,495,495,0,0
uct-test-a11,0,0.31878782002406336,0.8155917697591737,formal_curve_data_geometry,495,495,0,0
uct-test-a11,0,0.32165608183448835,0.8155917697591737,formal_curve_data_geometry,495,495,0,0
uct-test-a11,0,0.32452434364491334,0.8179646402084908,formal_curve_data_geometry,495,495,0,0
uct-test-a11,0,0.3273926054553383,0.8179646402084908,formal_curve_data_geometry,495,495,0,0
uct-test-a11,0,0.3302608672657633,0.8179646402084908,formal_curve_data_geometry,495,495,0,0
uct-test-a11,0,0.3331291290761883,0.8179646402084908,formal_curve_data_geometry,495,495,0,0
uct-test-a11,0,0.3359973908866133,0.8179646402084908,formal_curve_data_geometry,495,495,0,0
uct-test-a11,0,0.3388656526970383,0.8203375106578079,formal_curve_data_geometry,495,495,0,0
uct-test-a11,0,0.34173391450746327,0.8203375106578079,formal_curve_data_geometry,495,495,0,0
uct-test-a11,0,0.34460217631788825,0.8203375106578079,formal_curve_data_geometry,495,495,0,0
uct-test-a11,0,0.34747043812831324,0.8203375106578079,formal_curve_data_geometry,495,495,0,0
uct-test-a11,0,0.35033869993873823,0.822710381107125,formal_curve_data_geometry,495,495,0,0
uct-test-a11,0,0.3532069617491632,0.822710381107125,formal_curve_data_geometry,495,495,0,0
uct-test-a11,0,0.3560752235595882,0.822710381107125,formal_curve_data_geometry,495,495,0,0
uct-test-a11,0,0.3589434853700133,0.822710381107125,formal_curve_data_geometry,495,495,0,0
uct-test-a11,0,0.3618117471804383,0.822710381107125,formal_curve_data_geometry,495,495,0,0
uct-test-a11,0,0.3646800089908633,0.822710381107125,formal_curve_data_geometry,495,495,0,0
uct-test-a11,0,0.36754827080128827,0.8203375106578079,formal_curve_data_geometry,495,495,0,0
uct-test-a11,0,0.37041653261171326,0.8203375106578079,formal_curve_data_geometry,495,495,0,0
uct-test-a11,0,0.37328479442213824,0.8203375106578079,formal_curve_data_geometry,495,495,0,0
uct-test-a11,0,0.37615305623256323,0.8179646402084908,formal_curve_data_geometry,495,495,0,0
uct-test-a11,0,0.3790213180429882,0.8179646402084908,formal_curve_data_geometry,495,495,0,0
uct-test-a11,0,0.3818895798534132,0.8179646402084908,formal_curve_data_geometry,495,495,0,0
uct-test-a11,0,0.3847578416638382,0.8179646402084908,formal_curve_data_geometry,495,495,0,0
uct-test-a11,0,0.3876261034742632,0.8179646402084908,formal_curve_data_geometry,495,495,0,0
uct-test-a11,0,0.39049436528468817,0.8179646402084908,formal_curve_data_geometry,495,495,0,0
uct-test-a11,0,0.39336262709511316,0.8155917697591737,formal_curve_data_geometry,495,495,0,0
uct-test-a11,0,0.39623088890553815,0.8155917697591737,formal_curve_data_geometry,495,495,0,0
uct-test-a11,0,0.39909915071596314,0.8155917697591737,formal_curve_data_geometry,495,495,0,0
uct-test-a11,0,0.40196741252638823,0.8132188993098567,formal_curve_data_geometry,495,495,0,0
uct-test-a11,0,0.4048356743368132,0.8132188993098567,formal_curve_data_geometry,495,495,0,0
uct-test-a11,0,0.4077039361472382,0.8108460288605396,formal_curve_data_geometry,495,495,0,0
uct-test-a11,0,0.4105721979576632,0.8108460288605396,formal_curve_data_geometry,495,495,0,0
uct-test-a11,0,0.4134404597680882,0.8108460288605396,formal_curve_data_geometry,495,495,0,0
uct-test-a11,0,0.4163087215785132,0.8132188993098567,formal_curve_data_geometry,495,495,0,0
uct-test-a11,0,0.41917698338893816,0.8132188993098567,formal_curve_data_geometry,495,495,0,0
uct-test-a11,0,0.42204524519936315,0.8132188993098567,formal_curve_data_geometry,495,495,0,0
uct-test-a11,0,0.42491350700978814,0.8155917697591737,formal_curve_data_geometry,495,495,0,0
uct-test-a11,0,0.4277817688202131,0.8155917697591737,formal_curve_data_geometry,495,495,0,0
uct-test-a11,0,0.4306500306306381,0.8155917697591737,formal_curve_data_geometry,495,495,0,0
uct-test-a11,0,0.4335182924410631,0.8155917697591737,formal_curve_data_geometry,495,495,0,0
uct-test-a11,0,0.4363865542514881,0.8155917697591737,formal_curve_data_geometry,495,495,0,0
uct-test-a11,0,0.4392548160619131,0.8132188993098567,formal_curve_data_geometry,495,495,0,0
uct-test-a11,0,0.4421230778723382,0.8132188993098567,formal_curve_data_geometry,495,495,0,0
uct-test-a11,0,0.44499133968276317,0.8132188993098567,formal_curve_data_geometry,495,495,0,0
uct-test-a11,0,0.44785960149318815,0.8132188993098567,formal_curve_data_geometry,495,495,0,0
uct-test-a11,0,0.45072786330361314,0.8132188993098567,formal_curve_data_geometry,495,495,0,0
uct-test-a11,0,0.45359612511403813,0.8155917697591737,formal_curve_data_geometry,495,495,0,0
uct-test-a11,0,0.4564643869244631,0.8155917697591737,formal_curve_data_geometry,495,495,0,0
uct-test-a11,0,0.4593326487348881,0.8179646402084908,formal_curve_data_geometry,495,495,0,0
uct-test-a11,0,0.4622009105453131,0.8179646402084908,formal_curve_data_geometry,495,495,0,0
uct-test-a11,0,0.4650691723557381,0.8179646402084908,formal_curve_data_geometry,495,495,0,0
uct-test-a11,0,0.46793743416616307,0.8179646402084908,formal_curve_data_geometry,495,495,0,0
uct-test-a11,0,0.47080569597658806,0.8179646402084908,formal_curve_data_geometry,495,495,0,0
uct-test-a11,0,0.47367395778701304,0.8155917697591737,formal_curve_data_geometry,495,495,0,0
uct-test-a11,0,0.47654221959743803,0.8155917697591737,formal_curve_data_geometry,495,495,0,0
uct-test-a11,0,0.479410481407863,0.8155917697591737,formal_curve_data_geometry,495,495,0,0
uct-test-a11,0,0.4822787432182881,0.8155917697591737,formal_curve_data_geometry,495,495,0,0
uct-test-a11,0,0.4851470050287131,0.8155917697591737,formal_curve_data_geometry,495,495,0,0
uct-test-a11,0,0.4880152668391381,0.8155917697591737,formal_curve_data_geometry,495,495,0,0
uct-test-a11,0,0.4908835286495631,0.8155917697591737,formal_curve_data_geometry,495,495,0,0
uct-test-a11,0,0.49375179045998807,0.8155917697591737,formal_curve_data_geometry,495,495,0,0
uct-test-a11,0,0.49662005227041306,0.8155917697591737,formal_curve_data_geometry,495,495,0,0
uct-test-a11,0,0.49948831408083805,0.8132188993098567,formal_curve_data_geometry,495,495,0,0
uct-test-a11,0,0.502356575891263,0.8108460288605396,formal_curve_data_geometry,495,495,0,0
uct-test-a11,0,0.505224837701688,0.8108460288605396,formal_curve_data_geometry,495,495,0,0
uct-test-a11,0,0.508093099512113,0.8084731584112225,formal_curve_data_geometry,495,495,0,0
uct-test-a11,0,0.510961361322538,0.8084731584112225,formal_curve_data_geometry,495,495,0,0
uct-test-a11,0,0.513829623132963,0.8084731584112225,formal_curve_data_geometry,495,495,0,0
uct-test-a11,0,0.516697884943388,0.8084731584112225,formal_curve_data_geometry,495,495,0,0
uct-test-a11,0,0.519566146753813,0.8084731584112225,formal_curve_data_geometry,495,495,0,0
uct-test-a11,0,0.5224344085642381,0.8084731584112225,formal_curve_data_geometry,495,495,0,0
uct-test-a11,0,0.525302670374663,0.8084731584112225,formal_curve_data_geometry,495,495,0,0
uct-test-a11,0,0.528170932185088,0.8061002879619054,formal_curve_data_geometry,495,495,0,0
uct-test-a11,0,0.531039193995513,0.8061002879619054,formal_curve_data_geometry,495,495,0,0
uct-test-a11,0,0.533907455805938,0.8061002879619054,formal_curve_data_geometry,495,495,0,0
uct-test-a11,0,0.536775717616363,0.8013545470632712,formal_curve_data_geometry,495,495,0,0
uct-test-a11,0,0.539643979426788,0.8013545470632712,formal_curve_data_geometry,495,495,0,0
uct-test-a11,0,0.542512241237213,0.7989816766139541,formal_curve_data_geometry,495,495,0,0
uct-test-a11,0,0.545380503047638,0.796608806164637,formal_curve_data_geometry,495,495,0,0
uct-test-a11,0,0.548248764858063,0.796608806164637,formal_curve_data_geometry,495,495,0,0
uct-test-a11,0,0.5511170266684879,0.796608806164637,formal_curve_data_geometry,495,495,0,0
uct-test-a11,0,0.5539852884789129,0.796608806164637,formal_curve_data_geometry,495,495,0,0
uct-test-a11,0,0.5568535502893379,0.796608806164637,formal_curve_data_geometry,495,495,0,0
uct-test-a11,0,0.5597218120997629,0.796608806164637,formal_curve_data_geometry,495,495,0,0
uct-test-a11,0,0.5625900739101879,0.796608806164637,formal_curve_data_geometry,495,495,0,0
uct-test-a11,0,0.565458335720613,0.796608806164637,formal_curve_data_geometry,495,495,0,0
uct-test-a11,0,0.568326597531038,0.796608806164637,formal_curve_data_geometry,495,495,0,0
uct-test-a11,0,0.571194859341463,0.796608806164637,formal_curve_data_geometry,495,495,0,0
uct-test-a11,0,0.574063121151888,0.796608806164637,formal_curve_data_geometry,495,495,0,0
uct-test-a11,0,0.5769313829623129,0.7942359357153199,formal_curve_data_geometry,495,495,0,0
uct-test-a11,0,0.5797996447727379,0.7942359357153199,formal_curve_data_geometry,495,495,0,0
uct-test-a11,0,0.5826679065831629,0.7918630652660028,formal_curve_data_geometry,495,495,0,0
uct-test-a11,0,0.5855361683935879,0.7918630652660028,formal_curve_data_geometry,495,495,0,0
uct-test-a11,0,0.5884044302040129,0.7918630652660028,formal_curve_data_geometry,495,495,0,0
uct-test-a11,0,0.5912726920144379,0.7894901948166857,formal_curve_data_geometry,495,495,0,0
uct-test-a11,0,0.5941409538248629,0.7894901948166857,formal_curve_data_geometry,495,495,0,0
uct-test-a11,0,0.5970092156352879,0.7871173243673686,formal_curve_data_geometry,495,495,0,0
uct-test-a11,0,0.5998774774457128,0.7871173243673686,formal_curve_data_geometry,495,495,0,0
uct-test-a11,0,0.6027457392561378,0.7847444539180515,formal_curve_data_geometry,495,495,0,0
uct-test-a11,0,0.6056140010665629,0.7823715834687344,formal_curve_data_geometry,495,495,0,0
uct-test-a11,0,0.6084822628769879,0.7799987130194173,formal_curve_data_geometry,495,495,0,0
uct-test-a11,0,0.6113505246874129,0.7776258425701001,formal_curve_data_geometry,495,495,0,0
uct-test-a11,0,0.6142187864978379,0.7752529721207831,formal_curve_data_geometry,495,495,0,0
uct-test-a11,0,0.6170870483082629,0.772880101671466,formal_curve_data_geometry,495,495,0,0
uct-test-a11,0,0.6199553101186879,0.7705072312221489,formal_curve_data_geometry,495,495,0,0
uct-test-a11,0,0.6228235719291129,0.7705072312221489,formal_curve_data_geometry,495,495,0,0
uct-test-a11,0,0.6256918337395379,0.7705072312221489,formal_curve_data_geometry,495,495,0,0
uct-test-a11,0,0.6285600955499628,0.772880101671466,formal_curve_data_geometry,495,495,0,0
uct-test-a11,0,0.6314283573603878,0.772880101671466,formal_curve_data_geometry,495,495,0,0
uct-test-a11,0,0.6342966191708128,0.7705072312221489,formal_curve_data_geometry,495,495,0,0
uct-test-a11,0,0.6371648809812378,0.7705072312221489,formal_curve_data_geometry,495,495,0,0
uct-test-a11,0,0.6400331427916628,0.7705072312221489,formal_curve_data_geometry,495,495,0,0
uct-test-a11,0,0.6429014046020878,0.7681343607728319,formal_curve_data_geometry,495,495,0,0
uct-test-a11,0,0.6457696664125128,0.7657614903235148,formal_curve_data_geometry,495,495,0,0
uct-test-a11,0,0.6486379282229378,0.7633886198741977,formal_curve_data_geometry,495,495,0,0
uct-test-a11,0,0.6515061900333627,0.7610157494248806,formal_curve_data_geometry,495,495,0,0
uct-test-a11,0,0.6543744518437877,0.7586428789755635,formal_curve_data_geometry,495,495,0,0
uct-test-a11,0,0.6572427136542127,0.7586428789755635,formal_curve_data_geometry,495,495,0,0
uct-test-a11,0,0.6601109754646377,0.7562700085262464,formal_curve_data_geometry,495,495,0,0
uct-test-a11,0,0.6629792372750627,0.7562700085262464,formal_curve_data_geometry,495,495,0,0
uct-test-a11,0,0.6658474990854879,0.7515242676276122,formal_curve_data_geometry,495,495,0,0
uct-test-a11,0,0.6687157608959129,0.749151397178295,formal_curve_data_geometry,495,495,0,0
uct-test-a11,0,0.6715840227063379,0.7444056562796608,formal_curve_data_geometry,495,495,0,0
uct-test-a11,0,0.6744522845167629,0.7420327858303437,formal_curve_data_geometry,495,495,0,0
uct-test-a11,0,0.6773205463271879,0.7396599153810267,formal_curve_data_geometry,495,495,0,0
uct-test-a11,0,0.6801888081376128,0.7349141744823925,formal_curve_data_geometry,495,495,0,0
uct-test-a11,0,0.6830570699480378,0.7301684335837584,formal_curve_data_geometry,495,495,0,0
uct-test-a11,0,0.6859253317584628,0.7277955631344413,formal_curve_data_geometry,495,495,0,0
uct-test-a11,0,0.6887935935688878,0.723049822235807,formal_curve_data_geometry,495,495,0,0
uct-test-a11,0,0.6916618553793128,0.7206769517864899,formal_curve_data_geometry,495,495,0,0
uct-test-a11,0,0.6945301171897378,0.7183040813371728,formal_curve_data_geometry,495,495,0,0
uct-test-a11,0,0.6973983790001628,0.7135583404385386,formal_curve_data_geometry,495,495,0,0
uct-test-a11,0,0.7002666408105878,0.7088125995399044,formal_curve_data_geometry,495,495,0,0
uct-test-a11,0,0.7031349026210127,0.7040668586412703,formal_curve_data_geometry,495,495,0,0
uct-test-a11,0,0.7060031644314377,0.6993211177426361,formal_curve_data_geometry,495,495,0,0
uct-test-a11,0,0.7088714262418627,0.694575376844002,formal_curve_data_geometry,495,495,0,0
uct-test-a11,0,0.7117396880522877,0.6898296359453677,formal_curve_data_geometry,495,495,0,0
uct-test-a11,0,0.7146079498627127,0.6827110245974164,formal_curve_data_geometry,495,495,0,0
uct-test-a11,0,0.7174762116731377,0.6779652836987822,formal_curve_data_geometry,495,495,0,0
uct-test-a11,0,0.7203444734835627,0.6708466723508308,formal_curve_data_geometry,495,495,0,0
uct-test-a11,0,0.7232127352939877,0.6637280610028796,formal_curve_data_geometry,495,495,0,0
uct-test-a11,0,0.7260809971044127,0.6589823201042455,formal_curve_data_geometry,495,495,0,0
uct-test-a11,0,0.7289492589148376,0.6518637087562942,formal_curve_data_geometry,495,495,0,0
uct-test-a11,0,0.7318175207252626,0.6423722269590257,formal_curve_data_geometry,495,495,0,0
uct-test-a11,0,0.7346857825356876,0.6328807451617574,formal_curve_data_geometry,495,495,0,0
uct-test-a11,0,0.7375540443461126,0.621016392915172,formal_curve_data_geometry,495,495,0,0
uct-test-a11,0,0.7404223061565376,0.6044062997699522,formal_curve_data_geometry,495,495,0,0
uct-test-a11,0,0.7432905679669626,0.5925419475233668,formal_curve_data_geometry,495,495,0,0
uct-test-a11,0,0.7461588297773878,0.5759318543781471,formal_curve_data_geometry,495,495,0,0
uct-test-a11,0,0.7490270915878128,0.5640675021315615,formal_curve_data_geometry,495,495,0,0
uct-test-a11,0,0.7518953533982378,0.5450845385370249,formal_curve_data_geometry,495,495,0,0
uct-test-a11,0,0.7662366624503627,0.3955937002300478,formal_curve_data_geometry,495,495,0,0
uct-test-a11,0,0.7691049242607877,0.38372934798346237,formal_curve_data_geometry,495,495,0,0
uct-test-a11,0,0.7719731860712127,0.36000064349029137,formal_curve_data_geometry,495,495,0,0
uct-test-a11,0,0.7748414478816377,0.3410176798957546,formal_curve_data_geometry,495,495,0,0
uct-test-a11,0,0.7777097096920627,0.32678045719985205,formal_curve_data_geometry,495,495,0,0
uct-test-a11,0,0.7805779715024876,0.3101703640546324,formal_curve_data_geometry,495,495,0,0
uct-test-a11,0,0.7834462333129126,0.30067888225736394,formal_curve_data_geometry,495,495,0,0
uct-test-a11,0,0.7863144951233376,0.2935602709094127,formal_curve_data_geometry,495,495,0,0
uct-test-a11,0,0.7891827569337626,0.2840687891121443,formal_curve_data_geometry,495,495,0,0
uct-test-a11,0,0.7920510187441876,0.27457730731487595,formal_curve_data_geometry,495,495,0,0
uct-test-a11,0,0.7949192805546126,0.2674586959669246,formal_curve_data_geometry,495,495,0,0
uct-test-a11,0,0.7977875423650376,0.2603400846189734,formal_curve_data_geometry,495,495,0,0
uct-test-a11,0,0.8006558041754626,0.2555943437203392,formal_curve_data_geometry,495,495,0,0
uct-test-a11,0,0.8035240659858875,0.25084860282170496,formal_curve_data_geometry,495,495,0,0
uct-test-a11,0,0.8063923277963125,0.24610286192307074,formal_curve_data_geometry,495,495,0,0
uct-test-a11,0,0.8092605896067375,0.24372999147375374,formal_curve_data_geometry,495,495,0,0
uct-test-a11,0,0.8121288514171625,0.24135712102443663,formal_curve_data_geometry,495,495,0,0
uct-test-a11,0,0.8149971132275875,0.23898425057511952,formal_curve_data_geometry,495,495,0,0
uct-test-a11,0,0.8178653750380125,0.2366113801258024,formal_curve_data_geometry,495,495,0,0
uct-test-a11,0,0.8207336368484375,0.2342385096764853,formal_curve_data_geometry,495,495,0,0
uct-test-a11,0,0.8236018986588625,0.2342385096764853,formal_curve_data_geometry,495,495,0,0
uct-test-a11,0,0.8264701604692875,0.2342385096764853,formal_curve_data_geometry,495,495,0,0
uct-test-a11,0,0.8293384222797127,0.2366113801258024,formal_curve_data_geometry,495,495,0,0
uct-test-a11,0,0.8322066840901376,0.2366113801258024,formal_curve_data_geometry,495,495,0,0
uct-test-a11,0,0.8350749459005626,0.23898425057511952,formal_curve_data_geometry,495,495,0,0
uct-test-a11,0,0.8379432077109876,0.24372999147375374,formal_curve_data_geometry,495,495,0,0
uct-test-a11,0,0.8408114695214126,0.24847573237238785,formal_curve_data_geometry,495,495,0,0
uct-test-a11,0,0.8436797313318376,0.25084860282170496,formal_curve_data_geometry,495,495,0,0
uct-test-a11,0,0.8465479931422626,0.2555943437203392,formal_curve_data_geometry,495,495,0,0
uct-test-a11,0,0.8494162549526876,0.2603400846189734,formal_curve_data_geometry,495,495,0,0
uct-test-a11,0,0.8522845167631126,0.2650858255176075,formal_curve_data_geometry,495,495,0,0
uct-test-a11,0,0.8551527785735376,0.27220443686555884,formal_curve_data_geometry,495,495,0,0
uct-test-a11,0,0.8580210403839625,0.27932304821351017,formal_curve_data_geometry,495,495,0,0
uct-test-a11,0,0.8608893021943875,0.2864416595614614,formal_curve_data_geometry,495,495,0,0
uct-test-a11,0,0.8637575640048125,0.2935602709094127,formal_curve_data_geometry,495,495,0,0
uct-test-a11,0,0.8666258258152375,0.3101703640546324,formal_curve_data_geometry,495,495,0,0
uct-test-a11,0,0.8694940876256625,0.3196618458519007,formal_curve_data_geometry,495,495,0,0
uct-test-a11,0,0.8723623494360875,0.32915332764916916,formal_curve_data_geometry,495,495,0,0
uct-test-a11,0,0.8752306112465125,0.3386448094464375,formal_curve_data_geometry,495,495,0,0
uct-test-a11,0,0.8780988730569375,0.35288203214234015,formal_curve_data_geometry,495,495,0,0
uct-test-a11,0,0.8809671348673624,0.3647463843889256,formal_curve_data_geometry,495,495,0,0
uct-test-a11,0,0.8838353966777874,0.38135647753414526,formal_curve_data_geometry,495,495,0,0
uct-test-a11,0,0.8867036584882124,0.3979665706793649,formal_curve_data_geometry,495,495,0,0
uct-test-a11,0,0.9039132293507623,0.4976271295506829,formal_curve_data_geometry,495,495,0,0
uct-test-a11,0,0.9268593238341625,0.6305078747124403,formal_curve_data_geometry,495,495,0,0
uct-test-a11,0,0.9297275856445875,0.6399993565097086,formal_curve_data_geometry,495,495,0,0
uct-test-a11,0,0.9325958474550124,0.64711796785766,formal_curve_data_geometry,495,495,0,0
uct-test-a11,0,0.9354641092654374,0.6566094496549284,formal_curve_data_geometry,495,495,0,0
uct-test-a11,0,0.9383323710758624,0.6661009314521967,formal_curve_data_geometry,495,495,0,0
uct-test-a11,0,0.9412006328862874,0.673219542800148,formal_curve_data_geometry,495,495,0,0
uct-test-a11,0,0.9440688946967124,0.6779652836987822,formal_curve_data_geometry,495,495,0,0
uct-test-a11,0,0.9469371565071374,0.6827110245974164,formal_curve_data_geometry,495,495,0,0
uct-test-a11,0,0.9498054183175624,0.6898296359453677,formal_curve_data_geometry,495,495,0,0
uct-test-a11,0,0.9526736801279874,0.694575376844002,formal_curve_data_geometry,495,495,0,0
uct-test-a11,0,0.9555419419384124,0.6993211177426361,formal_curve_data_geometry,495,495,0,0
uct-test-a11,0,0.9584102037488373,0.7064397290905873,formal_curve_data_geometry,495,495,0,0
uct-test-a11,0,0.9612784655592623,0.7135583404385386,formal_curve_data_geometry,495,495,0,0
uct-test-a11,0,0.9641467273696873,0.7183040813371728,formal_curve_data_geometry,495,495,0,0
uct-test-a11,0,0.9670149891801123,0.7206769517864899,formal_curve_data_geometry,495,495,0,0
uct-test-a11,0,0.9698832509905373,0.7254226926851242,formal_curve_data_geometry,495,495,0,0
uct-test-a11,0,0.9727515128009623,0.7277955631344413,formal_curve_data_geometry,495,495,0,0
uct-test-a11,0,0.9756197746113873,0.7325413040330755,formal_curve_data_geometry,495,495,0,0
uct-test-a11,0,0.9784880364218123,0.7372870449317096,formal_curve_data_geometry,495,495,0,0
uct-test-a11,0,0.9813562982322372,0.7467785267289779,formal_curve_data_geometry,495,495,0,0
uct-test-a11,0,0.9842245600426622,0.7515242676276122,formal_curve_data_geometry,495,495,0,0
uct-test-a11,0,0.9870928218530872,0.7538971380769293,formal_curve_data_geometry,495,495,0,0
uct-test-a11,0,0.9899610836635122,0.7562700085262464,formal_curve_data_geometry,495,495,0,0
uct-test-a11,0,0.9928293454739374,0.7586428789755635,formal_curve_data_geometry,495,495,0,0
uct-test-a11,0,0.9956976072843624,0.7610157494248806,formal_curve_data_geometry,495,495,0,0
uct-test-a11,0,0.9985658690947874,0.7610157494248806,formal_curve_data_geometry,495,495,0,0
uct-test-a11,0,1.0014341309052124,0.7610157494248806,formal_curve_data_geometry,495,495,0,0
uct-test-a11,0,1.0043023927156374,0.7610157494248806,formal_curve_data_geometry,495,495,0,0
uct-test-a11,0,1.0071706545260624,0.7610157494248806,formal_curve_data_geometry,495,495,0,0
uct-test-a11,0,1.0100389163364873,0.7633886198741977,formal_curve_data_geometry,495,495,0,0
uct-test-a11,0,1.0129071781469123,0.7657614903235148,formal_curve_data_geometry,495,495,0,0
uct-test-a11,0,1.0157754399573373,0.7681343607728319,formal_curve_data_geometry,495,495,0,0
uct-test-a11,0,1.0186437017677623,0.7705072312221489,formal_curve_data_geometry,495,495,0,0
uct-test-a11,0,1.0215119635781873,0.7752529721207831,formal_curve_data_geometry,495,495,0,0
uct-test-a11,0,1.0243802253886123,0.7752529721207831,formal_curve_data_geometry,495,495,0,0
uct-test-a11,0,1.0272484871990373,0.7776258425701001,formal_curve_data_geometry,495,495,0,0
uct-test-a11,0,1.0301167490094623,0.7776258425701001,formal_curve_data_geometry,495,495,0,0
uct-test-a11,0,1.0329850108198873,0.7776258425701001,formal_curve_data_geometry,495,495,0,0
uct-test-a11,0,1.0358532726303122,0.7776258425701001,formal_curve_data_geometry,495,495,0,0
uct-test-a11,0,1.0387215344407372,0.7752529721207831,formal_curve_data_geometry,495,495,0,0
uct-test-a11,0,1.0415897962511622,0.7752529721207831,formal_curve_data_geometry,495,495,0,0
uct-test-a11,0,1.0444580580615872,0.7776258425701001,formal_curve_data_geometry,495,495,0,0
uct-test-a11,0,1.0473263198720122,0.7776258425701001,formal_curve_data_geometry,495,495,0,0
uct-test-a11,0,1.0501945816824372,0.7799987130194173,formal_curve_data_geometry,495,495,0,0
uct-test-a11,0,1.0530628434928622,0.7823715834687344,formal_curve_data_geometry,495,495,0,0
uct-test-a11,0,1.0559311053032872,0.7847444539180515,formal_curve_data_geometry,495,495,0,0
uct-test-a11,0,1.0587993671137121,0.7871173243673686,formal_curve_data_geometry,495,495,0,0
uct-test-a11,0,1.0616676289241371,0.7894901948166857,formal_curve_data_geometry,495,495,0,0
uct-test-a11,0,1.0645358907345621,0.7918630652660028,formal_curve_data_geometry,495,495,0,0
uct-test-a11,0,1.067404152544987,0.7942359357153199,formal_curve_data_geometry,495,495,0,0
uct-test-a11,0,1.070272414355412,0.7942359357153199,formal_curve_data_geometry,495,495,0,0
uct-test-a11,0,1.0731406761658373,0.7942359357153199,formal_curve_data_geometry,495,495,0,0
uct-test-a11,0,1.0760089379762623,0.7942359357153199,formal_curve_data_geometry,495,495,0,0
uct-test-a11,0,1.0788771997866873,0.796608806164637,formal_curve_data_geometry,495,495,0,0
uct-test-a11,0,1.0817454615971123,0.796608806164637,formal_curve_data_geometry,495,495,0,0
uct-test-a11,0,1.0846137234075373,0.7989816766139541,formal_curve_data_geometry,495,495,0,0
uct-test-a11,0,1.0874819852179622,0.7989816766139541,formal_curve_data_geometry,495,495,0,0
uct-test-a11,0,1.0903502470283872,0.796608806164637,formal_curve_data_geometry,495,495,0,0
uct-test-a11,0,1.0932185088388122,0.796608806164637,formal_curve_data_geometry,495,495,0,0
uct-test-a11,0,1.0960867706492372,0.796608806164637,formal_curve_data_geometry,495,495,0,0
uct-test-a11,0,1.0989550324596622,0.7942359357153199,formal_curve_data_geometry,495,495,0,0
uct-test-a11,0,1.1018232942700872,0.7942359357153199,formal_curve_data_geometry,495,495,0,0
uct-test-a11,0,1.1046915560805122,0.796608806164637,formal_curve_data_geometry,495,495,0,0
uct-test-a11,0,1.1075598178909372,0.796608806164637,formal_curve_data_geometry,495,495,0,0
uct-test-a11,0,1.1104280797013621,0.7989816766139541,formal_curve_data_geometry,495,495,0,0
uct-test-a11,0,1.1132963415117871,0.8013545470632712,formal_curve_data_geometry,495,495,0,0
uct-test-a11,0,1.1161646033222121,0.8013545470632712,formal_curve_data_geometry,495,495,0,0
uct-test-a11,0,1.1190328651326371,0.8037274175125882,formal_curve_data_geometry,495,495,0,0
uct-test-a11,0,1.121901126943062,0.8061002879619054,formal_curve_data_geometry,495,495,0,0
uct-test-a11,0,1.124769388753487,0.8061002879619054,formal_curve_data_geometry,495,495,0,0
uct-test-a11,0,1.127637650563912,0.8037274175125882,formal_curve_data_geometry,495,495,0,0
uct-test-a11,0,1.130505912374337,0.8037274175125882,formal_curve_data_geometry,495,495,0,0
uct-test-a11,0,1.133374174184762,0.8013545470632712,formal_curve_data_geometry,495,495,0,0
uct-test-a11,0,1.136242435995187,0.8013545470632712,formal_curve_data_geometry,495,495,0,0
uct-test-a11,0,1.139110697805612,0.8013545470632712,formal_curve_data_geometry,495,495,0,0
uct-test-a11,0,1.141978959616037,0.8013545470632712,formal_curve_data_geometry,495,495,0,0
uct-test-a11,0,1.144847221426462,0.8037274175125882,formal_curve_data_geometry,495,495,0,0
uct-test-a11,0,1.147715483236887,0.8061002879619054,formal_curve_data_geometry,495,495,0,0
uct-test-a11,0,1.150583745047312,0.8084731584112225,formal_curve_data_geometry,495,495,0,0
uct-test-a11,0,1.153452006857737,0.8108460288605396,formal_curve_data_geometry,495,495,0,0
uct-test-a11,0,1.1563202686681622,0.8132188993098567,formal_curve_data_geometry,495,495,0,0
uct-test-a11,0,1.1591885304785872,0.8155917697591737,formal_curve_data_geometry,495,495,0,0
uct-test-a11,0,1.1620567922890122,0.8155917697591737,formal_curve_data_geometry,495,495,0,0
uct-test-a11,0,1.1649250540994371,0.8179646402084908,formal_curve_data_geometry,495,495,0,0
uct-test-a11,0,1.1677933159098621,0.8179646402084908,formal_curve_data_geometry,495,495,0,0
uct-test-a11,0,1.1706615777202871,0.8179646402084908,formal_curve_data_geometry,495,495,0,0
uct-test-a11,0,1.173529839530712,0.8179646402084908,formal_curve_data_geometry,495,495,0,0
uct-test-a11,0,1.176398101341137,0.8179646402084908,formal_curve_data_geometry,495,495,0,0
uct-test-a11,0,1.179266363151562,0.8179646402084908,formal_curve_data_geometry,495,495,0,0
uct-test-a11,0,1.182134624961987,0.8179646402084908,formal_curve_data_geometry,495,495,0,0
uct-test-a11,0,1.185002886772412,0.8179646402084908,formal_curve_data_geometry,495,495,0,0
uct-test-a11,0,1.187871148582837,0.8179646402084908,formal_curve_data_geometry,495,495,0,0
uct-test-a11,0,1.190739410393262,0.8179646402084908,formal_curve_data_geometry,495,495,0,0
uct-test-a11,0,1.193607672203687,0.8179646402084908,formal_curve_data_geometry,495,495,0,0
uct-test-a11,0,1.196475934014112,0.8179646402084908,formal_curve_data_geometry,495,495,0,0
uct-test-a11,0,1.199344195824537,0.8179646402084908,formal_curve_data_geometry,495,495,0,0
uct-test-a11,0,1.202212457634962,0.8179646402084908,formal_curve_data_geometry,495,495,0,0
uct-test-a11,0,1.205080719445387,0.8203375106578079,formal_curve_data_geometry,495,495,0,0
uct-test-a11,0,1.207948981255812,0.8203375106578079,formal_curve_data_geometry,495,495,0,0
uct-test-a11,0,1.210817243066237,0.8203375106578079,formal_curve_data_geometry,495,495,0,0
uct-test-a11,0,1.213685504876662,0.8203375106578079,formal_curve_data_geometry,495,495,0,0
uct-test-a11,0,1.216553766687087,0.8179646402084908,formal_curve_data_geometry,495,495,0,0
uct-test-a11,0,1.219422028497512,0.8179646402084908,formal_curve_data_geometry,495,495,0,0
uct-test-a11,0,1.222290290307937,0.8179646402084908,formal_curve_data_geometry,495,495,0,0
uct-test-a11,0,1.2251585521183619,0.8179646402084908,formal_curve_data_geometry,495,495,0,0
uct-test-a11,0,1.2280268139287869,0.8155917697591737,formal_curve_data_geometry,495,495,0,0
uct-test-a11,0,1.2308950757392119,0.8155917697591737,formal_curve_data_geometry,495,495,0,0
uct-test-a11,0,1.2337633375496369,0.8155917697591737,formal_curve_data_geometry,495,495,0,0
uct-test-a11,0,1.236631599360062,0.8155917697591737,formal_curve_data_geometry,495,495,0,0
uct-test-a11,0,1.239499861170487,0.8155917697591737,formal_curve_data_geometry,495,495,0,0
uct-test-a11,0,1.242368122980912,0.8155917697591737,formal_curve_data_geometry,495,495,0,0
uct-test-a11,0,1.245236384791337,0.8155917697591737,formal_curve_data_geometry,495,495,0,0
uct-test-a11,0,1.248104646601762,0.8155917697591737,formal_curve_data_geometry,495,495,0,0
uct-test-a11,0,1.250972908412187,0.8179646402084908,formal_curve_data_geometry,495,495,0,0
uct-test-a11,0,1.253841170222612,0.8179646402084908,formal_curve_data_geometry,495,495,0,0
uct-test-a11,0,1.256709432033037,0.8179646402084908,formal_curve_data_geometry,495,495,0,0
uct-test-a11,0,1.259577693843462,0.8179646402084908,formal_curve_data_geometry,495,495,0,0
uct-test-a11,0,1.262445955653887,0.8179646402084908,formal_curve_data_geometry,495,495,0,0
uct-test-a11,0,1.265314217464312,0.8179646402084908,formal_curve_data_geometry,495,495,0,0
uct-test-a11,0,1.268182479274737,0.8179646402084908,formal_curve_data_geometry,495,495,0,0
uct-test-a11,0,1.271050741085162,0.8179646402084908,formal_curve_data_geometry,495,495,0,0
uct-test-a11,0,1.273919002895587,0.8179646402084908,formal_curve_data_geometry,495,495,0,0
uct-test-a11,0,1.276787264706012,0.8179646402084908,formal_curve_data_geometry,495,495,0,0
uct-test-a11,0,1.2796555265164369,0.8179646402084908,formal_curve_data_geometry,495,495,0,0
uct-test-a11,0,1.2825237883268619,0.8179646402084908,formal_curve_data_geometry,495,495,0,0
uct-test-a11,0,1.2853920501372869,0.8179646402084908,formal_curve_data_geometry,495,495,0,0
uct-test-a11,0,1.2882603119477118,0.8179646402084908,formal_curve_data_geometry,495,495,0,0
uct-test-a11,0,1.2911285737581368,0.8179646402084908,formal_curve_data_geometry,495,495,0,0
uct-test-a11,0,1.2939968355685618,0.8179646402084908,formal_curve_data_geometry,495,495,0,0
uct-test-a11,0,1.2968650973789868,0.8179646402084908,formal_curve_data_geometry,495,495,0,0
uct-test-a11,0,1.2997333591894118,0.8155917697591737,formal_curve_data_geometry,495,495,0,0
uct-test-a11,0,1.3026016209998368,0.8155917697591737,formal_curve_data_geometry,495,495,0,0
uct-test-a11,0,1.3054698828102618,0.8179646402084908,formal_curve_data_geometry,495,495,0,0
uct-test-a11,0,1.3083381446206868,0.8179646402084908,formal_curve_data_geometry,495,495,0,0
uct-test-a11,0,1.3112064064311117,0.8179646402084908,formal_curve_data_geometry,495,495,0,0
uct-test-a11,0,1.3140746682415367,0.8203375106578079,formal_curve_data_geometry,495,495,0,0
uct-test-a11,0,1.3169429300519617,0.822710381107125,formal_curve_data_geometry,495,495,0,0
uct-test-a11,0,1.319811191862387,0.8250832515564421,formal_curve_data_geometry,495,495,0,0
uct-test-a11,0,1.322679453672812,0.8250832515564421,formal_curve_data_geometry,495,495,0,0
uct-test-a11,0,1.325547715483237,0.8274561220057592,formal_curve_data_geometry,495,495,0,0
uct-test-a11,0,1.328415977293662,0.8274561220057592,formal_curve_data_geometry,495,495,0,0
uct-test-a11,0,1.3312842391040869,0.8274561220057592,formal_curve_data_geometry,495,495,0,0
uct-test-a11,0,1.3341525009145119,0.8274561220057592,formal_curve_data_geometry,495,495,0,0
uct-test-a11,0,1.3370207627249369,0.8274561220057592,formal_curve_data_geometry,495,495,0,0
uct-test-a11,0,1.3398890245353618,0.8274561220057592,formal_curve_data_geometry,495,495,0,0
uct-test-a11,0,1.3427572863457868,0.8274561220057592,formal_curve_data_geometry,495,495,0,0
uct-test-a11,0,1.3456255481562118,0.8274561220057592,formal_curve_data_geometry,495,495,0,0
uct-test-a11,0,1.3484938099666368,0.8274561220057592,formal_curve_data_geometry,495,495,0,0
uct-test-a11,0,1.3513620717770618,0.8274561220057592,formal_curve_data_geometry,495,495,0,0
uct-test-a11,0,1.3542303335874868,0.8274561220057592,formal_curve_data_geometry,495,495,0,0
uct-test-a11,0,1.3570985953979118,0.8274561220057592,formal_curve_data_geometry,495,495,0,0
uct-test-a11,0,1.3599668572083368,0.8274561220057592,formal_curve_data_geometry,495,495,0,0
uct-test-a11,0,1.3628351190187618,0.8250832515564421,formal_curve_data_geometry,495,495,0,0
uct-test-a11,0,1.3657033808291867,0.8250832515564421,formal_curve_data_geometry,495,495,0,0
uct-test-a11,0,1.3685716426396117,0.8250832515564421,formal_curve_data_geometry,495,495,0,0
uct-test-a11,0,1.3714399044500367,0.8274561220057592,formal_curve_data_geometry,495,495,0,0
uct-test-a11,0,1.3743081662604617,0.8274561220057592,formal_curve_data_geometry,495,495,0,0
uct-test-a11,0,1.3771764280708867,0.8274561220057592,formal_curve_data_geometry,495,495,0,0
uct-test-a11,0,1.3800446898813117,0.8274561220057592,formal_curve_data_geometry,495,495,0,0
uct-test-a11,0,1.3829129516917367,0.8274561220057592,formal_curve_data_geometry,495,495,0,0
uct-test-a11,0,1.3857812135021617,0.8274561220057592,formal_curve_data_geometry,495,495,0,0
uct-test-a11,0,1.3886494753125866,0.8250832515564421,formal_curve_data_geometry,495,495,0,0
uct-test-a11,0,1.3915177371230116,0.8250832515564421,formal_curve_data_geometry,495,495,0,0
uct-test-a11,0,1.3943859989334366,0.8250832515564421,formal_curve_data_geometry,495,495,0,0
uct-test-a11,0,1.3972542607438616,0.822710381107125,formal_curve_data_geometry,495,495,0,0
uct-test-a11,0,1.4001225225542868,0.822710381107125,formal_curve_data_geometry,495,495,0,0
uct-test-a11,0,1.4029907843647118,0.822710381107125,formal_curve_data_geometry,495,495,0,0
uct-test-a11,0,1.4058590461751368,0.822710381107125,formal_curve_data_geometry,495,495,0,0
uct-test-a11,0,1.4087273079855618,0.8203375106578079,formal_curve_data_geometry,495,495,0,0
uct-test-a11,0,1.4115955697959868,0.8179646402084908,formal_curve_data_geometry,495,495,0,0
uct-test-a11,0,1.4144638316064118,0.8179646402084908,formal_curve_data_geometry,495,495,0,0
uct-test-a11,0,1.4173320934168367,0.8155917697591737,formal_curve_data_geometry,495,495,0,0
uct-test-a11,0,1.4202003552272617,0.8155917697591737,formal_curve_data_geometry,495,495,0,0
uct-test-a11,0,1.4230686170376867,0.8155917697591737,formal_curve_data_geometry,495,495,0,0
uct-test-a11,0,1.4259368788481117,0.8155917697591737,formal_curve_data_geometry,495,495,0,0
uct-test-a11,0,1.4288051406585367,0.8155917697591737,formal_curve_data_geometry,495,495,0,0
uct-test-a11,0,1.4316734024689617,0.8155917697591737,formal_curve_data_geometry,495,495,0,0
uct-test-a11,0,1.4345416642793867,0.8155917697591737,formal_curve_data_geometry,495,495,0,0
uct-test-a11,0,1.4374099260898117,0.8155917697591737,formal_curve_data_geometry,495,495,0,0
uct-test-a11,0,1.4402781879002367,0.8132188993098567,formal_curve_data_geometry,495,495,0,0
uct-test-a11,0,1.4431464497106616,0.8084731584112225,formal_curve_data_geometry,495,495,0,0
uct-test-a11,0,1.4460147115210866,0.8037274175125882,formal_curve_data_geometry,495,495,0,0
uct-test-a11,0,1.4488829733315116,0.8013545470632712,formal_curve_data_geometry,495,495,0,0
uct-test-a11,0,1.4517512351419366,0.796608806164637,formal_curve_data_geometry,495,495,0,0
uct-test-a11,0,1.4546194969523616,0.7942359357153199,formal_curve_data_geometry,495,495,0,0
uct-test-a11,0,1.4574877587627866,0.7918630652660028,formal_curve_data_geometry,495,495,0,0
uct-test-a11,0,1.4603560205732116,0.7871173243673686,formal_curve_data_geometry,495,495,0,0
uct-test-a11,0,1.4632242823836366,0.7847444539180515,formal_curve_data_geometry,495,495,0,0
uct-test-a11,0,1.4660925441940615,0.7823715834687344,formal_curve_data_geometry,495,495,0,0
uct-test-a11,0,1.4689608060044865,0.7799987130194173,formal_curve_data_geometry,495,495,0,0
uct-test-a11,0,1.4718290678149115,0.7776258425701001,formal_curve_data_geometry,495,495,0,0
uct-test-a11,0,1.4746973296253365,0.772880101671466,formal_curve_data_geometry,495,495,0,0
uct-test-a11,0,1.4775655914357615,0.7705072312221489,formal_curve_data_geometry,495,495,0,0
uct-test-a11,0,1.4804338532461865,0.7657614903235148,formal_curve_data_geometry,495,495,0,0
uct-test-a11,0,1.4833021150566117,0.7633886198741977,formal_curve_data_geometry,495,495,0,0
uct-test-a11,0,1.4861703768670367,0.7610157494248806,formal_curve_data_geometry,495,495,0,0
uct-test-a11,0,1.4890386386774617,0.7610157494248806,formal_curve_data_geometry,495,495,0,0
uct-test-a11,0,1.4919069004878867,0.7586428789755635,formal_curve_data_geometry,495,495,0,0
uct-test-a11,0,1.4947751622983116,0.7562700085262464,formal_curve_data_geometry,495,495,0,0
uct-test-a11,0,1.4976434241087366,0.7538971380769293,formal_curve_data_geometry,495,495,0,0
uct-test-a11,0,1.5005116859191616,0.7538971380769293,formal_curve_data_geometry,495,495,0,0
uct-test-a11,0,1.5033799477295866,0.7515242676276122,formal_curve_data_geometry,495,495,0,0
uct-test-a11,0,1.5062482095400116,0.749151397178295,formal_curve_data_geometry,495,495,0,0
uct-test-a11,0,1.5091164713504366,0.7467785267289779,formal_curve_data_geometry,495,495,0,0
uct-test-a11,0,1.5119847331608616,0.7444056562796608,formal_curve_data_geometry,495,495,0,0
uct-test-a11,0,1.5148529949712866,0.7396599153810267,formal_curve_data_geometry,495,495,0,0
uct-test-a11,0,1.5177212567817115,0.7372870449317096,formal_curve_data_geometry,495,495,0,0
uct-test-a11,0,1.5205895185921365,0.7325413040330755,formal_curve_data_geometry,495,495,0,0
uct-test-a11,0,1.5234577804025615,0.7301684335837584,formal_curve_data_geometry,495,495,0,0
uct-test-a11,0,1.5263260422129865,0.7277955631344413,formal_curve_data_geometry,495,495,0,0
uct-test-a11,0,1.5291943040234115,0.7254226926851242,formal_curve_data_geometry,495,495,0,0
uct-test-a11,0,1.5320625658338365,0.723049822235807,formal_curve_data_geometry,495,495,0,0
uct-test-a11,0,1.5349308276442615,0.723049822235807,formal_curve_data_geometry,495,495,0,0
uct-test-a11,0,1.5377990894546865,0.723049822235807,formal_curve_data_geometry,495,495,0,0
uct-test-a11,0,1.5406673512651115,0.723049822235807,formal_curve_data_geometry,495,495,0,0
uct-test-a11,0,1.5435356130755364,0.7254226926851242,formal_curve_data_geometry,495,495,0,0
uct-test-a11,0,1.5464038748859614,0.7254226926851242,formal_curve_data_geometry,495,495,0,0
uct-test-a11,0,1.5492721366963864,0.7277955631344413,formal_curve_data_geometry,495,495,0,0
uct-test-a11,0,1.5521403985068114,0.7277955631344413,formal_curve_data_geometry,495,495,0,0
uct-test-a11,0,1.5550086603172364,0.7325413040330755,formal_curve_data_geometry,495,495,0,0
uct-test-a11,0,1.5578769221276614,0.7349141744823925,formal_curve_data_geometry,495,495,0,0
uct-test-a11,0,1.5607451839380864,0.7372870449317096,formal_curve_data_geometry,495,495,0,0
uct-test-a11,0,1.5636134457485116,0.7396599153810267,formal_curve_data_geometry,495,495,0,0
uct-test-a11,0,1.5664817075589366,0.7420327858303437,formal_curve_data_geometry,495,495,0,0
uct-test-a11,0,1.5693499693693616,0.749151397178295,formal_curve_data_geometry,495,495,0,0
uct-test-a22,0,0.0405664244128387,0.19864545293672886,formal_curve_data_geometry,511,511,0,0
uct-test-a22,0,0.04343468622326374,0.19627258248741175,formal_curve_data_geometry,511,511,0,0
uct-test-a22,0,0.04630294803368873,0.19627258248741175,formal_curve_data_geometry,511,511,0,0
uct-test-a22,0,0.04917120984411372,0.19864545293672886,formal_curve_data_geometry,511,511,0,0
uct-test-a22,0,0.052039471654538705,0.19864545293672886,formal_curve_data_geometry,511,511,0,0
uct-test-a22,0,0.05490773346496369,0.19864545293672886,formal_curve_data_geometry,511,511,0,0
uct-test-a22,0,0.05777599527538868,0.20101832338604597,formal_curve_data_geometry,511,511,0,0
uct-test-a22,0,0.06064425708581367,0.20339119383536308,formal_curve_data_geometry,511,511,0,0
uct-test-a22,0,0.06351251889623871,0.2057640642846802,formal_curve_data_geometry,511,511,0,0
uct-test-a22,0,0.0663807807066637,0.2057640642846802,formal_curve_data_geometry,511,511,0,0
uct-test-a22,0,0.07211730432751368,0.1796624893421921,formal_curve_data_geometry,511,511,0,0
uct-test-a22,0,0.07498556613793866,0.17491674844355787,formal_curve_data_geometry,511,511,0,0
uct-test-a22,0,0.07785382794836365,0.17491674844355787,formal_curve_data_geometry,511,511,0,0
uct-test-a22,0,0.08072208975878864,0.17017100754492376,formal_curve_data_geometry,511,511,0,0
uct-test-a22,0,0.08359035156921368,0.1796624893421921,formal_curve_data_geometry,511,511,0,0
uct-test-a22,0,0.08645861337963867,0.1796624893421921,formal_curve_data_geometry,511,511,0,0
uct-test-a22,0,0.08932687519006366,0.17491674844355787,formal_curve_data_geometry,511,511,0,0
uct-test-a22,0,0.09219513700048865,0.17254387799424087,formal_curve_data_geometry,511,511,0,0
uct-test-a22,0,0.09506339881091364,0.16542526664628954,formal_curve_data_geometry,511,511,0,0
uct-test-a22,0,0.09793166062133862,0.1559337848490212,formal_curve_data_geometry,511,511,0,0
uct-test-a22,0,0.10079992243176361,0.17491674844355787,formal_curve_data_geometry,511,511,0,0
uct-test-a22,0,0.1036681842421886,0.1559337848490212,formal_curve_data_geometry,511,511,0,0
uct-test-a22,0,0.10653644605261364,0.16305239619697243,formal_curve_data_geometry,511,511,0,0
uct-test-a22,0,0.10940470786303863,0.16067952574765532,formal_curve_data_geometry,511,511,0,0
uct-test-a22,0,0.11227296967346362,0.16542526664628954,formal_curve_data_geometry,511,511,0,0
uct-test-a22,0,0.1151412314838886,0.17254387799424087,formal_curve_data_geometry,511,511,0,0
uct-test-a22,0,0.1266142787255886,0.17491674844355787,formal_curve_data_geometry,511,511,0,0
uct-test-a22,0,0.1294825405360136,0.17491674844355787,formal_curve_data_geometry,511,511,0,0
uct-test-a22,0,0.17250646769238853,0.14644230305175276,formal_curve_data_geometry,511,511,0,0
uct-test-a22,0,0.17537472950281352,0.14406943260243565,formal_curve_data_geometry,511,511,0,0
uct-test-a22,0,0.1782429913132385,0.14169656215311854,formal_curve_data_geometry,511,511,0,0
uct-test-a22,0,0.1811112531236635,0.13932369170380143,formal_curve_data_geometry,511,511,0,0
uct-test-a22,0,0.18397951493408848,0.13457795080516732,formal_curve_data_geometry,511,511,0,0
uct-test-a22,0,0.18684777674451347,0.13457795080516732,formal_curve_data_geometry,511,511,0,0
uct-test-a22,0,0.18971603855493846,0.12508646900789888,formal_curve_data_geometry,511,511,0,0
uct-test-a22,0,0.19258430036536345,0.11796785765994766,formal_curve_data_geometry,511,511,0,0
uct-test-a22,0,0.19545256217578855,0.11559498721063055,formal_curve_data_geometry,511,511,0,0
uct-test-a22,0,0.19832082398621353,0.11322211676131344,formal_curve_data_geometry,511,511,0,0
uct-test-a22,0,0.20118908579663852,0.10847637586267922,formal_curve_data_geometry,511,511,0,0
uct-test-a22,0,0.2040573476070635,0.10847637586267922,formal_curve_data_geometry,511,511,0,0
uct-test-a22,0,0.2069256094174885,0.13695082125448443,formal_curve_data_geometry,511,511,0,0
uct-test-a22,0,0.21266213303833847,0.10847637586267922,formal_curve_data_geometry,511,511,0,0
uct-test-a22,0,0.21553039484876346,0.11084924631199633,formal_curve_data_geometry,511,511,0,0
uct-test-a22,0,0.21839865665918845,0.11322211676131344,formal_curve_data_geometry,511,511,0,0
uct-test-a22,0,0.22126691846961344,0.11559498721063055,formal_curve_data_geometry,511,511,0,0
uct-test-a22,0,0.22413518028003843,0.11559498721063055,formal_curve_data_geometry,511,511,0,0
uct-test-a22,0,0.22700344209046341,0.11559498721063055,formal_curve_data_geometry,511,511,0,0
uct-test-a22,0,0.2298717039008884,0.11559498721063055,formal_curve_data_geometry,511,511,0,0
uct-test-a22,0,0.2327399657113134,0.11322211676131344,formal_curve_data_geometry,511,511,0,0
uct-test-a22,0,0.23560822752173838,0.11084924631199633,formal_curve_data_geometry,511,511,0,0
uct-test-a22,0,0.23847648933216348,0.11084924631199633,formal_curve_data_geometry,511,511,0,0
uct-test-a22,0,0.24134475114258847,0.10847637586267922,formal_curve_data_geometry,511,511,0,0
uct-test-a22,0,0.24421301295301345,0.11084924631199633,formal_curve_data_geometry,511,511,0,0
uct-test-a22,0,0.24708127476343844,0.11322211676131344,formal_curve_data_geometry,511,511,0,0
uct-test-a22,0,0.24994953657386343,0.11322211676131344,formal_curve_data_geometry,511,511,0,0
uct-test-a22,0,0.2528177983842884,0.11084924631199633,formal_curve_data_geometry,511,511,0,0
uct-test-a22,0,0.2556860601947134,0.10847637586267922,formal_curve_data_geometry,511,511,0,0
uct-test-a22,0,0.2585543220051384,0.11084924631199633,formal_curve_data_geometry,511,511,0,0
uct-test-a22,0,0.2614225838155634,0.10610350541336211,formal_curve_data_geometry,511,511,0,0
uct-test-a22,0,0.26429084562598837,0.10610350541336211,formal_curve_data_geometry,511,511,0,0
uct-test-a22,0,0.26715910743641336,0.11559498721063055,formal_curve_data_geometry,511,511,0,0
uct-test-a22,0,0.27002736924683834,0.103730634964045,formal_curve_data_geometry,511,511,0,0
uct-test-a22,0,0.27289563105726333,0.103730634964045,formal_curve_data_geometry,511,511,0,0
uct-test-a22,0,0.2757638928676883,0.10847637586267922,formal_curve_data_geometry,511,511,0,0
uct-test-a22,0,0.2786321546781134,0.101357764514728,formal_curve_data_geometry,511,511,0,0
uct-test-a22,0,0.2815004164885384,0.09898489406541089,formal_curve_data_geometry,511,511,0,0
uct-test-a22,0,0.2843686782989634,0.09898489406541089,formal_curve_data_geometry,511,511,0,0
uct-test-a22,0,0.2872369401093884,0.09898489406541089,formal_curve_data_geometry,511,511,0,0
uct-test-a22,0,0.29010520191981337,0.11084924631199633,formal_curve_data_geometry,511,511,0,0
uct-test-a22,0,0.29297346373023836,0.103730634964045,formal_curve_data_geometry,511,511,0,0
uct-test-a22,0,0.29584172554066335,0.101357764514728,formal_curve_data_geometry,511,511,0,0
uct-test-a22,0,0.29870998735108834,0.11559498721063055,formal_curve_data_geometry,511,511,0,0
uct-test-a22,0,0.3015782491615133,0.09186628271745956,formal_curve_data_geometry,511,511,0,0
uct-test-a22,0,0.3044465109719383,0.09423915316677667,formal_curve_data_geometry,511,511,0,0
uct-test-a22,0,0.3073147727823633,0.11084924631199633,formal_curve_data_geometry,511,511,0,0
uct-test-a22,0,0.3101830345927883,0.101357764514728,formal_curve_data_geometry,511,511,0,0
uct-test-a22,0,0.3130512964032133,0.101357764514728,formal_curve_data_geometry,511,511,0,0
uct-test-a22,0,0.31591955821363826,0.101357764514728,formal_curve_data_geometry,511,511,0,0
uct-test-a22,0,0.31878782002406336,0.103730634964045,formal_curve_data_geometry,511,511,0,0
uct-test-a22,0,0.32165608183448835,0.103730634964045,formal_curve_data_geometry,511,511,0,0
uct-test-a22,0,0.32452434364491334,0.103730634964045,formal_curve_data_geometry,511,511,0,0
uct-test-a22,0,0.3273926054553383,0.09898489406541089,formal_curve_data_geometry,511,511,0,0
uct-test-a22,0,0.3302608672657633,0.101357764514728,formal_curve_data_geometry,511,511,0,0
uct-test-a22,0,0.3331291290761883,0.101357764514728,formal_curve_data_geometry,511,511,0,0
uct-test-a22,0,0.3359973908866133,0.09898489406541089,formal_curve_data_geometry,511,511,0,0
uct-test-a22,0,0.3388656526970383,0.103730634964045,formal_curve_data_geometry,511,511,0,0
uct-test-a22,0,0.34173391450746327,0.103730634964045,formal_curve_data_geometry,511,511,0,0
uct-test-a22,0,0.34460217631788825,0.103730634964045,formal_curve_data_geometry,511,511,0,0
uct-test-a22,0,0.34747043812831324,0.103730634964045,formal_curve_data_geometry,511,511,0,0
uct-test-a22,0,0.35033869993873823,0.103730634964045,formal_curve_data_geometry,511,511,0,0
uct-test-a22,0,0.3532069617491632,0.103730634964045,formal_curve_data_geometry,511,511,0,0
uct-test-a22,0,0.3560752235595882,0.09661202361609378,formal_curve_data_geometry,511,511,0,0
uct-test-a22,0,0.3589434853700133,0.09423915316677667,formal_curve_data_geometry,511,511,0,0
uct-test-a22,0,0.3618117471804383,0.103730634964045,formal_curve_data_geometry,511,511,0,0
uct-test-a22,0,0.3646800089908633,0.09186628271745956,formal_curve_data_geometry,511,511,0,0
uct-test-a22,0,0.36754827080128827,0.11084924631199633,formal_curve_data_geometry,511,511,0,0
uct-test-a22,0,0.37041653261171326,0.101357764514728,formal_curve_data_geometry,511,511,0,0
uct-test-a22,0,0.37328479442213824,0.101357764514728,formal_curve_data_geometry,511,511,0,0
uct-test-a22,0,0.37615305623256323,0.103730634964045,formal_curve_data_geometry,511,511,0,0
uct-test-a22,0,0.3790213180429882,0.103730634964045,formal_curve_data_geometry,511,511,0,0
uct-test-a22,0,0.3818895798534132,0.10610350541336211,formal_curve_data_geometry,511,511,0,0
uct-test-a22,0,0.3847578416638382,0.103730634964045,formal_curve_data_geometry,511,511,0,0
uct-test-a22,0,0.3876261034742632,0.10610350541336211,formal_curve_data_geometry,511,511,0,0
uct-test-a22,0,0.39049436528468817,0.103730634964045,formal_curve_data_geometry,511,511,0,0
uct-test-a22,0,0.39336262709511316,0.09661202361609378,formal_curve_data_geometry,511,511,0,0
uct-test-a22,0,0.39623088890553815,0.103730634964045,formal_curve_data_geometry,511,511,0,0
uct-test-a22,0,0.39909915071596314,0.09898489406541089,formal_curve_data_geometry,511,511,0,0
uct-test-a22,0,0.40196741252638823,0.101357764514728,formal_curve_data_geometry,511,511,0,0
uct-test-a22,0,0.4048356743368132,0.103730634964045,formal_curve_data_geometry,511,511,0,0
uct-test-a22,0,0.4077039361472382,0.103730634964045,formal_curve_data_geometry,511,511,0,0
uct-test-a22,0,0.4105721979576632,0.103730634964045,formal_curve_data_geometry,511,511,0,0
uct-test-a22,0,0.4134404597680882,0.103730634964045,formal_curve_data_geometry,511,511,0,0
uct-test-a22,0,0.4163087215785132,0.103730634964045,formal_curve_data_geometry,511,511,0,0
uct-test-a22,0,0.41917698338893816,0.101357764514728,formal_curve_data_geometry,511,511,0,0
uct-test-a22,0,0.42204524519936315,0.103730634964045,formal_curve_data_geometry,511,511,0,0
uct-test-a22,0,0.42491350700978814,0.11322211676131344,formal_curve_data_geometry,511,511,0,0
uct-test-a22,0,0.4277817688202131,0.101357764514728,formal_curve_data_geometry,511,511,0,0
uct-test-a22,0,0.4306500306306381,0.10610350541336211,formal_curve_data_geometry,511,511,0,0
uct-test-a22,0,0.4335182924410631,0.10610350541336211,formal_curve_data_geometry,511,511,0,0
uct-test-a22,0,0.4363865542514881,0.12508646900789888,formal_curve_data_geometry,511,511,0,0
uct-test-a22,0,0.4392548160619131,0.10847637586267922,formal_curve_data_geometry,511,511,0,0
uct-test-a22,0,0.4421230778723382,0.09898489406541089,formal_curve_data_geometry,511,511,0,0
uct-test-a22,0,0.44499133968276317,0.103730634964045,formal_curve_data_geometry,511,511,0,0
uct-test-a22,0,0.44785960149318815,0.103730634964045,formal_curve_data_geometry,511,511,0,0
uct-test-a22,0,0.45072786330361314,0.103730634964045,formal_curve_data_geometry,511,511,0,0
uct-test-a22,0,0.45359612511403813,0.10610350541336211,formal_curve_data_geometry,511,511,0,0
uct-test-a22,0,0.4564643869244631,0.10610350541336211,formal_curve_data_geometry,511,511,0,0
uct-test-a22,0,0.4593326487348881,0.11559498721063055,formal_curve_data_geometry,511,511,0,0
uct-test-a22,0,0.4622009105453131,0.11322211676131344,formal_curve_data_geometry,511,511,0,0
uct-test-a22,0,0.4650691723557381,0.11322211676131344,formal_curve_data_geometry,511,511,0,0
uct-test-a22,0,0.46793743416616307,0.101357764514728,formal_curve_data_geometry,511,511,0,0
uct-test-a22,0,0.47080569597658806,0.12271359855858177,formal_curve_data_geometry,511,511,0,0
uct-test-a22,0,0.47367395778701304,0.12271359855858177,formal_curve_data_geometry,511,511,0,0
uct-test-a22,0,0.47654221959743803,0.11084924631199633,formal_curve_data_geometry,511,511,0,0
uct-test-a22,0,0.479410481407863,0.127459339457216,formal_curve_data_geometry,511,511,0,0
uct-test-a22,0,0.4822787432182881,0.12034072810926477,formal_curve_data_geometry,511,511,0,0
uct-test-a22,0,0.4851470050287131,0.12271359855858177,formal_curve_data_geometry,511,511,0,0
uct-test-a22,0,0.4880152668391381,0.12508646900789888,formal_curve_data_geometry,511,511,0,0
uct-test-a22,0,0.4908835286495631,0.12271359855858177,formal_curve_data_geometry,511,511,0,0
uct-test-a22,0,0.49375179045998807,0.12271359855858177,formal_curve_data_geometry,511,511,0,0
uct-test-a22,0,0.49662005227041306,0.12508646900789888,formal_curve_data_geometry,511,511,0,0
uct-test-a22,0,0.49948831408083805,0.11559498721063055,formal_curve_data_geometry,511,511,0,0
uct-test-a22,0,0.502356575891263,0.11796785765994766,formal_curve_data_geometry,511,511,0,0
uct-test-a22,0,0.505224837701688,0.11796785765994766,formal_curve_data_geometry,511,511,0,0
uct-test-a22,0,0.508093099512113,0.1322050803558502,formal_curve_data_geometry,511,511,0,0
uct-test-a22,0,0.510961361322538,0.13932369170380143,formal_curve_data_geometry,511,511,0,0
uct-test-a22,0,0.513829623132963,0.1322050803558502,formal_curve_data_geometry,511,511,0,0
uct-test-a22,0,0.516697884943388,0.11796785765994766,formal_curve_data_geometry,511,511,0,0
uct-test-a22,0,0.519566146753813,0.12034072810926477,formal_curve_data_geometry,511,511,0,0
uct-test-a22,0,0.5224344085642381,0.1322050803558502,formal_curve_data_geometry,511,511,0,0
uct-test-a22,0,0.525302670374663,0.1322050803558502,formal_curve_data_geometry,511,511,0,0
uct-test-a22,0,0.528170932185088,0.1322050803558502,formal_curve_data_geometry,511,511,0,0
uct-test-a22,0,0.531039193995513,0.1322050803558502,formal_curve_data_geometry,511,511,0,0
uct-test-a22,0,0.533907455805938,0.13457795080516732,formal_curve_data_geometry,511,511,0,0
uct-test-a22,0,0.536775717616363,0.13932369170380143,formal_curve_data_geometry,511,511,0,0
uct-test-a22,0,0.539643979426788,0.13932369170380143,formal_curve_data_geometry,511,511,0,0
uct-test-a22,0,0.542512241237213,0.1298322099065331,formal_curve_data_geometry,511,511,0,0
uct-test-a22,0,0.545380503047638,0.14169656215311854,formal_curve_data_geometry,511,511,0,0
uct-test-a22,0,0.548248764858063,0.14169656215311854,formal_curve_data_geometry,511,511,0,0
uct-test-a22,0,0.5511170266684879,0.14169656215311854,formal_curve_data_geometry,511,511,0,0
uct-test-a22,0,0.5539852884789129,0.14169656215311854,formal_curve_data_geometry,511,511,0,0
uct-test-a22,0,0.5568535502893379,0.127459339457216,formal_curve_data_geometry,511,511,0,0
uct-test-a22,0,0.5597218120997629,0.127459339457216,formal_curve_data_geometry,511,511,0,0
uct-test-a22,0,0.5625900739101879,0.1322050803558502,formal_curve_data_geometry,511,511,0,0
uct-test-a22,0,0.565458335720613,0.1322050803558502,formal_curve_data_geometry,511,511,0,0
uct-test-a22,0,0.568326597531038,0.1322050803558502,formal_curve_data_geometry,511,511,0,0
uct-test-a22,0,0.571194859341463,0.14169656215311854,formal_curve_data_geometry,511,511,0,0
uct-test-a22,0,0.574063121151888,0.14169656215311854,formal_curve_data_geometry,511,511,0,0
uct-test-a22,0,0.5769313829623129,0.13932369170380143,formal_curve_data_geometry,511,511,0,0
uct-test-a22,0,0.5797996447727379,0.14169656215311854,formal_curve_data_geometry,511,511,0,0
uct-test-a22,0,0.5826679065831629,0.14169656215311854,formal_curve_data_geometry,511,511,0,0
uct-test-a22,0,0.5855361683935879,0.14406943260243565,formal_curve_data_geometry,511,511,0,0
uct-test-a22,0,0.5884044302040129,0.14406943260243565,formal_curve_data_geometry,511,511,0,0
uct-test-a22,0,0.5912726920144379,0.14406943260243565,formal_curve_data_geometry,511,511,0,0
uct-test-a22,0,0.5970092156352879,0.13695082125448443,formal_curve_data_geometry,511,511,0,0
uct-test-a22,0,0.5998774774457128,0.14644230305175276,formal_curve_data_geometry,511,511,0,0
uct-test-a22,0,0.6027457392561378,0.1535609143997041,formal_curve_data_geometry,511,511,0,0
uct-test-a22,0,0.6056140010665629,0.1535609143997041,formal_curve_data_geometry,511,511,0,0
uct-test-a22,0,0.6084822628769879,0.1559337848490212,formal_curve_data_geometry,511,511,0,0
uct-test-a22,0,0.6113505246874129,0.14406943260243565,formal_curve_data_geometry,511,511,0,0
uct-test-a22,0,0.6142187864978379,0.14644230305175276,formal_curve_data_geometry,511,511,0,0
uct-test-a22,0,0.6170870483082629,0.14406943260243565,formal_curve_data_geometry,511,511,0,0
uct-test-a22,0,0.6199553101186879,0.15118804395038699,formal_curve_data_geometry,511,511,0,0
uct-test-a22,0,0.6228235719291129,0.16305239619697243,formal_curve_data_geometry,511,511,0,0
uct-test-a22,0,0.6256918337395379,0.16305239619697243,formal_curve_data_geometry,511,511,0,0
uct-test-a22,0,0.6285600955499628,0.16067952574765532,formal_curve_data_geometry,511,511,0,0
uct-test-a22,0,0.6314283573603878,0.16067952574765532,formal_curve_data_geometry,511,511,0,0
uct-test-a22,0,0.6342966191708128,0.16305239619697243,formal_curve_data_geometry,511,511,0,0
uct-test-a22,0,0.6371648809812378,0.16542526664628954,formal_curve_data_geometry,511,511,0,0
uct-test-a22,0,0.6400331427916628,0.16305239619697243,formal_curve_data_geometry,511,511,0,0
uct-test-a22,0,0.6429014046020878,0.16779813709560665,formal_curve_data_geometry,511,511,0,0
uct-test-a22,0,0.6457696664125128,0.1559337848490212,formal_curve_data_geometry,511,511,0,0
uct-test-a22,0,0.6486379282229378,0.16779813709560665,formal_curve_data_geometry,511,511,0,0
uct-test-a22,0,0.6515061900333627,0.17017100754492376,formal_curve_data_geometry,511,511,0,0
uct-test-a22,0,0.6543744518437877,0.17254387799424087,formal_curve_data_geometry,511,511,0,0
uct-test-a22,0,0.6572427136542127,0.17491674844355787,formal_curve_data_geometry,511,511,0,0
uct-test-a22,0,0.6601109754646377,0.17728961889287498,formal_curve_data_geometry,511,511,0,0
uct-test-a22,0,0.6629792372750627,0.1796624893421921,formal_curve_data_geometry,511,511,0,0
uct-test-a22,0,0.6658474990854879,0.1796624893421921,formal_curve_data_geometry,511,511,0,0
uct-test-a22,0,0.6687157608959129,0.1820353597915092,formal_curve_data_geometry,511,511,0,0
uct-test-a22,0,0.6715840227063379,0.18678110069014342,formal_curve_data_geometry,511,511,0,0
uct-test-a22,0,0.6744522845167629,0.17254387799424087,formal_curve_data_geometry,511,511,0,0
uct-test-a22,0,0.6773205463271879,0.17728961889287498,formal_curve_data_geometry,511,511,0,0
uct-test-a22,0,0.6801888081376128,0.1820353597915092,formal_curve_data_geometry,511,511,0,0
uct-test-a22,0,0.6830570699480378,0.20101832338604597,formal_curve_data_geometry,511,511,0,0
uct-test-a22,0,0.6859253317584628,0.20339119383536308,formal_curve_data_geometry,511,511,0,0
uct-test-a22,0,0.6887935935688878,0.2057640642846802,formal_curve_data_geometry,511,511,0,0
uct-test-a22,0,0.6916618553793128,0.19627258248741175,formal_curve_data_geometry,511,511,0,0
uct-test-a22,0,0.6945301171897378,0.2105098051833143,formal_curve_data_geometry,511,511,0,0
uct-test-a22,0,0.6973983790001628,0.21525554608194852,formal_curve_data_geometry,511,511,0,0
uct-test-a22,0,0.7002666408105878,0.22000128698058274,formal_curve_data_geometry,511,511,0,0
uct-test-a22,0,0.7031349026210127,0.2057640642846802,formal_curve_data_geometry,511,511,0,0
uct-test-a22,0,0.7060031644314377,0.20339119383536308,formal_curve_data_geometry,511,511,0,0
uct-test-a22,0,0.7088714262418627,0.21525554608194852,formal_curve_data_geometry,511,511,0,0
uct-test-a22,0,0.7117396880522877,0.24135712102443663,formal_curve_data_geometry,511,511,0,0
uct-test-a22,0,0.7146079498627127,0.25084860282170496,formal_curve_data_geometry,511,511,0,0
uct-test-a22,0,0.7174762116731377,0.2555943437203392,formal_curve_data_geometry,511,511,0,0
uct-test-a22,0,0.7203444734835627,0.27457730731487595,formal_curve_data_geometry,511,511,0,0
uct-test-a22,0,0.7232127352939877,0.27457730731487595,formal_curve_data_geometry,511,511,0,0
uct-test-a22,0,0.7260809971044127,0.29830601180804694,formal_curve_data_geometry,511,511,0,0
uct-test-a22,0,0.7289492589148376,0.3172889754025837,formal_curve_data_geometry,511,511,0,0
uct-test-a22,0,0.7318175207252626,0.3220347163012178,formal_curve_data_geometry,511,511,0,0
uct-test-a22,0,0.7346857825356876,0.34813629124370593,formal_curve_data_geometry,511,511,0,0
uct-test-a22,0,0.7375540443461126,0.3623735139396085,formal_curve_data_geometry,511,511,0,0
uct-test-a22,0,0.7404223061565376,0.37898360708482814,formal_curve_data_geometry,511,511,0,0
uct-test-a22,0,0.7432905679669626,0.400339441128682,formal_curve_data_geometry,511,511,0,0
uct-test-a22,0,0.7461588297773878,0.4193224047232188,formal_curve_data_geometry,511,511,0,0
uct-test-a22,0,0.7490270915878128,0.4430511092163897,formal_curve_data_geometry,511,511,0,0
uct-test-a22,0,0.7518953533982378,0.46203407281092645,formal_curve_data_geometry,511,511,0,0
uct-test-a22,0,0.7605001388295127,0.5,formal_curve_data_geometry,511,511,0,0
uct-test-a22,0,0.7662366624503627,0.5403387976383907,formal_curve_data_geometry,511,511,0,0
uct-test-a22,0,0.7691049242607877,0.5569488907836103,formal_curve_data_geometry,511,511,0,0
uct-test-a22,0,0.7719731860712127,0.5711861134795129,formal_curve_data_geometry,511,511,0,0
uct-test-a22,0,0.7748414478816377,0.5877962066247326,formal_curve_data_geometry,511,511,0,0
uct-test-a22,0,0.7777097096920627,0.599660558871318,formal_curve_data_geometry,511,511,0,0
uct-test-a22,0,0.7805779715024876,0.6162706520165377,formal_curve_data_geometry,511,511,0,0
uct-test-a22,0,0.7834462333129126,0.6305078747124403,formal_curve_data_geometry,511,511,0,0
uct-test-a22,0,0.7863144951233376,0.6376264860603915,formal_curve_data_geometry,511,511,0,0
uct-test-a22,0,0.7891827569337626,0.6494908383069771,formal_curve_data_geometry,511,511,0,0
uct-test-a22,0,0.7920510187441876,0.6661009314521967,formal_curve_data_geometry,511,511,0,0
uct-test-a22,0,0.7949192805546126,0.6684738019015138,formal_curve_data_geometry,511,511,0,0
uct-test-a22,0,0.7977875423650376,0.673219542800148,formal_curve_data_geometry,511,511,0,0
uct-test-a22,0,0.8035240659858875,0.6589823201042455,formal_curve_data_geometry,511,511,0,0
uct-test-a22,0,0.8063923277963125,0.6637280610028796,formal_curve_data_geometry,511,511,0,0
uct-test-a22,0,0.8092605896067375,0.6684738019015138,formal_curve_data_geometry,511,511,0,0
uct-test-a22,0,0.8121288514171625,0.6898296359453677,formal_curve_data_geometry,511,511,0,0
uct-test-a22,0,0.8149971132275875,0.6874567654960506,formal_curve_data_geometry,511,511,0,0
uct-test-a22,0,0.8178653750380125,0.6755924132494651,formal_curve_data_geometry,511,511,0,0
uct-test-a22,0,0.8207336368484375,0.6803381541480993,formal_curve_data_geometry,511,511,0,0
uct-test-a22,0,0.8236018986588625,0.6827110245974164,formal_curve_data_geometry,511,511,0,0
uct-test-a22,0,0.8264701604692875,0.6922025063946848,formal_curve_data_geometry,511,511,0,0
uct-test-a22,0,0.8293384222797127,0.6755924132494651,formal_curve_data_geometry,511,511,0,0
uct-test-a22,0,0.8322066840901376,0.673219542800148,formal_curve_data_geometry,511,511,0,0
uct-test-a22,0,0.8350749459005626,0.673219542800148,formal_curve_data_geometry,511,511,0,0
uct-test-a22,0,0.8379432077109876,0.6661009314521967,formal_curve_data_geometry,511,511,0,0
uct-test-a22,0,0.8408114695214126,0.6637280610028796,formal_curve_data_geometry,511,511,0,0
uct-test-a22,0,0.8436797313318376,0.6566094496549284,formal_curve_data_geometry,511,511,0,0
uct-test-a22,0,0.8465479931422626,0.6494908383069771,formal_curve_data_geometry,511,511,0,0
uct-test-a22,0,0.8494162549526876,0.6423722269590257,formal_curve_data_geometry,511,511,0,0
uct-test-a22,0,0.8522845167631126,0.6376264860603915,formal_curve_data_geometry,511,511,0,0
uct-test-a22,0,0.8551527785735376,0.6281350042631232,formal_curve_data_geometry,511,511,0,0
uct-test-a22,0,0.8580210403839625,0.6138977815672206,formal_curve_data_geometry,511,511,0,0
uct-test-a22,0,0.8608893021943875,0.597287688422001,formal_curve_data_geometry,511,511,0,0
uct-test-a22,0,0.8637575640048125,0.5854233361754155,formal_curve_data_geometry,511,511,0,0
uct-test-a22,0,0.8666258258152375,0.5640675021315615,formal_curve_data_geometry,511,511,0,0
uct-test-a22,0,0.8694940876256625,0.547457408986342,formal_curve_data_geometry,511,511,0,0
uct-test-a22,0,0.8723623494360875,0.5332201862904393,formal_curve_data_geometry,511,511,0,0
uct-test-a22,0,0.8752306112465125,0.5166100931452197,formal_curve_data_geometry,511,511,0,0
uct-test-a22,0,0.8780988730569375,0.5094914817972684,formal_curve_data_geometry,511,511,0,0
uct-test-a22,0,0.8809671348673624,0.4928813886520488,formal_curve_data_geometry,511,511,0,0
uct-test-a22,0,0.8838353966777874,0.4810170364054632,formal_curve_data_geometry,511,511,0,0
uct-test-a22,0,0.8924401821090624,0.4216952751725359,formal_curve_data_geometry,511,511,0,0
uct-test-a22,0,0.8953084439194874,0.40508518202731625,formal_curve_data_geometry,511,511,0,0
uct-test-a22,0,0.8981767057299124,0.3861022184327795,formal_curve_data_geometry,511,511,0,0
uct-test-a22,0,0.9096497529716125,0.3694921252875598,formal_curve_data_geometry,511,511,0,0
uct-test-a22,0,0.9125180147820375,0.35050916169302304,formal_curve_data_geometry,511,511,0,0
uct-test-a22,0,0.9153862765924625,0.3362719389971204,formal_curve_data_geometry,511,511,0,0
uct-test-a22,0,0.9182545384028875,0.3077974936053153,formal_curve_data_geometry,511,511,0,0
uct-test-a22,0,0.9211228002133125,0.29830601180804694,formal_curve_data_geometry,511,511,0,0
uct-test-a22,0,0.9239910620237375,0.26983156641624173,formal_curve_data_geometry,511,511,0,0
uct-test-a22,0,0.9268593238341625,0.2603400846189734,formal_curve_data_geometry,511,511,0,0
uct-test-a22,0,0.9297275856445875,0.25322147327102207,formal_curve_data_geometry,511,511,0,0
uct-test-a22,0,0.9325958474550124,0.24610286192307074,formal_curve_data_geometry,511,511,0,0
uct-test-a22,0,0.9354641092654374,0.24135712102443663,formal_curve_data_geometry,511,511,0,0
uct-test-a22,0,0.9412006328862874,0.22474702787921697,formal_curve_data_geometry,511,511,0,0
uct-test-a22,0,0.9440688946967124,0.22474702787921697,formal_curve_data_geometry,511,511,0,0
uct-test-a22,0,0.9469371565071374,0.21762841653126563,formal_curve_data_geometry,511,511,0,0
uct-test-a22,0,0.9498054183175624,0.2105098051833143,formal_curve_data_geometry,511,511,0,0
uct-test-a22,0,0.9526736801279874,0.2057640642846802,formal_curve_data_geometry,511,511,0,0
uct-test-a22,0,0.9555419419384124,0.19864545293672886,formal_curve_data_geometry,511,511,0,0
uct-test-a22,0,0.9584102037488373,0.19627258248741175,formal_curve_data_geometry,511,511,0,0
uct-test-a22,0,0.9612784655592623,0.19389971203809464,formal_curve_data_geometry,511,511,0,0
uct-test-a22,0,0.9641467273696873,0.19152684158877764,formal_curve_data_geometry,511,511,0,0
uct-test-a22,0,0.9670149891801123,0.18915397113946053,formal_curve_data_geometry,511,511,0,0
uct-test-a22,0,0.9698832509905373,0.1820353597915092,formal_curve_data_geometry,511,511,0,0
uct-test-a22,0,0.9727515128009623,0.17728961889287498,formal_curve_data_geometry,511,511,0,0
uct-test-a22,0,0.9756197746113873,0.19389971203809464,formal_curve_data_geometry,511,511,0,0
uct-test-a22,0,0.9784880364218123,0.18915397113946053,formal_curve_data_geometry,511,511,0,0
uct-test-a22,0,0.9813562982322372,0.1844082302408263,formal_curve_data_geometry,511,511,0,0
uct-test-a22,0,0.9842245600426622,0.17728961889287498,formal_curve_data_geometry,511,511,0,0
uct-test-a22,0,0.9870928218530872,0.17254387799424087,formal_curve_data_geometry,511,511,0,0
uct-test-a22,0,0.9899610836635122,0.17017100754492376,formal_curve_data_geometry,511,511,0,0
uct-test-a22,0,0.9928293454739374,0.16779813709560665,formal_curve_data_geometry,511,511,0,0
uct-test-a22,0,0.9956976072843624,0.1583066552983382,formal_curve_data_geometry,511,511,0,0
uct-test-a22,0,1.0014341309052124,0.17017100754492376,formal_curve_data_geometry,511,511,0,0
uct-test-a22,0,1.0043023927156374,0.17017100754492376,formal_curve_data_geometry,511,511,0,0
uct-test-a22,0,1.0071706545260624,0.16779813709560665,formal_curve_data_geometry,511,511,0,0
uct-test-a22,0,1.0100389163364873,0.16542526664628954,formal_curve_data_geometry,511,511,0,0
uct-test-a22,0,1.0129071781469123,0.14644230305175276,formal_curve_data_geometry,511,511,0,0
uct-test-a22,0,1.0157754399573373,0.14881517350106988,formal_curve_data_geometry,511,511,0,0
uct-test-a22,0,1.0186437017677623,0.16542526664628954,formal_curve_data_geometry,511,511,0,0
uct-test-a22,0,1.0215119635781873,0.14169656215311854,formal_curve_data_geometry,511,511,0,0
uct-test-a22,0,1.0243802253886123,0.14169656215311854,formal_curve_data_geometry,511,511,0,0
uct-test-a22,0,1.0272484871990373,0.15118804395038699,formal_curve_data_geometry,511,511,0,0
uct-test-a22,0,1.0301167490094623,0.15118804395038699,formal_curve_data_geometry,511,511,0,0
uct-test-a22,0,1.0329850108198873,0.14169656215311854,formal_curve_data_geometry,511,511,0,0
uct-test-a22,0,1.0358532726303122,0.13932369170380143,formal_curve_data_geometry,511,511,0,0
uct-test-a22,0,1.0387215344407372,0.14169656215311854,formal_curve_data_geometry,511,511,0,0
uct-test-a22,0,1.0415897962511622,0.14644230305175276,formal_curve_data_geometry,511,511,0,0
uct-test-a22,0,1.0444580580615872,0.14169656215311854,formal_curve_data_geometry,511,511,0,0
uct-test-a22,0,1.0473263198720122,0.14169656215311854,formal_curve_data_geometry,511,511,0,0
uct-test-a22,0,1.0501945816824372,0.13457795080516732,formal_curve_data_geometry,511,511,0,0
uct-test-a22,0,1.0530628434928622,0.13457795080516732,formal_curve_data_geometry,511,511,0,0
uct-test-a22,0,1.0559311053032872,0.1322050803558502,formal_curve_data_geometry,511,511,0,0
uct-test-a22,0,1.0587993671137121,0.1322050803558502,formal_curve_data_geometry,511,511,0,0
uct-test-a22,0,1.0616676289241371,0.14169656215311854,formal_curve_data_geometry,511,511,0,0
uct-test-a22,0,1.0645358907345621,0.13932369170380143,formal_curve_data_geometry,511,511,0,0
uct-test-a22,0,1.067404152544987,0.12508646900789888,formal_curve_data_geometry,511,511,0,0
uct-test-a22,0,1.0731406761658373,0.127459339457216,formal_curve_data_geometry,511,511,0,0
uct-test-a22,0,1.0760089379762623,0.12271359855858177,formal_curve_data_geometry,511,511,0,0
uct-test-a22,0,1.0788771997866873,0.12508646900789888,formal_curve_data_geometry,511,511,0,0
uct-test-a22,0,1.0817454615971123,0.12034072810926477,formal_curve_data_geometry,511,511,0,0
uct-test-a22,0,1.0846137234075373,0.12034072810926477,formal_curve_data_geometry,511,511,0,0
uct-test-a22,0,1.0874819852179622,0.12034072810926477,formal_curve_data_geometry,511,511,0,0
uct-test-a22,0,1.0903502470283872,0.12508646900789888,formal_curve_data_geometry,511,511,0,0
uct-test-a22,0,1.0932185088388122,0.12271359855858177,formal_curve_data_geometry,511,511,0,0
uct-test-a22,0,1.0960867706492372,0.12508646900789888,formal_curve_data_geometry,511,511,0,0
uct-test-a22,0,1.0989550324596622,0.1298322099065331,formal_curve_data_geometry,511,511,0,0
uct-test-a22,0,1.1046915560805122,0.12508646900789888,formal_curve_data_geometry,511,511,0,0
uct-test-a22,0,1.1075598178909372,0.12271359855858177,formal_curve_data_geometry,511,511,0,0
uct-test-a22,0,1.1104280797013621,0.12508646900789888,formal_curve_data_geometry,511,511,0,0
uct-test-a22,0,1.1132963415117871,0.12034072810926477,formal_curve_data_geometry,511,511,0,0
uct-test-a22,0,1.1161646033222121,0.12034072810926477,formal_curve_data_geometry,511,511,0,0
uct-test-a22,0,1.1190328651326371,0.11796785765994766,formal_curve_data_geometry,511,511,0,0
uct-test-a22,0,1.121901126943062,0.11796785765994766,formal_curve_data_geometry,511,511,0,0
uct-test-a22,0,1.127637650563912,0.12034072810926477,formal_curve_data_geometry,511,511,0,0
uct-test-a22,0,1.133374174184762,0.12271359855858177,formal_curve_data_geometry,511,511,0,0
uct-test-a22,0,1.141978959616037,0.12034072810926477,formal_curve_data_geometry,511,511,0,0
uct-test-a22,0,1.144847221426462,0.11559498721063055,formal_curve_data_geometry,511,511,0,0
uct-test-a22,0,1.147715483236887,0.11322211676131344,formal_curve_data_geometry,511,511,0,0
uct-test-a22,0,1.150583745047312,0.10847637586267922,formal_curve_data_geometry,511,511,0,0
uct-test-a22,0,1.153452006857737,0.10610350541336211,formal_curve_data_geometry,511,511,0,0
uct-test-a22,0,1.1563202686681622,0.103730634964045,formal_curve_data_geometry,511,511,0,0
uct-test-a22,0,1.1591885304785872,0.103730634964045,formal_curve_data_geometry,511,511,0,0
uct-test-a22,0,1.1649250540994371,0.11559498721063055,formal_curve_data_geometry,511,511,0,0
uct-test-a22,0,1.1677933159098621,0.10610350541336211,formal_curve_data_geometry,511,511,0,0
uct-test-a22,0,1.1706615777202871,0.103730634964045,formal_curve_data_geometry,511,511,0,0
uct-test-a22,0,1.173529839530712,0.103730634964045,formal_curve_data_geometry,511,511,0,0
uct-test-a22,0,1.176398101341137,0.10610350541336211,formal_curve_data_geometry,511,511,0,0
uct-test-a22,0,1.179266363151562,0.103730634964045,formal_curve_data_geometry,511,511,0,0
uct-test-a22,0,1.182134624961987,0.09898489406541089,formal_curve_data_geometry,511,511,0,0
uct-test-a22,0,1.185002886772412,0.09661202361609378,formal_curve_data_geometry,511,511,0,0
uct-test-a22,0,1.190739410393262,0.09186628271745956,formal_curve_data_geometry,511,511,0,0
uct-test-a22,0,1.193607672203687,0.08949341226814245,formal_curve_data_geometry,511,511,0,0
uct-test-a22,0,1.196475934014112,0.08949341226814245,formal_curve_data_geometry,511,511,0,0
uct-test-a22,0,1.199344195824537,0.09423915316677667,formal_curve_data_geometry,511,511,0,0
uct-test-a22,0,1.202212457634962,0.09186628271745956,formal_curve_data_geometry,511,511,0,0
uct-test-a22,0,1.205080719445387,0.09423915316677667,formal_curve_data_geometry,511,511,0,0
uct-test-a22,0,1.207948981255812,0.09423915316677667,formal_curve_data_geometry,511,511,0,0
uct-test-a22,0,1.210817243066237,0.09423915316677667,formal_curve_data_geometry,511,511,0,0
uct-test-a22,0,1.213685504876662,0.09661202361609378,formal_curve_data_geometry,511,511,0,0
uct-test-a22,0,1.216553766687087,0.09661202361609378,formal_curve_data_geometry,511,511,0,0
uct-test-a22,0,1.219422028497512,0.09661202361609378,formal_curve_data_geometry,511,511,0,0
uct-test-a22,0,1.222290290307937,0.09661202361609378,formal_curve_data_geometry,511,511,0,0
uct-test-a22,0,1.2251585521183619,0.09661202361609378,formal_curve_data_geometry,511,511,0,0
uct-test-a22,0,1.2280268139287869,0.09661202361609378,formal_curve_data_geometry,511,511,0,0
uct-test-a22,0,1.2308950757392119,0.09661202361609378,formal_curve_data_geometry,511,511,0,0
uct-test-a22,0,1.2337633375496369,0.09898489406541089,formal_curve_data_geometry,511,511,0,0
uct-test-a22,0,1.236631599360062,0.09898489406541089,formal_curve_data_geometry,511,511,0,0
uct-test-a22,0,1.239499861170487,0.09898489406541089,formal_curve_data_geometry,511,511,0,0
uct-test-a22,0,1.242368122980912,0.09661202361609378,formal_curve_data_geometry,511,511,0,0
uct-test-a22,0,1.245236384791337,0.09661202361609378,formal_curve_data_geometry,511,511,0,0
uct-test-a22,0,1.248104646601762,0.09661202361609378,formal_curve_data_geometry,511,511,0,0
uct-test-a22,0,1.250972908412187,0.09661202361609378,formal_curve_data_geometry,511,511,0,0
uct-test-a22,0,1.253841170222612,0.09661202361609378,formal_curve_data_geometry,511,511,0,0
uct-test-a22,0,1.256709432033037,0.09661202361609378,formal_curve_data_geometry,511,511,0,0
uct-test-a22,0,1.259577693843462,0.09423915316677667,formal_curve_data_geometry,511,511,0,0
uct-test-a22,0,1.262445955653887,0.09186628271745956,formal_curve_data_geometry,511,511,0,0
uct-test-a22,0,1.265314217464312,0.08712054181882534,formal_curve_data_geometry,511,511,0,0
uct-test-a22,0,1.268182479274737,0.08712054181882534,formal_curve_data_geometry,511,511,0,0
uct-test-a22,0,1.271050741085162,0.08712054181882534,formal_curve_data_geometry,511,511,0,0
uct-test-a22,0,1.273919002895587,0.08237480092019123,formal_curve_data_geometry,511,511,0,0
uct-test-a22,0,1.276787264706012,0.09423915316677667,formal_curve_data_geometry,511,511,0,0
uct-test-a22,0,1.2796555265164369,0.08949341226814245,formal_curve_data_geometry,511,511,0,0
uct-test-a22,0,1.2825237883268619,0.08949341226814245,formal_curve_data_geometry,511,511,0,0
uct-test-a22,0,1.2853920501372869,0.08949341226814245,formal_curve_data_geometry,511,511,0,0
uct-test-a22,0,1.2882603119477118,0.08949341226814245,formal_curve_data_geometry,511,511,0,0
uct-test-a22,0,1.2911285737581368,0.08712054181882534,formal_curve_data_geometry,511,511,0,0
uct-test-a22,0,1.2939968355685618,0.08949341226814245,formal_curve_data_geometry,511,511,0,0
uct-test-a22,0,1.2968650973789868,0.09423915316677667,formal_curve_data_geometry,511,511,0,0
uct-test-a22,0,1.2997333591894118,0.09661202361609378,formal_curve_data_geometry,511,511,0,0
uct-test-a22,0,1.3026016209998368,0.09661202361609378,formal_curve_data_geometry,511,511,0,0
uct-test-a22,0,1.3054698828102618,0.09661202361609378,formal_curve_data_geometry,511,511,0,0
uct-test-a22,0,1.3083381446206868,0.09661202361609378,formal_curve_data_geometry,511,511,0,0
uct-test-a22,0,1.3112064064311117,0.09898489406541089,formal_curve_data_geometry,511,511,0,0
uct-test-a22,0,1.3140746682415367,0.101357764514728,formal_curve_data_geometry,511,511,0,0
uct-test-a22,0,1.3169429300519617,0.09661202361609378,formal_curve_data_geometry,511,511,0,0
uct-test-a22,0,1.319811191862387,0.09898489406541089,formal_curve_data_geometry,511,511,0,0
uct-test-a22,0,1.322679453672812,0.09898489406541089,formal_curve_data_geometry,511,511,0,0
uct-test-a22,0,1.325547715483237,0.09898489406541089,formal_curve_data_geometry,511,511,0,0
uct-test-a22,0,1.328415977293662,0.09898489406541089,formal_curve_data_geometry,511,511,0,0
uct-test-a22,0,1.3312842391040869,0.09661202361609378,formal_curve_data_geometry,511,511,0,0
uct-test-a22,0,1.3341525009145119,0.09661202361609378,formal_curve_data_geometry,511,511,0,0
uct-test-a22,0,1.3370207627249369,0.09661202361609378,formal_curve_data_geometry,511,511,0,0
uct-test-a22,0,1.3398890245353618,0.09661202361609378,formal_curve_data_geometry,511,511,0,0
uct-test-a22,0,1.3427572863457868,0.09661202361609378,formal_curve_data_geometry,511,511,0,0
uct-test-a22,0,1.3456255481562118,0.09661202361609378,formal_curve_data_geometry,511,511,0,0
uct-test-a22,0,1.3484938099666368,0.09423915316677667,formal_curve_data_geometry,511,511,0,0
uct-test-a22,0,1.3513620717770618,0.08949341226814245,formal_curve_data_geometry,511,511,0,0
uct-test-a22,0,1.3542303335874868,0.08949341226814245,formal_curve_data_geometry,511,511,0,0
uct-test-a22,0,1.3570985953979118,0.08949341226814245,formal_curve_data_geometry,511,511,0,0
uct-test-a22,0,1.3599668572083368,0.08949341226814245,formal_curve_data_geometry,511,511,0,0
uct-test-a22,0,1.3628351190187618,0.08949341226814245,formal_curve_data_geometry,511,511,0,0
uct-test-a22,0,1.3657033808291867,0.08712054181882534,formal_curve_data_geometry,511,511,0,0
uct-test-a22,0,1.3685716426396117,0.08949341226814245,formal_curve_data_geometry,511,511,0,0
uct-test-a22,0,1.3714399044500367,0.08949341226814245,formal_curve_data_geometry,511,511,0,0
uct-test-a22,0,1.3743081662604617,0.09186628271745956,formal_curve_data_geometry,511,511,0,0
uct-test-a22,0,1.3771764280708867,0.09423915316677667,formal_curve_data_geometry,511,511,0,0
uct-test-a22,0,1.3800446898813117,0.09661202361609378,formal_curve_data_geometry,511,511,0,0
uct-test-a22,0,1.3829129516917367,0.09898489406541089,formal_curve_data_geometry,511,511,0,0
uct-test-a22,0,1.3857812135021617,0.09898489406541089,formal_curve_data_geometry,511,511,0,0
uct-test-a22,0,1.3886494753125866,0.09898489406541089,formal_curve_data_geometry,511,511,0,0
uct-test-a22,0,1.3915177371230116,0.10847637586267922,formal_curve_data_geometry,511,511,0,0
uct-test-a22,0,1.3943859989334366,0.101357764514728,formal_curve_data_geometry,511,511,0,0
uct-test-a22,0,1.3972542607438616,0.103730634964045,formal_curve_data_geometry,511,511,0,0
uct-test-a22,0,1.4001225225542868,0.103730634964045,formal_curve_data_geometry,511,511,0,0
uct-test-a22,0,1.4029907843647118,0.103730634964045,formal_curve_data_geometry,511,511,0,0
uct-test-a22,0,1.4058590461751368,0.103730634964045,formal_curve_data_geometry,511,511,0,0
uct-test-a22,0,1.4087273079855618,0.103730634964045,formal_curve_data_geometry,511,511,0,0
uct-test-a22,0,1.4144638316064118,0.10610350541336211,formal_curve_data_geometry,511,511,0,0
uct-test-a22,0,1.4173320934168367,0.10610350541336211,formal_curve_data_geometry,511,511,0,0
uct-test-a22,0,1.4202003552272617,0.11322211676131344,formal_curve_data_geometry,511,511,0,0
uct-test-a22,0,1.4230686170376867,0.10847637586267922,formal_curve_data_geometry,511,511,0,0
uct-test-a22,0,1.4259368788481117,0.10847637586267922,formal_curve_data_geometry,511,511,0,0
uct-test-a22,0,1.4288051406585367,0.10847637586267922,formal_curve_data_geometry,511,511,0,0
uct-test-a22,0,1.4316734024689617,0.10847637586267922,formal_curve_data_geometry,511,511,0,0
uct-test-a22,0,1.4345416642793867,0.10610350541336211,formal_curve_data_geometry,511,511,0,0
uct-test-a22,0,1.4374099260898117,0.10610350541336211,formal_curve_data_geometry,511,511,0,0
uct-test-a22,0,1.4402781879002367,0.10610350541336211,formal_curve_data_geometry,511,511,0,0
uct-test-a22,0,1.4431464497106616,0.10610350541336211,formal_curve_data_geometry,511,511,0,0
uct-test-a22,0,1.4460147115210866,0.10610350541336211,formal_curve_data_geometry,511,511,0,0
uct-test-a22,0,1.4488829733315116,0.11796785765994766,formal_curve_data_geometry,511,511,0,0
uct-test-a22,0,1.4517512351419366,0.10847637586267922,formal_curve_data_geometry,511,511,0,0
uct-test-a22,0,1.4546194969523616,0.10847637586267922,formal_curve_data_geometry,511,511,0,0
uct-test-a22,0,1.4574877587627866,0.10610350541336211,formal_curve_data_geometry,511,511,0,0
uct-test-a22,0,1.4603560205732116,0.11559498721063055,formal_curve_data_geometry,511,511,0,0
uct-test-a22,0,1.4632242823836366,0.12271359855858177,formal_curve_data_geometry,511,511,0,0
uct-test-a22,0,1.4660925441940615,0.1298322099065331,formal_curve_data_geometry,511,511,0,0
uct-test-a22,0,1.4689608060044865,0.1322050803558502,formal_curve_data_geometry,511,511,0,0
uct-test-a22,0,1.4718290678149115,0.13457795080516732,formal_curve_data_geometry,511,511,0,0
uct-test-a22,0,1.4746973296253365,0.13695082125448443,formal_curve_data_geometry,511,511,0,0
uct-test-a22,0,1.4775655914357615,0.14169656215311854,formal_curve_data_geometry,511,511,0,0
uct-test-a22,0,1.4804338532461865,0.14169656215311854,formal_curve_data_geometry,511,511,0,0
uct-test-a22,0,1.4833021150566117,0.14644230305175276,formal_curve_data_geometry,511,511,0,0
uct-test-a22,0,1.4861703768670367,0.14881517350106988,formal_curve_data_geometry,511,511,0,0
uct-test-a22,0,1.4890386386774617,0.15118804395038699,formal_curve_data_geometry,511,511,0,0
uct-test-a22,0,1.4919069004878867,0.1535609143997041,formal_curve_data_geometry,511,511,0,0
uct-test-a22,0,1.4947751622983116,0.16542526664628954,formal_curve_data_geometry,511,511,0,0
uct-test-a22,0,1.4976434241087366,0.16779813709560665,formal_curve_data_geometry,511,511,0,0
uct-test-a22,0,1.5033799477295866,0.1583066552983382,formal_curve_data_geometry,511,511,0,0
uct-test-a22,0,1.5062482095400116,0.16067952574765532,formal_curve_data_geometry,511,511,0,0
uct-test-a22,0,1.5091164713504366,0.16305239619697243,formal_curve_data_geometry,511,511,0,0
uct-test-a22,0,1.5119847331608616,0.16305239619697243,formal_curve_data_geometry,511,511,0,0
uct-test-a22,0,1.5148529949712866,0.16779813709560665,formal_curve_data_geometry,511,511,0,0
uct-test-a22,0,1.5177212567817115,0.16779813709560665,formal_curve_data_geometry,511,511,0,0
uct-test-a22,0,1.5205895185921365,0.17017100754492376,formal_curve_data_geometry,511,511,0,0
uct-test-a22,0,1.5234577804025615,0.17254387799424087,formal_curve_data_geometry,511,511,0,0
uct-test-a22,0,1.5263260422129865,0.17017100754492376,formal_curve_data_geometry,511,511,0,0
uct-test-a22,0,1.5291943040234115,0.17017100754492376,formal_curve_data_geometry,511,511,0,0
uct-test-a22,0,1.5320625658338365,0.1820353597915092,formal_curve_data_geometry,511,511,0,0
uct-test-a22,0,1.5349308276442615,0.1820353597915092,formal_curve_data_geometry,511,511,0,0
uct-test-a22,0,1.5377990894546865,0.1844082302408263,formal_curve_data_geometry,511,511,0,0
uct-test-a22,0,1.5406673512651115,0.1844082302408263,formal_curve_data_geometry,511,511,0,0
uct-test-a22,0,1.5435356130755364,0.1820353597915092,formal_curve_data_geometry,511,511,0,0
uct-test-a22,0,1.5464038748859614,0.1820353597915092,formal_curve_data_geometry,511,511,0,0
uct-test-a22,0,1.5492721366963864,0.17728961889287498,formal_curve_data_geometry,511,511,0,0
uct-test-a22,0,1.5521403985068114,0.19864545293672886,formal_curve_data_geometry,511,511,0,0
uct-test-a22,0,1.5550086603172364,0.18678110069014342,formal_curve_data_geometry,511,511,0,0
uct-test-a22,0,1.5578769221276614,0.18678110069014342,formal_curve_data_geometry,511,511,0,0
uct-test-a22,0,1.5607451839380864,0.1844082302408263,formal_curve_data_geometry,511,511,0,0
uct-test-a22,0,1.5636134457485116,0.19627258248741175,formal_curve_data_geometry,511,511,0,0
uct-test-a22,0,1.5664817075589366,0.1820353597915092,formal_curve_data_geometry,511,511,0,0
uct-test-a22,0,1.5693499693693616,0.19627258248741175,formal_curve_data_geometry,511,511,0,0
uct-test-a22,0,1.5722182311797865,0.20101832338604597,formal_curve_data_geometry,511,511,0,0
uct-test-a22,0,1.5750864929902115,0.19864545293672886,formal_curve_data_geometry,511,511,0,0
uct-test-a22,0,1.5779547548006365,0.19864545293672886,formal_curve_data_geometry,511,511,0,0
uct-test-a22,0,1.5808230166110615,0.19864545293672886,formal_curve_data_geometry,511,511,0,0
uct-test-a22,0,1.5836912784214865,0.19864545293672886,formal_curve_data_geometry,511,511,0,0
uct-test-a22,0,1.5865595402319115,0.20101832338604597,formal_curve_data_geometry,511,511,0,0
uct-test-a22,0,1.5894278020423365,0.20101832338604597,formal_curve_data_geometry,511,511,0,0
uct-test-a22,0,1.5922960638527615,0.20101832338604597,formal_curve_data_geometry,511,511,0,0
uct-test-a22,0,1.5951643256631864,0.19864545293672886,formal_curve_data_geometry,511,511,0,0
uct-test-a22,0,1.5980325874736114,0.19627258248741175,formal_curve_data_geometry,511,511,0,0
uct-test-a22,0,1.6009008492840364,0.19389971203809464,formal_curve_data_geometry,511,511,0,0
uct-test-a22,0,1.6037691110944614,0.19389971203809464,formal_curve_data_geometry,511,511,0,0
uct-test-a22,0,1.6066373729048864,0.19389971203809464,formal_curve_data_geometry,511,511,0,0
uct-test-a22,0,1.6095056347153114,0.19152684158877764,formal_curve_data_geometry,511,511,0,0
uct-test-a22,0,1.6123738965257364,0.19152684158877764,formal_curve_data_geometry,511,511,0,0
uct-test-a22,0,1.6152421583361614,0.19389971203809464,formal_curve_data_geometry,511,511,0,0
uct-test-a22,0,1.6181104201465863,0.19864545293672886,formal_curve_data_geometry,511,511,0,0
uct-test-a22,0,1.6209786819570113,0.19864545293672886,formal_curve_data_geometry,511,511,0,0
uct-test-a33,0,0.07498556613793866,0.06339183732565445,formal_curve_data_geometry,365,365,0,0
uct-test-a33,0,0.07785382794836365,0.06339183732565445,formal_curve_data_geometry,365,365,0,0
uct-test-a33,0,0.08072208975878864,0.06339183732565445,formal_curve_data_geometry,365,365,0,0
uct-test-a33,0,0.08359035156921368,0.06576470777497156,formal_curve_data_geometry,365,365,0,0
uct-test-a33,0,0.08645861337963867,0.06576470777497156,formal_curve_data_geometry,365,365,0,0
uct-test-a33,0,0.08932687519006366,0.06813757822428856,formal_curve_data_geometry,365,365,0,0
uct-test-a33,0,0.09219513700048865,0.06813757822428856,formal_curve_data_geometry,365,365,0,0
uct-test-a33,0,0.09506339881091364,0.06813757822428856,formal_curve_data_geometry,365,365,0,0
uct-test-a33,0,0.09793166062133862,0.06813757822428856,formal_curve_data_geometry,365,365,0,0
uct-test-a33,0,0.10079992243176361,0.06813757822428856,formal_curve_data_geometry,365,365,0,0
uct-test-a33,0,0.1036681842421886,0.07051044867360567,formal_curve_data_geometry,365,365,0,0
uct-test-a33,0,0.10653644605261364,0.07051044867360567,formal_curve_data_geometry,365,365,0,0
uct-test-a33,0,0.10940470786303863,0.07051044867360567,formal_curve_data_geometry,365,365,0,0
uct-test-a33,0,0.11227296967346362,0.07051044867360567,formal_curve_data_geometry,365,365,0,0
uct-test-a33,0,0.1151412314838886,0.07051044867360567,formal_curve_data_geometry,365,365,0,0
uct-test-a33,0,0.13521906415686358,0.07051044867360567,formal_curve_data_geometry,365,365,0,0
uct-test-a33,0,0.13808732596728857,0.07051044867360567,formal_curve_data_geometry,365,365,0,0
uct-test-a33,0,0.14095558777771355,0.07051044867360567,formal_curve_data_geometry,365,365,0,0
uct-test-a33,0,0.14382384958813854,0.07051044867360567,formal_curve_data_geometry,365,365,0,0
uct-test-a33,0,0.14669211139856353,0.06813757822428856,formal_curve_data_geometry,365,365,0,0
uct-test-a33,0,0.14956037320898852,0.06813757822428856,formal_curve_data_geometry,365,365,0,0
uct-test-a33,0,0.1524286350194135,0.06813757822428856,formal_curve_data_geometry,365,365,0,0
uct-test-a33,0,0.1552968968298386,0.06813757822428856,formal_curve_data_geometry,365,365,0,0
uct-test-a33,0,0.1581651586402636,0.06813757822428856,formal_curve_data_geometry,365,365,0,0
uct-test-a33,0,0.16103342045068858,0.06813757822428856,formal_curve_data_geometry,365,365,0,0
uct-test-a33,0,0.16390168226111357,0.06813757822428856,formal_curve_data_geometry,365,365,0,0
uct-test-a33,0,0.16676994407153856,0.06813757822428856,formal_curve_data_geometry,365,365,0,0
uct-test-a33,0,0.16963820588196354,0.06576470777497156,formal_curve_data_geometry,365,365,0,0
uct-test-a33,0,0.17250646769238853,0.06576470777497156,formal_curve_data_geometry,365,365,0,0
uct-test-a33,0,0.17537472950281352,0.06339183732565445,formal_curve_data_geometry,365,365,0,0
uct-test-a33,0,0.19545256217578855,0.061018966876337344,formal_curve_data_geometry,365,365,0,0
uct-test-a33,0,0.19832082398621353,0.061018966876337344,formal_curve_data_geometry,365,365,0,0
uct-test-a33,0,0.20118908579663852,0.061018966876337344,formal_curve_data_geometry,365,365,0,0
uct-test-a33,0,0.2040573476070635,0.061018966876337344,formal_curve_data_geometry,365,365,0,0
uct-test-a33,0,0.2069256094174885,0.061018966876337344,formal_curve_data_geometry,365,365,0,0
uct-test-a33,0,0.2097938712279135,0.061018966876337344,formal_curve_data_geometry,365,365,0,0
uct-test-a33,0,0.21266213303833847,0.061018966876337344,formal_curve_data_geometry,365,365,0,0
uct-test-a33,0,0.21553039484876346,0.061018966876337344,formal_curve_data_geometry,365,365,0,0
uct-test-a33,0,0.21839865665918845,0.061018966876337344,formal_curve_data_geometry,365,365,0,0
uct-test-a33,0,0.22126691846961344,0.061018966876337344,formal_curve_data_geometry,365,365,0,0
uct-test-a33,0,0.22413518028003843,0.061018966876337344,formal_curve_data_geometry,365,365,0,0
uct-test-a33,0,0.22700344209046341,0.061018966876337344,formal_curve_data_geometry,365,365,0,0
uct-test-a33,0,0.2298717039008884,0.061018966876337344,formal_curve_data_geometry,365,365,0,0
uct-test-a33,0,0.2327399657113134,0.061018966876337344,formal_curve_data_geometry,365,365,0,0
uct-test-a33,0,0.23560822752173838,0.05864609642702023,formal_curve_data_geometry,365,365,0,0
uct-test-a33,0,0.2556860601947134,0.061018966876337344,formal_curve_data_geometry,365,365,0,0
uct-test-a33,0,0.2585543220051384,0.061018966876337344,formal_curve_data_geometry,365,365,0,0
uct-test-a33,0,0.2614225838155634,0.061018966876337344,formal_curve_data_geometry,365,365,0,0
uct-test-a33,0,0.26429084562598837,0.061018966876337344,formal_curve_data_geometry,365,365,0,0
uct-test-a33,0,0.26715910743641336,0.061018966876337344,formal_curve_data_geometry,365,365,0,0
uct-test-a33,0,0.27002736924683834,0.061018966876337344,formal_curve_data_geometry,365,365,0,0
uct-test-a33,0,0.27289563105726333,0.061018966876337344,formal_curve_data_geometry,365,365,0,0
uct-test-a33,0,0.2757638928676883,0.06339183732565445,formal_curve_data_geometry,365,365,0,0
uct-test-a33,0,0.2786321546781134,0.06339183732565445,formal_curve_data_geometry,365,365,0,0
uct-test-a33,0,0.2815004164885384,0.06339183732565445,formal_curve_data_geometry,365,365,0,0
uct-test-a33,0,0.2843686782989634,0.06339183732565445,formal_curve_data_geometry,365,365,0,0
uct-test-a33,0,0.2872369401093884,0.06339183732565445,formal_curve_data_geometry,365,365,0,0
uct-test-a33,0,0.29010520191981337,0.06339183732565445,formal_curve_data_geometry,365,365,0,0
uct-test-a33,0,0.29297346373023836,0.06339183732565445,formal_curve_data_geometry,365,365,0,0
uct-test-a33,0,0.29584172554066335,0.06339183732565445,formal_curve_data_geometry,365,365,0,0
uct-test-a33,0,0.31591955821363826,0.06339183732565445,formal_curve_data_geometry,365,365,0,0
uct-test-a33,0,0.31878782002406336,0.06339183732565445,formal_curve_data_geometry,365,365,0,0
uct-test-a33,0,0.32165608183448835,0.06339183732565445,formal_curve_data_geometry,365,365,0,0
uct-test-a33,0,0.32452434364491334,0.06339183732565445,formal_curve_data_geometry,365,365,0,0
uct-test-a33,0,0.3273926054553383,0.06339183732565445,formal_curve_data_geometry,365,365,0,0
uct-test-a33,0,0.3302608672657633,0.06339183732565445,formal_curve_data_geometry,365,365,0,0
uct-test-a33,0,0.3331291290761883,0.06339183732565445,formal_curve_data_geometry,365,365,0,0
uct-test-a33,0,0.3359973908866133,0.06339183732565445,formal_curve_data_geometry,365,365,0,0
uct-test-a33,0,0.3388656526970383,0.06339183732565445,formal_curve_data_geometry,365,365,0,0
uct-test-a33,0,0.34173391450746327,0.06339183732565445,formal_curve_data_geometry,365,365,0,0
uct-test-a33,0,0.34460217631788825,0.06339183732565445,formal_curve_data_geometry,365,365,0,0
uct-test-a33,0,0.34747043812831324,0.06339183732565445,formal_curve_data_geometry,365,365,0,0
uct-test-a33,0,0.35033869993873823,0.06339183732565445,formal_curve_data_geometry,365,365,0,0
uct-test-a33,0,0.3532069617491632,0.06339183732565445,formal_curve_data_geometry,365,365,0,0
uct-test-a33,0,0.3560752235595882,0.06339183732565445,formal_curve_data_geometry,365,365,0,0
uct-test-a33,0,0.3790213180429882,0.06339183732565445,formal_curve_data_geometry,365,365,0,0
uct-test-a33,0,0.3818895798534132,0.06339183732565445,formal_curve_data_geometry,365,365,0,0
uct-test-a33,0,0.3847578416638382,0.06576470777497156,formal_curve_data_geometry,365,365,0,0
uct-test-a33,0,0.3876261034742632,0.06576470777497156,formal_curve_data_geometry,365,365,0,0
uct-test-a33,0,0.39049436528468817,0.06576470777497156,formal_curve_data_geometry,365,365,0,0
uct-test-a33,0,0.39336262709511316,0.06576470777497156,formal_curve_data_geometry,365,365,0,0
uct-test-a33,0,0.39623088890553815,0.06576470777497156,formal_curve_data_geometry,365,365,0,0
uct-test-a33,0,0.39909915071596314,0.06576470777497156,formal_curve_data_geometry,365,365,0,0
uct-test-a33,0,0.40196741252638823,0.06576470777497156,formal_curve_data_geometry,365,365,0,0
uct-test-a33,0,0.4048356743368132,0.06576470777497156,formal_curve_data_geometry,365,365,0,0
uct-test-a33,0,0.4077039361472382,0.06576470777497156,formal_curve_data_geometry,365,365,0,0
uct-test-a33,0,0.4105721979576632,0.06576470777497156,formal_curve_data_geometry,365,365,0,0
uct-test-a33,0,0.4134404597680882,0.06576470777497156,formal_curve_data_geometry,365,365,0,0
uct-test-a33,0,0.4163087215785132,0.06576470777497156,formal_curve_data_geometry,365,365,0,0
uct-test-a33,0,0.41917698338893816,0.06576470777497156,formal_curve_data_geometry,365,365,0,0
uct-test-a33,0,0.4392548160619131,0.06576470777497156,formal_curve_data_geometry,365,365,0,0
uct-test-a33,0,0.4421230778723382,0.06576470777497156,formal_curve_data_geometry,365,365,0,0
uct-test-a33,0,0.44499133968276317,0.06576470777497156,formal_curve_data_geometry,365,365,0,0
uct-test-a33,0,0.44785960149318815,0.06576470777497156,formal_curve_data_geometry,365,365,0,0
uct-test-a33,0,0.45072786330361314,0.06576470777497156,formal_curve_data_geometry,365,365,0,0
uct-test-a33,0,0.45359612511403813,0.06576470777497156,formal_curve_data_geometry,365,365,0,0
uct-test-a33,0,0.4564643869244631,0.06813757822428856,formal_curve_data_geometry,365,365,0,0
uct-test-a33,0,0.4593326487348881,0.06576470777497156,formal_curve_data_geometry,365,365,0,0
uct-test-a33,0,0.4622009105453131,0.06576470777497156,formal_curve_data_geometry,365,365,0,0
uct-test-a33,0,0.4650691723557381,0.06576470777497156,formal_curve_data_geometry,365,365,0,0
uct-test-a33,0,0.46793743416616307,0.06576470777497156,formal_curve_data_geometry,365,365,0,0
uct-test-a33,0,0.47080569597658806,0.06576470777497156,formal_curve_data_geometry,365,365,0,0
uct-test-a33,0,0.47367395778701304,0.06576470777497156,formal_curve_data_geometry,365,365,0,0
uct-test-a33,0,0.47654221959743803,0.06576470777497156,formal_curve_data_geometry,365,365,0,0
uct-test-a33,0,0.479410481407863,0.06576470777497156,formal_curve_data_geometry,365,365,0,0
uct-test-a33,0,0.49948831408083805,0.06813757822428856,formal_curve_data_geometry,365,365,0,0
uct-test-a33,0,0.502356575891263,0.07051044867360567,formal_curve_data_geometry,365,365,0,0
uct-test-a33,0,0.505224837701688,0.06813757822428856,formal_curve_data_geometry,365,365,0,0
uct-test-a33,0,0.508093099512113,0.06813757822428856,formal_curve_data_geometry,365,365,0,0
uct-test-a33,0,0.510961361322538,0.06813757822428856,formal_curve_data_geometry,365,365,0,0
uct-test-a33,0,0.513829623132963,0.06813757822428856,formal_curve_data_geometry,365,365,0,0
uct-test-a33,0,0.516697884943388,0.06813757822428856,formal_curve_data_geometry,365,365,0,0
uct-test-a33,0,0.519566146753813,0.06813757822428856,formal_curve_data_geometry,365,365,0,0
uct-test-a33,0,0.5224344085642381,0.06813757822428856,formal_curve_data_geometry,365,365,0,0
uct-test-a33,0,0.525302670374663,0.06813757822428856,formal_curve_data_geometry,365,365,0,0
uct-test-a33,0,0.528170932185088,0.06813757822428856,formal_curve_data_geometry,365,365,0,0
uct-test-a33,0,0.531039193995513,0.06813757822428856,formal_curve_data_geometry,365,365,0,0
uct-test-a33,0,0.533907455805938,0.06813757822428856,formal_curve_data_geometry,365,365,0,0
uct-test-a33,0,0.536775717616363,0.07051044867360567,formal_curve_data_geometry,365,365,0,0
uct-test-a33,0,0.539643979426788,0.07051044867360567,formal_curve_data_geometry,365,365,0,0
uct-test-a33,0,0.5625900739101879,0.07051044867360567,formal_curve_data_geometry,365,365,0,0
uct-test-a33,0,0.565458335720613,0.07051044867360567,formal_curve_data_geometry,365,365,0,0
uct-test-a33,0,0.568326597531038,0.07051044867360567,formal_curve_data_geometry,365,365,0,0
uct-test-a33,0,0.571194859341463,0.07051044867360567,formal_curve_data_geometry,365,365,0,0
uct-test-a33,0,0.574063121151888,0.07051044867360567,formal_curve_data_geometry,365,365,0,0
uct-test-a33,0,0.5769313829623129,0.07288331912292279,formal_curve_data_geometry,365,365,0,0
uct-test-a33,0,0.5797996447727379,0.07288331912292279,formal_curve_data_geometry,365,365,0,0
uct-test-a33,0,0.5826679065831629,0.07288331912292279,formal_curve_data_geometry,365,365,0,0
uct-test-a33,0,0.5855361683935879,0.07288331912292279,formal_curve_data_geometry,365,365,0,0
uct-test-a33,0,0.5884044302040129,0.07288331912292279,formal_curve_data_geometry,365,365,0,0
uct-test-a33,0,0.5912726920144379,0.07288331912292279,formal_curve_data_geometry,365,365,0,0
uct-test-a33,0,0.5941409538248629,0.07288331912292279,formal_curve_data_geometry,365,365,0,0
uct-test-a33,0,0.5970092156352879,0.07288331912292279,formal_curve_data_geometry,365,365,0,0
uct-test-a33,0,0.5998774774457128,0.07288331912292279,formal_curve_data_geometry,365,365,0,0
uct-test-a33,0,0.6027457392561378,0.07288331912292279,formal_curve_data_geometry,365,365,0,0
uct-test-a33,0,0.6228235719291129,0.0752561895722399,formal_curve_data_geometry,365,365,0,0
uct-test-a33,0,0.6256918337395379,0.0752561895722399,formal_curve_data_geometry,365,365,0,0
uct-test-a33,0,0.6285600955499628,0.0752561895722399,formal_curve_data_geometry,365,365,0,0
uct-test-a33,0,0.6314283573603878,0.0752561895722399,formal_curve_data_geometry,365,365,0,0
uct-test-a33,0,0.6342966191708128,0.0752561895722399,formal_curve_data_geometry,365,365,0,0
uct-test-a33,0,0.6371648809812378,0.0752561895722399,formal_curve_data_geometry,365,365,0,0
uct-test-a33,0,0.6400331427916628,0.0752561895722399,formal_curve_data_geometry,365,365,0,0
uct-test-a33,0,0.6429014046020878,0.0752561895722399,formal_curve_data_geometry,365,365,0,0
uct-test-a33,0,0.6457696664125128,0.0752561895722399,formal_curve_data_geometry,365,365,0,0
uct-test-a33,0,0.6486379282229378,0.0752561895722399,formal_curve_data_geometry,365,365,0,0
uct-test-a33,0,0.6515061900333627,0.0752561895722399,formal_curve_data_geometry,365,365,0,0
uct-test-a33,0,0.6543744518437877,0.0752561895722399,formal_curve_data_geometry,365,365,0,0
uct-test-a33,0,0.6572427136542127,0.077629060021557,formal_curve_data_geometry,365,365,0,0
uct-test-a33,0,0.6601109754646377,0.0752561895722399,formal_curve_data_geometry,365,365,0,0
uct-test-a33,0,0.6629792372750627,0.0752561895722399,formal_curve_data_geometry,365,365,0,0
uct-test-a33,0,0.6830570699480378,0.08000193047087412,formal_curve_data_geometry,365,365,0,0
uct-test-a33,0,0.6859253317584628,0.08000193047087412,formal_curve_data_geometry,365,365,0,0
uct-test-a33,0,0.6887935935688878,0.08000193047087412,formal_curve_data_geometry,365,365,0,0
uct-test-a33,0,0.6916618553793128,0.08000193047087412,formal_curve_data_geometry,365,365,0,0
uct-test-a33,0,0.6945301171897378,0.08000193047087412,formal_curve_data_geometry,365,365,0,0
uct-test-a33,0,0.6973983790001628,0.08000193047087412,formal_curve_data_geometry,365,365,0,0
uct-test-a33,0,0.7002666408105878,0.08000193047087412,formal_curve_data_geometry,365,365,0,0
uct-test-a33,0,0.7031349026210127,0.08000193047087412,formal_curve_data_geometry,365,365,0,0
uct-test-a33,0,0.7060031644314377,0.08000193047087412,formal_curve_data_geometry,365,365,0,0
uct-test-a33,0,0.7088714262418627,0.08000193047087412,formal_curve_data_geometry,365,365,0,0
uct-test-a33,0,0.7117396880522877,0.08000193047087412,formal_curve_data_geometry,365,365,0,0
uct-test-a33,0,0.7146079498627127,0.08000193047087412,formal_curve_data_geometry,365,365,0,0
uct-test-a33,0,0.7174762116731377,0.08000193047087412,formal_curve_data_geometry,365,365,0,0
uct-test-a33,0,0.7203444734835627,0.08000193047087412,formal_curve_data_geometry,365,365,0,0
uct-test-a33,0,0.7232127352939877,0.08000193047087412,formal_curve_data_geometry,365,365,0,0
uct-test-a33,0,0.7432905679669626,0.08949341226814245,formal_curve_data_geometry,365,365,0,0
uct-test-a33,0,0.7461588297773878,0.08712054181882534,formal_curve_data_geometry,365,365,0,0
uct-test-a33,0,0.7490270915878128,0.08712054181882534,formal_curve_data_geometry,365,365,0,0
uct-test-a33,0,0.7518953533982378,0.08712054181882534,formal_curve_data_geometry,365,365,0,0
uct-test-a33,0,0.7547636152086628,0.08712054181882534,formal_curve_data_geometry,365,365,0,0
uct-test-a33,0,0.7576318770190877,0.08712054181882534,formal_curve_data_geometry,365,365,0,0
uct-test-a33,0,0.7605001388295127,0.08712054181882534,formal_curve_data_geometry,365,365,0,0
uct-test-a33,0,0.7633684006399377,0.08712054181882534,formal_curve_data_geometry,365,365,0,0
uct-test-a33,0,0.7662366624503627,0.08712054181882534,formal_curve_data_geometry,365,365,0,0
uct-test-a33,0,0.7691049242607877,0.08712054181882534,formal_curve_data_geometry,365,365,0,0
uct-test-a33,0,0.7719731860712127,0.08712054181882534,formal_curve_data_geometry,365,365,0,0
uct-test-a33,0,0.7748414478816377,0.08712054181882534,formal_curve_data_geometry,365,365,0,0
uct-test-a33,0,0.7777097096920627,0.08712054181882534,formal_curve_data_geometry,365,365,0,0
uct-test-a33,0,0.7805779715024876,0.08712054181882534,formal_curve_data_geometry,365,365,0,0
uct-test-a33,0,0.7834462333129126,0.08712054181882534,formal_curve_data_geometry,365,365,0,0
uct-test-a33,0,0.8035240659858875,0.08237480092019123,formal_curve_data_geometry,365,365,0,0
uct-test-a33,0,0.8063923277963125,0.08237480092019123,formal_curve_data_geometry,365,365,0,0
uct-test-a33,0,0.8092605896067375,0.08237480092019123,formal_curve_data_geometry,365,365,0,0
uct-test-a33,0,0.8121288514171625,0.08237480092019123,formal_curve_data_geometry,365,365,0,0
uct-test-a33,0,0.8149971132275875,0.08237480092019123,formal_curve_data_geometry,365,365,0,0
uct-test-a33,0,0.8178653750380125,0.08237480092019123,formal_curve_data_geometry,365,365,0,0
uct-test-a33,0,0.8207336368484375,0.08000193047087412,formal_curve_data_geometry,365,365,0,0
uct-test-a33,0,0.8236018986588625,0.08000193047087412,formal_curve_data_geometry,365,365,0,0
uct-test-a33,0,0.8264701604692875,0.08000193047087412,formal_curve_data_geometry,365,365,0,0
uct-test-a33,0,0.8293384222797127,0.08237480092019123,formal_curve_data_geometry,365,365,0,0
uct-test-a33,0,0.8322066840901376,0.08000193047087412,formal_curve_data_geometry,365,365,0,0
uct-test-a33,0,0.8350749459005626,0.08000193047087412,formal_curve_data_geometry,365,365,0,0
uct-test-a33,0,0.8379432077109876,0.08000193047087412,formal_curve_data_geometry,365,365,0,0
uct-test-a33,0,0.8408114695214126,0.08000193047087412,formal_curve_data_geometry,365,365,0,0
uct-test-a33,0,0.8436797313318376,0.08000193047087412,formal_curve_data_geometry,365,365,0,0
uct-test-a33,0,0.8637575640048125,0.08000193047087412,formal_curve_data_geometry,365,365,0,0
uct-test-a33,0,0.8666258258152375,0.08000193047087412,formal_curve_data_geometry,365,365,0,0
uct-test-a33,0,0.8694940876256625,0.08000193047087412,formal_curve_data_geometry,365,365,0,0
uct-test-a33,0,0.8723623494360875,0.08000193047087412,formal_curve_data_geometry,365,365,0,0
uct-test-a33,0,0.8752306112465125,0.08237480092019123,formal_curve_data_geometry,365,365,0,0
uct-test-a33,0,0.8780988730569375,0.08237480092019123,formal_curve_data_geometry,365,365,0,0
uct-test-a33,0,0.8809671348673624,0.08237480092019123,formal_curve_data_geometry,365,365,0,0
uct-test-a33,0,0.8838353966777874,0.08237480092019123,formal_curve_data_geometry,365,365,0,0
uct-test-a33,0,0.8867036584882124,0.08237480092019123,formal_curve_data_geometry,365,365,0,0
uct-test-a33,0,0.8895719202986374,0.08237480092019123,formal_curve_data_geometry,365,365,0,0
uct-test-a33,0,0.8924401821090624,0.08237480092019123,formal_curve_data_geometry,365,365,0,0
uct-test-a33,0,0.8953084439194874,0.08237480092019123,formal_curve_data_geometry,365,365,0,0
uct-test-a33,0,0.8981767057299124,0.08237480092019123,formal_curve_data_geometry,365,365,0,0
uct-test-a33,0,0.9010449675403374,0.08237480092019123,formal_curve_data_geometry,365,365,0,0
uct-test-a33,0,0.9039132293507623,0.08237480092019123,formal_curve_data_geometry,365,365,0,0
uct-test-a33,0,0.9268593238341625,0.08000193047087412,formal_curve_data_geometry,365,365,0,0
uct-test-a33,0,0.9297275856445875,0.08237480092019123,formal_curve_data_geometry,365,365,0,0
uct-test-a33,0,0.9325958474550124,0.08237480092019123,formal_curve_data_geometry,365,365,0,0
uct-test-a33,0,0.9354641092654374,0.08237480092019123,formal_curve_data_geometry,365,365,0,0
uct-test-a33,0,0.9383323710758624,0.08237480092019123,formal_curve_data_geometry,365,365,0,0
uct-test-a33,0,0.9412006328862874,0.08237480092019123,formal_curve_data_geometry,365,365,0,0
uct-test-a33,0,0.9440688946967124,0.08000193047087412,formal_curve_data_geometry,365,365,0,0
uct-test-a33,0,0.9469371565071374,0.08000193047087412,formal_curve_data_geometry,365,365,0,0
uct-test-a33,0,0.9498054183175624,0.08000193047087412,formal_curve_data_geometry,365,365,0,0
uct-test-a33,0,0.9526736801279874,0.08237480092019123,formal_curve_data_geometry,365,365,0,0
uct-test-a33,0,0.9555419419384124,0.08237480092019123,formal_curve_data_geometry,365,365,0,0
uct-test-a33,0,0.9584102037488373,0.08237480092019123,formal_curve_data_geometry,365,365,0,0
uct-test-a33,0,0.9612784655592623,0.08237480092019123,formal_curve_data_geometry,365,365,0,0
uct-test-a33,0,0.9641467273696873,0.08000193047087412,formal_curve_data_geometry,365,365,0,0
uct-test-a33,0,0.9870928218530872,0.077629060021557,formal_curve_data_geometry,365,365,0,0
uct-test-a33,0,0.9899610836635122,0.077629060021557,formal_curve_data_geometry,365,365,0,0
uct-test-a33,0,0.9928293454739374,0.077629060021557,formal_curve_data_geometry,365,365,0,0
uct-test-a33,0,0.9956976072843624,0.077629060021557,formal_curve_data_geometry,365,365,0,0
uct-test-a33,0,0.9985658690947874,0.077629060021557,formal_curve_data_geometry,365,365,0,0
uct-test-a33,0,1.0014341309052124,0.08000193047087412,formal_curve_data_geometry,365,365,0,0
uct-test-a33,0,1.0043023927156374,0.08000193047087412,formal_curve_data_geometry,365,365,0,0
uct-test-a33,0,1.0071706545260624,0.08000193047087412,formal_curve_data_geometry,365,365,0,0
uct-test-a33,0,1.0100389163364873,0.08000193047087412,formal_curve_data_geometry,365,365,0,0
uct-test-a33,0,1.0129071781469123,0.08000193047087412,formal_curve_data_geometry,365,365,0,0
uct-test-a33,0,1.0157754399573373,0.077629060021557,formal_curve_data_geometry,365,365,0,0
uct-test-a33,0,1.0186437017677623,0.077629060021557,formal_curve_data_geometry,365,365,0,0
uct-test-a33,0,1.0215119635781873,0.077629060021557,formal_curve_data_geometry,365,365,0,0
uct-test-a33,0,1.0243802253886123,0.077629060021557,formal_curve_data_geometry,365,365,0,0
uct-test-a33,0,1.0272484871990373,0.077629060021557,formal_curve_data_geometry,365,365,0,0
uct-test-a33,0,1.0473263198720122,0.077629060021557,formal_curve_data_geometry,365,365,0,0
uct-test-a33,0,1.0501945816824372,0.077629060021557,formal_curve_data_geometry,365,365,0,0
uct-test-a33,0,1.0530628434928622,0.077629060021557,formal_curve_data_geometry,365,365,0,0
uct-test-a33,0,1.0559311053032872,0.0752561895722399,formal_curve_data_geometry,365,365,0,0
uct-test-a33,0,1.0587993671137121,0.0752561895722399,formal_curve_data_geometry,365,365,0,0
uct-test-a33,0,1.0616676289241371,0.0752561895722399,formal_curve_data_geometry,365,365,0,0
uct-test-a33,0,1.0645358907345621,0.0752561895722399,formal_curve_data_geometry,365,365,0,0
uct-test-a33,0,1.067404152544987,0.07288331912292279,formal_curve_data_geometry,365,365,0,0
uct-test-a33,0,1.070272414355412,0.0752561895722399,formal_curve_data_geometry,365,365,0,0
uct-test-a33,0,1.0731406761658373,0.0752561895722399,formal_curve_data_geometry,365,365,0,0
uct-test-a33,0,1.0760089379762623,0.0752561895722399,formal_curve_data_geometry,365,365,0,0
uct-test-a33,0,1.0788771997866873,0.07288331912292279,formal_curve_data_geometry,365,365,0,0
uct-test-a33,0,1.0817454615971123,0.07288331912292279,formal_curve_data_geometry,365,365,0,0
uct-test-a33,0,1.0846137234075373,0.07288331912292279,formal_curve_data_geometry,365,365,0,0
uct-test-a33,0,1.0874819852179622,0.07288331912292279,formal_curve_data_geometry,365,365,0,0
uct-test-a33,0,1.1104280797013621,0.07288331912292279,formal_curve_data_geometry,365,365,0,0
uct-test-a33,0,1.1132963415117871,0.07288331912292279,formal_curve_data_geometry,365,365,0,0
uct-test-a33,0,1.1161646033222121,0.07288331912292279,formal_curve_data_geometry,365,365,0,0
uct-test-a33,0,1.1190328651326371,0.07051044867360567,formal_curve_data_geometry,365,365,0,0
uct-test-a33,0,1.121901126943062,0.07051044867360567,formal_curve_data_geometry,365,365,0,0
uct-test-a33,0,1.124769388753487,0.07051044867360567,formal_curve_data_geometry,365,365,0,0
uct-test-a33,0,1.127637650563912,0.07051044867360567,formal_curve_data_geometry,365,365,0,0
uct-test-a33,0,1.130505912374337,0.07051044867360567,formal_curve_data_geometry,365,365,0,0
uct-test-a33,0,1.133374174184762,0.07051044867360567,formal_curve_data_geometry,365,365,0,0
uct-test-a33,0,1.136242435995187,0.07051044867360567,formal_curve_data_geometry,365,365,0,0
uct-test-a33,0,1.139110697805612,0.07051044867360567,formal_curve_data_geometry,365,365,0,0
uct-test-a33,0,1.141978959616037,0.07051044867360567,formal_curve_data_geometry,365,365,0,0
uct-test-a33,0,1.144847221426462,0.07051044867360567,formal_curve_data_geometry,365,365,0,0
uct-test-a33,0,1.147715483236887,0.07051044867360567,formal_curve_data_geometry,365,365,0,0
uct-test-a33,0,1.1706615777202871,0.07051044867360567,formal_curve_data_geometry,365,365,0,0
uct-test-a33,0,1.173529839530712,0.07051044867360567,formal_curve_data_geometry,365,365,0,0
uct-test-a33,0,1.176398101341137,0.07051044867360567,formal_curve_data_geometry,365,365,0,0
uct-test-a33,0,1.179266363151562,0.07051044867360567,formal_curve_data_geometry,365,365,0,0
uct-test-a33,0,1.182134624961987,0.07051044867360567,formal_curve_data_geometry,365,365,0,0
uct-test-a33,0,1.185002886772412,0.07051044867360567,formal_curve_data_geometry,365,365,0,0
uct-test-a33,0,1.187871148582837,0.07051044867360567,formal_curve_data_geometry,365,365,0,0
uct-test-a33,0,1.190739410393262,0.07051044867360567,formal_curve_data_geometry,365,365,0,0
uct-test-a33,0,1.193607672203687,0.07051044867360567,formal_curve_data_geometry,365,365,0,0
uct-test-a33,0,1.196475934014112,0.07051044867360567,formal_curve_data_geometry,365,365,0,0
uct-test-a33,0,1.199344195824537,0.06813757822428856,formal_curve_data_geometry,365,365,0,0
uct-test-a33,0,1.202212457634962,0.06813757822428856,formal_curve_data_geometry,365,365,0,0
uct-test-a33,0,1.205080719445387,0.06813757822428856,formal_curve_data_geometry,365,365,0,0
uct-test-a33,0,1.207948981255812,0.06813757822428856,formal_curve_data_geometry,365,365,0,0
uct-test-a33,0,1.210817243066237,0.06813757822428856,formal_curve_data_geometry,365,365,0,0
uct-test-a33,0,1.2308950757392119,0.06813757822428856,formal_curve_data_geometry,365,365,0,0
uct-test-a33,0,1.2337633375496369,0.06813757822428856,formal_curve_data_geometry,365,365,0,0
uct-test-a33,0,1.236631599360062,0.07051044867360567,formal_curve_data_geometry,365,365,0,0
uct-test-a33,0,1.239499861170487,0.07051044867360567,formal_curve_data_geometry,365,365,0,0
uct-test-a33,0,1.242368122980912,0.07051044867360567,formal_curve_data_geometry,365,365,0,0
uct-test-a33,0,1.245236384791337,0.07051044867360567,formal_curve_data_geometry,365,365,0,0
uct-test-a33,0,1.248104646601762,0.07051044867360567,formal_curve_data_geometry,365,365,0,0
uct-test-a33,0,1.250972908412187,0.06813757822428856,formal_curve_data_geometry,365,365,0,0
uct-test-a33,0,1.253841170222612,0.06813757822428856,formal_curve_data_geometry,365,365,0,0
uct-test-a33,0,1.256709432033037,0.06813757822428856,formal_curve_data_geometry,365,365,0,0
uct-test-a33,0,1.259577693843462,0.06813757822428856,formal_curve_data_geometry,365,365,0,0
uct-test-a33,0,1.262445955653887,0.06813757822428856,formal_curve_data_geometry,365,365,0,0
uct-test-a33,0,1.265314217464312,0.06813757822428856,formal_curve_data_geometry,365,365,0,0
uct-test-a33,0,1.268182479274737,0.06813757822428856,formal_curve_data_geometry,365,365,0,0
uct-test-a33,0,1.271050741085162,0.06813757822428856,formal_curve_data_geometry,365,365,0,0
uct-test-a33,0,1.2911285737581368,0.06813757822428856,formal_curve_data_geometry,365,365,0,0
uct-test-a33,0,1.2939968355685618,0.06813757822428856,formal_curve_data_geometry,365,365,0,0
uct-test-a33,0,1.2968650973789868,0.06813757822428856,formal_curve_data_geometry,365,365,0,0
uct-test-a33,0,1.2997333591894118,0.06813757822428856,formal_curve_data_geometry,365,365,0,0
uct-test-a33,0,1.3026016209998368,0.07051044867360567,formal_curve_data_geometry,365,365,0,0
uct-test-a33,0,1.3054698828102618,0.07051044867360567,formal_curve_data_geometry,365,365,0,0
uct-test-a33,0,1.3083381446206868,0.06813757822428856,formal_curve_data_geometry,365,365,0,0
uct-test-a33,0,1.3112064064311117,0.06813757822428856,formal_curve_data_geometry,365,365,0,0
uct-test-a33,0,1.3140746682415367,0.06813757822428856,formal_curve_data_geometry,365,365,0,0
uct-test-a33,0,1.3169429300519617,0.06813757822428856,formal_curve_data_geometry,365,365,0,0
uct-test-a33,0,1.319811191862387,0.06813757822428856,formal_curve_data_geometry,365,365,0,0
uct-test-a33,0,1.322679453672812,0.06813757822428856,formal_curve_data_geometry,365,365,0,0
uct-test-a33,0,1.325547715483237,0.06813757822428856,formal_curve_data_geometry,365,365,0,0
uct-test-a33,0,1.328415977293662,0.06813757822428856,formal_curve_data_geometry,365,365,0,0
uct-test-a33,0,1.3312842391040869,0.06813757822428856,formal_curve_data_geometry,365,365,0,0
uct-test-a33,0,1.3542303335874868,0.06813757822428856,formal_curve_data_geometry,365,365,0,0
uct-test-a33,0,1.3570985953979118,0.06813757822428856,formal_curve_data_geometry,365,365,0,0
uct-test-a33,0,1.3599668572083368,0.06813757822428856,formal_curve_data_geometry,365,365,0,0
uct-test-a33,0,1.3628351190187618,0.06813757822428856,formal_curve_data_geometry,365,365,0,0
uct-test-a33,0,1.3657033808291867,0.06813757822428856,formal_curve_data_geometry,365,365,0,0
uct-test-a33,0,1.3685716426396117,0.06813757822428856,formal_curve_data_geometry,365,365,0,0
uct-test-a33,0,1.3714399044500367,0.06813757822428856,formal_curve_data_geometry,365,365,0,0
uct-test-a33,0,1.3743081662604617,0.06813757822428856,formal_curve_data_geometry,365,365,0,0
uct-test-a33,0,1.3771764280708867,0.06813757822428856,formal_curve_data_geometry,365,365,0,0
uct-test-a33,0,1.3800446898813117,0.06813757822428856,formal_curve_data_geometry,365,365,0,0
uct-test-a33,0,1.3829129516917367,0.06813757822428856,formal_curve_data_geometry,365,365,0,0
uct-test-a33,0,1.3857812135021617,0.06813757822428856,formal_curve_data_geometry,365,365,0,0
uct-test-a33,0,1.3886494753125866,0.06813757822428856,formal_curve_data_geometry,365,365,0,0
uct-test-a33,0,1.3915177371230116,0.06813757822428856,formal_curve_data_geometry,365,365,0,0
uct-test-a33,0,1.3943859989334366,0.06576470777497156,formal_curve_data_geometry,365,365,0,0
uct-test-a33,0,1.4144638316064118,0.06813757822428856,formal_curve_data_geometry,365,365,0,0
uct-test-a33,0,1.4173320934168367,0.06813757822428856,formal_curve_data_geometry,365,365,0,0
uct-test-a33,0,1.4202003552272617,0.06813757822428856,formal_curve_data_geometry,365,365,0,0
uct-test-a33,0,1.4230686170376867,0.06813757822428856,formal_curve_data_geometry,365,365,0,0
uct-test-a33,0,1.4259368788481117,0.06813757822428856,formal_curve_data_geometry,365,365,0,0
uct-test-a33,0,1.4288051406585367,0.06813757822428856,formal_curve_data_geometry,365,365,0,0
uct-test-a33,0,1.4316734024689617,0.07051044867360567,formal_curve_data_geometry,365,365,0,0
uct-test-a33,0,1.4345416642793867,0.07051044867360567,formal_curve_data_geometry,365,365,0,0
uct-test-a33,0,1.4374099260898117,0.07051044867360567,formal_curve_data_geometry,365,365,0,0
uct-test-a33,0,1.4402781879002367,0.07051044867360567,formal_curve_data_geometry,365,365,0,0
uct-test-a33,0,1.4431464497106616,0.07051044867360567,formal_curve_data_geometry,365,365,0,0
uct-test-a33,0,1.4460147115210866,0.07051044867360567,formal_curve_data_geometry,365,365,0,0
uct-test-a33,0,1.4488829733315116,0.07051044867360567,formal_curve_data_geometry,365,365,0,0
uct-test-a33,0,1.4517512351419366,0.07051044867360567,formal_curve_data_geometry,365,365,0,0
uct-test-a33,0,1.4546194969523616,0.07051044867360567,formal_curve_data_geometry,365,365,0,0
uct-test-a33,0,1.4746973296253365,0.077629060021557,formal_curve_data_geometry,365,365,0,0
uct-test-a33,0,1.4775655914357615,0.077629060021557,formal_curve_data_geometry,365,365,0,0
uct-test-a33,0,1.4804338532461865,0.077629060021557,formal_curve_data_geometry,365,365,0,0
uct-test-a33,0,1.4833021150566117,0.077629060021557,formal_curve_data_geometry,365,365,0,0
uct-test-a33,0,1.4861703768670367,0.077629060021557,formal_curve_data_geometry,365,365,0,0
uct-test-a33,0,1.4890386386774617,0.08000193047087412,formal_curve_data_geometry,365,365,0,0
uct-test-a33,0,1.4919069004878867,0.08000193047087412,formal_curve_data_geometry,365,365,0,0
uct-test-a33,0,1.4947751622983116,0.08000193047087412,formal_curve_data_geometry,365,365,0,0
uct-test-a33,0,1.4976434241087366,0.08000193047087412,formal_curve_data_geometry,365,365,0,0
uct-test-a33,0,1.5005116859191616,0.08000193047087412,formal_curve_data_geometry,365,365,0,0
uct-test-a33,0,1.5033799477295866,0.08000193047087412,formal_curve_data_geometry,365,365,0,0
uct-test-a33,0,1.5062482095400116,0.08237480092019123,formal_curve_data_geometry,365,365,0,0
uct-test-a33,0,1.5091164713504366,0.08237480092019123,formal_curve_data_geometry,365,365,0,0
uct-test-a33,0,1.5119847331608616,0.08237480092019123,formal_curve_data_geometry,365,365,0,0
uct-test-a33,0,1.5148529949712866,0.08237480092019123,formal_curve_data_geometry,365,365,0,0
uct-test-a33,0,1.5349308276442615,0.08949341226814245,formal_curve_data_geometry,365,365,0,0
uct-test-a33,0,1.5377990894546865,0.08949341226814245,formal_curve_data_geometry,365,365,0,0
uct-test-a33,0,1.5406673512651115,0.08712054181882534,formal_curve_data_geometry,365,365,0,0
uct-test-a33,0,1.5435356130755364,0.08949341226814245,formal_curve_data_geometry,365,365,0,0
uct-test-a33,0,1.5464038748859614,0.08949341226814245,formal_curve_data_geometry,365,365,0,0
uct-test-a33,0,1.5492721366963864,0.08949341226814245,formal_curve_data_geometry,365,365,0,0
uct-test-a33,0,1.5521403985068114,0.08712054181882534,formal_curve_data_geometry,365,365,0,0
